{"event": "hyperparameters_configured", "timestamp": 1769148552.156089, "block_size": 128, "batch_size": 64, "vocab_size": 16000, "n_layer": 6, "n_head": 8, "d_model": 512, "dropout": 0, "lr": 0.0003, "weight_decay": 0.1, "evals_per_epoch": 3, "epochs": 7, "seed": 1337, "num_titles": 100000, "val_frac": 0.1, "log_file": "./logs/mainrun.log"}
{"event": "device_info", "timestamp": 1769148552.1735625, "device": "cuda"}
{"event": "dataset_info", "timestamp": 1769148562.7648656, "titles_count": 90000, "epochs": 7, "batches_per_epoch": 134, "tokens_per_epoch": 1102455, "vocab_size": 16000}
{"event": "model_info", "timestamp": 1769148563.077554, "parameters_count": 27172864}
{"event": "training_step", "timestamp": 1769148563.6651075, "step": 1, "max_steps": 938, "loss": 9.783648490905762, "elapsed_time": 0.16226458549499512, "prnt": false}
{"event": "validation_step", "timestamp": 1769148563.8960404, "step": 1, "max_steps": 938, "loss": 2.1024220323145832, "elapsed_time": 0.16226458549499512}
{"event": "training_step", "timestamp": 1769148563.9448855, "step": 2, "max_steps": 938, "loss": 9.782814979553223, "elapsed_time": 0.3996443748474121, "prnt": false}
{"event": "training_step", "timestamp": 1769148563.993497, "step": 3, "max_steps": 938, "loss": 9.73458480834961, "elapsed_time": 0.44780874252319336, "prnt": false}
{"event": "training_step", "timestamp": 1769148564.0420902, "step": 4, "max_steps": 938, "loss": 9.659417152404785, "elapsed_time": 0.49615931510925293, "prnt": false}
{"event": "training_step", "timestamp": 1769148564.0907514, "step": 5, "max_steps": 938, "loss": 9.563027381896973, "elapsed_time": 0.5449056625366211, "prnt": false}
{"event": "training_step", "timestamp": 1769148564.1393206, "step": 6, "max_steps": 938, "loss": 9.408536911010742, "elapsed_time": 0.5935077667236328, "prnt": false}
{"event": "training_step", "timestamp": 1769148564.1880074, "step": 7, "max_steps": 938, "loss": 9.295382499694824, "elapsed_time": 0.6424469947814941, "prnt": false}
{"event": "training_step", "timestamp": 1769148564.236602, "step": 8, "max_steps": 938, "loss": 9.193389892578125, "elapsed_time": 0.6907777786254883, "prnt": false}
{"event": "training_step", "timestamp": 1769148564.285116, "step": 9, "max_steps": 938, "loss": 9.111955642700195, "elapsed_time": 0.7394022941589355, "prnt": false}
{"event": "training_step", "timestamp": 1769148564.3335996, "step": 10, "max_steps": 938, "loss": 9.029808044433594, "elapsed_time": 0.7879195213317871, "prnt": false}
{"event": "training_step", "timestamp": 1769148564.3821995, "step": 11, "max_steps": 938, "loss": 9.000916481018066, "elapsed_time": 0.8366577625274658, "prnt": false}
{"event": "training_step", "timestamp": 1769148564.430706, "step": 12, "max_steps": 938, "loss": 8.929309844970703, "elapsed_time": 0.8851640224456787, "prnt": false}
{"event": "training_step", "timestamp": 1769148564.4791567, "step": 13, "max_steps": 938, "loss": 8.88430118560791, "elapsed_time": 0.933469295501709, "prnt": false}
{"event": "training_step", "timestamp": 1769148564.527703, "step": 14, "max_steps": 938, "loss": 8.828715324401855, "elapsed_time": 0.9819724559783936, "prnt": false}
{"event": "training_step", "timestamp": 1769148564.5762348, "step": 15, "max_steps": 938, "loss": 8.786489486694336, "elapsed_time": 1.030620813369751, "prnt": false}
{"event": "training_step", "timestamp": 1769148564.6246905, "step": 16, "max_steps": 938, "loss": 8.774523735046387, "elapsed_time": 1.0790326595306396, "prnt": false}
{"event": "training_step", "timestamp": 1769148564.6732597, "step": 17, "max_steps": 938, "loss": 8.712769508361816, "elapsed_time": 1.1274666786193848, "prnt": false}
{"event": "training_step", "timestamp": 1769148564.7216787, "step": 18, "max_steps": 938, "loss": 8.701284408569336, "elapsed_time": 1.1759965419769287, "prnt": false}
{"event": "training_step", "timestamp": 1769148564.7701125, "step": 19, "max_steps": 938, "loss": 8.648605346679688, "elapsed_time": 1.2244267463684082, "prnt": false}
{"event": "training_step", "timestamp": 1769148564.818896, "step": 20, "max_steps": 938, "loss": 8.61107349395752, "elapsed_time": 1.2730712890625, "prnt": false}
{"event": "training_step", "timestamp": 1769148564.8673706, "step": 21, "max_steps": 938, "loss": 8.576679229736328, "elapsed_time": 1.3217277526855469, "prnt": false}
{"event": "training_step", "timestamp": 1769148564.915775, "step": 22, "max_steps": 938, "loss": 8.511796951293945, "elapsed_time": 1.3701534271240234, "prnt": false}
{"event": "training_step", "timestamp": 1769148564.9643855, "step": 23, "max_steps": 938, "loss": 8.464576721191406, "elapsed_time": 1.419013261795044, "prnt": false}
{"event": "training_step", "timestamp": 1769148565.0128756, "step": 24, "max_steps": 938, "loss": 8.433343887329102, "elapsed_time": 1.4672200679779053, "prnt": false}
{"event": "training_step", "timestamp": 1769148565.0613174, "step": 25, "max_steps": 938, "loss": 8.382877349853516, "elapsed_time": 1.515620470046997, "prnt": false}
{"event": "training_step", "timestamp": 1769148565.1098154, "step": 26, "max_steps": 938, "loss": 8.317144393920898, "elapsed_time": 1.564155101776123, "prnt": false}
{"event": "training_step", "timestamp": 1769148565.1582654, "step": 27, "max_steps": 938, "loss": 8.265724182128906, "elapsed_time": 1.6125240325927734, "prnt": false}
{"event": "training_step", "timestamp": 1769148565.206735, "step": 28, "max_steps": 938, "loss": 8.242230415344238, "elapsed_time": 1.6611127853393555, "prnt": false}
{"event": "training_step", "timestamp": 1769148565.2553282, "step": 29, "max_steps": 938, "loss": 8.193619728088379, "elapsed_time": 1.7096259593963623, "prnt": false}
{"event": "training_step", "timestamp": 1769148565.303801, "step": 30, "max_steps": 938, "loss": 8.138982772827148, "elapsed_time": 1.758152723312378, "prnt": false}
{"event": "training_step", "timestamp": 1769148565.3525324, "step": 31, "max_steps": 938, "loss": 8.08117961883545, "elapsed_time": 1.806746244430542, "prnt": false}
{"event": "training_step", "timestamp": 1769148565.4013433, "step": 32, "max_steps": 938, "loss": 8.052099227905273, "elapsed_time": 1.8555247783660889, "prnt": false}
{"event": "training_step", "timestamp": 1769148565.4499805, "step": 33, "max_steps": 938, "loss": 7.962574481964111, "elapsed_time": 1.9040334224700928, "prnt": false}
{"event": "training_step", "timestamp": 1769148565.4985983, "step": 34, "max_steps": 938, "loss": 7.918290138244629, "elapsed_time": 1.9527204036712646, "prnt": false}
{"event": "training_step", "timestamp": 1769148565.5475118, "step": 35, "max_steps": 938, "loss": 7.88705587387085, "elapsed_time": 2.0015950202941895, "prnt": false}
{"event": "training_step", "timestamp": 1769148565.5961888, "step": 36, "max_steps": 938, "loss": 7.853397846221924, "elapsed_time": 2.0504446029663086, "prnt": false}
{"event": "training_step", "timestamp": 1769148565.6448233, "step": 37, "max_steps": 938, "loss": 7.8118896484375, "elapsed_time": 2.0990443229675293, "prnt": false}
{"event": "training_step", "timestamp": 1769148565.693541, "step": 38, "max_steps": 938, "loss": 7.770810127258301, "elapsed_time": 2.1476080417633057, "prnt": false}
{"event": "training_step", "timestamp": 1769148565.742168, "step": 39, "max_steps": 938, "loss": 7.737518310546875, "elapsed_time": 2.1962239742279053, "prnt": false}
{"event": "training_step", "timestamp": 1769148565.79078, "step": 40, "max_steps": 938, "loss": 7.700855255126953, "elapsed_time": 2.2449941635131836, "prnt": false}
{"event": "training_step", "timestamp": 1769148565.8395896, "step": 41, "max_steps": 938, "loss": 7.721408843994141, "elapsed_time": 2.2936580181121826, "prnt": false}
{"event": "training_step", "timestamp": 1769148565.8881514, "step": 42, "max_steps": 938, "loss": 7.666143417358398, "elapsed_time": 2.3422741889953613, "prnt": false}
{"event": "training_step", "timestamp": 1769148565.9367871, "step": 43, "max_steps": 938, "loss": 7.715028762817383, "elapsed_time": 2.39133358001709, "prnt": false}
{"event": "training_step", "timestamp": 1769148565.9855294, "step": 44, "max_steps": 938, "loss": 7.685676097869873, "elapsed_time": 2.4400784969329834, "prnt": false}
{"event": "validation_step", "timestamp": 1769148566.2160325, "step": 44, "max_steps": 938, "loss": 1.6428704532862988, "elapsed_time": 2.4400784969329834}
{"event": "training_step", "timestamp": 1769148566.2647352, "step": 45, "max_steps": 938, "loss": 7.626733303070068, "elapsed_time": 2.719214677810669, "prnt": false}
{"event": "training_step", "timestamp": 1769148566.313305, "step": 46, "max_steps": 938, "loss": 7.607541084289551, "elapsed_time": 2.767531156539917, "prnt": false}
{"event": "training_step", "timestamp": 1769148566.3619423, "step": 47, "max_steps": 938, "loss": 7.564971923828125, "elapsed_time": 2.816110849380493, "prnt": false}
{"event": "training_step", "timestamp": 1769148566.4105437, "step": 48, "max_steps": 938, "loss": 7.578829765319824, "elapsed_time": 2.8649277687072754, "prnt": false}
{"event": "training_step", "timestamp": 1769148566.4591138, "step": 49, "max_steps": 938, "loss": 7.579538822174072, "elapsed_time": 2.9132988452911377, "prnt": false}
{"event": "training_step", "timestamp": 1769148566.5077856, "step": 50, "max_steps": 938, "loss": 7.567258358001709, "elapsed_time": 2.9619781970977783, "prnt": false}
{"event": "training_step", "timestamp": 1769148566.5565999, "step": 51, "max_steps": 938, "loss": 7.539494037628174, "elapsed_time": 3.011448383331299, "prnt": false}
{"event": "training_step", "timestamp": 1769148566.60523, "step": 52, "max_steps": 938, "loss": 7.581307888031006, "elapsed_time": 3.0595943927764893, "prnt": false}
{"event": "training_step", "timestamp": 1769148566.6539288, "step": 53, "max_steps": 938, "loss": 7.523658752441406, "elapsed_time": 3.108031988143921, "prnt": false}
{"event": "training_step", "timestamp": 1769148566.7025864, "step": 54, "max_steps": 938, "loss": 7.466362953186035, "elapsed_time": 3.156902551651001, "prnt": false}
{"event": "training_step", "timestamp": 1769148566.7511866, "step": 55, "max_steps": 938, "loss": 7.51763916015625, "elapsed_time": 3.2053864002227783, "prnt": false}
{"event": "training_step", "timestamp": 1769148566.7999094, "step": 56, "max_steps": 938, "loss": 7.496963977813721, "elapsed_time": 3.254246234893799, "prnt": false}
{"event": "training_step", "timestamp": 1769148566.8485026, "step": 57, "max_steps": 938, "loss": 7.5020928382873535, "elapsed_time": 3.302572727203369, "prnt": false}
{"event": "training_step", "timestamp": 1769148566.897098, "step": 58, "max_steps": 938, "loss": 7.4576921463012695, "elapsed_time": 3.3512439727783203, "prnt": false}
{"event": "training_step", "timestamp": 1769148566.9457924, "step": 59, "max_steps": 938, "loss": 7.459880352020264, "elapsed_time": 3.400038242340088, "prnt": false}
{"event": "training_step", "timestamp": 1769148566.994543, "step": 60, "max_steps": 938, "loss": 7.48018217086792, "elapsed_time": 3.4491021633148193, "prnt": false}
{"event": "training_step", "timestamp": 1769148567.0431948, "step": 61, "max_steps": 938, "loss": 7.407478332519531, "elapsed_time": 3.4974162578582764, "prnt": false}
{"event": "training_step", "timestamp": 1769148567.091904, "step": 62, "max_steps": 938, "loss": 7.4228620529174805, "elapsed_time": 3.5462284088134766, "prnt": false}
{"event": "training_step", "timestamp": 1769148567.1405685, "step": 63, "max_steps": 938, "loss": 7.444845676422119, "elapsed_time": 3.5947110652923584, "prnt": false}
{"event": "training_step", "timestamp": 1769148567.18947, "step": 64, "max_steps": 938, "loss": 7.405673980712891, "elapsed_time": 3.6436259746551514, "prnt": false}
{"event": "training_step", "timestamp": 1769148567.2382216, "step": 65, "max_steps": 938, "loss": 7.416829586029053, "elapsed_time": 3.6924307346343994, "prnt": false}
{"event": "training_step", "timestamp": 1769148567.2870398, "step": 66, "max_steps": 938, "loss": 7.379170894622803, "elapsed_time": 3.7416021823883057, "prnt": false}
{"event": "training_step", "timestamp": 1769148567.3356874, "step": 67, "max_steps": 938, "loss": 7.378007411956787, "elapsed_time": 3.789881944656372, "prnt": false}
{"event": "training_step", "timestamp": 1769148567.3844593, "step": 68, "max_steps": 938, "loss": 7.41416072845459, "elapsed_time": 3.8387904167175293, "prnt": false}
{"event": "training_step", "timestamp": 1769148567.4331355, "step": 69, "max_steps": 938, "loss": 7.433670520782471, "elapsed_time": 3.8873207569122314, "prnt": false}
{"event": "training_step", "timestamp": 1769148567.4817705, "step": 70, "max_steps": 938, "loss": 7.402307987213135, "elapsed_time": 3.9359512329101562, "prnt": false}
{"event": "training_step", "timestamp": 1769148567.5305672, "step": 71, "max_steps": 938, "loss": 7.373258590698242, "elapsed_time": 3.984661340713501, "prnt": false}
{"event": "training_step", "timestamp": 1769148567.5792067, "step": 72, "max_steps": 938, "loss": 7.412759304046631, "elapsed_time": 4.033338308334351, "prnt": false}
{"event": "training_step", "timestamp": 1769148567.6278403, "step": 73, "max_steps": 938, "loss": 7.359427452087402, "elapsed_time": 4.0819854736328125, "prnt": false}
{"event": "training_step", "timestamp": 1769148567.676601, "step": 74, "max_steps": 938, "loss": 7.323472023010254, "elapsed_time": 4.130625486373901, "prnt": false}
{"event": "training_step", "timestamp": 1769148567.7252643, "step": 75, "max_steps": 938, "loss": 7.370081901550293, "elapsed_time": 4.179361820220947, "prnt": false}
{"event": "training_step", "timestamp": 1769148567.773987, "step": 76, "max_steps": 938, "loss": 7.388760089874268, "elapsed_time": 4.228349924087524, "prnt": false}
{"event": "training_step", "timestamp": 1769148567.822925, "step": 77, "max_steps": 938, "loss": 7.347784519195557, "elapsed_time": 4.277367353439331, "prnt": false}
{"event": "training_step", "timestamp": 1769148567.8717542, "step": 78, "max_steps": 938, "loss": 7.3954548835754395, "elapsed_time": 4.326361417770386, "prnt": false}
{"event": "training_step", "timestamp": 1769148567.920578, "step": 79, "max_steps": 938, "loss": 7.307950973510742, "elapsed_time": 4.375379323959351, "prnt": false}
{"event": "training_step", "timestamp": 1769148567.9694245, "step": 80, "max_steps": 938, "loss": 7.3038482666015625, "elapsed_time": 4.42365026473999, "prnt": false}
{"event": "training_step", "timestamp": 1769148568.0181556, "step": 81, "max_steps": 938, "loss": 7.319551467895508, "elapsed_time": 4.472384691238403, "prnt": false}
{"event": "training_step", "timestamp": 1769148568.0667906, "step": 82, "max_steps": 938, "loss": 7.339241981506348, "elapsed_time": 4.520874261856079, "prnt": false}
{"event": "training_step", "timestamp": 1769148568.115584, "step": 83, "max_steps": 938, "loss": 7.320505142211914, "elapsed_time": 4.569717645645142, "prnt": false}
{"event": "training_step", "timestamp": 1769148568.1642337, "step": 84, "max_steps": 938, "loss": 7.304852485656738, "elapsed_time": 4.618311405181885, "prnt": false}
{"event": "training_step", "timestamp": 1769148568.2129538, "step": 85, "max_steps": 938, "loss": 7.251166343688965, "elapsed_time": 4.667104721069336, "prnt": false}
{"event": "training_step", "timestamp": 1769148568.2617445, "step": 86, "max_steps": 938, "loss": 7.278643608093262, "elapsed_time": 4.715860843658447, "prnt": false}
{"event": "training_step", "timestamp": 1769148568.310487, "step": 87, "max_steps": 938, "loss": 7.313571929931641, "elapsed_time": 4.764643430709839, "prnt": false}
{"event": "training_step", "timestamp": 1769148568.3591692, "step": 88, "max_steps": 938, "loss": 7.273130893707275, "elapsed_time": 4.813199281692505, "prnt": false}
{"event": "validation_step", "timestamp": 1769148568.5910325, "step": 88, "max_steps": 938, "loss": 1.570188911378397, "elapsed_time": 4.813199281692505}
{"event": "training_step", "timestamp": 1769148568.6399784, "step": 89, "max_steps": 938, "loss": 7.25899076461792, "elapsed_time": 5.0941321849823, "prnt": false}
{"event": "training_step", "timestamp": 1769148568.688707, "step": 90, "max_steps": 938, "loss": 7.219029903411865, "elapsed_time": 5.142763614654541, "prnt": false}
{"event": "training_step", "timestamp": 1769148568.7374034, "step": 91, "max_steps": 938, "loss": 7.230454921722412, "elapsed_time": 5.1914026737213135, "prnt": false}
{"event": "training_step", "timestamp": 1769148568.7861617, "step": 92, "max_steps": 938, "loss": 7.240022659301758, "elapsed_time": 5.240223407745361, "prnt": false}
{"event": "training_step", "timestamp": 1769148568.8348715, "step": 93, "max_steps": 938, "loss": 7.249626636505127, "elapsed_time": 5.288996458053589, "prnt": false}
{"event": "training_step", "timestamp": 1769148568.8836145, "step": 94, "max_steps": 938, "loss": 7.2748188972473145, "elapsed_time": 5.337790012359619, "prnt": false}
{"event": "training_step", "timestamp": 1769148568.9323914, "step": 95, "max_steps": 938, "loss": 7.202569484710693, "elapsed_time": 5.386490345001221, "prnt": false}
{"event": "training_step", "timestamp": 1769148568.9810882, "step": 96, "max_steps": 938, "loss": 7.230754375457764, "elapsed_time": 5.435141324996948, "prnt": false}
{"event": "training_step", "timestamp": 1769148569.0297742, "step": 97, "max_steps": 938, "loss": 7.183718681335449, "elapsed_time": 5.483737945556641, "prnt": false}
{"event": "training_step", "timestamp": 1769148569.0786538, "step": 98, "max_steps": 938, "loss": 7.170231819152832, "elapsed_time": 5.532793760299683, "prnt": false}
{"event": "training_step", "timestamp": 1769148569.1273532, "step": 99, "max_steps": 938, "loss": 7.175710678100586, "elapsed_time": 5.581492185592651, "prnt": false}
{"event": "training_step", "timestamp": 1769148569.1760566, "step": 100, "max_steps": 938, "loss": 7.185790538787842, "elapsed_time": 5.630016326904297, "prnt": false}
{"event": "training_step", "timestamp": 1769148569.2248514, "step": 101, "max_steps": 938, "loss": 7.1964592933654785, "elapsed_time": 5.678874492645264, "prnt": false}
{"event": "training_step", "timestamp": 1769148569.273567, "step": 102, "max_steps": 938, "loss": 7.184372425079346, "elapsed_time": 5.727576971054077, "prnt": false}
{"event": "training_step", "timestamp": 1769148569.3224862, "step": 103, "max_steps": 938, "loss": 7.203874111175537, "elapsed_time": 5.776889324188232, "prnt": false}
{"event": "training_step", "timestamp": 1769148569.3713303, "step": 104, "max_steps": 938, "loss": 7.211663722991943, "elapsed_time": 5.825395822525024, "prnt": false}
{"event": "training_step", "timestamp": 1769148569.420079, "step": 105, "max_steps": 938, "loss": 7.244948387145996, "elapsed_time": 5.874068737030029, "prnt": false}
{"event": "training_step", "timestamp": 1769148569.468816, "step": 106, "max_steps": 938, "loss": 7.139970302581787, "elapsed_time": 5.922873020172119, "prnt": false}
{"event": "training_step", "timestamp": 1769148569.5176337, "step": 107, "max_steps": 938, "loss": 7.139922618865967, "elapsed_time": 5.971712589263916, "prnt": false}
{"event": "training_step", "timestamp": 1769148569.5663521, "step": 108, "max_steps": 938, "loss": 7.1702561378479, "elapsed_time": 6.020331382751465, "prnt": false}
{"event": "training_step", "timestamp": 1769148569.615063, "step": 109, "max_steps": 938, "loss": 7.214781284332275, "elapsed_time": 6.069071054458618, "prnt": false}
{"event": "training_step", "timestamp": 1769148569.663838, "step": 110, "max_steps": 938, "loss": 7.109992504119873, "elapsed_time": 6.1178879737854, "prnt": false}
{"event": "training_step", "timestamp": 1769148569.7126148, "step": 111, "max_steps": 938, "loss": 7.087063789367676, "elapsed_time": 6.166653394699097, "prnt": false}
{"event": "training_step", "timestamp": 1769148569.7613387, "step": 112, "max_steps": 938, "loss": 7.1469645500183105, "elapsed_time": 6.2153191566467285, "prnt": false}
{"event": "training_step", "timestamp": 1769148569.8101685, "step": 113, "max_steps": 938, "loss": 7.13299036026001, "elapsed_time": 6.264140605926514, "prnt": false}
{"event": "training_step", "timestamp": 1769148569.8588922, "step": 114, "max_steps": 938, "loss": 7.075809001922607, "elapsed_time": 6.312880277633667, "prnt": false}
{"event": "training_step", "timestamp": 1769148569.9076412, "step": 115, "max_steps": 938, "loss": 7.105981349945068, "elapsed_time": 6.361695051193237, "prnt": false}
{"event": "training_step", "timestamp": 1769148569.9564812, "step": 116, "max_steps": 938, "loss": 7.066006660461426, "elapsed_time": 6.4105095863342285, "prnt": false}
{"event": "training_step", "timestamp": 1769148570.0052047, "step": 117, "max_steps": 938, "loss": 7.052614212036133, "elapsed_time": 6.459210395812988, "prnt": false}
{"event": "training_step", "timestamp": 1769148570.0539496, "step": 118, "max_steps": 938, "loss": 7.124719619750977, "elapsed_time": 6.5079734325408936, "prnt": false}
{"event": "training_step", "timestamp": 1769148570.1027842, "step": 119, "max_steps": 938, "loss": 7.08204460144043, "elapsed_time": 6.556985139846802, "prnt": false}
{"event": "training_step", "timestamp": 1769148570.1515331, "step": 120, "max_steps": 938, "loss": 7.025143623352051, "elapsed_time": 6.605597019195557, "prnt": false}
{"event": "training_step", "timestamp": 1769148570.200281, "step": 121, "max_steps": 938, "loss": 7.027392387390137, "elapsed_time": 6.654303312301636, "prnt": false}
{"event": "training_step", "timestamp": 1769148570.2490597, "step": 122, "max_steps": 938, "loss": 7.01312780380249, "elapsed_time": 6.7031097412109375, "prnt": false}
{"event": "training_step", "timestamp": 1769148570.29794, "step": 123, "max_steps": 938, "loss": 7.06338357925415, "elapsed_time": 6.75230860710144, "prnt": false}
{"event": "training_step", "timestamp": 1769148570.3467796, "step": 124, "max_steps": 938, "loss": 7.095941066741943, "elapsed_time": 6.801216125488281, "prnt": false}
{"event": "training_step", "timestamp": 1769148570.3956566, "step": 125, "max_steps": 938, "loss": 7.006469249725342, "elapsed_time": 6.849783897399902, "prnt": false}
{"event": "training_step", "timestamp": 1769148570.4443924, "step": 126, "max_steps": 938, "loss": 7.064037799835205, "elapsed_time": 6.898422718048096, "prnt": false}
{"event": "training_step", "timestamp": 1769148570.4931827, "step": 127, "max_steps": 938, "loss": 7.050444602966309, "elapsed_time": 6.947228908538818, "prnt": false}
{"event": "training_step", "timestamp": 1769148570.5419962, "step": 128, "max_steps": 938, "loss": 7.0369977951049805, "elapsed_time": 6.996067762374878, "prnt": false}
{"event": "training_step", "timestamp": 1769148570.5907204, "step": 129, "max_steps": 938, "loss": 7.003695964813232, "elapsed_time": 7.044723033905029, "prnt": false}
{"event": "training_step", "timestamp": 1769148570.6394477, "step": 130, "max_steps": 938, "loss": 7.053523540496826, "elapsed_time": 7.093449354171753, "prnt": false}
{"event": "training_step", "timestamp": 1769148570.6883118, "step": 131, "max_steps": 938, "loss": 7.017864227294922, "elapsed_time": 7.14253568649292, "prnt": false}
{"event": "training_step", "timestamp": 1769148570.7370486, "step": 132, "max_steps": 938, "loss": 6.9584150314331055, "elapsed_time": 7.191208124160767, "prnt": false}
{"event": "validation_step", "timestamp": 1769148570.9691627, "step": 132, "max_steps": 938, "loss": 1.509724084575601, "elapsed_time": 7.191208124160767}
{"event": "training_step", "timestamp": 1769148571.018055, "step": 133, "max_steps": 938, "loss": 6.984382152557373, "elapsed_time": 7.472106456756592, "prnt": false}
{"event": "training_step", "timestamp": 1769148571.0668743, "step": 134, "max_steps": 938, "loss": 6.963069915771484, "elapsed_time": 7.520895004272461, "prnt": false}
{"event": "training_step", "timestamp": 1769148571.1158893, "step": 135, "max_steps": 938, "loss": 6.910410404205322, "elapsed_time": 7.5701093673706055, "prnt": false}
{"event": "training_step", "timestamp": 1769148571.164632, "step": 136, "max_steps": 938, "loss": 6.940443992614746, "elapsed_time": 7.618636608123779, "prnt": false}
{"event": "training_step", "timestamp": 1769148571.213387, "step": 137, "max_steps": 938, "loss": 6.919496059417725, "elapsed_time": 7.667428970336914, "prnt": false}
{"event": "training_step", "timestamp": 1769148571.2621925, "step": 138, "max_steps": 938, "loss": 6.996535778045654, "elapsed_time": 7.716235637664795, "prnt": false}
{"event": "training_step", "timestamp": 1769148571.311022, "step": 139, "max_steps": 938, "loss": 6.898503303527832, "elapsed_time": 7.765139102935791, "prnt": false}
{"event": "training_step", "timestamp": 1769148571.3597744, "step": 140, "max_steps": 938, "loss": 6.995279788970947, "elapsed_time": 7.814006805419922, "prnt": false}
{"event": "training_step", "timestamp": 1769148571.4086373, "step": 141, "max_steps": 938, "loss": 6.8846821784973145, "elapsed_time": 7.862646579742432, "prnt": false}
{"event": "training_step", "timestamp": 1769148571.4573653, "step": 142, "max_steps": 938, "loss": 6.958957672119141, "elapsed_time": 7.911415100097656, "prnt": false}
{"event": "training_step", "timestamp": 1769148571.5061016, "step": 143, "max_steps": 938, "loss": 6.893930912017822, "elapsed_time": 7.960151672363281, "prnt": false}
{"event": "training_step", "timestamp": 1769148571.5549166, "step": 144, "max_steps": 938, "loss": 6.930056571960449, "elapsed_time": 8.008917570114136, "prnt": false}
{"event": "training_step", "timestamp": 1769148571.6036484, "step": 145, "max_steps": 938, "loss": 6.909156799316406, "elapsed_time": 8.057682275772095, "prnt": false}
{"event": "training_step", "timestamp": 1769148571.6523688, "step": 146, "max_steps": 938, "loss": 6.863889694213867, "elapsed_time": 8.106367111206055, "prnt": false}
{"event": "training_step", "timestamp": 1769148571.701194, "step": 147, "max_steps": 938, "loss": 6.89815092086792, "elapsed_time": 8.15526008605957, "prnt": false}
{"event": "training_step", "timestamp": 1769148571.7499173, "step": 148, "max_steps": 938, "loss": 6.909234046936035, "elapsed_time": 8.203970670700073, "prnt": false}
{"event": "training_step", "timestamp": 1769148571.7986557, "step": 149, "max_steps": 938, "loss": 6.905409812927246, "elapsed_time": 8.25260615348816, "prnt": false}
{"event": "training_step", "timestamp": 1769148571.8475273, "step": 150, "max_steps": 938, "loss": 6.887263774871826, "elapsed_time": 8.30159306526184, "prnt": false}
{"event": "training_step", "timestamp": 1769148571.8963213, "step": 151, "max_steps": 938, "loss": 6.874082088470459, "elapsed_time": 8.350353240966797, "prnt": false}
{"event": "training_step", "timestamp": 1769148571.9450567, "step": 152, "max_steps": 938, "loss": 6.957071304321289, "elapsed_time": 8.399126291275024, "prnt": false}
{"event": "training_step", "timestamp": 1769148571.9938989, "step": 153, "max_steps": 938, "loss": 6.965841293334961, "elapsed_time": 8.447883129119873, "prnt": false}
{"event": "training_step", "timestamp": 1769148572.042596, "step": 154, "max_steps": 938, "loss": 6.84343147277832, "elapsed_time": 8.496633529663086, "prnt": false}
{"event": "training_step", "timestamp": 1769148572.0913472, "step": 155, "max_steps": 938, "loss": 6.862581253051758, "elapsed_time": 8.545222520828247, "prnt": false}
{"event": "training_step", "timestamp": 1769148572.140153, "step": 156, "max_steps": 938, "loss": 6.879717826843262, "elapsed_time": 8.594147443771362, "prnt": false}
{"event": "training_step", "timestamp": 1769148572.1889122, "step": 157, "max_steps": 938, "loss": 6.8333659172058105, "elapsed_time": 8.642969846725464, "prnt": false}
{"event": "training_step", "timestamp": 1769148572.237704, "step": 158, "max_steps": 938, "loss": 6.879853248596191, "elapsed_time": 8.69176459312439, "prnt": false}
{"event": "training_step", "timestamp": 1769148572.2865143, "step": 159, "max_steps": 938, "loss": 6.916286945343018, "elapsed_time": 8.740516662597656, "prnt": false}
{"event": "training_step", "timestamp": 1769148572.3352354, "step": 160, "max_steps": 938, "loss": 6.83432149887085, "elapsed_time": 8.789190769195557, "prnt": false}
{"event": "training_step", "timestamp": 1769148572.3839722, "step": 161, "max_steps": 938, "loss": 6.838253974914551, "elapsed_time": 8.837965250015259, "prnt": false}
{"event": "training_step", "timestamp": 1769148572.4328034, "step": 162, "max_steps": 938, "loss": 6.825920104980469, "elapsed_time": 8.886779069900513, "prnt": false}
{"event": "training_step", "timestamp": 1769148572.4815414, "step": 163, "max_steps": 938, "loss": 6.864552974700928, "elapsed_time": 8.935571193695068, "prnt": false}
{"event": "training_step", "timestamp": 1769148572.5302806, "step": 164, "max_steps": 938, "loss": 6.843851566314697, "elapsed_time": 8.984328985214233, "prnt": false}
{"event": "training_step", "timestamp": 1769148572.5791693, "step": 165, "max_steps": 938, "loss": 6.8016252517700195, "elapsed_time": 9.033240795135498, "prnt": false}
{"event": "training_step", "timestamp": 1769148572.627903, "step": 166, "max_steps": 938, "loss": 6.846017360687256, "elapsed_time": 9.081913948059082, "prnt": false}
{"event": "training_step", "timestamp": 1769148572.6766224, "step": 167, "max_steps": 938, "loss": 6.812762260437012, "elapsed_time": 9.130601406097412, "prnt": false}
{"event": "training_step", "timestamp": 1769148572.725446, "step": 168, "max_steps": 938, "loss": 6.862812519073486, "elapsed_time": 9.179389238357544, "prnt": false}
{"event": "training_step", "timestamp": 1769148572.7742052, "step": 169, "max_steps": 938, "loss": 6.763409614562988, "elapsed_time": 9.228184700012207, "prnt": false}
{"event": "training_step", "timestamp": 1769148572.8229651, "step": 170, "max_steps": 938, "loss": 6.816948890686035, "elapsed_time": 9.27696704864502, "prnt": false}
{"event": "training_step", "timestamp": 1769148572.8718069, "step": 171, "max_steps": 938, "loss": 6.806118488311768, "elapsed_time": 9.325838327407837, "prnt": false}
{"event": "training_step", "timestamp": 1769148572.9205558, "step": 172, "max_steps": 938, "loss": 6.7548651695251465, "elapsed_time": 9.3744957447052, "prnt": false}
{"event": "training_step", "timestamp": 1769148572.969324, "step": 173, "max_steps": 938, "loss": 6.740966320037842, "elapsed_time": 9.42332935333252, "prnt": false}
{"event": "training_step", "timestamp": 1769148573.0181744, "step": 174, "max_steps": 938, "loss": 6.788059234619141, "elapsed_time": 9.47214937210083, "prnt": false}
{"event": "training_step", "timestamp": 1769148573.0669222, "step": 175, "max_steps": 938, "loss": 6.758205890655518, "elapsed_time": 9.520902633666992, "prnt": false}
{"event": "training_step", "timestamp": 1769148573.1156693, "step": 176, "max_steps": 938, "loss": 6.753824710845947, "elapsed_time": 9.569671869277954, "prnt": false}
{"event": "validation_step", "timestamp": 1769148573.3478835, "step": 176, "max_steps": 938, "loss": 1.4674150012022702, "elapsed_time": 9.569671869277954}
{"event": "training_step", "timestamp": 1769148573.396917, "step": 177, "max_steps": 938, "loss": 6.71915864944458, "elapsed_time": 9.851293325424194, "prnt": false}
{"event": "training_step", "timestamp": 1769148573.445666, "step": 178, "max_steps": 938, "loss": 6.761099815368652, "elapsed_time": 9.899697542190552, "prnt": false}
{"event": "training_step", "timestamp": 1769148573.4944108, "step": 179, "max_steps": 938, "loss": 6.770251274108887, "elapsed_time": 9.948407888412476, "prnt": false}
{"event": "training_step", "timestamp": 1769148573.5432355, "step": 180, "max_steps": 938, "loss": 6.736846446990967, "elapsed_time": 9.997308731079102, "prnt": false}
{"event": "training_step", "timestamp": 1769148573.5920482, "step": 181, "max_steps": 938, "loss": 6.729953289031982, "elapsed_time": 10.046003580093384, "prnt": false}
{"event": "training_step", "timestamp": 1769148573.6408548, "step": 182, "max_steps": 938, "loss": 6.79257345199585, "elapsed_time": 10.09523892402649, "prnt": false}
{"event": "training_step", "timestamp": 1769148573.689923, "step": 183, "max_steps": 938, "loss": 6.786412239074707, "elapsed_time": 10.144599676132202, "prnt": false}
{"event": "training_step", "timestamp": 1769148573.7387445, "step": 184, "max_steps": 938, "loss": 6.759777545928955, "elapsed_time": 10.192937850952148, "prnt": false}
{"event": "training_step", "timestamp": 1769148573.7875009, "step": 185, "max_steps": 938, "loss": 6.771266937255859, "elapsed_time": 10.241523265838623, "prnt": false}
{"event": "training_step", "timestamp": 1769148573.8364322, "step": 186, "max_steps": 938, "loss": 6.6821064949035645, "elapsed_time": 10.290391445159912, "prnt": false}
{"event": "training_step", "timestamp": 1769148573.885252, "step": 187, "max_steps": 938, "loss": 6.717745304107666, "elapsed_time": 10.33919882774353, "prnt": false}
{"event": "training_step", "timestamp": 1769148573.934036, "step": 188, "max_steps": 938, "loss": 6.7410078048706055, "elapsed_time": 10.387994527816772, "prnt": false}
{"event": "training_step", "timestamp": 1769148573.98293, "step": 189, "max_steps": 938, "loss": 6.749879360198975, "elapsed_time": 10.436836957931519, "prnt": false}
{"event": "training_step", "timestamp": 1769148574.0317066, "step": 190, "max_steps": 938, "loss": 6.778728485107422, "elapsed_time": 10.485697507858276, "prnt": false}
{"event": "training_step", "timestamp": 1769148574.080487, "step": 191, "max_steps": 938, "loss": 6.682705879211426, "elapsed_time": 10.534502506256104, "prnt": false}
{"event": "training_step", "timestamp": 1769148574.1293504, "step": 192, "max_steps": 938, "loss": 6.695282459259033, "elapsed_time": 10.583317756652832, "prnt": false}
{"event": "training_step", "timestamp": 1769148574.1781151, "step": 193, "max_steps": 938, "loss": 6.770561695098877, "elapsed_time": 10.632091283798218, "prnt": false}
{"event": "training_step", "timestamp": 1769148574.2268872, "step": 194, "max_steps": 938, "loss": 6.710482597351074, "elapsed_time": 10.680799007415771, "prnt": false}
{"event": "training_step", "timestamp": 1769148574.2757134, "step": 195, "max_steps": 938, "loss": 6.728321552276611, "elapsed_time": 10.729749202728271, "prnt": false}
{"event": "training_step", "timestamp": 1769148574.32472, "step": 196, "max_steps": 938, "loss": 6.664152145385742, "elapsed_time": 10.778422355651855, "prnt": false}
{"event": "training_step", "timestamp": 1769148574.3735445, "step": 197, "max_steps": 938, "loss": 6.688933372497559, "elapsed_time": 10.827504396438599, "prnt": false}
{"event": "training_step", "timestamp": 1769148574.4224153, "step": 198, "max_steps": 938, "loss": 6.665506839752197, "elapsed_time": 10.876420021057129, "prnt": false}
{"event": "training_step", "timestamp": 1769148574.471272, "step": 199, "max_steps": 938, "loss": 6.6701979637146, "elapsed_time": 10.925316333770752, "prnt": false}
{"event": "training_step", "timestamp": 1769148574.5200887, "step": 200, "max_steps": 938, "loss": 6.6830315589904785, "elapsed_time": 10.974214553833008, "prnt": false}
{"event": "training_step", "timestamp": 1769148574.56898, "step": 201, "max_steps": 938, "loss": 6.674621105194092, "elapsed_time": 11.022961616516113, "prnt": false}
{"event": "training_step", "timestamp": 1769148574.617748, "step": 202, "max_steps": 938, "loss": 6.629134178161621, "elapsed_time": 11.071768760681152, "prnt": false}
{"event": "training_step", "timestamp": 1769148574.6665952, "step": 203, "max_steps": 938, "loss": 6.6030144691467285, "elapsed_time": 11.120552778244019, "prnt": false}
{"event": "training_step", "timestamp": 1769148574.7155, "step": 204, "max_steps": 938, "loss": 6.628507137298584, "elapsed_time": 11.169462442398071, "prnt": false}
{"event": "training_step", "timestamp": 1769148574.764295, "step": 205, "max_steps": 938, "loss": 6.6773529052734375, "elapsed_time": 11.21830439567566, "prnt": false}
{"event": "training_step", "timestamp": 1769148574.8131065, "step": 206, "max_steps": 938, "loss": 6.62624454498291, "elapsed_time": 11.266977548599243, "prnt": false}
{"event": "training_step", "timestamp": 1769148574.8620005, "step": 207, "max_steps": 938, "loss": 6.716497421264648, "elapsed_time": 11.315861463546753, "prnt": false}
{"event": "training_step", "timestamp": 1769148574.910816, "step": 208, "max_steps": 938, "loss": 6.629303932189941, "elapsed_time": 11.364863872528076, "prnt": false}
{"event": "training_step", "timestamp": 1769148574.9595833, "step": 209, "max_steps": 938, "loss": 6.64199686050415, "elapsed_time": 11.413574934005737, "prnt": false}
{"event": "training_step", "timestamp": 1769148575.0084465, "step": 210, "max_steps": 938, "loss": 6.688266277313232, "elapsed_time": 11.462401866912842, "prnt": false}
{"event": "training_step", "timestamp": 1769148575.0572286, "step": 211, "max_steps": 938, "loss": 6.6402177810668945, "elapsed_time": 11.511141300201416, "prnt": false}
{"event": "training_step", "timestamp": 1769148575.1060073, "step": 212, "max_steps": 938, "loss": 6.608907222747803, "elapsed_time": 11.559958219528198, "prnt": false}
{"event": "training_step", "timestamp": 1769148575.1548796, "step": 213, "max_steps": 938, "loss": 6.609308242797852, "elapsed_time": 11.608818769454956, "prnt": false}
{"event": "training_step", "timestamp": 1769148575.2036567, "step": 214, "max_steps": 938, "loss": 6.568222999572754, "elapsed_time": 11.657613039016724, "prnt": false}
{"event": "training_step", "timestamp": 1769148575.2524598, "step": 215, "max_steps": 938, "loss": 6.599364757537842, "elapsed_time": 11.706369400024414, "prnt": false}
{"event": "training_step", "timestamp": 1769148575.301378, "step": 216, "max_steps": 938, "loss": 6.68986177444458, "elapsed_time": 11.755166053771973, "prnt": false}
{"event": "training_step", "timestamp": 1769148575.3502038, "step": 217, "max_steps": 938, "loss": 6.56555700302124, "elapsed_time": 11.804076194763184, "prnt": false}
{"event": "training_step", "timestamp": 1769148575.3990455, "step": 218, "max_steps": 938, "loss": 6.680393695831299, "elapsed_time": 11.853188514709473, "prnt": false}
{"event": "training_step", "timestamp": 1769148575.4479523, "step": 219, "max_steps": 938, "loss": 6.6662373542785645, "elapsed_time": 11.90201997756958, "prnt": false}
{"event": "training_step", "timestamp": 1769148575.4967394, "step": 220, "max_steps": 938, "loss": 6.652158260345459, "elapsed_time": 11.950756311416626, "prnt": false}
{"event": "validation_step", "timestamp": 1769148575.7292502, "step": 220, "max_steps": 938, "loss": 1.438657617084235, "elapsed_time": 11.950756311416626}
{"event": "training_step", "timestamp": 1769148575.778217, "step": 221, "max_steps": 938, "loss": 6.661408424377441, "elapsed_time": 12.232223510742188, "prnt": false}
{"event": "training_step", "timestamp": 1769148575.8271012, "step": 222, "max_steps": 938, "loss": 6.5432047843933105, "elapsed_time": 12.281023502349854, "prnt": false}
{"event": "training_step", "timestamp": 1769148575.875936, "step": 223, "max_steps": 938, "loss": 6.581965923309326, "elapsed_time": 12.329711437225342, "prnt": false}
{"event": "training_step", "timestamp": 1769148575.9247363, "step": 224, "max_steps": 938, "loss": 6.606879711151123, "elapsed_time": 12.378760576248169, "prnt": false}
{"event": "training_step", "timestamp": 1769148575.9736216, "step": 225, "max_steps": 938, "loss": 6.573170185089111, "elapsed_time": 12.427564859390259, "prnt": false}
{"event": "training_step", "timestamp": 1769148576.0223997, "step": 226, "max_steps": 938, "loss": 6.598689079284668, "elapsed_time": 12.47635006904602, "prnt": false}
{"event": "training_step", "timestamp": 1769148576.0712173, "step": 227, "max_steps": 938, "loss": 6.614267349243164, "elapsed_time": 12.525169372558594, "prnt": false}
{"event": "training_step", "timestamp": 1769148576.1201332, "step": 228, "max_steps": 938, "loss": 6.599757194519043, "elapsed_time": 12.574150085449219, "prnt": false}
{"event": "training_step", "timestamp": 1769148576.1689239, "step": 229, "max_steps": 938, "loss": 6.552717208862305, "elapsed_time": 12.622900247573853, "prnt": false}
{"event": "training_step", "timestamp": 1769148576.2177134, "step": 230, "max_steps": 938, "loss": 6.611725807189941, "elapsed_time": 12.671723127365112, "prnt": false}
{"event": "training_step", "timestamp": 1769148576.2666373, "step": 231, "max_steps": 938, "loss": 6.604356288909912, "elapsed_time": 12.720497608184814, "prnt": false}
{"event": "training_step", "timestamp": 1769148576.3154106, "step": 232, "max_steps": 938, "loss": 6.624368190765381, "elapsed_time": 12.769378662109375, "prnt": false}
{"event": "training_step", "timestamp": 1769148576.364185, "step": 233, "max_steps": 938, "loss": 6.614080905914307, "elapsed_time": 12.8180570602417, "prnt": false}
{"event": "training_step", "timestamp": 1769148576.4130714, "step": 234, "max_steps": 938, "loss": 6.651419162750244, "elapsed_time": 12.866971969604492, "prnt": false}
{"event": "training_step", "timestamp": 1769148576.4618587, "step": 235, "max_steps": 938, "loss": 6.569707870483398, "elapsed_time": 12.915853023529053, "prnt": false}
{"event": "training_step", "timestamp": 1769148576.5106332, "step": 236, "max_steps": 938, "loss": 6.651916980743408, "elapsed_time": 12.964513778686523, "prnt": false}
{"event": "training_step", "timestamp": 1769148576.5595148, "step": 237, "max_steps": 938, "loss": 6.573228359222412, "elapsed_time": 13.013422727584839, "prnt": false}
{"event": "training_step", "timestamp": 1769148576.6082902, "step": 238, "max_steps": 938, "loss": 6.5732502937316895, "elapsed_time": 13.062333106994629, "prnt": false}
{"event": "training_step", "timestamp": 1769148576.6570907, "step": 239, "max_steps": 938, "loss": 6.559872627258301, "elapsed_time": 13.111159563064575, "prnt": false}
{"event": "training_step", "timestamp": 1769148576.7059991, "step": 240, "max_steps": 938, "loss": 6.5982279777526855, "elapsed_time": 13.160049676895142, "prnt": false}
{"event": "training_step", "timestamp": 1769148576.7547643, "step": 241, "max_steps": 938, "loss": 6.541379928588867, "elapsed_time": 13.208745241165161, "prnt": false}
{"event": "training_step", "timestamp": 1769148576.803561, "step": 242, "max_steps": 938, "loss": 6.595120906829834, "elapsed_time": 13.257384300231934, "prnt": false}
{"event": "training_step", "timestamp": 1769148576.85248, "step": 243, "max_steps": 938, "loss": 6.59656286239624, "elapsed_time": 13.306317329406738, "prnt": false}
{"event": "training_step", "timestamp": 1769148576.9012392, "step": 244, "max_steps": 938, "loss": 6.59519100189209, "elapsed_time": 13.355294227600098, "prnt": false}
{"event": "training_step", "timestamp": 1769148576.9500308, "step": 245, "max_steps": 938, "loss": 6.548486709594727, "elapsed_time": 13.403985738754272, "prnt": false}
{"event": "training_step", "timestamp": 1769148576.9988475, "step": 246, "max_steps": 938, "loss": 6.5356926918029785, "elapsed_time": 13.452784538269043, "prnt": false}
{"event": "training_step", "timestamp": 1769148577.047664, "step": 247, "max_steps": 938, "loss": 6.58073091506958, "elapsed_time": 13.501583814620972, "prnt": false}
{"event": "training_step", "timestamp": 1769148577.0964828, "step": 248, "max_steps": 938, "loss": 6.475718975067139, "elapsed_time": 13.550496578216553, "prnt": false}
{"event": "training_step", "timestamp": 1769148577.1453488, "step": 249, "max_steps": 938, "loss": 6.575758934020996, "elapsed_time": 13.599299669265747, "prnt": false}
{"event": "training_step", "timestamp": 1769148577.194168, "step": 250, "max_steps": 938, "loss": 6.57344388961792, "elapsed_time": 13.64800763130188, "prnt": false}
{"event": "training_step", "timestamp": 1769148577.2429686, "step": 251, "max_steps": 938, "loss": 6.515857696533203, "elapsed_time": 13.69687819480896, "prnt": false}
{"event": "training_step", "timestamp": 1769148577.2919211, "step": 252, "max_steps": 938, "loss": 6.496621131896973, "elapsed_time": 13.74598217010498, "prnt": false}
{"event": "training_step", "timestamp": 1769148577.3407905, "step": 253, "max_steps": 938, "loss": 6.493640899658203, "elapsed_time": 13.794623136520386, "prnt": false}
{"event": "training_step", "timestamp": 1769148577.3898478, "step": 254, "max_steps": 938, "loss": 6.462874889373779, "elapsed_time": 13.844369649887085, "prnt": false}
{"event": "training_step", "timestamp": 1769148577.4388807, "step": 255, "max_steps": 938, "loss": 6.496791362762451, "elapsed_time": 13.89307951927185, "prnt": false}
{"event": "training_step", "timestamp": 1769148577.4877806, "step": 256, "max_steps": 938, "loss": 6.518511772155762, "elapsed_time": 13.941814184188843, "prnt": false}
{"event": "training_step", "timestamp": 1769148577.536689, "step": 257, "max_steps": 938, "loss": 6.558063983917236, "elapsed_time": 13.990712642669678, "prnt": false}
{"event": "training_step", "timestamp": 1769148577.5856256, "step": 258, "max_steps": 938, "loss": 6.547636032104492, "elapsed_time": 14.039662837982178, "prnt": false}
{"event": "training_step", "timestamp": 1769148577.6345072, "step": 259, "max_steps": 938, "loss": 6.582439422607422, "elapsed_time": 14.088382005691528, "prnt": false}
{"event": "training_step", "timestamp": 1769148577.6833382, "step": 260, "max_steps": 938, "loss": 6.566144943237305, "elapsed_time": 14.137285232543945, "prnt": false}
{"event": "training_step", "timestamp": 1769148577.7322726, "step": 261, "max_steps": 938, "loss": 6.504737377166748, "elapsed_time": 14.186188459396362, "prnt": false}
{"event": "training_step", "timestamp": 1769148577.7811031, "step": 262, "max_steps": 938, "loss": 6.531147480010986, "elapsed_time": 14.235026359558105, "prnt": false}
{"event": "training_step", "timestamp": 1769148577.8299599, "step": 263, "max_steps": 938, "loss": 6.610866069793701, "elapsed_time": 14.283827781677246, "prnt": false}
{"event": "training_step", "timestamp": 1769148577.8788652, "step": 264, "max_steps": 938, "loss": 6.532965183258057, "elapsed_time": 14.332788705825806, "prnt": false}
{"event": "validation_step", "timestamp": 1769148578.1115832, "step": 264, "max_steps": 938, "loss": 1.4190641882754993, "elapsed_time": 14.332788705825806}
{"event": "training_step", "timestamp": 1769148578.160564, "step": 265, "max_steps": 938, "loss": 6.50946569442749, "elapsed_time": 14.614551067352295, "prnt": false}
{"event": "training_step", "timestamp": 1769148578.209427, "step": 266, "max_steps": 938, "loss": 6.52227783203125, "elapsed_time": 14.663233757019043, "prnt": false}
{"event": "training_step", "timestamp": 1769148578.2583234, "step": 267, "max_steps": 938, "loss": 6.483583450317383, "elapsed_time": 14.712172746658325, "prnt": false}
{"event": "training_step", "timestamp": 1769148578.3071735, "step": 268, "max_steps": 938, "loss": 6.510343551635742, "elapsed_time": 14.761453628540039, "prnt": false}
{"event": "training_step", "timestamp": 1769148578.3561666, "step": 269, "max_steps": 938, "loss": 6.439895153045654, "elapsed_time": 14.810256242752075, "prnt": false}
{"event": "training_step", "timestamp": 1769148578.4050303, "step": 270, "max_steps": 938, "loss": 6.548624515533447, "elapsed_time": 14.858957290649414, "prnt": false}
{"event": "training_step", "timestamp": 1769148578.4539006, "step": 271, "max_steps": 938, "loss": 6.471035480499268, "elapsed_time": 14.90777325630188, "prnt": false}
{"event": "training_step", "timestamp": 1769148578.5028393, "step": 272, "max_steps": 938, "loss": 6.5002570152282715, "elapsed_time": 14.956708431243896, "prnt": false}
{"event": "training_step", "timestamp": 1769148578.5517068, "step": 273, "max_steps": 938, "loss": 6.5010480880737305, "elapsed_time": 15.005465269088745, "prnt": false}
{"event": "training_step", "timestamp": 1769148578.60056, "step": 274, "max_steps": 938, "loss": 6.481667995452881, "elapsed_time": 15.05449104309082, "prnt": false}
{"event": "training_step", "timestamp": 1769148578.6495063, "step": 275, "max_steps": 938, "loss": 6.4520416259765625, "elapsed_time": 15.103405475616455, "prnt": false}
{"event": "training_step", "timestamp": 1769148578.6983726, "step": 276, "max_steps": 938, "loss": 6.537691593170166, "elapsed_time": 15.152245998382568, "prnt": false}
{"event": "training_step", "timestamp": 1769148578.7471974, "step": 277, "max_steps": 938, "loss": 6.4528021812438965, "elapsed_time": 15.20108962059021, "prnt": false}
{"event": "training_step", "timestamp": 1769148578.7960656, "step": 278, "max_steps": 938, "loss": 6.466361999511719, "elapsed_time": 15.250075101852417, "prnt": false}
{"event": "training_step", "timestamp": 1769148578.8449433, "step": 279, "max_steps": 938, "loss": 6.373035430908203, "elapsed_time": 15.298807382583618, "prnt": false}
{"event": "training_step", "timestamp": 1769148578.8937724, "step": 280, "max_steps": 938, "loss": 6.442041397094727, "elapsed_time": 15.347626686096191, "prnt": false}
{"event": "training_step", "timestamp": 1769148578.9427125, "step": 281, "max_steps": 938, "loss": 6.505015850067139, "elapsed_time": 15.396673440933228, "prnt": false}
{"event": "training_step", "timestamp": 1769148578.9915805, "step": 282, "max_steps": 938, "loss": 6.493165969848633, "elapsed_time": 15.445366621017456, "prnt": false}
{"event": "training_step", "timestamp": 1769148579.0403833, "step": 283, "max_steps": 938, "loss": 6.496497631072998, "elapsed_time": 15.494348287582397, "prnt": false}
{"event": "training_step", "timestamp": 1769148579.0893202, "step": 284, "max_steps": 938, "loss": 6.461747646331787, "elapsed_time": 15.543204307556152, "prnt": false}
{"event": "training_step", "timestamp": 1769148579.1381686, "step": 285, "max_steps": 938, "loss": 6.368671417236328, "elapsed_time": 15.592034816741943, "prnt": false}
{"event": "training_step", "timestamp": 1769148579.1870105, "step": 286, "max_steps": 938, "loss": 6.492465019226074, "elapsed_time": 15.640831470489502, "prnt": false}
{"event": "training_step", "timestamp": 1769148579.2359347, "step": 287, "max_steps": 938, "loss": 6.524258613586426, "elapsed_time": 15.689800262451172, "prnt": false}
{"event": "training_step", "timestamp": 1769148579.2847943, "step": 288, "max_steps": 938, "loss": 6.468242645263672, "elapsed_time": 15.738648653030396, "prnt": false}
{"event": "training_step", "timestamp": 1769148579.3336275, "step": 289, "max_steps": 938, "loss": 6.465865612030029, "elapsed_time": 15.787410497665405, "prnt": false}
{"event": "training_step", "timestamp": 1769148579.3825457, "step": 290, "max_steps": 938, "loss": 6.372631072998047, "elapsed_time": 15.8364999294281, "prnt": false}
{"event": "training_step", "timestamp": 1769148579.4315417, "step": 291, "max_steps": 938, "loss": 6.48696231842041, "elapsed_time": 15.88567304611206, "prnt": false}
{"event": "training_step", "timestamp": 1769148579.4803805, "step": 292, "max_steps": 938, "loss": 6.419697284698486, "elapsed_time": 15.934452533721924, "prnt": false}
{"event": "training_step", "timestamp": 1769148579.5293508, "step": 293, "max_steps": 938, "loss": 6.4270710945129395, "elapsed_time": 15.983253002166748, "prnt": false}
{"event": "training_step", "timestamp": 1769148579.5782225, "step": 294, "max_steps": 938, "loss": 6.446455001831055, "elapsed_time": 16.032232761383057, "prnt": false}
{"event": "training_step", "timestamp": 1769148579.6270227, "step": 295, "max_steps": 938, "loss": 6.396757125854492, "elapsed_time": 16.080999851226807, "prnt": false}
{"event": "training_step", "timestamp": 1769148579.6759822, "step": 296, "max_steps": 938, "loss": 6.373732089996338, "elapsed_time": 16.129858255386353, "prnt": false}
{"event": "training_step", "timestamp": 1769148579.7248583, "step": 297, "max_steps": 938, "loss": 6.418892860412598, "elapsed_time": 16.178805828094482, "prnt": false}
{"event": "training_step", "timestamp": 1769148579.7737164, "step": 298, "max_steps": 938, "loss": 6.4171247482299805, "elapsed_time": 16.227641105651855, "prnt": false}
{"event": "training_step", "timestamp": 1769148579.8226469, "step": 299, "max_steps": 938, "loss": 6.416588306427002, "elapsed_time": 16.27657914161682, "prnt": false}
{"event": "training_step", "timestamp": 1769148579.8715615, "step": 300, "max_steps": 938, "loss": 6.36715030670166, "elapsed_time": 16.32535982131958, "prnt": false}
{"event": "training_step", "timestamp": 1769148579.920411, "step": 301, "max_steps": 938, "loss": 6.374375343322754, "elapsed_time": 16.374241590499878, "prnt": false}
{"event": "training_step", "timestamp": 1769148579.969358, "step": 302, "max_steps": 938, "loss": 6.364635467529297, "elapsed_time": 16.42320966720581, "prnt": false}
{"event": "training_step", "timestamp": 1769148580.0182295, "step": 303, "max_steps": 938, "loss": 6.399402141571045, "elapsed_time": 16.472102165222168, "prnt": false}
{"event": "training_step", "timestamp": 1769148580.0670977, "step": 304, "max_steps": 938, "loss": 6.464667797088623, "elapsed_time": 16.52093505859375, "prnt": false}
{"event": "training_step", "timestamp": 1769148580.1160057, "step": 305, "max_steps": 938, "loss": 6.431764125823975, "elapsed_time": 16.570013761520386, "prnt": false}
{"event": "training_step", "timestamp": 1769148580.164907, "step": 306, "max_steps": 938, "loss": 6.420187473297119, "elapsed_time": 16.61869764328003, "prnt": false}
{"event": "training_step", "timestamp": 1769148580.213808, "step": 307, "max_steps": 938, "loss": 6.357935428619385, "elapsed_time": 16.667706966400146, "prnt": false}
{"event": "training_step", "timestamp": 1769148580.2628005, "step": 308, "max_steps": 938, "loss": 6.424234390258789, "elapsed_time": 16.71671152114868, "prnt": false}
{"event": "validation_step", "timestamp": 1769148580.4957447, "step": 308, "max_steps": 938, "loss": 1.4020279929729305, "elapsed_time": 16.71671152114868}
{"event": "training_step", "timestamp": 1769148580.5447528, "step": 309, "max_steps": 938, "loss": 6.4488091468811035, "elapsed_time": 16.998730659484863, "prnt": false}
{"event": "training_step", "timestamp": 1769148580.5936217, "step": 310, "max_steps": 938, "loss": 6.40866231918335, "elapsed_time": 17.047589540481567, "prnt": false}
{"event": "training_step", "timestamp": 1769148580.6426113, "step": 311, "max_steps": 938, "loss": 6.393542766571045, "elapsed_time": 17.096466779708862, "prnt": false}
{"event": "training_step", "timestamp": 1769148580.691486, "step": 312, "max_steps": 938, "loss": 6.362750053405762, "elapsed_time": 17.14526677131653, "prnt": false}
{"event": "training_step", "timestamp": 1769148580.7403476, "step": 313, "max_steps": 938, "loss": 6.333088397979736, "elapsed_time": 17.194111824035645, "prnt": false}
{"event": "training_step", "timestamp": 1769148580.7893372, "step": 314, "max_steps": 938, "loss": 6.423061370849609, "elapsed_time": 17.24318766593933, "prnt": false}
{"event": "training_step", "timestamp": 1769148580.8381534, "step": 315, "max_steps": 938, "loss": 6.350117206573486, "elapsed_time": 17.292073965072632, "prnt": false}
{"event": "training_step", "timestamp": 1769148580.8870397, "step": 316, "max_steps": 938, "loss": 6.422882080078125, "elapsed_time": 17.340906381607056, "prnt": false}
{"event": "training_step", "timestamp": 1769148580.9359787, "step": 317, "max_steps": 938, "loss": 6.385296821594238, "elapsed_time": 17.389856338500977, "prnt": false}
{"event": "training_step", "timestamp": 1769148580.984891, "step": 318, "max_steps": 938, "loss": 6.355950832366943, "elapsed_time": 17.438737154006958, "prnt": false}
{"event": "training_step", "timestamp": 1769148581.0337648, "step": 319, "max_steps": 938, "loss": 6.337311267852783, "elapsed_time": 17.487560987472534, "prnt": false}
{"event": "training_step", "timestamp": 1769148581.0827043, "step": 320, "max_steps": 938, "loss": 6.39014196395874, "elapsed_time": 17.536534070968628, "prnt": false}
{"event": "training_step", "timestamp": 1769148581.1316266, "step": 321, "max_steps": 938, "loss": 6.407370090484619, "elapsed_time": 17.585604429244995, "prnt": false}
{"event": "training_step", "timestamp": 1769148581.1805136, "step": 322, "max_steps": 938, "loss": 6.368627071380615, "elapsed_time": 17.63430666923523, "prnt": false}
{"event": "training_step", "timestamp": 1769148581.2294753, "step": 323, "max_steps": 938, "loss": 6.38742208480835, "elapsed_time": 17.683464765548706, "prnt": false}
{"event": "training_step", "timestamp": 1769148581.2783759, "step": 324, "max_steps": 938, "loss": 6.465973377227783, "elapsed_time": 17.732181072235107, "prnt": false}
{"event": "training_step", "timestamp": 1769148581.3272612, "step": 325, "max_steps": 938, "loss": 6.380233287811279, "elapsed_time": 17.78114080429077, "prnt": false}
{"event": "training_step", "timestamp": 1769148581.3761783, "step": 326, "max_steps": 938, "loss": 6.415106296539307, "elapsed_time": 17.830073595046997, "prnt": false}
{"event": "training_step", "timestamp": 1769148581.425177, "step": 327, "max_steps": 938, "loss": 6.399155616760254, "elapsed_time": 17.87935709953308, "prnt": false}
{"event": "training_step", "timestamp": 1769148581.4740279, "step": 328, "max_steps": 938, "loss": 6.361453533172607, "elapsed_time": 17.927805185317993, "prnt": false}
{"event": "training_step", "timestamp": 1769148581.523146, "step": 329, "max_steps": 938, "loss": 6.342082500457764, "elapsed_time": 17.976716995239258, "prnt": false}
{"event": "training_step", "timestamp": 1769148581.5720031, "step": 330, "max_steps": 938, "loss": 6.354254722595215, "elapsed_time": 18.025729656219482, "prnt": false}
{"event": "training_step", "timestamp": 1769148581.6208901, "step": 331, "max_steps": 938, "loss": 6.348841190338135, "elapsed_time": 18.074544191360474, "prnt": false}
{"event": "training_step", "timestamp": 1769148581.6699026, "step": 332, "max_steps": 938, "loss": 6.422067165374756, "elapsed_time": 18.123543977737427, "prnt": false}
{"event": "training_step", "timestamp": 1769148581.7188432, "step": 333, "max_steps": 938, "loss": 6.369080543518066, "elapsed_time": 18.172536373138428, "prnt": false}
{"event": "training_step", "timestamp": 1769148581.7677486, "step": 334, "max_steps": 938, "loss": 6.36826229095459, "elapsed_time": 18.221458435058594, "prnt": false}
{"event": "training_step", "timestamp": 1769148581.8167427, "step": 335, "max_steps": 938, "loss": 6.334886074066162, "elapsed_time": 18.270384073257446, "prnt": false}
{"event": "training_step", "timestamp": 1769148581.8656538, "step": 336, "max_steps": 938, "loss": 6.387988567352295, "elapsed_time": 18.31927466392517, "prnt": false}
{"event": "training_step", "timestamp": 1769148581.9145703, "step": 337, "max_steps": 938, "loss": 6.315557479858398, "elapsed_time": 18.36820077896118, "prnt": false}
{"event": "training_step", "timestamp": 1769148581.9635632, "step": 338, "max_steps": 938, "loss": 6.390800476074219, "elapsed_time": 18.417173624038696, "prnt": false}
{"event": "training_step", "timestamp": 1769148582.0124342, "step": 339, "max_steps": 938, "loss": 6.2750396728515625, "elapsed_time": 18.4660747051239, "prnt": false}
{"event": "training_step", "timestamp": 1769148582.0613265, "step": 340, "max_steps": 938, "loss": 6.297068119049072, "elapsed_time": 18.514962673187256, "prnt": false}
{"event": "training_step", "timestamp": 1769148582.1102989, "step": 341, "max_steps": 938, "loss": 6.326190948486328, "elapsed_time": 18.563958644866943, "prnt": false}
{"event": "training_step", "timestamp": 1769148582.1591482, "step": 342, "max_steps": 938, "loss": 6.349575996398926, "elapsed_time": 18.612838745117188, "prnt": false}
{"event": "training_step", "timestamp": 1769148582.2080395, "step": 343, "max_steps": 938, "loss": 6.335127353668213, "elapsed_time": 18.661641597747803, "prnt": false}
{"event": "training_step", "timestamp": 1769148582.257015, "step": 344, "max_steps": 938, "loss": 6.332155704498291, "elapsed_time": 18.710749626159668, "prnt": false}
{"event": "training_step", "timestamp": 1769148582.3059452, "step": 345, "max_steps": 938, "loss": 6.341958522796631, "elapsed_time": 18.759582042694092, "prnt": false}
{"event": "training_step", "timestamp": 1769148582.354848, "step": 346, "max_steps": 938, "loss": 6.325523376464844, "elapsed_time": 18.808441400527954, "prnt": false}
{"event": "training_step", "timestamp": 1769148582.4038265, "step": 347, "max_steps": 938, "loss": 6.3757524490356445, "elapsed_time": 18.857463359832764, "prnt": false}
{"event": "training_step", "timestamp": 1769148582.452706, "step": 348, "max_steps": 938, "loss": 6.304501056671143, "elapsed_time": 18.90633249282837, "prnt": false}
{"event": "training_step", "timestamp": 1769148582.5015798, "step": 349, "max_steps": 938, "loss": 6.323361873626709, "elapsed_time": 18.955327033996582, "prnt": false}
{"event": "training_step", "timestamp": 1769148582.550628, "step": 350, "max_steps": 938, "loss": 6.356722354888916, "elapsed_time": 19.004212856292725, "prnt": false}
{"event": "training_step", "timestamp": 1769148582.5995371, "step": 351, "max_steps": 938, "loss": 6.356849670410156, "elapsed_time": 19.053224325180054, "prnt": false}
{"event": "training_step", "timestamp": 1769148582.6484473, "step": 352, "max_steps": 938, "loss": 6.3283491134643555, "elapsed_time": 19.10204792022705, "prnt": false}
{"event": "validation_step", "timestamp": 1769148582.8814404, "step": 352, "max_steps": 938, "loss": 1.3845446375589183, "elapsed_time": 19.10204792022705}
{"event": "training_step", "timestamp": 1769148582.930549, "step": 353, "max_steps": 938, "loss": 6.248922824859619, "elapsed_time": 19.384196043014526, "prnt": false}
{"event": "training_step", "timestamp": 1769148582.9794586, "step": 354, "max_steps": 938, "loss": 6.355694770812988, "elapsed_time": 19.433141231536865, "prnt": false}
{"event": "training_step", "timestamp": 1769148583.0283258, "step": 355, "max_steps": 938, "loss": 6.348738193511963, "elapsed_time": 19.482064962387085, "prnt": false}
{"event": "training_step", "timestamp": 1769148583.0773215, "step": 356, "max_steps": 938, "loss": 6.253609657287598, "elapsed_time": 19.530928373336792, "prnt": false}
{"event": "training_step", "timestamp": 1769148583.1262167, "step": 357, "max_steps": 938, "loss": 6.274328231811523, "elapsed_time": 19.579890489578247, "prnt": false}
{"event": "training_step", "timestamp": 1769148583.1750948, "step": 358, "max_steps": 938, "loss": 6.243198394775391, "elapsed_time": 19.628843545913696, "prnt": false}
{"event": "training_step", "timestamp": 1769148583.2240596, "step": 359, "max_steps": 938, "loss": 6.337677955627441, "elapsed_time": 19.67773962020874, "prnt": false}
{"event": "training_step", "timestamp": 1769148583.2729554, "step": 360, "max_steps": 938, "loss": 6.322112560272217, "elapsed_time": 19.726587772369385, "prnt": false}
{"event": "training_step", "timestamp": 1769148583.321841, "step": 361, "max_steps": 938, "loss": 6.263411521911621, "elapsed_time": 19.775460243225098, "prnt": false}
{"event": "training_step", "timestamp": 1769148583.370869, "step": 362, "max_steps": 938, "loss": 6.366002559661865, "elapsed_time": 19.824516773223877, "prnt": false}
{"event": "training_step", "timestamp": 1769148583.419748, "step": 363, "max_steps": 938, "loss": 6.276991844177246, "elapsed_time": 19.87344002723694, "prnt": false}
{"event": "training_step", "timestamp": 1769148583.4688308, "step": 364, "max_steps": 938, "loss": 6.290594100952148, "elapsed_time": 19.922926902770996, "prnt": false}
{"event": "training_step", "timestamp": 1769148583.5178614, "step": 365, "max_steps": 938, "loss": 6.273120880126953, "elapsed_time": 19.971667766571045, "prnt": false}
{"event": "training_step", "timestamp": 1769148583.5667515, "step": 366, "max_steps": 938, "loss": 6.337665557861328, "elapsed_time": 20.020496368408203, "prnt": false}
{"event": "training_step", "timestamp": 1769148583.6156907, "step": 367, "max_steps": 938, "loss": 6.273395538330078, "elapsed_time": 20.06939125061035, "prnt": false}
{"event": "training_step", "timestamp": 1769148583.6646545, "step": 368, "max_steps": 938, "loss": 6.3096113204956055, "elapsed_time": 20.118287324905396, "prnt": false}
{"event": "training_step", "timestamp": 1769148583.713589, "step": 369, "max_steps": 938, "loss": 6.251565933227539, "elapsed_time": 20.16721510887146, "prnt": false}
{"event": "training_step", "timestamp": 1769148583.762531, "step": 370, "max_steps": 938, "loss": 6.284279823303223, "elapsed_time": 20.216180086135864, "prnt": false}
{"event": "training_step", "timestamp": 1769148583.811552, "step": 371, "max_steps": 938, "loss": 6.2870988845825195, "elapsed_time": 20.265231370925903, "prnt": false}
{"event": "training_step", "timestamp": 1769148583.860484, "step": 372, "max_steps": 938, "loss": 6.2920427322387695, "elapsed_time": 20.314123153686523, "prnt": false}
{"event": "training_step", "timestamp": 1769148583.9094708, "step": 373, "max_steps": 938, "loss": 6.210097789764404, "elapsed_time": 20.3630211353302, "prnt": false}
{"event": "training_step", "timestamp": 1769148583.9584732, "step": 374, "max_steps": 938, "loss": 6.244591236114502, "elapsed_time": 20.412135362625122, "prnt": false}
{"event": "training_step", "timestamp": 1769148584.0073998, "step": 375, "max_steps": 938, "loss": 6.300853729248047, "elapsed_time": 20.46103286743164, "prnt": false}
{"event": "training_step", "timestamp": 1769148584.0563061, "step": 376, "max_steps": 938, "loss": 6.221189498901367, "elapsed_time": 20.509978771209717, "prnt": false}
{"event": "training_step", "timestamp": 1769148584.105319, "step": 377, "max_steps": 938, "loss": 6.22017240524292, "elapsed_time": 20.5589439868927, "prnt": false}
{"event": "training_step", "timestamp": 1769148584.1542354, "step": 378, "max_steps": 938, "loss": 6.244505882263184, "elapsed_time": 20.607926845550537, "prnt": false}
{"event": "training_step", "timestamp": 1769148584.2031746, "step": 379, "max_steps": 938, "loss": 6.223113059997559, "elapsed_time": 20.65683078765869, "prnt": false}
{"event": "training_step", "timestamp": 1769148584.2521362, "step": 380, "max_steps": 938, "loss": 6.277093887329102, "elapsed_time": 20.70576310157776, "prnt": false}
{"event": "training_step", "timestamp": 1769148584.301077, "step": 381, "max_steps": 938, "loss": 6.256762504577637, "elapsed_time": 20.75467085838318, "prnt": false}
{"event": "training_step", "timestamp": 1769148584.3499935, "step": 382, "max_steps": 938, "loss": 6.208536148071289, "elapsed_time": 20.803527355194092, "prnt": false}
{"event": "training_step", "timestamp": 1769148584.399013, "step": 383, "max_steps": 938, "loss": 6.210279941558838, "elapsed_time": 20.852616786956787, "prnt": false}
{"event": "training_step", "timestamp": 1769148584.4479222, "step": 384, "max_steps": 938, "loss": 6.232686996459961, "elapsed_time": 20.901531219482422, "prnt": false}
{"event": "training_step", "timestamp": 1769148584.4968936, "step": 385, "max_steps": 938, "loss": 6.291103839874268, "elapsed_time": 20.950584650039673, "prnt": false}
{"event": "training_step", "timestamp": 1769148584.545904, "step": 386, "max_steps": 938, "loss": 6.239865303039551, "elapsed_time": 20.999542236328125, "prnt": false}
{"event": "training_step", "timestamp": 1769148584.5948608, "step": 387, "max_steps": 938, "loss": 6.278403282165527, "elapsed_time": 21.048524379730225, "prnt": false}
{"event": "training_step", "timestamp": 1769148584.6438477, "step": 388, "max_steps": 938, "loss": 6.253321647644043, "elapsed_time": 21.097485542297363, "prnt": false}
{"event": "training_step", "timestamp": 1769148584.6928256, "step": 389, "max_steps": 938, "loss": 6.314271450042725, "elapsed_time": 21.146398782730103, "prnt": false}
{"event": "training_step", "timestamp": 1769148584.7417414, "step": 390, "max_steps": 938, "loss": 6.228459358215332, "elapsed_time": 21.195326805114746, "prnt": false}
{"event": "training_step", "timestamp": 1769148584.7907069, "step": 391, "max_steps": 938, "loss": 6.291078090667725, "elapsed_time": 21.244484186172485, "prnt": false}
{"event": "training_step", "timestamp": 1769148584.8397152, "step": 392, "max_steps": 938, "loss": 6.255975246429443, "elapsed_time": 21.293334484100342, "prnt": false}
{"event": "training_step", "timestamp": 1769148584.8886724, "step": 393, "max_steps": 938, "loss": 6.253487586975098, "elapsed_time": 21.342271327972412, "prnt": false}
{"event": "training_step", "timestamp": 1769148584.9375875, "step": 394, "max_steps": 938, "loss": 6.188923358917236, "elapsed_time": 21.391210317611694, "prnt": false}
{"event": "training_step", "timestamp": 1769148584.986655, "step": 395, "max_steps": 938, "loss": 6.21034574508667, "elapsed_time": 21.440403699874878, "prnt": false}
{"event": "training_step", "timestamp": 1769148585.0356197, "step": 396, "max_steps": 938, "loss": 6.2569966316223145, "elapsed_time": 21.489304304122925, "prnt": false}
{"event": "validation_step", "timestamp": 1769148585.2688024, "step": 396, "max_steps": 938, "loss": 1.3704858770759667, "elapsed_time": 21.489304304122925}
{"event": "training_step", "timestamp": 1769148585.3179557, "step": 397, "max_steps": 938, "loss": 6.243086338043213, "elapsed_time": 21.77148962020874, "prnt": false}
{"event": "training_step", "timestamp": 1769148585.3670223, "step": 398, "max_steps": 938, "loss": 6.1774983406066895, "elapsed_time": 21.820596933364868, "prnt": false}
{"event": "training_step", "timestamp": 1769148585.416011, "step": 399, "max_steps": 938, "loss": 6.199150562286377, "elapsed_time": 21.869715452194214, "prnt": false}
{"event": "training_step", "timestamp": 1769148585.4650695, "step": 400, "max_steps": 938, "loss": 6.154199600219727, "elapsed_time": 21.919185400009155, "prnt": false}
{"event": "training_step", "timestamp": 1769148585.5141149, "step": 401, "max_steps": 938, "loss": 6.161074638366699, "elapsed_time": 21.967947721481323, "prnt": false}
{"event": "training_step", "timestamp": 1769148585.563067, "step": 402, "max_steps": 938, "loss": 6.274833679199219, "elapsed_time": 22.017061471939087, "prnt": false}
{"event": "training_step", "timestamp": 1769148585.612215, "step": 403, "max_steps": 938, "loss": 6.200992584228516, "elapsed_time": 22.06612777709961, "prnt": false}
{"event": "training_step", "timestamp": 1769148585.6610894, "step": 404, "max_steps": 938, "loss": 6.200241565704346, "elapsed_time": 22.114801168441772, "prnt": false}
{"event": "training_step", "timestamp": 1769148585.709988, "step": 405, "max_steps": 938, "loss": 6.185969352722168, "elapsed_time": 22.16365146636963, "prnt": false}
{"event": "training_step", "timestamp": 1769148585.7590168, "step": 406, "max_steps": 938, "loss": 6.239218711853027, "elapsed_time": 22.212650060653687, "prnt": false}
{"event": "training_step", "timestamp": 1769148585.8079965, "step": 407, "max_steps": 938, "loss": 6.201554298400879, "elapsed_time": 22.261621236801147, "prnt": false}
{"event": "training_step", "timestamp": 1769148585.856958, "step": 408, "max_steps": 938, "loss": 6.193129062652588, "elapsed_time": 22.31060481071472, "prnt": false}
{"event": "training_step", "timestamp": 1769148585.9060216, "step": 409, "max_steps": 938, "loss": 6.161121845245361, "elapsed_time": 22.359580755233765, "prnt": false}
{"event": "training_step", "timestamp": 1769148585.9549663, "step": 410, "max_steps": 938, "loss": 6.155661106109619, "elapsed_time": 22.408559560775757, "prnt": false}
{"event": "training_step", "timestamp": 1769148586.0039604, "step": 411, "max_steps": 938, "loss": 6.207334995269775, "elapsed_time": 22.45754599571228, "prnt": false}
{"event": "training_step", "timestamp": 1769148586.053013, "step": 412, "max_steps": 938, "loss": 6.206467151641846, "elapsed_time": 22.506645917892456, "prnt": false}
{"event": "training_step", "timestamp": 1769148586.1019945, "step": 413, "max_steps": 938, "loss": 6.197573661804199, "elapsed_time": 22.555659532546997, "prnt": false}
{"event": "training_step", "timestamp": 1769148586.1509683, "step": 414, "max_steps": 938, "loss": 6.19117546081543, "elapsed_time": 22.604862928390503, "prnt": false}
{"event": "training_step", "timestamp": 1769148586.2000887, "step": 415, "max_steps": 938, "loss": 6.213846206665039, "elapsed_time": 22.653934478759766, "prnt": false}
{"event": "training_step", "timestamp": 1769148586.2490382, "step": 416, "max_steps": 938, "loss": 6.239668369293213, "elapsed_time": 22.702837228775024, "prnt": false}
{"event": "training_step", "timestamp": 1769148586.2980099, "step": 417, "max_steps": 938, "loss": 6.214734077453613, "elapsed_time": 22.751946449279785, "prnt": false}
{"event": "training_step", "timestamp": 1769148586.347035, "step": 418, "max_steps": 938, "loss": 6.235714912414551, "elapsed_time": 22.801074743270874, "prnt": false}
{"event": "training_step", "timestamp": 1769148586.3960085, "step": 419, "max_steps": 938, "loss": 6.155367851257324, "elapsed_time": 22.84993624687195, "prnt": false}
{"event": "training_step", "timestamp": 1769148586.444939, "step": 420, "max_steps": 938, "loss": 6.200268268585205, "elapsed_time": 22.898900985717773, "prnt": false}
{"event": "training_step", "timestamp": 1769148586.4939778, "step": 421, "max_steps": 938, "loss": 6.166158676147461, "elapsed_time": 22.948070287704468, "prnt": false}
{"event": "training_step", "timestamp": 1769148586.542946, "step": 422, "max_steps": 938, "loss": 6.119239330291748, "elapsed_time": 22.996691703796387, "prnt": false}
{"event": "training_step", "timestamp": 1769148586.5919502, "step": 423, "max_steps": 938, "loss": 6.168324947357178, "elapsed_time": 23.045900344848633, "prnt": false}
{"event": "training_step", "timestamp": 1769148586.6410296, "step": 424, "max_steps": 938, "loss": 6.223264694213867, "elapsed_time": 23.094831705093384, "prnt": false}
{"event": "training_step", "timestamp": 1769148586.6900156, "step": 425, "max_steps": 938, "loss": 6.211697101593018, "elapsed_time": 23.143741369247437, "prnt": false}
{"event": "training_step", "timestamp": 1769148586.7389586, "step": 426, "max_steps": 938, "loss": 6.204437732696533, "elapsed_time": 23.192721366882324, "prnt": false}
{"event": "training_step", "timestamp": 1769148586.7880018, "step": 427, "max_steps": 938, "loss": 6.199310302734375, "elapsed_time": 23.241795539855957, "prnt": false}
{"event": "training_step", "timestamp": 1769148586.837005, "step": 428, "max_steps": 938, "loss": 6.190593242645264, "elapsed_time": 23.29085659980774, "prnt": false}
{"event": "training_step", "timestamp": 1769148586.8860016, "step": 429, "max_steps": 938, "loss": 6.222594261169434, "elapsed_time": 23.33992314338684, "prnt": false}
{"event": "training_step", "timestamp": 1769148586.9350002, "step": 430, "max_steps": 938, "loss": 6.134822845458984, "elapsed_time": 23.388771533966064, "prnt": false}
{"event": "training_step", "timestamp": 1769148586.9839633, "step": 431, "max_steps": 938, "loss": 6.160400390625, "elapsed_time": 23.437766551971436, "prnt": false}
{"event": "training_step", "timestamp": 1769148587.032897, "step": 432, "max_steps": 938, "loss": 6.159934043884277, "elapsed_time": 23.486727476119995, "prnt": false}
{"event": "training_step", "timestamp": 1769148587.081911, "step": 433, "max_steps": 938, "loss": 6.152032375335693, "elapsed_time": 23.53569197654724, "prnt": false}
{"event": "training_step", "timestamp": 1769148587.1308727, "step": 434, "max_steps": 938, "loss": 6.139886856079102, "elapsed_time": 23.584678173065186, "prnt": false}
{"event": "training_step", "timestamp": 1769148587.1798475, "step": 435, "max_steps": 938, "loss": 6.112631320953369, "elapsed_time": 23.633534908294678, "prnt": false}
{"event": "training_step", "timestamp": 1769148587.228906, "step": 436, "max_steps": 938, "loss": 6.167903423309326, "elapsed_time": 23.682671070098877, "prnt": false}
{"event": "training_step", "timestamp": 1769148587.2778623, "step": 437, "max_steps": 938, "loss": 6.132227897644043, "elapsed_time": 23.73169231414795, "prnt": false}
{"event": "training_step", "timestamp": 1769148587.3268344, "step": 438, "max_steps": 938, "loss": 6.179938793182373, "elapsed_time": 23.78054928779602, "prnt": false}
{"event": "training_step", "timestamp": 1769148587.3758838, "step": 439, "max_steps": 938, "loss": 6.133481502532959, "elapsed_time": 23.829671144485474, "prnt": false}
{"event": "training_step", "timestamp": 1769148587.424873, "step": 440, "max_steps": 938, "loss": 6.1454758644104, "elapsed_time": 23.87868309020996, "prnt": false}
{"event": "validation_step", "timestamp": 1769148587.6582649, "step": 440, "max_steps": 938, "loss": 1.3578812804551659, "elapsed_time": 23.87868309020996}
{"event": "training_step", "timestamp": 1769148587.707454, "step": 441, "max_steps": 938, "loss": 6.164725303649902, "elapsed_time": 24.161672115325928, "prnt": false}
{"event": "training_step", "timestamp": 1769148587.756489, "step": 442, "max_steps": 938, "loss": 6.129913806915283, "elapsed_time": 24.21029543876648, "prnt": false}
{"event": "training_step", "timestamp": 1769148587.8055453, "step": 443, "max_steps": 938, "loss": 6.153968334197998, "elapsed_time": 24.259347677230835, "prnt": false}
{"event": "training_step", "timestamp": 1769148587.854525, "step": 444, "max_steps": 938, "loss": 6.092806339263916, "elapsed_time": 24.30836510658264, "prnt": false}
{"event": "training_step", "timestamp": 1769148587.9036164, "step": 445, "max_steps": 938, "loss": 6.216593265533447, "elapsed_time": 24.357534408569336, "prnt": false}
{"event": "training_step", "timestamp": 1769148587.952632, "step": 446, "max_steps": 938, "loss": 6.212604999542236, "elapsed_time": 24.406506776809692, "prnt": false}
{"event": "training_step", "timestamp": 1769148588.0016418, "step": 447, "max_steps": 938, "loss": 6.085469722747803, "elapsed_time": 24.45568346977234, "prnt": false}
{"event": "training_step", "timestamp": 1769148588.050724, "step": 448, "max_steps": 938, "loss": 6.152464389801025, "elapsed_time": 24.50454330444336, "prnt": false}
{"event": "training_step", "timestamp": 1769148588.0997257, "step": 449, "max_steps": 938, "loss": 6.19238805770874, "elapsed_time": 24.553399801254272, "prnt": false}
{"event": "training_step", "timestamp": 1769148588.1487498, "step": 450, "max_steps": 938, "loss": 6.199009895324707, "elapsed_time": 24.60247254371643, "prnt": false}
{"event": "training_step", "timestamp": 1769148588.197818, "step": 451, "max_steps": 938, "loss": 6.129680633544922, "elapsed_time": 24.65153980255127, "prnt": false}
{"event": "training_step", "timestamp": 1769148588.2467902, "step": 452, "max_steps": 938, "loss": 6.081122398376465, "elapsed_time": 24.700726985931396, "prnt": false}
{"event": "training_step", "timestamp": 1769148588.2957006, "step": 453, "max_steps": 938, "loss": 6.129834175109863, "elapsed_time": 24.749545574188232, "prnt": false}
{"event": "training_step", "timestamp": 1769148588.344758, "step": 454, "max_steps": 938, "loss": 6.17836332321167, "elapsed_time": 24.79852318763733, "prnt": false}
{"event": "training_step", "timestamp": 1769148588.3937953, "step": 455, "max_steps": 938, "loss": 6.1110076904296875, "elapsed_time": 24.847713232040405, "prnt": false}
{"event": "training_step", "timestamp": 1769148588.4427493, "step": 456, "max_steps": 938, "loss": 6.108813285827637, "elapsed_time": 24.896594285964966, "prnt": false}
{"event": "training_step", "timestamp": 1769148588.4918044, "step": 457, "max_steps": 938, "loss": 6.112185955047607, "elapsed_time": 24.945627450942993, "prnt": false}
{"event": "training_step", "timestamp": 1769148588.5407536, "step": 458, "max_steps": 938, "loss": 6.181083679199219, "elapsed_time": 24.99454927444458, "prnt": false}
{"event": "training_step", "timestamp": 1769148588.589766, "step": 459, "max_steps": 938, "loss": 6.104570388793945, "elapsed_time": 25.043792009353638, "prnt": false}
{"event": "training_step", "timestamp": 1769148588.6389008, "step": 460, "max_steps": 938, "loss": 6.0511298179626465, "elapsed_time": 25.09257197380066, "prnt": false}
{"event": "training_step", "timestamp": 1769148588.68807, "step": 461, "max_steps": 938, "loss": 6.157782554626465, "elapsed_time": 25.141644954681396, "prnt": false}
{"event": "training_step", "timestamp": 1769148588.7370346, "step": 462, "max_steps": 938, "loss": 6.153374671936035, "elapsed_time": 25.190799474716187, "prnt": false}
{"event": "training_step", "timestamp": 1769148588.786103, "step": 463, "max_steps": 938, "loss": 6.1026411056518555, "elapsed_time": 25.23984169960022, "prnt": false}
{"event": "training_step", "timestamp": 1769148588.8350956, "step": 464, "max_steps": 938, "loss": 6.1386518478393555, "elapsed_time": 25.288864850997925, "prnt": false}
{"event": "training_step", "timestamp": 1769148588.8840437, "step": 465, "max_steps": 938, "loss": 6.14536190032959, "elapsed_time": 25.33789825439453, "prnt": false}
{"event": "training_step", "timestamp": 1769148588.93311, "step": 466, "max_steps": 938, "loss": 6.137130260467529, "elapsed_time": 25.386929512023926, "prnt": false}
{"event": "training_step", "timestamp": 1769148588.9820602, "step": 467, "max_steps": 938, "loss": 6.142936706542969, "elapsed_time": 25.436134815216064, "prnt": false}
{"event": "training_step", "timestamp": 1769148589.0310588, "step": 468, "max_steps": 938, "loss": 6.174348831176758, "elapsed_time": 25.484844207763672, "prnt": false}
{"event": "training_step", "timestamp": 1769148589.080105, "step": 469, "max_steps": 938, "loss": 6.145188808441162, "elapsed_time": 25.53394865989685, "prnt": false}
{"event": "training_step", "timestamp": 1769148589.1290936, "step": 470, "max_steps": 938, "loss": 6.144621849060059, "elapsed_time": 25.582818269729614, "prnt": false}
{"event": "training_step", "timestamp": 1769148589.1780741, "step": 471, "max_steps": 938, "loss": 6.1365861892700195, "elapsed_time": 25.631829977035522, "prnt": false}
{"event": "training_step", "timestamp": 1769148589.2271705, "step": 472, "max_steps": 938, "loss": 6.154384136199951, "elapsed_time": 25.680974006652832, "prnt": false}
{"event": "training_step", "timestamp": 1769148589.2761219, "step": 473, "max_steps": 938, "loss": 6.077574253082275, "elapsed_time": 25.72991180419922, "prnt": false}
{"event": "training_step", "timestamp": 1769148589.3251338, "step": 474, "max_steps": 938, "loss": 6.173722743988037, "elapsed_time": 25.778835773468018, "prnt": false}
{"event": "training_step", "timestamp": 1769148589.374212, "step": 475, "max_steps": 938, "loss": 6.098316669464111, "elapsed_time": 25.828176736831665, "prnt": false}
{"event": "training_step", "timestamp": 1769148589.4232852, "step": 476, "max_steps": 938, "loss": 6.091685771942139, "elapsed_time": 25.877065658569336, "prnt": false}
{"event": "training_step", "timestamp": 1769148589.4722755, "step": 477, "max_steps": 938, "loss": 6.142069339752197, "elapsed_time": 25.92609930038452, "prnt": false}
{"event": "training_step", "timestamp": 1769148589.5214849, "step": 478, "max_steps": 938, "loss": 6.121230125427246, "elapsed_time": 25.975616455078125, "prnt": false}
{"event": "training_step", "timestamp": 1769148589.570491, "step": 479, "max_steps": 938, "loss": 6.091927528381348, "elapsed_time": 26.024266958236694, "prnt": false}
{"event": "training_step", "timestamp": 1769148589.619532, "step": 480, "max_steps": 938, "loss": 6.111476421356201, "elapsed_time": 26.07341432571411, "prnt": false}
{"event": "training_step", "timestamp": 1769148589.6686766, "step": 481, "max_steps": 938, "loss": 6.0946760177612305, "elapsed_time": 26.12245273590088, "prnt": false}
{"event": "training_step", "timestamp": 1769148589.7176704, "step": 482, "max_steps": 938, "loss": 6.100185394287109, "elapsed_time": 26.17130160331726, "prnt": false}
{"event": "training_step", "timestamp": 1769148589.7666712, "step": 483, "max_steps": 938, "loss": 6.087961196899414, "elapsed_time": 26.220354318618774, "prnt": false}
{"event": "training_step", "timestamp": 1769148589.81577, "step": 484, "max_steps": 938, "loss": 6.052160739898682, "elapsed_time": 26.269614458084106, "prnt": false}
{"event": "validation_step", "timestamp": 1769148590.0493698, "step": 484, "max_steps": 938, "loss": 1.3475397214928397, "elapsed_time": 26.269614458084106}
{"event": "training_step", "timestamp": 1769148590.0984805, "step": 485, "max_steps": 938, "loss": 6.139813423156738, "elapsed_time": 26.55235743522644, "prnt": false}
{"event": "training_step", "timestamp": 1769148590.147487, "step": 486, "max_steps": 938, "loss": 6.056376934051514, "elapsed_time": 26.601269721984863, "prnt": false}
{"event": "training_step", "timestamp": 1769148590.1965935, "step": 487, "max_steps": 938, "loss": 6.090747356414795, "elapsed_time": 26.65030288696289, "prnt": false}
{"event": "training_step", "timestamp": 1769148590.2456172, "step": 488, "max_steps": 938, "loss": 6.064547061920166, "elapsed_time": 26.699416399002075, "prnt": false}
{"event": "training_step", "timestamp": 1769148590.294646, "step": 489, "max_steps": 938, "loss": 6.147185325622559, "elapsed_time": 26.748393058776855, "prnt": false}
{"event": "training_step", "timestamp": 1769148590.343727, "step": 490, "max_steps": 938, "loss": 6.086999893188477, "elapsed_time": 26.79749035835266, "prnt": false}
{"event": "training_step", "timestamp": 1769148590.3927157, "step": 491, "max_steps": 938, "loss": 6.064965724945068, "elapsed_time": 26.846561431884766, "prnt": false}
{"event": "training_step", "timestamp": 1769148590.441704, "step": 492, "max_steps": 938, "loss": 6.037120819091797, "elapsed_time": 26.895527601242065, "prnt": false}
{"event": "training_step", "timestamp": 1769148590.490827, "step": 493, "max_steps": 938, "loss": 6.110778331756592, "elapsed_time": 26.944580078125, "prnt": false}
{"event": "training_step", "timestamp": 1769148590.5397754, "step": 494, "max_steps": 938, "loss": 6.051827430725098, "elapsed_time": 26.993589401245117, "prnt": false}
{"event": "training_step", "timestamp": 1769148590.5887856, "step": 495, "max_steps": 938, "loss": 6.097384929656982, "elapsed_time": 27.042505741119385, "prnt": false}
{"event": "training_step", "timestamp": 1769148590.6378815, "step": 496, "max_steps": 938, "loss": 6.155679702758789, "elapsed_time": 27.091605186462402, "prnt": false}
{"event": "training_step", "timestamp": 1769148590.6868534, "step": 497, "max_steps": 938, "loss": 6.080639362335205, "elapsed_time": 27.140625, "prnt": false}
{"event": "training_step", "timestamp": 1769148590.7358491, "step": 498, "max_steps": 938, "loss": 6.0439958572387695, "elapsed_time": 27.189517498016357, "prnt": false}
{"event": "training_step", "timestamp": 1769148590.7849317, "step": 499, "max_steps": 938, "loss": 6.101168155670166, "elapsed_time": 27.23867392539978, "prnt": false}
{"event": "training_step", "timestamp": 1769148590.8339741, "step": 500, "max_steps": 938, "loss": 6.079071044921875, "elapsed_time": 27.287837982177734, "prnt": false}
{"event": "training_step", "timestamp": 1769148590.8829567, "step": 501, "max_steps": 938, "loss": 6.044570446014404, "elapsed_time": 27.33689284324646, "prnt": false}
{"event": "training_step", "timestamp": 1769148590.9320343, "step": 502, "max_steps": 938, "loss": 6.096994400024414, "elapsed_time": 27.38572096824646, "prnt": false}
{"event": "training_step", "timestamp": 1769148590.9810646, "step": 503, "max_steps": 938, "loss": 6.088456153869629, "elapsed_time": 27.434728384017944, "prnt": false}
{"event": "training_step", "timestamp": 1769148591.030145, "step": 504, "max_steps": 938, "loss": 6.046294689178467, "elapsed_time": 27.48409080505371, "prnt": false}
{"event": "training_step", "timestamp": 1769148591.0792928, "step": 505, "max_steps": 938, "loss": 6.113780498504639, "elapsed_time": 27.53321671485901, "prnt": false}
{"event": "training_step", "timestamp": 1769148591.128366, "step": 506, "max_steps": 938, "loss": 6.097668647766113, "elapsed_time": 27.58230233192444, "prnt": false}
{"event": "training_step", "timestamp": 1769148591.17738, "step": 507, "max_steps": 938, "loss": 5.998985290527344, "elapsed_time": 27.63121008872986, "prnt": false}
{"event": "training_step", "timestamp": 1769148591.2265494, "step": 508, "max_steps": 938, "loss": 6.058545112609863, "elapsed_time": 27.68043351173401, "prnt": false}
{"event": "training_step", "timestamp": 1769148591.2755437, "step": 509, "max_steps": 938, "loss": 6.059051036834717, "elapsed_time": 27.729331016540527, "prnt": false}
{"event": "training_step", "timestamp": 1769148591.324553, "step": 510, "max_steps": 938, "loss": 6.058576583862305, "elapsed_time": 27.778337478637695, "prnt": false}
{"event": "training_step", "timestamp": 1769148591.3736737, "step": 511, "max_steps": 938, "loss": 6.026121139526367, "elapsed_time": 27.827461004257202, "prnt": false}
{"event": "training_step", "timestamp": 1769148591.4227655, "step": 512, "max_steps": 938, "loss": 6.012269020080566, "elapsed_time": 27.87659215927124, "prnt": false}
{"event": "training_step", "timestamp": 1769148591.4718316, "step": 513, "max_steps": 938, "loss": 6.04580020904541, "elapsed_time": 27.925566911697388, "prnt": false}
{"event": "training_step", "timestamp": 1769148591.5210102, "step": 514, "max_steps": 938, "loss": 6.015969753265381, "elapsed_time": 27.97492551803589, "prnt": false}
{"event": "training_step", "timestamp": 1769148591.5700047, "step": 515, "max_steps": 938, "loss": 6.106607437133789, "elapsed_time": 28.023876428604126, "prnt": false}
{"event": "training_step", "timestamp": 1769148591.6190832, "step": 516, "max_steps": 938, "loss": 6.012272834777832, "elapsed_time": 28.07300090789795, "prnt": false}
{"event": "training_step", "timestamp": 1769148591.6682343, "step": 517, "max_steps": 938, "loss": 6.086541175842285, "elapsed_time": 28.121992588043213, "prnt": false}
{"event": "training_step", "timestamp": 1769148591.7172453, "step": 518, "max_steps": 938, "loss": 6.0369720458984375, "elapsed_time": 28.170970678329468, "prnt": false}
{"event": "training_step", "timestamp": 1769148591.7662868, "step": 519, "max_steps": 938, "loss": 6.050289154052734, "elapsed_time": 28.22004270553589, "prnt": false}
{"event": "training_step", "timestamp": 1769148591.815412, "step": 520, "max_steps": 938, "loss": 6.02859354019165, "elapsed_time": 28.269324779510498, "prnt": false}
{"event": "training_step", "timestamp": 1769148591.8644526, "step": 521, "max_steps": 938, "loss": 6.0481367111206055, "elapsed_time": 28.31821632385254, "prnt": false}
{"event": "training_step", "timestamp": 1769148591.9134955, "step": 522, "max_steps": 938, "loss": 6.044274806976318, "elapsed_time": 28.367130517959595, "prnt": false}
{"event": "training_step", "timestamp": 1769148591.962616, "step": 523, "max_steps": 938, "loss": 6.030982494354248, "elapsed_time": 28.416319370269775, "prnt": false}
{"event": "training_step", "timestamp": 1769148592.0116563, "step": 524, "max_steps": 938, "loss": 6.085970401763916, "elapsed_time": 28.46518325805664, "prnt": false}
{"event": "training_step", "timestamp": 1769148592.0607202, "step": 525, "max_steps": 938, "loss": 6.064708232879639, "elapsed_time": 28.51433253288269, "prnt": false}
{"event": "training_step", "timestamp": 1769148592.1098733, "step": 526, "max_steps": 938, "loss": 5.977396011352539, "elapsed_time": 28.563669681549072, "prnt": false}
{"event": "training_step", "timestamp": 1769148592.1589, "step": 527, "max_steps": 938, "loss": 6.051209449768066, "elapsed_time": 28.612678289413452, "prnt": false}
{"event": "training_step", "timestamp": 1769148592.207979, "step": 528, "max_steps": 938, "loss": 6.062346458435059, "elapsed_time": 28.661644458770752, "prnt": false}
{"event": "validation_step", "timestamp": 1769148592.4416597, "step": 528, "max_steps": 938, "loss": 1.3383151986042416, "elapsed_time": 28.661644458770752}
{"event": "training_step", "timestamp": 1769148592.4908848, "step": 529, "max_steps": 938, "loss": 5.968043804168701, "elapsed_time": 28.944703340530396, "prnt": false}
{"event": "training_step", "timestamp": 1769148592.5400176, "step": 530, "max_steps": 938, "loss": 6.072032451629639, "elapsed_time": 28.99378800392151, "prnt": false}
{"event": "training_step", "timestamp": 1769148592.589059, "step": 531, "max_steps": 938, "loss": 6.0469841957092285, "elapsed_time": 29.042858362197876, "prnt": false}
{"event": "training_step", "timestamp": 1769148592.6381927, "step": 532, "max_steps": 938, "loss": 6.079404354095459, "elapsed_time": 29.091873168945312, "prnt": false}
{"event": "training_step", "timestamp": 1769148592.6872272, "step": 533, "max_steps": 938, "loss": 6.063869476318359, "elapsed_time": 29.140922784805298, "prnt": false}
{"event": "training_step", "timestamp": 1769148592.7362468, "step": 534, "max_steps": 938, "loss": 6.058098316192627, "elapsed_time": 29.189918041229248, "prnt": false}
{"event": "training_step", "timestamp": 1769148592.7853327, "step": 535, "max_steps": 938, "loss": 6.027396202087402, "elapsed_time": 29.238999128341675, "prnt": false}
{"event": "training_step", "timestamp": 1769148592.8343658, "step": 536, "max_steps": 938, "loss": 6.006100177764893, "elapsed_time": 29.288122177124023, "prnt": false}
{"event": "training_step", "timestamp": 1769148592.8836136, "step": 537, "max_steps": 938, "loss": 6.043747425079346, "elapsed_time": 29.33734154701233, "prnt": false}
{"event": "training_step", "timestamp": 1769148592.9326813, "step": 538, "max_steps": 938, "loss": 5.99859094619751, "elapsed_time": 29.386408805847168, "prnt": false}
{"event": "training_step", "timestamp": 1769148592.981676, "step": 539, "max_steps": 938, "loss": 5.971989154815674, "elapsed_time": 29.43555736541748, "prnt": false}
{"event": "training_step", "timestamp": 1769148593.0308475, "step": 540, "max_steps": 938, "loss": 6.014797687530518, "elapsed_time": 29.4844970703125, "prnt": false}
{"event": "training_step", "timestamp": 1769148593.0798743, "step": 541, "max_steps": 938, "loss": 6.047465801239014, "elapsed_time": 29.53353524208069, "prnt": false}
{"event": "training_step", "timestamp": 1769148593.1289277, "step": 542, "max_steps": 938, "loss": 5.968180179595947, "elapsed_time": 29.582561254501343, "prnt": false}
{"event": "training_step", "timestamp": 1769148593.1780486, "step": 543, "max_steps": 938, "loss": 6.061247825622559, "elapsed_time": 29.631770372390747, "prnt": false}
{"event": "training_step", "timestamp": 1769148593.2271392, "step": 544, "max_steps": 938, "loss": 6.030372619628906, "elapsed_time": 29.680750131607056, "prnt": false}
{"event": "training_step", "timestamp": 1769148593.2761924, "step": 545, "max_steps": 938, "loss": 6.023502826690674, "elapsed_time": 29.730051517486572, "prnt": false}
{"event": "training_step", "timestamp": 1769148593.3253248, "step": 546, "max_steps": 938, "loss": 6.0831451416015625, "elapsed_time": 29.779003858566284, "prnt": false}
{"event": "training_step", "timestamp": 1769148593.3743596, "step": 547, "max_steps": 938, "loss": 5.979888916015625, "elapsed_time": 29.828086853027344, "prnt": false}
{"event": "training_step", "timestamp": 1769148593.4233956, "step": 548, "max_steps": 938, "loss": 5.989150524139404, "elapsed_time": 29.87702441215515, "prnt": false}
{"event": "training_step", "timestamp": 1769148593.4725661, "step": 549, "max_steps": 938, "loss": 6.0823774337768555, "elapsed_time": 29.926268815994263, "prnt": false}
{"event": "training_step", "timestamp": 1769148593.5216346, "step": 550, "max_steps": 938, "loss": 5.984777927398682, "elapsed_time": 29.975301265716553, "prnt": false}
{"event": "training_step", "timestamp": 1769148593.5708847, "step": 551, "max_steps": 938, "loss": 5.981383800506592, "elapsed_time": 30.02511167526245, "prnt": false}
{"event": "training_step", "timestamp": 1769148593.6200085, "step": 552, "max_steps": 938, "loss": 6.087162494659424, "elapsed_time": 30.073806047439575, "prnt": false}
{"event": "training_step", "timestamp": 1769148593.6690474, "step": 553, "max_steps": 938, "loss": 6.037371635437012, "elapsed_time": 30.122732400894165, "prnt": false}
{"event": "training_step", "timestamp": 1769148593.7180905, "step": 554, "max_steps": 938, "loss": 6.057712078094482, "elapsed_time": 30.17176842689514, "prnt": false}
{"event": "training_step", "timestamp": 1769148593.7672591, "step": 555, "max_steps": 938, "loss": 6.024223804473877, "elapsed_time": 30.220984935760498, "prnt": false}
{"event": "training_step", "timestamp": 1769148593.816287, "step": 556, "max_steps": 938, "loss": 6.010251045227051, "elapsed_time": 30.270037174224854, "prnt": false}
{"event": "training_step", "timestamp": 1769148593.8653264, "step": 557, "max_steps": 938, "loss": 5.992040634155273, "elapsed_time": 30.31907343864441, "prnt": false}
{"event": "training_step", "timestamp": 1769148593.9144468, "step": 558, "max_steps": 938, "loss": 6.0373454093933105, "elapsed_time": 30.3681640625, "prnt": false}
{"event": "training_step", "timestamp": 1769148593.963508, "step": 559, "max_steps": 938, "loss": 5.92385721206665, "elapsed_time": 30.41713547706604, "prnt": false}
{"event": "training_step", "timestamp": 1769148594.0125597, "step": 560, "max_steps": 938, "loss": 5.989714622497559, "elapsed_time": 30.466355085372925, "prnt": false}
{"event": "training_step", "timestamp": 1769148594.0616837, "step": 561, "max_steps": 938, "loss": 6.085969924926758, "elapsed_time": 30.515365839004517, "prnt": false}
{"event": "training_step", "timestamp": 1769148594.1107094, "step": 562, "max_steps": 938, "loss": 6.004574775695801, "elapsed_time": 30.56440305709839, "prnt": false}
{"event": "training_step", "timestamp": 1769148594.1597507, "step": 563, "max_steps": 938, "loss": 5.9558796882629395, "elapsed_time": 30.613413333892822, "prnt": false}
{"event": "training_step", "timestamp": 1769148594.208962, "step": 564, "max_steps": 938, "loss": 5.9994988441467285, "elapsed_time": 30.66264271736145, "prnt": false}
{"event": "training_step", "timestamp": 1769148594.2579713, "step": 565, "max_steps": 938, "loss": 6.0375075340271, "elapsed_time": 30.711724758148193, "prnt": false}
{"event": "training_step", "timestamp": 1769148594.3069897, "step": 566, "max_steps": 938, "loss": 6.019742488861084, "elapsed_time": 30.76072359085083, "prnt": false}
{"event": "training_step", "timestamp": 1769148594.356071, "step": 567, "max_steps": 938, "loss": 5.990469455718994, "elapsed_time": 30.80976366996765, "prnt": false}
{"event": "training_step", "timestamp": 1769148594.4051144, "step": 568, "max_steps": 938, "loss": 5.934881210327148, "elapsed_time": 30.858884811401367, "prnt": false}
{"event": "training_step", "timestamp": 1769148594.4541578, "step": 569, "max_steps": 938, "loss": 6.035613059997559, "elapsed_time": 30.90795612335205, "prnt": false}
{"event": "training_step", "timestamp": 1769148594.5033233, "step": 570, "max_steps": 938, "loss": 6.002645015716553, "elapsed_time": 30.957104206085205, "prnt": false}
{"event": "training_step", "timestamp": 1769148594.5524359, "step": 571, "max_steps": 938, "loss": 5.981756210327148, "elapsed_time": 31.006221532821655, "prnt": false}
{"event": "training_step", "timestamp": 1769148594.6015584, "step": 572, "max_steps": 938, "loss": 6.0291218757629395, "elapsed_time": 31.05532479286194, "prnt": false}
{"event": "validation_step", "timestamp": 1769148594.8355267, "step": 572, "max_steps": 938, "loss": 1.3308048260950267, "elapsed_time": 31.05532479286194}
{"event": "training_step", "timestamp": 1769148594.8848164, "step": 573, "max_steps": 938, "loss": 5.945374965667725, "elapsed_time": 31.3385329246521, "prnt": false}
{"event": "training_step", "timestamp": 1769148594.9339, "step": 574, "max_steps": 938, "loss": 6.040121078491211, "elapsed_time": 31.387738466262817, "prnt": false}
{"event": "training_step", "timestamp": 1769148594.9829574, "step": 575, "max_steps": 938, "loss": 5.9620842933654785, "elapsed_time": 31.436586618423462, "prnt": false}
{"event": "training_step", "timestamp": 1769148595.032124, "step": 576, "max_steps": 938, "loss": 5.948490619659424, "elapsed_time": 31.48582625389099, "prnt": false}
{"event": "training_step", "timestamp": 1769148595.081141, "step": 577, "max_steps": 938, "loss": 5.949917316436768, "elapsed_time": 31.534836292266846, "prnt": false}
{"event": "training_step", "timestamp": 1769148595.1301877, "step": 578, "max_steps": 938, "loss": 5.967811584472656, "elapsed_time": 31.583867073059082, "prnt": false}
{"event": "training_step", "timestamp": 1769148595.1793149, "step": 579, "max_steps": 938, "loss": 5.9935173988342285, "elapsed_time": 31.633015632629395, "prnt": false}
{"event": "training_step", "timestamp": 1769148595.2283993, "step": 580, "max_steps": 938, "loss": 6.020982265472412, "elapsed_time": 31.682063579559326, "prnt": false}
{"event": "training_step", "timestamp": 1769148595.2774642, "step": 581, "max_steps": 938, "loss": 6.047060012817383, "elapsed_time": 31.731019496917725, "prnt": false}
{"event": "training_step", "timestamp": 1769148595.3266573, "step": 582, "max_steps": 938, "loss": 6.000123977661133, "elapsed_time": 31.780314207077026, "prnt": false}
{"event": "training_step", "timestamp": 1769148595.375706, "step": 583, "max_steps": 938, "loss": 6.006242275238037, "elapsed_time": 31.829456329345703, "prnt": false}
{"event": "training_step", "timestamp": 1769148595.424738, "step": 584, "max_steps": 938, "loss": 6.008173942565918, "elapsed_time": 31.878455877304077, "prnt": false}
{"event": "training_step", "timestamp": 1769148595.4738958, "step": 585, "max_steps": 938, "loss": 6.002547264099121, "elapsed_time": 31.927539825439453, "prnt": false}
{"event": "training_step", "timestamp": 1769148595.5229502, "step": 586, "max_steps": 938, "loss": 5.963876724243164, "elapsed_time": 31.97663164138794, "prnt": false}
{"event": "training_step", "timestamp": 1769148595.5721664, "step": 587, "max_steps": 938, "loss": 6.057605266571045, "elapsed_time": 32.026341915130615, "prnt": false}
{"event": "training_step", "timestamp": 1769148595.6213658, "step": 588, "max_steps": 938, "loss": 5.941599369049072, "elapsed_time": 32.075186014175415, "prnt": false}
{"event": "training_step", "timestamp": 1769148595.6704445, "step": 589, "max_steps": 938, "loss": 6.040503025054932, "elapsed_time": 32.12415337562561, "prnt": false}
{"event": "training_step", "timestamp": 1769148595.7194896, "step": 590, "max_steps": 938, "loss": 6.017632484436035, "elapsed_time": 32.173152923583984, "prnt": false}
{"event": "training_step", "timestamp": 1769148595.7686503, "step": 591, "max_steps": 938, "loss": 6.02121114730835, "elapsed_time": 32.22232151031494, "prnt": false}
{"event": "training_step", "timestamp": 1769148595.8179638, "step": 592, "max_steps": 938, "loss": 5.940761566162109, "elapsed_time": 32.271392583847046, "prnt": false}
{"event": "training_step", "timestamp": 1769148595.8670259, "step": 593, "max_steps": 938, "loss": 5.933229446411133, "elapsed_time": 32.32073950767517, "prnt": false}
{"event": "training_step", "timestamp": 1769148595.9161747, "step": 594, "max_steps": 938, "loss": 5.93941593170166, "elapsed_time": 32.36981272697449, "prnt": false}
{"event": "training_step", "timestamp": 1769148595.9652941, "step": 595, "max_steps": 938, "loss": 5.969940185546875, "elapsed_time": 32.41890072822571, "prnt": false}
{"event": "training_step", "timestamp": 1769148596.0143516, "step": 596, "max_steps": 938, "loss": 5.985488414764404, "elapsed_time": 32.46802544593811, "prnt": false}
{"event": "training_step", "timestamp": 1769148596.0635004, "step": 597, "max_steps": 938, "loss": 5.999468803405762, "elapsed_time": 32.51711297035217, "prnt": false}
{"event": "training_step", "timestamp": 1769148596.1126316, "step": 598, "max_steps": 938, "loss": 5.982536792755127, "elapsed_time": 32.56640625, "prnt": false}
{"event": "training_step", "timestamp": 1769148596.1617587, "step": 599, "max_steps": 938, "loss": 5.975175857543945, "elapsed_time": 32.615551471710205, "prnt": false}
{"event": "training_step", "timestamp": 1769148596.2108836, "step": 600, "max_steps": 938, "loss": 6.004457950592041, "elapsed_time": 32.664581060409546, "prnt": false}
{"event": "training_step", "timestamp": 1769148596.2599134, "step": 601, "max_steps": 938, "loss": 5.969472408294678, "elapsed_time": 32.71370053291321, "prnt": false}
{"event": "training_step", "timestamp": 1769148596.3089836, "step": 602, "max_steps": 938, "loss": 5.968336582183838, "elapsed_time": 32.76260280609131, "prnt": false}
{"event": "training_step", "timestamp": 1769148596.3581448, "step": 603, "max_steps": 938, "loss": 6.017418384552002, "elapsed_time": 32.81181883811951, "prnt": false}
{"event": "training_step", "timestamp": 1769148596.4072337, "step": 604, "max_steps": 938, "loss": 5.986156463623047, "elapsed_time": 32.86090421676636, "prnt": false}
{"event": "training_step", "timestamp": 1769148596.4562938, "step": 605, "max_steps": 938, "loss": 5.959901809692383, "elapsed_time": 32.90996503829956, "prnt": false}
{"event": "training_step", "timestamp": 1769148596.5054424, "step": 606, "max_steps": 938, "loss": 6.013186454772949, "elapsed_time": 32.95909142494202, "prnt": false}
{"event": "training_step", "timestamp": 1769148596.5544972, "step": 607, "max_steps": 938, "loss": 5.926913261413574, "elapsed_time": 33.00823378562927, "prnt": false}
{"event": "training_step", "timestamp": 1769148596.6035433, "step": 608, "max_steps": 938, "loss": 6.001815319061279, "elapsed_time": 33.057334661483765, "prnt": false}
{"event": "training_step", "timestamp": 1769148596.6527967, "step": 609, "max_steps": 938, "loss": 6.016385555267334, "elapsed_time": 33.10671067237854, "prnt": false}
{"event": "training_step", "timestamp": 1769148596.7019212, "step": 610, "max_steps": 938, "loss": 5.929257869720459, "elapsed_time": 33.15563488006592, "prnt": false}
{"event": "training_step", "timestamp": 1769148596.7509768, "step": 611, "max_steps": 938, "loss": 5.923558235168457, "elapsed_time": 33.2047483921051, "prnt": false}
{"event": "training_step", "timestamp": 1769148596.8001273, "step": 612, "max_steps": 938, "loss": 5.937042713165283, "elapsed_time": 33.25381255149841, "prnt": false}
{"event": "training_step", "timestamp": 1769148596.8492024, "step": 613, "max_steps": 938, "loss": 5.9104204177856445, "elapsed_time": 33.30293798446655, "prnt": false}
{"event": "training_step", "timestamp": 1769148596.8982494, "step": 614, "max_steps": 938, "loss": 5.927077770233154, "elapsed_time": 33.35188055038452, "prnt": false}
{"event": "training_step", "timestamp": 1769148596.9474015, "step": 615, "max_steps": 938, "loss": 5.950951099395752, "elapsed_time": 33.40110397338867, "prnt": false}
{"event": "training_step", "timestamp": 1769148596.9964805, "step": 616, "max_steps": 938, "loss": 5.838207244873047, "elapsed_time": 33.45017051696777, "prnt": false}
{"event": "validation_step", "timestamp": 1769148597.2305112, "step": 616, "max_steps": 938, "loss": 1.3246298551909008, "elapsed_time": 33.45017051696777}
{"event": "training_step", "timestamp": 1769148597.2797399, "step": 617, "max_steps": 938, "loss": 5.97797966003418, "elapsed_time": 33.73354196548462, "prnt": false}
{"event": "training_step", "timestamp": 1769148597.328863, "step": 618, "max_steps": 938, "loss": 5.8840765953063965, "elapsed_time": 33.78253364562988, "prnt": false}
{"event": "training_step", "timestamp": 1769148597.377911, "step": 619, "max_steps": 938, "loss": 5.958907127380371, "elapsed_time": 33.83160996437073, "prnt": false}
{"event": "training_step", "timestamp": 1769148597.426989, "step": 620, "max_steps": 938, "loss": 6.007021903991699, "elapsed_time": 33.88071537017822, "prnt": false}
{"event": "training_step", "timestamp": 1769148597.4760993, "step": 621, "max_steps": 938, "loss": 6.005389213562012, "elapsed_time": 33.929787158966064, "prnt": false}
{"event": "training_step", "timestamp": 1769148597.5251946, "step": 622, "max_steps": 938, "loss": 5.919893264770508, "elapsed_time": 33.97873783111572, "prnt": false}
{"event": "training_step", "timestamp": 1769148597.5742373, "step": 623, "max_steps": 938, "loss": 5.904943466186523, "elapsed_time": 34.02794003486633, "prnt": false}
{"event": "training_step", "timestamp": 1769148597.623429, "step": 624, "max_steps": 938, "loss": 6.012022972106934, "elapsed_time": 34.07734560966492, "prnt": false}
{"event": "training_step", "timestamp": 1769148597.6725059, "step": 625, "max_steps": 938, "loss": 5.9532647132873535, "elapsed_time": 34.12619376182556, "prnt": false}
{"event": "training_step", "timestamp": 1769148597.7215872, "step": 626, "max_steps": 938, "loss": 5.987314224243164, "elapsed_time": 34.175349950790405, "prnt": false}
{"event": "training_step", "timestamp": 1769148597.7707243, "step": 627, "max_steps": 938, "loss": 5.9435224533081055, "elapsed_time": 34.22447681427002, "prnt": false}
{"event": "training_step", "timestamp": 1769148597.81976, "step": 628, "max_steps": 938, "loss": 5.9030842781066895, "elapsed_time": 34.27347779273987, "prnt": false}
{"event": "training_step", "timestamp": 1769148597.868835, "step": 629, "max_steps": 938, "loss": 5.954702854156494, "elapsed_time": 34.32245850563049, "prnt": false}
{"event": "training_step", "timestamp": 1769148597.9179487, "step": 630, "max_steps": 938, "loss": 5.937372207641602, "elapsed_time": 34.37166976928711, "prnt": false}
{"event": "training_step", "timestamp": 1769148597.966969, "step": 631, "max_steps": 938, "loss": 5.885119915008545, "elapsed_time": 34.42070436477661, "prnt": false}
{"event": "training_step", "timestamp": 1769148598.016025, "step": 632, "max_steps": 938, "loss": 5.894479751586914, "elapsed_time": 34.46988320350647, "prnt": false}
{"event": "training_step", "timestamp": 1769148598.0651827, "step": 633, "max_steps": 938, "loss": 5.991160869598389, "elapsed_time": 34.51879262924194, "prnt": false}
{"event": "training_step", "timestamp": 1769148598.1142113, "step": 634, "max_steps": 938, "loss": 5.951707363128662, "elapsed_time": 34.56779146194458, "prnt": false}
{"event": "training_step", "timestamp": 1769148598.1632822, "step": 635, "max_steps": 938, "loss": 5.9101128578186035, "elapsed_time": 34.616880655288696, "prnt": false}
{"event": "training_step", "timestamp": 1769148598.2125022, "step": 636, "max_steps": 938, "loss": 5.968419551849365, "elapsed_time": 34.66629934310913, "prnt": false}
{"event": "training_step", "timestamp": 1769148598.2615666, "step": 637, "max_steps": 938, "loss": 5.912877559661865, "elapsed_time": 34.71527075767517, "prnt": false}
{"event": "training_step", "timestamp": 1769148598.3106186, "step": 638, "max_steps": 938, "loss": 5.935475826263428, "elapsed_time": 34.76424741744995, "prnt": false}
{"event": "training_step", "timestamp": 1769148598.3597376, "step": 639, "max_steps": 938, "loss": 5.90225887298584, "elapsed_time": 34.813462018966675, "prnt": false}
{"event": "training_step", "timestamp": 1769148598.4087596, "step": 640, "max_steps": 938, "loss": 5.940553665161133, "elapsed_time": 34.86245250701904, "prnt": false}
{"event": "training_step", "timestamp": 1769148598.457834, "step": 641, "max_steps": 938, "loss": 5.969747066497803, "elapsed_time": 34.91151833534241, "prnt": false}
{"event": "training_step", "timestamp": 1769148598.5070183, "step": 642, "max_steps": 938, "loss": 5.918905258178711, "elapsed_time": 34.96056294441223, "prnt": false}
{"event": "training_step", "timestamp": 1769148598.556058, "step": 643, "max_steps": 938, "loss": 5.992581844329834, "elapsed_time": 35.00969314575195, "prnt": false}
{"event": "training_step", "timestamp": 1769148598.6051793, "step": 644, "max_steps": 938, "loss": 5.974167823791504, "elapsed_time": 35.05919599533081, "prnt": false}
{"event": "training_step", "timestamp": 1769148598.6543286, "step": 645, "max_steps": 938, "loss": 5.9583420753479, "elapsed_time": 35.10793590545654, "prnt": false}
{"event": "training_step", "timestamp": 1769148598.7033935, "step": 646, "max_steps": 938, "loss": 5.910594463348389, "elapsed_time": 35.15704131126404, "prnt": false}
{"event": "training_step", "timestamp": 1769148598.7524521, "step": 647, "max_steps": 938, "loss": 5.9042816162109375, "elapsed_time": 35.20610737800598, "prnt": false}
{"event": "training_step", "timestamp": 1769148598.8015978, "step": 648, "max_steps": 938, "loss": 5.898135185241699, "elapsed_time": 35.25532507896423, "prnt": false}
{"event": "training_step", "timestamp": 1769148598.8506515, "step": 649, "max_steps": 938, "loss": 5.927882671356201, "elapsed_time": 35.304327964782715, "prnt": false}
{"event": "training_step", "timestamp": 1769148598.8997073, "step": 650, "max_steps": 938, "loss": 5.890450954437256, "elapsed_time": 35.35334396362305, "prnt": false}
{"event": "training_step", "timestamp": 1769148598.9488883, "step": 651, "max_steps": 938, "loss": 5.871588230133057, "elapsed_time": 35.402732610702515, "prnt": false}
{"event": "training_step", "timestamp": 1769148598.9980106, "step": 652, "max_steps": 938, "loss": 5.846692085266113, "elapsed_time": 35.45166540145874, "prnt": false}
{"event": "training_step", "timestamp": 1769148599.0470402, "step": 653, "max_steps": 938, "loss": 5.942234516143799, "elapsed_time": 35.50085473060608, "prnt": false}
{"event": "training_step", "timestamp": 1769148599.0961509, "step": 654, "max_steps": 938, "loss": 5.915072441101074, "elapsed_time": 35.549869537353516, "prnt": false}
{"event": "training_step", "timestamp": 1769148599.14526, "step": 655, "max_steps": 938, "loss": 5.899833679199219, "elapsed_time": 35.59893345832825, "prnt": false}
{"event": "training_step", "timestamp": 1769148599.1943052, "step": 656, "max_steps": 938, "loss": 5.91798734664917, "elapsed_time": 35.64794421195984, "prnt": false}
{"event": "training_step", "timestamp": 1769148599.2434587, "step": 657, "max_steps": 938, "loss": 5.9108991622924805, "elapsed_time": 35.6971800327301, "prnt": false}
{"event": "training_step", "timestamp": 1769148599.2925055, "step": 658, "max_steps": 938, "loss": 5.904351711273193, "elapsed_time": 35.746047496795654, "prnt": false}
{"event": "training_step", "timestamp": 1769148599.3416562, "step": 659, "max_steps": 938, "loss": 5.909940719604492, "elapsed_time": 35.795477867126465, "prnt": false}
{"event": "training_step", "timestamp": 1769148599.3908718, "step": 660, "max_steps": 938, "loss": 5.971919536590576, "elapsed_time": 35.84457206726074, "prnt": false}
{"event": "validation_step", "timestamp": 1769148599.624627, "step": 660, "max_steps": 938, "loss": 1.3194720680780176, "elapsed_time": 35.84457206726074}
{"event": "training_step", "timestamp": 1769148599.673961, "step": 661, "max_steps": 938, "loss": 5.930622100830078, "elapsed_time": 36.12806010246277, "prnt": false}
{"event": "training_step", "timestamp": 1769148599.7230318, "step": 662, "max_steps": 938, "loss": 5.9035186767578125, "elapsed_time": 36.17673587799072, "prnt": false}
{"event": "training_step", "timestamp": 1769148599.7721932, "step": 663, "max_steps": 938, "loss": 5.943521976470947, "elapsed_time": 36.225892305374146, "prnt": false}
{"event": "training_step", "timestamp": 1769148599.8212833, "step": 664, "max_steps": 938, "loss": 5.90421724319458, "elapsed_time": 36.27490520477295, "prnt": false}
{"event": "training_step", "timestamp": 1769148599.870352, "step": 665, "max_steps": 938, "loss": 5.901093482971191, "elapsed_time": 36.32398176193237, "prnt": false}
{"event": "training_step", "timestamp": 1769148599.9195201, "step": 666, "max_steps": 938, "loss": 5.898962020874023, "elapsed_time": 36.37314414978027, "prnt": false}
{"event": "training_step", "timestamp": 1769148599.9686441, "step": 667, "max_steps": 938, "loss": 5.925166130065918, "elapsed_time": 36.42231059074402, "prnt": false}
{"event": "training_step", "timestamp": 1769148600.0180397, "step": 668, "max_steps": 938, "loss": 5.9771857261657715, "elapsed_time": 36.47137093544006, "prnt": false}
{"event": "training_step", "timestamp": 1769148600.0672457, "step": 669, "max_steps": 938, "loss": 5.909804821014404, "elapsed_time": 36.52087640762329, "prnt": false}
{"event": "training_step", "timestamp": 1769148600.1163187, "step": 670, "max_steps": 938, "loss": 5.928650379180908, "elapsed_time": 36.57001090049744, "prnt": false}
{"event": "training_step", "timestamp": 1769148600.165675, "step": 671, "max_steps": 938, "loss": 5.870158672332764, "elapsed_time": 36.619375467300415, "prnt": false}
{"event": "training_step", "timestamp": 1769148600.2147892, "step": 672, "max_steps": 938, "loss": 5.912050724029541, "elapsed_time": 36.66843843460083, "prnt": false}
{"event": "training_step", "timestamp": 1769148600.2638717, "step": 673, "max_steps": 938, "loss": 5.868887901306152, "elapsed_time": 36.717565059661865, "prnt": false}
{"event": "training_step", "timestamp": 1769148600.3130052, "step": 674, "max_steps": 938, "loss": 5.867183208465576, "elapsed_time": 36.76673460006714, "prnt": false}
{"event": "training_step", "timestamp": 1769148600.3623657, "step": 675, "max_steps": 938, "loss": 5.966282367706299, "elapsed_time": 36.81652307510376, "prnt": false}
{"event": "training_step", "timestamp": 1769148600.4115276, "step": 676, "max_steps": 938, "loss": 5.920600414276123, "elapsed_time": 36.86555552482605, "prnt": false}
{"event": "training_step", "timestamp": 1769148600.460722, "step": 677, "max_steps": 938, "loss": 5.952756404876709, "elapsed_time": 36.9143853187561, "prnt": false}
{"event": "training_step", "timestamp": 1769148600.509801, "step": 678, "max_steps": 938, "loss": 5.863438129425049, "elapsed_time": 36.96346926689148, "prnt": false}
{"event": "training_step", "timestamp": 1769148600.5588987, "step": 679, "max_steps": 938, "loss": 5.876702785491943, "elapsed_time": 37.01248216629028, "prnt": false}
{"event": "training_step", "timestamp": 1769148600.6080894, "step": 680, "max_steps": 938, "loss": 5.895335674285889, "elapsed_time": 37.06197190284729, "prnt": false}
{"event": "training_step", "timestamp": 1769148600.657207, "step": 681, "max_steps": 938, "loss": 5.952654838562012, "elapsed_time": 37.110963582992554, "prnt": false}
{"event": "training_step", "timestamp": 1769148600.7062533, "step": 682, "max_steps": 938, "loss": 5.9427595138549805, "elapsed_time": 37.15994119644165, "prnt": false}
{"event": "training_step", "timestamp": 1769148600.7553976, "step": 683, "max_steps": 938, "loss": 5.952724456787109, "elapsed_time": 37.20908188819885, "prnt": false}
{"event": "training_step", "timestamp": 1769148600.8045409, "step": 684, "max_steps": 938, "loss": 5.910006999969482, "elapsed_time": 37.2582688331604, "prnt": false}
{"event": "training_step", "timestamp": 1769148600.8536255, "step": 685, "max_steps": 938, "loss": 5.791834831237793, "elapsed_time": 37.307350397109985, "prnt": false}
{"event": "training_step", "timestamp": 1769148600.9027956, "step": 686, "max_steps": 938, "loss": 5.929179668426514, "elapsed_time": 37.35644197463989, "prnt": false}
{"event": "training_step", "timestamp": 1769148600.9518647, "step": 687, "max_steps": 938, "loss": 5.914966106414795, "elapsed_time": 37.40547776222229, "prnt": false}
{"event": "training_step", "timestamp": 1769148601.0009673, "step": 688, "max_steps": 938, "loss": 5.9206624031066895, "elapsed_time": 37.45460844039917, "prnt": false}
{"event": "training_step", "timestamp": 1769148601.0501552, "step": 689, "max_steps": 938, "loss": 5.877140998840332, "elapsed_time": 37.50397324562073, "prnt": false}
{"event": "training_step", "timestamp": 1769148601.0992844, "step": 690, "max_steps": 938, "loss": 5.892831802368164, "elapsed_time": 37.55322813987732, "prnt": false}
{"event": "training_step", "timestamp": 1769148601.1483762, "step": 691, "max_steps": 938, "loss": 5.912012100219727, "elapsed_time": 37.602121353149414, "prnt": false}
{"event": "training_step", "timestamp": 1769148601.1975708, "step": 692, "max_steps": 938, "loss": 5.921208381652832, "elapsed_time": 37.651347160339355, "prnt": false}
{"event": "training_step", "timestamp": 1769148601.246636, "step": 693, "max_steps": 938, "loss": 5.929748058319092, "elapsed_time": 37.70036196708679, "prnt": false}
{"event": "training_step", "timestamp": 1769148601.2957199, "step": 694, "max_steps": 938, "loss": 5.846627712249756, "elapsed_time": 37.74937915802002, "prnt": false}
{"event": "training_step", "timestamp": 1769148601.3449185, "step": 695, "max_steps": 938, "loss": 5.8845391273498535, "elapsed_time": 37.79851198196411, "prnt": false}
{"event": "training_step", "timestamp": 1769148601.394016, "step": 696, "max_steps": 938, "loss": 5.820517063140869, "elapsed_time": 37.84766912460327, "prnt": false}
{"event": "training_step", "timestamp": 1769148601.4431274, "step": 697, "max_steps": 938, "loss": 5.857476234436035, "elapsed_time": 37.896804094314575, "prnt": false}
{"event": "training_step", "timestamp": 1769148601.4922695, "step": 698, "max_steps": 938, "loss": 5.882511138916016, "elapsed_time": 37.94603371620178, "prnt": false}
{"event": "training_step", "timestamp": 1769148601.541318, "step": 699, "max_steps": 938, "loss": 5.89915657043457, "elapsed_time": 37.99503970146179, "prnt": false}
{"event": "training_step", "timestamp": 1769148601.5903828, "step": 700, "max_steps": 938, "loss": 5.903848648071289, "elapsed_time": 38.04406213760376, "prnt": false}
{"event": "training_step", "timestamp": 1769148601.639767, "step": 701, "max_steps": 938, "loss": 5.894079685211182, "elapsed_time": 38.09397912025452, "prnt": false}
{"event": "training_step", "timestamp": 1769148601.6888764, "step": 702, "max_steps": 938, "loss": 5.874758720397949, "elapsed_time": 38.14264154434204, "prnt": false}
{"event": "training_step", "timestamp": 1769148601.7379324, "step": 703, "max_steps": 938, "loss": 5.874512195587158, "elapsed_time": 38.19180345535278, "prnt": false}
{"event": "training_step", "timestamp": 1769148601.787147, "step": 704, "max_steps": 938, "loss": 5.871038436889648, "elapsed_time": 38.2408173084259, "prnt": false}
{"event": "validation_step", "timestamp": 1769148602.0211344, "step": 704, "max_steps": 938, "loss": 1.3150114892376905, "elapsed_time": 38.2408173084259}
{"event": "training_step", "timestamp": 1769148602.0703793, "step": 705, "max_steps": 938, "loss": 5.893231391906738, "elapsed_time": 38.52405118942261, "prnt": false}
{"event": "training_step", "timestamp": 1769148602.1194835, "step": 706, "max_steps": 938, "loss": 5.856773376464844, "elapsed_time": 38.57325601577759, "prnt": false}
{"event": "training_step", "timestamp": 1769148602.1687176, "step": 707, "max_steps": 938, "loss": 5.827865123748779, "elapsed_time": 38.622365951538086, "prnt": false}
{"event": "training_step", "timestamp": 1769148602.2178197, "step": 708, "max_steps": 938, "loss": 5.933734893798828, "elapsed_time": 38.67142963409424, "prnt": false}
{"event": "training_step", "timestamp": 1769148602.266925, "step": 709, "max_steps": 938, "loss": 5.873626708984375, "elapsed_time": 38.720475912094116, "prnt": false}
{"event": "training_step", "timestamp": 1769148602.3160896, "step": 710, "max_steps": 938, "loss": 5.876015663146973, "elapsed_time": 38.769938945770264, "prnt": false}
{"event": "training_step", "timestamp": 1769148602.3651974, "step": 711, "max_steps": 938, "loss": 5.801368713378906, "elapsed_time": 38.81902313232422, "prnt": false}
{"event": "training_step", "timestamp": 1769148602.414317, "step": 712, "max_steps": 938, "loss": 5.852426528930664, "elapsed_time": 38.867971897125244, "prnt": false}
{"event": "training_step", "timestamp": 1769148602.463527, "step": 713, "max_steps": 938, "loss": 5.869973659515381, "elapsed_time": 38.917149782180786, "prnt": false}
{"event": "training_step", "timestamp": 1769148602.512573, "step": 714, "max_steps": 938, "loss": 5.86616849899292, "elapsed_time": 38.966233015060425, "prnt": false}
{"event": "training_step", "timestamp": 1769148602.561669, "step": 715, "max_steps": 938, "loss": 5.8901472091674805, "elapsed_time": 39.015263080596924, "prnt": false}
{"event": "training_step", "timestamp": 1769148602.6108165, "step": 716, "max_steps": 938, "loss": 5.906322956085205, "elapsed_time": 39.064537048339844, "prnt": false}
{"event": "training_step", "timestamp": 1769148602.6599147, "step": 717, "max_steps": 938, "loss": 5.875407695770264, "elapsed_time": 39.11356782913208, "prnt": false}
{"event": "training_step", "timestamp": 1769148602.708976, "step": 718, "max_steps": 938, "loss": 5.836957931518555, "elapsed_time": 39.162938594818115, "prnt": false}
{"event": "training_step", "timestamp": 1769148602.7582088, "step": 719, "max_steps": 938, "loss": 5.796387195587158, "elapsed_time": 39.21188807487488, "prnt": false}
{"event": "training_step", "timestamp": 1769148602.8073132, "step": 720, "max_steps": 938, "loss": 5.933121681213379, "elapsed_time": 39.26102161407471, "prnt": false}
{"event": "training_step", "timestamp": 1769148602.8563998, "step": 721, "max_steps": 938, "loss": 5.880843639373779, "elapsed_time": 39.30996370315552, "prnt": false}
{"event": "training_step", "timestamp": 1769148602.9055903, "step": 722, "max_steps": 938, "loss": 5.854501724243164, "elapsed_time": 39.35921597480774, "prnt": false}
{"event": "training_step", "timestamp": 1769148602.95471, "step": 723, "max_steps": 938, "loss": 5.86120080947876, "elapsed_time": 39.4084210395813, "prnt": false}
{"event": "training_step", "timestamp": 1769148603.0040243, "step": 724, "max_steps": 938, "loss": 5.959493160247803, "elapsed_time": 39.45744061470032, "prnt": false}
{"event": "training_step", "timestamp": 1769148603.05324, "step": 725, "max_steps": 938, "loss": 5.822976589202881, "elapsed_time": 39.506892681121826, "prnt": false}
{"event": "training_step", "timestamp": 1769148603.1022995, "step": 726, "max_steps": 938, "loss": 5.932965278625488, "elapsed_time": 39.555981397628784, "prnt": false}
{"event": "training_step", "timestamp": 1769148603.1513805, "step": 727, "max_steps": 938, "loss": 5.893592357635498, "elapsed_time": 39.60507678985596, "prnt": false}
{"event": "training_step", "timestamp": 1769148603.2005804, "step": 728, "max_steps": 938, "loss": 5.894702911376953, "elapsed_time": 39.65425229072571, "prnt": false}
{"event": "training_step", "timestamp": 1769148603.2496743, "step": 729, "max_steps": 938, "loss": 5.891482353210449, "elapsed_time": 39.70324468612671, "prnt": false}
{"event": "training_step", "timestamp": 1769148603.2987795, "step": 730, "max_steps": 938, "loss": 5.862913131713867, "elapsed_time": 39.75239396095276, "prnt": false}
{"event": "training_step", "timestamp": 1769148603.3479967, "step": 731, "max_steps": 938, "loss": 5.917572498321533, "elapsed_time": 39.801591634750366, "prnt": false}
{"event": "training_step", "timestamp": 1769148603.3971267, "step": 732, "max_steps": 938, "loss": 5.868491172790527, "elapsed_time": 39.850857734680176, "prnt": false}
{"event": "training_step", "timestamp": 1769148603.446239, "step": 733, "max_steps": 938, "loss": 5.885533809661865, "elapsed_time": 39.89987397193909, "prnt": false}
{"event": "training_step", "timestamp": 1769148603.4953816, "step": 734, "max_steps": 938, "loss": 5.886565208435059, "elapsed_time": 39.9490225315094, "prnt": false}
{"event": "training_step", "timestamp": 1769148603.5444756, "step": 735, "max_steps": 938, "loss": 5.930179119110107, "elapsed_time": 39.99812936782837, "prnt": false}
{"event": "training_step", "timestamp": 1769148603.593566, "step": 736, "max_steps": 938, "loss": 5.876000881195068, "elapsed_time": 40.04714775085449, "prnt": false}
{"event": "training_step", "timestamp": 1769148603.642845, "step": 737, "max_steps": 938, "loss": 5.864480972290039, "elapsed_time": 40.096484422683716, "prnt": false}
{"event": "training_step", "timestamp": 1769148603.6920264, "step": 738, "max_steps": 938, "loss": 5.967418193817139, "elapsed_time": 40.14593768119812, "prnt": false}
{"event": "training_step", "timestamp": 1769148603.741156, "step": 739, "max_steps": 938, "loss": 5.905216693878174, "elapsed_time": 40.19488024711609, "prnt": false}
{"event": "training_step", "timestamp": 1769148603.7904346, "step": 740, "max_steps": 938, "loss": 5.930848598480225, "elapsed_time": 40.24416375160217, "prnt": false}
{"event": "training_step", "timestamp": 1769148603.8395474, "step": 741, "max_steps": 938, "loss": 5.901768207550049, "elapsed_time": 40.29319167137146, "prnt": false}
{"event": "training_step", "timestamp": 1769148603.888639, "step": 742, "max_steps": 938, "loss": 5.856971740722656, "elapsed_time": 40.34229850769043, "prnt": false}
{"event": "training_step", "timestamp": 1769148603.9377844, "step": 743, "max_steps": 938, "loss": 5.926303863525391, "elapsed_time": 40.39145255088806, "prnt": false}
{"event": "training_step", "timestamp": 1769148603.9869125, "step": 744, "max_steps": 938, "loss": 5.836976528167725, "elapsed_time": 40.44081234931946, "prnt": false}
{"event": "training_step", "timestamp": 1769148604.0360234, "step": 745, "max_steps": 938, "loss": 5.79582405090332, "elapsed_time": 40.489712953567505, "prnt": false}
{"event": "training_step", "timestamp": 1769148604.0852146, "step": 746, "max_steps": 938, "loss": 5.8160223960876465, "elapsed_time": 40.53881239891052, "prnt": false}
{"event": "training_step", "timestamp": 1769148604.1343086, "step": 747, "max_steps": 938, "loss": 5.842962265014648, "elapsed_time": 40.58804488182068, "prnt": false}
{"event": "training_step", "timestamp": 1769148604.1834579, "step": 748, "max_steps": 938, "loss": 5.887476444244385, "elapsed_time": 40.63713455200195, "prnt": false}
{"event": "validation_step", "timestamp": 1769148604.4174151, "step": 748, "max_steps": 938, "loss": 1.3119727398142176, "elapsed_time": 40.63713455200195}
{"event": "training_step", "timestamp": 1769148604.466703, "step": 749, "max_steps": 938, "loss": 5.8758955001831055, "elapsed_time": 40.920445680618286, "prnt": false}
{"event": "training_step", "timestamp": 1769148604.5158825, "step": 750, "max_steps": 938, "loss": 5.816858291625977, "elapsed_time": 40.96977090835571, "prnt": false}
{"event": "training_step", "timestamp": 1769148604.5650468, "step": 751, "max_steps": 938, "loss": 5.911326885223389, "elapsed_time": 41.01858353614807, "prnt": false}
{"event": "training_step", "timestamp": 1769148604.614301, "step": 752, "max_steps": 938, "loss": 5.851047992706299, "elapsed_time": 41.06797432899475, "prnt": false}
{"event": "training_step", "timestamp": 1769148604.663425, "step": 753, "max_steps": 938, "loss": 5.890485763549805, "elapsed_time": 41.11705565452576, "prnt": false}
{"event": "training_step", "timestamp": 1769148604.7125812, "step": 754, "max_steps": 938, "loss": 5.905032634735107, "elapsed_time": 41.1663076877594, "prnt": false}
{"event": "training_step", "timestamp": 1769148604.7618077, "step": 755, "max_steps": 938, "loss": 5.880257606506348, "elapsed_time": 41.215471029281616, "prnt": false}
{"event": "training_step", "timestamp": 1769148604.810902, "step": 756, "max_steps": 938, "loss": 5.830776691436768, "elapsed_time": 41.26452374458313, "prnt": false}
{"event": "training_step", "timestamp": 1769148604.8600235, "step": 757, "max_steps": 938, "loss": 5.881930351257324, "elapsed_time": 41.31392240524292, "prnt": false}
{"event": "training_step", "timestamp": 1769148604.9092631, "step": 758, "max_steps": 938, "loss": 5.753904819488525, "elapsed_time": 41.36314511299133, "prnt": false}
{"event": "training_step", "timestamp": 1769148604.9583433, "step": 759, "max_steps": 938, "loss": 5.860053539276123, "elapsed_time": 41.41213011741638, "prnt": false}
{"event": "training_step", "timestamp": 1769148605.0074668, "step": 760, "max_steps": 938, "loss": 5.9057817459106445, "elapsed_time": 41.46113443374634, "prnt": false}
{"event": "training_step", "timestamp": 1769148605.056635, "step": 761, "max_steps": 938, "loss": 5.790186405181885, "elapsed_time": 41.51026010513306, "prnt": false}
{"event": "training_step", "timestamp": 1769148605.105757, "step": 762, "max_steps": 938, "loss": 5.888819217681885, "elapsed_time": 41.55944895744324, "prnt": false}
{"event": "training_step", "timestamp": 1769148605.154827, "step": 763, "max_steps": 938, "loss": 5.915436267852783, "elapsed_time": 41.60857009887695, "prnt": false}
{"event": "training_step", "timestamp": 1769148605.2040236, "step": 764, "max_steps": 938, "loss": 5.86926794052124, "elapsed_time": 41.65755581855774, "prnt": false}
{"event": "training_step", "timestamp": 1769148605.2531228, "step": 765, "max_steps": 938, "loss": 5.817696571350098, "elapsed_time": 41.70674920082092, "prnt": false}
{"event": "training_step", "timestamp": 1769148605.3022614, "step": 766, "max_steps": 938, "loss": 5.891953468322754, "elapsed_time": 41.756104707717896, "prnt": false}
{"event": "training_step", "timestamp": 1769148605.351497, "step": 767, "max_steps": 938, "loss": 5.890377044677734, "elapsed_time": 41.805139780044556, "prnt": false}
{"event": "training_step", "timestamp": 1769148605.400602, "step": 768, "max_steps": 938, "loss": 5.826906204223633, "elapsed_time": 41.854222774505615, "prnt": false}
{"event": "training_step", "timestamp": 1769148605.4497156, "step": 769, "max_steps": 938, "loss": 5.851836681365967, "elapsed_time": 41.90339541435242, "prnt": false}
{"event": "training_step", "timestamp": 1769148605.4989502, "step": 770, "max_steps": 938, "loss": 5.923017501831055, "elapsed_time": 41.95266056060791, "prnt": false}
{"event": "training_step", "timestamp": 1769148605.5480666, "step": 771, "max_steps": 938, "loss": 5.880300045013428, "elapsed_time": 42.001858711242676, "prnt": false}
{"event": "training_step", "timestamp": 1769148605.5971577, "step": 772, "max_steps": 938, "loss": 5.866757869720459, "elapsed_time": 42.05083346366882, "prnt": false}
{"event": "training_step", "timestamp": 1769148605.6463661, "step": 773, "max_steps": 938, "loss": 5.885159015655518, "elapsed_time": 42.099974393844604, "prnt": false}
{"event": "training_step", "timestamp": 1769148605.6957154, "step": 774, "max_steps": 938, "loss": 5.866488456726074, "elapsed_time": 42.1499240398407, "prnt": false}
{"event": "training_step", "timestamp": 1769148605.7448373, "step": 775, "max_steps": 938, "loss": 5.8343658447265625, "elapsed_time": 42.1986722946167, "prnt": false}
{"event": "training_step", "timestamp": 1769148605.794072, "step": 776, "max_steps": 938, "loss": 5.867358207702637, "elapsed_time": 42.24789619445801, "prnt": false}
{"event": "training_step", "timestamp": 1769148605.843203, "step": 777, "max_steps": 938, "loss": 5.860995769500732, "elapsed_time": 42.29683828353882, "prnt": false}
{"event": "training_step", "timestamp": 1769148605.892312, "step": 778, "max_steps": 938, "loss": 5.924570083618164, "elapsed_time": 42.346171379089355, "prnt": false}
{"event": "training_step", "timestamp": 1769148605.9415526, "step": 779, "max_steps": 938, "loss": 5.8639984130859375, "elapsed_time": 42.39518690109253, "prnt": false}
{"event": "training_step", "timestamp": 1769148605.9906738, "step": 780, "max_steps": 938, "loss": 5.808704853057861, "elapsed_time": 42.44441080093384, "prnt": false}
{"event": "training_step", "timestamp": 1769148606.0398183, "step": 781, "max_steps": 938, "loss": 5.8172430992126465, "elapsed_time": 42.49336361885071, "prnt": false}
{"event": "training_step", "timestamp": 1769148606.0889952, "step": 782, "max_steps": 938, "loss": 5.850224494934082, "elapsed_time": 42.5427348613739, "prnt": false}
{"event": "training_step", "timestamp": 1769148606.138124, "step": 783, "max_steps": 938, "loss": 5.896845817565918, "elapsed_time": 42.59192419052124, "prnt": false}
{"event": "training_step", "timestamp": 1769148606.1872482, "step": 784, "max_steps": 938, "loss": 5.849348545074463, "elapsed_time": 42.640955209732056, "prnt": false}
{"event": "training_step", "timestamp": 1769148606.2364657, "step": 785, "max_steps": 938, "loss": 5.795542240142822, "elapsed_time": 42.690091133117676, "prnt": false}
{"event": "training_step", "timestamp": 1769148606.2855508, "step": 786, "max_steps": 938, "loss": 5.867435455322266, "elapsed_time": 42.73920512199402, "prnt": false}
{"event": "training_step", "timestamp": 1769148606.334679, "step": 787, "max_steps": 938, "loss": 5.842050075531006, "elapsed_time": 42.78826689720154, "prnt": false}
{"event": "training_step", "timestamp": 1769148606.3838913, "step": 788, "max_steps": 938, "loss": 5.837206840515137, "elapsed_time": 42.837531089782715, "prnt": false}
{"event": "training_step", "timestamp": 1769148606.4330091, "step": 789, "max_steps": 938, "loss": 5.79789924621582, "elapsed_time": 42.88668775558472, "prnt": false}
{"event": "training_step", "timestamp": 1769148606.482129, "step": 790, "max_steps": 938, "loss": 5.798853397369385, "elapsed_time": 42.935709953308105, "prnt": false}
{"event": "training_step", "timestamp": 1769148606.5313346, "step": 791, "max_steps": 938, "loss": 5.846482276916504, "elapsed_time": 42.9849898815155, "prnt": false}
{"event": "training_step", "timestamp": 1769148606.5804958, "step": 792, "max_steps": 938, "loss": 5.904397964477539, "elapsed_time": 43.034085512161255, "prnt": false}
{"event": "validation_step", "timestamp": 1769148606.814656, "step": 792, "max_steps": 938, "loss": 1.3095300061308746, "elapsed_time": 43.034085512161255}
{"event": "training_step", "timestamp": 1769148606.8639748, "step": 793, "max_steps": 938, "loss": 5.816280841827393, "elapsed_time": 43.31752371788025, "prnt": false}
{"event": "training_step", "timestamp": 1769148606.913219, "step": 794, "max_steps": 938, "loss": 5.876339435577393, "elapsed_time": 43.3669319152832, "prnt": false}
{"event": "training_step", "timestamp": 1769148606.962367, "step": 795, "max_steps": 938, "loss": 5.886691093444824, "elapsed_time": 43.416038513183594, "prnt": false}
{"event": "training_step", "timestamp": 1769148607.0114703, "step": 796, "max_steps": 938, "loss": 5.806882381439209, "elapsed_time": 43.465168952941895, "prnt": false}
{"event": "training_step", "timestamp": 1769148607.0606346, "step": 797, "max_steps": 938, "loss": 5.852646827697754, "elapsed_time": 43.514230728149414, "prnt": false}
{"event": "training_step", "timestamp": 1769148607.1097949, "step": 798, "max_steps": 938, "loss": 5.922281265258789, "elapsed_time": 43.56336498260498, "prnt": false}
{"event": "training_step", "timestamp": 1769148607.1589208, "step": 799, "max_steps": 938, "loss": 5.862087726593018, "elapsed_time": 43.61247181892395, "prnt": false}
{"event": "training_step", "timestamp": 1769148607.208098, "step": 800, "max_steps": 938, "loss": 5.839066505432129, "elapsed_time": 43.66174674034119, "prnt": false}
{"event": "training_step", "timestamp": 1769148607.257241, "step": 801, "max_steps": 938, "loss": 5.806145191192627, "elapsed_time": 43.710930824279785, "prnt": false}
{"event": "training_step", "timestamp": 1769148607.306421, "step": 802, "max_steps": 938, "loss": 5.87510347366333, "elapsed_time": 43.7599983215332, "prnt": false}
{"event": "training_step", "timestamp": 1769148607.3555996, "step": 803, "max_steps": 938, "loss": 5.852814674377441, "elapsed_time": 43.80926465988159, "prnt": false}
{"event": "training_step", "timestamp": 1769148607.4047492, "step": 804, "max_steps": 938, "loss": 5.8747172355651855, "elapsed_time": 43.85834050178528, "prnt": false}
{"event": "training_step", "timestamp": 1769148607.4540653, "step": 805, "max_steps": 938, "loss": 5.853812217712402, "elapsed_time": 43.907695293426514, "prnt": false}
{"event": "training_step", "timestamp": 1769148607.5031762, "step": 806, "max_steps": 938, "loss": 5.806809902191162, "elapsed_time": 43.956828594207764, "prnt": false}
{"event": "training_step", "timestamp": 1769148607.5523095, "step": 807, "max_steps": 938, "loss": 5.889052867889404, "elapsed_time": 44.00595235824585, "prnt": false}
{"event": "training_step", "timestamp": 1769148607.6015232, "step": 808, "max_steps": 938, "loss": 5.837408065795898, "elapsed_time": 44.055131673812866, "prnt": false}
{"event": "training_step", "timestamp": 1769148607.6506352, "step": 809, "max_steps": 938, "loss": 5.790403366088867, "elapsed_time": 44.104267597198486, "prnt": false}
{"event": "training_step", "timestamp": 1769148607.6999023, "step": 810, "max_steps": 938, "loss": 5.834981441497803, "elapsed_time": 44.15399098396301, "prnt": false}
{"event": "training_step", "timestamp": 1769148607.7491405, "step": 811, "max_steps": 938, "loss": 5.826089859008789, "elapsed_time": 44.20281505584717, "prnt": false}
{"event": "training_step", "timestamp": 1769148607.798304, "step": 812, "max_steps": 938, "loss": 5.864479064941406, "elapsed_time": 44.251904010772705, "prnt": false}
{"event": "training_step", "timestamp": 1769148607.8474524, "step": 813, "max_steps": 938, "loss": 5.852451324462891, "elapsed_time": 44.30105781555176, "prnt": false}
{"event": "training_step", "timestamp": 1769148607.8966608, "step": 814, "max_steps": 938, "loss": 5.87061882019043, "elapsed_time": 44.35024309158325, "prnt": false}
{"event": "training_step", "timestamp": 1769148607.9458647, "step": 815, "max_steps": 938, "loss": 5.783778190612793, "elapsed_time": 44.3995726108551, "prnt": false}
{"event": "training_step", "timestamp": 1769148607.994993, "step": 816, "max_steps": 938, "loss": 5.8323798179626465, "elapsed_time": 44.44858360290527, "prnt": false}
{"event": "training_step", "timestamp": 1769148608.0441864, "step": 817, "max_steps": 938, "loss": 5.883626461029053, "elapsed_time": 44.49781894683838, "prnt": false}
{"event": "training_step", "timestamp": 1769148608.0933044, "step": 818, "max_steps": 938, "loss": 5.890812873840332, "elapsed_time": 44.54684662818909, "prnt": false}
{"event": "training_step", "timestamp": 1769148608.1425, "step": 819, "max_steps": 938, "loss": 5.859004020690918, "elapsed_time": 44.59609913825989, "prnt": false}
{"event": "training_step", "timestamp": 1769148608.1917198, "step": 820, "max_steps": 938, "loss": 5.813976287841797, "elapsed_time": 44.64540433883667, "prnt": false}
{"event": "training_step", "timestamp": 1769148608.2408495, "step": 821, "max_steps": 938, "loss": 5.7863640785217285, "elapsed_time": 44.694435834884644, "prnt": false}
{"event": "training_step", "timestamp": 1769148608.2899623, "step": 822, "max_steps": 938, "loss": 5.863730430603027, "elapsed_time": 44.74353075027466, "prnt": false}
{"event": "training_step", "timestamp": 1769148608.3392122, "step": 823, "max_steps": 938, "loss": 5.839828968048096, "elapsed_time": 44.79291033744812, "prnt": false}
{"event": "training_step", "timestamp": 1769148608.3883743, "step": 824, "max_steps": 938, "loss": 5.858659744262695, "elapsed_time": 44.84196615219116, "prnt": false}
{"event": "training_step", "timestamp": 1769148608.437481, "step": 825, "max_steps": 938, "loss": 5.906403064727783, "elapsed_time": 44.891095876693726, "prnt": false}
{"event": "training_step", "timestamp": 1769148608.4867148, "step": 826, "max_steps": 938, "loss": 5.843303680419922, "elapsed_time": 44.94023895263672, "prnt": false}
{"event": "training_step", "timestamp": 1769148608.5358593, "step": 827, "max_steps": 938, "loss": 5.8303446769714355, "elapsed_time": 44.9894905090332, "prnt": false}
{"event": "training_step", "timestamp": 1769148608.5850363, "step": 828, "max_steps": 938, "loss": 5.847184181213379, "elapsed_time": 45.03851270675659, "prnt": false}
{"event": "training_step", "timestamp": 1769148608.6342528, "step": 829, "max_steps": 938, "loss": 5.789445400238037, "elapsed_time": 45.08794403076172, "prnt": false}
{"event": "training_step", "timestamp": 1769148608.6834092, "step": 830, "max_steps": 938, "loss": 5.800180435180664, "elapsed_time": 45.1370210647583, "prnt": false}
{"event": "training_step", "timestamp": 1769148608.732574, "step": 831, "max_steps": 938, "loss": 5.903626441955566, "elapsed_time": 45.18612742424011, "prnt": false}
{"event": "training_step", "timestamp": 1769148608.7818646, "step": 832, "max_steps": 938, "loss": 5.8155598640441895, "elapsed_time": 45.23546624183655, "prnt": false}
{"event": "training_step", "timestamp": 1769148608.830998, "step": 833, "max_steps": 938, "loss": 5.826347827911377, "elapsed_time": 45.28461670875549, "prnt": false}
{"event": "training_step", "timestamp": 1769148608.8801022, "step": 834, "max_steps": 938, "loss": 5.907202243804932, "elapsed_time": 45.33390545845032, "prnt": false}
{"event": "training_step", "timestamp": 1769148608.9293747, "step": 835, "max_steps": 938, "loss": 5.868974208831787, "elapsed_time": 45.38306283950806, "prnt": false}
{"event": "training_step", "timestamp": 1769148608.9785259, "step": 836, "max_steps": 938, "loss": 5.895017147064209, "elapsed_time": 45.432100772857666, "prnt": false}
{"event": "validation_step", "timestamp": 1769148609.2127197, "step": 836, "max_steps": 938, "loss": 1.3081948315626606, "elapsed_time": 45.432100772857666}
{"event": "training_step", "timestamp": 1769148609.262052, "step": 837, "max_steps": 938, "loss": 5.855245590209961, "elapsed_time": 45.71574783325195, "prnt": false}
{"event": "training_step", "timestamp": 1769148609.3112576, "step": 838, "max_steps": 938, "loss": 5.910915851593018, "elapsed_time": 45.76484942436218, "prnt": false}
{"event": "training_step", "timestamp": 1769148609.3604407, "step": 839, "max_steps": 938, "loss": 5.766005992889404, "elapsed_time": 45.81391644477844, "prnt": false}
{"event": "training_step", "timestamp": 1769148609.409585, "step": 840, "max_steps": 938, "loss": 5.85071325302124, "elapsed_time": 45.86309242248535, "prnt": false}
{"event": "training_step", "timestamp": 1769148609.458835, "step": 841, "max_steps": 938, "loss": 5.8011980056762695, "elapsed_time": 45.91236710548401, "prnt": false}
{"event": "training_step", "timestamp": 1769148609.508, "step": 842, "max_steps": 938, "loss": 5.829464435577393, "elapsed_time": 45.961668252944946, "prnt": false}
{"event": "training_step", "timestamp": 1769148609.5571897, "step": 843, "max_steps": 938, "loss": 5.888224124908447, "elapsed_time": 46.010740995407104, "prnt": false}
{"event": "training_step", "timestamp": 1769148609.6064396, "step": 844, "max_steps": 938, "loss": 5.823324680328369, "elapsed_time": 46.060184717178345, "prnt": false}
{"event": "training_step", "timestamp": 1769148609.655581, "step": 845, "max_steps": 938, "loss": 5.861015796661377, "elapsed_time": 46.10915017127991, "prnt": false}
{"event": "training_step", "timestamp": 1769148609.7047956, "step": 846, "max_steps": 938, "loss": 5.890763759613037, "elapsed_time": 46.158491373062134, "prnt": false}
{"event": "training_step", "timestamp": 1769148609.7540877, "step": 847, "max_steps": 938, "loss": 5.840609550476074, "elapsed_time": 46.20781087875366, "prnt": false}
{"event": "training_step", "timestamp": 1769148609.8032682, "step": 848, "max_steps": 938, "loss": 5.826462745666504, "elapsed_time": 46.25688099861145, "prnt": false}
{"event": "training_step", "timestamp": 1769148609.8524632, "step": 849, "max_steps": 938, "loss": 5.845686912536621, "elapsed_time": 46.30609893798828, "prnt": false}
{"event": "training_step", "timestamp": 1769148609.901722, "step": 850, "max_steps": 938, "loss": 5.854889869689941, "elapsed_time": 46.35532474517822, "prnt": false}
{"event": "training_step", "timestamp": 1769148609.9508762, "step": 851, "max_steps": 938, "loss": 5.780087947845459, "elapsed_time": 46.40444564819336, "prnt": false}
{"event": "training_step", "timestamp": 1769148610.0000374, "step": 852, "max_steps": 938, "loss": 5.784243583679199, "elapsed_time": 46.4537558555603, "prnt": false}
{"event": "training_step", "timestamp": 1769148610.0492628, "step": 853, "max_steps": 938, "loss": 5.8184494972229, "elapsed_time": 46.50283145904541, "prnt": false}
{"event": "training_step", "timestamp": 1769148610.0984237, "step": 854, "max_steps": 938, "loss": 5.795401573181152, "elapsed_time": 46.55197048187256, "prnt": false}
{"event": "training_step", "timestamp": 1769148610.1475854, "step": 855, "max_steps": 938, "loss": 5.9021992683410645, "elapsed_time": 46.601155281066895, "prnt": false}
{"event": "training_step", "timestamp": 1769148610.197047, "step": 856, "max_steps": 938, "loss": 5.985830783843994, "elapsed_time": 46.650325298309326, "prnt": false}
{"event": "training_step", "timestamp": 1769148610.2462044, "step": 857, "max_steps": 938, "loss": 5.78813362121582, "elapsed_time": 46.699772357940674, "prnt": false}
{"event": "training_step", "timestamp": 1769148610.2953565, "step": 858, "max_steps": 938, "loss": 5.853960990905762, "elapsed_time": 46.748865604400635, "prnt": false}
{"event": "training_step", "timestamp": 1769148610.3445811, "step": 859, "max_steps": 938, "loss": 5.852980136871338, "elapsed_time": 46.79816460609436, "prnt": false}
{"event": "training_step", "timestamp": 1769148610.3937378, "step": 860, "max_steps": 938, "loss": 5.777604579925537, "elapsed_time": 46.8472957611084, "prnt": false}
{"event": "training_step", "timestamp": 1769148610.4428968, "step": 861, "max_steps": 938, "loss": 5.906043529510498, "elapsed_time": 46.89639329910278, "prnt": false}
{"event": "training_step", "timestamp": 1769148610.4921572, "step": 862, "max_steps": 938, "loss": 5.8182902336120605, "elapsed_time": 46.94572067260742, "prnt": false}
{"event": "training_step", "timestamp": 1769148610.5413444, "step": 863, "max_steps": 938, "loss": 5.861468315124512, "elapsed_time": 46.99501037597656, "prnt": false}
{"event": "training_step", "timestamp": 1769148610.590482, "step": 864, "max_steps": 938, "loss": 5.8199567794799805, "elapsed_time": 47.04406118392944, "prnt": false}
{"event": "training_step", "timestamp": 1769148610.6397164, "step": 865, "max_steps": 938, "loss": 5.7814130783081055, "elapsed_time": 47.09328031539917, "prnt": false}
{"event": "training_step", "timestamp": 1769148610.688875, "step": 866, "max_steps": 938, "loss": 5.857128143310547, "elapsed_time": 47.14244627952576, "prnt": false}
{"event": "training_step", "timestamp": 1769148610.7380483, "step": 867, "max_steps": 938, "loss": 5.850707530975342, "elapsed_time": 47.19175314903259, "prnt": false}
{"event": "training_step", "timestamp": 1769148610.7873442, "step": 868, "max_steps": 938, "loss": 5.877366542816162, "elapsed_time": 47.240869760513306, "prnt": false}
{"event": "training_step", "timestamp": 1769148610.8364995, "step": 869, "max_steps": 938, "loss": 5.878011703491211, "elapsed_time": 47.290107011795044, "prnt": false}
{"event": "training_step", "timestamp": 1769148610.8856359, "step": 870, "max_steps": 938, "loss": 5.882503986358643, "elapsed_time": 47.33925104141235, "prnt": false}
{"event": "training_step", "timestamp": 1769148610.9349082, "step": 871, "max_steps": 938, "loss": 5.8861565589904785, "elapsed_time": 47.388487815856934, "prnt": false}
{"event": "training_step", "timestamp": 1769148610.9841163, "step": 872, "max_steps": 938, "loss": 5.844639778137207, "elapsed_time": 47.437660694122314, "prnt": false}
{"event": "training_step", "timestamp": 1769148611.0332491, "step": 873, "max_steps": 938, "loss": 5.744630813598633, "elapsed_time": 47.486897230148315, "prnt": false}
{"event": "training_step", "timestamp": 1769148611.0825093, "step": 874, "max_steps": 938, "loss": 5.930555820465088, "elapsed_time": 47.53607439994812, "prnt": false}
{"event": "training_step", "timestamp": 1769148611.1316833, "step": 875, "max_steps": 938, "loss": 5.883710861206055, "elapsed_time": 47.585291147232056, "prnt": false}
{"event": "training_step", "timestamp": 1769148611.1808732, "step": 876, "max_steps": 938, "loss": 5.815995693206787, "elapsed_time": 47.63440155982971, "prnt": false}
{"event": "training_step", "timestamp": 1769148611.2301002, "step": 877, "max_steps": 938, "loss": 5.859334945678711, "elapsed_time": 47.68370985984802, "prnt": false}
{"event": "training_step", "timestamp": 1769148611.2792437, "step": 878, "max_steps": 938, "loss": 5.859687328338623, "elapsed_time": 47.732797145843506, "prnt": false}
{"event": "training_step", "timestamp": 1769148611.3284636, "step": 879, "max_steps": 938, "loss": 5.826645374298096, "elapsed_time": 47.78205585479736, "prnt": false}
{"event": "training_step", "timestamp": 1769148611.3777895, "step": 880, "max_steps": 938, "loss": 5.81897497177124, "elapsed_time": 47.83147120475769, "prnt": false}
{"event": "validation_step", "timestamp": 1769148611.6121993, "step": 880, "max_steps": 938, "loss": 1.3075412509890019, "elapsed_time": 47.83147120475769}
{"event": "training_step", "timestamp": 1769148611.6616354, "step": 881, "max_steps": 938, "loss": 5.901556491851807, "elapsed_time": 48.11521339416504, "prnt": false}
{"event": "training_step", "timestamp": 1769148611.710826, "step": 882, "max_steps": 938, "loss": 5.772767066955566, "elapsed_time": 48.16431212425232, "prnt": false}
{"event": "training_step", "timestamp": 1769148611.760292, "step": 883, "max_steps": 938, "loss": 5.787847995758057, "elapsed_time": 48.21446180343628, "prnt": false}
{"event": "training_step", "timestamp": 1769148611.8095636, "step": 884, "max_steps": 938, "loss": 5.8239054679870605, "elapsed_time": 48.26325273513794, "prnt": false}
{"event": "training_step", "timestamp": 1769148611.8587909, "step": 885, "max_steps": 938, "loss": 5.861672401428223, "elapsed_time": 48.312355518341064, "prnt": false}
{"event": "training_step", "timestamp": 1769148611.9080672, "step": 886, "max_steps": 938, "loss": 5.866240501403809, "elapsed_time": 48.36166548728943, "prnt": false}
{"event": "training_step", "timestamp": 1769148611.9572914, "step": 887, "max_steps": 938, "loss": 5.885817527770996, "elapsed_time": 48.41087245941162, "prnt": false}
{"event": "training_step", "timestamp": 1769148612.0064504, "step": 888, "max_steps": 938, "loss": 5.859305381774902, "elapsed_time": 48.45994973182678, "prnt": false}
{"event": "training_step", "timestamp": 1769148612.055675, "step": 889, "max_steps": 938, "loss": 5.791711330413818, "elapsed_time": 48.50927758216858, "prnt": false}
{"event": "training_step", "timestamp": 1769148612.104846, "step": 890, "max_steps": 938, "loss": 5.795327663421631, "elapsed_time": 48.55843210220337, "prnt": false}
{"event": "training_step", "timestamp": 1769148612.1540349, "step": 891, "max_steps": 938, "loss": 5.8700432777404785, "elapsed_time": 48.607837438583374, "prnt": false}
{"event": "training_step", "timestamp": 1769148612.2033195, "step": 892, "max_steps": 938, "loss": 5.829535007476807, "elapsed_time": 48.656867027282715, "prnt": false}
{"event": "training_step", "timestamp": 1769148612.2525055, "step": 893, "max_steps": 938, "loss": 5.824653625488281, "elapsed_time": 48.70609211921692, "prnt": false}
{"event": "training_step", "timestamp": 1769148612.3016713, "step": 894, "max_steps": 938, "loss": 5.831729888916016, "elapsed_time": 48.75516366958618, "prnt": false}
{"event": "training_step", "timestamp": 1769148612.3509452, "step": 895, "max_steps": 938, "loss": 5.897528648376465, "elapsed_time": 48.80463480949402, "prnt": false}
{"event": "training_step", "timestamp": 1769148612.4001205, "step": 896, "max_steps": 938, "loss": 5.810476303100586, "elapsed_time": 48.853813886642456, "prnt": false}
{"event": "training_step", "timestamp": 1769148612.4492981, "step": 897, "max_steps": 938, "loss": 5.914008617401123, "elapsed_time": 48.9028594493866, "prnt": false}
{"event": "training_step", "timestamp": 1769148612.4985235, "step": 898, "max_steps": 938, "loss": 5.8494038581848145, "elapsed_time": 48.9520697593689, "prnt": false}
{"event": "training_step", "timestamp": 1769148612.5477123, "step": 899, "max_steps": 938, "loss": 5.812655448913574, "elapsed_time": 49.00136113166809, "prnt": false}
{"event": "training_step", "timestamp": 1769148612.5969076, "step": 900, "max_steps": 938, "loss": 5.873152732849121, "elapsed_time": 49.05043578147888, "prnt": false}
{"event": "training_step", "timestamp": 1769148612.6462064, "step": 901, "max_steps": 938, "loss": 5.866838455200195, "elapsed_time": 49.09989070892334, "prnt": false}
{"event": "training_step", "timestamp": 1769148612.6953793, "step": 902, "max_steps": 938, "loss": 5.8480939865112305, "elapsed_time": 49.148887634277344, "prnt": false}
{"event": "training_step", "timestamp": 1769148612.744589, "step": 903, "max_steps": 938, "loss": 5.7742719650268555, "elapsed_time": 49.19805335998535, "prnt": false}
{"event": "training_step", "timestamp": 1769148612.7938635, "step": 904, "max_steps": 938, "loss": 5.826371192932129, "elapsed_time": 49.24753189086914, "prnt": false}
{"event": "training_step", "timestamp": 1769148612.8430767, "step": 905, "max_steps": 938, "loss": 5.847115993499756, "elapsed_time": 49.29659724235535, "prnt": false}
{"event": "training_step", "timestamp": 1769148612.8922606, "step": 906, "max_steps": 938, "loss": 5.787206172943115, "elapsed_time": 49.345752000808716, "prnt": false}
{"event": "training_step", "timestamp": 1769148612.9415789, "step": 907, "max_steps": 938, "loss": 5.820957183837891, "elapsed_time": 49.395145654678345, "prnt": false}
{"event": "training_step", "timestamp": 1769148612.990737, "step": 908, "max_steps": 938, "loss": 5.888202667236328, "elapsed_time": 49.44432973861694, "prnt": false}
{"event": "training_step", "timestamp": 1769148613.0399504, "step": 909, "max_steps": 938, "loss": 5.825845718383789, "elapsed_time": 49.49342155456543, "prnt": false}
{"event": "training_step", "timestamp": 1769148613.089195, "step": 910, "max_steps": 938, "loss": 5.818897247314453, "elapsed_time": 49.542747259140015, "prnt": false}
{"event": "training_step", "timestamp": 1769148613.1384015, "step": 911, "max_steps": 938, "loss": 5.769254684448242, "elapsed_time": 49.59284281730652, "prnt": false}
{"event": "training_step", "timestamp": 1769148613.1878204, "step": 912, "max_steps": 938, "loss": 5.785909175872803, "elapsed_time": 49.642229318618774, "prnt": false}
{"event": "training_step", "timestamp": 1769148613.237178, "step": 913, "max_steps": 938, "loss": 5.834762096405029, "elapsed_time": 49.690922498703, "prnt": false}
{"event": "training_step", "timestamp": 1769148613.2863576, "step": 914, "max_steps": 938, "loss": 5.896030426025391, "elapsed_time": 49.73996329307556, "prnt": false}
{"event": "training_step", "timestamp": 1769148613.3355942, "step": 915, "max_steps": 938, "loss": 5.804563522338867, "elapsed_time": 49.78954887390137, "prnt": false}
{"event": "training_step", "timestamp": 1769148613.384934, "step": 916, "max_steps": 938, "loss": 5.783703327178955, "elapsed_time": 49.83848214149475, "prnt": false}
{"event": "training_step", "timestamp": 1769148613.4341006, "step": 917, "max_steps": 938, "loss": 5.773289203643799, "elapsed_time": 49.88771200180054, "prnt": false}
{"event": "training_step", "timestamp": 1769148613.4832916, "step": 918, "max_steps": 938, "loss": 5.784557342529297, "elapsed_time": 49.93683362007141, "prnt": false}
{"event": "training_step", "timestamp": 1769148613.5325317, "step": 919, "max_steps": 938, "loss": 5.867353439331055, "elapsed_time": 49.98617649078369, "prnt": false}
{"event": "training_step", "timestamp": 1769148613.581738, "step": 920, "max_steps": 938, "loss": 5.855640411376953, "elapsed_time": 50.035359382629395, "prnt": false}
{"event": "training_step", "timestamp": 1769148613.6309536, "step": 921, "max_steps": 938, "loss": 5.809892177581787, "elapsed_time": 50.084784507751465, "prnt": false}
{"event": "training_step", "timestamp": 1769148613.6802175, "step": 922, "max_steps": 938, "loss": 5.87325382232666, "elapsed_time": 50.13378024101257, "prnt": false}
{"event": "training_step", "timestamp": 1769148613.729438, "step": 923, "max_steps": 938, "loss": 5.868976593017578, "elapsed_time": 50.18299388885498, "prnt": false}
{"event": "training_step", "timestamp": 1769148613.7787302, "step": 924, "max_steps": 938, "loss": 5.819153308868408, "elapsed_time": 50.23264980316162, "prnt": false}
{"event": "validation_step", "timestamp": 1769148614.013358, "step": 924, "max_steps": 938, "loss": 1.3073785973773169, "elapsed_time": 50.23264980316162}
{"event": "training_step", "timestamp": 1769148614.0627742, "step": 925, "max_steps": 938, "loss": 5.834251880645752, "elapsed_time": 50.51646280288696, "prnt": false}
{"event": "training_step", "timestamp": 1769148614.1120026, "step": 926, "max_steps": 938, "loss": 5.834779739379883, "elapsed_time": 50.565547704696655, "prnt": false}
{"event": "training_step", "timestamp": 1769148614.161228, "step": 927, "max_steps": 938, "loss": 5.794487476348877, "elapsed_time": 50.61474943161011, "prnt": false}
{"event": "training_step", "timestamp": 1769148614.2105029, "step": 928, "max_steps": 938, "loss": 5.857885360717773, "elapsed_time": 50.66406607627869, "prnt": false}
{"event": "training_step", "timestamp": 1769148614.259683, "step": 929, "max_steps": 938, "loss": 5.801706314086914, "elapsed_time": 50.71323251724243, "prnt": false}
{"event": "training_step", "timestamp": 1769148614.3088644, "step": 930, "max_steps": 938, "loss": 5.852438926696777, "elapsed_time": 50.76245832443237, "prnt": false}
{"event": "training_step", "timestamp": 1769148614.3581693, "step": 931, "max_steps": 938, "loss": 5.877546310424805, "elapsed_time": 50.81184697151184, "prnt": false}
{"event": "training_step", "timestamp": 1769148614.407299, "step": 932, "max_steps": 938, "loss": 5.812588691711426, "elapsed_time": 50.860920429229736, "prnt": false}
{"event": "training_step", "timestamp": 1769148614.4564965, "step": 933, "max_steps": 938, "loss": 5.841058254241943, "elapsed_time": 50.90995645523071, "prnt": false}
{"event": "training_step", "timestamp": 1769148614.505835, "step": 934, "max_steps": 938, "loss": 5.8607587814331055, "elapsed_time": 50.95952248573303, "prnt": false}
{"event": "training_step", "timestamp": 1769148614.5550594, "step": 935, "max_steps": 938, "loss": 5.858680248260498, "elapsed_time": 51.0086190700531, "prnt": false}
{"event": "training_step", "timestamp": 1769148614.604237, "step": 936, "max_steps": 938, "loss": 5.85482120513916, "elapsed_time": 51.05788731575012, "prnt": false}
{"event": "training_step", "timestamp": 1769148614.6535032, "step": 937, "max_steps": 938, "loss": 5.82655668258667, "elapsed_time": 51.10707211494446, "prnt": false}
{"event": "training_step", "timestamp": 1769148614.7027113, "step": 938, "max_steps": 938, "loss": 5.853935241699219, "elapsed_time": 51.156222343444824, "prnt": false}
{"event": "validation_step", "timestamp": 1769148614.937177, "step": 938, "max_steps": 938, "loss": 1.307376436865117, "elapsed_time": 51.156222343444824}
