{"event": "hyperparameters_configured", "timestamp": 1769149387.8619988, "block_size": 64, "batch_size": 64, "vocab_size": 16000, "n_layer": 6, "n_head": 8, "d_model": 512, "dropout": 0, "lr": 0.0003, "weight_decay": 0.1, "evals_per_epoch": 3, "epochs": 7, "seed": 1337, "num_titles": 100000, "val_frac": 0.1, "log_file": "./logs/mainrun.log"}
{"event": "device_info", "timestamp": 1769149387.8794866, "device": "cuda"}
{"event": "dataset_info", "timestamp": 1769149398.4621365, "titles_count": 90000, "epochs": 7, "batches_per_epoch": 269, "tokens_per_epoch": 1102455, "vocab_size": 16000}
{"event": "model_info", "timestamp": 1769149398.784111, "parameters_count": 27140096}
{"event": "training_step", "timestamp": 1769149399.3525534, "step": 1, "max_steps": 1883, "loss": 9.792131423950195, "elapsed_time": 0.14687466621398926, "prnt": false}
{"event": "validation_step", "timestamp": 1769149399.5894196, "step": 1, "max_steps": 1883, "loss": 2.180391739091918, "elapsed_time": 0.14687466621398926}
{"event": "training_step", "timestamp": 1769149399.6152759, "step": 2, "max_steps": 1883, "loss": 9.786092758178711, "elapsed_time": 0.3900024890899658, "prnt": false}
{"event": "training_step", "timestamp": 1769149399.6409585, "step": 3, "max_steps": 1883, "loss": 9.750704765319824, "elapsed_time": 0.41510558128356934, "prnt": false}
{"event": "training_step", "timestamp": 1769149399.666621, "step": 4, "max_steps": 1883, "loss": 9.707917213439941, "elapsed_time": 0.4407799243927002, "prnt": false}
{"event": "training_step", "timestamp": 1769149399.6922493, "step": 5, "max_steps": 1883, "loss": 9.596220970153809, "elapsed_time": 0.46631383895874023, "prnt": false}
{"event": "training_step", "timestamp": 1769149399.7179883, "step": 6, "max_steps": 1883, "loss": 9.45651626586914, "elapsed_time": 0.49207162857055664, "prnt": false}
{"event": "training_step", "timestamp": 1769149399.7436562, "step": 7, "max_steps": 1883, "loss": 9.34609603881836, "elapsed_time": 0.5176963806152344, "prnt": false}
{"event": "training_step", "timestamp": 1769149399.7692883, "step": 8, "max_steps": 1883, "loss": 9.238887786865234, "elapsed_time": 0.5433902740478516, "prnt": false}
{"event": "training_step", "timestamp": 1769149399.7948844, "step": 9, "max_steps": 1883, "loss": 9.137158393859863, "elapsed_time": 0.5689854621887207, "prnt": false}
{"event": "training_step", "timestamp": 1769149399.8206046, "step": 10, "max_steps": 1883, "loss": 9.07034683227539, "elapsed_time": 0.5946602821350098, "prnt": false}
{"event": "training_step", "timestamp": 1769149399.8462217, "step": 11, "max_steps": 1883, "loss": 9.017494201660156, "elapsed_time": 0.6203150749206543, "prnt": false}
{"event": "training_step", "timestamp": 1769149399.871863, "step": 12, "max_steps": 1883, "loss": 8.967965126037598, "elapsed_time": 0.6459643840789795, "prnt": false}
{"event": "training_step", "timestamp": 1769149399.897464, "step": 13, "max_steps": 1883, "loss": 8.946573257446289, "elapsed_time": 0.6715703010559082, "prnt": false}
{"event": "training_step", "timestamp": 1769149399.9231145, "step": 14, "max_steps": 1883, "loss": 8.86826229095459, "elapsed_time": 0.6971547603607178, "prnt": false}
{"event": "training_step", "timestamp": 1769149399.9486907, "step": 15, "max_steps": 1883, "loss": 8.876778602600098, "elapsed_time": 0.722794771194458, "prnt": false}
{"event": "training_step", "timestamp": 1769149399.9742825, "step": 16, "max_steps": 1883, "loss": 8.81300163269043, "elapsed_time": 0.7484128475189209, "prnt": false}
{"event": "training_step", "timestamp": 1769149399.9998858, "step": 17, "max_steps": 1883, "loss": 8.787318229675293, "elapsed_time": 0.7740287780761719, "prnt": false}
{"event": "training_step", "timestamp": 1769149400.0256016, "step": 18, "max_steps": 1883, "loss": 8.78533935546875, "elapsed_time": 0.7997035980224609, "prnt": false}
{"event": "training_step", "timestamp": 1769149400.0511663, "step": 19, "max_steps": 1883, "loss": 8.78650188446045, "elapsed_time": 0.8253741264343262, "prnt": false}
{"event": "training_step", "timestamp": 1769149400.0767736, "step": 20, "max_steps": 1883, "loss": 8.775094032287598, "elapsed_time": 0.8509237766265869, "prnt": false}
{"event": "training_step", "timestamp": 1769149400.1024206, "step": 21, "max_steps": 1883, "loss": 8.702601432800293, "elapsed_time": 0.8765437602996826, "prnt": false}
{"event": "training_step", "timestamp": 1769149400.1281278, "step": 22, "max_steps": 1883, "loss": 8.71550464630127, "elapsed_time": 0.9021456241607666, "prnt": false}
{"event": "training_step", "timestamp": 1769149400.1537104, "step": 23, "max_steps": 1883, "loss": 8.676692008972168, "elapsed_time": 0.9277997016906738, "prnt": false}
{"event": "training_step", "timestamp": 1769149400.1792834, "step": 24, "max_steps": 1883, "loss": 8.637060165405273, "elapsed_time": 0.9533054828643799, "prnt": false}
{"event": "training_step", "timestamp": 1769149400.2048917, "step": 25, "max_steps": 1883, "loss": 8.582619667053223, "elapsed_time": 0.9790163040161133, "prnt": false}
{"event": "training_step", "timestamp": 1769149400.2305717, "step": 26, "max_steps": 1883, "loss": 8.565605163574219, "elapsed_time": 1.004655122756958, "prnt": false}
{"event": "training_step", "timestamp": 1769149400.2561562, "step": 27, "max_steps": 1883, "loss": 8.508365631103516, "elapsed_time": 1.0303137302398682, "prnt": false}
{"event": "training_step", "timestamp": 1769149400.2817483, "step": 28, "max_steps": 1883, "loss": 8.479199409484863, "elapsed_time": 1.0559158325195312, "prnt": false}
{"event": "training_step", "timestamp": 1769149400.307335, "step": 29, "max_steps": 1883, "loss": 8.45504093170166, "elapsed_time": 1.081397294998169, "prnt": false}
{"event": "training_step", "timestamp": 1769149400.3330452, "step": 30, "max_steps": 1883, "loss": 8.41987419128418, "elapsed_time": 1.1071085929870605, "prnt": false}
{"event": "training_step", "timestamp": 1769149400.3586407, "step": 31, "max_steps": 1883, "loss": 8.337489128112793, "elapsed_time": 1.1327271461486816, "prnt": false}
{"event": "training_step", "timestamp": 1769149400.3842947, "step": 32, "max_steps": 1883, "loss": 8.303895950317383, "elapsed_time": 1.1583104133605957, "prnt": false}
{"event": "training_step", "timestamp": 1769149400.4100683, "step": 33, "max_steps": 1883, "loss": 8.23659610748291, "elapsed_time": 1.1846635341644287, "prnt": false}
{"event": "training_step", "timestamp": 1769149400.4357927, "step": 34, "max_steps": 1883, "loss": 8.285489082336426, "elapsed_time": 1.2100529670715332, "prnt": false}
{"event": "training_step", "timestamp": 1769149400.4614317, "step": 35, "max_steps": 1883, "loss": 8.195905685424805, "elapsed_time": 1.2357473373413086, "prnt": false}
{"event": "training_step", "timestamp": 1769149400.4870968, "step": 36, "max_steps": 1883, "loss": 8.18485164642334, "elapsed_time": 1.2613751888275146, "prnt": false}
{"event": "training_step", "timestamp": 1769149400.5127432, "step": 37, "max_steps": 1883, "loss": 8.100826263427734, "elapsed_time": 1.2869994640350342, "prnt": false}
{"event": "training_step", "timestamp": 1769149400.5384817, "step": 38, "max_steps": 1883, "loss": 8.097984313964844, "elapsed_time": 1.312608242034912, "prnt": false}
{"event": "training_step", "timestamp": 1769149400.5641253, "step": 39, "max_steps": 1883, "loss": 8.054692268371582, "elapsed_time": 1.3382484912872314, "prnt": false}
{"event": "training_step", "timestamp": 1769149400.5897477, "step": 40, "max_steps": 1883, "loss": 8.030272483825684, "elapsed_time": 1.3638417720794678, "prnt": false}
{"event": "training_step", "timestamp": 1769149400.6153755, "step": 41, "max_steps": 1883, "loss": 7.978908538818359, "elapsed_time": 1.3894808292388916, "prnt": false}
{"event": "training_step", "timestamp": 1769149400.6410902, "step": 42, "max_steps": 1883, "loss": 8.012587547302246, "elapsed_time": 1.415332555770874, "prnt": false}
{"event": "training_step", "timestamp": 1769149400.666686, "step": 43, "max_steps": 1883, "loss": 7.870072364807129, "elapsed_time": 1.440847635269165, "prnt": false}
{"event": "training_step", "timestamp": 1769149400.6922858, "step": 44, "max_steps": 1883, "loss": 7.914572238922119, "elapsed_time": 1.4664297103881836, "prnt": false}
{"event": "training_step", "timestamp": 1769149400.7179244, "step": 45, "max_steps": 1883, "loss": 7.846347332000732, "elapsed_time": 1.492156982421875, "prnt": false}
{"event": "training_step", "timestamp": 1769149400.7436135, "step": 46, "max_steps": 1883, "loss": 7.791071891784668, "elapsed_time": 1.517763376235962, "prnt": false}
{"event": "training_step", "timestamp": 1769149400.769202, "step": 47, "max_steps": 1883, "loss": 7.757847785949707, "elapsed_time": 1.543285846710205, "prnt": false}
{"event": "training_step", "timestamp": 1769149400.7948132, "step": 48, "max_steps": 1883, "loss": 7.719196796417236, "elapsed_time": 1.5688362121582031, "prnt": false}
{"event": "training_step", "timestamp": 1769149400.8203845, "step": 49, "max_steps": 1883, "loss": 7.773579120635986, "elapsed_time": 1.594496250152588, "prnt": false}
{"event": "training_step", "timestamp": 1769149400.846143, "step": 50, "max_steps": 1883, "loss": 7.739426136016846, "elapsed_time": 1.6204149723052979, "prnt": false}
{"event": "training_step", "timestamp": 1769149400.8717308, "step": 51, "max_steps": 1883, "loss": 7.668915271759033, "elapsed_time": 1.6458606719970703, "prnt": false}
{"event": "training_step", "timestamp": 1769149400.897348, "step": 52, "max_steps": 1883, "loss": 7.623751640319824, "elapsed_time": 1.671485424041748, "prnt": false}
{"event": "training_step", "timestamp": 1769149400.9230611, "step": 53, "max_steps": 1883, "loss": 7.603565692901611, "elapsed_time": 1.6972558498382568, "prnt": false}
{"event": "training_step", "timestamp": 1769149400.9488993, "step": 54, "max_steps": 1883, "loss": 7.552241802215576, "elapsed_time": 1.7229373455047607, "prnt": false}
{"event": "training_step", "timestamp": 1769149400.974595, "step": 55, "max_steps": 1883, "loss": 7.494223594665527, "elapsed_time": 1.748607873916626, "prnt": false}
{"event": "training_step", "timestamp": 1769149401.0003264, "step": 56, "max_steps": 1883, "loss": 7.521533489227295, "elapsed_time": 1.7743251323699951, "prnt": false}
{"event": "training_step", "timestamp": 1769149401.0259938, "step": 57, "max_steps": 1883, "loss": 7.537542343139648, "elapsed_time": 1.8001043796539307, "prnt": false}
{"event": "training_step", "timestamp": 1769149401.0517683, "step": 58, "max_steps": 1883, "loss": 7.4768967628479, "elapsed_time": 1.825814962387085, "prnt": false}
{"event": "training_step", "timestamp": 1769149401.0774477, "step": 59, "max_steps": 1883, "loss": 7.516571998596191, "elapsed_time": 1.8516392707824707, "prnt": false}
{"event": "training_step", "timestamp": 1769149401.1031346, "step": 60, "max_steps": 1883, "loss": 7.4564995765686035, "elapsed_time": 1.8771333694458008, "prnt": false}
{"event": "training_step", "timestamp": 1769149401.1288016, "step": 61, "max_steps": 1883, "loss": 7.439999103546143, "elapsed_time": 1.9028055667877197, "prnt": false}
{"event": "training_step", "timestamp": 1769149401.1545885, "step": 62, "max_steps": 1883, "loss": 7.4397172927856445, "elapsed_time": 1.9285950660705566, "prnt": false}
{"event": "training_step", "timestamp": 1769149401.1802607, "step": 63, "max_steps": 1883, "loss": 7.462339401245117, "elapsed_time": 1.9542441368103027, "prnt": false}
{"event": "training_step", "timestamp": 1769149401.205911, "step": 64, "max_steps": 1883, "loss": 7.419290542602539, "elapsed_time": 1.9799327850341797, "prnt": false}
{"event": "training_step", "timestamp": 1769149401.2315726, "step": 65, "max_steps": 1883, "loss": 7.398338794708252, "elapsed_time": 2.005586624145508, "prnt": false}
{"event": "training_step", "timestamp": 1769149401.2573538, "step": 66, "max_steps": 1883, "loss": 7.384157657623291, "elapsed_time": 2.031505584716797, "prnt": false}
{"event": "training_step", "timestamp": 1769149401.2830265, "step": 67, "max_steps": 1883, "loss": 7.4229583740234375, "elapsed_time": 2.057011604309082, "prnt": false}
{"event": "training_step", "timestamp": 1769149401.3087447, "step": 68, "max_steps": 1883, "loss": 7.336372375488281, "elapsed_time": 2.082740545272827, "prnt": false}
{"event": "training_step", "timestamp": 1769149401.3344107, "step": 69, "max_steps": 1883, "loss": 7.324166774749756, "elapsed_time": 2.1084351539611816, "prnt": false}
{"event": "training_step", "timestamp": 1769149401.3602262, "step": 70, "max_steps": 1883, "loss": 7.40437650680542, "elapsed_time": 2.134337902069092, "prnt": false}
{"event": "training_step", "timestamp": 1769149401.385876, "step": 71, "max_steps": 1883, "loss": 7.414254665374756, "elapsed_time": 2.159912586212158, "prnt": false}
{"event": "training_step", "timestamp": 1769149401.4115865, "step": 72, "max_steps": 1883, "loss": 7.2872209548950195, "elapsed_time": 2.185645580291748, "prnt": false}
{"event": "training_step", "timestamp": 1769149401.4372523, "step": 73, "max_steps": 1883, "loss": 7.392058372497559, "elapsed_time": 2.21126389503479, "prnt": false}
{"event": "training_step", "timestamp": 1769149401.4629862, "step": 74, "max_steps": 1883, "loss": 7.348647117614746, "elapsed_time": 2.237093210220337, "prnt": false}
{"event": "training_step", "timestamp": 1769149401.488619, "step": 75, "max_steps": 1883, "loss": 7.300268173217773, "elapsed_time": 2.262709140777588, "prnt": false}
{"event": "training_step", "timestamp": 1769149401.5142927, "step": 76, "max_steps": 1883, "loss": 7.346009731292725, "elapsed_time": 2.2883455753326416, "prnt": false}
{"event": "training_step", "timestamp": 1769149401.539895, "step": 77, "max_steps": 1883, "loss": 7.368371486663818, "elapsed_time": 2.314013957977295, "prnt": false}
{"event": "training_step", "timestamp": 1769149401.5656266, "step": 78, "max_steps": 1883, "loss": 7.3120222091674805, "elapsed_time": 2.3396925926208496, "prnt": false}
{"event": "training_step", "timestamp": 1769149401.5912557, "step": 79, "max_steps": 1883, "loss": 7.241909027099609, "elapsed_time": 2.365323066711426, "prnt": false}
{"event": "training_step", "timestamp": 1769149401.6168866, "step": 80, "max_steps": 1883, "loss": 7.334740161895752, "elapsed_time": 2.3909406661987305, "prnt": false}
{"event": "training_step", "timestamp": 1769149401.6425219, "step": 81, "max_steps": 1883, "loss": 7.324855804443359, "elapsed_time": 2.4167063236236572, "prnt": false}
{"event": "training_step", "timestamp": 1769149401.6683574, "step": 82, "max_steps": 1883, "loss": 7.238628387451172, "elapsed_time": 2.442603349685669, "prnt": false}
{"event": "training_step", "timestamp": 1769149401.6940026, "step": 83, "max_steps": 1883, "loss": 7.241973400115967, "elapsed_time": 2.4680678844451904, "prnt": false}
{"event": "training_step", "timestamp": 1769149401.7196586, "step": 84, "max_steps": 1883, "loss": 7.244362831115723, "elapsed_time": 2.4936881065368652, "prnt": false}
{"event": "training_step", "timestamp": 1769149401.745319, "step": 85, "max_steps": 1883, "loss": 7.297391414642334, "elapsed_time": 2.5193958282470703, "prnt": false}
{"event": "training_step", "timestamp": 1769149401.7710543, "step": 86, "max_steps": 1883, "loss": 7.223801136016846, "elapsed_time": 2.54512357711792, "prnt": false}
{"event": "training_step", "timestamp": 1769149401.7966917, "step": 87, "max_steps": 1883, "loss": 7.291150093078613, "elapsed_time": 2.570727825164795, "prnt": false}
{"event": "training_step", "timestamp": 1769149401.8223195, "step": 88, "max_steps": 1883, "loss": 7.129119396209717, "elapsed_time": 2.596400737762451, "prnt": false}
{"event": "training_step", "timestamp": 1769149401.8479764, "step": 89, "max_steps": 1883, "loss": 7.253041744232178, "elapsed_time": 2.621992826461792, "prnt": false}
{"event": "validation_step", "timestamp": 1769149402.08389, "step": 89, "max_steps": 1883, "loss": 1.6148309341345812, "elapsed_time": 2.621992826461792}
{"event": "training_step", "timestamp": 1769149402.1097634, "step": 90, "max_steps": 1883, "loss": 7.2267537117004395, "elapsed_time": 2.8840322494506836, "prnt": false}
{"event": "training_step", "timestamp": 1769149402.1354516, "step": 91, "max_steps": 1883, "loss": 7.207520961761475, "elapsed_time": 2.9095423221588135, "prnt": false}
{"event": "training_step", "timestamp": 1769149402.16114, "step": 92, "max_steps": 1883, "loss": 7.201254844665527, "elapsed_time": 2.9354093074798584, "prnt": false}
{"event": "training_step", "timestamp": 1769149402.1867747, "step": 93, "max_steps": 1883, "loss": 7.194635391235352, "elapsed_time": 2.960937023162842, "prnt": false}
{"event": "training_step", "timestamp": 1769149402.2125359, "step": 94, "max_steps": 1883, "loss": 7.226588726043701, "elapsed_time": 2.9866106510162354, "prnt": false}
{"event": "training_step", "timestamp": 1769149402.2381692, "step": 95, "max_steps": 1883, "loss": 7.193628787994385, "elapsed_time": 3.0122487545013428, "prnt": false}
{"event": "training_step", "timestamp": 1769149402.2638028, "step": 96, "max_steps": 1883, "loss": 7.128976345062256, "elapsed_time": 3.037909984588623, "prnt": false}
{"event": "training_step", "timestamp": 1769149402.2895067, "step": 97, "max_steps": 1883, "loss": 7.15302038192749, "elapsed_time": 3.0634992122650146, "prnt": false}
{"event": "training_step", "timestamp": 1769149402.3152387, "step": 98, "max_steps": 1883, "loss": 7.128586769104004, "elapsed_time": 3.0893373489379883, "prnt": false}
{"event": "training_step", "timestamp": 1769149402.3409326, "step": 99, "max_steps": 1883, "loss": 7.119407653808594, "elapsed_time": 3.1150286197662354, "prnt": false}
{"event": "training_step", "timestamp": 1769149402.3665922, "step": 100, "max_steps": 1883, "loss": 7.041383743286133, "elapsed_time": 3.1407997608184814, "prnt": false}
{"event": "training_step", "timestamp": 1769149402.3922772, "step": 101, "max_steps": 1883, "loss": 7.045182228088379, "elapsed_time": 3.1666085720062256, "prnt": false}
{"event": "training_step", "timestamp": 1769149402.4180753, "step": 102, "max_steps": 1883, "loss": 7.115868091583252, "elapsed_time": 3.192227602005005, "prnt": false}
{"event": "training_step", "timestamp": 1769149402.4437227, "step": 103, "max_steps": 1883, "loss": 7.232820510864258, "elapsed_time": 3.2179017066955566, "prnt": false}
{"event": "training_step", "timestamp": 1769149402.4694018, "step": 104, "max_steps": 1883, "loss": 7.110095977783203, "elapsed_time": 3.2434427738189697, "prnt": false}
{"event": "training_step", "timestamp": 1769149402.495062, "step": 105, "max_steps": 1883, "loss": 7.082086563110352, "elapsed_time": 3.269104480743408, "prnt": false}
{"event": "training_step", "timestamp": 1769149402.5208828, "step": 106, "max_steps": 1883, "loss": 7.090888977050781, "elapsed_time": 3.294996500015259, "prnt": false}
{"event": "training_step", "timestamp": 1769149402.546592, "step": 107, "max_steps": 1883, "loss": 7.135705947875977, "elapsed_time": 3.3207080364227295, "prnt": false}
{"event": "training_step", "timestamp": 1769149402.572284, "step": 108, "max_steps": 1883, "loss": 7.066905975341797, "elapsed_time": 3.3464291095733643, "prnt": false}
{"event": "training_step", "timestamp": 1769149402.5979447, "step": 109, "max_steps": 1883, "loss": 7.131165027618408, "elapsed_time": 3.372036933898926, "prnt": false}
{"event": "training_step", "timestamp": 1769149402.6236749, "step": 110, "max_steps": 1883, "loss": 7.122633457183838, "elapsed_time": 3.397768259048462, "prnt": false}
{"event": "training_step", "timestamp": 1769149402.649326, "step": 111, "max_steps": 1883, "loss": 7.0265631675720215, "elapsed_time": 3.423316478729248, "prnt": false}
{"event": "training_step", "timestamp": 1769149402.6749735, "step": 112, "max_steps": 1883, "loss": 7.067479133605957, "elapsed_time": 3.449007749557495, "prnt": false}
{"event": "training_step", "timestamp": 1769149402.700653, "step": 113, "max_steps": 1883, "loss": 7.071605682373047, "elapsed_time": 3.4747345447540283, "prnt": false}
{"event": "training_step", "timestamp": 1769149402.7264457, "step": 114, "max_steps": 1883, "loss": 7.006406784057617, "elapsed_time": 3.500427722930908, "prnt": false}
{"event": "training_step", "timestamp": 1769149402.7521293, "step": 115, "max_steps": 1883, "loss": 7.130099773406982, "elapsed_time": 3.526365280151367, "prnt": false}
{"event": "training_step", "timestamp": 1769149402.777784, "step": 116, "max_steps": 1883, "loss": 7.040861129760742, "elapsed_time": 3.551851749420166, "prnt": false}
{"event": "training_step", "timestamp": 1769149402.8034577, "step": 117, "max_steps": 1883, "loss": 7.125300884246826, "elapsed_time": 3.5776071548461914, "prnt": false}
{"event": "training_step", "timestamp": 1769149402.8292034, "step": 118, "max_steps": 1883, "loss": 7.053829669952393, "elapsed_time": 3.6032540798187256, "prnt": false}
{"event": "training_step", "timestamp": 1769149402.8548594, "step": 119, "max_steps": 1883, "loss": 6.978423118591309, "elapsed_time": 3.6288793087005615, "prnt": false}
{"event": "training_step", "timestamp": 1769149402.880519, "step": 120, "max_steps": 1883, "loss": 7.04513692855835, "elapsed_time": 3.654571056365967, "prnt": false}
{"event": "training_step", "timestamp": 1769149402.9061406, "step": 121, "max_steps": 1883, "loss": 6.975522994995117, "elapsed_time": 3.6802008152008057, "prnt": false}
{"event": "training_step", "timestamp": 1769149402.9318533, "step": 122, "max_steps": 1883, "loss": 7.059560298919678, "elapsed_time": 3.7059648036956787, "prnt": false}
{"event": "training_step", "timestamp": 1769149402.9575524, "step": 123, "max_steps": 1883, "loss": 7.023154258728027, "elapsed_time": 3.731916904449463, "prnt": false}
{"event": "training_step", "timestamp": 1769149402.983202, "step": 124, "max_steps": 1883, "loss": 7.060051441192627, "elapsed_time": 3.7572948932647705, "prnt": false}
{"event": "training_step", "timestamp": 1769149403.008903, "step": 125, "max_steps": 1883, "loss": 6.967823505401611, "elapsed_time": 3.782928943634033, "prnt": false}
{"event": "training_step", "timestamp": 1769149403.0346878, "step": 126, "max_steps": 1883, "loss": 7.020068168640137, "elapsed_time": 3.8088436126708984, "prnt": false}
{"event": "training_step", "timestamp": 1769149403.0603228, "step": 127, "max_steps": 1883, "loss": 6.988164901733398, "elapsed_time": 3.8344366550445557, "prnt": false}
{"event": "training_step", "timestamp": 1769149403.0859704, "step": 128, "max_steps": 1883, "loss": 6.841822624206543, "elapsed_time": 3.8600494861602783, "prnt": false}
{"event": "training_step", "timestamp": 1769149403.111575, "step": 129, "max_steps": 1883, "loss": 6.893319129943848, "elapsed_time": 3.885650157928467, "prnt": false}
{"event": "training_step", "timestamp": 1769149403.1373367, "step": 130, "max_steps": 1883, "loss": 6.917877674102783, "elapsed_time": 3.9113712310791016, "prnt": false}
{"event": "training_step", "timestamp": 1769149403.1630344, "step": 131, "max_steps": 1883, "loss": 6.923601150512695, "elapsed_time": 3.9373631477355957, "prnt": false}
{"event": "training_step", "timestamp": 1769149403.1887412, "step": 132, "max_steps": 1883, "loss": 6.878139495849609, "elapsed_time": 3.9627554416656494, "prnt": false}
{"event": "training_step", "timestamp": 1769149403.2144048, "step": 133, "max_steps": 1883, "loss": 6.9434943199157715, "elapsed_time": 3.9884512424468994, "prnt": false}
{"event": "training_step", "timestamp": 1769149403.2401989, "step": 134, "max_steps": 1883, "loss": 6.922537803649902, "elapsed_time": 4.014266729354858, "prnt": false}
{"event": "training_step", "timestamp": 1769149403.2658288, "step": 135, "max_steps": 1883, "loss": 6.924405574798584, "elapsed_time": 4.039815187454224, "prnt": false}
{"event": "training_step", "timestamp": 1769149403.2914674, "step": 136, "max_steps": 1883, "loss": 6.964347839355469, "elapsed_time": 4.065484285354614, "prnt": false}
{"event": "training_step", "timestamp": 1769149403.317098, "step": 137, "max_steps": 1883, "loss": 6.982210159301758, "elapsed_time": 4.091137647628784, "prnt": false}
{"event": "training_step", "timestamp": 1769149403.3428879, "step": 138, "max_steps": 1883, "loss": 6.866952896118164, "elapsed_time": 4.1168999671936035, "prnt": false}
{"event": "training_step", "timestamp": 1769149403.3686137, "step": 139, "max_steps": 1883, "loss": 6.930032730102539, "elapsed_time": 4.142645359039307, "prnt": false}
{"event": "training_step", "timestamp": 1769149403.3942964, "step": 140, "max_steps": 1883, "loss": 6.966305255889893, "elapsed_time": 4.1684184074401855, "prnt": false}
{"event": "training_step", "timestamp": 1769149403.4199388, "step": 141, "max_steps": 1883, "loss": 6.856711387634277, "elapsed_time": 4.193950414657593, "prnt": false}
{"event": "training_step", "timestamp": 1769149403.4456801, "step": 142, "max_steps": 1883, "loss": 6.888945579528809, "elapsed_time": 4.2198004722595215, "prnt": false}
{"event": "training_step", "timestamp": 1769149403.4714122, "step": 143, "max_steps": 1883, "loss": 6.941258430480957, "elapsed_time": 4.245361328125, "prnt": false}
{"event": "training_step", "timestamp": 1769149403.4970589, "step": 144, "max_steps": 1883, "loss": 6.901615619659424, "elapsed_time": 4.2710793018341064, "prnt": false}
{"event": "training_step", "timestamp": 1769149403.522702, "step": 145, "max_steps": 1883, "loss": 6.780884742736816, "elapsed_time": 4.296738386154175, "prnt": false}
{"event": "training_step", "timestamp": 1769149403.5485504, "step": 146, "max_steps": 1883, "loss": 6.877871036529541, "elapsed_time": 4.322783708572388, "prnt": false}
{"event": "training_step", "timestamp": 1769149403.5742192, "step": 147, "max_steps": 1883, "loss": 6.79920768737793, "elapsed_time": 4.348421335220337, "prnt": false}
{"event": "training_step", "timestamp": 1769149403.5999148, "step": 148, "max_steps": 1883, "loss": 6.858855724334717, "elapsed_time": 4.374022960662842, "prnt": false}
{"event": "training_step", "timestamp": 1769149403.6255414, "step": 149, "max_steps": 1883, "loss": 6.69654655456543, "elapsed_time": 4.39962911605835, "prnt": false}
{"event": "training_step", "timestamp": 1769149403.6513617, "step": 150, "max_steps": 1883, "loss": 6.883866786956787, "elapsed_time": 4.425373792648315, "prnt": false}
{"event": "training_step", "timestamp": 1769149403.677051, "step": 151, "max_steps": 1883, "loss": 6.9289164543151855, "elapsed_time": 4.45102858543396, "prnt": false}
{"event": "training_step", "timestamp": 1769149403.702707, "step": 152, "max_steps": 1883, "loss": 6.91294527053833, "elapsed_time": 4.476723670959473, "prnt": false}
{"event": "training_step", "timestamp": 1769149403.7283626, "step": 153, "max_steps": 1883, "loss": 6.823046684265137, "elapsed_time": 4.50239372253418, "prnt": false}
{"event": "training_step", "timestamp": 1769149403.7541392, "step": 154, "max_steps": 1883, "loss": 6.807231426239014, "elapsed_time": 4.52825403213501, "prnt": false}
{"event": "training_step", "timestamp": 1769149403.7798536, "step": 155, "max_steps": 1883, "loss": 6.800220966339111, "elapsed_time": 4.553874254226685, "prnt": false}
{"event": "training_step", "timestamp": 1769149403.8055148, "step": 156, "max_steps": 1883, "loss": 6.863691806793213, "elapsed_time": 4.579514026641846, "prnt": false}
{"event": "training_step", "timestamp": 1769149403.831183, "step": 157, "max_steps": 1883, "loss": 6.831064224243164, "elapsed_time": 4.605180978775024, "prnt": false}
{"event": "training_step", "timestamp": 1769149403.8569632, "step": 158, "max_steps": 1883, "loss": 6.750129699707031, "elapsed_time": 4.631045341491699, "prnt": false}
{"event": "training_step", "timestamp": 1769149403.8826618, "step": 159, "max_steps": 1883, "loss": 6.711456775665283, "elapsed_time": 4.656575679779053, "prnt": false}
{"event": "training_step", "timestamp": 1769149403.9083967, "step": 160, "max_steps": 1883, "loss": 6.836850643157959, "elapsed_time": 4.682384967803955, "prnt": false}
{"event": "training_step", "timestamp": 1769149403.9341438, "step": 161, "max_steps": 1883, "loss": 6.7176361083984375, "elapsed_time": 4.708268642425537, "prnt": false}
{"event": "training_step", "timestamp": 1769149403.9599276, "step": 162, "max_steps": 1883, "loss": 6.785250663757324, "elapsed_time": 4.7340874671936035, "prnt": false}
{"event": "training_step", "timestamp": 1769149403.9856527, "step": 163, "max_steps": 1883, "loss": 6.766576766967773, "elapsed_time": 4.759908199310303, "prnt": false}
{"event": "training_step", "timestamp": 1769149404.0113263, "step": 164, "max_steps": 1883, "loss": 6.672109603881836, "elapsed_time": 4.785565376281738, "prnt": false}
{"event": "training_step", "timestamp": 1769149404.037029, "step": 165, "max_steps": 1883, "loss": 6.7720489501953125, "elapsed_time": 4.811066389083862, "prnt": false}
{"event": "training_step", "timestamp": 1769149404.0628366, "step": 166, "max_steps": 1883, "loss": 6.780531883239746, "elapsed_time": 4.836879730224609, "prnt": false}
{"event": "training_step", "timestamp": 1769149404.0885406, "step": 167, "max_steps": 1883, "loss": 6.696601867675781, "elapsed_time": 4.862495183944702, "prnt": false}
{"event": "training_step", "timestamp": 1769149404.1142352, "step": 168, "max_steps": 1883, "loss": 6.772898197174072, "elapsed_time": 4.888167381286621, "prnt": false}
{"event": "training_step", "timestamp": 1769149404.1398628, "step": 169, "max_steps": 1883, "loss": 6.823359489440918, "elapsed_time": 4.913914203643799, "prnt": false}
{"event": "training_step", "timestamp": 1769149404.1656623, "step": 170, "max_steps": 1883, "loss": 6.662704944610596, "elapsed_time": 4.939870357513428, "prnt": false}
{"event": "training_step", "timestamp": 1769149404.1913476, "step": 171, "max_steps": 1883, "loss": 6.770998001098633, "elapsed_time": 4.965406894683838, "prnt": false}
{"event": "training_step", "timestamp": 1769149404.2170317, "step": 172, "max_steps": 1883, "loss": 6.836843967437744, "elapsed_time": 4.9910571575164795, "prnt": false}
{"event": "training_step", "timestamp": 1769149404.2427032, "step": 173, "max_steps": 1883, "loss": 6.802919864654541, "elapsed_time": 5.01672887802124, "prnt": false}
{"event": "training_step", "timestamp": 1769149404.2684796, "step": 174, "max_steps": 1883, "loss": 6.699649333953857, "elapsed_time": 5.042579412460327, "prnt": false}
{"event": "training_step", "timestamp": 1769149404.2941606, "step": 175, "max_steps": 1883, "loss": 6.73442268371582, "elapsed_time": 5.0681843757629395, "prnt": false}
{"event": "training_step", "timestamp": 1769149404.3198247, "step": 176, "max_steps": 1883, "loss": 6.750741481781006, "elapsed_time": 5.093870401382446, "prnt": false}
{"event": "training_step", "timestamp": 1769149404.3455296, "step": 177, "max_steps": 1883, "loss": 6.669506549835205, "elapsed_time": 5.119548559188843, "prnt": false}
{"event": "training_step", "timestamp": 1769149404.3713918, "step": 178, "max_steps": 1883, "loss": 6.680977821350098, "elapsed_time": 5.145432710647583, "prnt": false}
{"event": "validation_step", "timestamp": 1769149404.6083798, "step": 178, "max_steps": 1883, "loss": 1.5087856935657222, "elapsed_time": 5.145432710647583}
{"event": "training_step", "timestamp": 1769149404.6342947, "step": 179, "max_steps": 1883, "loss": 6.702719688415527, "elapsed_time": 5.4086079597473145, "prnt": false}
{"event": "training_step", "timestamp": 1769149404.6600227, "step": 180, "max_steps": 1883, "loss": 6.675195693969727, "elapsed_time": 5.434096336364746, "prnt": false}
{"event": "training_step", "timestamp": 1769149404.6857297, "step": 181, "max_steps": 1883, "loss": 6.632991790771484, "elapsed_time": 5.459782600402832, "prnt": false}
{"event": "training_step", "timestamp": 1769149404.711499, "step": 182, "max_steps": 1883, "loss": 6.628801345825195, "elapsed_time": 5.485496282577515, "prnt": false}
{"event": "training_step", "timestamp": 1769149404.73716, "step": 183, "max_steps": 1883, "loss": 6.67459774017334, "elapsed_time": 5.511217355728149, "prnt": false}
{"event": "training_step", "timestamp": 1769149404.7628782, "step": 184, "max_steps": 1883, "loss": 6.65682315826416, "elapsed_time": 5.536969900131226, "prnt": false}
{"event": "training_step", "timestamp": 1769149404.7886353, "step": 185, "max_steps": 1883, "loss": 6.692823886871338, "elapsed_time": 5.562637567520142, "prnt": false}
{"event": "training_step", "timestamp": 1769149404.8144174, "step": 186, "max_steps": 1883, "loss": 6.662128448486328, "elapsed_time": 5.588428258895874, "prnt": false}
{"event": "training_step", "timestamp": 1769149404.840091, "step": 187, "max_steps": 1883, "loss": 6.7198076248168945, "elapsed_time": 5.614116191864014, "prnt": false}
{"event": "training_step", "timestamp": 1769149404.865783, "step": 188, "max_steps": 1883, "loss": 6.5986785888671875, "elapsed_time": 5.639733552932739, "prnt": false}
{"event": "training_step", "timestamp": 1769149404.891441, "step": 189, "max_steps": 1883, "loss": 6.614587783813477, "elapsed_time": 5.66547417640686, "prnt": false}
{"event": "training_step", "timestamp": 1769149404.9172099, "step": 190, "max_steps": 1883, "loss": 6.6395039558410645, "elapsed_time": 5.691243410110474, "prnt": false}
{"event": "training_step", "timestamp": 1769149404.9428833, "step": 191, "max_steps": 1883, "loss": 6.640100955963135, "elapsed_time": 5.716922283172607, "prnt": false}
{"event": "training_step", "timestamp": 1769149404.9685752, "step": 192, "max_steps": 1883, "loss": 6.697175979614258, "elapsed_time": 5.742626428604126, "prnt": false}
{"event": "training_step", "timestamp": 1769149404.9942625, "step": 193, "max_steps": 1883, "loss": 6.649141311645508, "elapsed_time": 5.768469572067261, "prnt": false}
{"event": "training_step", "timestamp": 1769149405.0200386, "step": 194, "max_steps": 1883, "loss": 6.710078716278076, "elapsed_time": 5.794232368469238, "prnt": false}
{"event": "training_step", "timestamp": 1769149405.0457757, "step": 195, "max_steps": 1883, "loss": 6.613530158996582, "elapsed_time": 5.819846868515015, "prnt": false}
{"event": "training_step", "timestamp": 1769149405.0714765, "step": 196, "max_steps": 1883, "loss": 6.697054386138916, "elapsed_time": 5.845482110977173, "prnt": false}
{"event": "training_step", "timestamp": 1769149405.0971346, "step": 197, "max_steps": 1883, "loss": 6.552020072937012, "elapsed_time": 5.871143102645874, "prnt": false}
{"event": "training_step", "timestamp": 1769149405.1229305, "step": 198, "max_steps": 1883, "loss": 6.578146457672119, "elapsed_time": 5.897003412246704, "prnt": false}
{"event": "training_step", "timestamp": 1769149405.1485946, "step": 199, "max_steps": 1883, "loss": 6.570804119110107, "elapsed_time": 5.922653675079346, "prnt": false}
{"event": "training_step", "timestamp": 1769149405.1742666, "step": 200, "max_steps": 1883, "loss": 6.681097030639648, "elapsed_time": 5.948295831680298, "prnt": false}
{"event": "training_step", "timestamp": 1769149405.1998951, "step": 201, "max_steps": 1883, "loss": 6.688213348388672, "elapsed_time": 5.973987817764282, "prnt": false}
{"event": "training_step", "timestamp": 1769149405.2256603, "step": 202, "max_steps": 1883, "loss": 6.597386837005615, "elapsed_time": 5.999709129333496, "prnt": false}
{"event": "training_step", "timestamp": 1769149405.251366, "step": 203, "max_steps": 1883, "loss": 6.654609203338623, "elapsed_time": 6.025363445281982, "prnt": false}
{"event": "training_step", "timestamp": 1769149405.2770133, "step": 204, "max_steps": 1883, "loss": 6.626066207885742, "elapsed_time": 6.051080703735352, "prnt": false}
{"event": "training_step", "timestamp": 1769149405.3026814, "step": 205, "max_steps": 1883, "loss": 6.541093349456787, "elapsed_time": 6.0766918659210205, "prnt": false}
{"event": "training_step", "timestamp": 1769149405.328472, "step": 206, "max_steps": 1883, "loss": 6.594025611877441, "elapsed_time": 6.102590799331665, "prnt": false}
{"event": "training_step", "timestamp": 1769149405.354139, "step": 207, "max_steps": 1883, "loss": 6.610226631164551, "elapsed_time": 6.128164768218994, "prnt": false}
{"event": "training_step", "timestamp": 1769149405.379841, "step": 208, "max_steps": 1883, "loss": 6.646237373352051, "elapsed_time": 6.153947830200195, "prnt": false}
{"event": "training_step", "timestamp": 1769149405.4055226, "step": 209, "max_steps": 1883, "loss": 6.647558212280273, "elapsed_time": 6.179670095443726, "prnt": false}
{"event": "training_step", "timestamp": 1769149405.4312756, "step": 210, "max_steps": 1883, "loss": 6.611242294311523, "elapsed_time": 6.205446720123291, "prnt": false}
{"event": "training_step", "timestamp": 1769149405.45692, "step": 211, "max_steps": 1883, "loss": 6.601560115814209, "elapsed_time": 6.230969190597534, "prnt": false}
{"event": "training_step", "timestamp": 1769149405.482591, "step": 212, "max_steps": 1883, "loss": 6.574339866638184, "elapsed_time": 6.256658554077148, "prnt": false}
{"event": "training_step", "timestamp": 1769149405.5082886, "step": 213, "max_steps": 1883, "loss": 6.590458869934082, "elapsed_time": 6.282317876815796, "prnt": false}
{"event": "training_step", "timestamp": 1769149405.5340273, "step": 214, "max_steps": 1883, "loss": 6.555524826049805, "elapsed_time": 6.308020830154419, "prnt": false}
{"event": "training_step", "timestamp": 1769149405.5597248, "step": 215, "max_steps": 1883, "loss": 6.645296573638916, "elapsed_time": 6.333782196044922, "prnt": false}
{"event": "training_step", "timestamp": 1769149405.5854495, "step": 216, "max_steps": 1883, "loss": 6.588044166564941, "elapsed_time": 6.359675884246826, "prnt": false}
{"event": "training_step", "timestamp": 1769149405.61112, "step": 217, "max_steps": 1883, "loss": 6.584177017211914, "elapsed_time": 6.385228872299194, "prnt": false}
{"event": "training_step", "timestamp": 1769149405.6368837, "step": 218, "max_steps": 1883, "loss": 6.582740306854248, "elapsed_time": 6.410944938659668, "prnt": false}
{"event": "training_step", "timestamp": 1769149405.6625457, "step": 219, "max_steps": 1883, "loss": 6.508993148803711, "elapsed_time": 6.43656063079834, "prnt": false}
{"event": "training_step", "timestamp": 1769149405.688235, "step": 220, "max_steps": 1883, "loss": 6.621654987335205, "elapsed_time": 6.462223052978516, "prnt": false}
{"event": "training_step", "timestamp": 1769149405.7138927, "step": 221, "max_steps": 1883, "loss": 6.481921672821045, "elapsed_time": 6.487969160079956, "prnt": false}
{"event": "training_step", "timestamp": 1769149405.7396696, "step": 222, "max_steps": 1883, "loss": 6.486562728881836, "elapsed_time": 6.513744592666626, "prnt": false}
{"event": "training_step", "timestamp": 1769149405.765373, "step": 223, "max_steps": 1883, "loss": 6.595459461212158, "elapsed_time": 6.539623737335205, "prnt": false}
{"event": "training_step", "timestamp": 1769149405.7910786, "step": 224, "max_steps": 1883, "loss": 6.472668170928955, "elapsed_time": 6.565200328826904, "prnt": false}
{"event": "training_step", "timestamp": 1769149405.8169641, "step": 225, "max_steps": 1883, "loss": 6.532505035400391, "elapsed_time": 6.59087610244751, "prnt": false}
{"event": "training_step", "timestamp": 1769149405.8427749, "step": 226, "max_steps": 1883, "loss": 6.478403568267822, "elapsed_time": 6.616786956787109, "prnt": false}
{"event": "training_step", "timestamp": 1769149405.8684824, "step": 227, "max_steps": 1883, "loss": 6.483107089996338, "elapsed_time": 6.642475843429565, "prnt": false}
{"event": "training_step", "timestamp": 1769149405.8941622, "step": 228, "max_steps": 1883, "loss": 6.431875228881836, "elapsed_time": 6.668157339096069, "prnt": false}
{"event": "training_step", "timestamp": 1769149405.9198184, "step": 229, "max_steps": 1883, "loss": 6.544401168823242, "elapsed_time": 6.6938488483428955, "prnt": false}
{"event": "training_step", "timestamp": 1769149405.9456003, "step": 230, "max_steps": 1883, "loss": 6.4787983894348145, "elapsed_time": 6.719653367996216, "prnt": false}
{"event": "training_step", "timestamp": 1769149405.9713511, "step": 231, "max_steps": 1883, "loss": 6.479409694671631, "elapsed_time": 6.74551796913147, "prnt": false}
{"event": "training_step", "timestamp": 1769149405.9970615, "step": 232, "max_steps": 1883, "loss": 6.547952651977539, "elapsed_time": 6.771089315414429, "prnt": false}
{"event": "training_step", "timestamp": 1769149406.0227215, "step": 233, "max_steps": 1883, "loss": 6.53725004196167, "elapsed_time": 6.7968316078186035, "prnt": false}
{"event": "training_step", "timestamp": 1769149406.0485296, "step": 234, "max_steps": 1883, "loss": 6.552640438079834, "elapsed_time": 6.822499752044678, "prnt": false}
{"event": "training_step", "timestamp": 1769149406.0743034, "step": 235, "max_steps": 1883, "loss": 6.568230152130127, "elapsed_time": 6.848236083984375, "prnt": false}
{"event": "training_step", "timestamp": 1769149406.0999906, "step": 236, "max_steps": 1883, "loss": 6.504465103149414, "elapsed_time": 6.8739495277404785, "prnt": false}
{"event": "training_step", "timestamp": 1769149406.1256573, "step": 237, "max_steps": 1883, "loss": 6.531411647796631, "elapsed_time": 6.899653434753418, "prnt": false}
{"event": "training_step", "timestamp": 1769149406.1514478, "step": 238, "max_steps": 1883, "loss": 6.481378078460693, "elapsed_time": 6.925480842590332, "prnt": false}
{"event": "training_step", "timestamp": 1769149406.1771622, "step": 239, "max_steps": 1883, "loss": 6.458903789520264, "elapsed_time": 6.951323509216309, "prnt": false}
{"event": "training_step", "timestamp": 1769149406.2028425, "step": 240, "max_steps": 1883, "loss": 6.508081912994385, "elapsed_time": 6.976954221725464, "prnt": false}
{"event": "training_step", "timestamp": 1769149406.2285066, "step": 241, "max_steps": 1883, "loss": 6.508974552154541, "elapsed_time": 7.002528429031372, "prnt": false}
{"event": "training_step", "timestamp": 1769149406.254313, "step": 242, "max_steps": 1883, "loss": 6.5867390632629395, "elapsed_time": 7.028322458267212, "prnt": false}
{"event": "training_step", "timestamp": 1769149406.2799826, "step": 243, "max_steps": 1883, "loss": 6.489586353302002, "elapsed_time": 7.05400276184082, "prnt": false}
{"event": "training_step", "timestamp": 1769149406.3056612, "step": 244, "max_steps": 1883, "loss": 6.382734298706055, "elapsed_time": 7.079658031463623, "prnt": false}
{"event": "training_step", "timestamp": 1769149406.331348, "step": 245, "max_steps": 1883, "loss": 6.544332504272461, "elapsed_time": 7.105418682098389, "prnt": false}
{"event": "training_step", "timestamp": 1769149406.35713, "step": 246, "max_steps": 1883, "loss": 6.4550981521606445, "elapsed_time": 7.131120204925537, "prnt": false}
{"event": "training_step", "timestamp": 1769149406.3828914, "step": 247, "max_steps": 1883, "loss": 6.478213787078857, "elapsed_time": 7.1571149826049805, "prnt": false}
{"event": "training_step", "timestamp": 1769149406.4085925, "step": 248, "max_steps": 1883, "loss": 6.539515018463135, "elapsed_time": 7.182702302932739, "prnt": false}
{"event": "training_step", "timestamp": 1769149406.4342654, "step": 249, "max_steps": 1883, "loss": 6.512126445770264, "elapsed_time": 7.208255290985107, "prnt": false}
{"event": "training_step", "timestamp": 1769149406.460216, "step": 250, "max_steps": 1883, "loss": 6.514344692230225, "elapsed_time": 7.23422908782959, "prnt": false}
{"event": "training_step", "timestamp": 1769149406.4859324, "step": 251, "max_steps": 1883, "loss": 6.501954555511475, "elapsed_time": 7.260059356689453, "prnt": false}
{"event": "training_step", "timestamp": 1769149406.5116436, "step": 252, "max_steps": 1883, "loss": 6.422167778015137, "elapsed_time": 7.285686731338501, "prnt": false}
{"event": "training_step", "timestamp": 1769149406.537329, "step": 253, "max_steps": 1883, "loss": 6.346220970153809, "elapsed_time": 7.311386346817017, "prnt": false}
{"event": "training_step", "timestamp": 1769149406.5632176, "step": 254, "max_steps": 1883, "loss": 6.400352954864502, "elapsed_time": 7.337328195571899, "prnt": false}
{"event": "training_step", "timestamp": 1769149406.5889587, "step": 255, "max_steps": 1883, "loss": 6.529559135437012, "elapsed_time": 7.363130331039429, "prnt": false}
{"event": "training_step", "timestamp": 1769149406.6146808, "step": 256, "max_steps": 1883, "loss": 6.411187171936035, "elapsed_time": 7.388772964477539, "prnt": false}
{"event": "training_step", "timestamp": 1769149406.6403766, "step": 257, "max_steps": 1883, "loss": 6.491857528686523, "elapsed_time": 7.414520025253296, "prnt": false}
{"event": "training_step", "timestamp": 1769149406.6662126, "step": 258, "max_steps": 1883, "loss": 6.439323902130127, "elapsed_time": 7.440177917480469, "prnt": false}
{"event": "training_step", "timestamp": 1769149406.6918693, "step": 259, "max_steps": 1883, "loss": 6.451807022094727, "elapsed_time": 7.465917110443115, "prnt": false}
{"event": "training_step", "timestamp": 1769149406.7175298, "step": 260, "max_steps": 1883, "loss": 6.45490837097168, "elapsed_time": 7.491587400436401, "prnt": false}
{"event": "training_step", "timestamp": 1769149406.74318, "step": 261, "max_steps": 1883, "loss": 6.470265865325928, "elapsed_time": 7.5172154903411865, "prnt": false}
{"event": "training_step", "timestamp": 1769149406.7690454, "step": 262, "max_steps": 1883, "loss": 6.490590572357178, "elapsed_time": 7.543168783187866, "prnt": false}
{"event": "training_step", "timestamp": 1769149406.7947512, "step": 263, "max_steps": 1883, "loss": 6.3217597007751465, "elapsed_time": 7.568714141845703, "prnt": false}
{"event": "training_step", "timestamp": 1769149406.8204598, "step": 264, "max_steps": 1883, "loss": 6.501832962036133, "elapsed_time": 7.594517469406128, "prnt": false}
{"event": "training_step", "timestamp": 1769149406.8461957, "step": 265, "max_steps": 1883, "loss": 6.235990047454834, "elapsed_time": 7.6202239990234375, "prnt": false}
{"event": "training_step", "timestamp": 1769149406.8719866, "step": 266, "max_steps": 1883, "loss": 6.482113838195801, "elapsed_time": 7.646021604537964, "prnt": false}
{"event": "training_step", "timestamp": 1769149406.8976998, "step": 267, "max_steps": 1883, "loss": 6.462972164154053, "elapsed_time": 7.671699285507202, "prnt": false}
{"event": "validation_step", "timestamp": 1769149407.1342869, "step": 267, "max_steps": 1883, "loss": 1.4544256869344878, "elapsed_time": 7.671699285507202}
{"event": "training_step", "timestamp": 1769149407.1602554, "step": 268, "max_steps": 1883, "loss": 6.334012031555176, "elapsed_time": 7.93478798866272, "prnt": false}
{"event": "training_step", "timestamp": 1769149407.1861103, "step": 269, "max_steps": 1883, "loss": 6.388674259185791, "elapsed_time": 7.960643529891968, "prnt": false}
{"event": "training_step", "timestamp": 1769149407.2121174, "step": 270, "max_steps": 1883, "loss": 6.423862934112549, "elapsed_time": 7.986429452896118, "prnt": false}
{"event": "training_step", "timestamp": 1769149407.2379029, "step": 271, "max_steps": 1883, "loss": 6.418015003204346, "elapsed_time": 8.012132406234741, "prnt": false}
{"event": "training_step", "timestamp": 1769149407.263652, "step": 272, "max_steps": 1883, "loss": 6.417733669281006, "elapsed_time": 8.037892580032349, "prnt": false}
{"event": "training_step", "timestamp": 1769149407.2893963, "step": 273, "max_steps": 1883, "loss": 6.502376079559326, "elapsed_time": 8.063509702682495, "prnt": false}
{"event": "training_step", "timestamp": 1769149407.315324, "step": 274, "max_steps": 1883, "loss": 6.46480131149292, "elapsed_time": 8.08961534500122, "prnt": false}
{"event": "training_step", "timestamp": 1769149407.3410978, "step": 275, "max_steps": 1883, "loss": 6.34017276763916, "elapsed_time": 8.115365743637085, "prnt": false}
{"event": "training_step", "timestamp": 1769149407.3669002, "step": 276, "max_steps": 1883, "loss": 6.451132774353027, "elapsed_time": 8.141072273254395, "prnt": false}
{"event": "training_step", "timestamp": 1769149407.3925872, "step": 277, "max_steps": 1883, "loss": 6.3772711753845215, "elapsed_time": 8.166754484176636, "prnt": false}
{"event": "training_step", "timestamp": 1769149407.4184418, "step": 278, "max_steps": 1883, "loss": 6.455751895904541, "elapsed_time": 8.192542552947998, "prnt": false}
{"event": "training_step", "timestamp": 1769149407.4442146, "step": 279, "max_steps": 1883, "loss": 6.39555549621582, "elapsed_time": 8.21840763092041, "prnt": false}
{"event": "training_step", "timestamp": 1769149407.4699986, "step": 280, "max_steps": 1883, "loss": 6.3395819664001465, "elapsed_time": 8.244199514389038, "prnt": false}
{"event": "training_step", "timestamp": 1769149407.4957044, "step": 281, "max_steps": 1883, "loss": 6.302768707275391, "elapsed_time": 8.269806146621704, "prnt": false}
{"event": "training_step", "timestamp": 1769149407.5215528, "step": 282, "max_steps": 1883, "loss": 6.451501369476318, "elapsed_time": 8.295552253723145, "prnt": false}
{"event": "training_step", "timestamp": 1769149407.5472884, "step": 283, "max_steps": 1883, "loss": 6.406493663787842, "elapsed_time": 8.321375608444214, "prnt": false}
{"event": "training_step", "timestamp": 1769149407.573093, "step": 284, "max_steps": 1883, "loss": 6.418835639953613, "elapsed_time": 8.347377300262451, "prnt": false}
{"event": "training_step", "timestamp": 1769149407.5989788, "step": 285, "max_steps": 1883, "loss": 6.401447772979736, "elapsed_time": 8.373321771621704, "prnt": false}
{"event": "training_step", "timestamp": 1769149407.6249175, "step": 286, "max_steps": 1883, "loss": 6.439502716064453, "elapsed_time": 8.398947715759277, "prnt": false}
{"event": "training_step", "timestamp": 1769149407.6507065, "step": 287, "max_steps": 1883, "loss": 6.42245626449585, "elapsed_time": 8.425015926361084, "prnt": false}
{"event": "training_step", "timestamp": 1769149407.6764681, "step": 288, "max_steps": 1883, "loss": 6.50417423248291, "elapsed_time": 8.450637817382812, "prnt": false}
{"event": "training_step", "timestamp": 1769149407.7021606, "step": 289, "max_steps": 1883, "loss": 6.390355587005615, "elapsed_time": 8.476345539093018, "prnt": false}
{"event": "training_step", "timestamp": 1769149407.728061, "step": 290, "max_steps": 1883, "loss": 6.427356243133545, "elapsed_time": 8.502109050750732, "prnt": false}
{"event": "training_step", "timestamp": 1769149407.7538445, "step": 291, "max_steps": 1883, "loss": 6.43599796295166, "elapsed_time": 8.52799916267395, "prnt": false}
{"event": "training_step", "timestamp": 1769149407.7796407, "step": 292, "max_steps": 1883, "loss": 6.326077938079834, "elapsed_time": 8.554196834564209, "prnt": false}
{"event": "training_step", "timestamp": 1769149407.805857, "step": 293, "max_steps": 1883, "loss": 6.367327690124512, "elapsed_time": 8.58255934715271, "prnt": false}
{"event": "training_step", "timestamp": 1769149407.8322313, "step": 294, "max_steps": 1883, "loss": 6.368274688720703, "elapsed_time": 8.608706951141357, "prnt": false}
{"event": "training_step", "timestamp": 1769149407.8584297, "step": 295, "max_steps": 1883, "loss": 6.3689751625061035, "elapsed_time": 8.635103225708008, "prnt": false}
{"event": "training_step", "timestamp": 1769149407.8846085, "step": 296, "max_steps": 1883, "loss": 6.240996360778809, "elapsed_time": 8.661102294921875, "prnt": false}
{"event": "training_step", "timestamp": 1769149407.9108207, "step": 297, "max_steps": 1883, "loss": 6.3503828048706055, "elapsed_time": 8.68823790550232, "prnt": false}
{"event": "training_step", "timestamp": 1769149407.9368584, "step": 298, "max_steps": 1883, "loss": 6.310591220855713, "elapsed_time": 8.711665391921997, "prnt": false}
{"event": "training_step", "timestamp": 1769149407.9627535, "step": 299, "max_steps": 1883, "loss": 6.439857482910156, "elapsed_time": 8.737327814102173, "prnt": false}
{"event": "training_step", "timestamp": 1769149407.9886107, "step": 300, "max_steps": 1883, "loss": 6.327051639556885, "elapsed_time": 8.763477563858032, "prnt": false}
{"event": "training_step", "timestamp": 1769149408.0144238, "step": 301, "max_steps": 1883, "loss": 6.282482624053955, "elapsed_time": 8.78879165649414, "prnt": false}
{"event": "training_step", "timestamp": 1769149408.0403502, "step": 302, "max_steps": 1883, "loss": 6.329205513000488, "elapsed_time": 8.814546585083008, "prnt": false}
{"event": "training_step", "timestamp": 1769149408.066113, "step": 303, "max_steps": 1883, "loss": 6.228653430938721, "elapsed_time": 8.840404748916626, "prnt": false}
{"event": "training_step", "timestamp": 1769149408.0918658, "step": 304, "max_steps": 1883, "loss": 6.377141952514648, "elapsed_time": 8.866075992584229, "prnt": false}
{"event": "training_step", "timestamp": 1769149408.11762, "step": 305, "max_steps": 1883, "loss": 6.381253719329834, "elapsed_time": 8.891729831695557, "prnt": false}
{"event": "training_step", "timestamp": 1769149408.1434302, "step": 306, "max_steps": 1883, "loss": 6.314983367919922, "elapsed_time": 8.917497396469116, "prnt": false}
{"event": "training_step", "timestamp": 1769149408.1691327, "step": 307, "max_steps": 1883, "loss": 6.331545829772949, "elapsed_time": 8.943196058273315, "prnt": false}
{"event": "training_step", "timestamp": 1769149408.1948667, "step": 308, "max_steps": 1883, "loss": 6.388019561767578, "elapsed_time": 8.969007015228271, "prnt": false}
{"event": "training_step", "timestamp": 1769149408.2206273, "step": 309, "max_steps": 1883, "loss": 6.266793251037598, "elapsed_time": 8.994770050048828, "prnt": false}
{"event": "training_step", "timestamp": 1769149408.246568, "step": 310, "max_steps": 1883, "loss": 6.412355422973633, "elapsed_time": 9.020721912384033, "prnt": false}
{"event": "training_step", "timestamp": 1769149408.2725046, "step": 311, "max_steps": 1883, "loss": 6.28434419631958, "elapsed_time": 9.047157764434814, "prnt": false}
{"event": "training_step", "timestamp": 1769149408.2983499, "step": 312, "max_steps": 1883, "loss": 6.215841293334961, "elapsed_time": 9.072638034820557, "prnt": false}
{"event": "training_step", "timestamp": 1769149408.3240666, "step": 313, "max_steps": 1883, "loss": 6.319512367248535, "elapsed_time": 9.098289728164673, "prnt": false}
{"event": "training_step", "timestamp": 1769149408.3499265, "step": 314, "max_steps": 1883, "loss": 6.318815231323242, "elapsed_time": 9.12398910522461, "prnt": false}
{"event": "training_step", "timestamp": 1769149408.3756933, "step": 315, "max_steps": 1883, "loss": 6.337441921234131, "elapsed_time": 9.14972710609436, "prnt": false}
{"event": "training_step", "timestamp": 1769149408.4014392, "step": 316, "max_steps": 1883, "loss": 6.286587238311768, "elapsed_time": 9.175583600997925, "prnt": false}
{"event": "training_step", "timestamp": 1769149408.4272254, "step": 317, "max_steps": 1883, "loss": 6.287993431091309, "elapsed_time": 9.201495170593262, "prnt": false}
{"event": "training_step", "timestamp": 1769149408.453166, "step": 318, "max_steps": 1883, "loss": 6.384201526641846, "elapsed_time": 9.227486610412598, "prnt": false}
{"event": "training_step", "timestamp": 1769149408.4789417, "step": 319, "max_steps": 1883, "loss": 6.29854679107666, "elapsed_time": 9.25329875946045, "prnt": false}
{"event": "training_step", "timestamp": 1769149408.504883, "step": 320, "max_steps": 1883, "loss": 6.306797504425049, "elapsed_time": 9.279561281204224, "prnt": false}
{"event": "training_step", "timestamp": 1769149408.5307705, "step": 321, "max_steps": 1883, "loss": 6.3247833251953125, "elapsed_time": 9.305361270904541, "prnt": false}
{"event": "training_step", "timestamp": 1769149408.5566957, "step": 322, "max_steps": 1883, "loss": 6.259446144104004, "elapsed_time": 9.331053495407104, "prnt": false}
{"event": "training_step", "timestamp": 1769149408.5824935, "step": 323, "max_steps": 1883, "loss": 6.398226737976074, "elapsed_time": 9.356903791427612, "prnt": false}
{"event": "training_step", "timestamp": 1769149408.6084569, "step": 324, "max_steps": 1883, "loss": 6.255547523498535, "elapsed_time": 9.382766008377075, "prnt": false}
{"event": "training_step", "timestamp": 1769149408.6342223, "step": 325, "max_steps": 1883, "loss": 6.232599258422852, "elapsed_time": 9.4082510471344, "prnt": false}
{"event": "training_step", "timestamp": 1769149408.6600895, "step": 326, "max_steps": 1883, "loss": 6.234178066253662, "elapsed_time": 9.434285402297974, "prnt": false}
{"event": "training_step", "timestamp": 1769149408.6858459, "step": 327, "max_steps": 1883, "loss": 6.3744378089904785, "elapsed_time": 9.460075855255127, "prnt": false}
{"event": "training_step", "timestamp": 1769149408.7115953, "step": 328, "max_steps": 1883, "loss": 6.293379306793213, "elapsed_time": 9.485736846923828, "prnt": false}
{"event": "training_step", "timestamp": 1769149408.7373633, "step": 329, "max_steps": 1883, "loss": 6.295629978179932, "elapsed_time": 9.511471033096313, "prnt": false}
{"event": "training_step", "timestamp": 1769149408.763453, "step": 330, "max_steps": 1883, "loss": 6.227633476257324, "elapsed_time": 9.538094520568848, "prnt": false}
{"event": "training_step", "timestamp": 1769149408.7894158, "step": 331, "max_steps": 1883, "loss": 6.335832118988037, "elapsed_time": 9.564148902893066, "prnt": false}
{"event": "training_step", "timestamp": 1769149408.8153327, "step": 332, "max_steps": 1883, "loss": 6.270852088928223, "elapsed_time": 9.589743852615356, "prnt": false}
{"event": "training_step", "timestamp": 1769149408.8410695, "step": 333, "max_steps": 1883, "loss": 6.24752140045166, "elapsed_time": 9.61524748802185, "prnt": false}
{"event": "training_step", "timestamp": 1769149408.8669722, "step": 334, "max_steps": 1883, "loss": 6.2738752365112305, "elapsed_time": 9.641161441802979, "prnt": false}
{"event": "training_step", "timestamp": 1769149408.8927226, "step": 335, "max_steps": 1883, "loss": 6.366228103637695, "elapsed_time": 9.666949272155762, "prnt": false}
{"event": "training_step", "timestamp": 1769149408.918488, "step": 336, "max_steps": 1883, "loss": 6.141558647155762, "elapsed_time": 9.692651271820068, "prnt": false}
{"event": "training_step", "timestamp": 1769149408.944264, "step": 337, "max_steps": 1883, "loss": 6.291672706604004, "elapsed_time": 9.71846628189087, "prnt": false}
{"event": "training_step", "timestamp": 1769149408.9701107, "step": 338, "max_steps": 1883, "loss": 6.318922996520996, "elapsed_time": 9.744319677352905, "prnt": false}
{"event": "training_step", "timestamp": 1769149408.9958408, "step": 339, "max_steps": 1883, "loss": 6.281170845031738, "elapsed_time": 9.77000641822815, "prnt": false}
{"event": "training_step", "timestamp": 1769149409.0215893, "step": 340, "max_steps": 1883, "loss": 6.291075229644775, "elapsed_time": 9.79577922821045, "prnt": false}
{"event": "training_step", "timestamp": 1769149409.0473368, "step": 341, "max_steps": 1883, "loss": 6.205915451049805, "elapsed_time": 9.821463108062744, "prnt": false}
{"event": "training_step", "timestamp": 1769149409.0731738, "step": 342, "max_steps": 1883, "loss": 6.225924968719482, "elapsed_time": 9.847256422042847, "prnt": false}
{"event": "training_step", "timestamp": 1769149409.098897, "step": 343, "max_steps": 1883, "loss": 6.29615592956543, "elapsed_time": 9.873157978057861, "prnt": false}
{"event": "training_step", "timestamp": 1769149409.124665, "step": 344, "max_steps": 1883, "loss": 6.285225868225098, "elapsed_time": 9.898632287979126, "prnt": false}
{"event": "training_step", "timestamp": 1769149409.1505563, "step": 345, "max_steps": 1883, "loss": 6.196407318115234, "elapsed_time": 9.92509412765503, "prnt": false}
{"event": "training_step", "timestamp": 1769149409.1766257, "step": 346, "max_steps": 1883, "loss": 6.293054103851318, "elapsed_time": 9.951141357421875, "prnt": false}
{"event": "training_step", "timestamp": 1769149409.2024925, "step": 347, "max_steps": 1883, "loss": 6.241110801696777, "elapsed_time": 9.976977348327637, "prnt": false}
{"event": "training_step", "timestamp": 1769149409.2282383, "step": 348, "max_steps": 1883, "loss": 6.2449517250061035, "elapsed_time": 10.002732753753662, "prnt": false}
{"event": "training_step", "timestamp": 1769149409.2539835, "step": 349, "max_steps": 1883, "loss": 6.2274627685546875, "elapsed_time": 10.02820634841919, "prnt": false}
{"event": "training_step", "timestamp": 1769149409.279828, "step": 350, "max_steps": 1883, "loss": 6.236665725708008, "elapsed_time": 10.054044008255005, "prnt": false}
{"event": "training_step", "timestamp": 1769149409.3056338, "step": 351, "max_steps": 1883, "loss": 6.277458667755127, "elapsed_time": 10.079744815826416, "prnt": false}
{"event": "training_step", "timestamp": 1769149409.3313706, "step": 352, "max_steps": 1883, "loss": 6.216028213500977, "elapsed_time": 10.10544204711914, "prnt": false}
{"event": "training_step", "timestamp": 1769149409.357054, "step": 353, "max_steps": 1883, "loss": 6.214847564697266, "elapsed_time": 10.131198644638062, "prnt": false}
{"event": "training_step", "timestamp": 1769149409.3829303, "step": 354, "max_steps": 1883, "loss": 6.272964000701904, "elapsed_time": 10.157002210617065, "prnt": false}
{"event": "training_step", "timestamp": 1769149409.4086719, "step": 355, "max_steps": 1883, "loss": 6.21054220199585, "elapsed_time": 10.182783603668213, "prnt": false}
{"event": "training_step", "timestamp": 1769149409.434379, "step": 356, "max_steps": 1883, "loss": 6.23789644241333, "elapsed_time": 10.208536624908447, "prnt": false}
{"event": "validation_step", "timestamp": 1769149409.6716714, "step": 356, "max_steps": 1883, "loss": 1.4210928176840574, "elapsed_time": 10.208536624908447}
{"event": "training_step", "timestamp": 1769149409.697693, "step": 357, "max_steps": 1883, "loss": 6.255290985107422, "elapsed_time": 10.472350597381592, "prnt": false}
{"event": "training_step", "timestamp": 1769149409.723546, "step": 358, "max_steps": 1883, "loss": 6.243472099304199, "elapsed_time": 10.497775316238403, "prnt": false}
{"event": "training_step", "timestamp": 1769149409.749289, "step": 359, "max_steps": 1883, "loss": 6.328342914581299, "elapsed_time": 10.523403406143188, "prnt": false}
{"event": "training_step", "timestamp": 1769149409.7750723, "step": 360, "max_steps": 1883, "loss": 6.206554412841797, "elapsed_time": 10.549145221710205, "prnt": false}
{"event": "training_step", "timestamp": 1769149409.8008435, "step": 361, "max_steps": 1883, "loss": 6.195365905761719, "elapsed_time": 10.574948787689209, "prnt": false}
{"event": "training_step", "timestamp": 1769149409.8267832, "step": 362, "max_steps": 1883, "loss": 6.265420436859131, "elapsed_time": 10.600919961929321, "prnt": false}
{"event": "training_step", "timestamp": 1769149409.8525732, "step": 363, "max_steps": 1883, "loss": 6.275965213775635, "elapsed_time": 10.626884698867798, "prnt": false}
{"event": "training_step", "timestamp": 1769149409.8783627, "step": 364, "max_steps": 1883, "loss": 6.308649063110352, "elapsed_time": 10.652570486068726, "prnt": false}
{"event": "training_step", "timestamp": 1769149409.904157, "step": 365, "max_steps": 1883, "loss": 6.150228500366211, "elapsed_time": 10.67834186553955, "prnt": false}
{"event": "training_step", "timestamp": 1769149409.930027, "step": 366, "max_steps": 1883, "loss": 6.0917158126831055, "elapsed_time": 10.704120874404907, "prnt": false}
{"event": "training_step", "timestamp": 1769149409.9557712, "step": 367, "max_steps": 1883, "loss": 6.203365325927734, "elapsed_time": 10.72993540763855, "prnt": false}
{"event": "training_step", "timestamp": 1769149409.9815972, "step": 368, "max_steps": 1883, "loss": 6.151660442352295, "elapsed_time": 10.755772113800049, "prnt": false}
{"event": "training_step", "timestamp": 1769149410.007336, "step": 369, "max_steps": 1883, "loss": 6.162655830383301, "elapsed_time": 10.781497955322266, "prnt": false}
{"event": "training_step", "timestamp": 1769149410.0332253, "step": 370, "max_steps": 1883, "loss": 6.290569305419922, "elapsed_time": 10.807360410690308, "prnt": false}
{"event": "training_step", "timestamp": 1769149410.0590103, "step": 371, "max_steps": 1883, "loss": 6.15476655960083, "elapsed_time": 10.833330154418945, "prnt": false}
{"event": "training_step", "timestamp": 1769149410.085225, "step": 372, "max_steps": 1883, "loss": 6.263728141784668, "elapsed_time": 10.86144757270813, "prnt": false}
{"event": "training_step", "timestamp": 1769149410.1113448, "step": 373, "max_steps": 1883, "loss": 6.1530303955078125, "elapsed_time": 10.887441873550415, "prnt": false}
{"event": "training_step", "timestamp": 1769149410.1376023, "step": 374, "max_steps": 1883, "loss": 6.175952434539795, "elapsed_time": 10.913612842559814, "prnt": false}
{"event": "training_step", "timestamp": 1769149410.1638122, "step": 375, "max_steps": 1883, "loss": 6.210813045501709, "elapsed_time": 10.940124750137329, "prnt": false}
{"event": "training_step", "timestamp": 1769149410.1901083, "step": 376, "max_steps": 1883, "loss": 6.168740272521973, "elapsed_time": 10.966574668884277, "prnt": false}
{"event": "training_step", "timestamp": 1769149410.2163057, "step": 377, "max_steps": 1883, "loss": 6.237039566040039, "elapsed_time": 10.991394758224487, "prnt": false}
{"event": "training_step", "timestamp": 1769149410.2423494, "step": 378, "max_steps": 1883, "loss": 6.156201362609863, "elapsed_time": 11.01679253578186, "prnt": false}
{"event": "training_step", "timestamp": 1769149410.2681918, "step": 379, "max_steps": 1883, "loss": 6.259475231170654, "elapsed_time": 11.042505979537964, "prnt": false}
{"event": "training_step", "timestamp": 1769149410.2939405, "step": 380, "max_steps": 1883, "loss": 6.14375638961792, "elapsed_time": 11.067915439605713, "prnt": false}
{"event": "training_step", "timestamp": 1769149410.3196957, "step": 381, "max_steps": 1883, "loss": 6.206722736358643, "elapsed_time": 11.093611001968384, "prnt": false}
{"event": "training_step", "timestamp": 1769149410.345552, "step": 382, "max_steps": 1883, "loss": 6.238656997680664, "elapsed_time": 11.119599342346191, "prnt": false}
{"event": "training_step", "timestamp": 1769149410.3713179, "step": 383, "max_steps": 1883, "loss": 6.160274505615234, "elapsed_time": 11.14547061920166, "prnt": false}
{"event": "training_step", "timestamp": 1769149410.3970912, "step": 384, "max_steps": 1883, "loss": 6.161559104919434, "elapsed_time": 11.171350955963135, "prnt": false}
{"event": "training_step", "timestamp": 1769149410.4228632, "step": 385, "max_steps": 1883, "loss": 6.192470073699951, "elapsed_time": 11.197099447250366, "prnt": false}
{"event": "training_step", "timestamp": 1769149410.4487576, "step": 386, "max_steps": 1883, "loss": 6.18464994430542, "elapsed_time": 11.222910404205322, "prnt": false}
{"event": "training_step", "timestamp": 1769149410.4745278, "step": 387, "max_steps": 1883, "loss": 6.191560745239258, "elapsed_time": 11.248680114746094, "prnt": false}
{"event": "training_step", "timestamp": 1769149410.500362, "step": 388, "max_steps": 1883, "loss": 6.248471260070801, "elapsed_time": 11.274415016174316, "prnt": false}
{"event": "training_step", "timestamp": 1769149410.526239, "step": 389, "max_steps": 1883, "loss": 6.117321491241455, "elapsed_time": 11.300594806671143, "prnt": false}
{"event": "training_step", "timestamp": 1769149410.5521295, "step": 390, "max_steps": 1883, "loss": 6.212619781494141, "elapsed_time": 11.326277494430542, "prnt": false}
{"event": "training_step", "timestamp": 1769149410.5779169, "step": 391, "max_steps": 1883, "loss": 6.173616409301758, "elapsed_time": 11.352083206176758, "prnt": false}
{"event": "training_step", "timestamp": 1769149410.6037102, "step": 392, "max_steps": 1883, "loss": 6.1313395500183105, "elapsed_time": 11.37791919708252, "prnt": false}
{"event": "training_step", "timestamp": 1769149410.6295168, "step": 393, "max_steps": 1883, "loss": 6.159857273101807, "elapsed_time": 11.403869390487671, "prnt": false}
{"event": "training_step", "timestamp": 1769149410.655422, "step": 394, "max_steps": 1883, "loss": 6.171802520751953, "elapsed_time": 11.42959451675415, "prnt": false}
{"event": "training_step", "timestamp": 1769149410.6811395, "step": 395, "max_steps": 1883, "loss": 6.135770797729492, "elapsed_time": 11.45535397529602, "prnt": false}
{"event": "training_step", "timestamp": 1769149410.706903, "step": 396, "max_steps": 1883, "loss": 6.0959391593933105, "elapsed_time": 11.480817556381226, "prnt": false}
{"event": "training_step", "timestamp": 1769149410.7326117, "step": 397, "max_steps": 1883, "loss": 6.201683044433594, "elapsed_time": 11.506629467010498, "prnt": false}
{"event": "training_step", "timestamp": 1769149410.7584703, "step": 398, "max_steps": 1883, "loss": 6.046252727508545, "elapsed_time": 11.532552003860474, "prnt": false}
{"event": "training_step", "timestamp": 1769149410.7841716, "step": 399, "max_steps": 1883, "loss": 6.160968780517578, "elapsed_time": 11.558240175247192, "prnt": false}
{"event": "training_step", "timestamp": 1769149410.809887, "step": 400, "max_steps": 1883, "loss": 6.203466892242432, "elapsed_time": 11.583836078643799, "prnt": false}
{"event": "training_step", "timestamp": 1769149410.8356292, "step": 401, "max_steps": 1883, "loss": 6.124017715454102, "elapsed_time": 11.609692573547363, "prnt": false}
{"event": "training_step", "timestamp": 1769149410.86146, "step": 402, "max_steps": 1883, "loss": 6.11440896987915, "elapsed_time": 11.63543701171875, "prnt": false}
{"event": "training_step", "timestamp": 1769149410.887166, "step": 403, "max_steps": 1883, "loss": 6.24984073638916, "elapsed_time": 11.661107540130615, "prnt": false}
{"event": "training_step", "timestamp": 1769149410.912842, "step": 404, "max_steps": 1883, "loss": 6.07464599609375, "elapsed_time": 11.686827421188354, "prnt": false}
{"event": "training_step", "timestamp": 1769149410.9385056, "step": 405, "max_steps": 1883, "loss": 6.160952568054199, "elapsed_time": 11.712534427642822, "prnt": false}
{"event": "training_step", "timestamp": 1769149410.9643097, "step": 406, "max_steps": 1883, "loss": 6.200773239135742, "elapsed_time": 11.738251447677612, "prnt": false}
{"event": "training_step", "timestamp": 1769149410.9900548, "step": 407, "max_steps": 1883, "loss": 6.09852409362793, "elapsed_time": 11.76417064666748, "prnt": false}
{"event": "training_step", "timestamp": 1769149411.0158527, "step": 408, "max_steps": 1883, "loss": 6.154995918273926, "elapsed_time": 11.790085315704346, "prnt": false}
{"event": "training_step", "timestamp": 1769149411.0416455, "step": 409, "max_steps": 1883, "loss": 6.061519145965576, "elapsed_time": 11.81590747833252, "prnt": false}
{"event": "training_step", "timestamp": 1769149411.067523, "step": 410, "max_steps": 1883, "loss": 6.041322708129883, "elapsed_time": 11.841583967208862, "prnt": false}
{"event": "training_step", "timestamp": 1769149411.0932474, "step": 411, "max_steps": 1883, "loss": 6.14077091217041, "elapsed_time": 11.867280721664429, "prnt": false}
{"event": "training_step", "timestamp": 1769149411.119, "step": 412, "max_steps": 1883, "loss": 6.166955471038818, "elapsed_time": 11.893083572387695, "prnt": false}
{"event": "training_step", "timestamp": 1769149411.144874, "step": 413, "max_steps": 1883, "loss": 6.0852556228637695, "elapsed_time": 11.919353723526001, "prnt": false}
{"event": "training_step", "timestamp": 1769149411.1709635, "step": 414, "max_steps": 1883, "loss": 6.08892822265625, "elapsed_time": 11.94566798210144, "prnt": false}
{"event": "training_step", "timestamp": 1769149411.1969583, "step": 415, "max_steps": 1883, "loss": 6.106452465057373, "elapsed_time": 11.971552848815918, "prnt": false}
{"event": "training_step", "timestamp": 1769149411.2228127, "step": 416, "max_steps": 1883, "loss": 6.061508655548096, "elapsed_time": 11.997365236282349, "prnt": false}
{"event": "training_step", "timestamp": 1769149411.2486734, "step": 417, "max_steps": 1883, "loss": 6.128572940826416, "elapsed_time": 12.023015975952148, "prnt": false}
{"event": "training_step", "timestamp": 1769149411.2745278, "step": 418, "max_steps": 1883, "loss": 6.168515205383301, "elapsed_time": 12.048828601837158, "prnt": false}
{"event": "training_step", "timestamp": 1769149411.3002634, "step": 419, "max_steps": 1883, "loss": 6.033960342407227, "elapsed_time": 12.074301481246948, "prnt": false}
{"event": "training_step", "timestamp": 1769149411.3260155, "step": 420, "max_steps": 1883, "loss": 6.120859622955322, "elapsed_time": 12.100287437438965, "prnt": false}
{"event": "training_step", "timestamp": 1769149411.3517244, "step": 421, "max_steps": 1883, "loss": 6.065301895141602, "elapsed_time": 12.125708818435669, "prnt": false}
{"event": "training_step", "timestamp": 1769149411.377577, "step": 422, "max_steps": 1883, "loss": 6.15296745300293, "elapsed_time": 12.151608943939209, "prnt": false}
{"event": "training_step", "timestamp": 1769149411.4033113, "step": 423, "max_steps": 1883, "loss": 6.155134201049805, "elapsed_time": 12.177238464355469, "prnt": false}
{"event": "training_step", "timestamp": 1769149411.429051, "step": 424, "max_steps": 1883, "loss": 6.105396270751953, "elapsed_time": 12.203085899353027, "prnt": false}
{"event": "training_step", "timestamp": 1769149411.4547822, "step": 425, "max_steps": 1883, "loss": 6.106075286865234, "elapsed_time": 12.228713035583496, "prnt": false}
{"event": "training_step", "timestamp": 1769149411.4806411, "step": 426, "max_steps": 1883, "loss": 6.043833255767822, "elapsed_time": 12.254697799682617, "prnt": false}
{"event": "training_step", "timestamp": 1769149411.5063684, "step": 427, "max_steps": 1883, "loss": 6.133814811706543, "elapsed_time": 12.280340433120728, "prnt": false}
{"event": "training_step", "timestamp": 1769149411.5320888, "step": 428, "max_steps": 1883, "loss": 6.0841803550720215, "elapsed_time": 12.30607271194458, "prnt": false}
{"event": "training_step", "timestamp": 1769149411.5578384, "step": 429, "max_steps": 1883, "loss": 6.096699237823486, "elapsed_time": 12.331841945648193, "prnt": false}
{"event": "training_step", "timestamp": 1769149411.5839453, "step": 430, "max_steps": 1883, "loss": 6.102771282196045, "elapsed_time": 12.358440160751343, "prnt": false}
{"event": "training_step", "timestamp": 1769149411.609889, "step": 431, "max_steps": 1883, "loss": 6.082542896270752, "elapsed_time": 12.38446593284607, "prnt": false}
{"event": "training_step", "timestamp": 1769149411.6358333, "step": 432, "max_steps": 1883, "loss": 6.141427993774414, "elapsed_time": 12.410386085510254, "prnt": false}
{"event": "training_step", "timestamp": 1769149411.6617048, "step": 433, "max_steps": 1883, "loss": 6.019255638122559, "elapsed_time": 12.436235189437866, "prnt": false}
{"event": "training_step", "timestamp": 1769149411.6877272, "step": 434, "max_steps": 1883, "loss": 6.017154693603516, "elapsed_time": 12.462171792984009, "prnt": false}
{"event": "training_step", "timestamp": 1769149411.7136552, "step": 435, "max_steps": 1883, "loss": 5.978823184967041, "elapsed_time": 12.488328456878662, "prnt": false}
{"event": "training_step", "timestamp": 1769149411.7396202, "step": 436, "max_steps": 1883, "loss": 6.101452827453613, "elapsed_time": 12.514218807220459, "prnt": false}
{"event": "training_step", "timestamp": 1769149411.765582, "step": 437, "max_steps": 1883, "loss": 6.035704135894775, "elapsed_time": 12.540311813354492, "prnt": false}
{"event": "training_step", "timestamp": 1769149411.7916994, "step": 438, "max_steps": 1883, "loss": 6.2295002937316895, "elapsed_time": 12.566367864608765, "prnt": false}
{"event": "training_step", "timestamp": 1769149411.8176079, "step": 439, "max_steps": 1883, "loss": 6.144015312194824, "elapsed_time": 12.592223167419434, "prnt": false}
{"event": "training_step", "timestamp": 1769149411.8435416, "step": 440, "max_steps": 1883, "loss": 6.061099052429199, "elapsed_time": 12.618069648742676, "prnt": false}
{"event": "training_step", "timestamp": 1769149411.8694503, "step": 441, "max_steps": 1883, "loss": 6.005079746246338, "elapsed_time": 12.6441490650177, "prnt": false}
{"event": "training_step", "timestamp": 1769149411.8956246, "step": 442, "max_steps": 1883, "loss": 6.1507248878479, "elapsed_time": 12.670324563980103, "prnt": false}
{"event": "training_step", "timestamp": 1769149411.9216084, "step": 443, "max_steps": 1883, "loss": 6.054670333862305, "elapsed_time": 12.696229219436646, "prnt": false}
{"event": "training_step", "timestamp": 1769149411.9476106, "step": 444, "max_steps": 1883, "loss": 6.095025539398193, "elapsed_time": 12.722209453582764, "prnt": false}
{"event": "training_step", "timestamp": 1769149411.9735184, "step": 445, "max_steps": 1883, "loss": 6.144808292388916, "elapsed_time": 12.748193979263306, "prnt": false}
{"event": "validation_step", "timestamp": 1769149412.2110019, "step": 445, "max_steps": 1883, "loss": 1.3956241505891358, "elapsed_time": 12.748193979263306}
{"event": "training_step", "timestamp": 1769149412.2370636, "step": 446, "max_steps": 1883, "loss": 6.058400630950928, "elapsed_time": 13.011675596237183, "prnt": false}
{"event": "training_step", "timestamp": 1769149412.2628465, "step": 447, "max_steps": 1883, "loss": 6.081643581390381, "elapsed_time": 13.036855459213257, "prnt": false}
{"event": "training_step", "timestamp": 1769149412.2886217, "step": 448, "max_steps": 1883, "loss": 6.011571884155273, "elapsed_time": 13.06264853477478, "prnt": false}
{"event": "training_step", "timestamp": 1769149412.3143435, "step": 449, "max_steps": 1883, "loss": 6.191656112670898, "elapsed_time": 13.088359117507935, "prnt": false}
{"event": "training_step", "timestamp": 1769149412.3403122, "step": 450, "max_steps": 1883, "loss": 5.987917423248291, "elapsed_time": 13.11439323425293, "prnt": false}
{"event": "training_step", "timestamp": 1769149412.3661783, "step": 451, "max_steps": 1883, "loss": 6.028025150299072, "elapsed_time": 13.140398979187012, "prnt": false}
{"event": "training_step", "timestamp": 1769149412.3919542, "step": 452, "max_steps": 1883, "loss": 6.007226943969727, "elapsed_time": 13.166094303131104, "prnt": false}
{"event": "training_step", "timestamp": 1769149412.4177408, "step": 453, "max_steps": 1883, "loss": 5.9535627365112305, "elapsed_time": 13.191770076751709, "prnt": false}
{"event": "training_step", "timestamp": 1769149412.4436197, "step": 454, "max_steps": 1883, "loss": 6.096219539642334, "elapsed_time": 13.21761679649353, "prnt": false}
{"event": "training_step", "timestamp": 1769149412.4693418, "step": 455, "max_steps": 1883, "loss": 6.0926079750061035, "elapsed_time": 13.243412971496582, "prnt": false}
{"event": "training_step", "timestamp": 1769149412.4950705, "step": 456, "max_steps": 1883, "loss": 6.0971245765686035, "elapsed_time": 13.269090175628662, "prnt": false}
{"event": "training_step", "timestamp": 1769149412.5207899, "step": 457, "max_steps": 1883, "loss": 6.082386016845703, "elapsed_time": 13.294717788696289, "prnt": false}
{"event": "training_step", "timestamp": 1769149412.5466893, "step": 458, "max_steps": 1883, "loss": 6.052774429321289, "elapsed_time": 13.320716857910156, "prnt": false}
{"event": "training_step", "timestamp": 1769149412.5724387, "step": 459, "max_steps": 1883, "loss": 6.081213474273682, "elapsed_time": 13.34639310836792, "prnt": false}
{"event": "training_step", "timestamp": 1769149412.5982003, "step": 460, "max_steps": 1883, "loss": 6.061838626861572, "elapsed_time": 13.372138738632202, "prnt": false}
{"event": "training_step", "timestamp": 1769149412.6239133, "step": 461, "max_steps": 1883, "loss": 5.941915035247803, "elapsed_time": 13.397905826568604, "prnt": false}
{"event": "training_step", "timestamp": 1769149412.6497595, "step": 462, "max_steps": 1883, "loss": 6.010458469390869, "elapsed_time": 13.42374873161316, "prnt": false}
{"event": "training_step", "timestamp": 1769149412.6754808, "step": 463, "max_steps": 1883, "loss": 6.027674674987793, "elapsed_time": 13.449532270431519, "prnt": false}
{"event": "training_step", "timestamp": 1769149412.7012138, "step": 464, "max_steps": 1883, "loss": 6.04577112197876, "elapsed_time": 13.475140571594238, "prnt": false}
{"event": "training_step", "timestamp": 1769149412.7269514, "step": 465, "max_steps": 1883, "loss": 5.989029407501221, "elapsed_time": 13.500986337661743, "prnt": false}
{"event": "training_step", "timestamp": 1769149412.7527678, "step": 466, "max_steps": 1883, "loss": 5.935268402099609, "elapsed_time": 13.526795387268066, "prnt": false}
{"event": "training_step", "timestamp": 1769149412.7784839, "step": 467, "max_steps": 1883, "loss": 5.9387593269348145, "elapsed_time": 13.552433252334595, "prnt": false}
{"event": "training_step", "timestamp": 1769149412.8043149, "step": 468, "max_steps": 1883, "loss": 6.072927951812744, "elapsed_time": 13.57819414138794, "prnt": false}
{"event": "training_step", "timestamp": 1769149412.8300216, "step": 469, "max_steps": 1883, "loss": 5.93955659866333, "elapsed_time": 13.604024410247803, "prnt": false}
{"event": "training_step", "timestamp": 1769149412.8558848, "step": 470, "max_steps": 1883, "loss": 5.991232872009277, "elapsed_time": 13.629890441894531, "prnt": false}
{"event": "training_step", "timestamp": 1769149412.8816912, "step": 471, "max_steps": 1883, "loss": 6.004398345947266, "elapsed_time": 13.655719995498657, "prnt": false}
{"event": "training_step", "timestamp": 1769149412.9074867, "step": 472, "max_steps": 1883, "loss": 6.058318614959717, "elapsed_time": 13.68158507347107, "prnt": false}
{"event": "training_step", "timestamp": 1769149412.9332297, "step": 473, "max_steps": 1883, "loss": 6.011778354644775, "elapsed_time": 13.707205772399902, "prnt": false}
{"event": "training_step", "timestamp": 1769149412.9590697, "step": 474, "max_steps": 1883, "loss": 6.031866073608398, "elapsed_time": 13.733031988143921, "prnt": false}
{"event": "training_step", "timestamp": 1769149412.9850118, "step": 475, "max_steps": 1883, "loss": 5.962839603424072, "elapsed_time": 13.75876522064209, "prnt": false}
{"event": "training_step", "timestamp": 1769149413.0107336, "step": 476, "max_steps": 1883, "loss": 5.99294376373291, "elapsed_time": 13.784698486328125, "prnt": false}
{"event": "training_step", "timestamp": 1769149413.0364666, "step": 477, "max_steps": 1883, "loss": 5.983796119689941, "elapsed_time": 13.810456275939941, "prnt": false}
{"event": "training_step", "timestamp": 1769149413.062252, "step": 478, "max_steps": 1883, "loss": 5.946634292602539, "elapsed_time": 13.836285829544067, "prnt": false}
{"event": "training_step", "timestamp": 1769149413.0880334, "step": 479, "max_steps": 1883, "loss": 6.055904865264893, "elapsed_time": 13.86222529411316, "prnt": false}
{"event": "training_step", "timestamp": 1769149413.1137395, "step": 480, "max_steps": 1883, "loss": 5.9473371505737305, "elapsed_time": 13.887758255004883, "prnt": false}
{"event": "training_step", "timestamp": 1769149413.1394527, "step": 481, "max_steps": 1883, "loss": 6.009122371673584, "elapsed_time": 13.913456201553345, "prnt": false}
{"event": "training_step", "timestamp": 1769149413.1653159, "step": 482, "max_steps": 1883, "loss": 6.023233890533447, "elapsed_time": 13.93930172920227, "prnt": false}
{"event": "training_step", "timestamp": 1769149413.1910455, "step": 483, "max_steps": 1883, "loss": 6.058227062225342, "elapsed_time": 13.964974403381348, "prnt": false}
{"event": "training_step", "timestamp": 1769149413.2167916, "step": 484, "max_steps": 1883, "loss": 6.012252330780029, "elapsed_time": 13.990672588348389, "prnt": false}
{"event": "training_step", "timestamp": 1769149413.2425072, "step": 485, "max_steps": 1883, "loss": 5.997730731964111, "elapsed_time": 14.016480445861816, "prnt": false}
{"event": "training_step", "timestamp": 1769149413.2683783, "step": 486, "max_steps": 1883, "loss": 5.959451198577881, "elapsed_time": 14.042292356491089, "prnt": false}
{"event": "training_step", "timestamp": 1769149413.294105, "step": 487, "max_steps": 1883, "loss": 6.010843276977539, "elapsed_time": 14.06811237335205, "prnt": false}
{"event": "training_step", "timestamp": 1769149413.3198118, "step": 488, "max_steps": 1883, "loss": 5.85919713973999, "elapsed_time": 14.093781232833862, "prnt": false}
{"event": "training_step", "timestamp": 1769149413.3455997, "step": 489, "max_steps": 1883, "loss": 6.016284942626953, "elapsed_time": 14.119470834732056, "prnt": false}
{"event": "training_step", "timestamp": 1769149413.371415, "step": 490, "max_steps": 1883, "loss": 5.955491065979004, "elapsed_time": 14.145413160324097, "prnt": false}
{"event": "training_step", "timestamp": 1769149413.3971145, "step": 491, "max_steps": 1883, "loss": 5.917318820953369, "elapsed_time": 14.171117067337036, "prnt": false}
{"event": "training_step", "timestamp": 1769149413.4228313, "step": 492, "max_steps": 1883, "loss": 5.916295528411865, "elapsed_time": 14.196806907653809, "prnt": false}
{"event": "training_step", "timestamp": 1769149413.448535, "step": 493, "max_steps": 1883, "loss": 6.025863170623779, "elapsed_time": 14.222521781921387, "prnt": false}
{"event": "training_step", "timestamp": 1769149413.4743466, "step": 494, "max_steps": 1883, "loss": 5.909356594085693, "elapsed_time": 14.248365640640259, "prnt": false}
{"event": "training_step", "timestamp": 1769149413.500069, "step": 495, "max_steps": 1883, "loss": 5.9652228355407715, "elapsed_time": 14.274004459381104, "prnt": false}
{"event": "training_step", "timestamp": 1769149413.5257883, "step": 496, "max_steps": 1883, "loss": 5.978869915008545, "elapsed_time": 14.299699783325195, "prnt": false}
{"event": "training_step", "timestamp": 1769149413.5515034, "step": 497, "max_steps": 1883, "loss": 5.979093074798584, "elapsed_time": 14.325435400009155, "prnt": false}
{"event": "training_step", "timestamp": 1769149413.5773437, "step": 498, "max_steps": 1883, "loss": 6.0092620849609375, "elapsed_time": 14.351380825042725, "prnt": false}
{"event": "training_step", "timestamp": 1769149413.6031065, "step": 499, "max_steps": 1883, "loss": 5.991987705230713, "elapsed_time": 14.377044916152954, "prnt": false}
{"event": "training_step", "timestamp": 1769149413.6288414, "step": 500, "max_steps": 1883, "loss": 5.892070293426514, "elapsed_time": 14.402804374694824, "prnt": false}
{"event": "training_step", "timestamp": 1769149413.6546075, "step": 501, "max_steps": 1883, "loss": 5.949606895446777, "elapsed_time": 14.428527593612671, "prnt": false}
{"event": "training_step", "timestamp": 1769149413.6804085, "step": 502, "max_steps": 1883, "loss": 6.036591529846191, "elapsed_time": 14.454319715499878, "prnt": false}
{"event": "training_step", "timestamp": 1769149413.7061636, "step": 503, "max_steps": 1883, "loss": 5.959209442138672, "elapsed_time": 14.48024606704712, "prnt": false}
{"event": "training_step", "timestamp": 1769149413.7319381, "step": 504, "max_steps": 1883, "loss": 5.97801399230957, "elapsed_time": 14.506164789199829, "prnt": false}
{"event": "training_step", "timestamp": 1769149413.7576036, "step": 505, "max_steps": 1883, "loss": 5.895153522491455, "elapsed_time": 14.531671524047852, "prnt": false}
{"event": "training_step", "timestamp": 1769149413.7834303, "step": 506, "max_steps": 1883, "loss": 5.909060478210449, "elapsed_time": 14.557500123977661, "prnt": false}
{"event": "training_step", "timestamp": 1769149413.8091896, "step": 507, "max_steps": 1883, "loss": 6.015323162078857, "elapsed_time": 14.583073377609253, "prnt": false}
{"event": "training_step", "timestamp": 1769149413.8349414, "step": 508, "max_steps": 1883, "loss": 5.896728992462158, "elapsed_time": 14.608838558197021, "prnt": false}
{"event": "training_step", "timestamp": 1769149413.8606522, "step": 509, "max_steps": 1883, "loss": 6.013523578643799, "elapsed_time": 14.634626865386963, "prnt": false}
{"event": "training_step", "timestamp": 1769149413.886481, "step": 510, "max_steps": 1883, "loss": 5.990113258361816, "elapsed_time": 14.660441875457764, "prnt": false}
{"event": "training_step", "timestamp": 1769149413.9122112, "step": 511, "max_steps": 1883, "loss": 5.943032741546631, "elapsed_time": 14.686192989349365, "prnt": false}
{"event": "training_step", "timestamp": 1769149413.9379582, "step": 512, "max_steps": 1883, "loss": 5.935338497161865, "elapsed_time": 14.71189284324646, "prnt": false}
{"event": "training_step", "timestamp": 1769149413.9637303, "step": 513, "max_steps": 1883, "loss": 5.868508338928223, "elapsed_time": 14.737645387649536, "prnt": false}
{"event": "training_step", "timestamp": 1769149413.9895492, "step": 514, "max_steps": 1883, "loss": 5.9942121505737305, "elapsed_time": 14.763524293899536, "prnt": false}
{"event": "training_step", "timestamp": 1769149414.0152934, "step": 515, "max_steps": 1883, "loss": 5.830739498138428, "elapsed_time": 14.789273977279663, "prnt": false}
{"event": "training_step", "timestamp": 1769149414.0410104, "step": 516, "max_steps": 1883, "loss": 5.948849201202393, "elapsed_time": 14.814976692199707, "prnt": false}
{"event": "training_step", "timestamp": 1769149414.0667787, "step": 517, "max_steps": 1883, "loss": 5.986935615539551, "elapsed_time": 14.840698480606079, "prnt": false}
{"event": "training_step", "timestamp": 1769149414.09261, "step": 518, "max_steps": 1883, "loss": 5.949498176574707, "elapsed_time": 14.866601943969727, "prnt": false}
{"event": "training_step", "timestamp": 1769149414.118386, "step": 519, "max_steps": 1883, "loss": 5.9737701416015625, "elapsed_time": 14.892335414886475, "prnt": false}
{"event": "training_step", "timestamp": 1769149414.144165, "step": 520, "max_steps": 1883, "loss": 5.8969292640686035, "elapsed_time": 14.918094158172607, "prnt": false}
{"event": "training_step", "timestamp": 1769149414.1698592, "step": 521, "max_steps": 1883, "loss": 5.956653118133545, "elapsed_time": 14.943852663040161, "prnt": false}
{"event": "training_step", "timestamp": 1769149414.1956778, "step": 522, "max_steps": 1883, "loss": 5.896235942840576, "elapsed_time": 14.969715356826782, "prnt": false}
{"event": "training_step", "timestamp": 1769149414.221452, "step": 523, "max_steps": 1883, "loss": 5.927179336547852, "elapsed_time": 14.995399236679077, "prnt": false}
{"event": "training_step", "timestamp": 1769149414.2472234, "step": 524, "max_steps": 1883, "loss": 5.927504062652588, "elapsed_time": 15.021068096160889, "prnt": false}
{"event": "training_step", "timestamp": 1769149414.2729573, "step": 525, "max_steps": 1883, "loss": 6.036581516265869, "elapsed_time": 15.046898603439331, "prnt": false}
{"event": "training_step", "timestamp": 1769149414.2987924, "step": 526, "max_steps": 1883, "loss": 5.929927825927734, "elapsed_time": 15.0727698802948, "prnt": false}
{"event": "training_step", "timestamp": 1769149414.3245544, "step": 527, "max_steps": 1883, "loss": 5.826074600219727, "elapsed_time": 15.098472356796265, "prnt": false}
{"event": "training_step", "timestamp": 1769149414.350315, "step": 528, "max_steps": 1883, "loss": 5.8825764656066895, "elapsed_time": 15.124185562133789, "prnt": false}
{"event": "training_step", "timestamp": 1769149414.3760471, "step": 529, "max_steps": 1883, "loss": 5.81814432144165, "elapsed_time": 15.150025844573975, "prnt": false}
{"event": "training_step", "timestamp": 1769149414.4018738, "step": 530, "max_steps": 1883, "loss": 6.003923416137695, "elapsed_time": 15.175949811935425, "prnt": false}
{"event": "training_step", "timestamp": 1769149414.4276483, "step": 531, "max_steps": 1883, "loss": 5.940407752990723, "elapsed_time": 15.20157527923584, "prnt": false}
{"event": "training_step", "timestamp": 1769149414.4534254, "step": 532, "max_steps": 1883, "loss": 5.929806232452393, "elapsed_time": 15.227293014526367, "prnt": false}
{"event": "training_step", "timestamp": 1769149414.479177, "step": 533, "max_steps": 1883, "loss": 5.862177848815918, "elapsed_time": 15.253178358078003, "prnt": false}
{"event": "training_step", "timestamp": 1769149414.5050325, "step": 534, "max_steps": 1883, "loss": 5.861639499664307, "elapsed_time": 15.279066562652588, "prnt": false}
{"event": "validation_step", "timestamp": 1769149414.74269, "step": 534, "max_steps": 1883, "loss": 1.3729116745407937, "elapsed_time": 15.279066562652588}
{"event": "training_step", "timestamp": 1769149414.7686958, "step": 535, "max_steps": 1883, "loss": 5.934814929962158, "elapsed_time": 15.54299259185791, "prnt": false}
{"event": "training_step", "timestamp": 1769149414.7944376, "step": 536, "max_steps": 1883, "loss": 5.8831281661987305, "elapsed_time": 15.568493843078613, "prnt": false}
{"event": "training_step", "timestamp": 1769149414.820223, "step": 537, "max_steps": 1883, "loss": 5.8743672370910645, "elapsed_time": 15.594183921813965, "prnt": false}
{"event": "training_step", "timestamp": 1769149414.8460658, "step": 538, "max_steps": 1883, "loss": 5.959867477416992, "elapsed_time": 15.620065450668335, "prnt": false}
{"event": "training_step", "timestamp": 1769149414.8719668, "step": 539, "max_steps": 1883, "loss": 5.885880470275879, "elapsed_time": 15.645870447158813, "prnt": false}
{"event": "training_step", "timestamp": 1769149414.8977091, "step": 540, "max_steps": 1883, "loss": 6.008289337158203, "elapsed_time": 15.671656847000122, "prnt": false}
{"event": "training_step", "timestamp": 1769149414.9234738, "step": 541, "max_steps": 1883, "loss": 5.85969352722168, "elapsed_time": 15.697394609451294, "prnt": false}
{"event": "training_step", "timestamp": 1769149414.9492524, "step": 542, "max_steps": 1883, "loss": 5.985877513885498, "elapsed_time": 15.72322940826416, "prnt": false}
{"event": "training_step", "timestamp": 1769149414.975069, "step": 543, "max_steps": 1883, "loss": 5.885581016540527, "elapsed_time": 15.749204874038696, "prnt": false}
{"event": "training_step", "timestamp": 1769149415.000798, "step": 544, "max_steps": 1883, "loss": 5.957355976104736, "elapsed_time": 15.774775981903076, "prnt": false}
{"event": "training_step", "timestamp": 1769149415.026506, "step": 545, "max_steps": 1883, "loss": 5.90410041809082, "elapsed_time": 15.800513982772827, "prnt": false}
{"event": "training_step", "timestamp": 1769149415.0522578, "step": 546, "max_steps": 1883, "loss": 5.965512752532959, "elapsed_time": 15.826216459274292, "prnt": false}
{"event": "training_step", "timestamp": 1769149415.0780997, "step": 547, "max_steps": 1883, "loss": 5.772243499755859, "elapsed_time": 15.85203742980957, "prnt": false}
{"event": "training_step", "timestamp": 1769149415.1038659, "step": 548, "max_steps": 1883, "loss": 5.938863754272461, "elapsed_time": 15.877846240997314, "prnt": false}
{"event": "training_step", "timestamp": 1769149415.1295953, "step": 549, "max_steps": 1883, "loss": 5.923598766326904, "elapsed_time": 15.903570652008057, "prnt": false}
{"event": "training_step", "timestamp": 1769149415.1553257, "step": 550, "max_steps": 1883, "loss": 5.868675708770752, "elapsed_time": 15.92929482460022, "prnt": false}
{"event": "training_step", "timestamp": 1769149415.1811194, "step": 551, "max_steps": 1883, "loss": 5.8009748458862305, "elapsed_time": 15.95512318611145, "prnt": false}
{"event": "training_step", "timestamp": 1769149415.20688, "step": 552, "max_steps": 1883, "loss": 5.874883651733398, "elapsed_time": 15.980832815170288, "prnt": false}
{"event": "training_step", "timestamp": 1769149415.232571, "step": 553, "max_steps": 1883, "loss": 5.880128383636475, "elapsed_time": 16.006544589996338, "prnt": false}
{"event": "training_step", "timestamp": 1769149415.258291, "step": 554, "max_steps": 1883, "loss": 5.9201765060424805, "elapsed_time": 16.032270193099976, "prnt": false}
{"event": "training_step", "timestamp": 1769149415.284126, "step": 555, "max_steps": 1883, "loss": 5.8681230545043945, "elapsed_time": 16.05804944038391, "prnt": false}
{"event": "training_step", "timestamp": 1769149415.3098667, "step": 556, "max_steps": 1883, "loss": 5.869538307189941, "elapsed_time": 16.08385944366455, "prnt": false}
{"event": "training_step", "timestamp": 1769149415.3355703, "step": 557, "max_steps": 1883, "loss": 5.82866096496582, "elapsed_time": 16.109578132629395, "prnt": false}
{"event": "training_step", "timestamp": 1769149415.3613174, "step": 558, "max_steps": 1883, "loss": 5.8750762939453125, "elapsed_time": 16.13523006439209, "prnt": false}
{"event": "training_step", "timestamp": 1769149415.3871284, "step": 559, "max_steps": 1883, "loss": 5.791086196899414, "elapsed_time": 16.16117548942566, "prnt": false}
{"event": "training_step", "timestamp": 1769149415.412884, "step": 560, "max_steps": 1883, "loss": 5.926268577575684, "elapsed_time": 16.18692135810852, "prnt": false}
{"event": "training_step", "timestamp": 1769149415.4385889, "step": 561, "max_steps": 1883, "loss": 5.859806060791016, "elapsed_time": 16.212573051452637, "prnt": false}
{"event": "training_step", "timestamp": 1769149415.464329, "step": 562, "max_steps": 1883, "loss": 5.866944789886475, "elapsed_time": 16.238293886184692, "prnt": false}
{"event": "training_step", "timestamp": 1769149415.4901054, "step": 563, "max_steps": 1883, "loss": 5.712137699127197, "elapsed_time": 16.264082193374634, "prnt": false}
{"event": "training_step", "timestamp": 1769149415.5158274, "step": 564, "max_steps": 1883, "loss": 5.962180137634277, "elapsed_time": 16.289748668670654, "prnt": false}
{"event": "training_step", "timestamp": 1769149415.5415683, "step": 565, "max_steps": 1883, "loss": 5.805324554443359, "elapsed_time": 16.315439701080322, "prnt": false}
{"event": "training_step", "timestamp": 1769149415.5673206, "step": 566, "max_steps": 1883, "loss": 5.83387565612793, "elapsed_time": 16.341312408447266, "prnt": false}
{"event": "training_step", "timestamp": 1769149415.593143, "step": 567, "max_steps": 1883, "loss": 5.821408271789551, "elapsed_time": 16.367104530334473, "prnt": false}
{"event": "training_step", "timestamp": 1769149415.6188757, "step": 568, "max_steps": 1883, "loss": 5.938171863555908, "elapsed_time": 16.392834663391113, "prnt": false}
{"event": "training_step", "timestamp": 1769149415.6446214, "step": 569, "max_steps": 1883, "loss": 5.917492389678955, "elapsed_time": 16.41855478286743, "prnt": false}
{"event": "training_step", "timestamp": 1769149415.6703749, "step": 570, "max_steps": 1883, "loss": 5.827707290649414, "elapsed_time": 16.444271564483643, "prnt": false}
{"event": "training_step", "timestamp": 1769149415.696268, "step": 571, "max_steps": 1883, "loss": 5.938209533691406, "elapsed_time": 16.470383882522583, "prnt": false}
{"event": "training_step", "timestamp": 1769149415.7220328, "step": 572, "max_steps": 1883, "loss": 5.874152660369873, "elapsed_time": 16.49597477912903, "prnt": false}
{"event": "training_step", "timestamp": 1769149415.7477496, "step": 573, "max_steps": 1883, "loss": 5.8049821853637695, "elapsed_time": 16.521713972091675, "prnt": false}
{"event": "training_step", "timestamp": 1769149415.773496, "step": 574, "max_steps": 1883, "loss": 5.731812000274658, "elapsed_time": 16.5474591255188, "prnt": false}
{"event": "training_step", "timestamp": 1769149415.7992766, "step": 575, "max_steps": 1883, "loss": 5.84650182723999, "elapsed_time": 16.57320761680603, "prnt": false}
{"event": "training_step", "timestamp": 1769149415.8250463, "step": 576, "max_steps": 1883, "loss": 5.834509372711182, "elapsed_time": 16.59897232055664, "prnt": false}
{"event": "training_step", "timestamp": 1769149415.8508139, "step": 577, "max_steps": 1883, "loss": 5.843203067779541, "elapsed_time": 16.62479329109192, "prnt": false}
{"event": "training_step", "timestamp": 1769149415.8765883, "step": 578, "max_steps": 1883, "loss": 5.850120544433594, "elapsed_time": 16.650871992111206, "prnt": false}
{"event": "training_step", "timestamp": 1769149415.9024303, "step": 579, "max_steps": 1883, "loss": 5.867292404174805, "elapsed_time": 16.67667865753174, "prnt": false}
{"event": "training_step", "timestamp": 1769149415.9281638, "step": 580, "max_steps": 1883, "loss": 5.756734371185303, "elapsed_time": 16.70232105255127, "prnt": false}
{"event": "training_step", "timestamp": 1769149415.9538643, "step": 581, "max_steps": 1883, "loss": 5.788026809692383, "elapsed_time": 16.728004455566406, "prnt": false}
{"event": "training_step", "timestamp": 1769149415.9795723, "step": 582, "max_steps": 1883, "loss": 5.857117652893066, "elapsed_time": 16.753775119781494, "prnt": false}
{"event": "training_step", "timestamp": 1769149416.0053632, "step": 583, "max_steps": 1883, "loss": 5.86794376373291, "elapsed_time": 16.779531240463257, "prnt": false}
{"event": "training_step", "timestamp": 1769149416.0310838, "step": 584, "max_steps": 1883, "loss": 5.814705848693848, "elapsed_time": 16.80526614189148, "prnt": false}
{"event": "training_step", "timestamp": 1769149416.0567846, "step": 585, "max_steps": 1883, "loss": 5.856637477874756, "elapsed_time": 16.83097529411316, "prnt": false}
{"event": "training_step", "timestamp": 1769149416.082549, "step": 586, "max_steps": 1883, "loss": 5.844498157501221, "elapsed_time": 16.856614351272583, "prnt": false}
{"event": "training_step", "timestamp": 1769149416.1083765, "step": 587, "max_steps": 1883, "loss": 5.800284385681152, "elapsed_time": 16.882615566253662, "prnt": false}
{"event": "training_step", "timestamp": 1769149416.1341174, "step": 588, "max_steps": 1883, "loss": 5.7923736572265625, "elapsed_time": 16.908278226852417, "prnt": false}
{"event": "training_step", "timestamp": 1769149416.1598024, "step": 589, "max_steps": 1883, "loss": 5.870625972747803, "elapsed_time": 16.933972120285034, "prnt": false}
{"event": "training_step", "timestamp": 1769149416.185516, "step": 590, "max_steps": 1883, "loss": 5.863174915313721, "elapsed_time": 16.95965600013733, "prnt": false}
{"event": "training_step", "timestamp": 1769149416.2113154, "step": 591, "max_steps": 1883, "loss": 5.791489601135254, "elapsed_time": 16.98547077178955, "prnt": false}
{"event": "training_step", "timestamp": 1769149416.2370436, "step": 592, "max_steps": 1883, "loss": 5.8879475593566895, "elapsed_time": 17.011210441589355, "prnt": false}
{"event": "training_step", "timestamp": 1769149416.2627292, "step": 593, "max_steps": 1883, "loss": 5.8518900871276855, "elapsed_time": 17.036872148513794, "prnt": false}
{"event": "training_step", "timestamp": 1769149416.2884696, "step": 594, "max_steps": 1883, "loss": 5.864384651184082, "elapsed_time": 17.06261658668518, "prnt": false}
{"event": "training_step", "timestamp": 1769149416.3143158, "step": 595, "max_steps": 1883, "loss": 5.885439395904541, "elapsed_time": 17.088428020477295, "prnt": false}
{"event": "training_step", "timestamp": 1769149416.340023, "step": 596, "max_steps": 1883, "loss": 5.791767597198486, "elapsed_time": 17.114195346832275, "prnt": false}
{"event": "training_step", "timestamp": 1769149416.3657997, "step": 597, "max_steps": 1883, "loss": 5.829402923583984, "elapsed_time": 17.140040159225464, "prnt": false}
{"event": "training_step", "timestamp": 1769149416.3915489, "step": 598, "max_steps": 1883, "loss": 5.737257957458496, "elapsed_time": 17.16559338569641, "prnt": false}
{"event": "training_step", "timestamp": 1769149416.4174073, "step": 599, "max_steps": 1883, "loss": 5.894402980804443, "elapsed_time": 17.19148850440979, "prnt": false}
{"event": "training_step", "timestamp": 1769149416.4431891, "step": 600, "max_steps": 1883, "loss": 5.82819938659668, "elapsed_time": 17.21726107597351, "prnt": false}
{"event": "training_step", "timestamp": 1769149416.4689722, "step": 601, "max_steps": 1883, "loss": 5.7808027267456055, "elapsed_time": 17.24304699897766, "prnt": false}
{"event": "training_step", "timestamp": 1769149416.4947183, "step": 602, "max_steps": 1883, "loss": 5.828376293182373, "elapsed_time": 17.26880383491516, "prnt": false}
{"event": "training_step", "timestamp": 1769149416.5204914, "step": 603, "max_steps": 1883, "loss": 5.858682155609131, "elapsed_time": 17.294684886932373, "prnt": false}
{"event": "training_step", "timestamp": 1769149416.546269, "step": 604, "max_steps": 1883, "loss": 5.896365642547607, "elapsed_time": 17.32037591934204, "prnt": false}
{"event": "training_step", "timestamp": 1769149416.572026, "step": 605, "max_steps": 1883, "loss": 5.8423285484313965, "elapsed_time": 17.34655523300171, "prnt": false}
{"event": "training_step", "timestamp": 1769149416.5978262, "step": 606, "max_steps": 1883, "loss": 5.770735740661621, "elapsed_time": 17.372036457061768, "prnt": false}
{"event": "training_step", "timestamp": 1769149416.6236901, "step": 607, "max_steps": 1883, "loss": 5.830075263977051, "elapsed_time": 17.39780879020691, "prnt": false}
{"event": "training_step", "timestamp": 1769149416.6494055, "step": 608, "max_steps": 1883, "loss": 5.820782661437988, "elapsed_time": 17.423484086990356, "prnt": false}
{"event": "training_step", "timestamp": 1769149416.6751583, "step": 609, "max_steps": 1883, "loss": 5.820769786834717, "elapsed_time": 17.44922685623169, "prnt": false}
{"event": "training_step", "timestamp": 1769149416.7009006, "step": 610, "max_steps": 1883, "loss": 5.794121265411377, "elapsed_time": 17.47494888305664, "prnt": false}
{"event": "training_step", "timestamp": 1769149416.7267642, "step": 611, "max_steps": 1883, "loss": 5.833981037139893, "elapsed_time": 17.501002073287964, "prnt": false}
{"event": "training_step", "timestamp": 1769149416.7525017, "step": 612, "max_steps": 1883, "loss": 5.841159820556641, "elapsed_time": 17.526716947555542, "prnt": false}
{"event": "training_step", "timestamp": 1769149416.7782125, "step": 613, "max_steps": 1883, "loss": 5.726342678070068, "elapsed_time": 17.55243182182312, "prnt": false}
{"event": "training_step", "timestamp": 1769149416.8039756, "step": 614, "max_steps": 1883, "loss": 5.805805683135986, "elapsed_time": 17.57809567451477, "prnt": false}
{"event": "training_step", "timestamp": 1769149416.8297696, "step": 615, "max_steps": 1883, "loss": 5.813971519470215, "elapsed_time": 17.60389518737793, "prnt": false}
{"event": "training_step", "timestamp": 1769149416.8554916, "step": 616, "max_steps": 1883, "loss": 5.838639259338379, "elapsed_time": 17.629606008529663, "prnt": false}
{"event": "training_step", "timestamp": 1769149416.8812072, "step": 617, "max_steps": 1883, "loss": 5.831526279449463, "elapsed_time": 17.655367612838745, "prnt": false}
{"event": "training_step", "timestamp": 1769149416.9069874, "step": 618, "max_steps": 1883, "loss": 5.8540778160095215, "elapsed_time": 17.681211709976196, "prnt": false}
{"event": "training_step", "timestamp": 1769149416.9328136, "step": 619, "max_steps": 1883, "loss": 5.727016448974609, "elapsed_time": 17.70679998397827, "prnt": false}
{"event": "training_step", "timestamp": 1769149416.9585943, "step": 620, "max_steps": 1883, "loss": 5.797581195831299, "elapsed_time": 17.732596158981323, "prnt": false}
{"event": "training_step", "timestamp": 1769149416.9844265, "step": 621, "max_steps": 1883, "loss": 5.801842212677002, "elapsed_time": 17.75827431678772, "prnt": false}
{"event": "training_step", "timestamp": 1769149417.0101619, "step": 622, "max_steps": 1883, "loss": 5.784325122833252, "elapsed_time": 17.784069299697876, "prnt": false}
{"event": "training_step", "timestamp": 1769149417.0359588, "step": 623, "max_steps": 1883, "loss": 5.81110143661499, "elapsed_time": 17.809906005859375, "prnt": false}
{"event": "validation_step", "timestamp": 1769149417.2729495, "step": 623, "max_steps": 1883, "loss": 1.3538869950758485, "elapsed_time": 17.809906005859375}
{"event": "training_step", "timestamp": 1769149417.2988536, "step": 624, "max_steps": 1883, "loss": 5.79670524597168, "elapsed_time": 18.072737455368042, "prnt": false}
{"event": "training_step", "timestamp": 1769149417.3246627, "step": 625, "max_steps": 1883, "loss": 5.719496726989746, "elapsed_time": 18.098567485809326, "prnt": false}
{"event": "training_step", "timestamp": 1769149417.3504808, "step": 626, "max_steps": 1883, "loss": 5.785027503967285, "elapsed_time": 18.12439775466919, "prnt": false}
{"event": "training_step", "timestamp": 1769149417.376304, "step": 627, "max_steps": 1883, "loss": 5.775703430175781, "elapsed_time": 18.15026569366455, "prnt": false}
{"event": "training_step", "timestamp": 1769149417.4021037, "step": 628, "max_steps": 1883, "loss": 5.669463634490967, "elapsed_time": 18.176069736480713, "prnt": false}
{"event": "training_step", "timestamp": 1769149417.4278064, "step": 629, "max_steps": 1883, "loss": 5.723686695098877, "elapsed_time": 18.201752185821533, "prnt": false}
{"event": "training_step", "timestamp": 1769149417.4535594, "step": 630, "max_steps": 1883, "loss": 5.781367778778076, "elapsed_time": 18.227418422698975, "prnt": false}
{"event": "training_step", "timestamp": 1769149417.4793444, "step": 631, "max_steps": 1883, "loss": 5.829597473144531, "elapsed_time": 18.253225564956665, "prnt": false}
{"event": "training_step", "timestamp": 1769149417.5050764, "step": 632, "max_steps": 1883, "loss": 5.8020405769348145, "elapsed_time": 18.278921604156494, "prnt": false}
{"event": "training_step", "timestamp": 1769149417.5308027, "step": 633, "max_steps": 1883, "loss": 5.749743938446045, "elapsed_time": 18.304705381393433, "prnt": false}
{"event": "training_step", "timestamp": 1769149417.5565863, "step": 634, "max_steps": 1883, "loss": 5.751654624938965, "elapsed_time": 18.33052372932434, "prnt": false}
{"event": "training_step", "timestamp": 1769149417.5824459, "step": 635, "max_steps": 1883, "loss": 5.691440105438232, "elapsed_time": 18.356401681900024, "prnt": false}
{"event": "training_step", "timestamp": 1769149417.6081965, "step": 636, "max_steps": 1883, "loss": 5.769635200500488, "elapsed_time": 18.382070779800415, "prnt": false}
{"event": "training_step", "timestamp": 1769149417.633932, "step": 637, "max_steps": 1883, "loss": 5.821789741516113, "elapsed_time": 18.40780520439148, "prnt": false}
{"event": "training_step", "timestamp": 1769149417.6596615, "step": 638, "max_steps": 1883, "loss": 5.708129405975342, "elapsed_time": 18.43355655670166, "prnt": false}
{"event": "training_step", "timestamp": 1769149417.68549, "step": 639, "max_steps": 1883, "loss": 5.839822292327881, "elapsed_time": 18.45946478843689, "prnt": false}
{"event": "training_step", "timestamp": 1769149417.7113388, "step": 640, "max_steps": 1883, "loss": 5.7343244552612305, "elapsed_time": 18.485235929489136, "prnt": false}
{"event": "training_step", "timestamp": 1769149417.737091, "step": 641, "max_steps": 1883, "loss": 5.780369758605957, "elapsed_time": 18.511165618896484, "prnt": false}
{"event": "training_step", "timestamp": 1769149417.7628613, "step": 642, "max_steps": 1883, "loss": 5.699652671813965, "elapsed_time": 18.53673768043518, "prnt": false}
{"event": "training_step", "timestamp": 1769149417.7886796, "step": 643, "max_steps": 1883, "loss": 5.692685127258301, "elapsed_time": 18.56262516975403, "prnt": false}
{"event": "training_step", "timestamp": 1769149417.8144236, "step": 644, "max_steps": 1883, "loss": 5.771056175231934, "elapsed_time": 18.588334798812866, "prnt": false}
{"event": "training_step", "timestamp": 1769149417.8401496, "step": 645, "max_steps": 1883, "loss": 5.712600231170654, "elapsed_time": 18.614027738571167, "prnt": false}
{"event": "training_step", "timestamp": 1769149417.8659337, "step": 646, "max_steps": 1883, "loss": 5.752608299255371, "elapsed_time": 18.639774084091187, "prnt": false}
{"event": "training_step", "timestamp": 1769149417.8917465, "step": 647, "max_steps": 1883, "loss": 5.6581926345825195, "elapsed_time": 18.665640115737915, "prnt": false}
{"event": "training_step", "timestamp": 1769149417.9174936, "step": 648, "max_steps": 1883, "loss": 5.745401859283447, "elapsed_time": 18.69143033027649, "prnt": false}
{"event": "training_step", "timestamp": 1769149417.9432452, "step": 649, "max_steps": 1883, "loss": 5.73394250869751, "elapsed_time": 18.717201471328735, "prnt": false}
{"event": "training_step", "timestamp": 1769149417.9689984, "step": 650, "max_steps": 1883, "loss": 5.706640720367432, "elapsed_time": 18.74394130706787, "prnt": false}
{"event": "training_step", "timestamp": 1769149417.9948363, "step": 651, "max_steps": 1883, "loss": 5.7054901123046875, "elapsed_time": 18.76871967315674, "prnt": false}
{"event": "training_step", "timestamp": 1769149418.0206044, "step": 652, "max_steps": 1883, "loss": 5.73198127746582, "elapsed_time": 18.794580459594727, "prnt": false}
{"event": "training_step", "timestamp": 1769149418.0463207, "step": 653, "max_steps": 1883, "loss": 5.801079750061035, "elapsed_time": 18.820236206054688, "prnt": false}
{"event": "training_step", "timestamp": 1769149418.0720592, "step": 654, "max_steps": 1883, "loss": 5.814892292022705, "elapsed_time": 18.84595227241516, "prnt": false}
{"event": "training_step", "timestamp": 1769149418.0978382, "step": 655, "max_steps": 1883, "loss": 5.695340156555176, "elapsed_time": 18.871845245361328, "prnt": false}
{"event": "training_step", "timestamp": 1769149418.1236277, "step": 656, "max_steps": 1883, "loss": 5.7237043380737305, "elapsed_time": 18.897466897964478, "prnt": false}
{"event": "training_step", "timestamp": 1769149418.149351, "step": 657, "max_steps": 1883, "loss": 5.672136306762695, "elapsed_time": 18.92353343963623, "prnt": false}
{"event": "training_step", "timestamp": 1769149418.1751041, "step": 658, "max_steps": 1883, "loss": 5.704043865203857, "elapsed_time": 18.948975801467896, "prnt": false}
{"event": "training_step", "timestamp": 1769149418.2009544, "step": 659, "max_steps": 1883, "loss": 5.820658206939697, "elapsed_time": 18.97487163543701, "prnt": false}
{"event": "training_step", "timestamp": 1769149418.2266872, "step": 660, "max_steps": 1883, "loss": 5.739757061004639, "elapsed_time": 19.000662326812744, "prnt": false}
{"event": "training_step", "timestamp": 1769149418.2523906, "step": 661, "max_steps": 1883, "loss": 5.721419334411621, "elapsed_time": 19.026365518569946, "prnt": false}
{"event": "training_step", "timestamp": 1769149418.278124, "step": 662, "max_steps": 1883, "loss": 5.680872917175293, "elapsed_time": 19.05201482772827, "prnt": false}
{"event": "training_step", "timestamp": 1769149418.3039815, "step": 663, "max_steps": 1883, "loss": 5.660829067230225, "elapsed_time": 19.07791495323181, "prnt": false}
{"event": "training_step", "timestamp": 1769149418.3297286, "step": 664, "max_steps": 1883, "loss": 5.665830612182617, "elapsed_time": 19.103627920150757, "prnt": false}
{"event": "training_step", "timestamp": 1769149418.3554928, "step": 665, "max_steps": 1883, "loss": 5.663258075714111, "elapsed_time": 19.129420518875122, "prnt": false}
{"event": "training_step", "timestamp": 1769149418.381268, "step": 666, "max_steps": 1883, "loss": 5.73900842666626, "elapsed_time": 19.155157804489136, "prnt": false}
{"event": "training_step", "timestamp": 1769149418.407111, "step": 667, "max_steps": 1883, "loss": 5.723933219909668, "elapsed_time": 19.18115520477295, "prnt": false}
{"event": "training_step", "timestamp": 1769149418.4328797, "step": 668, "max_steps": 1883, "loss": 5.755646705627441, "elapsed_time": 19.20678424835205, "prnt": false}
{"event": "training_step", "timestamp": 1769149418.4586105, "step": 669, "max_steps": 1883, "loss": 5.686136722564697, "elapsed_time": 19.23253107070923, "prnt": false}
{"event": "training_step", "timestamp": 1769149418.4844234, "step": 670, "max_steps": 1883, "loss": 5.709447860717773, "elapsed_time": 19.258243322372437, "prnt": false}
{"event": "training_step", "timestamp": 1769149418.51023, "step": 671, "max_steps": 1883, "loss": 5.691436290740967, "elapsed_time": 19.284208297729492, "prnt": false}
{"event": "training_step", "timestamp": 1769149418.5360005, "step": 672, "max_steps": 1883, "loss": 5.710855960845947, "elapsed_time": 19.310040712356567, "prnt": false}
{"event": "training_step", "timestamp": 1769149418.5617375, "step": 673, "max_steps": 1883, "loss": 5.650784969329834, "elapsed_time": 19.335718870162964, "prnt": false}
{"event": "training_step", "timestamp": 1769149418.5875664, "step": 674, "max_steps": 1883, "loss": 5.699617862701416, "elapsed_time": 19.36155939102173, "prnt": false}
{"event": "training_step", "timestamp": 1769149418.6134107, "step": 675, "max_steps": 1883, "loss": 5.756468296051025, "elapsed_time": 19.387611150741577, "prnt": false}
{"event": "training_step", "timestamp": 1769149418.639201, "step": 676, "max_steps": 1883, "loss": 5.691287994384766, "elapsed_time": 19.413129568099976, "prnt": false}
{"event": "training_step", "timestamp": 1769149418.6649024, "step": 677, "max_steps": 1883, "loss": 5.709503650665283, "elapsed_time": 19.438884496688843, "prnt": false}
{"event": "training_step", "timestamp": 1769149418.6906655, "step": 678, "max_steps": 1883, "loss": 5.707920551300049, "elapsed_time": 19.464548349380493, "prnt": false}
{"event": "training_step", "timestamp": 1769149418.7164834, "step": 679, "max_steps": 1883, "loss": 5.77816104888916, "elapsed_time": 19.490496397018433, "prnt": false}
{"event": "training_step", "timestamp": 1769149418.7423277, "step": 680, "max_steps": 1883, "loss": 5.57630729675293, "elapsed_time": 19.51635432243347, "prnt": false}
{"event": "training_step", "timestamp": 1769149418.7680745, "step": 681, "max_steps": 1883, "loss": 5.700347900390625, "elapsed_time": 19.54200267791748, "prnt": false}
{"event": "training_step", "timestamp": 1769149418.7938733, "step": 682, "max_steps": 1883, "loss": 5.732977867126465, "elapsed_time": 19.56781029701233, "prnt": false}
{"event": "training_step", "timestamp": 1769149418.8197005, "step": 683, "max_steps": 1883, "loss": 5.671219348907471, "elapsed_time": 19.59360122680664, "prnt": false}
{"event": "training_step", "timestamp": 1769149418.8454144, "step": 684, "max_steps": 1883, "loss": 5.7790093421936035, "elapsed_time": 19.61928701400757, "prnt": false}
{"event": "training_step", "timestamp": 1769149418.8711104, "step": 685, "max_steps": 1883, "loss": 5.69483757019043, "elapsed_time": 19.645018815994263, "prnt": false}
{"event": "training_step", "timestamp": 1769149418.8968651, "step": 686, "max_steps": 1883, "loss": 5.696956157684326, "elapsed_time": 19.670788288116455, "prnt": false}
{"event": "training_step", "timestamp": 1769149418.9226975, "step": 687, "max_steps": 1883, "loss": 5.698670387268066, "elapsed_time": 19.69658899307251, "prnt": false}
{"event": "training_step", "timestamp": 1769149418.948473, "step": 688, "max_steps": 1883, "loss": 5.685664176940918, "elapsed_time": 19.72244119644165, "prnt": false}
{"event": "training_step", "timestamp": 1769149418.974234, "step": 689, "max_steps": 1883, "loss": 5.6682538986206055, "elapsed_time": 19.74809980392456, "prnt": false}
{"event": "training_step", "timestamp": 1769149418.9999921, "step": 690, "max_steps": 1883, "loss": 5.566250324249268, "elapsed_time": 19.77387571334839, "prnt": false}
{"event": "training_step", "timestamp": 1769149419.0258493, "step": 691, "max_steps": 1883, "loss": 5.708104610443115, "elapsed_time": 19.79974341392517, "prnt": false}
{"event": "training_step", "timestamp": 1769149419.051564, "step": 692, "max_steps": 1883, "loss": 5.727010250091553, "elapsed_time": 19.825488805770874, "prnt": false}
{"event": "training_step", "timestamp": 1769149419.077323, "step": 693, "max_steps": 1883, "loss": 5.663292407989502, "elapsed_time": 19.85119652748108, "prnt": false}
{"event": "training_step", "timestamp": 1769149419.103111, "step": 694, "max_steps": 1883, "loss": 5.594873428344727, "elapsed_time": 19.876943111419678, "prnt": false}
{"event": "training_step", "timestamp": 1769149419.1289144, "step": 695, "max_steps": 1883, "loss": 5.753286361694336, "elapsed_time": 19.90283226966858, "prnt": false}
{"event": "training_step", "timestamp": 1769149419.154648, "step": 696, "max_steps": 1883, "loss": 5.63392448425293, "elapsed_time": 19.92855477333069, "prnt": false}
{"event": "training_step", "timestamp": 1769149419.1803932, "step": 697, "max_steps": 1883, "loss": 5.658878326416016, "elapsed_time": 19.954301357269287, "prnt": false}
{"event": "training_step", "timestamp": 1769149419.2061474, "step": 698, "max_steps": 1883, "loss": 5.602000713348389, "elapsed_time": 19.980108737945557, "prnt": false}
{"event": "training_step", "timestamp": 1769149419.2319856, "step": 699, "max_steps": 1883, "loss": 5.644387722015381, "elapsed_time": 20.0059654712677, "prnt": false}
{"event": "training_step", "timestamp": 1769149419.2577298, "step": 700, "max_steps": 1883, "loss": 5.764245510101318, "elapsed_time": 20.031661987304688, "prnt": false}
{"event": "training_step", "timestamp": 1769149419.2835267, "step": 701, "max_steps": 1883, "loss": 5.711606502532959, "elapsed_time": 20.05745220184326, "prnt": false}
{"event": "training_step", "timestamp": 1769149419.3092847, "step": 702, "max_steps": 1883, "loss": 5.625111103057861, "elapsed_time": 20.083117961883545, "prnt": false}
{"event": "training_step", "timestamp": 1769149419.3350928, "step": 703, "max_steps": 1883, "loss": 5.7540154457092285, "elapsed_time": 20.108983516693115, "prnt": false}
{"event": "training_step", "timestamp": 1769149419.3608499, "step": 704, "max_steps": 1883, "loss": 5.742676258087158, "elapsed_time": 20.134713649749756, "prnt": false}
{"event": "training_step", "timestamp": 1769149419.386571, "step": 705, "max_steps": 1883, "loss": 5.5881781578063965, "elapsed_time": 20.16047978401184, "prnt": false}
{"event": "training_step", "timestamp": 1769149419.412329, "step": 706, "max_steps": 1883, "loss": 5.630788326263428, "elapsed_time": 20.186279773712158, "prnt": false}
{"event": "training_step", "timestamp": 1769149419.4381924, "step": 707, "max_steps": 1883, "loss": 5.669276714324951, "elapsed_time": 20.212145805358887, "prnt": false}
{"event": "training_step", "timestamp": 1769149419.463955, "step": 708, "max_steps": 1883, "loss": 5.655725955963135, "elapsed_time": 20.237788915634155, "prnt": false}
{"event": "training_step", "timestamp": 1769149419.489717, "step": 709, "max_steps": 1883, "loss": 5.647093772888184, "elapsed_time": 20.263551235198975, "prnt": false}
{"event": "training_step", "timestamp": 1769149419.5154955, "step": 710, "max_steps": 1883, "loss": 5.7289509773254395, "elapsed_time": 20.2893385887146, "prnt": false}
{"event": "training_step", "timestamp": 1769149419.5412815, "step": 711, "max_steps": 1883, "loss": 5.605496406555176, "elapsed_time": 20.31523609161377, "prnt": false}
{"event": "training_step", "timestamp": 1769149419.5670323, "step": 712, "max_steps": 1883, "loss": 5.729544639587402, "elapsed_time": 20.340944051742554, "prnt": false}
{"event": "validation_step", "timestamp": 1769149419.8046882, "step": 712, "max_steps": 1883, "loss": 1.3399013331429543, "elapsed_time": 20.340944051742554}
{"event": "training_step", "timestamp": 1769149419.830574, "step": 713, "max_steps": 1883, "loss": 5.550790309906006, "elapsed_time": 20.604487419128418, "prnt": false}
{"event": "training_step", "timestamp": 1769149419.8563225, "step": 714, "max_steps": 1883, "loss": 5.706536769866943, "elapsed_time": 20.630367755889893, "prnt": false}
{"event": "training_step", "timestamp": 1769149419.8821983, "step": 715, "max_steps": 1883, "loss": 5.7514166831970215, "elapsed_time": 20.656050443649292, "prnt": false}
{"event": "training_step", "timestamp": 1769149419.907934, "step": 716, "max_steps": 1883, "loss": 5.677700042724609, "elapsed_time": 20.68180823326111, "prnt": false}
{"event": "training_step", "timestamp": 1769149419.9336724, "step": 717, "max_steps": 1883, "loss": 5.674107074737549, "elapsed_time": 20.70758819580078, "prnt": false}
{"event": "training_step", "timestamp": 1769149419.959456, "step": 718, "max_steps": 1883, "loss": 5.758626461029053, "elapsed_time": 20.733454942703247, "prnt": false}
{"event": "training_step", "timestamp": 1769149419.9853144, "step": 719, "max_steps": 1883, "loss": 5.685058116912842, "elapsed_time": 20.759398460388184, "prnt": false}
{"event": "training_step", "timestamp": 1769149420.0110784, "step": 720, "max_steps": 1883, "loss": 5.666740894317627, "elapsed_time": 20.78496742248535, "prnt": false}
{"event": "training_step", "timestamp": 1769149420.0368304, "step": 721, "max_steps": 1883, "loss": 5.5509819984436035, "elapsed_time": 20.810840845108032, "prnt": false}
{"event": "training_step", "timestamp": 1769149420.0626757, "step": 722, "max_steps": 1883, "loss": 5.7340826988220215, "elapsed_time": 20.836562156677246, "prnt": false}
{"event": "training_step", "timestamp": 1769149420.0884836, "step": 723, "max_steps": 1883, "loss": 5.663674354553223, "elapsed_time": 20.86241388320923, "prnt": false}
{"event": "training_step", "timestamp": 1769149420.11421, "step": 724, "max_steps": 1883, "loss": 5.681187629699707, "elapsed_time": 20.888108253479004, "prnt": false}
{"event": "training_step", "timestamp": 1769149420.1401904, "step": 725, "max_steps": 1883, "loss": 5.544773578643799, "elapsed_time": 20.91393780708313, "prnt": false}
{"event": "training_step", "timestamp": 1769149420.1659594, "step": 726, "max_steps": 1883, "loss": 5.659763336181641, "elapsed_time": 20.939931392669678, "prnt": false}
{"event": "training_step", "timestamp": 1769149420.1917493, "step": 727, "max_steps": 1883, "loss": 5.711592674255371, "elapsed_time": 20.965667247772217, "prnt": false}
{"event": "training_step", "timestamp": 1769149420.217494, "step": 728, "max_steps": 1883, "loss": 5.699534893035889, "elapsed_time": 20.991360902786255, "prnt": false}
{"event": "training_step", "timestamp": 1769149420.2433321, "step": 729, "max_steps": 1883, "loss": 5.57148551940918, "elapsed_time": 21.017201900482178, "prnt": false}
{"event": "training_step", "timestamp": 1769149420.2691143, "step": 730, "max_steps": 1883, "loss": 5.618040084838867, "elapsed_time": 21.042994022369385, "prnt": false}
{"event": "training_step", "timestamp": 1769149420.294931, "step": 731, "max_steps": 1883, "loss": 5.5583600997924805, "elapsed_time": 21.068904161453247, "prnt": false}
{"event": "training_step", "timestamp": 1769149420.3206809, "step": 732, "max_steps": 1883, "loss": 5.6036505699157715, "elapsed_time": 21.0945725440979, "prnt": false}
{"event": "training_step", "timestamp": 1769149420.3464272, "step": 733, "max_steps": 1883, "loss": 5.681616306304932, "elapsed_time": 21.120315074920654, "prnt": false}
{"event": "training_step", "timestamp": 1769149420.3721805, "step": 734, "max_steps": 1883, "loss": 5.6191935539245605, "elapsed_time": 21.146207809448242, "prnt": false}
{"event": "training_step", "timestamp": 1769149420.3980162, "step": 735, "max_steps": 1883, "loss": 5.647005081176758, "elapsed_time": 21.171937942504883, "prnt": false}
{"event": "training_step", "timestamp": 1769149420.4238067, "step": 736, "max_steps": 1883, "loss": 5.669766902923584, "elapsed_time": 21.197699308395386, "prnt": false}
{"event": "training_step", "timestamp": 1769149420.449569, "step": 737, "max_steps": 1883, "loss": 5.533663749694824, "elapsed_time": 21.223440647125244, "prnt": false}
{"event": "training_step", "timestamp": 1769149420.4753313, "step": 738, "max_steps": 1883, "loss": 5.609369277954102, "elapsed_time": 21.249223232269287, "prnt": false}
{"event": "training_step", "timestamp": 1769149420.5011241, "step": 739, "max_steps": 1883, "loss": 5.660194396972656, "elapsed_time": 21.27553367614746, "prnt": false}
{"event": "training_step", "timestamp": 1769149420.5268865, "step": 740, "max_steps": 1883, "loss": 5.68896484375, "elapsed_time": 21.30085587501526, "prnt": false}
{"event": "training_step", "timestamp": 1769149420.5526488, "step": 741, "max_steps": 1883, "loss": 5.603264808654785, "elapsed_time": 21.32668709754944, "prnt": false}
{"event": "training_step", "timestamp": 1769149420.5784085, "step": 742, "max_steps": 1883, "loss": 5.543254852294922, "elapsed_time": 21.35243248939514, "prnt": false}
{"event": "training_step", "timestamp": 1769149420.6042986, "step": 743, "max_steps": 1883, "loss": 5.6738739013671875, "elapsed_time": 21.37816548347473, "prnt": false}
{"event": "training_step", "timestamp": 1769149420.6301377, "step": 744, "max_steps": 1883, "loss": 5.59858512878418, "elapsed_time": 21.404280424118042, "prnt": false}
{"event": "training_step", "timestamp": 1769149420.655904, "step": 745, "max_steps": 1883, "loss": 5.707880973815918, "elapsed_time": 21.429845571517944, "prnt": false}
{"event": "training_step", "timestamp": 1769149420.6817222, "step": 746, "max_steps": 1883, "loss": 5.655735015869141, "elapsed_time": 21.45556092262268, "prnt": false}
{"event": "training_step", "timestamp": 1769149420.707565, "step": 747, "max_steps": 1883, "loss": 5.5522661209106445, "elapsed_time": 21.481547355651855, "prnt": false}
{"event": "training_step", "timestamp": 1769149420.7333715, "step": 748, "max_steps": 1883, "loss": 5.593179225921631, "elapsed_time": 21.507224082946777, "prnt": false}
{"event": "training_step", "timestamp": 1769149420.7591436, "step": 749, "max_steps": 1883, "loss": 5.637151718139648, "elapsed_time": 21.533122301101685, "prnt": false}
{"event": "training_step", "timestamp": 1769149420.7849092, "step": 750, "max_steps": 1883, "loss": 5.611481189727783, "elapsed_time": 21.558812618255615, "prnt": false}
{"event": "training_step", "timestamp": 1769149420.8107722, "step": 751, "max_steps": 1883, "loss": 5.578636169433594, "elapsed_time": 21.584781646728516, "prnt": false}
{"event": "training_step", "timestamp": 1769149420.8365338, "step": 752, "max_steps": 1883, "loss": 5.602449893951416, "elapsed_time": 21.610467672348022, "prnt": false}
{"event": "training_step", "timestamp": 1769149420.862357, "step": 753, "max_steps": 1883, "loss": 5.509884357452393, "elapsed_time": 21.63624882698059, "prnt": false}
{"event": "training_step", "timestamp": 1769149420.8881261, "step": 754, "max_steps": 1883, "loss": 5.655171871185303, "elapsed_time": 21.661979913711548, "prnt": false}
{"event": "training_step", "timestamp": 1769149420.9139605, "step": 755, "max_steps": 1883, "loss": 5.61732292175293, "elapsed_time": 21.688047170639038, "prnt": false}
{"event": "training_step", "timestamp": 1769149420.9397151, "step": 756, "max_steps": 1883, "loss": 5.569254398345947, "elapsed_time": 21.713642597198486, "prnt": false}
{"event": "training_step", "timestamp": 1769149420.9654732, "step": 757, "max_steps": 1883, "loss": 5.648180961608887, "elapsed_time": 21.739379405975342, "prnt": false}
{"event": "training_step", "timestamp": 1769149420.9912405, "step": 758, "max_steps": 1883, "loss": 5.6329426765441895, "elapsed_time": 21.765125036239624, "prnt": false}
{"event": "training_step", "timestamp": 1769149421.0170956, "step": 759, "max_steps": 1883, "loss": 5.579813003540039, "elapsed_time": 21.79103660583496, "prnt": false}
{"event": "training_step", "timestamp": 1769149421.0428946, "step": 760, "max_steps": 1883, "loss": 5.500555038452148, "elapsed_time": 21.81674885749817, "prnt": false}
{"event": "training_step", "timestamp": 1769149421.068585, "step": 761, "max_steps": 1883, "loss": 5.5912089347839355, "elapsed_time": 21.84256911277771, "prnt": false}
{"event": "training_step", "timestamp": 1769149421.0943816, "step": 762, "max_steps": 1883, "loss": 5.55910587310791, "elapsed_time": 21.868252754211426, "prnt": false}
{"event": "training_step", "timestamp": 1769149421.12024, "step": 763, "max_steps": 1883, "loss": 5.552660942077637, "elapsed_time": 21.89411735534668, "prnt": false}
{"event": "training_step", "timestamp": 1769149421.1460283, "step": 764, "max_steps": 1883, "loss": 5.6182026863098145, "elapsed_time": 21.919893503189087, "prnt": false}
{"event": "training_step", "timestamp": 1769149421.1718266, "step": 765, "max_steps": 1883, "loss": 5.6724724769592285, "elapsed_time": 21.946029901504517, "prnt": false}
{"event": "training_step", "timestamp": 1769149421.1975615, "step": 766, "max_steps": 1883, "loss": 5.580279350280762, "elapsed_time": 21.971505403518677, "prnt": false}
{"event": "training_step", "timestamp": 1769149421.2234337, "step": 767, "max_steps": 1883, "loss": 5.502195835113525, "elapsed_time": 21.99732255935669, "prnt": false}
{"event": "training_step", "timestamp": 1769149421.2491817, "step": 768, "max_steps": 1883, "loss": 5.469112396240234, "elapsed_time": 22.02307367324829, "prnt": false}
{"event": "training_step", "timestamp": 1769149421.2749379, "step": 769, "max_steps": 1883, "loss": 5.561872959136963, "elapsed_time": 22.04884934425354, "prnt": false}
{"event": "training_step", "timestamp": 1769149421.3006878, "step": 770, "max_steps": 1883, "loss": 5.568600654602051, "elapsed_time": 22.074586629867554, "prnt": false}
{"event": "training_step", "timestamp": 1769149421.3265812, "step": 771, "max_steps": 1883, "loss": 5.5619707107543945, "elapsed_time": 22.10068416595459, "prnt": false}
{"event": "training_step", "timestamp": 1769149421.352299, "step": 772, "max_steps": 1883, "loss": 5.672574043273926, "elapsed_time": 22.126198530197144, "prnt": false}
{"event": "training_step", "timestamp": 1769149421.3780499, "step": 773, "max_steps": 1883, "loss": 5.572523593902588, "elapsed_time": 22.152129650115967, "prnt": false}
{"event": "training_step", "timestamp": 1769149421.403809, "step": 774, "max_steps": 1883, "loss": 5.653793811798096, "elapsed_time": 22.177699089050293, "prnt": false}
{"event": "training_step", "timestamp": 1769149421.429656, "step": 775, "max_steps": 1883, "loss": 5.5336456298828125, "elapsed_time": 22.2036395072937, "prnt": false}
{"event": "training_step", "timestamp": 1769149421.4554396, "step": 776, "max_steps": 1883, "loss": 5.458871841430664, "elapsed_time": 22.229284286499023, "prnt": false}
{"event": "training_step", "timestamp": 1769149421.4811897, "step": 777, "max_steps": 1883, "loss": 5.578684329986572, "elapsed_time": 22.25502324104309, "prnt": false}
{"event": "training_step", "timestamp": 1769149421.5069351, "step": 778, "max_steps": 1883, "loss": 5.598248481750488, "elapsed_time": 22.280840635299683, "prnt": false}
{"event": "training_step", "timestamp": 1769149421.5328064, "step": 779, "max_steps": 1883, "loss": 5.602849960327148, "elapsed_time": 22.30673575401306, "prnt": false}
{"event": "training_step", "timestamp": 1769149421.5585468, "step": 780, "max_steps": 1883, "loss": 5.595086574554443, "elapsed_time": 22.3324773311615, "prnt": false}
{"event": "training_step", "timestamp": 1769149421.5842607, "step": 781, "max_steps": 1883, "loss": 5.564083576202393, "elapsed_time": 22.358208417892456, "prnt": false}
{"event": "training_step", "timestamp": 1769149421.6100361, "step": 782, "max_steps": 1883, "loss": 5.534945487976074, "elapsed_time": 22.3839271068573, "prnt": false}
{"event": "training_step", "timestamp": 1769149421.6358635, "step": 783, "max_steps": 1883, "loss": 5.528665542602539, "elapsed_time": 22.409770488739014, "prnt": false}
{"event": "training_step", "timestamp": 1769149421.6616695, "step": 784, "max_steps": 1883, "loss": 5.5472493171691895, "elapsed_time": 22.435558557510376, "prnt": false}
{"event": "training_step", "timestamp": 1769149421.6874132, "step": 785, "max_steps": 1883, "loss": 5.543943405151367, "elapsed_time": 22.46132755279541, "prnt": false}
{"event": "training_step", "timestamp": 1769149421.7132046, "step": 786, "max_steps": 1883, "loss": 5.644027233123779, "elapsed_time": 22.48706579208374, "prnt": false}
{"event": "training_step", "timestamp": 1769149421.7390087, "step": 787, "max_steps": 1883, "loss": 5.645435333251953, "elapsed_time": 22.5129075050354, "prnt": false}
{"event": "training_step", "timestamp": 1769149421.7648046, "step": 788, "max_steps": 1883, "loss": 5.564713478088379, "elapsed_time": 22.53871440887451, "prnt": false}
{"event": "training_step", "timestamp": 1769149421.7905579, "step": 789, "max_steps": 1883, "loss": 5.5498151779174805, "elapsed_time": 22.56449270248413, "prnt": false}
{"event": "training_step", "timestamp": 1769149421.8163412, "step": 790, "max_steps": 1883, "loss": 5.61206579208374, "elapsed_time": 22.590172052383423, "prnt": false}
{"event": "training_step", "timestamp": 1769149421.8422134, "step": 791, "max_steps": 1883, "loss": 5.5158281326293945, "elapsed_time": 22.616048574447632, "prnt": false}
{"event": "training_step", "timestamp": 1769149421.8679829, "step": 792, "max_steps": 1883, "loss": 5.616474151611328, "elapsed_time": 22.6418673992157, "prnt": false}
{"event": "training_step", "timestamp": 1769149421.8937109, "step": 793, "max_steps": 1883, "loss": 5.619050979614258, "elapsed_time": 22.66759729385376, "prnt": false}
{"event": "training_step", "timestamp": 1769149421.9194841, "step": 794, "max_steps": 1883, "loss": 5.555960178375244, "elapsed_time": 22.693331241607666, "prnt": false}
{"event": "training_step", "timestamp": 1769149421.9453826, "step": 795, "max_steps": 1883, "loss": 5.572513103485107, "elapsed_time": 22.71938920021057, "prnt": false}
{"event": "training_step", "timestamp": 1769149421.9712179, "step": 796, "max_steps": 1883, "loss": 5.55349063873291, "elapsed_time": 22.74537754058838, "prnt": false}
{"event": "training_step", "timestamp": 1769149421.9969525, "step": 797, "max_steps": 1883, "loss": 5.587449073791504, "elapsed_time": 22.77092933654785, "prnt": false}
{"event": "training_step", "timestamp": 1769149422.0227735, "step": 798, "max_steps": 1883, "loss": 5.569901943206787, "elapsed_time": 22.796640872955322, "prnt": false}
{"event": "training_step", "timestamp": 1769149422.0486033, "step": 799, "max_steps": 1883, "loss": 5.449429988861084, "elapsed_time": 22.822495222091675, "prnt": false}
{"event": "training_step", "timestamp": 1769149422.0743573, "step": 800, "max_steps": 1883, "loss": 5.568657398223877, "elapsed_time": 22.848243474960327, "prnt": false}
{"event": "training_step", "timestamp": 1769149422.1001, "step": 801, "max_steps": 1883, "loss": 5.5688276290893555, "elapsed_time": 22.873980045318604, "prnt": false}
{"event": "validation_step", "timestamp": 1769149422.3374748, "step": 801, "max_steps": 1883, "loss": 1.3275074487136882, "elapsed_time": 22.873980045318604}
{"event": "training_step", "timestamp": 1769149422.3634324, "step": 802, "max_steps": 1883, "loss": 5.521091938018799, "elapsed_time": 23.13732886314392, "prnt": false}
{"event": "training_step", "timestamp": 1769149422.389287, "step": 803, "max_steps": 1883, "loss": 5.605939865112305, "elapsed_time": 23.16314196586609, "prnt": false}
{"event": "training_step", "timestamp": 1769149422.4150422, "step": 804, "max_steps": 1883, "loss": 5.5932416915893555, "elapsed_time": 23.18894910812378, "prnt": false}
{"event": "training_step", "timestamp": 1769149422.4407997, "step": 805, "max_steps": 1883, "loss": 5.569128036499023, "elapsed_time": 23.214696884155273, "prnt": false}
{"event": "training_step", "timestamp": 1769149422.4665482, "step": 806, "max_steps": 1883, "loss": 5.548411846160889, "elapsed_time": 23.24048161506653, "prnt": false}
{"event": "training_step", "timestamp": 1769149422.492415, "step": 807, "max_steps": 1883, "loss": 5.409742832183838, "elapsed_time": 23.266292810440063, "prnt": false}
{"event": "training_step", "timestamp": 1769149422.518357, "step": 808, "max_steps": 1883, "loss": 5.440959930419922, "elapsed_time": 23.29228949546814, "prnt": false}
{"event": "training_step", "timestamp": 1769149422.5441377, "step": 809, "max_steps": 1883, "loss": 5.521679401397705, "elapsed_time": 23.31830072402954, "prnt": false}
{"event": "training_step", "timestamp": 1769149422.5699325, "step": 810, "max_steps": 1883, "loss": 5.465834140777588, "elapsed_time": 23.34398627281189, "prnt": false}
{"event": "training_step", "timestamp": 1769149422.595691, "step": 811, "max_steps": 1883, "loss": 5.585267543792725, "elapsed_time": 23.369839191436768, "prnt": false}
{"event": "training_step", "timestamp": 1769149422.6215982, "step": 812, "max_steps": 1883, "loss": 5.529167175292969, "elapsed_time": 23.395715475082397, "prnt": false}
{"event": "training_step", "timestamp": 1769149422.647378, "step": 813, "max_steps": 1883, "loss": 5.4548468589782715, "elapsed_time": 23.42162585258484, "prnt": false}
{"event": "training_step", "timestamp": 1769149422.673165, "step": 814, "max_steps": 1883, "loss": 5.539769649505615, "elapsed_time": 23.44721007347107, "prnt": false}
{"event": "training_step", "timestamp": 1769149422.698944, "step": 815, "max_steps": 1883, "loss": 5.575246334075928, "elapsed_time": 23.473019123077393, "prnt": false}
{"event": "training_step", "timestamp": 1769149422.7248023, "step": 816, "max_steps": 1883, "loss": 5.560993194580078, "elapsed_time": 23.498965740203857, "prnt": false}
{"event": "training_step", "timestamp": 1769149422.7505405, "step": 817, "max_steps": 1883, "loss": 5.596652507781982, "elapsed_time": 23.52464532852173, "prnt": false}
{"event": "training_step", "timestamp": 1769149422.7763531, "step": 818, "max_steps": 1883, "loss": 5.557960033416748, "elapsed_time": 23.550402879714966, "prnt": false}
{"event": "training_step", "timestamp": 1769149422.8022146, "step": 819, "max_steps": 1883, "loss": 5.544547080993652, "elapsed_time": 23.576440811157227, "prnt": false}
{"event": "training_step", "timestamp": 1769149422.8280828, "step": 820, "max_steps": 1883, "loss": 5.5621418952941895, "elapsed_time": 23.60230779647827, "prnt": false}
{"event": "training_step", "timestamp": 1769149422.8538373, "step": 821, "max_steps": 1883, "loss": 5.504212856292725, "elapsed_time": 23.628021717071533, "prnt": false}
{"event": "training_step", "timestamp": 1769149422.8796089, "step": 822, "max_steps": 1883, "loss": 5.490175247192383, "elapsed_time": 23.653672695159912, "prnt": false}
{"event": "training_step", "timestamp": 1769149422.905383, "step": 823, "max_steps": 1883, "loss": 5.455704212188721, "elapsed_time": 23.67948603630066, "prnt": false}
{"event": "training_step", "timestamp": 1769149422.9312341, "step": 824, "max_steps": 1883, "loss": 5.525374889373779, "elapsed_time": 23.70535159111023, "prnt": false}
{"event": "training_step", "timestamp": 1769149422.9570022, "step": 825, "max_steps": 1883, "loss": 5.481503009796143, "elapsed_time": 23.731160402297974, "prnt": false}
{"event": "training_step", "timestamp": 1769149422.982829, "step": 826, "max_steps": 1883, "loss": 5.490967750549316, "elapsed_time": 23.756824731826782, "prnt": false}
{"event": "training_step", "timestamp": 1769149423.008584, "step": 827, "max_steps": 1883, "loss": 5.518019199371338, "elapsed_time": 23.782824754714966, "prnt": false}
{"event": "training_step", "timestamp": 1769149423.0344489, "step": 828, "max_steps": 1883, "loss": 5.438424110412598, "elapsed_time": 23.808554649353027, "prnt": false}
{"event": "training_step", "timestamp": 1769149423.0602007, "step": 829, "max_steps": 1883, "loss": 5.559634685516357, "elapsed_time": 23.83428645133972, "prnt": false}
{"event": "training_step", "timestamp": 1769149423.0859828, "step": 830, "max_steps": 1883, "loss": 5.495117664337158, "elapsed_time": 23.860055923461914, "prnt": false}
{"event": "training_step", "timestamp": 1769149423.1117532, "step": 831, "max_steps": 1883, "loss": 5.465324878692627, "elapsed_time": 23.885838747024536, "prnt": false}
{"event": "training_step", "timestamp": 1769149423.137622, "step": 832, "max_steps": 1883, "loss": 5.464989185333252, "elapsed_time": 23.911786317825317, "prnt": false}
{"event": "training_step", "timestamp": 1769149423.163393, "step": 833, "max_steps": 1883, "loss": 5.491476058959961, "elapsed_time": 23.937463521957397, "prnt": false}
{"event": "training_step", "timestamp": 1769149423.1891546, "step": 834, "max_steps": 1883, "loss": 5.395355224609375, "elapsed_time": 23.963297128677368, "prnt": false}
{"event": "training_step", "timestamp": 1769149423.2149076, "step": 835, "max_steps": 1883, "loss": 5.488841533660889, "elapsed_time": 23.989012956619263, "prnt": false}
{"event": "training_step", "timestamp": 1769149423.2407756, "step": 836, "max_steps": 1883, "loss": 5.433499336242676, "elapsed_time": 24.015056371688843, "prnt": false}
{"event": "training_step", "timestamp": 1769149423.2665226, "step": 837, "max_steps": 1883, "loss": 5.566175937652588, "elapsed_time": 24.04064679145813, "prnt": false}
{"event": "training_step", "timestamp": 1769149423.2923055, "step": 838, "max_steps": 1883, "loss": 5.458199501037598, "elapsed_time": 24.06642436981201, "prnt": false}
{"event": "training_step", "timestamp": 1769149423.3180459, "step": 839, "max_steps": 1883, "loss": 5.504650115966797, "elapsed_time": 24.09213948249817, "prnt": false}
{"event": "training_step", "timestamp": 1769149423.3438663, "step": 840, "max_steps": 1883, "loss": 5.501308917999268, "elapsed_time": 24.117990493774414, "prnt": false}
{"event": "training_step", "timestamp": 1769149423.3696334, "step": 841, "max_steps": 1883, "loss": 5.63618278503418, "elapsed_time": 24.143707752227783, "prnt": false}
{"event": "training_step", "timestamp": 1769149423.3954391, "step": 842, "max_steps": 1883, "loss": 5.483006000518799, "elapsed_time": 24.169421911239624, "prnt": false}
{"event": "training_step", "timestamp": 1769149423.4212477, "step": 843, "max_steps": 1883, "loss": 5.499985694885254, "elapsed_time": 24.195449829101562, "prnt": false}
{"event": "training_step", "timestamp": 1769149423.4471157, "step": 844, "max_steps": 1883, "loss": 5.536665439605713, "elapsed_time": 24.221279621124268, "prnt": false}
{"event": "training_step", "timestamp": 1769149423.4728465, "step": 845, "max_steps": 1883, "loss": 5.4322896003723145, "elapsed_time": 24.246934175491333, "prnt": false}
{"event": "training_step", "timestamp": 1769149423.4986367, "step": 846, "max_steps": 1883, "loss": 5.5418524742126465, "elapsed_time": 24.272754669189453, "prnt": false}
{"event": "training_step", "timestamp": 1769149423.5243926, "step": 847, "max_steps": 1883, "loss": 5.515192031860352, "elapsed_time": 24.29841661453247, "prnt": false}
{"event": "training_step", "timestamp": 1769149423.5502522, "step": 848, "max_steps": 1883, "loss": 5.4625420570373535, "elapsed_time": 24.324368000030518, "prnt": false}
{"event": "training_step", "timestamp": 1769149423.5760038, "step": 849, "max_steps": 1883, "loss": 5.568872451782227, "elapsed_time": 24.350069522857666, "prnt": false}
{"event": "training_step", "timestamp": 1769149423.6018481, "step": 850, "max_steps": 1883, "loss": 5.662113189697266, "elapsed_time": 24.37590718269348, "prnt": false}
{"event": "training_step", "timestamp": 1769149423.627635, "step": 851, "max_steps": 1883, "loss": 5.561179161071777, "elapsed_time": 24.401708364486694, "prnt": false}
{"event": "training_step", "timestamp": 1769149423.6534932, "step": 852, "max_steps": 1883, "loss": 5.389300346374512, "elapsed_time": 24.42762279510498, "prnt": false}
{"event": "training_step", "timestamp": 1769149423.6792643, "step": 853, "max_steps": 1883, "loss": 5.42901611328125, "elapsed_time": 24.453307390213013, "prnt": false}
{"event": "training_step", "timestamp": 1769149423.7050123, "step": 854, "max_steps": 1883, "loss": 5.428668975830078, "elapsed_time": 24.479096174240112, "prnt": false}
{"event": "training_step", "timestamp": 1769149423.730761, "step": 855, "max_steps": 1883, "loss": 5.437073230743408, "elapsed_time": 24.504865646362305, "prnt": false}
{"event": "training_step", "timestamp": 1769149423.7566051, "step": 856, "max_steps": 1883, "loss": 5.492227077484131, "elapsed_time": 24.530792236328125, "prnt": false}
{"event": "training_step", "timestamp": 1769149423.7823975, "step": 857, "max_steps": 1883, "loss": 5.5340962409973145, "elapsed_time": 24.556456327438354, "prnt": false}
{"event": "training_step", "timestamp": 1769149423.8082464, "step": 858, "max_steps": 1883, "loss": 5.512403964996338, "elapsed_time": 24.582422733306885, "prnt": false}
{"event": "training_step", "timestamp": 1769149423.8340778, "step": 859, "max_steps": 1883, "loss": 5.540297985076904, "elapsed_time": 24.608202695846558, "prnt": false}
{"event": "training_step", "timestamp": 1769149423.859926, "step": 860, "max_steps": 1883, "loss": 5.500325679779053, "elapsed_time": 24.634145259857178, "prnt": false}
{"event": "training_step", "timestamp": 1769149423.885655, "step": 861, "max_steps": 1883, "loss": 5.48472785949707, "elapsed_time": 24.65978765487671, "prnt": false}
{"event": "training_step", "timestamp": 1769149423.9114206, "step": 862, "max_steps": 1883, "loss": 5.5640411376953125, "elapsed_time": 24.685596466064453, "prnt": false}
{"event": "training_step", "timestamp": 1769149423.9371746, "step": 863, "max_steps": 1883, "loss": 5.489866733551025, "elapsed_time": 24.711183547973633, "prnt": false}
{"event": "training_step", "timestamp": 1769149423.9630659, "step": 864, "max_steps": 1883, "loss": 5.447198390960693, "elapsed_time": 24.737017393112183, "prnt": false}
{"event": "training_step", "timestamp": 1769149423.9888463, "step": 865, "max_steps": 1883, "loss": 5.481130599975586, "elapsed_time": 24.762962102890015, "prnt": false}
{"event": "training_step", "timestamp": 1769149424.0146887, "step": 866, "max_steps": 1883, "loss": 5.494666576385498, "elapsed_time": 24.78884267807007, "prnt": false}
{"event": "training_step", "timestamp": 1769149424.0405078, "step": 867, "max_steps": 1883, "loss": 5.4441819190979, "elapsed_time": 24.814767599105835, "prnt": false}
{"event": "training_step", "timestamp": 1769149424.0663426, "step": 868, "max_steps": 1883, "loss": 5.5310378074646, "elapsed_time": 24.84048295021057, "prnt": false}
{"event": "training_step", "timestamp": 1769149424.0921037, "step": 869, "max_steps": 1883, "loss": 5.410610198974609, "elapsed_time": 24.866217374801636, "prnt": false}
{"event": "training_step", "timestamp": 1769149424.1178854, "step": 870, "max_steps": 1883, "loss": 5.529852867126465, "elapsed_time": 24.89193868637085, "prnt": false}
{"event": "training_step", "timestamp": 1769149424.143655, "step": 871, "max_steps": 1883, "loss": 5.456946849822998, "elapsed_time": 24.91770100593567, "prnt": false}
{"event": "training_step", "timestamp": 1769149424.1694822, "step": 872, "max_steps": 1883, "loss": 5.520442962646484, "elapsed_time": 24.943597316741943, "prnt": false}
{"event": "training_step", "timestamp": 1769149424.19526, "step": 873, "max_steps": 1883, "loss": 5.314445972442627, "elapsed_time": 24.96955442428589, "prnt": false}
{"event": "training_step", "timestamp": 1769149424.2211113, "step": 874, "max_steps": 1883, "loss": 5.492556571960449, "elapsed_time": 24.995392560958862, "prnt": false}
{"event": "training_step", "timestamp": 1769149424.2469049, "step": 875, "max_steps": 1883, "loss": 5.468132019042969, "elapsed_time": 25.02102041244507, "prnt": false}
{"event": "training_step", "timestamp": 1769149424.272772, "step": 876, "max_steps": 1883, "loss": 5.490356922149658, "elapsed_time": 25.047096490859985, "prnt": false}
{"event": "training_step", "timestamp": 1769149424.2985425, "step": 877, "max_steps": 1883, "loss": 5.436940670013428, "elapsed_time": 25.07260775566101, "prnt": false}
{"event": "training_step", "timestamp": 1769149424.3244104, "step": 878, "max_steps": 1883, "loss": 5.40924072265625, "elapsed_time": 25.098548650741577, "prnt": false}
{"event": "training_step", "timestamp": 1769149424.350204, "step": 879, "max_steps": 1883, "loss": 5.445291519165039, "elapsed_time": 25.124248504638672, "prnt": false}
{"event": "training_step", "timestamp": 1769149424.3760142, "step": 880, "max_steps": 1883, "loss": 5.3985748291015625, "elapsed_time": 25.150047063827515, "prnt": false}
{"event": "training_step", "timestamp": 1769149424.4018564, "step": 881, "max_steps": 1883, "loss": 5.423074722290039, "elapsed_time": 25.17588186264038, "prnt": false}
{"event": "training_step", "timestamp": 1769149424.4276829, "step": 882, "max_steps": 1883, "loss": 5.484650611877441, "elapsed_time": 25.201952695846558, "prnt": false}
{"event": "training_step", "timestamp": 1769149424.4534645, "step": 883, "max_steps": 1883, "loss": 5.45850944519043, "elapsed_time": 25.227537870407104, "prnt": false}
{"event": "training_step", "timestamp": 1769149424.4793754, "step": 884, "max_steps": 1883, "loss": 5.528642177581787, "elapsed_time": 25.253511667251587, "prnt": false}
{"event": "training_step", "timestamp": 1769149424.5051289, "step": 885, "max_steps": 1883, "loss": 5.433515548706055, "elapsed_time": 25.279188632965088, "prnt": false}
{"event": "training_step", "timestamp": 1769149424.530898, "step": 886, "max_steps": 1883, "loss": 5.4490437507629395, "elapsed_time": 25.304954290390015, "prnt": false}
{"event": "training_step", "timestamp": 1769149424.5566728, "step": 887, "max_steps": 1883, "loss": 5.3782148361206055, "elapsed_time": 25.330745697021484, "prnt": false}
{"event": "training_step", "timestamp": 1769149424.582621, "step": 888, "max_steps": 1883, "loss": 5.370158672332764, "elapsed_time": 25.356720685958862, "prnt": false}
{"event": "training_step", "timestamp": 1769149424.6084375, "step": 889, "max_steps": 1883, "loss": 5.425668239593506, "elapsed_time": 25.382606983184814, "prnt": false}
{"event": "training_step", "timestamp": 1769149424.6343286, "step": 890, "max_steps": 1883, "loss": 5.492732048034668, "elapsed_time": 25.408371686935425, "prnt": false}
{"event": "validation_step", "timestamp": 1769149424.872684, "step": 890, "max_steps": 1883, "loss": 1.3180707049369007, "elapsed_time": 25.408371686935425}
{"event": "training_step", "timestamp": 1769149424.8987617, "step": 891, "max_steps": 1883, "loss": 5.452417373657227, "elapsed_time": 25.67324662208557, "prnt": false}
{"event": "training_step", "timestamp": 1769149424.9246917, "step": 892, "max_steps": 1883, "loss": 5.348313331604004, "elapsed_time": 25.698870182037354, "prnt": false}
{"event": "training_step", "timestamp": 1769149424.95045, "step": 893, "max_steps": 1883, "loss": 5.450215816497803, "elapsed_time": 25.724546432495117, "prnt": false}
{"event": "training_step", "timestamp": 1769149424.9762325, "step": 894, "max_steps": 1883, "loss": 5.477315425872803, "elapsed_time": 25.750316381454468, "prnt": false}
{"event": "training_step", "timestamp": 1769149425.002105, "step": 895, "max_steps": 1883, "loss": 5.4270429611206055, "elapsed_time": 25.776224374771118, "prnt": false}
{"event": "training_step", "timestamp": 1769149425.0279646, "step": 896, "max_steps": 1883, "loss": 5.370154857635498, "elapsed_time": 25.80216956138611, "prnt": false}
{"event": "training_step", "timestamp": 1769149425.0538049, "step": 897, "max_steps": 1883, "loss": 5.389296531677246, "elapsed_time": 25.82790446281433, "prnt": false}
{"event": "training_step", "timestamp": 1769149425.0796082, "step": 898, "max_steps": 1883, "loss": 5.481894493103027, "elapsed_time": 25.85355257987976, "prnt": false}
{"event": "training_step", "timestamp": 1769149425.105377, "step": 899, "max_steps": 1883, "loss": 5.440633296966553, "elapsed_time": 25.879483699798584, "prnt": false}
{"event": "training_step", "timestamp": 1769149425.1312146, "step": 900, "max_steps": 1883, "loss": 5.458324432373047, "elapsed_time": 25.905317068099976, "prnt": false}
{"event": "training_step", "timestamp": 1769149425.1569335, "step": 901, "max_steps": 1883, "loss": 5.347200870513916, "elapsed_time": 25.931071043014526, "prnt": false}
{"event": "training_step", "timestamp": 1769149425.1827633, "step": 902, "max_steps": 1883, "loss": 5.392917633056641, "elapsed_time": 25.9567608833313, "prnt": false}
{"event": "training_step", "timestamp": 1769149425.2085452, "step": 903, "max_steps": 1883, "loss": 5.456934452056885, "elapsed_time": 25.982580184936523, "prnt": false}
{"event": "training_step", "timestamp": 1769149425.2344277, "step": 904, "max_steps": 1883, "loss": 5.418234825134277, "elapsed_time": 26.00862407684326, "prnt": false}
{"event": "training_step", "timestamp": 1769149425.2602403, "step": 905, "max_steps": 1883, "loss": 5.405148029327393, "elapsed_time": 26.034308910369873, "prnt": false}
{"event": "training_step", "timestamp": 1769149425.2860236, "step": 906, "max_steps": 1883, "loss": 5.4065985679626465, "elapsed_time": 26.060081720352173, "prnt": false}
{"event": "training_step", "timestamp": 1769149425.3118167, "step": 907, "max_steps": 1883, "loss": 5.419102668762207, "elapsed_time": 26.085992574691772, "prnt": false}
{"event": "training_step", "timestamp": 1769149425.3376567, "step": 908, "max_steps": 1883, "loss": 5.3590240478515625, "elapsed_time": 26.111942529678345, "prnt": false}
{"event": "training_step", "timestamp": 1769149425.3634095, "step": 909, "max_steps": 1883, "loss": 5.462027072906494, "elapsed_time": 26.137545824050903, "prnt": false}
{"event": "training_step", "timestamp": 1769149425.389204, "step": 910, "max_steps": 1883, "loss": 5.451439380645752, "elapsed_time": 26.163235902786255, "prnt": false}
{"event": "training_step", "timestamp": 1769149425.415004, "step": 911, "max_steps": 1883, "loss": 5.458699703216553, "elapsed_time": 26.18909788131714, "prnt": false}
{"event": "training_step", "timestamp": 1769149425.4409406, "step": 912, "max_steps": 1883, "loss": 5.360638618469238, "elapsed_time": 26.215011835098267, "prnt": false}
{"event": "training_step", "timestamp": 1769149425.4667246, "step": 913, "max_steps": 1883, "loss": 5.417086124420166, "elapsed_time": 26.24078059196472, "prnt": false}
{"event": "training_step", "timestamp": 1769149425.4925325, "step": 914, "max_steps": 1883, "loss": 5.371767997741699, "elapsed_time": 26.266592264175415, "prnt": false}
{"event": "training_step", "timestamp": 1769149425.5183156, "step": 915, "max_steps": 1883, "loss": 5.40521764755249, "elapsed_time": 26.29235005378723, "prnt": false}
{"event": "training_step", "timestamp": 1769149425.5441656, "step": 916, "max_steps": 1883, "loss": 5.500444412231445, "elapsed_time": 26.318249702453613, "prnt": false}
{"event": "training_step", "timestamp": 1769149425.5699222, "step": 917, "max_steps": 1883, "loss": 5.488913059234619, "elapsed_time": 26.344051599502563, "prnt": false}
{"event": "training_step", "timestamp": 1769149425.595711, "step": 918, "max_steps": 1883, "loss": 5.3434600830078125, "elapsed_time": 26.369839429855347, "prnt": false}
{"event": "training_step", "timestamp": 1769149425.6215305, "step": 919, "max_steps": 1883, "loss": 5.405485153198242, "elapsed_time": 26.395609617233276, "prnt": false}
{"event": "training_step", "timestamp": 1769149425.6474135, "step": 920, "max_steps": 1883, "loss": 5.476831436157227, "elapsed_time": 26.421505451202393, "prnt": false}
{"event": "training_step", "timestamp": 1769149425.6731718, "step": 921, "max_steps": 1883, "loss": 5.367240905761719, "elapsed_time": 26.447385549545288, "prnt": false}
{"event": "training_step", "timestamp": 1769149425.6989348, "step": 922, "max_steps": 1883, "loss": 5.352046489715576, "elapsed_time": 26.473026990890503, "prnt": false}
{"event": "training_step", "timestamp": 1769149425.7247195, "step": 923, "max_steps": 1883, "loss": 5.296871185302734, "elapsed_time": 26.498786687850952, "prnt": false}
{"event": "training_step", "timestamp": 1769149425.7506056, "step": 924, "max_steps": 1883, "loss": 5.335699081420898, "elapsed_time": 26.52464723587036, "prnt": false}
{"event": "training_step", "timestamp": 1769149425.7763574, "step": 925, "max_steps": 1883, "loss": 5.546798229217529, "elapsed_time": 26.55036234855652, "prnt": false}
{"event": "training_step", "timestamp": 1769149425.8022015, "step": 926, "max_steps": 1883, "loss": 5.420006275177002, "elapsed_time": 26.576313734054565, "prnt": false}
{"event": "training_step", "timestamp": 1769149425.8280203, "step": 927, "max_steps": 1883, "loss": 5.401853084564209, "elapsed_time": 26.602338552474976, "prnt": false}
{"event": "training_step", "timestamp": 1769149425.8538928, "step": 928, "max_steps": 1883, "loss": 5.384784698486328, "elapsed_time": 26.628118991851807, "prnt": false}
{"event": "training_step", "timestamp": 1769149425.8796618, "step": 929, "max_steps": 1883, "loss": 5.350037574768066, "elapsed_time": 26.653794288635254, "prnt": false}
{"event": "training_step", "timestamp": 1769149425.9054425, "step": 930, "max_steps": 1883, "loss": 5.43179178237915, "elapsed_time": 26.679489135742188, "prnt": false}
{"event": "training_step", "timestamp": 1769149425.931311, "step": 931, "max_steps": 1883, "loss": 5.427072048187256, "elapsed_time": 26.705540657043457, "prnt": false}
{"event": "training_step", "timestamp": 1769149425.9572263, "step": 932, "max_steps": 1883, "loss": 5.513250350952148, "elapsed_time": 26.73150110244751, "prnt": false}
{"event": "training_step", "timestamp": 1769149425.9829776, "step": 933, "max_steps": 1883, "loss": 5.390878200531006, "elapsed_time": 26.75729274749756, "prnt": false}
{"event": "training_step", "timestamp": 1769149426.0088065, "step": 934, "max_steps": 1883, "loss": 5.35797643661499, "elapsed_time": 26.782660722732544, "prnt": false}
{"event": "training_step", "timestamp": 1769149426.0346103, "step": 935, "max_steps": 1883, "loss": 5.416472434997559, "elapsed_time": 26.80847692489624, "prnt": false}
{"event": "training_step", "timestamp": 1769149426.0604913, "step": 936, "max_steps": 1883, "loss": 5.474256992340088, "elapsed_time": 26.83433723449707, "prnt": false}
{"event": "training_step", "timestamp": 1769149426.0862446, "step": 937, "max_steps": 1883, "loss": 5.42619514465332, "elapsed_time": 26.860072374343872, "prnt": false}
{"event": "training_step", "timestamp": 1769149426.1120133, "step": 938, "max_steps": 1883, "loss": 5.384831428527832, "elapsed_time": 26.88585877418518, "prnt": false}
{"event": "training_step", "timestamp": 1769149426.1377766, "step": 939, "max_steps": 1883, "loss": 5.384084701538086, "elapsed_time": 26.911636352539062, "prnt": false}
{"event": "training_step", "timestamp": 1769149426.163636, "step": 940, "max_steps": 1883, "loss": 5.26450252532959, "elapsed_time": 26.937504768371582, "prnt": false}
{"event": "training_step", "timestamp": 1769149426.1893947, "step": 941, "max_steps": 1883, "loss": 5.344350814819336, "elapsed_time": 26.963242053985596, "prnt": false}
{"event": "training_step", "timestamp": 1769149426.2152815, "step": 942, "max_steps": 1883, "loss": 5.299257278442383, "elapsed_time": 26.98928713798523, "prnt": false}
{"event": "training_step", "timestamp": 1769149426.241157, "step": 943, "max_steps": 1883, "loss": 5.346890926361084, "elapsed_time": 27.015183210372925, "prnt": false}
{"event": "training_step", "timestamp": 1769149426.2670226, "step": 944, "max_steps": 1883, "loss": 5.489540100097656, "elapsed_time": 27.040947437286377, "prnt": false}
{"event": "training_step", "timestamp": 1769149426.2927458, "step": 945, "max_steps": 1883, "loss": 5.405890941619873, "elapsed_time": 27.06663966178894, "prnt": false}
{"event": "training_step", "timestamp": 1769149426.3185494, "step": 946, "max_steps": 1883, "loss": 5.335789680480957, "elapsed_time": 27.092466592788696, "prnt": false}
{"event": "training_step", "timestamp": 1769149426.3444533, "step": 947, "max_steps": 1883, "loss": 5.410833835601807, "elapsed_time": 27.118346452713013, "prnt": false}
{"event": "training_step", "timestamp": 1769149426.3704257, "step": 948, "max_steps": 1883, "loss": 5.437530040740967, "elapsed_time": 27.144546508789062, "prnt": false}
{"event": "training_step", "timestamp": 1769149426.3962114, "step": 949, "max_steps": 1883, "loss": 5.384222984313965, "elapsed_time": 27.17009687423706, "prnt": false}
{"event": "training_step", "timestamp": 1769149426.4221044, "step": 950, "max_steps": 1883, "loss": 5.387246608734131, "elapsed_time": 27.19610071182251, "prnt": false}
{"event": "training_step", "timestamp": 1769149426.4478848, "step": 951, "max_steps": 1883, "loss": 5.413309574127197, "elapsed_time": 27.22180724143982, "prnt": false}
{"event": "training_step", "timestamp": 1769149426.4738498, "step": 952, "max_steps": 1883, "loss": 5.321549415588379, "elapsed_time": 27.24773406982422, "prnt": false}
{"event": "training_step", "timestamp": 1769149426.499671, "step": 953, "max_steps": 1883, "loss": 5.422721862792969, "elapsed_time": 27.273486852645874, "prnt": false}
{"event": "training_step", "timestamp": 1769149426.5254793, "step": 954, "max_steps": 1883, "loss": 5.272196292877197, "elapsed_time": 27.299280881881714, "prnt": false}
{"event": "training_step", "timestamp": 1769149426.551261, "step": 955, "max_steps": 1883, "loss": 5.405832767486572, "elapsed_time": 27.325080394744873, "prnt": false}
{"event": "training_step", "timestamp": 1769149426.5771031, "step": 956, "max_steps": 1883, "loss": 5.346337795257568, "elapsed_time": 27.35099220275879, "prnt": false}
{"event": "training_step", "timestamp": 1769149426.602891, "step": 957, "max_steps": 1883, "loss": 5.391905784606934, "elapsed_time": 27.376744270324707, "prnt": false}
{"event": "training_step", "timestamp": 1769149426.6287441, "step": 958, "max_steps": 1883, "loss": 5.389143943786621, "elapsed_time": 27.402790307998657, "prnt": false}
{"event": "training_step", "timestamp": 1769149426.6545534, "step": 959, "max_steps": 1883, "loss": 5.417245864868164, "elapsed_time": 27.42846655845642, "prnt": false}
{"event": "training_step", "timestamp": 1769149426.680627, "step": 960, "max_steps": 1883, "loss": 5.401167869567871, "elapsed_time": 27.45487880706787, "prnt": false}
{"event": "training_step", "timestamp": 1769149426.7064285, "step": 961, "max_steps": 1883, "loss": 5.449622631072998, "elapsed_time": 27.48043179512024, "prnt": false}
{"event": "training_step", "timestamp": 1769149426.7322636, "step": 962, "max_steps": 1883, "loss": 5.334471225738525, "elapsed_time": 27.50612711906433, "prnt": false}
{"event": "training_step", "timestamp": 1769149426.758039, "step": 963, "max_steps": 1883, "loss": 5.3943986892700195, "elapsed_time": 27.531923055648804, "prnt": false}
{"event": "training_step", "timestamp": 1769149426.7839472, "step": 964, "max_steps": 1883, "loss": 5.360638618469238, "elapsed_time": 27.557833909988403, "prnt": false}
{"event": "training_step", "timestamp": 1769149426.809764, "step": 965, "max_steps": 1883, "loss": 5.383820056915283, "elapsed_time": 27.58395791053772, "prnt": false}
{"event": "training_step", "timestamp": 1769149426.8356316, "step": 966, "max_steps": 1883, "loss": 5.365649700164795, "elapsed_time": 27.60969305038452, "prnt": false}
{"event": "training_step", "timestamp": 1769149426.8615394, "step": 967, "max_steps": 1883, "loss": 5.345775604248047, "elapsed_time": 27.635475635528564, "prnt": false}
{"event": "training_step", "timestamp": 1769149426.887449, "step": 968, "max_steps": 1883, "loss": 5.452564716339111, "elapsed_time": 27.66132378578186, "prnt": false}
{"event": "training_step", "timestamp": 1769149426.913223, "step": 969, "max_steps": 1883, "loss": 5.469745635986328, "elapsed_time": 27.68711495399475, "prnt": false}
{"event": "training_step", "timestamp": 1769149426.939149, "step": 970, "max_steps": 1883, "loss": 5.407154083251953, "elapsed_time": 27.713404178619385, "prnt": false}
{"event": "training_step", "timestamp": 1769149426.9649673, "step": 971, "max_steps": 1883, "loss": 5.374141216278076, "elapsed_time": 27.739094018936157, "prnt": false}
{"event": "training_step", "timestamp": 1769149426.990851, "step": 972, "max_steps": 1883, "loss": 5.322726726531982, "elapsed_time": 27.76500701904297, "prnt": false}
{"event": "training_step", "timestamp": 1769149427.0166385, "step": 973, "max_steps": 1883, "loss": 5.310550689697266, "elapsed_time": 27.79079031944275, "prnt": false}
{"event": "training_step", "timestamp": 1769149427.0424826, "step": 974, "max_steps": 1883, "loss": 5.353446960449219, "elapsed_time": 27.81650400161743, "prnt": false}
{"event": "training_step", "timestamp": 1769149427.0682442, "step": 975, "max_steps": 1883, "loss": 5.434195041656494, "elapsed_time": 27.84234595298767, "prnt": false}
{"event": "training_step", "timestamp": 1769149427.0940936, "step": 976, "max_steps": 1883, "loss": 5.436744689941406, "elapsed_time": 27.86821413040161, "prnt": false}
{"event": "training_step", "timestamp": 1769149427.1198657, "step": 977, "max_steps": 1883, "loss": 5.271313190460205, "elapsed_time": 27.893869161605835, "prnt": false}
{"event": "training_step", "timestamp": 1769149427.145616, "step": 978, "max_steps": 1883, "loss": 5.3905744552612305, "elapsed_time": 27.91964602470398, "prnt": false}
{"event": "training_step", "timestamp": 1769149427.1713572, "step": 979, "max_steps": 1883, "loss": 5.412560939788818, "elapsed_time": 27.945420503616333, "prnt": false}
{"event": "validation_step", "timestamp": 1769149427.4090323, "step": 979, "max_steps": 1883, "loss": 1.3094218999594087, "elapsed_time": 27.945420503616333}
{"event": "training_step", "timestamp": 1769149427.4350448, "step": 980, "max_steps": 1883, "loss": 5.279799938201904, "elapsed_time": 28.209017992019653, "prnt": false}
{"event": "training_step", "timestamp": 1769149427.4608738, "step": 981, "max_steps": 1883, "loss": 5.418205261230469, "elapsed_time": 28.234870195388794, "prnt": false}
{"event": "training_step", "timestamp": 1769149427.4867122, "step": 982, "max_steps": 1883, "loss": 5.4430623054504395, "elapsed_time": 28.260723114013672, "prnt": false}
{"event": "training_step", "timestamp": 1769149427.5125318, "step": 983, "max_steps": 1883, "loss": 5.353971481323242, "elapsed_time": 28.286545515060425, "prnt": false}
{"event": "training_step", "timestamp": 1769149427.538389, "step": 984, "max_steps": 1883, "loss": 5.290765762329102, "elapsed_time": 28.312492847442627, "prnt": false}
{"event": "training_step", "timestamp": 1769149427.5642042, "step": 985, "max_steps": 1883, "loss": 5.370602607727051, "elapsed_time": 28.33820128440857, "prnt": false}
{"event": "training_step", "timestamp": 1769149427.590002, "step": 986, "max_steps": 1883, "loss": 5.355868816375732, "elapsed_time": 28.36400294303894, "prnt": false}
{"event": "training_step", "timestamp": 1769149427.6157951, "step": 987, "max_steps": 1883, "loss": 5.3478684425354, "elapsed_time": 28.389793157577515, "prnt": false}
{"event": "training_step", "timestamp": 1769149427.6417027, "step": 988, "max_steps": 1883, "loss": 5.300053596496582, "elapsed_time": 28.41567897796631, "prnt": false}
{"event": "training_step", "timestamp": 1769149427.667483, "step": 989, "max_steps": 1883, "loss": 5.368405342102051, "elapsed_time": 28.441517114639282, "prnt": false}
{"event": "training_step", "timestamp": 1769149427.693316, "step": 990, "max_steps": 1883, "loss": 5.300808906555176, "elapsed_time": 28.467276334762573, "prnt": false}
{"event": "training_step", "timestamp": 1769149427.7190874, "step": 991, "max_steps": 1883, "loss": 5.474125385284424, "elapsed_time": 28.49306607246399, "prnt": false}
{"event": "training_step", "timestamp": 1769149427.7449057, "step": 992, "max_steps": 1883, "loss": 5.345660209655762, "elapsed_time": 28.518973350524902, "prnt": false}
{"event": "training_step", "timestamp": 1769149427.7706513, "step": 993, "max_steps": 1883, "loss": 5.315886974334717, "elapsed_time": 28.54470443725586, "prnt": false}
{"event": "training_step", "timestamp": 1769149427.7964258, "step": 994, "max_steps": 1883, "loss": 5.3078460693359375, "elapsed_time": 28.57045578956604, "prnt": false}
{"event": "training_step", "timestamp": 1769149427.8221822, "step": 995, "max_steps": 1883, "loss": 5.4504923820495605, "elapsed_time": 28.5962336063385, "prnt": false}
{"event": "training_step", "timestamp": 1769149427.8481045, "step": 996, "max_steps": 1883, "loss": 5.354678630828857, "elapsed_time": 28.622165203094482, "prnt": false}
{"event": "training_step", "timestamp": 1769149427.8739429, "step": 997, "max_steps": 1883, "loss": 5.312088489532471, "elapsed_time": 28.648101806640625, "prnt": false}
{"event": "training_step", "timestamp": 1769149427.8998024, "step": 998, "max_steps": 1883, "loss": 5.351419448852539, "elapsed_time": 28.67381525039673, "prnt": false}
{"event": "training_step", "timestamp": 1769149427.925582, "step": 999, "max_steps": 1883, "loss": 5.295695781707764, "elapsed_time": 28.699636936187744, "prnt": false}
{"event": "training_step", "timestamp": 1769149427.9514627, "step": 1000, "max_steps": 1883, "loss": 5.357246398925781, "elapsed_time": 28.72553563117981, "prnt": false}
{"event": "training_step", "timestamp": 1769149427.9772391, "step": 1001, "max_steps": 1883, "loss": 5.403913974761963, "elapsed_time": 28.751389503479004, "prnt": false}
{"event": "training_step", "timestamp": 1769149428.0030084, "step": 1002, "max_steps": 1883, "loss": 5.308374881744385, "elapsed_time": 28.77705430984497, "prnt": false}
{"event": "training_step", "timestamp": 1769149428.0287745, "step": 1003, "max_steps": 1883, "loss": 5.316545009613037, "elapsed_time": 28.802789211273193, "prnt": false}
{"event": "training_step", "timestamp": 1769149428.0546246, "step": 1004, "max_steps": 1883, "loss": 5.307171821594238, "elapsed_time": 28.82860827445984, "prnt": false}
{"event": "training_step", "timestamp": 1769149428.0804179, "step": 1005, "max_steps": 1883, "loss": 5.356624603271484, "elapsed_time": 28.854429483413696, "prnt": false}
{"event": "training_step", "timestamp": 1769149428.1061788, "step": 1006, "max_steps": 1883, "loss": 5.327669143676758, "elapsed_time": 28.88025975227356, "prnt": false}
{"event": "training_step", "timestamp": 1769149428.1319723, "step": 1007, "max_steps": 1883, "loss": 5.359724521636963, "elapsed_time": 28.90603470802307, "prnt": false}
{"event": "training_step", "timestamp": 1769149428.1578028, "step": 1008, "max_steps": 1883, "loss": 5.370453834533691, "elapsed_time": 28.931987524032593, "prnt": false}
{"event": "training_step", "timestamp": 1769149428.1835191, "step": 1009, "max_steps": 1883, "loss": 5.241702079772949, "elapsed_time": 28.95759606361389, "prnt": false}
{"event": "training_step", "timestamp": 1769149428.2093096, "step": 1010, "max_steps": 1883, "loss": 5.274418354034424, "elapsed_time": 28.98334836959839, "prnt": false}
{"event": "training_step", "timestamp": 1769149428.2350786, "step": 1011, "max_steps": 1883, "loss": 5.196017742156982, "elapsed_time": 29.009130716323853, "prnt": false}
{"event": "training_step", "timestamp": 1769149428.2610006, "step": 1012, "max_steps": 1883, "loss": 5.367649555206299, "elapsed_time": 29.03505039215088, "prnt": false}
{"event": "training_step", "timestamp": 1769149428.286821, "step": 1013, "max_steps": 1883, "loss": 5.3357014656066895, "elapsed_time": 29.060903787612915, "prnt": false}
{"event": "training_step", "timestamp": 1769149428.3126016, "step": 1014, "max_steps": 1883, "loss": 5.306578636169434, "elapsed_time": 29.086610794067383, "prnt": false}
{"event": "training_step", "timestamp": 1769149428.3383453, "step": 1015, "max_steps": 1883, "loss": 5.376988410949707, "elapsed_time": 29.112394332885742, "prnt": false}
{"event": "training_step", "timestamp": 1769149428.364274, "step": 1016, "max_steps": 1883, "loss": 5.396909236907959, "elapsed_time": 29.138349056243896, "prnt": false}
{"event": "training_step", "timestamp": 1769149428.3900752, "step": 1017, "max_steps": 1883, "loss": 5.263150215148926, "elapsed_time": 29.16411018371582, "prnt": false}
{"event": "training_step", "timestamp": 1769149428.4159026, "step": 1018, "max_steps": 1883, "loss": 5.239051342010498, "elapsed_time": 29.19001817703247, "prnt": false}
{"event": "training_step", "timestamp": 1769149428.4417355, "step": 1019, "max_steps": 1883, "loss": 5.292209148406982, "elapsed_time": 29.215705394744873, "prnt": false}
{"event": "training_step", "timestamp": 1769149428.4676752, "step": 1020, "max_steps": 1883, "loss": 5.403214454650879, "elapsed_time": 29.241670846939087, "prnt": false}
{"event": "training_step", "timestamp": 1769149428.493497, "step": 1021, "max_steps": 1883, "loss": 5.321985721588135, "elapsed_time": 29.26774525642395, "prnt": false}
{"event": "training_step", "timestamp": 1769149428.5194924, "step": 1022, "max_steps": 1883, "loss": 5.323176383972168, "elapsed_time": 29.295794248580933, "prnt": false}
{"event": "training_step", "timestamp": 1769149428.5452962, "step": 1023, "max_steps": 1883, "loss": 5.259732723236084, "elapsed_time": 29.319355249404907, "prnt": false}
{"event": "training_step", "timestamp": 1769149428.5711462, "step": 1024, "max_steps": 1883, "loss": 5.310853958129883, "elapsed_time": 29.3452250957489, "prnt": false}
{"event": "training_step", "timestamp": 1769149428.596927, "step": 1025, "max_steps": 1883, "loss": 5.321763038635254, "elapsed_time": 29.37093496322632, "prnt": false}
{"event": "training_step", "timestamp": 1769149428.6227024, "step": 1026, "max_steps": 1883, "loss": 5.246857166290283, "elapsed_time": 29.396748781204224, "prnt": false}
{"event": "training_step", "timestamp": 1769149428.6485145, "step": 1027, "max_steps": 1883, "loss": 5.300846576690674, "elapsed_time": 29.42248845100403, "prnt": false}
{"event": "training_step", "timestamp": 1769149428.6744049, "step": 1028, "max_steps": 1883, "loss": 5.351035118103027, "elapsed_time": 29.448394060134888, "prnt": false}
{"event": "training_step", "timestamp": 1769149428.7004066, "step": 1029, "max_steps": 1883, "loss": 5.321626663208008, "elapsed_time": 29.474895477294922, "prnt": false}
{"event": "training_step", "timestamp": 1769149428.726269, "step": 1030, "max_steps": 1883, "loss": 5.331879138946533, "elapsed_time": 29.50041127204895, "prnt": false}
{"event": "training_step", "timestamp": 1769149428.7521048, "step": 1031, "max_steps": 1883, "loss": 5.288980007171631, "elapsed_time": 29.526224613189697, "prnt": false}
{"event": "training_step", "timestamp": 1769149428.778018, "step": 1032, "max_steps": 1883, "loss": 5.393213748931885, "elapsed_time": 29.552231550216675, "prnt": false}
{"event": "training_step", "timestamp": 1769149428.8037772, "step": 1033, "max_steps": 1883, "loss": 5.195897579193115, "elapsed_time": 29.577924013137817, "prnt": false}
{"event": "training_step", "timestamp": 1769149428.8295488, "step": 1034, "max_steps": 1883, "loss": 5.326574802398682, "elapsed_time": 29.60360598564148, "prnt": false}
{"event": "training_step", "timestamp": 1769149428.8553605, "step": 1035, "max_steps": 1883, "loss": 5.307506084442139, "elapsed_time": 29.62945008277893, "prnt": false}
{"event": "training_step", "timestamp": 1769149428.8813803, "step": 1036, "max_steps": 1883, "loss": 5.239144325256348, "elapsed_time": 29.65549921989441, "prnt": false}
{"event": "training_step", "timestamp": 1769149428.9071774, "step": 1037, "max_steps": 1883, "loss": 5.379322528839111, "elapsed_time": 29.68119716644287, "prnt": false}
{"event": "training_step", "timestamp": 1769149428.9330304, "step": 1038, "max_steps": 1883, "loss": 5.3375349044799805, "elapsed_time": 29.70713758468628, "prnt": false}
{"event": "training_step", "timestamp": 1769149428.9588444, "step": 1039, "max_steps": 1883, "loss": 5.283876419067383, "elapsed_time": 29.732867002487183, "prnt": false}
{"event": "training_step", "timestamp": 1769149428.9847465, "step": 1040, "max_steps": 1883, "loss": 5.276188850402832, "elapsed_time": 29.75882315635681, "prnt": false}
{"event": "training_step", "timestamp": 1769149429.0105264, "step": 1041, "max_steps": 1883, "loss": 5.288970947265625, "elapsed_time": 29.784565687179565, "prnt": false}
{"event": "training_step", "timestamp": 1769149429.0363266, "step": 1042, "max_steps": 1883, "loss": 5.272318363189697, "elapsed_time": 29.810362339019775, "prnt": false}
{"event": "training_step", "timestamp": 1769149429.0621269, "step": 1043, "max_steps": 1883, "loss": 5.296748638153076, "elapsed_time": 29.836305141448975, "prnt": false}
{"event": "training_step", "timestamp": 1769149429.0880175, "step": 1044, "max_steps": 1883, "loss": 5.314528465270996, "elapsed_time": 29.862168788909912, "prnt": false}
{"event": "training_step", "timestamp": 1769149429.1139162, "step": 1045, "max_steps": 1883, "loss": 5.308834552764893, "elapsed_time": 29.88820171356201, "prnt": false}
{"event": "training_step", "timestamp": 1769149429.1398463, "step": 1046, "max_steps": 1883, "loss": 5.2536797523498535, "elapsed_time": 29.913842916488647, "prnt": false}
{"event": "training_step", "timestamp": 1769149429.1656306, "step": 1047, "max_steps": 1883, "loss": 5.29322624206543, "elapsed_time": 29.939696311950684, "prnt": false}
{"event": "training_step", "timestamp": 1769149429.191535, "step": 1048, "max_steps": 1883, "loss": 5.210204124450684, "elapsed_time": 29.965582132339478, "prnt": false}
{"event": "training_step", "timestamp": 1769149429.2172782, "step": 1049, "max_steps": 1883, "loss": 5.343371868133545, "elapsed_time": 29.991348028182983, "prnt": false}
{"event": "training_step", "timestamp": 1769149429.2431314, "step": 1050, "max_steps": 1883, "loss": 5.231513023376465, "elapsed_time": 30.017097234725952, "prnt": false}
{"event": "training_step", "timestamp": 1769149429.2689006, "step": 1051, "max_steps": 1883, "loss": 5.262917995452881, "elapsed_time": 30.043020725250244, "prnt": false}
{"event": "training_step", "timestamp": 1769149429.2948287, "step": 1052, "max_steps": 1883, "loss": 5.288582801818848, "elapsed_time": 30.06883978843689, "prnt": false}
{"event": "training_step", "timestamp": 1769149429.320644, "step": 1053, "max_steps": 1883, "loss": 5.279738903045654, "elapsed_time": 30.094645738601685, "prnt": false}
{"event": "training_step", "timestamp": 1769149429.3464599, "step": 1054, "max_steps": 1883, "loss": 5.393381118774414, "elapsed_time": 30.12041926383972, "prnt": false}
{"event": "training_step", "timestamp": 1769149429.3722987, "step": 1055, "max_steps": 1883, "loss": 5.324622631072998, "elapsed_time": 30.146453857421875, "prnt": false}
{"event": "training_step", "timestamp": 1769149429.3982162, "step": 1056, "max_steps": 1883, "loss": 5.28239107131958, "elapsed_time": 30.172285079956055, "prnt": false}
{"event": "training_step", "timestamp": 1769149429.4240072, "step": 1057, "max_steps": 1883, "loss": 5.299182891845703, "elapsed_time": 30.198089122772217, "prnt": false}
{"event": "training_step", "timestamp": 1769149429.449805, "step": 1058, "max_steps": 1883, "loss": 5.237452983856201, "elapsed_time": 30.22377848625183, "prnt": false}
{"event": "training_step", "timestamp": 1769149429.4756124, "step": 1059, "max_steps": 1883, "loss": 5.236292839050293, "elapsed_time": 30.24975061416626, "prnt": false}
{"event": "training_step", "timestamp": 1769149429.5015872, "step": 1060, "max_steps": 1883, "loss": 5.294414520263672, "elapsed_time": 30.27556276321411, "prnt": false}
{"event": "training_step", "timestamp": 1769149429.527384, "step": 1061, "max_steps": 1883, "loss": 5.313016414642334, "elapsed_time": 30.3014075756073, "prnt": false}
{"event": "training_step", "timestamp": 1769149429.553185, "step": 1062, "max_steps": 1883, "loss": 5.335949897766113, "elapsed_time": 30.327149152755737, "prnt": false}
{"event": "training_step", "timestamp": 1769149429.578961, "step": 1063, "max_steps": 1883, "loss": 5.331769943237305, "elapsed_time": 30.353021383285522, "prnt": false}
{"event": "training_step", "timestamp": 1769149429.604822, "step": 1064, "max_steps": 1883, "loss": 5.273789882659912, "elapsed_time": 30.378851413726807, "prnt": false}
{"event": "training_step", "timestamp": 1769149429.6305823, "step": 1065, "max_steps": 1883, "loss": 5.231679439544678, "elapsed_time": 30.40457773208618, "prnt": false}
{"event": "training_step", "timestamp": 1769149429.6563854, "step": 1066, "max_steps": 1883, "loss": 5.210031986236572, "elapsed_time": 30.43033790588379, "prnt": false}
{"event": "training_step", "timestamp": 1769149429.6822224, "step": 1067, "max_steps": 1883, "loss": 5.313839435577393, "elapsed_time": 30.456401348114014, "prnt": false}
{"event": "training_step", "timestamp": 1769149429.7081277, "step": 1068, "max_steps": 1883, "loss": 5.289307117462158, "elapsed_time": 30.482150077819824, "prnt": false}
{"event": "validation_step", "timestamp": 1769149429.946382, "step": 1068, "max_steps": 1883, "loss": 1.305156312837948, "elapsed_time": 30.482150077819824}
{"event": "training_step", "timestamp": 1769149429.972435, "step": 1069, "max_steps": 1883, "loss": 5.3317155838012695, "elapsed_time": 30.746330738067627, "prnt": false}
{"event": "training_step", "timestamp": 1769149429.998269, "step": 1070, "max_steps": 1883, "loss": 5.365794658660889, "elapsed_time": 30.7721688747406, "prnt": false}
{"event": "training_step", "timestamp": 1769149430.0240817, "step": 1071, "max_steps": 1883, "loss": 5.300495147705078, "elapsed_time": 30.798137187957764, "prnt": false}
{"event": "training_step", "timestamp": 1769149430.0499547, "step": 1072, "max_steps": 1883, "loss": 5.4135823249816895, "elapsed_time": 30.823997497558594, "prnt": false}
{"event": "training_step", "timestamp": 1769149430.075776, "step": 1073, "max_steps": 1883, "loss": 5.35655403137207, "elapsed_time": 30.84992504119873, "prnt": false}
{"event": "training_step", "timestamp": 1769149430.1016629, "step": 1074, "max_steps": 1883, "loss": 5.320054531097412, "elapsed_time": 30.875672817230225, "prnt": false}
{"event": "training_step", "timestamp": 1769149430.127446, "step": 1075, "max_steps": 1883, "loss": 5.269016742706299, "elapsed_time": 30.901484966278076, "prnt": false}
{"event": "training_step", "timestamp": 1769149430.1533234, "step": 1076, "max_steps": 1883, "loss": 5.289270401000977, "elapsed_time": 30.927417516708374, "prnt": false}
{"event": "training_step", "timestamp": 1769149430.179322, "step": 1077, "max_steps": 1883, "loss": 5.332117080688477, "elapsed_time": 30.95333433151245, "prnt": false}
{"event": "training_step", "timestamp": 1769149430.205126, "step": 1078, "max_steps": 1883, "loss": 5.197239398956299, "elapsed_time": 30.97913098335266, "prnt": false}
{"event": "training_step", "timestamp": 1769149430.2308867, "step": 1079, "max_steps": 1883, "loss": 5.21258544921875, "elapsed_time": 31.004906177520752, "prnt": false}
{"event": "training_step", "timestamp": 1769149430.2567055, "step": 1080, "max_steps": 1883, "loss": 5.3007354736328125, "elapsed_time": 31.030700206756592, "prnt": false}
{"event": "training_step", "timestamp": 1769149430.282596, "step": 1081, "max_steps": 1883, "loss": 5.253567695617676, "elapsed_time": 31.056793928146362, "prnt": false}
{"event": "training_step", "timestamp": 1769149430.3084073, "step": 1082, "max_steps": 1883, "loss": 5.352146148681641, "elapsed_time": 31.082356929779053, "prnt": false}
{"event": "training_step", "timestamp": 1769149430.334185, "step": 1083, "max_steps": 1883, "loss": 5.374660491943359, "elapsed_time": 31.108328104019165, "prnt": false}
{"event": "training_step", "timestamp": 1769149430.3600004, "step": 1084, "max_steps": 1883, "loss": 5.321224689483643, "elapsed_time": 31.134044408798218, "prnt": false}
{"event": "training_step", "timestamp": 1769149430.385864, "step": 1085, "max_steps": 1883, "loss": 5.228079319000244, "elapsed_time": 31.16006302833557, "prnt": false}
{"event": "training_step", "timestamp": 1769149430.4116526, "step": 1086, "max_steps": 1883, "loss": 5.195457458496094, "elapsed_time": 31.185676097869873, "prnt": false}
{"event": "training_step", "timestamp": 1769149430.4374216, "step": 1087, "max_steps": 1883, "loss": 5.28670597076416, "elapsed_time": 31.211469650268555, "prnt": false}
{"event": "training_step", "timestamp": 1769149430.4632194, "step": 1088, "max_steps": 1883, "loss": 5.3060302734375, "elapsed_time": 31.237218856811523, "prnt": false}
{"event": "training_step", "timestamp": 1769149430.489151, "step": 1089, "max_steps": 1883, "loss": 5.1897687911987305, "elapsed_time": 31.2633159160614, "prnt": false}
{"event": "training_step", "timestamp": 1769149430.514983, "step": 1090, "max_steps": 1883, "loss": 5.289304256439209, "elapsed_time": 31.28887414932251, "prnt": false}
{"event": "training_step", "timestamp": 1769149430.540825, "step": 1091, "max_steps": 1883, "loss": 5.241186141967773, "elapsed_time": 31.314934968948364, "prnt": false}
{"event": "training_step", "timestamp": 1769149430.5666156, "step": 1092, "max_steps": 1883, "loss": 5.215889930725098, "elapsed_time": 31.34062910079956, "prnt": false}
{"event": "training_step", "timestamp": 1769149430.5925257, "step": 1093, "max_steps": 1883, "loss": 5.277694225311279, "elapsed_time": 31.366536140441895, "prnt": false}
{"event": "training_step", "timestamp": 1769149430.618333, "step": 1094, "max_steps": 1883, "loss": 5.254413604736328, "elapsed_time": 31.392364740371704, "prnt": false}
{"event": "training_step", "timestamp": 1769149430.644166, "step": 1095, "max_steps": 1883, "loss": 5.225480556488037, "elapsed_time": 31.418193340301514, "prnt": false}
{"event": "training_step", "timestamp": 1769149430.669965, "step": 1096, "max_steps": 1883, "loss": 5.2076191902160645, "elapsed_time": 31.444099187850952, "prnt": false}
{"event": "training_step", "timestamp": 1769149430.6958263, "step": 1097, "max_steps": 1883, "loss": 5.287298679351807, "elapsed_time": 31.47012186050415, "prnt": false}
{"event": "training_step", "timestamp": 1769149430.7217615, "step": 1098, "max_steps": 1883, "loss": 5.175597190856934, "elapsed_time": 31.496185779571533, "prnt": false}
{"event": "training_step", "timestamp": 1769149430.7475893, "step": 1099, "max_steps": 1883, "loss": 5.286350250244141, "elapsed_time": 31.521594762802124, "prnt": false}
{"event": "training_step", "timestamp": 1769149430.7734015, "step": 1100, "max_steps": 1883, "loss": 5.280506610870361, "elapsed_time": 31.547460317611694, "prnt": false}
{"event": "training_step", "timestamp": 1769149430.7993438, "step": 1101, "max_steps": 1883, "loss": 5.240141868591309, "elapsed_time": 31.573322772979736, "prnt": false}
{"event": "training_step", "timestamp": 1769149430.8251724, "step": 1102, "max_steps": 1883, "loss": 5.282725811004639, "elapsed_time": 31.599175214767456, "prnt": false}
{"event": "training_step", "timestamp": 1769149430.8509438, "step": 1103, "max_steps": 1883, "loss": 5.172767162322998, "elapsed_time": 31.62493872642517, "prnt": false}
{"event": "training_step", "timestamp": 1769149430.8767962, "step": 1104, "max_steps": 1883, "loss": 5.298333168029785, "elapsed_time": 31.650819063186646, "prnt": false}
{"event": "training_step", "timestamp": 1769149430.9026613, "step": 1105, "max_steps": 1883, "loss": 5.2859649658203125, "elapsed_time": 31.676896572113037, "prnt": false}
{"event": "training_step", "timestamp": 1769149430.9284647, "step": 1106, "max_steps": 1883, "loss": 5.201911449432373, "elapsed_time": 31.70243549346924, "prnt": false}
{"event": "training_step", "timestamp": 1769149430.9542472, "step": 1107, "max_steps": 1883, "loss": 5.246480941772461, "elapsed_time": 31.728271484375, "prnt": false}
{"event": "training_step", "timestamp": 1769149430.9800913, "step": 1108, "max_steps": 1883, "loss": 5.284067630767822, "elapsed_time": 31.75410795211792, "prnt": false}
{"event": "training_step", "timestamp": 1769149431.0059204, "step": 1109, "max_steps": 1883, "loss": 5.234674453735352, "elapsed_time": 31.77998375892639, "prnt": false}
{"event": "training_step", "timestamp": 1769149431.0317204, "step": 1110, "max_steps": 1883, "loss": 5.265544414520264, "elapsed_time": 31.805727243423462, "prnt": false}
{"event": "training_step", "timestamp": 1769149431.0574934, "step": 1111, "max_steps": 1883, "loss": 5.249191761016846, "elapsed_time": 31.831514835357666, "prnt": false}
{"event": "training_step", "timestamp": 1769149431.0833101, "step": 1112, "max_steps": 1883, "loss": 5.209718704223633, "elapsed_time": 31.857491970062256, "prnt": false}
{"event": "training_step", "timestamp": 1769149431.1092236, "step": 1113, "max_steps": 1883, "loss": 5.27204704284668, "elapsed_time": 31.883297204971313, "prnt": false}
{"event": "training_step", "timestamp": 1769149431.1350062, "step": 1114, "max_steps": 1883, "loss": 5.207479476928711, "elapsed_time": 31.909037828445435, "prnt": false}
{"event": "training_step", "timestamp": 1769149431.1608272, "step": 1115, "max_steps": 1883, "loss": 5.248380184173584, "elapsed_time": 31.934783220291138, "prnt": false}
{"event": "training_step", "timestamp": 1769149431.1866279, "step": 1116, "max_steps": 1883, "loss": 5.328551292419434, "elapsed_time": 31.960625886917114, "prnt": false}
{"event": "training_step", "timestamp": 1769149431.212525, "step": 1117, "max_steps": 1883, "loss": 5.145808696746826, "elapsed_time": 31.98642349243164, "prnt": false}
{"event": "training_step", "timestamp": 1769149431.2383752, "step": 1118, "max_steps": 1883, "loss": 5.242793560028076, "elapsed_time": 32.01226544380188, "prnt": false}
{"event": "training_step", "timestamp": 1769149431.2641587, "step": 1119, "max_steps": 1883, "loss": 5.256993770599365, "elapsed_time": 32.038145780563354, "prnt": false}
{"event": "training_step", "timestamp": 1769149431.2899783, "step": 1120, "max_steps": 1883, "loss": 5.206087112426758, "elapsed_time": 32.06416344642639, "prnt": false}
{"event": "training_step", "timestamp": 1769149431.3158288, "step": 1121, "max_steps": 1883, "loss": 5.211555480957031, "elapsed_time": 32.090012073516846, "prnt": false}
{"event": "training_step", "timestamp": 1769149431.3416305, "step": 1122, "max_steps": 1883, "loss": 5.111941814422607, "elapsed_time": 32.115607023239136, "prnt": false}
{"event": "training_step", "timestamp": 1769149431.3673847, "step": 1123, "max_steps": 1883, "loss": 5.244355201721191, "elapsed_time": 32.14142990112305, "prnt": false}
{"event": "training_step", "timestamp": 1769149431.3931556, "step": 1124, "max_steps": 1883, "loss": 5.173591136932373, "elapsed_time": 32.16717839241028, "prnt": false}
{"event": "training_step", "timestamp": 1769149431.4190645, "step": 1125, "max_steps": 1883, "loss": 5.168771743774414, "elapsed_time": 32.19314622879028, "prnt": false}
{"event": "training_step", "timestamp": 1769149431.4448757, "step": 1126, "max_steps": 1883, "loss": 5.262535572052002, "elapsed_time": 32.218950271606445, "prnt": false}
{"event": "training_step", "timestamp": 1769149431.470675, "step": 1127, "max_steps": 1883, "loss": 5.239857196807861, "elapsed_time": 32.24477458000183, "prnt": false}
{"event": "training_step", "timestamp": 1769149431.4965148, "step": 1128, "max_steps": 1883, "loss": 5.331417083740234, "elapsed_time": 32.27058124542236, "prnt": false}
{"event": "training_step", "timestamp": 1769149431.522339, "step": 1129, "max_steps": 1883, "loss": 5.215336799621582, "elapsed_time": 32.29638385772705, "prnt": false}
{"event": "training_step", "timestamp": 1769149431.548164, "step": 1130, "max_steps": 1883, "loss": 5.292456150054932, "elapsed_time": 32.32218384742737, "prnt": false}
{"event": "training_step", "timestamp": 1769149431.5739188, "step": 1131, "max_steps": 1883, "loss": 5.236806869506836, "elapsed_time": 32.34796643257141, "prnt": false}
{"event": "training_step", "timestamp": 1769149431.5997405, "step": 1132, "max_steps": 1883, "loss": 5.333134651184082, "elapsed_time": 32.37377715110779, "prnt": false}
{"event": "training_step", "timestamp": 1769149431.6255763, "step": 1133, "max_steps": 1883, "loss": 5.117738723754883, "elapsed_time": 32.39964008331299, "prnt": false}
{"event": "training_step", "timestamp": 1769149431.6513743, "step": 1134, "max_steps": 1883, "loss": 5.325196266174316, "elapsed_time": 32.42535758018494, "prnt": false}
{"event": "training_step", "timestamp": 1769149431.6771271, "step": 1135, "max_steps": 1883, "loss": 5.161867618560791, "elapsed_time": 32.45114994049072, "prnt": false}
{"event": "training_step", "timestamp": 1769149431.7029364, "step": 1136, "max_steps": 1883, "loss": 5.251125812530518, "elapsed_time": 32.47709774971008, "prnt": false}
{"event": "training_step", "timestamp": 1769149431.7288153, "step": 1137, "max_steps": 1883, "loss": 5.212074279785156, "elapsed_time": 32.50290775299072, "prnt": false}
{"event": "training_step", "timestamp": 1769149431.7546337, "step": 1138, "max_steps": 1883, "loss": 5.139707565307617, "elapsed_time": 32.528542280197144, "prnt": false}
{"event": "training_step", "timestamp": 1769149431.7804327, "step": 1139, "max_steps": 1883, "loss": 5.180367946624756, "elapsed_time": 32.55444693565369, "prnt": false}
{"event": "training_step", "timestamp": 1769149431.8062253, "step": 1140, "max_steps": 1883, "loss": 5.1751227378845215, "elapsed_time": 32.58025765419006, "prnt": false}
{"event": "training_step", "timestamp": 1769149431.832084, "step": 1141, "max_steps": 1883, "loss": 5.1222100257873535, "elapsed_time": 32.60608792304993, "prnt": false}
{"event": "training_step", "timestamp": 1769149431.8579352, "step": 1142, "max_steps": 1883, "loss": 5.317602634429932, "elapsed_time": 32.631832122802734, "prnt": false}
{"event": "training_step", "timestamp": 1769149431.8837392, "step": 1143, "max_steps": 1883, "loss": 5.185532569885254, "elapsed_time": 32.657928466796875, "prnt": false}
{"event": "training_step", "timestamp": 1769149431.909563, "step": 1144, "max_steps": 1883, "loss": 5.26950740814209, "elapsed_time": 32.68378257751465, "prnt": false}
{"event": "training_step", "timestamp": 1769149431.9355297, "step": 1145, "max_steps": 1883, "loss": 5.212937831878662, "elapsed_time": 32.70965003967285, "prnt": false}
{"event": "training_step", "timestamp": 1769149431.961349, "step": 1146, "max_steps": 1883, "loss": 5.172242164611816, "elapsed_time": 32.73537087440491, "prnt": false}
{"event": "training_step", "timestamp": 1769149431.9871686, "step": 1147, "max_steps": 1883, "loss": 5.166290760040283, "elapsed_time": 32.761255502700806, "prnt": false}
{"event": "training_step", "timestamp": 1769149432.012949, "step": 1148, "max_steps": 1883, "loss": 5.167564868927002, "elapsed_time": 32.78696894645691, "prnt": false}
{"event": "training_step", "timestamp": 1769149432.0388527, "step": 1149, "max_steps": 1883, "loss": 5.218575954437256, "elapsed_time": 32.812825202941895, "prnt": false}
{"event": "training_step", "timestamp": 1769149432.0647, "step": 1150, "max_steps": 1883, "loss": 5.245729923248291, "elapsed_time": 32.83868408203125, "prnt": false}
{"event": "training_step", "timestamp": 1769149432.0904894, "step": 1151, "max_steps": 1883, "loss": 5.208689212799072, "elapsed_time": 32.864569425582886, "prnt": false}
{"event": "training_step", "timestamp": 1769149432.1163104, "step": 1152, "max_steps": 1883, "loss": 5.139246940612793, "elapsed_time": 32.89032864570618, "prnt": false}
{"event": "training_step", "timestamp": 1769149432.142176, "step": 1153, "max_steps": 1883, "loss": 5.188967227935791, "elapsed_time": 32.91617488861084, "prnt": false}
{"event": "training_step", "timestamp": 1769149432.1679952, "step": 1154, "max_steps": 1883, "loss": 5.101560115814209, "elapsed_time": 32.94202256202698, "prnt": false}
{"event": "training_step", "timestamp": 1769149432.1938229, "step": 1155, "max_steps": 1883, "loss": 5.14578104019165, "elapsed_time": 32.967801570892334, "prnt": false}
{"event": "training_step", "timestamp": 1769149432.2196577, "step": 1156, "max_steps": 1883, "loss": 5.236304759979248, "elapsed_time": 32.99359965324402, "prnt": false}
{"event": "training_step", "timestamp": 1769149432.2455406, "step": 1157, "max_steps": 1883, "loss": 5.317361354827881, "elapsed_time": 33.01952934265137, "prnt": false}
{"event": "validation_step", "timestamp": 1769149432.4834116, "step": 1157, "max_steps": 1883, "loss": 1.3012303252773423, "elapsed_time": 33.01952934265137}
{"event": "training_step", "timestamp": 1769149432.5094278, "step": 1158, "max_steps": 1883, "loss": 5.28111457824707, "elapsed_time": 33.283451318740845, "prnt": false}
{"event": "training_step", "timestamp": 1769149432.5352523, "step": 1159, "max_steps": 1883, "loss": 5.112231254577637, "elapsed_time": 33.309242725372314, "prnt": false}
{"event": "training_step", "timestamp": 1769149432.5610464, "step": 1160, "max_steps": 1883, "loss": 5.159728527069092, "elapsed_time": 33.33507513999939, "prnt": false}
{"event": "training_step", "timestamp": 1769149432.5869172, "step": 1161, "max_steps": 1883, "loss": 5.134974002838135, "elapsed_time": 33.36093783378601, "prnt": false}
{"event": "training_step", "timestamp": 1769149432.6127293, "step": 1162, "max_steps": 1883, "loss": 5.13865852355957, "elapsed_time": 33.386773347854614, "prnt": false}
{"event": "training_step", "timestamp": 1769149432.6385896, "step": 1163, "max_steps": 1883, "loss": 5.185623645782471, "elapsed_time": 33.412517786026, "prnt": false}
{"event": "training_step", "timestamp": 1769149432.6643803, "step": 1164, "max_steps": 1883, "loss": 5.266369342803955, "elapsed_time": 33.4383978843689, "prnt": false}
{"event": "training_step", "timestamp": 1769149432.6902459, "step": 1165, "max_steps": 1883, "loss": 5.221072196960449, "elapsed_time": 33.46433186531067, "prnt": false}
{"event": "training_step", "timestamp": 1769149432.7161064, "step": 1166, "max_steps": 1883, "loss": 5.209012985229492, "elapsed_time": 33.49010419845581, "prnt": false}
{"event": "training_step", "timestamp": 1769149432.7420504, "step": 1167, "max_steps": 1883, "loss": 5.164477348327637, "elapsed_time": 33.516531467437744, "prnt": false}
{"event": "training_step", "timestamp": 1769149432.767846, "step": 1168, "max_steps": 1883, "loss": 5.143871307373047, "elapsed_time": 33.54196000099182, "prnt": false}
{"event": "training_step", "timestamp": 1769149432.7937565, "step": 1169, "max_steps": 1883, "loss": 5.112898349761963, "elapsed_time": 33.56787729263306, "prnt": false}
{"event": "training_step", "timestamp": 1769149432.819646, "step": 1170, "max_steps": 1883, "loss": 5.238470554351807, "elapsed_time": 33.59358239173889, "prnt": false}
{"event": "training_step", "timestamp": 1769149432.8454516, "step": 1171, "max_steps": 1883, "loss": 5.2651824951171875, "elapsed_time": 33.61952471733093, "prnt": false}
{"event": "training_step", "timestamp": 1769149432.8712323, "step": 1172, "max_steps": 1883, "loss": 5.202518939971924, "elapsed_time": 33.645299434661865, "prnt": false}
{"event": "training_step", "timestamp": 1769149432.8970988, "step": 1173, "max_steps": 1883, "loss": 5.229061126708984, "elapsed_time": 33.671149015426636, "prnt": false}
{"event": "training_step", "timestamp": 1769149432.92293, "step": 1174, "max_steps": 1883, "loss": 5.1959357261657715, "elapsed_time": 33.69696760177612, "prnt": false}
{"event": "training_step", "timestamp": 1769149432.948748, "step": 1175, "max_steps": 1883, "loss": 5.319589614868164, "elapsed_time": 33.72318410873413, "prnt": false}
{"event": "training_step", "timestamp": 1769149432.974549, "step": 1176, "max_steps": 1883, "loss": 5.165628910064697, "elapsed_time": 33.74859261512756, "prnt": false}
{"event": "training_step", "timestamp": 1769149433.0004778, "step": 1177, "max_steps": 1883, "loss": 5.1264519691467285, "elapsed_time": 33.774500608444214, "prnt": false}
{"event": "training_step", "timestamp": 1769149433.0262897, "step": 1178, "max_steps": 1883, "loss": 5.234567642211914, "elapsed_time": 33.80031394958496, "prnt": false}
{"event": "training_step", "timestamp": 1769149433.0520792, "step": 1179, "max_steps": 1883, "loss": 5.259016036987305, "elapsed_time": 33.82610034942627, "prnt": false}
{"event": "training_step", "timestamp": 1769149433.0778902, "step": 1180, "max_steps": 1883, "loss": 5.086172103881836, "elapsed_time": 33.85195851325989, "prnt": false}
{"event": "training_step", "timestamp": 1769149433.103783, "step": 1181, "max_steps": 1883, "loss": 5.193367004394531, "elapsed_time": 33.877859592437744, "prnt": false}
{"event": "training_step", "timestamp": 1769149433.1296294, "step": 1182, "max_steps": 1883, "loss": 5.164453029632568, "elapsed_time": 33.903671741485596, "prnt": false}
{"event": "training_step", "timestamp": 1769149433.1554606, "step": 1183, "max_steps": 1883, "loss": 5.187911033630371, "elapsed_time": 33.92954921722412, "prnt": false}
{"event": "training_step", "timestamp": 1769149433.181262, "step": 1184, "max_steps": 1883, "loss": 5.141631603240967, "elapsed_time": 33.95529770851135, "prnt": false}
{"event": "training_step", "timestamp": 1769149433.2072089, "step": 1185, "max_steps": 1883, "loss": 5.096304416656494, "elapsed_time": 33.98153471946716, "prnt": false}
{"event": "training_step", "timestamp": 1769149433.2330441, "step": 1186, "max_steps": 1883, "loss": 5.197631359100342, "elapsed_time": 34.007097244262695, "prnt": false}
{"event": "training_step", "timestamp": 1769149433.258888, "step": 1187, "max_steps": 1883, "loss": 5.1843767166137695, "elapsed_time": 34.03281879425049, "prnt": false}
{"event": "training_step", "timestamp": 1769149433.284706, "step": 1188, "max_steps": 1883, "loss": 5.163389205932617, "elapsed_time": 34.058780908584595, "prnt": false}
{"event": "training_step", "timestamp": 1769149433.3105628, "step": 1189, "max_steps": 1883, "loss": 5.1634016036987305, "elapsed_time": 34.08461403846741, "prnt": false}
{"event": "training_step", "timestamp": 1769149433.3364098, "step": 1190, "max_steps": 1883, "loss": 5.147959232330322, "elapsed_time": 34.11043095588684, "prnt": false}
{"event": "training_step", "timestamp": 1769149433.362224, "step": 1191, "max_steps": 1883, "loss": 5.242781639099121, "elapsed_time": 34.13625431060791, "prnt": false}
{"event": "training_step", "timestamp": 1769149433.3880455, "step": 1192, "max_steps": 1883, "loss": 5.098901271820068, "elapsed_time": 34.16206765174866, "prnt": false}
{"event": "training_step", "timestamp": 1769149433.4139574, "step": 1193, "max_steps": 1883, "loss": 5.18939733505249, "elapsed_time": 34.187992334365845, "prnt": false}
{"event": "training_step", "timestamp": 1769149433.4398434, "step": 1194, "max_steps": 1883, "loss": 5.1555986404418945, "elapsed_time": 34.21380281448364, "prnt": false}
{"event": "training_step", "timestamp": 1769149433.465632, "step": 1195, "max_steps": 1883, "loss": 5.187730312347412, "elapsed_time": 34.23963928222656, "prnt": false}
{"event": "training_step", "timestamp": 1769149433.491444, "step": 1196, "max_steps": 1883, "loss": 5.184340476989746, "elapsed_time": 34.2654550075531, "prnt": false}
{"event": "training_step", "timestamp": 1769149433.517347, "step": 1197, "max_steps": 1883, "loss": 5.192573070526123, "elapsed_time": 34.29138517379761, "prnt": false}
{"event": "training_step", "timestamp": 1769149433.543187, "step": 1198, "max_steps": 1883, "loss": 5.185800075531006, "elapsed_time": 34.31720566749573, "prnt": false}
{"event": "training_step", "timestamp": 1769149433.5689745, "step": 1199, "max_steps": 1883, "loss": 5.147757530212402, "elapsed_time": 34.34294414520264, "prnt": false}
{"event": "training_step", "timestamp": 1769149433.5947828, "step": 1200, "max_steps": 1883, "loss": 5.228324890136719, "elapsed_time": 34.368762493133545, "prnt": false}
{"event": "training_step", "timestamp": 1769149433.6206782, "step": 1201, "max_steps": 1883, "loss": 5.141326427459717, "elapsed_time": 34.394611120224, "prnt": false}
{"event": "training_step", "timestamp": 1769149433.6465075, "step": 1202, "max_steps": 1883, "loss": 5.208951950073242, "elapsed_time": 34.42051386833191, "prnt": false}
{"event": "training_step", "timestamp": 1769149433.6723087, "step": 1203, "max_steps": 1883, "loss": 5.148366928100586, "elapsed_time": 34.44631767272949, "prnt": false}
{"event": "training_step", "timestamp": 1769149433.6981363, "step": 1204, "max_steps": 1883, "loss": 5.173861980438232, "elapsed_time": 34.472135066986084, "prnt": false}
{"event": "training_step", "timestamp": 1769149433.7240155, "step": 1205, "max_steps": 1883, "loss": 5.158675193786621, "elapsed_time": 34.49805998802185, "prnt": false}
{"event": "training_step", "timestamp": 1769149433.7498348, "step": 1206, "max_steps": 1883, "loss": 5.16037654876709, "elapsed_time": 34.52404451370239, "prnt": false}
{"event": "training_step", "timestamp": 1769149433.7756655, "step": 1207, "max_steps": 1883, "loss": 5.06965446472168, "elapsed_time": 34.549684047698975, "prnt": false}
{"event": "training_step", "timestamp": 1769149433.8014603, "step": 1208, "max_steps": 1883, "loss": 5.212766647338867, "elapsed_time": 34.57544922828674, "prnt": false}
{"event": "training_step", "timestamp": 1769149433.8273115, "step": 1209, "max_steps": 1883, "loss": 5.1650471687316895, "elapsed_time": 34.60141921043396, "prnt": false}
{"event": "training_step", "timestamp": 1769149433.8531096, "step": 1210, "max_steps": 1883, "loss": 5.210081577301025, "elapsed_time": 34.627148389816284, "prnt": false}
{"event": "training_step", "timestamp": 1769149433.8789363, "step": 1211, "max_steps": 1883, "loss": 5.11392068862915, "elapsed_time": 34.65290665626526, "prnt": false}
{"event": "training_step", "timestamp": 1769149433.9047456, "step": 1212, "max_steps": 1883, "loss": 5.225728988647461, "elapsed_time": 34.678752422332764, "prnt": false}
{"event": "training_step", "timestamp": 1769149433.9306483, "step": 1213, "max_steps": 1883, "loss": 5.071639060974121, "elapsed_time": 34.70470714569092, "prnt": false}
{"event": "training_step", "timestamp": 1769149433.9565501, "step": 1214, "max_steps": 1883, "loss": 5.123045921325684, "elapsed_time": 34.73079490661621, "prnt": false}
{"event": "training_step", "timestamp": 1769149433.9823449, "step": 1215, "max_steps": 1883, "loss": 5.230617046356201, "elapsed_time": 34.75640082359314, "prnt": false}
{"event": "training_step", "timestamp": 1769149434.0081563, "step": 1216, "max_steps": 1883, "loss": 5.044866561889648, "elapsed_time": 34.78215479850769, "prnt": false}
{"event": "training_step", "timestamp": 1769149434.0340188, "step": 1217, "max_steps": 1883, "loss": 5.280885696411133, "elapsed_time": 34.80800986289978, "prnt": false}
{"event": "training_step", "timestamp": 1769149434.0598671, "step": 1218, "max_steps": 1883, "loss": 5.135056972503662, "elapsed_time": 34.83402395248413, "prnt": false}
{"event": "training_step", "timestamp": 1769149434.0856895, "step": 1219, "max_steps": 1883, "loss": 5.277711868286133, "elapsed_time": 34.859673261642456, "prnt": false}
{"event": "training_step", "timestamp": 1769149434.1115081, "step": 1220, "max_steps": 1883, "loss": 5.081355094909668, "elapsed_time": 34.885499000549316, "prnt": false}
{"event": "training_step", "timestamp": 1769149434.1373768, "step": 1221, "max_steps": 1883, "loss": 5.1366143226623535, "elapsed_time": 34.911431074142456, "prnt": false}
{"event": "training_step", "timestamp": 1769149434.1632977, "step": 1222, "max_steps": 1883, "loss": 5.121166229248047, "elapsed_time": 34.93734788894653, "prnt": false}
{"event": "training_step", "timestamp": 1769149434.189086, "step": 1223, "max_steps": 1883, "loss": 5.172229290008545, "elapsed_time": 34.963095903396606, "prnt": false}
{"event": "training_step", "timestamp": 1769149434.2149222, "step": 1224, "max_steps": 1883, "loss": 5.134507179260254, "elapsed_time": 34.98896622657776, "prnt": false}
{"event": "training_step", "timestamp": 1769149434.240799, "step": 1225, "max_steps": 1883, "loss": 5.077880859375, "elapsed_time": 35.01490616798401, "prnt": false}
{"event": "training_step", "timestamp": 1769149434.266607, "step": 1226, "max_steps": 1883, "loss": 5.11940336227417, "elapsed_time": 35.04065251350403, "prnt": false}
{"event": "training_step", "timestamp": 1769149434.2924287, "step": 1227, "max_steps": 1883, "loss": 5.164605140686035, "elapsed_time": 35.066433906555176, "prnt": false}
{"event": "training_step", "timestamp": 1769149434.3183029, "step": 1228, "max_steps": 1883, "loss": 5.125046730041504, "elapsed_time": 35.0922212600708, "prnt": false}
{"event": "training_step", "timestamp": 1769149434.3442051, "step": 1229, "max_steps": 1883, "loss": 5.115650653839111, "elapsed_time": 35.118364334106445, "prnt": false}
{"event": "training_step", "timestamp": 1769149434.3700428, "step": 1230, "max_steps": 1883, "loss": 5.154288291931152, "elapsed_time": 35.144059896469116, "prnt": false}
{"event": "training_step", "timestamp": 1769149434.3958642, "step": 1231, "max_steps": 1883, "loss": 5.235358715057373, "elapsed_time": 35.169989347457886, "prnt": false}
{"event": "training_step", "timestamp": 1769149434.4216745, "step": 1232, "max_steps": 1883, "loss": 5.185599327087402, "elapsed_time": 35.19573616981506, "prnt": false}
{"event": "training_step", "timestamp": 1769149434.4475443, "step": 1233, "max_steps": 1883, "loss": 5.140632152557373, "elapsed_time": 35.22160458564758, "prnt": false}
{"event": "training_step", "timestamp": 1769149434.4735312, "step": 1234, "max_steps": 1883, "loss": 5.223496437072754, "elapsed_time": 35.2473931312561, "prnt": false}
{"event": "training_step", "timestamp": 1769149434.4993737, "step": 1235, "max_steps": 1883, "loss": 5.2661285400390625, "elapsed_time": 35.273356437683105, "prnt": false}
{"event": "training_step", "timestamp": 1769149434.5251849, "step": 1236, "max_steps": 1883, "loss": 5.1690874099731445, "elapsed_time": 35.2991578578949, "prnt": false}
{"event": "training_step", "timestamp": 1769149434.5510664, "step": 1237, "max_steps": 1883, "loss": 5.0953569412231445, "elapsed_time": 35.32527232170105, "prnt": false}
{"event": "training_step", "timestamp": 1769149434.576868, "step": 1238, "max_steps": 1883, "loss": 5.110727310180664, "elapsed_time": 35.35091757774353, "prnt": false}
{"event": "training_step", "timestamp": 1769149434.6026568, "step": 1239, "max_steps": 1883, "loss": 5.092597484588623, "elapsed_time": 35.37662434577942, "prnt": false}
{"event": "training_step", "timestamp": 1769149434.6284537, "step": 1240, "max_steps": 1883, "loss": 5.129096984863281, "elapsed_time": 35.40247893333435, "prnt": false}
{"event": "training_step", "timestamp": 1769149434.65431, "step": 1241, "max_steps": 1883, "loss": 5.043569564819336, "elapsed_time": 35.4283344745636, "prnt": false}
{"event": "training_step", "timestamp": 1769149434.6801655, "step": 1242, "max_steps": 1883, "loss": 5.165709018707275, "elapsed_time": 35.45409965515137, "prnt": false}
{"event": "training_step", "timestamp": 1769149434.7059999, "step": 1243, "max_steps": 1883, "loss": 5.132510185241699, "elapsed_time": 35.47997498512268, "prnt": false}
{"event": "training_step", "timestamp": 1769149434.7318435, "step": 1244, "max_steps": 1883, "loss": 5.190735340118408, "elapsed_time": 35.50579500198364, "prnt": false}
{"event": "training_step", "timestamp": 1769149434.757855, "step": 1245, "max_steps": 1883, "loss": 5.112520694732666, "elapsed_time": 35.53222465515137, "prnt": false}
{"event": "training_step", "timestamp": 1769149434.7836788, "step": 1246, "max_steps": 1883, "loss": 5.272101879119873, "elapsed_time": 35.55780029296875, "prnt": false}
{"event": "validation_step", "timestamp": 1769149435.0222676, "step": 1246, "max_steps": 1883, "loss": 1.2973245293510929, "elapsed_time": 35.55780029296875}
{"event": "training_step", "timestamp": 1769149435.0483208, "step": 1247, "max_steps": 1883, "loss": 5.073617935180664, "elapsed_time": 35.82234716415405, "prnt": false}
{"event": "training_step", "timestamp": 1769149435.0741456, "step": 1248, "max_steps": 1883, "loss": 5.268184661865234, "elapsed_time": 35.84815716743469, "prnt": false}
{"event": "training_step", "timestamp": 1769149435.1000557, "step": 1249, "max_steps": 1883, "loss": 5.097188472747803, "elapsed_time": 35.87399959564209, "prnt": false}
{"event": "training_step", "timestamp": 1769149435.1258733, "step": 1250, "max_steps": 1883, "loss": 5.276020526885986, "elapsed_time": 35.89973568916321, "prnt": false}
{"event": "training_step", "timestamp": 1769149435.1517012, "step": 1251, "max_steps": 1883, "loss": 5.046028137207031, "elapsed_time": 35.92587852478027, "prnt": false}
{"event": "training_step", "timestamp": 1769149435.1775768, "step": 1252, "max_steps": 1883, "loss": 5.0806756019592285, "elapsed_time": 35.95159959793091, "prnt": false}
{"event": "training_step", "timestamp": 1769149435.2034762, "step": 1253, "max_steps": 1883, "loss": 5.222053050994873, "elapsed_time": 35.97752499580383, "prnt": false}
{"event": "training_step", "timestamp": 1769149435.22931, "step": 1254, "max_steps": 1883, "loss": 5.158797264099121, "elapsed_time": 36.003339529037476, "prnt": false}
{"event": "training_step", "timestamp": 1769149435.2551563, "step": 1255, "max_steps": 1883, "loss": 5.1384429931640625, "elapsed_time": 36.0292112827301, "prnt": false}
{"event": "training_step", "timestamp": 1769149435.2809591, "step": 1256, "max_steps": 1883, "loss": 5.151717185974121, "elapsed_time": 36.05491328239441, "prnt": false}
{"event": "training_step", "timestamp": 1769149435.306838, "step": 1257, "max_steps": 1883, "loss": 5.155886650085449, "elapsed_time": 36.08081817626953, "prnt": false}
{"event": "training_step", "timestamp": 1769149435.332643, "step": 1258, "max_steps": 1883, "loss": 5.144101619720459, "elapsed_time": 36.10675811767578, "prnt": false}
{"event": "training_step", "timestamp": 1769149435.3584852, "step": 1259, "max_steps": 1883, "loss": 5.13006067276001, "elapsed_time": 36.13257312774658, "prnt": false}
{"event": "training_step", "timestamp": 1769149435.3842914, "step": 1260, "max_steps": 1883, "loss": 5.142963409423828, "elapsed_time": 36.158363819122314, "prnt": false}
{"event": "training_step", "timestamp": 1769149435.4101653, "step": 1261, "max_steps": 1883, "loss": 5.156468391418457, "elapsed_time": 36.18426847457886, "prnt": false}
{"event": "training_step", "timestamp": 1769149435.436001, "step": 1262, "max_steps": 1883, "loss": 5.2085347175598145, "elapsed_time": 36.20998668670654, "prnt": false}
{"event": "training_step", "timestamp": 1769149435.4618616, "step": 1263, "max_steps": 1883, "loss": 4.9823317527771, "elapsed_time": 36.236016035079956, "prnt": false}
{"event": "training_step", "timestamp": 1769149435.4880626, "step": 1264, "max_steps": 1883, "loss": 5.254582405090332, "elapsed_time": 36.26466083526611, "prnt": false}
{"event": "training_step", "timestamp": 1769149435.513919, "step": 1265, "max_steps": 1883, "loss": 5.21722412109375, "elapsed_time": 36.28788471221924, "prnt": false}
{"event": "training_step", "timestamp": 1769149435.5398204, "step": 1266, "max_steps": 1883, "loss": 5.138167858123779, "elapsed_time": 36.31397747993469, "prnt": false}
{"event": "training_step", "timestamp": 1769149435.565674, "step": 1267, "max_steps": 1883, "loss": 5.125552177429199, "elapsed_time": 36.33977007865906, "prnt": false}
{"event": "training_step", "timestamp": 1769149435.5914974, "step": 1268, "max_steps": 1883, "loss": 5.216384410858154, "elapsed_time": 36.365458965301514, "prnt": false}
{"event": "training_step", "timestamp": 1769149435.6174183, "step": 1269, "max_steps": 1883, "loss": 5.1088409423828125, "elapsed_time": 36.39142727851868, "prnt": false}
{"event": "training_step", "timestamp": 1769149435.6432102, "step": 1270, "max_steps": 1883, "loss": 5.175273895263672, "elapsed_time": 36.417194843292236, "prnt": false}
{"event": "training_step", "timestamp": 1769149435.6689885, "step": 1271, "max_steps": 1883, "loss": 5.0637736320495605, "elapsed_time": 36.443031311035156, "prnt": false}
{"event": "training_step", "timestamp": 1769149435.6947803, "step": 1272, "max_steps": 1883, "loss": 4.979398250579834, "elapsed_time": 36.468788862228394, "prnt": false}
{"event": "training_step", "timestamp": 1769149435.7206063, "step": 1273, "max_steps": 1883, "loss": 5.056196212768555, "elapsed_time": 36.494786500930786, "prnt": false}
{"event": "training_step", "timestamp": 1769149435.7464392, "step": 1274, "max_steps": 1883, "loss": 5.143189907073975, "elapsed_time": 36.52064323425293, "prnt": false}
{"event": "training_step", "timestamp": 1769149435.7722688, "step": 1275, "max_steps": 1883, "loss": 5.029634475708008, "elapsed_time": 36.546308279037476, "prnt": false}
{"event": "training_step", "timestamp": 1769149435.7981238, "step": 1276, "max_steps": 1883, "loss": 5.073357105255127, "elapsed_time": 36.57206892967224, "prnt": false}
{"event": "training_step", "timestamp": 1769149435.8240058, "step": 1277, "max_steps": 1883, "loss": 5.101391315460205, "elapsed_time": 36.5980327129364, "prnt": false}
{"event": "training_step", "timestamp": 1769149435.8498275, "step": 1278, "max_steps": 1883, "loss": 5.077298641204834, "elapsed_time": 36.62376141548157, "prnt": false}
{"event": "training_step", "timestamp": 1769149435.8755999, "step": 1279, "max_steps": 1883, "loss": 5.139688491821289, "elapsed_time": 36.64962363243103, "prnt": false}
{"event": "training_step", "timestamp": 1769149435.9013977, "step": 1280, "max_steps": 1883, "loss": 5.177997589111328, "elapsed_time": 36.67542004585266, "prnt": false}
{"event": "training_step", "timestamp": 1769149435.9272735, "step": 1281, "max_steps": 1883, "loss": 5.179629802703857, "elapsed_time": 36.70132899284363, "prnt": false}
{"event": "training_step", "timestamp": 1769149435.953093, "step": 1282, "max_steps": 1883, "loss": 5.0672149658203125, "elapsed_time": 36.72711706161499, "prnt": false}
{"event": "training_step", "timestamp": 1769149435.9789515, "step": 1283, "max_steps": 1883, "loss": 5.1827311515808105, "elapsed_time": 36.75299525260925, "prnt": false}
{"event": "training_step", "timestamp": 1769149436.0047815, "step": 1284, "max_steps": 1883, "loss": 5.107219219207764, "elapsed_time": 36.77874779701233, "prnt": false}
{"event": "training_step", "timestamp": 1769149436.030655, "step": 1285, "max_steps": 1883, "loss": 5.100471496582031, "elapsed_time": 36.80465483665466, "prnt": false}
{"event": "training_step", "timestamp": 1769149436.0564792, "step": 1286, "max_steps": 1883, "loss": 5.181384086608887, "elapsed_time": 36.83043622970581, "prnt": false}
{"event": "training_step", "timestamp": 1769149436.082277, "step": 1287, "max_steps": 1883, "loss": 5.160832405090332, "elapsed_time": 36.856268644332886, "prnt": false}
{"event": "training_step", "timestamp": 1769149436.108101, "step": 1288, "max_steps": 1883, "loss": 5.127954006195068, "elapsed_time": 36.88208055496216, "prnt": false}
{"event": "training_step", "timestamp": 1769149436.134039, "step": 1289, "max_steps": 1883, "loss": 5.064034461975098, "elapsed_time": 36.90810513496399, "prnt": false}
{"event": "training_step", "timestamp": 1769149436.1599011, "step": 1290, "max_steps": 1883, "loss": 5.05950403213501, "elapsed_time": 36.93401026725769, "prnt": false}
{"event": "training_step", "timestamp": 1769149436.1857138, "step": 1291, "max_steps": 1883, "loss": 5.071110248565674, "elapsed_time": 36.9597487449646, "prnt": false}
{"event": "training_step", "timestamp": 1769149436.2115693, "step": 1292, "max_steps": 1883, "loss": 5.130526542663574, "elapsed_time": 36.98546504974365, "prnt": false}
{"event": "training_step", "timestamp": 1769149436.2375245, "step": 1293, "max_steps": 1883, "loss": 5.0778422355651855, "elapsed_time": 37.01153802871704, "prnt": false}
{"event": "training_step", "timestamp": 1769149436.26335, "step": 1294, "max_steps": 1883, "loss": 5.137614727020264, "elapsed_time": 37.03733158111572, "prnt": false}
{"event": "training_step", "timestamp": 1769149436.2891822, "step": 1295, "max_steps": 1883, "loss": 5.201489448547363, "elapsed_time": 37.06317591667175, "prnt": false}
{"event": "training_step", "timestamp": 1769149436.3150103, "step": 1296, "max_steps": 1883, "loss": 5.134190082550049, "elapsed_time": 37.08897542953491, "prnt": false}
{"event": "training_step", "timestamp": 1769149436.3409033, "step": 1297, "max_steps": 1883, "loss": 5.134559631347656, "elapsed_time": 37.11490750312805, "prnt": false}
{"event": "training_step", "timestamp": 1769149436.3667157, "step": 1298, "max_steps": 1883, "loss": 5.1087517738342285, "elapsed_time": 37.14080739021301, "prnt": false}
{"event": "training_step", "timestamp": 1769149436.392497, "step": 1299, "max_steps": 1883, "loss": 4.990062713623047, "elapsed_time": 37.16653537750244, "prnt": false}
{"event": "training_step", "timestamp": 1769149436.418328, "step": 1300, "max_steps": 1883, "loss": 5.167686462402344, "elapsed_time": 37.19230628013611, "prnt": false}
{"event": "training_step", "timestamp": 1769149436.4442148, "step": 1301, "max_steps": 1883, "loss": 5.131458282470703, "elapsed_time": 37.21815609931946, "prnt": false}
{"event": "training_step", "timestamp": 1769149436.4700437, "step": 1302, "max_steps": 1883, "loss": 5.015059471130371, "elapsed_time": 37.244009017944336, "prnt": false}
{"event": "training_step", "timestamp": 1769149436.4958375, "step": 1303, "max_steps": 1883, "loss": 5.115021228790283, "elapsed_time": 37.26984620094299, "prnt": false}
{"event": "training_step", "timestamp": 1769149436.521644, "step": 1304, "max_steps": 1883, "loss": 5.068387985229492, "elapsed_time": 37.295642614364624, "prnt": false}
{"event": "training_step", "timestamp": 1769149436.5475266, "step": 1305, "max_steps": 1883, "loss": 5.144195556640625, "elapsed_time": 37.321584701538086, "prnt": false}
{"event": "training_step", "timestamp": 1769149436.5733597, "step": 1306, "max_steps": 1883, "loss": 5.048210144042969, "elapsed_time": 37.34739875793457, "prnt": false}
{"event": "training_step", "timestamp": 1769149436.5992413, "step": 1307, "max_steps": 1883, "loss": 5.069364547729492, "elapsed_time": 37.37322521209717, "prnt": false}
{"event": "training_step", "timestamp": 1769149436.6250598, "step": 1308, "max_steps": 1883, "loss": 5.033235549926758, "elapsed_time": 37.399051666259766, "prnt": false}
{"event": "training_step", "timestamp": 1769149436.6509552, "step": 1309, "max_steps": 1883, "loss": 5.060749053955078, "elapsed_time": 37.424943923950195, "prnt": false}
{"event": "training_step", "timestamp": 1769149436.6768236, "step": 1310, "max_steps": 1883, "loss": 5.085829734802246, "elapsed_time": 37.45076131820679, "prnt": false}
{"event": "training_step", "timestamp": 1769149436.7026074, "step": 1311, "max_steps": 1883, "loss": 5.1117682456970215, "elapsed_time": 37.476592779159546, "prnt": false}
{"event": "training_step", "timestamp": 1769149436.7284238, "step": 1312, "max_steps": 1883, "loss": 5.165203094482422, "elapsed_time": 37.50241947174072, "prnt": false}
{"event": "training_step", "timestamp": 1769149436.7543905, "step": 1313, "max_steps": 1883, "loss": 5.029971599578857, "elapsed_time": 37.528661012649536, "prnt": false}
{"event": "training_step", "timestamp": 1769149436.7803302, "step": 1314, "max_steps": 1883, "loss": 5.090861797332764, "elapsed_time": 37.55448341369629, "prnt": false}
{"event": "training_step", "timestamp": 1769149436.8061252, "step": 1315, "max_steps": 1883, "loss": 5.097589015960693, "elapsed_time": 37.58027195930481, "prnt": false}
{"event": "training_step", "timestamp": 1769149436.8319545, "step": 1316, "max_steps": 1883, "loss": 5.130854606628418, "elapsed_time": 37.60605430603027, "prnt": false}
{"event": "training_step", "timestamp": 1769149436.8579636, "step": 1317, "max_steps": 1883, "loss": 5.055387020111084, "elapsed_time": 37.631897926330566, "prnt": false}
{"event": "training_step", "timestamp": 1769149436.8838055, "step": 1318, "max_steps": 1883, "loss": 5.153483867645264, "elapsed_time": 37.65781497955322, "prnt": false}
{"event": "training_step", "timestamp": 1769149436.9096172, "step": 1319, "max_steps": 1883, "loss": 5.096825122833252, "elapsed_time": 37.683650493621826, "prnt": false}
{"event": "training_step", "timestamp": 1769149436.935489, "step": 1320, "max_steps": 1883, "loss": 5.171920299530029, "elapsed_time": 37.70955562591553, "prnt": false}
{"event": "training_step", "timestamp": 1769149436.9614177, "step": 1321, "max_steps": 1883, "loss": 5.046735763549805, "elapsed_time": 37.73575234413147, "prnt": false}
{"event": "training_step", "timestamp": 1769149436.9872866, "step": 1322, "max_steps": 1883, "loss": 5.106148719787598, "elapsed_time": 37.76128268241882, "prnt": false}
{"event": "training_step", "timestamp": 1769149437.0131037, "step": 1323, "max_steps": 1883, "loss": 5.014683723449707, "elapsed_time": 37.78725624084473, "prnt": false}
{"event": "training_step", "timestamp": 1769149437.0389812, "step": 1324, "max_steps": 1883, "loss": 5.147403240203857, "elapsed_time": 37.81300354003906, "prnt": false}
{"event": "training_step", "timestamp": 1769149437.0649104, "step": 1325, "max_steps": 1883, "loss": 5.048608779907227, "elapsed_time": 37.838985443115234, "prnt": false}
{"event": "training_step", "timestamp": 1769149437.0907297, "step": 1326, "max_steps": 1883, "loss": 5.061544895172119, "elapsed_time": 37.86470103263855, "prnt": false}
{"event": "training_step", "timestamp": 1769149437.1165755, "step": 1327, "max_steps": 1883, "loss": 5.136406898498535, "elapsed_time": 37.89056396484375, "prnt": false}
{"event": "training_step", "timestamp": 1769149437.1423965, "step": 1328, "max_steps": 1883, "loss": 4.987523078918457, "elapsed_time": 37.91640591621399, "prnt": false}
{"event": "training_step", "timestamp": 1769149437.1682992, "step": 1329, "max_steps": 1883, "loss": 5.1904754638671875, "elapsed_time": 37.9423041343689, "prnt": false}
{"event": "training_step", "timestamp": 1769149437.1941152, "step": 1330, "max_steps": 1883, "loss": 5.166695594787598, "elapsed_time": 37.968132734298706, "prnt": false}
{"event": "training_step", "timestamp": 1769149437.2199316, "step": 1331, "max_steps": 1883, "loss": 5.095633029937744, "elapsed_time": 37.99400997161865, "prnt": false}
{"event": "training_step", "timestamp": 1769149437.245788, "step": 1332, "max_steps": 1883, "loss": 5.088151931762695, "elapsed_time": 38.019761085510254, "prnt": false}
{"event": "training_step", "timestamp": 1769149437.2717192, "step": 1333, "max_steps": 1883, "loss": 5.065311908721924, "elapsed_time": 38.04575777053833, "prnt": false}
{"event": "training_step", "timestamp": 1769149437.2976367, "step": 1334, "max_steps": 1883, "loss": 5.039823532104492, "elapsed_time": 38.07153630256653, "prnt": false}
{"event": "training_step", "timestamp": 1769149437.3234594, "step": 1335, "max_steps": 1883, "loss": 5.08797550201416, "elapsed_time": 38.09744834899902, "prnt": false}
{"event": "validation_step", "timestamp": 1769149437.561366, "step": 1335, "max_steps": 1883, "loss": 1.2940812343505679, "elapsed_time": 38.09744834899902}
{"event": "training_step", "timestamp": 1769149437.5874379, "step": 1336, "max_steps": 1883, "loss": 5.116457939147949, "elapsed_time": 38.36139917373657, "prnt": false}
{"event": "training_step", "timestamp": 1769149437.6133883, "step": 1337, "max_steps": 1883, "loss": 5.020023822784424, "elapsed_time": 38.38748216629028, "prnt": false}
{"event": "training_step", "timestamp": 1769149437.6393132, "step": 1338, "max_steps": 1883, "loss": 5.123679161071777, "elapsed_time": 38.413132667541504, "prnt": false}
{"event": "training_step", "timestamp": 1769149437.6651175, "step": 1339, "max_steps": 1883, "loss": 5.118434906005859, "elapsed_time": 38.43911075592041, "prnt": false}
{"event": "training_step", "timestamp": 1769149437.6909409, "step": 1340, "max_steps": 1883, "loss": 5.138728618621826, "elapsed_time": 38.464970111846924, "prnt": false}
{"event": "training_step", "timestamp": 1769149437.7168508, "step": 1341, "max_steps": 1883, "loss": 5.086906433105469, "elapsed_time": 38.490891456604004, "prnt": false}
{"event": "training_step", "timestamp": 1769149437.7427006, "step": 1342, "max_steps": 1883, "loss": 5.1028947830200195, "elapsed_time": 38.5166871547699, "prnt": false}
{"event": "training_step", "timestamp": 1769149437.768513, "step": 1343, "max_steps": 1883, "loss": 5.1704792976379395, "elapsed_time": 38.54252362251282, "prnt": false}
{"event": "training_step", "timestamp": 1769149437.7943075, "step": 1344, "max_steps": 1883, "loss": 5.056442737579346, "elapsed_time": 38.56830549240112, "prnt": false}
{"event": "training_step", "timestamp": 1769149437.8202178, "step": 1345, "max_steps": 1883, "loss": 4.986867904663086, "elapsed_time": 38.59424138069153, "prnt": false}
{"event": "training_step", "timestamp": 1769149437.846289, "step": 1346, "max_steps": 1883, "loss": 4.996188163757324, "elapsed_time": 38.62031579017639, "prnt": false}
{"event": "training_step", "timestamp": 1769149437.8720787, "step": 1347, "max_steps": 1883, "loss": 5.069624900817871, "elapsed_time": 38.64605164527893, "prnt": false}
{"event": "training_step", "timestamp": 1769149437.8979218, "step": 1348, "max_steps": 1883, "loss": 5.038368225097656, "elapsed_time": 38.67192077636719, "prnt": false}
{"event": "training_step", "timestamp": 1769149437.9237332, "step": 1349, "max_steps": 1883, "loss": 5.0655341148376465, "elapsed_time": 38.697848081588745, "prnt": false}
{"event": "training_step", "timestamp": 1769149437.9496832, "step": 1350, "max_steps": 1883, "loss": 4.987529277801514, "elapsed_time": 38.72370219230652, "prnt": false}
{"event": "training_step", "timestamp": 1769149437.9754999, "step": 1351, "max_steps": 1883, "loss": 5.127176761627197, "elapsed_time": 38.749441385269165, "prnt": false}
{"event": "training_step", "timestamp": 1769149438.0013638, "step": 1352, "max_steps": 1883, "loss": 5.076154708862305, "elapsed_time": 38.77544069290161, "prnt": false}
{"event": "training_step", "timestamp": 1769149438.0271993, "step": 1353, "max_steps": 1883, "loss": 5.098469257354736, "elapsed_time": 38.80127263069153, "prnt": false}
{"event": "training_step", "timestamp": 1769149438.053118, "step": 1354, "max_steps": 1883, "loss": 5.074777603149414, "elapsed_time": 38.82715153694153, "prnt": false}
{"event": "training_step", "timestamp": 1769149438.0789514, "step": 1355, "max_steps": 1883, "loss": 5.068965435028076, "elapsed_time": 38.85301232337952, "prnt": false}
{"event": "training_step", "timestamp": 1769149438.1047978, "step": 1356, "max_steps": 1883, "loss": 5.044157981872559, "elapsed_time": 38.87879133224487, "prnt": false}
{"event": "training_step", "timestamp": 1769149438.1305947, "step": 1357, "max_steps": 1883, "loss": 5.076359748840332, "elapsed_time": 38.90460133552551, "prnt": false}
{"event": "training_step", "timestamp": 1769149438.156518, "step": 1358, "max_steps": 1883, "loss": 4.966760635375977, "elapsed_time": 38.93049335479736, "prnt": false}
{"event": "training_step", "timestamp": 1769149438.182322, "step": 1359, "max_steps": 1883, "loss": 4.999373435974121, "elapsed_time": 38.95630764961243, "prnt": false}
{"event": "training_step", "timestamp": 1769149438.2081497, "step": 1360, "max_steps": 1883, "loss": 5.015598773956299, "elapsed_time": 38.98212933540344, "prnt": false}
{"event": "training_step", "timestamp": 1769149438.234305, "step": 1361, "max_steps": 1883, "loss": 5.188691139221191, "elapsed_time": 39.009161949157715, "prnt": false}
{"event": "training_step", "timestamp": 1769149438.2603085, "step": 1362, "max_steps": 1883, "loss": 5.029090881347656, "elapsed_time": 39.034732818603516, "prnt": false}
{"event": "training_step", "timestamp": 1769149438.286165, "step": 1363, "max_steps": 1883, "loss": 4.9987006187438965, "elapsed_time": 39.06021547317505, "prnt": false}
{"event": "training_step", "timestamp": 1769149438.3119986, "step": 1364, "max_steps": 1883, "loss": 4.978369235992432, "elapsed_time": 39.08604884147644, "prnt": false}
{"event": "training_step", "timestamp": 1769149438.3379388, "step": 1365, "max_steps": 1883, "loss": 5.103573799133301, "elapsed_time": 39.11196446418762, "prnt": false}
{"event": "training_step", "timestamp": 1769149438.3639007, "step": 1366, "max_steps": 1883, "loss": 5.028696060180664, "elapsed_time": 39.1379292011261, "prnt": false}
{"event": "training_step", "timestamp": 1769149438.3897521, "step": 1367, "max_steps": 1883, "loss": 5.0181355476379395, "elapsed_time": 39.16374850273132, "prnt": false}
{"event": "training_step", "timestamp": 1769149438.415567, "step": 1368, "max_steps": 1883, "loss": 5.046770095825195, "elapsed_time": 39.18974423408508, "prnt": false}
{"event": "training_step", "timestamp": 1769149438.4414191, "step": 1369, "max_steps": 1883, "loss": 5.117496490478516, "elapsed_time": 39.21557331085205, "prnt": false}
{"event": "training_step", "timestamp": 1769149438.467366, "step": 1370, "max_steps": 1883, "loss": 5.107833385467529, "elapsed_time": 39.24137616157532, "prnt": false}
{"event": "training_step", "timestamp": 1769149438.4931908, "step": 1371, "max_steps": 1883, "loss": 4.983737945556641, "elapsed_time": 39.26726007461548, "prnt": false}
{"event": "training_step", "timestamp": 1769149438.5190759, "step": 1372, "max_steps": 1883, "loss": 5.091991424560547, "elapsed_time": 39.29307270050049, "prnt": false}
{"event": "training_step", "timestamp": 1769149438.5449016, "step": 1373, "max_steps": 1883, "loss": 5.075577735900879, "elapsed_time": 39.318891525268555, "prnt": false}
{"event": "training_step", "timestamp": 1769149438.5708377, "step": 1374, "max_steps": 1883, "loss": 5.027228832244873, "elapsed_time": 39.34481716156006, "prnt": false}
{"event": "training_step", "timestamp": 1769149438.5966876, "step": 1375, "max_steps": 1883, "loss": 4.942663192749023, "elapsed_time": 39.37068176269531, "prnt": false}
{"event": "training_step", "timestamp": 1769149438.6225271, "step": 1376, "max_steps": 1883, "loss": 4.963720798492432, "elapsed_time": 39.39664340019226, "prnt": false}
{"event": "training_step", "timestamp": 1769149438.6483853, "step": 1377, "max_steps": 1883, "loss": 5.158164978027344, "elapsed_time": 39.42263650894165, "prnt": false}
{"event": "training_step", "timestamp": 1769149438.6743221, "step": 1378, "max_steps": 1883, "loss": 4.996399879455566, "elapsed_time": 39.448401927948, "prnt": false}
{"event": "training_step", "timestamp": 1769149438.7001686, "step": 1379, "max_steps": 1883, "loss": 5.027949810028076, "elapsed_time": 39.4741644859314, "prnt": false}
{"event": "training_step", "timestamp": 1769149438.7259684, "step": 1380, "max_steps": 1883, "loss": 5.037604331970215, "elapsed_time": 39.500083684921265, "prnt": false}
{"event": "training_step", "timestamp": 1769149438.7517693, "step": 1381, "max_steps": 1883, "loss": 5.016615390777588, "elapsed_time": 39.52566862106323, "prnt": false}
{"event": "training_step", "timestamp": 1769149438.777723, "step": 1382, "max_steps": 1883, "loss": 5.068914890289307, "elapsed_time": 39.551807165145874, "prnt": false}
{"event": "training_step", "timestamp": 1769149438.8037624, "step": 1383, "max_steps": 1883, "loss": 5.016213417053223, "elapsed_time": 39.57804250717163, "prnt": false}
{"event": "training_step", "timestamp": 1769149438.8296216, "step": 1384, "max_steps": 1883, "loss": 5.022499084472656, "elapsed_time": 39.603919982910156, "prnt": false}
{"event": "training_step", "timestamp": 1769149438.855506, "step": 1385, "max_steps": 1883, "loss": 5.068604469299316, "elapsed_time": 39.62969708442688, "prnt": false}
{"event": "training_step", "timestamp": 1769149438.8814561, "step": 1386, "max_steps": 1883, "loss": 5.052813529968262, "elapsed_time": 39.6554799079895, "prnt": false}
{"event": "training_step", "timestamp": 1769149438.9073389, "step": 1387, "max_steps": 1883, "loss": 5.0627665519714355, "elapsed_time": 39.681220054626465, "prnt": false}
{"event": "training_step", "timestamp": 1769149438.9331765, "step": 1388, "max_steps": 1883, "loss": 4.934528350830078, "elapsed_time": 39.707138538360596, "prnt": false}
{"event": "training_step", "timestamp": 1769149438.9590135, "step": 1389, "max_steps": 1883, "loss": 5.111969470977783, "elapsed_time": 39.73300623893738, "prnt": false}
{"event": "training_step", "timestamp": 1769149438.984921, "step": 1390, "max_steps": 1883, "loss": 5.164131164550781, "elapsed_time": 39.75891470909119, "prnt": false}
{"event": "training_step", "timestamp": 1769149439.0107543, "step": 1391, "max_steps": 1883, "loss": 5.072673320770264, "elapsed_time": 39.784738540649414, "prnt": false}
{"event": "training_step", "timestamp": 1769149439.036692, "step": 1392, "max_steps": 1883, "loss": 5.021585941314697, "elapsed_time": 39.810829401016235, "prnt": false}
{"event": "training_step", "timestamp": 1769149439.0625207, "step": 1393, "max_steps": 1883, "loss": 5.052272796630859, "elapsed_time": 39.83658695220947, "prnt": false}
{"event": "training_step", "timestamp": 1769149439.0884438, "step": 1394, "max_steps": 1883, "loss": 5.019526481628418, "elapsed_time": 39.8624312877655, "prnt": false}
{"event": "training_step", "timestamp": 1769149439.114262, "step": 1395, "max_steps": 1883, "loss": 5.040934085845947, "elapsed_time": 39.88826584815979, "prnt": false}
{"event": "training_step", "timestamp": 1769149439.1400688, "step": 1396, "max_steps": 1883, "loss": 5.074076175689697, "elapsed_time": 39.914039850234985, "prnt": false}
{"event": "training_step", "timestamp": 1769149439.165898, "step": 1397, "max_steps": 1883, "loss": 5.150876045227051, "elapsed_time": 39.939910650253296, "prnt": false}
{"event": "training_step", "timestamp": 1769149439.191825, "step": 1398, "max_steps": 1883, "loss": 5.045316219329834, "elapsed_time": 39.96592974662781, "prnt": false}
{"event": "training_step", "timestamp": 1769149439.2177327, "step": 1399, "max_steps": 1883, "loss": 4.959092140197754, "elapsed_time": 39.991734981536865, "prnt": false}
{"event": "training_step", "timestamp": 1769149439.2436197, "step": 1400, "max_steps": 1883, "loss": 5.045260906219482, "elapsed_time": 40.01783800125122, "prnt": false}
{"event": "training_step", "timestamp": 1769149439.2694502, "step": 1401, "max_steps": 1883, "loss": 4.950666427612305, "elapsed_time": 40.04350519180298, "prnt": false}
{"event": "training_step", "timestamp": 1769149439.2953813, "step": 1402, "max_steps": 1883, "loss": 5.045170307159424, "elapsed_time": 40.069342374801636, "prnt": false}
{"event": "training_step", "timestamp": 1769149439.3212311, "step": 1403, "max_steps": 1883, "loss": 5.046749591827393, "elapsed_time": 40.095245122909546, "prnt": false}
{"event": "training_step", "timestamp": 1769149439.3470397, "step": 1404, "max_steps": 1883, "loss": 5.035419464111328, "elapsed_time": 40.12104392051697, "prnt": false}
{"event": "training_step", "timestamp": 1769149439.3728325, "step": 1405, "max_steps": 1883, "loss": 5.080546855926514, "elapsed_time": 40.14685106277466, "prnt": false}
{"event": "training_step", "timestamp": 1769149439.398768, "step": 1406, "max_steps": 1883, "loss": 4.985024929046631, "elapsed_time": 40.17274475097656, "prnt": false}
{"event": "training_step", "timestamp": 1769149439.4246397, "step": 1407, "max_steps": 1883, "loss": 5.058568000793457, "elapsed_time": 40.198832511901855, "prnt": false}
{"event": "training_step", "timestamp": 1769149439.4505656, "step": 1408, "max_steps": 1883, "loss": 4.919564723968506, "elapsed_time": 40.224732875823975, "prnt": false}
{"event": "training_step", "timestamp": 1769149439.4764564, "step": 1409, "max_steps": 1883, "loss": 5.007394313812256, "elapsed_time": 40.250375509262085, "prnt": false}
{"event": "training_step", "timestamp": 1769149439.5023968, "step": 1410, "max_steps": 1883, "loss": 5.046454429626465, "elapsed_time": 40.27634596824646, "prnt": false}
{"event": "training_step", "timestamp": 1769149439.5282419, "step": 1411, "max_steps": 1883, "loss": 4.94537353515625, "elapsed_time": 40.3022255897522, "prnt": false}
{"event": "training_step", "timestamp": 1769149439.5540493, "step": 1412, "max_steps": 1883, "loss": 5.053256034851074, "elapsed_time": 40.32809066772461, "prnt": false}
{"event": "training_step", "timestamp": 1769149439.5798707, "step": 1413, "max_steps": 1883, "loss": 4.990644454956055, "elapsed_time": 40.353885889053345, "prnt": false}
{"event": "training_step", "timestamp": 1769149439.605811, "step": 1414, "max_steps": 1883, "loss": 4.998166084289551, "elapsed_time": 40.379878282547, "prnt": false}
{"event": "training_step", "timestamp": 1769149439.631686, "step": 1415, "max_steps": 1883, "loss": 5.038528919219971, "elapsed_time": 40.405874252319336, "prnt": false}
{"event": "training_step", "timestamp": 1769149439.657623, "step": 1416, "max_steps": 1883, "loss": 5.101816177368164, "elapsed_time": 40.43154788017273, "prnt": false}
{"event": "training_step", "timestamp": 1769149439.6834526, "step": 1417, "max_steps": 1883, "loss": 5.08158016204834, "elapsed_time": 40.45764708518982, "prnt": false}
{"event": "training_step", "timestamp": 1769149439.7093656, "step": 1418, "max_steps": 1883, "loss": 4.924717426300049, "elapsed_time": 40.48339486122131, "prnt": false}
{"event": "training_step", "timestamp": 1769149439.7351923, "step": 1419, "max_steps": 1883, "loss": 4.97706413269043, "elapsed_time": 40.50917673110962, "prnt": false}
{"event": "training_step", "timestamp": 1769149439.7610073, "step": 1420, "max_steps": 1883, "loss": 4.979910850524902, "elapsed_time": 40.534995555877686, "prnt": false}
{"event": "training_step", "timestamp": 1769149439.7868166, "step": 1421, "max_steps": 1883, "loss": 4.9357171058654785, "elapsed_time": 40.56081199645996, "prnt": false}
{"event": "training_step", "timestamp": 1769149439.8127666, "step": 1422, "max_steps": 1883, "loss": 5.02366304397583, "elapsed_time": 40.58686852455139, "prnt": false}
{"event": "training_step", "timestamp": 1769149439.8386178, "step": 1423, "max_steps": 1883, "loss": 5.045364856719971, "elapsed_time": 40.61261558532715, "prnt": false}
{"event": "training_step", "timestamp": 1769149439.864471, "step": 1424, "max_steps": 1883, "loss": 4.967299461364746, "elapsed_time": 40.638535499572754, "prnt": false}
{"event": "validation_step", "timestamp": 1769149440.1037378, "step": 1424, "max_steps": 1883, "loss": 1.293101731356845, "elapsed_time": 40.638535499572754}
{"event": "training_step", "timestamp": 1769149440.1297953, "step": 1425, "max_steps": 1883, "loss": 5.034182071685791, "elapsed_time": 40.904088258743286, "prnt": false}
{"event": "training_step", "timestamp": 1769149440.155784, "step": 1426, "max_steps": 1883, "loss": 5.115222930908203, "elapsed_time": 40.92976093292236, "prnt": false}
{"event": "training_step", "timestamp": 1769149440.1816125, "step": 1427, "max_steps": 1883, "loss": 5.010879993438721, "elapsed_time": 40.9555938243866, "prnt": false}
{"event": "training_step", "timestamp": 1769149440.2074504, "step": 1428, "max_steps": 1883, "loss": 5.081490516662598, "elapsed_time": 40.98141407966614, "prnt": false}
{"event": "training_step", "timestamp": 1769149440.2333174, "step": 1429, "max_steps": 1883, "loss": 5.0298967361450195, "elapsed_time": 41.00751042366028, "prnt": false}
{"event": "training_step", "timestamp": 1769149440.259337, "step": 1430, "max_steps": 1883, "loss": 4.9560699462890625, "elapsed_time": 41.0333526134491, "prnt": false}
{"event": "training_step", "timestamp": 1769149440.2852397, "step": 1431, "max_steps": 1883, "loss": 5.061323642730713, "elapsed_time": 41.0591926574707, "prnt": false}
{"event": "training_step", "timestamp": 1769149440.3110702, "step": 1432, "max_steps": 1883, "loss": 5.026884078979492, "elapsed_time": 41.08503818511963, "prnt": false}
{"event": "training_step", "timestamp": 1769149440.3369293, "step": 1433, "max_steps": 1883, "loss": 5.039278030395508, "elapsed_time": 41.110865116119385, "prnt": false}
{"event": "training_step", "timestamp": 1769149440.3628187, "step": 1434, "max_steps": 1883, "loss": 5.020650863647461, "elapsed_time": 41.136847257614136, "prnt": false}
{"event": "training_step", "timestamp": 1769149440.3886516, "step": 1435, "max_steps": 1883, "loss": 4.949037551879883, "elapsed_time": 41.16261124610901, "prnt": false}
{"event": "training_step", "timestamp": 1769149440.414503, "step": 1436, "max_steps": 1883, "loss": 5.058732509613037, "elapsed_time": 41.188371419906616, "prnt": false}
{"event": "training_step", "timestamp": 1769149440.4403584, "step": 1437, "max_steps": 1883, "loss": 4.969943046569824, "elapsed_time": 41.21450924873352, "prnt": false}
{"event": "training_step", "timestamp": 1769149440.4663675, "step": 1438, "max_steps": 1883, "loss": 4.943548202514648, "elapsed_time": 41.24035286903381, "prnt": false}
{"event": "training_step", "timestamp": 1769149440.4922295, "step": 1439, "max_steps": 1883, "loss": 4.934127330780029, "elapsed_time": 41.26620435714722, "prnt": false}
{"event": "training_step", "timestamp": 1769149440.518057, "step": 1440, "max_steps": 1883, "loss": 5.022069454193115, "elapsed_time": 41.29205632209778, "prnt": false}
{"event": "training_step", "timestamp": 1769149440.5438788, "step": 1441, "max_steps": 1883, "loss": 4.996957778930664, "elapsed_time": 41.317949056625366, "prnt": false}
{"event": "training_step", "timestamp": 1769149440.5698266, "step": 1442, "max_steps": 1883, "loss": 4.991364002227783, "elapsed_time": 41.34379816055298, "prnt": false}
{"event": "training_step", "timestamp": 1769149440.5957122, "step": 1443, "max_steps": 1883, "loss": 5.010575294494629, "elapsed_time": 41.36967968940735, "prnt": false}
{"event": "training_step", "timestamp": 1769149440.62154, "step": 1444, "max_steps": 1883, "loss": 5.030303955078125, "elapsed_time": 41.3955135345459, "prnt": false}
{"event": "training_step", "timestamp": 1769149440.647344, "step": 1445, "max_steps": 1883, "loss": 5.000376224517822, "elapsed_time": 41.42144227027893, "prnt": false}
{"event": "training_step", "timestamp": 1769149440.6732938, "step": 1446, "max_steps": 1883, "loss": 5.10629415512085, "elapsed_time": 41.44733214378357, "prnt": false}
{"event": "training_step", "timestamp": 1769149440.699137, "step": 1447, "max_steps": 1883, "loss": 4.977399826049805, "elapsed_time": 41.4731502532959, "prnt": false}
{"event": "training_step", "timestamp": 1769149440.7249653, "step": 1448, "max_steps": 1883, "loss": 5.041939735412598, "elapsed_time": 41.49893260002136, "prnt": false}
{"event": "training_step", "timestamp": 1769149440.750794, "step": 1449, "max_steps": 1883, "loss": 4.971621036529541, "elapsed_time": 41.524747133255005, "prnt": false}
{"event": "training_step", "timestamp": 1769149440.7767487, "step": 1450, "max_steps": 1883, "loss": 4.975736618041992, "elapsed_time": 41.550660848617554, "prnt": false}
{"event": "training_step", "timestamp": 1769149440.8026052, "step": 1451, "max_steps": 1883, "loss": 4.991540431976318, "elapsed_time": 41.57654356956482, "prnt": false}
{"event": "training_step", "timestamp": 1769149440.828616, "step": 1452, "max_steps": 1883, "loss": 5.047109127044678, "elapsed_time": 41.60294699668884, "prnt": false}
{"event": "training_step", "timestamp": 1769149440.8544745, "step": 1453, "max_steps": 1883, "loss": 5.05437707901001, "elapsed_time": 41.628610610961914, "prnt": false}
{"event": "training_step", "timestamp": 1769149440.880457, "step": 1454, "max_steps": 1883, "loss": 4.964498043060303, "elapsed_time": 41.654378175735474, "prnt": false}
{"event": "training_step", "timestamp": 1769149440.9062915, "step": 1455, "max_steps": 1883, "loss": 5.039907932281494, "elapsed_time": 41.68027448654175, "prnt": false}
{"event": "training_step", "timestamp": 1769149440.9320989, "step": 1456, "max_steps": 1883, "loss": 5.092654228210449, "elapsed_time": 41.706270933151245, "prnt": false}
{"event": "training_step", "timestamp": 1769149440.9579918, "step": 1457, "max_steps": 1883, "loss": 5.006936073303223, "elapsed_time": 41.7319495677948, "prnt": false}
{"event": "training_step", "timestamp": 1769149440.9839118, "step": 1458, "max_steps": 1883, "loss": 4.9259114265441895, "elapsed_time": 41.75792622566223, "prnt": false}
{"event": "training_step", "timestamp": 1769149441.0097542, "step": 1459, "max_steps": 1883, "loss": 4.973323822021484, "elapsed_time": 41.78372025489807, "prnt": false}
{"event": "training_step", "timestamp": 1769149441.0357032, "step": 1460, "max_steps": 1883, "loss": 5.002763271331787, "elapsed_time": 41.80979251861572, "prnt": false}
{"event": "training_step", "timestamp": 1769149441.0616016, "step": 1461, "max_steps": 1883, "loss": 5.035691261291504, "elapsed_time": 41.83582305908203, "prnt": false}
{"event": "training_step", "timestamp": 1769149441.0875366, "step": 1462, "max_steps": 1883, "loss": 5.038783073425293, "elapsed_time": 41.861523151397705, "prnt": false}
{"event": "training_step", "timestamp": 1769149441.113396, "step": 1463, "max_steps": 1883, "loss": 4.879220962524414, "elapsed_time": 41.887370586395264, "prnt": false}
{"event": "training_step", "timestamp": 1769149441.139225, "step": 1464, "max_steps": 1883, "loss": 5.117685794830322, "elapsed_time": 41.913214445114136, "prnt": false}
{"event": "training_step", "timestamp": 1769149441.1650474, "step": 1465, "max_steps": 1883, "loss": 5.0148186683654785, "elapsed_time": 41.93908071517944, "prnt": false}
{"event": "training_step", "timestamp": 1769149441.1909292, "step": 1466, "max_steps": 1883, "loss": 5.059505462646484, "elapsed_time": 41.964946031570435, "prnt": false}
{"event": "training_step", "timestamp": 1769149441.2168143, "step": 1467, "max_steps": 1883, "loss": 5.009657859802246, "elapsed_time": 41.990764141082764, "prnt": false}
{"event": "training_step", "timestamp": 1769149441.2426627, "step": 1468, "max_steps": 1883, "loss": 5.078810691833496, "elapsed_time": 42.016764640808105, "prnt": false}
{"event": "training_step", "timestamp": 1769149441.2685351, "step": 1469, "max_steps": 1883, "loss": 4.971806526184082, "elapsed_time": 42.04261350631714, "prnt": false}
{"event": "training_step", "timestamp": 1769149441.2944682, "step": 1470, "max_steps": 1883, "loss": 5.069175720214844, "elapsed_time": 42.06845164299011, "prnt": false}
{"event": "training_step", "timestamp": 1769149441.320294, "step": 1471, "max_steps": 1883, "loss": 4.963868141174316, "elapsed_time": 42.094292402267456, "prnt": false}
{"event": "training_step", "timestamp": 1769149441.3461237, "step": 1472, "max_steps": 1883, "loss": 5.019321441650391, "elapsed_time": 42.120113134384155, "prnt": false}
{"event": "training_step", "timestamp": 1769149441.371936, "step": 1473, "max_steps": 1883, "loss": 4.983102798461914, "elapsed_time": 42.145872831344604, "prnt": false}
{"event": "training_step", "timestamp": 1769149441.3979042, "step": 1474, "max_steps": 1883, "loss": 5.035007953643799, "elapsed_time": 42.17179250717163, "prnt": false}
{"event": "training_step", "timestamp": 1769149441.4237525, "step": 1475, "max_steps": 1883, "loss": 5.004841327667236, "elapsed_time": 42.197739601135254, "prnt": false}
{"event": "training_step", "timestamp": 1769149441.4496539, "step": 1476, "max_steps": 1883, "loss": 4.937267780303955, "elapsed_time": 42.22376012802124, "prnt": false}
{"event": "training_step", "timestamp": 1769149441.4755478, "step": 1477, "max_steps": 1883, "loss": 5.057169437408447, "elapsed_time": 42.24949288368225, "prnt": false}
{"event": "training_step", "timestamp": 1769149441.501526, "step": 1478, "max_steps": 1883, "loss": 5.009450435638428, "elapsed_time": 42.275476694107056, "prnt": false}
{"event": "training_step", "timestamp": 1769149441.5273936, "step": 1479, "max_steps": 1883, "loss": 5.0376715660095215, "elapsed_time": 42.30133318901062, "prnt": false}
{"event": "training_step", "timestamp": 1769149441.5532315, "step": 1480, "max_steps": 1883, "loss": 4.99838924407959, "elapsed_time": 42.327205181121826, "prnt": false}
{"event": "training_step", "timestamp": 1769149441.5790346, "step": 1481, "max_steps": 1883, "loss": 4.995758056640625, "elapsed_time": 42.353012800216675, "prnt": false}
{"event": "training_step", "timestamp": 1769149441.6050317, "step": 1482, "max_steps": 1883, "loss": 4.987509727478027, "elapsed_time": 42.37903833389282, "prnt": false}
{"event": "training_step", "timestamp": 1769149441.6308815, "step": 1483, "max_steps": 1883, "loss": 5.062594890594482, "elapsed_time": 42.404945611953735, "prnt": false}
{"event": "training_step", "timestamp": 1769149441.6570096, "step": 1484, "max_steps": 1883, "loss": 4.947861194610596, "elapsed_time": 42.43075489997864, "prnt": false}
{"event": "training_step", "timestamp": 1769149441.6828508, "step": 1485, "max_steps": 1883, "loss": 4.998385906219482, "elapsed_time": 42.456958532333374, "prnt": false}
{"event": "training_step", "timestamp": 1769149441.7088182, "step": 1486, "max_steps": 1883, "loss": 4.961398124694824, "elapsed_time": 42.48280692100525, "prnt": false}
{"event": "training_step", "timestamp": 1769149441.7346845, "step": 1487, "max_steps": 1883, "loss": 4.978107929229736, "elapsed_time": 42.50862097740173, "prnt": false}
{"event": "training_step", "timestamp": 1769149441.7604985, "step": 1488, "max_steps": 1883, "loss": 4.996181011199951, "elapsed_time": 42.53450274467468, "prnt": false}
{"event": "training_step", "timestamp": 1769149441.7863398, "step": 1489, "max_steps": 1883, "loss": 5.012173652648926, "elapsed_time": 42.560309648513794, "prnt": false}
{"event": "training_step", "timestamp": 1769149441.8122926, "step": 1490, "max_steps": 1883, "loss": 4.905734539031982, "elapsed_time": 42.58626985549927, "prnt": false}
{"event": "training_step", "timestamp": 1769149441.8381233, "step": 1491, "max_steps": 1883, "loss": 4.992136001586914, "elapsed_time": 42.61213707923889, "prnt": false}
{"event": "training_step", "timestamp": 1769149441.8640194, "step": 1492, "max_steps": 1883, "loss": 5.018836498260498, "elapsed_time": 42.63814902305603, "prnt": false}
{"event": "training_step", "timestamp": 1769149441.889887, "step": 1493, "max_steps": 1883, "loss": 4.927160739898682, "elapsed_time": 42.66388511657715, "prnt": false}
{"event": "training_step", "timestamp": 1769149441.915851, "step": 1494, "max_steps": 1883, "loss": 4.966644763946533, "elapsed_time": 42.6898193359375, "prnt": false}
{"event": "training_step", "timestamp": 1769149441.9417503, "step": 1495, "max_steps": 1883, "loss": 5.099291801452637, "elapsed_time": 42.71574640274048, "prnt": false}
{"event": "training_step", "timestamp": 1769149441.9676096, "step": 1496, "max_steps": 1883, "loss": 5.010976314544678, "elapsed_time": 42.741573333740234, "prnt": false}
{"event": "training_step", "timestamp": 1769149441.9934602, "step": 1497, "max_steps": 1883, "loss": 5.06895112991333, "elapsed_time": 42.76745867729187, "prnt": false}
{"event": "training_step", "timestamp": 1769149442.019397, "step": 1498, "max_steps": 1883, "loss": 4.966712951660156, "elapsed_time": 42.7933874130249, "prnt": false}
{"event": "training_step", "timestamp": 1769149442.0452566, "step": 1499, "max_steps": 1883, "loss": 4.941397666931152, "elapsed_time": 42.819196462631226, "prnt": false}
{"event": "training_step", "timestamp": 1769149442.0711417, "step": 1500, "max_steps": 1883, "loss": 4.993851661682129, "elapsed_time": 42.84520626068115, "prnt": false}
{"event": "training_step", "timestamp": 1769149442.0970101, "step": 1501, "max_steps": 1883, "loss": 5.022068500518799, "elapsed_time": 42.871001958847046, "prnt": false}
{"event": "training_step", "timestamp": 1769149442.1229565, "step": 1502, "max_steps": 1883, "loss": 4.966275215148926, "elapsed_time": 42.896923780441284, "prnt": false}
{"event": "training_step", "timestamp": 1769149442.148787, "step": 1503, "max_steps": 1883, "loss": 4.850138187408447, "elapsed_time": 42.92276191711426, "prnt": false}
{"event": "training_step", "timestamp": 1769149442.1746619, "step": 1504, "max_steps": 1883, "loss": 5.018945217132568, "elapsed_time": 42.948609590530396, "prnt": false}
{"event": "training_step", "timestamp": 1769149442.2004836, "step": 1505, "max_steps": 1883, "loss": 5.041114807128906, "elapsed_time": 42.97448778152466, "prnt": false}
{"event": "training_step", "timestamp": 1769149442.2264361, "step": 1506, "max_steps": 1883, "loss": 4.963348865509033, "elapsed_time": 43.00040364265442, "prnt": false}
{"event": "training_step", "timestamp": 1769149442.2522683, "step": 1507, "max_steps": 1883, "loss": 5.042352199554443, "elapsed_time": 43.02634239196777, "prnt": false}
{"event": "training_step", "timestamp": 1769149442.2781134, "step": 1508, "max_steps": 1883, "loss": 5.135316848754883, "elapsed_time": 43.052164793014526, "prnt": false}
{"event": "training_step", "timestamp": 1769149442.3039365, "step": 1509, "max_steps": 1883, "loss": 5.071669101715088, "elapsed_time": 43.07798457145691, "prnt": false}
{"event": "training_step", "timestamp": 1769149442.3298676, "step": 1510, "max_steps": 1883, "loss": 5.000998497009277, "elapsed_time": 43.103811740875244, "prnt": false}
{"event": "training_step", "timestamp": 1769149442.3557575, "step": 1511, "max_steps": 1883, "loss": 4.885295391082764, "elapsed_time": 43.129682779312134, "prnt": false}
{"event": "training_step", "timestamp": 1769149442.381717, "step": 1512, "max_steps": 1883, "loss": 5.008856773376465, "elapsed_time": 43.15597176551819, "prnt": false}
{"event": "training_step", "timestamp": 1769149442.4076593, "step": 1513, "max_steps": 1883, "loss": 5.028809547424316, "elapsed_time": 43.18201041221619, "prnt": false}
{"event": "validation_step", "timestamp": 1769149442.6461678, "step": 1513, "max_steps": 1883, "loss": 1.2918558591801876, "elapsed_time": 43.18201041221619}
{"event": "training_step", "timestamp": 1769149442.6722896, "step": 1514, "max_steps": 1883, "loss": 4.963802337646484, "elapsed_time": 43.44632029533386, "prnt": false}
{"event": "training_step", "timestamp": 1769149442.6981945, "step": 1515, "max_steps": 1883, "loss": 5.019735813140869, "elapsed_time": 43.47223472595215, "prnt": false}
{"event": "training_step", "timestamp": 1769149442.7240486, "step": 1516, "max_steps": 1883, "loss": 4.963338375091553, "elapsed_time": 43.498021602630615, "prnt": false}
{"event": "training_step", "timestamp": 1769149442.7498667, "step": 1517, "max_steps": 1883, "loss": 5.00785493850708, "elapsed_time": 43.523820877075195, "prnt": false}
{"event": "training_step", "timestamp": 1769149442.7758749, "step": 1518, "max_steps": 1883, "loss": 4.984428882598877, "elapsed_time": 43.54979729652405, "prnt": false}
{"event": "training_step", "timestamp": 1769149442.8017168, "step": 1519, "max_steps": 1883, "loss": 4.860869884490967, "elapsed_time": 43.57567834854126, "prnt": false}
{"event": "training_step", "timestamp": 1769149442.8275743, "step": 1520, "max_steps": 1883, "loss": 4.980669021606445, "elapsed_time": 43.60154604911804, "prnt": false}
{"event": "training_step", "timestamp": 1769149442.8535302, "step": 1521, "max_steps": 1883, "loss": 4.963010787963867, "elapsed_time": 43.627904415130615, "prnt": false}
{"event": "training_step", "timestamp": 1769149442.879552, "step": 1522, "max_steps": 1883, "loss": 4.9966278076171875, "elapsed_time": 43.6535530090332, "prnt": false}
{"event": "training_step", "timestamp": 1769149442.9054308, "step": 1523, "max_steps": 1883, "loss": 5.028936386108398, "elapsed_time": 43.67941975593567, "prnt": false}
{"event": "training_step", "timestamp": 1769149442.931285, "step": 1524, "max_steps": 1883, "loss": 5.001429080963135, "elapsed_time": 43.705283641815186, "prnt": false}
{"event": "training_step", "timestamp": 1769149442.9571898, "step": 1525, "max_steps": 1883, "loss": 5.007308006286621, "elapsed_time": 43.731271505355835, "prnt": false}
{"event": "training_step", "timestamp": 1769149442.9831343, "step": 1526, "max_steps": 1883, "loss": 4.953183174133301, "elapsed_time": 43.75707674026489, "prnt": false}
{"event": "training_step", "timestamp": 1769149443.0089588, "step": 1527, "max_steps": 1883, "loss": 4.960844993591309, "elapsed_time": 43.782979249954224, "prnt": false}
{"event": "training_step", "timestamp": 1769149443.0348508, "step": 1528, "max_steps": 1883, "loss": 4.957009315490723, "elapsed_time": 43.80873918533325, "prnt": false}
{"event": "training_step", "timestamp": 1769149443.06067, "step": 1529, "max_steps": 1883, "loss": 4.980607032775879, "elapsed_time": 43.83468699455261, "prnt": false}
{"event": "training_step", "timestamp": 1769149443.08669, "step": 1530, "max_steps": 1883, "loss": 4.977225303649902, "elapsed_time": 43.86056613922119, "prnt": false}
{"event": "training_step", "timestamp": 1769149443.1125386, "step": 1531, "max_steps": 1883, "loss": 4.961050987243652, "elapsed_time": 43.88659620285034, "prnt": false}
{"event": "training_step", "timestamp": 1769149443.1383736, "step": 1532, "max_steps": 1883, "loss": 4.963191986083984, "elapsed_time": 43.91231942176819, "prnt": false}
{"event": "training_step", "timestamp": 1769149443.1642249, "step": 1533, "max_steps": 1883, "loss": 5.031020641326904, "elapsed_time": 43.938315868377686, "prnt": false}
{"event": "training_step", "timestamp": 1769149443.1901793, "step": 1534, "max_steps": 1883, "loss": 5.069430828094482, "elapsed_time": 43.96410417556763, "prnt": false}
{"event": "training_step", "timestamp": 1769149443.2160776, "step": 1535, "max_steps": 1883, "loss": 4.977340221405029, "elapsed_time": 43.99009037017822, "prnt": false}
{"event": "training_step", "timestamp": 1769149443.2419267, "step": 1536, "max_steps": 1883, "loss": 4.9742255210876465, "elapsed_time": 44.015878200531006, "prnt": false}
{"event": "training_step", "timestamp": 1769149443.2677813, "step": 1537, "max_steps": 1883, "loss": 5.026234149932861, "elapsed_time": 44.041757106781006, "prnt": false}
{"event": "training_step", "timestamp": 1769149443.2937484, "step": 1538, "max_steps": 1883, "loss": 5.017604827880859, "elapsed_time": 44.06769633293152, "prnt": false}
{"event": "training_step", "timestamp": 1769149443.3196733, "step": 1539, "max_steps": 1883, "loss": 4.930046558380127, "elapsed_time": 44.0936758518219, "prnt": false}
{"event": "training_step", "timestamp": 1769149443.3455508, "step": 1540, "max_steps": 1883, "loss": 5.04729700088501, "elapsed_time": 44.11954641342163, "prnt": false}
{"event": "training_step", "timestamp": 1769149443.3713768, "step": 1541, "max_steps": 1883, "loss": 4.958719730377197, "elapsed_time": 44.14531970024109, "prnt": false}
{"event": "training_step", "timestamp": 1769149443.397413, "step": 1542, "max_steps": 1883, "loss": 4.882511615753174, "elapsed_time": 44.1714289188385, "prnt": false}
{"event": "training_step", "timestamp": 1769149443.4232478, "step": 1543, "max_steps": 1883, "loss": 4.937520980834961, "elapsed_time": 44.197232723236084, "prnt": false}
{"event": "training_step", "timestamp": 1769149443.4490929, "step": 1544, "max_steps": 1883, "loss": 4.952866554260254, "elapsed_time": 44.223174810409546, "prnt": false}
{"event": "training_step", "timestamp": 1769149443.4749675, "step": 1545, "max_steps": 1883, "loss": 4.926846504211426, "elapsed_time": 44.248953104019165, "prnt": false}
{"event": "training_step", "timestamp": 1769149443.5009267, "step": 1546, "max_steps": 1883, "loss": 5.0175347328186035, "elapsed_time": 44.275030851364136, "prnt": false}
{"event": "training_step", "timestamp": 1769149443.5271592, "step": 1547, "max_steps": 1883, "loss": 4.929659366607666, "elapsed_time": 44.30308651924133, "prnt": false}
{"event": "training_step", "timestamp": 1769149443.5529733, "step": 1548, "max_steps": 1883, "loss": 4.972681999206543, "elapsed_time": 44.3270046710968, "prnt": false}
{"event": "training_step", "timestamp": 1769149443.5788276, "step": 1549, "max_steps": 1883, "loss": 4.997465133666992, "elapsed_time": 44.35279059410095, "prnt": false}
{"event": "training_step", "timestamp": 1769149443.6048083, "step": 1550, "max_steps": 1883, "loss": 5.034316062927246, "elapsed_time": 44.37880182266235, "prnt": false}
{"event": "training_step", "timestamp": 1769149443.630635, "step": 1551, "max_steps": 1883, "loss": 4.878810882568359, "elapsed_time": 44.40463709831238, "prnt": false}
{"event": "training_step", "timestamp": 1769149443.6565232, "step": 1552, "max_steps": 1883, "loss": 4.957766056060791, "elapsed_time": 44.43046498298645, "prnt": false}
{"event": "training_step", "timestamp": 1769149443.6823232, "step": 1553, "max_steps": 1883, "loss": 4.980443000793457, "elapsed_time": 44.45634055137634, "prnt": false}
{"event": "training_step", "timestamp": 1769149443.708309, "step": 1554, "max_steps": 1883, "loss": 5.1059489250183105, "elapsed_time": 44.48238778114319, "prnt": false}
{"event": "training_step", "timestamp": 1769149443.7342212, "step": 1555, "max_steps": 1883, "loss": 5.005514621734619, "elapsed_time": 44.50834250450134, "prnt": false}
{"event": "training_step", "timestamp": 1769149443.7601004, "step": 1556, "max_steps": 1883, "loss": 5.091814041137695, "elapsed_time": 44.53417110443115, "prnt": false}
{"event": "training_step", "timestamp": 1769149443.7859218, "step": 1557, "max_steps": 1883, "loss": 4.9282684326171875, "elapsed_time": 44.559996128082275, "prnt": false}
{"event": "training_step", "timestamp": 1769149443.8118587, "step": 1558, "max_steps": 1883, "loss": 5.013221740722656, "elapsed_time": 44.585957527160645, "prnt": false}
{"event": "training_step", "timestamp": 1769149443.8377173, "step": 1559, "max_steps": 1883, "loss": 4.9207868576049805, "elapsed_time": 44.61194205284119, "prnt": false}
{"event": "training_step", "timestamp": 1769149443.8635657, "step": 1560, "max_steps": 1883, "loss": 4.935810089111328, "elapsed_time": 44.63770389556885, "prnt": false}
{"event": "training_step", "timestamp": 1769149443.8893757, "step": 1561, "max_steps": 1883, "loss": 4.976696014404297, "elapsed_time": 44.663379192352295, "prnt": false}
{"event": "training_step", "timestamp": 1769149443.915368, "step": 1562, "max_steps": 1883, "loss": 4.953768253326416, "elapsed_time": 44.68920564651489, "prnt": false}
{"event": "training_step", "timestamp": 1769149443.941207, "step": 1563, "max_steps": 1883, "loss": 5.013688087463379, "elapsed_time": 44.715142488479614, "prnt": false}
{"event": "training_step", "timestamp": 1769149443.967033, "step": 1564, "max_steps": 1883, "loss": 4.9900102615356445, "elapsed_time": 44.74102830886841, "prnt": false}
{"event": "training_step", "timestamp": 1769149443.9928594, "step": 1565, "max_steps": 1883, "loss": 5.008290767669678, "elapsed_time": 44.767037868499756, "prnt": false}
{"event": "training_step", "timestamp": 1769149444.018787, "step": 1566, "max_steps": 1883, "loss": 4.9262776374816895, "elapsed_time": 44.792983055114746, "prnt": false}
{"event": "training_step", "timestamp": 1769149444.044653, "step": 1567, "max_steps": 1883, "loss": 4.990598678588867, "elapsed_time": 44.8186469078064, "prnt": false}
{"event": "training_step", "timestamp": 1769149444.0704856, "step": 1568, "max_steps": 1883, "loss": 5.005171775817871, "elapsed_time": 44.84444236755371, "prnt": false}
{"event": "training_step", "timestamp": 1769149444.096363, "step": 1569, "max_steps": 1883, "loss": 5.019839763641357, "elapsed_time": 44.87030100822449, "prnt": false}
{"event": "training_step", "timestamp": 1769149444.1223204, "step": 1570, "max_steps": 1883, "loss": 4.952856540679932, "elapsed_time": 44.89649987220764, "prnt": false}
{"event": "training_step", "timestamp": 1769149444.1482255, "step": 1571, "max_steps": 1883, "loss": 4.859619140625, "elapsed_time": 44.92239809036255, "prnt": false}
{"event": "training_step", "timestamp": 1769149444.1741128, "step": 1572, "max_steps": 1883, "loss": 5.018833160400391, "elapsed_time": 44.94814610481262, "prnt": false}
{"event": "training_step", "timestamp": 1769149444.1999352, "step": 1573, "max_steps": 1883, "loss": 4.953714847564697, "elapsed_time": 44.97390580177307, "prnt": false}
{"event": "training_step", "timestamp": 1769149444.2258787, "step": 1574, "max_steps": 1883, "loss": 5.048252105712891, "elapsed_time": 44.999937534332275, "prnt": false}
{"event": "training_step", "timestamp": 1769149444.2517438, "step": 1575, "max_steps": 1883, "loss": 4.988076210021973, "elapsed_time": 45.02577567100525, "prnt": false}
{"event": "training_step", "timestamp": 1769149444.277576, "step": 1576, "max_steps": 1883, "loss": 4.995262145996094, "elapsed_time": 45.05155658721924, "prnt": false}
{"event": "training_step", "timestamp": 1769149444.3033917, "step": 1577, "max_steps": 1883, "loss": 4.913295745849609, "elapsed_time": 45.07738471031189, "prnt": false}
{"event": "training_step", "timestamp": 1769149444.3293269, "step": 1578, "max_steps": 1883, "loss": 5.009897708892822, "elapsed_time": 45.103307247161865, "prnt": false}
{"event": "training_step", "timestamp": 1769149444.3552065, "step": 1579, "max_steps": 1883, "loss": 4.978893280029297, "elapsed_time": 45.1291606426239, "prnt": false}
{"event": "training_step", "timestamp": 1769149444.3810403, "step": 1580, "max_steps": 1883, "loss": 4.971115589141846, "elapsed_time": 45.154963970184326, "prnt": false}
{"event": "training_step", "timestamp": 1769149444.40691, "step": 1581, "max_steps": 1883, "loss": 4.909256458282471, "elapsed_time": 45.18083667755127, "prnt": false}
{"event": "training_step", "timestamp": 1769149444.432834, "step": 1582, "max_steps": 1883, "loss": 4.957893371582031, "elapsed_time": 45.20679473876953, "prnt": false}
{"event": "training_step", "timestamp": 1769149444.458685, "step": 1583, "max_steps": 1883, "loss": 4.973937511444092, "elapsed_time": 45.23263478279114, "prnt": false}
{"event": "training_step", "timestamp": 1769149444.484541, "step": 1584, "max_steps": 1883, "loss": 5.034008026123047, "elapsed_time": 45.258469343185425, "prnt": false}
{"event": "training_step", "timestamp": 1769149444.510398, "step": 1585, "max_steps": 1883, "loss": 5.038930892944336, "elapsed_time": 45.284547090530396, "prnt": false}
{"event": "training_step", "timestamp": 1769149444.5364447, "step": 1586, "max_steps": 1883, "loss": 4.873128890991211, "elapsed_time": 45.31057095527649, "prnt": false}
{"event": "training_step", "timestamp": 1769149444.562301, "step": 1587, "max_steps": 1883, "loss": 4.977327346801758, "elapsed_time": 45.33628439903259, "prnt": false}
{"event": "training_step", "timestamp": 1769149444.5881379, "step": 1588, "max_steps": 1883, "loss": 4.9576239585876465, "elapsed_time": 45.36201810836792, "prnt": false}
{"event": "training_step", "timestamp": 1769149444.613962, "step": 1589, "max_steps": 1883, "loss": 5.0760321617126465, "elapsed_time": 45.38795614242554, "prnt": false}
{"event": "training_step", "timestamp": 1769149444.639912, "step": 1590, "max_steps": 1883, "loss": 4.822461128234863, "elapsed_time": 45.41406869888306, "prnt": false}
{"event": "training_step", "timestamp": 1769149444.6657643, "step": 1591, "max_steps": 1883, "loss": 4.937548637390137, "elapsed_time": 45.4397234916687, "prnt": false}
{"event": "training_step", "timestamp": 1769149444.6916103, "step": 1592, "max_steps": 1883, "loss": 5.081935405731201, "elapsed_time": 45.46563959121704, "prnt": false}
{"event": "training_step", "timestamp": 1769149444.7174478, "step": 1593, "max_steps": 1883, "loss": 5.05976676940918, "elapsed_time": 45.49147653579712, "prnt": false}
{"event": "training_step", "timestamp": 1769149444.7434614, "step": 1594, "max_steps": 1883, "loss": 4.95375919342041, "elapsed_time": 45.51744270324707, "prnt": false}
{"event": "training_step", "timestamp": 1769149444.7692685, "step": 1595, "max_steps": 1883, "loss": 5.061767101287842, "elapsed_time": 45.5432710647583, "prnt": false}
{"event": "training_step", "timestamp": 1769149444.7951455, "step": 1596, "max_steps": 1883, "loss": 5.027978897094727, "elapsed_time": 45.56899833679199, "prnt": false}
{"event": "training_step", "timestamp": 1769149444.8209465, "step": 1597, "max_steps": 1883, "loss": 4.885152816772461, "elapsed_time": 45.59494686126709, "prnt": false}
{"event": "training_step", "timestamp": 1769149444.8469186, "step": 1598, "max_steps": 1883, "loss": 5.047119617462158, "elapsed_time": 45.62076807022095, "prnt": false}
{"event": "training_step", "timestamp": 1769149444.8729622, "step": 1599, "max_steps": 1883, "loss": 4.913613796234131, "elapsed_time": 45.64748740196228, "prnt": false}
{"event": "training_step", "timestamp": 1769149444.8988814, "step": 1600, "max_steps": 1883, "loss": 4.9650139808654785, "elapsed_time": 45.67300510406494, "prnt": false}
{"event": "training_step", "timestamp": 1769149444.9247856, "step": 1601, "max_steps": 1883, "loss": 5.0490241050720215, "elapsed_time": 45.69884467124939, "prnt": false}
{"event": "training_step", "timestamp": 1769149444.9507785, "step": 1602, "max_steps": 1883, "loss": 5.052682876586914, "elapsed_time": 45.724711894989014, "prnt": false}
{"event": "validation_step", "timestamp": 1769149445.189772, "step": 1602, "max_steps": 1883, "loss": 1.2908753162111009, "elapsed_time": 45.724711894989014}
{"event": "training_step", "timestamp": 1769149445.2158837, "step": 1603, "max_steps": 1883, "loss": 4.8534255027771, "elapsed_time": 45.98977565765381, "prnt": false}
{"event": "training_step", "timestamp": 1769149445.2417583, "step": 1604, "max_steps": 1883, "loss": 5.022003173828125, "elapsed_time": 46.015684366226196, "prnt": false}
{"event": "training_step", "timestamp": 1769149445.2675858, "step": 1605, "max_steps": 1883, "loss": 4.971807956695557, "elapsed_time": 46.04154825210571, "prnt": false}
{"event": "training_step", "timestamp": 1769149445.2935176, "step": 1606, "max_steps": 1883, "loss": 4.906346321105957, "elapsed_time": 46.06748819351196, "prnt": false}
{"event": "training_step", "timestamp": 1769149445.319414, "step": 1607, "max_steps": 1883, "loss": 5.037478446960449, "elapsed_time": 46.09337496757507, "prnt": false}
{"event": "training_step", "timestamp": 1769149445.3452847, "step": 1608, "max_steps": 1883, "loss": 4.938479423522949, "elapsed_time": 46.11918306350708, "prnt": false}
{"event": "training_step", "timestamp": 1769149445.371125, "step": 1609, "max_steps": 1883, "loss": 4.989517688751221, "elapsed_time": 46.1450355052948, "prnt": false}
{"event": "training_step", "timestamp": 1769149445.3971033, "step": 1610, "max_steps": 1883, "loss": 5.024694442749023, "elapsed_time": 46.17115378379822, "prnt": false}
{"event": "training_step", "timestamp": 1769149445.422973, "step": 1611, "max_steps": 1883, "loss": 4.8161211013793945, "elapsed_time": 46.19693183898926, "prnt": false}
{"event": "training_step", "timestamp": 1769149445.4488406, "step": 1612, "max_steps": 1883, "loss": 5.006757736206055, "elapsed_time": 46.22285509109497, "prnt": false}
{"event": "training_step", "timestamp": 1769149445.4747052, "step": 1613, "max_steps": 1883, "loss": 4.969538688659668, "elapsed_time": 46.24865913391113, "prnt": false}
{"event": "training_step", "timestamp": 1769149445.5006406, "step": 1614, "max_steps": 1883, "loss": 4.854992389678955, "elapsed_time": 46.274574995040894, "prnt": false}
{"event": "training_step", "timestamp": 1769149445.5266988, "step": 1615, "max_steps": 1883, "loss": 4.9747700691223145, "elapsed_time": 46.300631523132324, "prnt": false}
{"event": "training_step", "timestamp": 1769149445.552564, "step": 1616, "max_steps": 1883, "loss": 4.895534515380859, "elapsed_time": 46.326520919799805, "prnt": false}
{"event": "training_step", "timestamp": 1769149445.578436, "step": 1617, "max_steps": 1883, "loss": 4.970483779907227, "elapsed_time": 46.35242414474487, "prnt": false}
{"event": "training_step", "timestamp": 1769149445.6043026, "step": 1618, "max_steps": 1883, "loss": 4.965479373931885, "elapsed_time": 46.37825131416321, "prnt": false}
{"event": "training_step", "timestamp": 1769149445.6302488, "step": 1619, "max_steps": 1883, "loss": 4.971436023712158, "elapsed_time": 46.404210567474365, "prnt": false}
{"event": "training_step", "timestamp": 1769149445.656185, "step": 1620, "max_steps": 1883, "loss": 4.970528602600098, "elapsed_time": 46.43006634712219, "prnt": false}
{"event": "training_step", "timestamp": 1769149445.6820085, "step": 1621, "max_steps": 1883, "loss": 4.9735612869262695, "elapsed_time": 46.456146240234375, "prnt": false}
{"event": "training_step", "timestamp": 1769149445.7078688, "step": 1622, "max_steps": 1883, "loss": 4.9536519050598145, "elapsed_time": 46.48182463645935, "prnt": false}
{"event": "training_step", "timestamp": 1769149445.733806, "step": 1623, "max_steps": 1883, "loss": 4.930294036865234, "elapsed_time": 46.50787043571472, "prnt": false}
{"event": "training_step", "timestamp": 1769149445.7596438, "step": 1624, "max_steps": 1883, "loss": 5.001536846160889, "elapsed_time": 46.53363394737244, "prnt": false}
{"event": "training_step", "timestamp": 1769149445.785462, "step": 1625, "max_steps": 1883, "loss": 4.973662853240967, "elapsed_time": 46.55941605567932, "prnt": false}
{"event": "training_step", "timestamp": 1769149445.8113403, "step": 1626, "max_steps": 1883, "loss": 4.918935775756836, "elapsed_time": 46.5852210521698, "prnt": false}
{"event": "training_step", "timestamp": 1769149445.8372478, "step": 1627, "max_steps": 1883, "loss": 4.915609836578369, "elapsed_time": 46.611303091049194, "prnt": false}
{"event": "training_step", "timestamp": 1769149445.8630724, "step": 1628, "max_steps": 1883, "loss": 4.934116840362549, "elapsed_time": 46.63707160949707, "prnt": false}
{"event": "training_step", "timestamp": 1769149445.8888853, "step": 1629, "max_steps": 1883, "loss": 4.915395736694336, "elapsed_time": 46.66287589073181, "prnt": false}
{"event": "training_step", "timestamp": 1769149445.9148283, "step": 1630, "max_steps": 1883, "loss": 4.920909404754639, "elapsed_time": 46.68872261047363, "prnt": false}
{"event": "training_step", "timestamp": 1769149445.9407718, "step": 1631, "max_steps": 1883, "loss": 4.960677146911621, "elapsed_time": 46.7147102355957, "prnt": false}
{"event": "training_step", "timestamp": 1769149445.9666076, "step": 1632, "max_steps": 1883, "loss": 4.959014415740967, "elapsed_time": 46.740453243255615, "prnt": false}
{"event": "training_step", "timestamp": 1769149445.9925115, "step": 1633, "max_steps": 1883, "loss": 4.9707770347595215, "elapsed_time": 46.76645112037659, "prnt": false}
{"event": "training_step", "timestamp": 1769149446.0184178, "step": 1634, "max_steps": 1883, "loss": 4.927416801452637, "elapsed_time": 46.792349100112915, "prnt": false}
{"event": "training_step", "timestamp": 1769149446.044367, "step": 1635, "max_steps": 1883, "loss": 5.064534664154053, "elapsed_time": 46.81842875480652, "prnt": false}
{"event": "training_step", "timestamp": 1769149446.0701997, "step": 1636, "max_steps": 1883, "loss": 5.034249305725098, "elapsed_time": 46.84418201446533, "prnt": false}
{"event": "training_step", "timestamp": 1769149446.0960941, "step": 1637, "max_steps": 1883, "loss": 5.059542655944824, "elapsed_time": 46.8699905872345, "prnt": false}
{"event": "training_step", "timestamp": 1769149446.1219525, "step": 1638, "max_steps": 1883, "loss": 4.995424747467041, "elapsed_time": 46.895867109298706, "prnt": false}
{"event": "training_step", "timestamp": 1769149446.147921, "step": 1639, "max_steps": 1883, "loss": 5.029207706451416, "elapsed_time": 46.92200684547424, "prnt": false}
{"event": "training_step", "timestamp": 1769149446.1737933, "step": 1640, "max_steps": 1883, "loss": 5.028626441955566, "elapsed_time": 46.94776749610901, "prnt": false}
{"event": "training_step", "timestamp": 1769149446.1996577, "step": 1641, "max_steps": 1883, "loss": 4.930376052856445, "elapsed_time": 46.97363615036011, "prnt": false}
{"event": "training_step", "timestamp": 1769149446.225533, "step": 1642, "max_steps": 1883, "loss": 4.986255168914795, "elapsed_time": 46.9994797706604, "prnt": false}
{"event": "training_step", "timestamp": 1769149446.25146, "step": 1643, "max_steps": 1883, "loss": 4.976233959197998, "elapsed_time": 47.02543091773987, "prnt": false}
{"event": "training_step", "timestamp": 1769149446.277292, "step": 1644, "max_steps": 1883, "loss": 5.019205570220947, "elapsed_time": 47.0512797832489, "prnt": false}
{"event": "training_step", "timestamp": 1769149446.3031268, "step": 1645, "max_steps": 1883, "loss": 4.946167945861816, "elapsed_time": 47.077112674713135, "prnt": false}
{"event": "training_step", "timestamp": 1769149446.3289888, "step": 1646, "max_steps": 1883, "loss": 5.101458549499512, "elapsed_time": 47.10297513008118, "prnt": false}
{"event": "training_step", "timestamp": 1769149446.3550363, "step": 1647, "max_steps": 1883, "loss": 4.94296407699585, "elapsed_time": 47.12895178794861, "prnt": false}
{"event": "training_step", "timestamp": 1769149446.3808825, "step": 1648, "max_steps": 1883, "loss": 4.8270263671875, "elapsed_time": 47.15486550331116, "prnt": false}
{"event": "training_step", "timestamp": 1769149446.4067216, "step": 1649, "max_steps": 1883, "loss": 4.9358673095703125, "elapsed_time": 47.180686235427856, "prnt": false}
{"event": "training_step", "timestamp": 1769149446.4325666, "step": 1650, "max_steps": 1883, "loss": 4.937730312347412, "elapsed_time": 47.20651888847351, "prnt": false}
{"event": "training_step", "timestamp": 1769149446.4584925, "step": 1651, "max_steps": 1883, "loss": 5.047403812408447, "elapsed_time": 47.2325074672699, "prnt": false}
{"event": "training_step", "timestamp": 1769149446.4843466, "step": 1652, "max_steps": 1883, "loss": 4.887106895446777, "elapsed_time": 47.258273124694824, "prnt": false}
{"event": "training_step", "timestamp": 1769149446.5101304, "step": 1653, "max_steps": 1883, "loss": 4.9453935623168945, "elapsed_time": 47.284122943878174, "prnt": false}
{"event": "training_step", "timestamp": 1769149446.5361216, "step": 1654, "max_steps": 1883, "loss": 4.998708724975586, "elapsed_time": 47.31001830101013, "prnt": false}
{"event": "training_step", "timestamp": 1769149446.5620508, "step": 1655, "max_steps": 1883, "loss": 4.984946250915527, "elapsed_time": 47.3360710144043, "prnt": false}
{"event": "training_step", "timestamp": 1769149446.5879095, "step": 1656, "max_steps": 1883, "loss": 4.919970989227295, "elapsed_time": 47.36185956001282, "prnt": false}
{"event": "training_step", "timestamp": 1769149446.6137707, "step": 1657, "max_steps": 1883, "loss": 4.933767795562744, "elapsed_time": 47.387564182281494, "prnt": false}
{"event": "training_step", "timestamp": 1769149446.6396496, "step": 1658, "max_steps": 1883, "loss": 4.874777793884277, "elapsed_time": 47.413578510284424, "prnt": false}
{"event": "training_step", "timestamp": 1769149446.665605, "step": 1659, "max_steps": 1883, "loss": 4.963676452636719, "elapsed_time": 47.439589500427246, "prnt": false}
{"event": "training_step", "timestamp": 1769149446.6914716, "step": 1660, "max_steps": 1883, "loss": 4.937022686004639, "elapsed_time": 47.465407371520996, "prnt": false}
{"event": "training_step", "timestamp": 1769149446.7173119, "step": 1661, "max_steps": 1883, "loss": 4.945161819458008, "elapsed_time": 47.49128007888794, "prnt": false}
{"event": "training_step", "timestamp": 1769149446.7432644, "step": 1662, "max_steps": 1883, "loss": 4.940533638000488, "elapsed_time": 47.51718068122864, "prnt": false}
{"event": "training_step", "timestamp": 1769149446.7692387, "step": 1663, "max_steps": 1883, "loss": 4.955987453460693, "elapsed_time": 47.54327130317688, "prnt": false}
{"event": "training_step", "timestamp": 1769149446.7950928, "step": 1664, "max_steps": 1883, "loss": 4.935258388519287, "elapsed_time": 47.56897306442261, "prnt": false}
{"event": "training_step", "timestamp": 1769149446.8209145, "step": 1665, "max_steps": 1883, "loss": 4.864494800567627, "elapsed_time": 47.59491944313049, "prnt": false}
{"event": "training_step", "timestamp": 1769149446.8467462, "step": 1666, "max_steps": 1883, "loss": 5.044552803039551, "elapsed_time": 47.62072825431824, "prnt": false}
{"event": "training_step", "timestamp": 1769149446.872671, "step": 1667, "max_steps": 1883, "loss": 4.999089241027832, "elapsed_time": 47.64662718772888, "prnt": false}
{"event": "training_step", "timestamp": 1769149446.8985932, "step": 1668, "max_steps": 1883, "loss": 4.995312690734863, "elapsed_time": 47.673028230667114, "prnt": false}
{"event": "training_step", "timestamp": 1769149446.924464, "step": 1669, "max_steps": 1883, "loss": 4.961265563964844, "elapsed_time": 47.69848895072937, "prnt": false}
{"event": "training_step", "timestamp": 1769149446.950424, "step": 1670, "max_steps": 1883, "loss": 4.903854846954346, "elapsed_time": 47.72464346885681, "prnt": false}
{"event": "training_step", "timestamp": 1769149446.9764657, "step": 1671, "max_steps": 1883, "loss": 4.902758598327637, "elapsed_time": 47.75044012069702, "prnt": false}
{"event": "training_step", "timestamp": 1769149447.002334, "step": 1672, "max_steps": 1883, "loss": 5.082116603851318, "elapsed_time": 47.77634119987488, "prnt": false}
{"event": "training_step", "timestamp": 1769149447.0282018, "step": 1673, "max_steps": 1883, "loss": 4.864346981048584, "elapsed_time": 47.802096366882324, "prnt": false}
{"event": "training_step", "timestamp": 1769149447.0540996, "step": 1674, "max_steps": 1883, "loss": 4.939887523651123, "elapsed_time": 47.828102827072144, "prnt": false}
{"event": "training_step", "timestamp": 1769149447.0800583, "step": 1675, "max_steps": 1883, "loss": 4.986713886260986, "elapsed_time": 47.85402250289917, "prnt": false}
{"event": "training_step", "timestamp": 1769149447.1058717, "step": 1676, "max_steps": 1883, "loss": 4.799709320068359, "elapsed_time": 47.87986373901367, "prnt": false}
{"event": "training_step", "timestamp": 1769149447.1317012, "step": 1677, "max_steps": 1883, "loss": 4.988040924072266, "elapsed_time": 47.9057400226593, "prnt": false}
{"event": "training_step", "timestamp": 1769149447.1575642, "step": 1678, "max_steps": 1883, "loss": 5.020434379577637, "elapsed_time": 47.93160390853882, "prnt": false}
{"event": "training_step", "timestamp": 1769149447.1835604, "step": 1679, "max_steps": 1883, "loss": 4.954568862915039, "elapsed_time": 47.9575469493866, "prnt": false}
{"event": "training_step", "timestamp": 1769149447.2094474, "step": 1680, "max_steps": 1883, "loss": 4.960743427276611, "elapsed_time": 47.98339915275574, "prnt": false}
{"event": "training_step", "timestamp": 1769149447.235389, "step": 1681, "max_steps": 1883, "loss": 4.967434406280518, "elapsed_time": 48.00927805900574, "prnt": false}
{"event": "training_step", "timestamp": 1769149447.2612457, "step": 1682, "max_steps": 1883, "loss": 4.910020351409912, "elapsed_time": 48.03516697883606, "prnt": false}
{"event": "training_step", "timestamp": 1769149447.2871578, "step": 1683, "max_steps": 1883, "loss": 5.015118598937988, "elapsed_time": 48.06112813949585, "prnt": false}
{"event": "training_step", "timestamp": 1769149447.3130395, "step": 1684, "max_steps": 1883, "loss": 4.925907135009766, "elapsed_time": 48.086946964263916, "prnt": false}
{"event": "training_step", "timestamp": 1769149447.3388946, "step": 1685, "max_steps": 1883, "loss": 5.023319244384766, "elapsed_time": 48.112873554229736, "prnt": false}
{"event": "training_step", "timestamp": 1769149447.3647768, "step": 1686, "max_steps": 1883, "loss": 4.998531341552734, "elapsed_time": 48.138858795166016, "prnt": false}
{"event": "training_step", "timestamp": 1769149447.390724, "step": 1687, "max_steps": 1883, "loss": 4.949057579040527, "elapsed_time": 48.16472339630127, "prnt": false}
{"event": "training_step", "timestamp": 1769149447.4166243, "step": 1688, "max_steps": 1883, "loss": 4.909428596496582, "elapsed_time": 48.19044256210327, "prnt": false}
{"event": "training_step", "timestamp": 1769149447.442465, "step": 1689, "max_steps": 1883, "loss": 4.932450294494629, "elapsed_time": 48.21651077270508, "prnt": false}
{"event": "training_step", "timestamp": 1769149447.4683533, "step": 1690, "max_steps": 1883, "loss": 4.960338592529297, "elapsed_time": 48.24231481552124, "prnt": false}
{"event": "training_step", "timestamp": 1769149447.494357, "step": 1691, "max_steps": 1883, "loss": 5.00514554977417, "elapsed_time": 48.268237352371216, "prnt": false}
{"event": "validation_step", "timestamp": 1769149447.7327552, "step": 1691, "max_steps": 1883, "loss": 1.2902230465923026, "elapsed_time": 48.268237352371216}
{"event": "training_step", "timestamp": 1769149447.7588186, "step": 1692, "max_steps": 1883, "loss": 4.956257343292236, "elapsed_time": 48.532814025878906, "prnt": false}
{"event": "training_step", "timestamp": 1769149447.7846692, "step": 1693, "max_steps": 1883, "loss": 4.94966983795166, "elapsed_time": 48.55864906311035, "prnt": false}
{"event": "training_step", "timestamp": 1769149447.8105896, "step": 1694, "max_steps": 1883, "loss": 4.949110507965088, "elapsed_time": 48.58448243141174, "prnt": false}
{"event": "training_step", "timestamp": 1769149447.8365865, "step": 1695, "max_steps": 1883, "loss": 4.953617572784424, "elapsed_time": 48.61050248146057, "prnt": false}
{"event": "training_step", "timestamp": 1769149447.8624568, "step": 1696, "max_steps": 1883, "loss": 5.0057172775268555, "elapsed_time": 48.636428356170654, "prnt": false}
{"event": "training_step", "timestamp": 1769149447.8883338, "step": 1697, "max_steps": 1883, "loss": 4.943098545074463, "elapsed_time": 48.66225981712341, "prnt": false}
{"event": "training_step", "timestamp": 1769149447.9142754, "step": 1698, "max_steps": 1883, "loss": 5.031084060668945, "elapsed_time": 48.688116788864136, "prnt": false}
{"event": "training_step", "timestamp": 1769149447.940234, "step": 1699, "max_steps": 1883, "loss": 5.036899566650391, "elapsed_time": 48.71432089805603, "prnt": false}
{"event": "training_step", "timestamp": 1769149447.9660923, "step": 1700, "max_steps": 1883, "loss": 4.891218185424805, "elapsed_time": 48.74009037017822, "prnt": false}
{"event": "training_step", "timestamp": 1769149447.992015, "step": 1701, "max_steps": 1883, "loss": 4.88729190826416, "elapsed_time": 48.766088008880615, "prnt": false}
{"event": "training_step", "timestamp": 1769149448.0179262, "step": 1702, "max_steps": 1883, "loss": 4.936218738555908, "elapsed_time": 48.791924476623535, "prnt": false}
{"event": "training_step", "timestamp": 1769149448.0438948, "step": 1703, "max_steps": 1883, "loss": 5.004966735839844, "elapsed_time": 48.81810235977173, "prnt": false}
{"event": "training_step", "timestamp": 1769149448.0697694, "step": 1704, "max_steps": 1883, "loss": 4.9636640548706055, "elapsed_time": 48.843727588653564, "prnt": false}
{"event": "training_step", "timestamp": 1769149448.0956461, "step": 1705, "max_steps": 1883, "loss": 4.9763712882995605, "elapsed_time": 48.869574785232544, "prnt": false}
{"event": "training_step", "timestamp": 1769149448.1215427, "step": 1706, "max_steps": 1883, "loss": 4.944295883178711, "elapsed_time": 48.89543795585632, "prnt": false}
{"event": "training_step", "timestamp": 1769149448.1474726, "step": 1707, "max_steps": 1883, "loss": 4.92901086807251, "elapsed_time": 48.92148947715759, "prnt": false}
{"event": "training_step", "timestamp": 1769149448.173423, "step": 1708, "max_steps": 1883, "loss": 4.916645526885986, "elapsed_time": 48.94735407829285, "prnt": false}
{"event": "training_step", "timestamp": 1769149448.1992862, "step": 1709, "max_steps": 1883, "loss": 4.91342306137085, "elapsed_time": 48.973345041275024, "prnt": false}
{"event": "training_step", "timestamp": 1769149448.2251775, "step": 1710, "max_steps": 1883, "loss": 4.997869491577148, "elapsed_time": 48.99909257888794, "prnt": false}
{"event": "training_step", "timestamp": 1769149448.2511187, "step": 1711, "max_steps": 1883, "loss": 4.967637062072754, "elapsed_time": 49.025115728378296, "prnt": false}
{"event": "training_step", "timestamp": 1769149448.2769756, "step": 1712, "max_steps": 1883, "loss": 4.9489641189575195, "elapsed_time": 49.05092000961304, "prnt": false}
{"event": "training_step", "timestamp": 1769149448.3028111, "step": 1713, "max_steps": 1883, "loss": 4.920017719268799, "elapsed_time": 49.076778173446655, "prnt": false}
{"event": "training_step", "timestamp": 1769149448.3286982, "step": 1714, "max_steps": 1883, "loss": 4.867767333984375, "elapsed_time": 49.102614641189575, "prnt": false}
{"event": "training_step", "timestamp": 1769149448.354739, "step": 1715, "max_steps": 1883, "loss": 4.8155741691589355, "elapsed_time": 49.128692865371704, "prnt": false}
{"event": "training_step", "timestamp": 1769149448.3805773, "step": 1716, "max_steps": 1883, "loss": 4.985775947570801, "elapsed_time": 49.15456247329712, "prnt": false}
{"event": "training_step", "timestamp": 1769149448.406445, "step": 1717, "max_steps": 1883, "loss": 4.9836506843566895, "elapsed_time": 49.18047857284546, "prnt": false}
{"event": "training_step", "timestamp": 1769149448.4323604, "step": 1718, "max_steps": 1883, "loss": 4.9122514724731445, "elapsed_time": 49.20625042915344, "prnt": false}
{"event": "training_step", "timestamp": 1769149448.458309, "step": 1719, "max_steps": 1883, "loss": 4.885622978210449, "elapsed_time": 49.232285022735596, "prnt": false}
{"event": "training_step", "timestamp": 1769149448.484156, "step": 1720, "max_steps": 1883, "loss": 4.9941182136535645, "elapsed_time": 49.25815272331238, "prnt": false}
{"event": "training_step", "timestamp": 1769149448.5099897, "step": 1721, "max_steps": 1883, "loss": 4.976973533630371, "elapsed_time": 49.28394412994385, "prnt": false}
{"event": "training_step", "timestamp": 1769149448.5358827, "step": 1722, "max_steps": 1883, "loss": 4.972182273864746, "elapsed_time": 49.309814453125, "prnt": false}
{"event": "training_step", "timestamp": 1769149448.5618157, "step": 1723, "max_steps": 1883, "loss": 4.877957344055176, "elapsed_time": 49.33590626716614, "prnt": false}
{"event": "training_step", "timestamp": 1769149448.587688, "step": 1724, "max_steps": 1883, "loss": 4.909006595611572, "elapsed_time": 49.36155986785889, "prnt": false}
{"event": "training_step", "timestamp": 1769149448.6135726, "step": 1725, "max_steps": 1883, "loss": 4.935713291168213, "elapsed_time": 49.3874933719635, "prnt": false}
{"event": "training_step", "timestamp": 1769149448.6394742, "step": 1726, "max_steps": 1883, "loss": 4.996762275695801, "elapsed_time": 49.41340637207031, "prnt": false}
{"event": "training_step", "timestamp": 1769149448.665433, "step": 1727, "max_steps": 1883, "loss": 4.9505486488342285, "elapsed_time": 49.43943905830383, "prnt": false}
{"event": "training_step", "timestamp": 1769149448.6913116, "step": 1728, "max_steps": 1883, "loss": 5.002196311950684, "elapsed_time": 49.46526288986206, "prnt": false}
{"event": "training_step", "timestamp": 1769149448.7171528, "step": 1729, "max_steps": 1883, "loss": 4.989229679107666, "elapsed_time": 49.49113726615906, "prnt": false}
{"event": "training_step", "timestamp": 1769149448.743044, "step": 1730, "max_steps": 1883, "loss": 4.970032691955566, "elapsed_time": 49.516958713531494, "prnt": false}
{"event": "training_step", "timestamp": 1769149448.768982, "step": 1731, "max_steps": 1883, "loss": 4.94420051574707, "elapsed_time": 49.543020486831665, "prnt": false}
{"event": "training_step", "timestamp": 1769149448.7949781, "step": 1732, "max_steps": 1883, "loss": 4.923964023590088, "elapsed_time": 49.568824768066406, "prnt": false}
{"event": "training_step", "timestamp": 1769149448.8210073, "step": 1733, "max_steps": 1883, "loss": 4.934205055236816, "elapsed_time": 49.59477782249451, "prnt": false}
{"event": "training_step", "timestamp": 1769149448.8469107, "step": 1734, "max_steps": 1883, "loss": 4.898500919342041, "elapsed_time": 49.62081170082092, "prnt": false}
{"event": "training_step", "timestamp": 1769149448.8728652, "step": 1735, "max_steps": 1883, "loss": 4.981499671936035, "elapsed_time": 49.64687919616699, "prnt": false}
{"event": "training_step", "timestamp": 1769149448.8987753, "step": 1736, "max_steps": 1883, "loss": 4.96731424331665, "elapsed_time": 49.67259740829468, "prnt": false}
{"event": "training_step", "timestamp": 1769149448.924659, "step": 1737, "max_steps": 1883, "loss": 5.016482830047607, "elapsed_time": 49.69875121116638, "prnt": false}
{"event": "training_step", "timestamp": 1769149448.9505675, "step": 1738, "max_steps": 1883, "loss": 4.903868675231934, "elapsed_time": 49.72456645965576, "prnt": false}
{"event": "training_step", "timestamp": 1769149448.9765344, "step": 1739, "max_steps": 1883, "loss": 4.941735744476318, "elapsed_time": 49.7505087852478, "prnt": false}
{"event": "training_step", "timestamp": 1769149449.0024447, "step": 1740, "max_steps": 1883, "loss": 4.976649761199951, "elapsed_time": 49.77634334564209, "prnt": false}
{"event": "training_step", "timestamp": 1769149449.028327, "step": 1741, "max_steps": 1883, "loss": 4.886971950531006, "elapsed_time": 49.802306175231934, "prnt": false}
{"event": "training_step", "timestamp": 1769149449.0543091, "step": 1742, "max_steps": 1883, "loss": 4.924509525299072, "elapsed_time": 49.82817888259888, "prnt": false}
{"event": "training_step", "timestamp": 1769149449.0802934, "step": 1743, "max_steps": 1883, "loss": 4.974267482757568, "elapsed_time": 49.85432457923889, "prnt": false}
{"event": "training_step", "timestamp": 1769149449.106122, "step": 1744, "max_steps": 1883, "loss": 4.920496463775635, "elapsed_time": 49.88012099266052, "prnt": false}
{"event": "training_step", "timestamp": 1769149449.1319838, "step": 1745, "max_steps": 1883, "loss": 4.955999374389648, "elapsed_time": 49.90591502189636, "prnt": false}
{"event": "training_step", "timestamp": 1769149449.157884, "step": 1746, "max_steps": 1883, "loss": 4.93518590927124, "elapsed_time": 49.93179106712341, "prnt": false}
{"event": "training_step", "timestamp": 1769149449.1838295, "step": 1747, "max_steps": 1883, "loss": 4.9722747802734375, "elapsed_time": 49.957807302474976, "prnt": false}
{"event": "training_step", "timestamp": 1769149449.2097497, "step": 1748, "max_steps": 1883, "loss": 4.867807865142822, "elapsed_time": 49.98359513282776, "prnt": false}
{"event": "training_step", "timestamp": 1769149449.235643, "step": 1749, "max_steps": 1883, "loss": 4.944472312927246, "elapsed_time": 50.00960826873779, "prnt": false}
{"event": "training_step", "timestamp": 1769149449.2615454, "step": 1750, "max_steps": 1883, "loss": 4.931366443634033, "elapsed_time": 50.035478353500366, "prnt": false}
{"event": "training_step", "timestamp": 1769149449.2874503, "step": 1751, "max_steps": 1883, "loss": 4.882083892822266, "elapsed_time": 50.061402559280396, "prnt": false}
{"event": "training_step", "timestamp": 1769149449.3133705, "step": 1752, "max_steps": 1883, "loss": 4.917165279388428, "elapsed_time": 50.087244510650635, "prnt": false}
{"event": "training_step", "timestamp": 1769149449.3392346, "step": 1753, "max_steps": 1883, "loss": 4.919731140136719, "elapsed_time": 50.11320781707764, "prnt": false}
{"event": "training_step", "timestamp": 1769149449.365083, "step": 1754, "max_steps": 1883, "loss": 4.9592790603637695, "elapsed_time": 50.13909864425659, "prnt": false}
{"event": "training_step", "timestamp": 1769149449.390996, "step": 1755, "max_steps": 1883, "loss": 5.015224456787109, "elapsed_time": 50.16498684883118, "prnt": false}
{"event": "training_step", "timestamp": 1769149449.4169092, "step": 1756, "max_steps": 1883, "loss": 4.958632946014404, "elapsed_time": 50.19084405899048, "prnt": false}
{"event": "training_step", "timestamp": 1769149449.4427638, "step": 1757, "max_steps": 1883, "loss": 4.88064432144165, "elapsed_time": 50.21675395965576, "prnt": false}
{"event": "training_step", "timestamp": 1769149449.4686403, "step": 1758, "max_steps": 1883, "loss": 4.966335296630859, "elapsed_time": 50.242493867874146, "prnt": false}
{"event": "training_step", "timestamp": 1769149449.4947233, "step": 1759, "max_steps": 1883, "loss": 4.8918609619140625, "elapsed_time": 50.268547773361206, "prnt": false}
{"event": "training_step", "timestamp": 1769149449.5205946, "step": 1760, "max_steps": 1883, "loss": 4.939271926879883, "elapsed_time": 50.294535636901855, "prnt": false}
{"event": "training_step", "timestamp": 1769149449.5464342, "step": 1761, "max_steps": 1883, "loss": 4.95484733581543, "elapsed_time": 50.320414781570435, "prnt": false}
{"event": "training_step", "timestamp": 1769149449.5723174, "step": 1762, "max_steps": 1883, "loss": 5.0697174072265625, "elapsed_time": 50.34623193740845, "prnt": false}
{"event": "training_step", "timestamp": 1769149449.598262, "step": 1763, "max_steps": 1883, "loss": 4.945697784423828, "elapsed_time": 50.37229061126709, "prnt": false}
{"event": "training_step", "timestamp": 1769149449.6241527, "step": 1764, "max_steps": 1883, "loss": 4.944826602935791, "elapsed_time": 50.398115396499634, "prnt": false}
{"event": "training_step", "timestamp": 1769149449.649982, "step": 1765, "max_steps": 1883, "loss": 4.908604145050049, "elapsed_time": 50.4239706993103, "prnt": false}
{"event": "training_step", "timestamp": 1769149449.675923, "step": 1766, "max_steps": 1883, "loss": 4.96922492980957, "elapsed_time": 50.44979953765869, "prnt": false}
{"event": "training_step", "timestamp": 1769149449.7018535, "step": 1767, "max_steps": 1883, "loss": 4.871140480041504, "elapsed_time": 50.47584342956543, "prnt": false}
{"event": "training_step", "timestamp": 1769149449.7277477, "step": 1768, "max_steps": 1883, "loss": 4.8585028648376465, "elapsed_time": 50.50176787376404, "prnt": false}
{"event": "training_step", "timestamp": 1769149449.7536867, "step": 1769, "max_steps": 1883, "loss": 4.935271263122559, "elapsed_time": 50.527554988861084, "prnt": false}
{"event": "training_step", "timestamp": 1769149449.7795634, "step": 1770, "max_steps": 1883, "loss": 4.951665878295898, "elapsed_time": 50.55343151092529, "prnt": false}
{"event": "training_step", "timestamp": 1769149449.8055327, "step": 1771, "max_steps": 1883, "loss": 5.033107280731201, "elapsed_time": 50.579492807388306, "prnt": false}
{"event": "training_step", "timestamp": 1769149449.8314717, "step": 1772, "max_steps": 1883, "loss": 4.99228048324585, "elapsed_time": 50.605616092681885, "prnt": false}
{"event": "training_step", "timestamp": 1769149449.8573294, "step": 1773, "max_steps": 1883, "loss": 5.006579875946045, "elapsed_time": 50.631309509277344, "prnt": false}
{"event": "training_step", "timestamp": 1769149449.8832347, "step": 1774, "max_steps": 1883, "loss": 4.910586357116699, "elapsed_time": 50.65717697143555, "prnt": false}
{"event": "training_step", "timestamp": 1769149449.909165, "step": 1775, "max_steps": 1883, "loss": 4.9754815101623535, "elapsed_time": 50.68327045440674, "prnt": false}
{"event": "training_step", "timestamp": 1769149449.9350908, "step": 1776, "max_steps": 1883, "loss": 4.8831048011779785, "elapsed_time": 50.709105253219604, "prnt": false}
{"event": "training_step", "timestamp": 1769149449.961032, "step": 1777, "max_steps": 1883, "loss": 4.831358432769775, "elapsed_time": 50.73507571220398, "prnt": false}
{"event": "training_step", "timestamp": 1769149449.9869409, "step": 1778, "max_steps": 1883, "loss": 4.914137363433838, "elapsed_time": 50.760982036590576, "prnt": false}
{"event": "training_step", "timestamp": 1769149450.012981, "step": 1779, "max_steps": 1883, "loss": 4.9173688888549805, "elapsed_time": 50.786903381347656, "prnt": false}
{"event": "training_step", "timestamp": 1769149450.0388768, "step": 1780, "max_steps": 1883, "loss": 4.915430068969727, "elapsed_time": 50.812716245651245, "prnt": false}
{"event": "validation_step", "timestamp": 1769149450.2780218, "step": 1780, "max_steps": 1883, "loss": 1.2901271271743981, "elapsed_time": 50.812716245651245}
{"event": "training_step", "timestamp": 1769149450.3041117, "step": 1781, "max_steps": 1883, "loss": 4.869083881378174, "elapsed_time": 51.077974796295166, "prnt": false}
{"event": "training_step", "timestamp": 1769149450.330025, "step": 1782, "max_steps": 1883, "loss": 4.99802303314209, "elapsed_time": 51.10391449928284, "prnt": false}
{"event": "training_step", "timestamp": 1769149450.3559747, "step": 1783, "max_steps": 1883, "loss": 4.875120162963867, "elapsed_time": 51.12989616394043, "prnt": false}
{"event": "training_step", "timestamp": 1769149450.381843, "step": 1784, "max_steps": 1883, "loss": 4.91103982925415, "elapsed_time": 51.15579867362976, "prnt": false}
{"event": "training_step", "timestamp": 1769149450.40775, "step": 1785, "max_steps": 1883, "loss": 4.895971298217773, "elapsed_time": 51.181795597076416, "prnt": false}
{"event": "training_step", "timestamp": 1769149450.4337485, "step": 1786, "max_steps": 1883, "loss": 5.052149772644043, "elapsed_time": 51.20770525932312, "prnt": false}
{"event": "training_step", "timestamp": 1769149450.4597318, "step": 1787, "max_steps": 1883, "loss": 4.9491987228393555, "elapsed_time": 51.23370313644409, "prnt": false}
{"event": "training_step", "timestamp": 1769149450.485576, "step": 1788, "max_steps": 1883, "loss": 4.8786773681640625, "elapsed_time": 51.259562730789185, "prnt": false}
{"event": "training_step", "timestamp": 1769149450.511457, "step": 1789, "max_steps": 1883, "loss": 4.874823570251465, "elapsed_time": 51.285369873046875, "prnt": false}
{"event": "training_step", "timestamp": 1769149450.537404, "step": 1790, "max_steps": 1883, "loss": 4.986265659332275, "elapsed_time": 51.311326026916504, "prnt": false}
{"event": "training_step", "timestamp": 1769149450.5633662, "step": 1791, "max_steps": 1883, "loss": 4.955883502960205, "elapsed_time": 51.33732008934021, "prnt": false}
{"event": "training_step", "timestamp": 1769149450.5892162, "step": 1792, "max_steps": 1883, "loss": 4.781015872955322, "elapsed_time": 51.36331391334534, "prnt": false}
{"event": "training_step", "timestamp": 1769149450.6152, "step": 1793, "max_steps": 1883, "loss": 4.935297966003418, "elapsed_time": 51.389158487319946, "prnt": false}
{"event": "training_step", "timestamp": 1769149450.6411085, "step": 1794, "max_steps": 1883, "loss": 4.9608659744262695, "elapsed_time": 51.415029764175415, "prnt": false}
{"event": "training_step", "timestamp": 1769149450.6670482, "step": 1795, "max_steps": 1883, "loss": 4.960604667663574, "elapsed_time": 51.441038608551025, "prnt": false}
{"event": "training_step", "timestamp": 1769149450.6929824, "step": 1796, "max_steps": 1883, "loss": 4.8898138999938965, "elapsed_time": 51.46694207191467, "prnt": false}
{"event": "training_step", "timestamp": 1769149450.7188308, "step": 1797, "max_steps": 1883, "loss": 4.945420265197754, "elapsed_time": 51.492682218551636, "prnt": false}
{"event": "training_step", "timestamp": 1769149450.7447126, "step": 1798, "max_steps": 1883, "loss": 5.099013805389404, "elapsed_time": 51.518669843673706, "prnt": false}
{"event": "training_step", "timestamp": 1769149450.7706478, "step": 1799, "max_steps": 1883, "loss": 4.987486839294434, "elapsed_time": 51.54459619522095, "prnt": false}
{"event": "training_step", "timestamp": 1769149450.7965753, "step": 1800, "max_steps": 1883, "loss": 4.85019588470459, "elapsed_time": 51.57048177719116, "prnt": false}
{"event": "training_step", "timestamp": 1769149450.8224847, "step": 1801, "max_steps": 1883, "loss": 5.002307415008545, "elapsed_time": 51.596518754959106, "prnt": false}
{"event": "training_step", "timestamp": 1769149450.84839, "step": 1802, "max_steps": 1883, "loss": 4.973563194274902, "elapsed_time": 51.62226724624634, "prnt": false}
{"event": "training_step", "timestamp": 1769149450.874436, "step": 1803, "max_steps": 1883, "loss": 5.016482353210449, "elapsed_time": 51.648234367370605, "prnt": false}
{"event": "training_step", "timestamp": 1769149450.9003105, "step": 1804, "max_steps": 1883, "loss": 4.989194869995117, "elapsed_time": 51.674235343933105, "prnt": false}
{"event": "training_step", "timestamp": 1769149450.9262817, "step": 1805, "max_steps": 1883, "loss": 4.982324123382568, "elapsed_time": 51.70075988769531, "prnt": false}
{"event": "training_step", "timestamp": 1769149450.9522269, "step": 1806, "max_steps": 1883, "loss": 4.906172275543213, "elapsed_time": 51.726545572280884, "prnt": false}
{"event": "training_step", "timestamp": 1769149450.978238, "step": 1807, "max_steps": 1883, "loss": 5.015812397003174, "elapsed_time": 51.752338886260986, "prnt": false}
{"event": "training_step", "timestamp": 1769149451.0041926, "step": 1808, "max_steps": 1883, "loss": 4.968263626098633, "elapsed_time": 51.778202533721924, "prnt": false}
{"event": "training_step", "timestamp": 1769149451.0300949, "step": 1809, "max_steps": 1883, "loss": 4.898940563201904, "elapsed_time": 51.80406165122986, "prnt": false}
{"event": "training_step", "timestamp": 1769149451.0559883, "step": 1810, "max_steps": 1883, "loss": 4.762343406677246, "elapsed_time": 51.82991313934326, "prnt": false}
{"event": "training_step", "timestamp": 1769149451.08195, "step": 1811, "max_steps": 1883, "loss": 4.942497730255127, "elapsed_time": 51.85578155517578, "prnt": false}
{"event": "training_step", "timestamp": 1769149451.107837, "step": 1812, "max_steps": 1883, "loss": 4.897615909576416, "elapsed_time": 51.88174557685852, "prnt": false}
{"event": "training_step", "timestamp": 1769149451.1337814, "step": 1813, "max_steps": 1883, "loss": 4.996630668640137, "elapsed_time": 51.907630920410156, "prnt": false}
{"event": "training_step", "timestamp": 1769149451.1596665, "step": 1814, "max_steps": 1883, "loss": 5.027759075164795, "elapsed_time": 51.93357491493225, "prnt": false}
{"event": "training_step", "timestamp": 1769149451.1856208, "step": 1815, "max_steps": 1883, "loss": 5.01367712020874, "elapsed_time": 51.95961403846741, "prnt": false}
{"event": "training_step", "timestamp": 1769149451.21148, "step": 1816, "max_steps": 1883, "loss": 4.855349540710449, "elapsed_time": 51.985461950302124, "prnt": false}
{"event": "training_step", "timestamp": 1769149451.2374058, "step": 1817, "max_steps": 1883, "loss": 4.889132499694824, "elapsed_time": 52.01137733459473, "prnt": false}
{"event": "training_step", "timestamp": 1769149451.2632868, "step": 1818, "max_steps": 1883, "loss": 5.009171485900879, "elapsed_time": 52.03722357749939, "prnt": false}
{"event": "training_step", "timestamp": 1769149451.2892687, "step": 1819, "max_steps": 1883, "loss": 4.908631801605225, "elapsed_time": 52.0632541179657, "prnt": false}
{"event": "training_step", "timestamp": 1769149451.3152053, "step": 1820, "max_steps": 1883, "loss": 4.993128299713135, "elapsed_time": 52.08908176422119, "prnt": false}
{"event": "training_step", "timestamp": 1769149451.3410478, "step": 1821, "max_steps": 1883, "loss": 4.915128707885742, "elapsed_time": 52.11499214172363, "prnt": false}
{"event": "training_step", "timestamp": 1769149451.366923, "step": 1822, "max_steps": 1883, "loss": 4.927535533905029, "elapsed_time": 52.140833616256714, "prnt": false}
{"event": "training_step", "timestamp": 1769149451.3929603, "step": 1823, "max_steps": 1883, "loss": 4.90623140335083, "elapsed_time": 52.16685771942139, "prnt": false}
{"event": "training_step", "timestamp": 1769149451.4188392, "step": 1824, "max_steps": 1883, "loss": 4.98322868347168, "elapsed_time": 52.192797899246216, "prnt": false}
{"event": "training_step", "timestamp": 1769149451.4447253, "step": 1825, "max_steps": 1883, "loss": 4.916660785675049, "elapsed_time": 52.21866965293884, "prnt": false}
{"event": "training_step", "timestamp": 1769149451.4706364, "step": 1826, "max_steps": 1883, "loss": 5.007807731628418, "elapsed_time": 52.24581837654114, "prnt": false}
{"event": "training_step", "timestamp": 1769149451.496645, "step": 1827, "max_steps": 1883, "loss": 4.960384368896484, "elapsed_time": 52.27067852020264, "prnt": false}
{"event": "training_step", "timestamp": 1769149451.5225503, "step": 1828, "max_steps": 1883, "loss": 4.933691501617432, "elapsed_time": 52.2964768409729, "prnt": false}
{"event": "training_step", "timestamp": 1769149451.5484362, "step": 1829, "max_steps": 1883, "loss": 4.888091564178467, "elapsed_time": 52.32236051559448, "prnt": false}
{"event": "training_step", "timestamp": 1769149451.5744538, "step": 1830, "max_steps": 1883, "loss": 4.849761486053467, "elapsed_time": 52.34824776649475, "prnt": false}
{"event": "training_step", "timestamp": 1769149451.6004174, "step": 1831, "max_steps": 1883, "loss": 4.864873886108398, "elapsed_time": 52.37422823905945, "prnt": false}
{"event": "training_step", "timestamp": 1769149451.626295, "step": 1832, "max_steps": 1883, "loss": 4.9983367919921875, "elapsed_time": 52.400243520736694, "prnt": false}
{"event": "training_step", "timestamp": 1769149451.6522117, "step": 1833, "max_steps": 1883, "loss": 4.818593978881836, "elapsed_time": 52.426146030426025, "prnt": false}
{"event": "training_step", "timestamp": 1769149451.6781018, "step": 1834, "max_steps": 1883, "loss": 4.937853813171387, "elapsed_time": 52.45203614234924, "prnt": false}
{"event": "training_step", "timestamp": 1769149451.7040792, "step": 1835, "max_steps": 1883, "loss": 4.897396087646484, "elapsed_time": 52.47800850868225, "prnt": false}
{"event": "training_step", "timestamp": 1769149451.7299519, "step": 1836, "max_steps": 1883, "loss": 4.910965442657471, "elapsed_time": 52.5039803981781, "prnt": false}
{"event": "training_step", "timestamp": 1769149451.7557962, "step": 1837, "max_steps": 1883, "loss": 4.916712760925293, "elapsed_time": 52.52973961830139, "prnt": false}
{"event": "training_step", "timestamp": 1769149451.7816963, "step": 1838, "max_steps": 1883, "loss": 4.975363731384277, "elapsed_time": 52.55560111999512, "prnt": false}
{"event": "training_step", "timestamp": 1769149451.8076346, "step": 1839, "max_steps": 1883, "loss": 4.999677658081055, "elapsed_time": 52.58153796195984, "prnt": false}
{"event": "training_step", "timestamp": 1769149451.8336558, "step": 1840, "max_steps": 1883, "loss": 4.897758960723877, "elapsed_time": 52.607423305511475, "prnt": false}
{"event": "training_step", "timestamp": 1769149451.8595462, "step": 1841, "max_steps": 1883, "loss": 5.007530212402344, "elapsed_time": 52.633440256118774, "prnt": false}
{"event": "training_step", "timestamp": 1769149451.88543, "step": 1842, "max_steps": 1883, "loss": 4.7599592208862305, "elapsed_time": 52.659345626831055, "prnt": false}
{"event": "training_step", "timestamp": 1769149451.911399, "step": 1843, "max_steps": 1883, "loss": 4.891482830047607, "elapsed_time": 52.685306549072266, "prnt": false}
{"event": "training_step", "timestamp": 1769149451.9372766, "step": 1844, "max_steps": 1883, "loss": 4.94922399520874, "elapsed_time": 52.711222410202026, "prnt": false}
{"event": "training_step", "timestamp": 1769149451.9631515, "step": 1845, "max_steps": 1883, "loss": 5.005712985992432, "elapsed_time": 52.73710656166077, "prnt": false}
{"event": "training_step", "timestamp": 1769149451.9890685, "step": 1846, "max_steps": 1883, "loss": 4.97409200668335, "elapsed_time": 52.76298666000366, "prnt": false}
{"event": "training_step", "timestamp": 1769149452.0150483, "step": 1847, "max_steps": 1883, "loss": 4.793386459350586, "elapsed_time": 52.78898549079895, "prnt": false}
{"event": "training_step", "timestamp": 1769149452.0409265, "step": 1848, "max_steps": 1883, "loss": 4.985281944274902, "elapsed_time": 52.8148992061615, "prnt": false}
{"event": "training_step", "timestamp": 1769149452.0667613, "step": 1849, "max_steps": 1883, "loss": 4.935273170471191, "elapsed_time": 52.84070014953613, "prnt": false}
{"event": "training_step", "timestamp": 1769149452.0927515, "step": 1850, "max_steps": 1883, "loss": 4.958446502685547, "elapsed_time": 52.8665816783905, "prnt": false}
{"event": "training_step", "timestamp": 1769149452.1186898, "step": 1851, "max_steps": 1883, "loss": 5.036675930023193, "elapsed_time": 52.89263677597046, "prnt": false}
{"event": "training_step", "timestamp": 1769149452.14457, "step": 1852, "max_steps": 1883, "loss": 4.834859371185303, "elapsed_time": 52.91847348213196, "prnt": false}
{"event": "training_step", "timestamp": 1769149452.1704373, "step": 1853, "max_steps": 1883, "loss": 4.900473117828369, "elapsed_time": 52.94438052177429, "prnt": false}
{"event": "training_step", "timestamp": 1769149452.1963499, "step": 1854, "max_steps": 1883, "loss": 4.898174285888672, "elapsed_time": 52.970239877700806, "prnt": false}
{"event": "training_step", "timestamp": 1769149452.2222714, "step": 1855, "max_steps": 1883, "loss": 4.8387980461120605, "elapsed_time": 52.996448040008545, "prnt": false}
{"event": "training_step", "timestamp": 1769149452.2481372, "step": 1856, "max_steps": 1883, "loss": 4.969018459320068, "elapsed_time": 53.02212619781494, "prnt": false}
{"event": "training_step", "timestamp": 1769149452.2741094, "step": 1857, "max_steps": 1883, "loss": 4.907346248626709, "elapsed_time": 53.04797983169556, "prnt": false}
{"event": "training_step", "timestamp": 1769149452.2999966, "step": 1858, "max_steps": 1883, "loss": 4.884405136108398, "elapsed_time": 53.073880195617676, "prnt": false}
{"event": "training_step", "timestamp": 1769149452.3259401, "step": 1859, "max_steps": 1883, "loss": 4.978092193603516, "elapsed_time": 53.09985971450806, "prnt": false}
{"event": "training_step", "timestamp": 1769149452.351867, "step": 1860, "max_steps": 1883, "loss": 4.939386367797852, "elapsed_time": 53.1258590221405, "prnt": false}
{"event": "training_step", "timestamp": 1769149452.3777275, "step": 1861, "max_steps": 1883, "loss": 5.00034236907959, "elapsed_time": 53.15166974067688, "prnt": false}
{"event": "training_step", "timestamp": 1769149452.403614, "step": 1862, "max_steps": 1883, "loss": 4.86816930770874, "elapsed_time": 53.17753624916077, "prnt": false}
{"event": "training_step", "timestamp": 1769149452.4295733, "step": 1863, "max_steps": 1883, "loss": 4.86672306060791, "elapsed_time": 53.20349311828613, "prnt": false}
{"event": "training_step", "timestamp": 1769149452.455436, "step": 1864, "max_steps": 1883, "loss": 4.872610569000244, "elapsed_time": 53.22932982444763, "prnt": false}
{"event": "training_step", "timestamp": 1769149452.4812746, "step": 1865, "max_steps": 1883, "loss": 4.89337682723999, "elapsed_time": 53.255128622055054, "prnt": false}
{"event": "training_step", "timestamp": 1769149452.507125, "step": 1866, "max_steps": 1883, "loss": 4.942924976348877, "elapsed_time": 53.281049489974976, "prnt": false}
{"event": "training_step", "timestamp": 1769149452.5331511, "step": 1867, "max_steps": 1883, "loss": 4.975825786590576, "elapsed_time": 53.30702447891235, "prnt": false}
{"event": "training_step", "timestamp": 1769149452.5590155, "step": 1868, "max_steps": 1883, "loss": 4.944756507873535, "elapsed_time": 53.33294463157654, "prnt": false}
{"event": "training_step", "timestamp": 1769149452.5848958, "step": 1869, "max_steps": 1883, "loss": 4.979981899261475, "elapsed_time": 53.35897994041443, "prnt": false}
{"event": "validation_step", "timestamp": 1769149452.8236184, "step": 1869, "max_steps": 1883, "loss": 1.2901868268869312, "elapsed_time": 53.35897994041443}
{"event": "training_step", "timestamp": 1769149452.8498192, "step": 1870, "max_steps": 1883, "loss": 4.890866279602051, "elapsed_time": 53.62393665313721, "prnt": false}
{"event": "training_step", "timestamp": 1769149452.8758302, "step": 1871, "max_steps": 1883, "loss": 5.012898921966553, "elapsed_time": 53.64980411529541, "prnt": false}
{"event": "training_step", "timestamp": 1769149452.9017131, "step": 1872, "max_steps": 1883, "loss": 4.948123931884766, "elapsed_time": 53.67567777633667, "prnt": false}
{"event": "training_step", "timestamp": 1769149452.9276128, "step": 1873, "max_steps": 1883, "loss": 4.9357428550720215, "elapsed_time": 53.70166087150574, "prnt": false}
{"event": "training_step", "timestamp": 1769149452.953814, "step": 1874, "max_steps": 1883, "loss": 5.004113674163818, "elapsed_time": 53.728333473205566, "prnt": false}
{"event": "training_step", "timestamp": 1769149452.9798062, "step": 1875, "max_steps": 1883, "loss": 4.8720011711120605, "elapsed_time": 53.753880739212036, "prnt": false}
{"event": "training_step", "timestamp": 1769149453.0057187, "step": 1876, "max_steps": 1883, "loss": 4.837316036224365, "elapsed_time": 53.779717206954956, "prnt": false}
{"event": "training_step", "timestamp": 1769149453.0316267, "step": 1877, "max_steps": 1883, "loss": 4.930720329284668, "elapsed_time": 53.8055624961853, "prnt": false}
{"event": "training_step", "timestamp": 1769149453.0575824, "step": 1878, "max_steps": 1883, "loss": 4.9051432609558105, "elapsed_time": 53.83144521713257, "prnt": false}
{"event": "training_step", "timestamp": 1769149453.0835915, "step": 1879, "max_steps": 1883, "loss": 4.925379753112793, "elapsed_time": 53.85761547088623, "prnt": false}
{"event": "training_step", "timestamp": 1769149453.1094744, "step": 1880, "max_steps": 1883, "loss": 4.928915977478027, "elapsed_time": 53.883352518081665, "prnt": false}
{"event": "training_step", "timestamp": 1769149453.1353664, "step": 1881, "max_steps": 1883, "loss": 4.968031406402588, "elapsed_time": 53.90939927101135, "prnt": false}
{"event": "training_step", "timestamp": 1769149453.1612616, "step": 1882, "max_steps": 1883, "loss": 4.925564765930176, "elapsed_time": 53.9352171421051, "prnt": false}
{"event": "training_step", "timestamp": 1769149453.1872194, "step": 1883, "max_steps": 1883, "loss": 4.931933403015137, "elapsed_time": 53.961227893829346, "prnt": false}
{"event": "validation_step", "timestamp": 1769149453.4260154, "step": 1883, "max_steps": 1883, "loss": 1.2901858821205794, "elapsed_time": 53.961227893829346}
