{"event": "hyperparameters_configured", "timestamp": 1768954073.947026, "block_size": 128, "batch_size": 64, "vocab_size": 16000, "n_layer": 6, "n_head": 8, "d_model": 512, "dropout": 0.1, "lr": 0.006, "weight_decay": 0.0, "evals_per_epoch": 3, "epochs": 7, "seed": 1337, "num_titles": 100000, "val_frac": 0.1, "log_file": "./logs/mainrun.log"}
{"event": "device_info", "timestamp": 1768954073.9648137, "device": "cuda"}
{"event": "dataset_info", "timestamp": 1768954083.5736988, "titles_count": 90000, "epochs": 7, "batches_per_epoch": 134, "tokens_per_epoch": 1102455, "vocab_size": 16000}
{"event": "model_info", "timestamp": 1768954083.8695548, "parameters_count": 27172864}
{"event": "training_step", "timestamp": 1768954084.4624655, "step": 1, "max_steps": 938, "loss": 9.77013111114502, "elapsed_time": 0.16543316841125488, "prnt": false}
{"event": "validation_step", "timestamp": 1768954084.6912062, "step": 1, "max_steps": 938, "loss": 1.9739556625984784, "elapsed_time": 0.16543316841125488}
{"event": "training_step", "timestamp": 1768954084.739904, "step": 2, "max_steps": 938, "loss": 9.18889331817627, "elapsed_time": 0.4003763198852539, "prnt": false}
{"event": "training_step", "timestamp": 1768954084.7884731, "step": 3, "max_steps": 938, "loss": 8.860794067382812, "elapsed_time": 0.4485435485839844, "prnt": false}
{"event": "training_step", "timestamp": 1768954084.8369675, "step": 4, "max_steps": 938, "loss": 8.393503189086914, "elapsed_time": 0.49689483642578125, "prnt": false}
{"event": "training_step", "timestamp": 1768954084.8855188, "step": 5, "max_steps": 938, "loss": 8.516095161437988, "elapsed_time": 0.545459508895874, "prnt": false}
{"event": "training_step", "timestamp": 1768954084.933993, "step": 6, "max_steps": 938, "loss": 8.807324409484863, "elapsed_time": 0.5939216613769531, "prnt": false}
{"event": "training_step", "timestamp": 1768954084.9824512, "step": 7, "max_steps": 938, "loss": 8.915802001953125, "elapsed_time": 0.6424551010131836, "prnt": false}
{"event": "training_step", "timestamp": 1768954085.0310273, "step": 8, "max_steps": 938, "loss": 8.64232063293457, "elapsed_time": 0.6910574436187744, "prnt": false}
{"event": "training_step", "timestamp": 1768954085.07949, "step": 9, "max_steps": 938, "loss": 8.506999969482422, "elapsed_time": 0.7394626140594482, "prnt": false}
{"event": "training_step", "timestamp": 1768954085.1279545, "step": 10, "max_steps": 938, "loss": 8.546330451965332, "elapsed_time": 0.787928581237793, "prnt": false}
{"event": "training_step", "timestamp": 1768954085.176484, "step": 11, "max_steps": 938, "loss": 8.485967636108398, "elapsed_time": 0.8365507125854492, "prnt": false}
{"event": "training_step", "timestamp": 1768954085.2249565, "step": 12, "max_steps": 938, "loss": 8.376145362854004, "elapsed_time": 0.8849489688873291, "prnt": false}
{"event": "training_step", "timestamp": 1768954085.2733748, "step": 13, "max_steps": 938, "loss": 8.291465759277344, "elapsed_time": 0.9332680702209473, "prnt": false}
{"event": "training_step", "timestamp": 1768954085.3218598, "step": 14, "max_steps": 938, "loss": 8.32839584350586, "elapsed_time": 0.9818968772888184, "prnt": false}
{"event": "training_step", "timestamp": 1768954085.3703413, "step": 15, "max_steps": 938, "loss": 8.308002471923828, "elapsed_time": 1.0303843021392822, "prnt": false}
{"event": "training_step", "timestamp": 1768954085.4187665, "step": 16, "max_steps": 938, "loss": 8.247990608215332, "elapsed_time": 1.0787010192871094, "prnt": false}
{"event": "training_step", "timestamp": 1768954085.4672651, "step": 17, "max_steps": 938, "loss": 8.214484214782715, "elapsed_time": 1.1273818016052246, "prnt": false}
{"event": "training_step", "timestamp": 1768954085.5157402, "step": 18, "max_steps": 938, "loss": 8.233983039855957, "elapsed_time": 1.1757690906524658, "prnt": false}
{"event": "training_step", "timestamp": 1768954085.5641522, "step": 19, "max_steps": 938, "loss": 8.241257667541504, "elapsed_time": 1.2240731716156006, "prnt": false}
{"event": "training_step", "timestamp": 1768954085.6126966, "step": 20, "max_steps": 938, "loss": 8.22265911102295, "elapsed_time": 1.272768259048462, "prnt": false}
{"event": "training_step", "timestamp": 1768954085.6610882, "step": 21, "max_steps": 938, "loss": 8.184989929199219, "elapsed_time": 1.3211324214935303, "prnt": false}
{"event": "training_step", "timestamp": 1768954085.7095504, "step": 22, "max_steps": 938, "loss": 8.171422004699707, "elapsed_time": 1.3696436882019043, "prnt": false}
{"event": "training_step", "timestamp": 1768954085.7580879, "step": 23, "max_steps": 938, "loss": 8.087242126464844, "elapsed_time": 1.4180488586425781, "prnt": false}
{"event": "training_step", "timestamp": 1768954085.806803, "step": 24, "max_steps": 938, "loss": 8.134502410888672, "elapsed_time": 1.4677472114562988, "prnt": false}
{"event": "training_step", "timestamp": 1768954085.8554313, "step": 25, "max_steps": 938, "loss": 8.087137222290039, "elapsed_time": 1.5212209224700928, "prnt": false}
{"event": "training_step", "timestamp": 1768954085.9041288, "step": 26, "max_steps": 938, "loss": 8.092371940612793, "elapsed_time": 1.5650391578674316, "prnt": false}
{"event": "training_step", "timestamp": 1768954085.9525955, "step": 27, "max_steps": 938, "loss": 8.058720588684082, "elapsed_time": 1.6126821041107178, "prnt": false}
{"event": "training_step", "timestamp": 1768954086.0013256, "step": 28, "max_steps": 938, "loss": 8.070794105529785, "elapsed_time": 1.6611413955688477, "prnt": false}
{"event": "training_step", "timestamp": 1768954086.0501716, "step": 29, "max_steps": 938, "loss": 8.019628524780273, "elapsed_time": 1.709956169128418, "prnt": false}
{"event": "training_step", "timestamp": 1768954086.098881, "step": 30, "max_steps": 938, "loss": 8.047761917114258, "elapsed_time": 1.7585961818695068, "prnt": false}
{"event": "training_step", "timestamp": 1768954086.147566, "step": 31, "max_steps": 938, "loss": 8.001453399658203, "elapsed_time": 1.8072493076324463, "prnt": false}
{"event": "training_step", "timestamp": 1768954086.196298, "step": 32, "max_steps": 938, "loss": 7.992822647094727, "elapsed_time": 1.856107234954834, "prnt": false}
{"event": "training_step", "timestamp": 1768954086.2449343, "step": 33, "max_steps": 938, "loss": 7.981125831604004, "elapsed_time": 1.9047000408172607, "prnt": false}
{"event": "training_step", "timestamp": 1768954086.2935824, "step": 34, "max_steps": 938, "loss": 7.928976535797119, "elapsed_time": 1.953345537185669, "prnt": false}
{"event": "training_step", "timestamp": 1768954086.3422925, "step": 35, "max_steps": 938, "loss": 7.945035934448242, "elapsed_time": 2.0020852088928223, "prnt": false}
{"event": "training_step", "timestamp": 1768954086.3909304, "step": 36, "max_steps": 938, "loss": 7.972229957580566, "elapsed_time": 2.0507190227508545, "prnt": false}
{"event": "training_step", "timestamp": 1768954086.4397514, "step": 37, "max_steps": 938, "loss": 7.910647869110107, "elapsed_time": 2.1004838943481445, "prnt": false}
{"event": "training_step", "timestamp": 1768954086.4886465, "step": 38, "max_steps": 938, "loss": 7.9643449783325195, "elapsed_time": 2.1492817401885986, "prnt": false}
{"event": "training_step", "timestamp": 1768954086.5372548, "step": 39, "max_steps": 938, "loss": 7.979983806610107, "elapsed_time": 2.197863817214966, "prnt": false}
{"event": "training_step", "timestamp": 1768954086.585804, "step": 40, "max_steps": 938, "loss": 7.891686916351318, "elapsed_time": 2.245819330215454, "prnt": false}
{"event": "training_step", "timestamp": 1768954086.6343944, "step": 41, "max_steps": 938, "loss": 7.987998962402344, "elapsed_time": 2.2942967414855957, "prnt": false}
{"event": "training_step", "timestamp": 1768954086.682917, "step": 42, "max_steps": 938, "loss": 7.880154609680176, "elapsed_time": 2.3429181575775146, "prnt": false}
{"event": "training_step", "timestamp": 1768954086.7314956, "step": 43, "max_steps": 938, "loss": 7.886237621307373, "elapsed_time": 2.3915765285491943, "prnt": false}
{"event": "training_step", "timestamp": 1768954086.7801015, "step": 44, "max_steps": 938, "loss": 7.816882610321045, "elapsed_time": 2.439962148666382, "prnt": false}
{"event": "validation_step", "timestamp": 1768954087.0092616, "step": 44, "max_steps": 938, "loss": 1.6947713832410578, "elapsed_time": 2.439962148666382}
{"event": "training_step", "timestamp": 1768954087.0580292, "step": 45, "max_steps": 938, "loss": 7.894332408905029, "elapsed_time": 2.723647356033325, "prnt": false}
{"event": "training_step", "timestamp": 1768954087.1069214, "step": 46, "max_steps": 938, "loss": 7.823539733886719, "elapsed_time": 2.7675211429595947, "prnt": false}
{"event": "training_step", "timestamp": 1768954087.155613, "step": 47, "max_steps": 938, "loss": 7.871201515197754, "elapsed_time": 2.815873384475708, "prnt": false}
{"event": "training_step", "timestamp": 1768954087.2042603, "step": 48, "max_steps": 938, "loss": 7.847231388092041, "elapsed_time": 2.8642630577087402, "prnt": false}
{"event": "training_step", "timestamp": 1768954087.2528543, "step": 49, "max_steps": 938, "loss": 7.787581920623779, "elapsed_time": 2.912691593170166, "prnt": false}
{"event": "training_step", "timestamp": 1768954087.3015141, "step": 50, "max_steps": 938, "loss": 7.846225738525391, "elapsed_time": 2.9614455699920654, "prnt": false}
{"event": "training_step", "timestamp": 1768954087.3500621, "step": 51, "max_steps": 938, "loss": 7.850109577178955, "elapsed_time": 3.0099358558654785, "prnt": false}
{"event": "training_step", "timestamp": 1768954087.398635, "step": 52, "max_steps": 938, "loss": 7.807034015655518, "elapsed_time": 3.058440923690796, "prnt": false}
{"event": "training_step", "timestamp": 1768954087.4473078, "step": 53, "max_steps": 938, "loss": 7.782924175262451, "elapsed_time": 3.1072943210601807, "prnt": false}
{"event": "training_step", "timestamp": 1768954087.495887, "step": 54, "max_steps": 938, "loss": 7.774160861968994, "elapsed_time": 3.1557023525238037, "prnt": false}
{"event": "training_step", "timestamp": 1768954087.5445116, "step": 55, "max_steps": 938, "loss": 7.762956142425537, "elapsed_time": 3.204346179962158, "prnt": false}
{"event": "training_step", "timestamp": 1768954087.5932748, "step": 56, "max_steps": 938, "loss": 7.735218048095703, "elapsed_time": 3.2532355785369873, "prnt": false}
{"event": "training_step", "timestamp": 1768954087.6418428, "step": 57, "max_steps": 938, "loss": 7.749417304992676, "elapsed_time": 3.30161190032959, "prnt": false}
{"event": "training_step", "timestamp": 1768954087.6904976, "step": 58, "max_steps": 938, "loss": 7.69914436340332, "elapsed_time": 3.3507091999053955, "prnt": false}
{"event": "training_step", "timestamp": 1768954087.7391586, "step": 59, "max_steps": 938, "loss": 7.733002662658691, "elapsed_time": 3.398956537246704, "prnt": false}
{"event": "training_step", "timestamp": 1768954087.7877848, "step": 60, "max_steps": 938, "loss": 7.7403154373168945, "elapsed_time": 3.447638750076294, "prnt": false}
{"event": "training_step", "timestamp": 1768954087.836408, "step": 61, "max_steps": 938, "loss": 7.750709056854248, "elapsed_time": 3.496154546737671, "prnt": false}
{"event": "training_step", "timestamp": 1768954087.8851364, "step": 62, "max_steps": 938, "loss": 7.774820327758789, "elapsed_time": 3.545006275177002, "prnt": false}
{"event": "training_step", "timestamp": 1768954087.9337912, "step": 63, "max_steps": 938, "loss": 7.761931419372559, "elapsed_time": 3.5937936305999756, "prnt": false}
{"event": "training_step", "timestamp": 1768954087.9824083, "step": 64, "max_steps": 938, "loss": 7.656033515930176, "elapsed_time": 3.642228603363037, "prnt": false}
{"event": "training_step", "timestamp": 1768954088.0311162, "step": 65, "max_steps": 938, "loss": 7.708977699279785, "elapsed_time": 3.69101619720459, "prnt": false}
{"event": "training_step", "timestamp": 1768954088.0797644, "step": 66, "max_steps": 938, "loss": 7.633237361907959, "elapsed_time": 3.739561080932617, "prnt": false}
{"event": "training_step", "timestamp": 1768954088.128435, "step": 67, "max_steps": 938, "loss": 7.648916244506836, "elapsed_time": 3.788111925125122, "prnt": false}
{"event": "training_step", "timestamp": 1768954088.1771188, "step": 68, "max_steps": 938, "loss": 7.639760494232178, "elapsed_time": 3.8369674682617188, "prnt": false}
{"event": "training_step", "timestamp": 1768954088.2257493, "step": 69, "max_steps": 938, "loss": 7.6538519859313965, "elapsed_time": 3.885561466217041, "prnt": false}
{"event": "training_step", "timestamp": 1768954088.27441, "step": 70, "max_steps": 938, "loss": 7.643942356109619, "elapsed_time": 3.934434175491333, "prnt": false}
{"event": "training_step", "timestamp": 1768954088.3231626, "step": 71, "max_steps": 938, "loss": 7.632699966430664, "elapsed_time": 3.9828662872314453, "prnt": false}
{"event": "training_step", "timestamp": 1768954088.3717773, "step": 72, "max_steps": 938, "loss": 7.681847095489502, "elapsed_time": 4.031539678573608, "prnt": false}
{"event": "training_step", "timestamp": 1768954088.420346, "step": 73, "max_steps": 938, "loss": 7.572051048278809, "elapsed_time": 4.080213308334351, "prnt": false}
{"event": "training_step", "timestamp": 1768954088.4690409, "step": 74, "max_steps": 938, "loss": 7.652473449707031, "elapsed_time": 4.128848314285278, "prnt": false}
{"event": "training_step", "timestamp": 1768954088.5176427, "step": 75, "max_steps": 938, "loss": 7.673130989074707, "elapsed_time": 4.177411317825317, "prnt": false}
{"event": "training_step", "timestamp": 1768954088.566246, "step": 76, "max_steps": 938, "loss": 7.6051836013793945, "elapsed_time": 4.2260119915008545, "prnt": false}
{"event": "training_step", "timestamp": 1768954088.6148915, "step": 77, "max_steps": 938, "loss": 7.602448463439941, "elapsed_time": 4.274751663208008, "prnt": false}
{"event": "training_step", "timestamp": 1768954088.663519, "step": 78, "max_steps": 938, "loss": 7.609776973724365, "elapsed_time": 4.323235750198364, "prnt": false}
{"event": "training_step", "timestamp": 1768954088.7121665, "step": 79, "max_steps": 938, "loss": 7.622074604034424, "elapsed_time": 4.371943950653076, "prnt": false}
{"event": "training_step", "timestamp": 1768954088.7609053, "step": 80, "max_steps": 938, "loss": 7.598678112030029, "elapsed_time": 4.420605182647705, "prnt": false}
{"event": "training_step", "timestamp": 1768954088.8095677, "step": 81, "max_steps": 938, "loss": 7.590861797332764, "elapsed_time": 4.469412565231323, "prnt": false}
{"event": "training_step", "timestamp": 1768954088.858169, "step": 82, "max_steps": 938, "loss": 7.605338096618652, "elapsed_time": 4.518030643463135, "prnt": false}
{"event": "training_step", "timestamp": 1768954088.9068372, "step": 83, "max_steps": 938, "loss": 7.621545791625977, "elapsed_time": 4.566641807556152, "prnt": false}
{"event": "training_step", "timestamp": 1768954088.9554784, "step": 84, "max_steps": 938, "loss": 7.5857930183410645, "elapsed_time": 4.61523962020874, "prnt": false}
{"event": "training_step", "timestamp": 1768954089.0041118, "step": 85, "max_steps": 938, "loss": 7.602534294128418, "elapsed_time": 4.664130449295044, "prnt": false}
{"event": "training_step", "timestamp": 1768954089.0528457, "step": 86, "max_steps": 938, "loss": 7.619027137756348, "elapsed_time": 4.7127227783203125, "prnt": false}
{"event": "training_step", "timestamp": 1768954089.1014493, "step": 87, "max_steps": 938, "loss": 7.6246843338012695, "elapsed_time": 4.761247158050537, "prnt": false}
{"event": "training_step", "timestamp": 1768954089.1501012, "step": 88, "max_steps": 938, "loss": 7.5524001121521, "elapsed_time": 4.809795379638672, "prnt": false}
{"event": "validation_step", "timestamp": 1768954089.3803165, "step": 88, "max_steps": 938, "loss": 1.6316190696796384, "elapsed_time": 4.809795379638672}
{"event": "training_step", "timestamp": 1768954089.4291945, "step": 89, "max_steps": 938, "loss": 7.5295939445495605, "elapsed_time": 5.089393377304077, "prnt": false}
{"event": "training_step", "timestamp": 1768954089.477901, "step": 90, "max_steps": 938, "loss": 7.710227012634277, "elapsed_time": 5.137793064117432, "prnt": false}
{"event": "training_step", "timestamp": 1768954089.5265675, "step": 91, "max_steps": 938, "loss": 7.569817066192627, "elapsed_time": 5.186432838439941, "prnt": false}
{"event": "training_step", "timestamp": 1768954089.5753424, "step": 92, "max_steps": 938, "loss": 7.57193660736084, "elapsed_time": 5.235114336013794, "prnt": false}
{"event": "training_step", "timestamp": 1768954089.6239974, "step": 93, "max_steps": 938, "loss": 7.540371894836426, "elapsed_time": 5.28389310836792, "prnt": false}
{"event": "training_step", "timestamp": 1768954089.672649, "step": 94, "max_steps": 938, "loss": 7.603448867797852, "elapsed_time": 5.332304239273071, "prnt": false}
{"event": "training_step", "timestamp": 1768954089.7213364, "step": 95, "max_steps": 938, "loss": 7.529606819152832, "elapsed_time": 5.3811891078948975, "prnt": false}
{"event": "training_step", "timestamp": 1768954089.7699983, "step": 96, "max_steps": 938, "loss": 7.612369537353516, "elapsed_time": 5.429923057556152, "prnt": false}
{"event": "training_step", "timestamp": 1768954089.8186178, "step": 97, "max_steps": 938, "loss": 7.590534210205078, "elapsed_time": 5.4784157276153564, "prnt": false}
{"event": "training_step", "timestamp": 1768954089.8674142, "step": 98, "max_steps": 938, "loss": 7.549014568328857, "elapsed_time": 5.527294397354126, "prnt": false}
{"event": "training_step", "timestamp": 1768954089.916064, "step": 99, "max_steps": 938, "loss": 7.611487865447998, "elapsed_time": 5.575918912887573, "prnt": false}
{"event": "training_step", "timestamp": 1768954089.9647102, "step": 100, "max_steps": 938, "loss": 7.575076103210449, "elapsed_time": 5.624847412109375, "prnt": false}
{"event": "training_step", "timestamp": 1768954090.0134008, "step": 101, "max_steps": 938, "loss": 7.54421329498291, "elapsed_time": 5.673267364501953, "prnt": false}
{"event": "training_step", "timestamp": 1768954090.0620377, "step": 102, "max_steps": 938, "loss": 7.5447306632995605, "elapsed_time": 5.721736192703247, "prnt": false}
{"event": "training_step", "timestamp": 1768954090.110702, "step": 103, "max_steps": 938, "loss": 7.593940734863281, "elapsed_time": 5.770517826080322, "prnt": false}
{"event": "training_step", "timestamp": 1768954090.1594346, "step": 104, "max_steps": 938, "loss": 7.538309097290039, "elapsed_time": 5.8192009925842285, "prnt": false}
{"event": "training_step", "timestamp": 1768954090.2080867, "step": 105, "max_steps": 938, "loss": 7.517567157745361, "elapsed_time": 5.867871046066284, "prnt": false}
{"event": "training_step", "timestamp": 1768954090.2566826, "step": 106, "max_steps": 938, "loss": 7.530770301818848, "elapsed_time": 5.916525602340698, "prnt": false}
{"event": "training_step", "timestamp": 1768954090.305365, "step": 107, "max_steps": 938, "loss": 7.554935932159424, "elapsed_time": 5.965174198150635, "prnt": false}
{"event": "training_step", "timestamp": 1768954090.3539844, "step": 108, "max_steps": 938, "loss": 7.515757083892822, "elapsed_time": 6.013745546340942, "prnt": false}
{"event": "training_step", "timestamp": 1768954090.4025815, "step": 109, "max_steps": 938, "loss": 7.531782150268555, "elapsed_time": 6.062369346618652, "prnt": false}
{"event": "training_step", "timestamp": 1768954090.4512901, "step": 110, "max_steps": 938, "loss": 7.591405868530273, "elapsed_time": 6.111122369766235, "prnt": false}
{"event": "training_step", "timestamp": 1768954090.499911, "step": 111, "max_steps": 938, "loss": 7.525981903076172, "elapsed_time": 6.160057544708252, "prnt": false}
{"event": "training_step", "timestamp": 1768954090.548592, "step": 112, "max_steps": 938, "loss": 7.502619743347168, "elapsed_time": 6.208283185958862, "prnt": false}
{"event": "training_step", "timestamp": 1768954090.5972588, "step": 113, "max_steps": 938, "loss": 7.4833478927612305, "elapsed_time": 6.257117033004761, "prnt": false}
{"event": "training_step", "timestamp": 1768954090.645886, "step": 114, "max_steps": 938, "loss": 7.565946578979492, "elapsed_time": 6.305646896362305, "prnt": false}
{"event": "training_step", "timestamp": 1768954090.6944904, "step": 115, "max_steps": 938, "loss": 7.543920993804932, "elapsed_time": 6.354291677474976, "prnt": false}
{"event": "training_step", "timestamp": 1768954090.7431862, "step": 116, "max_steps": 938, "loss": 7.463693141937256, "elapsed_time": 6.402963161468506, "prnt": false}
{"event": "training_step", "timestamp": 1768954090.7918127, "step": 117, "max_steps": 938, "loss": 7.524208068847656, "elapsed_time": 6.451569557189941, "prnt": false}
{"event": "training_step", "timestamp": 1768954090.8404453, "step": 118, "max_steps": 938, "loss": 7.529173851013184, "elapsed_time": 6.50031304359436, "prnt": false}
{"event": "training_step", "timestamp": 1768954090.8891885, "step": 119, "max_steps": 938, "loss": 7.506937503814697, "elapsed_time": 6.549184083938599, "prnt": false}
{"event": "training_step", "timestamp": 1768954090.9377663, "step": 120, "max_steps": 938, "loss": 7.536543369293213, "elapsed_time": 6.597731590270996, "prnt": false}
{"event": "training_step", "timestamp": 1768954090.9863684, "step": 121, "max_steps": 938, "loss": 7.492411136627197, "elapsed_time": 6.646275281906128, "prnt": false}
{"event": "training_step", "timestamp": 1768954091.0350864, "step": 122, "max_steps": 938, "loss": 7.548591613769531, "elapsed_time": 6.694885492324829, "prnt": false}
{"event": "training_step", "timestamp": 1768954091.083735, "step": 123, "max_steps": 938, "loss": 7.494794845581055, "elapsed_time": 6.743688583374023, "prnt": false}
{"event": "training_step", "timestamp": 1768954091.1326268, "step": 124, "max_steps": 938, "loss": 7.539365291595459, "elapsed_time": 6.792171955108643, "prnt": false}
{"event": "training_step", "timestamp": 1768954091.1813433, "step": 125, "max_steps": 938, "loss": 7.4854350090026855, "elapsed_time": 6.8411805629730225, "prnt": false}
{"event": "training_step", "timestamp": 1768954091.2299767, "step": 126, "max_steps": 938, "loss": 7.526310920715332, "elapsed_time": 6.889756917953491, "prnt": false}
{"event": "training_step", "timestamp": 1768954091.2786179, "step": 127, "max_steps": 938, "loss": 7.5183186531066895, "elapsed_time": 6.938504934310913, "prnt": false}
{"event": "training_step", "timestamp": 1768954091.3273134, "step": 128, "max_steps": 938, "loss": 7.525295734405518, "elapsed_time": 6.987263202667236, "prnt": false}
{"event": "training_step", "timestamp": 1768954091.3758838, "step": 129, "max_steps": 938, "loss": 7.543947219848633, "elapsed_time": 7.0357444286346436, "prnt": false}
{"event": "training_step", "timestamp": 1768954091.42455, "step": 130, "max_steps": 938, "loss": 7.542190074920654, "elapsed_time": 7.08425760269165, "prnt": false}
{"event": "training_step", "timestamp": 1768954091.473211, "step": 131, "max_steps": 938, "loss": 7.468782424926758, "elapsed_time": 7.133047819137573, "prnt": false}
{"event": "training_step", "timestamp": 1768954091.521826, "step": 132, "max_steps": 938, "loss": 7.51956033706665, "elapsed_time": 7.181597948074341, "prnt": false}
{"event": "validation_step", "timestamp": 1768954091.752049, "step": 132, "max_steps": 938, "loss": 1.6139099077837733, "elapsed_time": 7.181597948074341}
{"event": "training_step", "timestamp": 1768954091.8008337, "step": 133, "max_steps": 938, "loss": 7.490630149841309, "elapsed_time": 7.460853576660156, "prnt": false}
{"event": "training_step", "timestamp": 1768954091.8495822, "step": 134, "max_steps": 938, "loss": 7.536715507507324, "elapsed_time": 7.509464740753174, "prnt": false}
{"event": "training_step", "timestamp": 1768954091.8984082, "step": 135, "max_steps": 938, "loss": 7.532144069671631, "elapsed_time": 7.558267593383789, "prnt": false}
{"event": "training_step", "timestamp": 1768954091.9470873, "step": 136, "max_steps": 938, "loss": 7.489999771118164, "elapsed_time": 7.606912612915039, "prnt": false}
{"event": "training_step", "timestamp": 1768954091.9957068, "step": 137, "max_steps": 938, "loss": 7.474112033843994, "elapsed_time": 7.655575275421143, "prnt": false}
{"event": "training_step", "timestamp": 1768954092.044473, "step": 138, "max_steps": 938, "loss": 7.447446823120117, "elapsed_time": 7.704383373260498, "prnt": false}
{"event": "training_step", "timestamp": 1768954092.09314, "step": 139, "max_steps": 938, "loss": 7.502521514892578, "elapsed_time": 7.752920866012573, "prnt": false}
{"event": "training_step", "timestamp": 1768954092.1417692, "step": 140, "max_steps": 938, "loss": 7.512028694152832, "elapsed_time": 7.801565647125244, "prnt": false}
{"event": "training_step", "timestamp": 1768954092.1904593, "step": 141, "max_steps": 938, "loss": 7.504739761352539, "elapsed_time": 7.850246906280518, "prnt": false}
{"event": "training_step", "timestamp": 1768954092.2391114, "step": 142, "max_steps": 938, "loss": 7.521459579467773, "elapsed_time": 7.898889541625977, "prnt": false}
{"event": "training_step", "timestamp": 1768954092.2878025, "step": 143, "max_steps": 938, "loss": 7.500549793243408, "elapsed_time": 7.947583198547363, "prnt": false}
{"event": "training_step", "timestamp": 1768954092.3364596, "step": 144, "max_steps": 938, "loss": 7.5482611656188965, "elapsed_time": 7.9963061809539795, "prnt": false}
{"event": "training_step", "timestamp": 1768954092.3851533, "step": 145, "max_steps": 938, "loss": 7.456600666046143, "elapsed_time": 8.045054197311401, "prnt": false}
{"event": "training_step", "timestamp": 1768954092.433792, "step": 146, "max_steps": 938, "loss": 7.4957051277160645, "elapsed_time": 8.093550443649292, "prnt": false}
{"event": "training_step", "timestamp": 1768954092.4825025, "step": 147, "max_steps": 938, "loss": 7.498159885406494, "elapsed_time": 8.14221453666687, "prnt": false}
{"event": "training_step", "timestamp": 1768954092.5311847, "step": 148, "max_steps": 938, "loss": 7.53452205657959, "elapsed_time": 8.190979480743408, "prnt": false}
{"event": "training_step", "timestamp": 1768954092.5798345, "step": 149, "max_steps": 938, "loss": 7.5182647705078125, "elapsed_time": 8.239879369735718, "prnt": false}
{"event": "training_step", "timestamp": 1768954092.6285799, "step": 150, "max_steps": 938, "loss": 7.485668659210205, "elapsed_time": 8.288347244262695, "prnt": false}
{"event": "training_step", "timestamp": 1768954092.677191, "step": 151, "max_steps": 938, "loss": 7.4971818923950195, "elapsed_time": 8.336999416351318, "prnt": false}
{"event": "training_step", "timestamp": 1768954092.7258387, "step": 152, "max_steps": 938, "loss": 7.50189208984375, "elapsed_time": 8.385620832443237, "prnt": false}
{"event": "training_step", "timestamp": 1768954092.7745066, "step": 153, "max_steps": 938, "loss": 7.523985385894775, "elapsed_time": 8.434325218200684, "prnt": false}
{"event": "training_step", "timestamp": 1768954092.8231764, "step": 154, "max_steps": 938, "loss": 7.534081935882568, "elapsed_time": 8.482974290847778, "prnt": false}
{"event": "training_step", "timestamp": 1768954092.8718157, "step": 155, "max_steps": 938, "loss": 7.489829063415527, "elapsed_time": 8.531546831130981, "prnt": false}
{"event": "training_step", "timestamp": 1768954092.9205234, "step": 156, "max_steps": 938, "loss": 7.494829177856445, "elapsed_time": 8.580257415771484, "prnt": false}
{"event": "training_step", "timestamp": 1768954092.9691398, "step": 157, "max_steps": 938, "loss": 7.461181163787842, "elapsed_time": 8.628956079483032, "prnt": false}
{"event": "training_step", "timestamp": 1768954093.0177457, "step": 158, "max_steps": 938, "loss": 7.467917442321777, "elapsed_time": 8.677524328231812, "prnt": false}
{"event": "training_step", "timestamp": 1768954093.0664983, "step": 159, "max_steps": 938, "loss": 7.45259952545166, "elapsed_time": 8.72646951675415, "prnt": false}
{"event": "training_step", "timestamp": 1768954093.1151161, "step": 160, "max_steps": 938, "loss": 7.466626167297363, "elapsed_time": 8.77493929862976, "prnt": false}
{"event": "training_step", "timestamp": 1768954093.163795, "step": 161, "max_steps": 938, "loss": 7.452213287353516, "elapsed_time": 8.823562860488892, "prnt": false}
{"event": "training_step", "timestamp": 1768954093.2125309, "step": 162, "max_steps": 938, "loss": 7.46136999130249, "elapsed_time": 8.872305154800415, "prnt": false}
{"event": "training_step", "timestamp": 1768954093.2611513, "step": 163, "max_steps": 938, "loss": 7.427212715148926, "elapsed_time": 8.92114520072937, "prnt": false}
{"event": "training_step", "timestamp": 1768954093.3098197, "step": 164, "max_steps": 938, "loss": 7.48634147644043, "elapsed_time": 8.969513416290283, "prnt": false}
{"event": "training_step", "timestamp": 1768954093.3584905, "step": 165, "max_steps": 938, "loss": 7.452445030212402, "elapsed_time": 9.018306016921997, "prnt": false}
{"event": "training_step", "timestamp": 1768954093.4071136, "step": 166, "max_steps": 938, "loss": 7.479739665985107, "elapsed_time": 9.066840171813965, "prnt": false}
{"event": "training_step", "timestamp": 1768954093.4557574, "step": 167, "max_steps": 938, "loss": 7.4666218757629395, "elapsed_time": 9.115418195724487, "prnt": false}
{"event": "training_step", "timestamp": 1768954093.5044634, "step": 168, "max_steps": 938, "loss": 7.417379379272461, "elapsed_time": 9.164202213287354, "prnt": false}
{"event": "training_step", "timestamp": 1768954093.5530849, "step": 169, "max_steps": 938, "loss": 7.430965423583984, "elapsed_time": 9.212895393371582, "prnt": false}
{"event": "training_step", "timestamp": 1768954093.6017768, "step": 170, "max_steps": 938, "loss": 7.480322360992432, "elapsed_time": 9.261437177658081, "prnt": false}
{"event": "training_step", "timestamp": 1768954093.650519, "step": 171, "max_steps": 938, "loss": 7.437999248504639, "elapsed_time": 9.310239791870117, "prnt": false}
{"event": "training_step", "timestamp": 1768954093.6991038, "step": 172, "max_steps": 938, "loss": 7.488029956817627, "elapsed_time": 9.358768701553345, "prnt": false}
{"event": "training_step", "timestamp": 1768954093.7477493, "step": 173, "max_steps": 938, "loss": 7.499425411224365, "elapsed_time": 9.40743613243103, "prnt": false}
{"event": "training_step", "timestamp": 1768954093.7964425, "step": 174, "max_steps": 938, "loss": 7.424166679382324, "elapsed_time": 9.456257581710815, "prnt": false}
{"event": "training_step", "timestamp": 1768954093.8450503, "step": 175, "max_steps": 938, "loss": 7.520042896270752, "elapsed_time": 9.504858016967773, "prnt": false}
{"event": "training_step", "timestamp": 1768954093.8936937, "step": 176, "max_steps": 938, "loss": 7.4210920333862305, "elapsed_time": 9.553427934646606, "prnt": false}
{"event": "validation_step", "timestamp": 1768954094.1243849, "step": 176, "max_steps": 938, "loss": 1.6119539411609476, "elapsed_time": 9.553427934646606}
{"event": "training_step", "timestamp": 1768954094.1732976, "step": 177, "max_steps": 938, "loss": 7.430721759796143, "elapsed_time": 9.833465099334717, "prnt": false}
{"event": "training_step", "timestamp": 1768954094.2219865, "step": 178, "max_steps": 938, "loss": 7.366408824920654, "elapsed_time": 9.88182258605957, "prnt": false}
{"event": "training_step", "timestamp": 1768954094.2706861, "step": 179, "max_steps": 938, "loss": 7.476006507873535, "elapsed_time": 9.930501461029053, "prnt": false}
{"event": "training_step", "timestamp": 1768954094.3194306, "step": 180, "max_steps": 938, "loss": 7.392208099365234, "elapsed_time": 9.979320526123047, "prnt": false}
{"event": "training_step", "timestamp": 1768954094.368165, "step": 181, "max_steps": 938, "loss": 7.461369514465332, "elapsed_time": 10.028061628341675, "prnt": false}
{"event": "training_step", "timestamp": 1768954094.4168246, "step": 182, "max_steps": 938, "loss": 7.446998596191406, "elapsed_time": 10.076686382293701, "prnt": false}
{"event": "training_step", "timestamp": 1768954094.4656432, "step": 183, "max_steps": 938, "loss": 7.395364761352539, "elapsed_time": 10.125248432159424, "prnt": false}
{"event": "training_step", "timestamp": 1768954094.5143218, "step": 184, "max_steps": 938, "loss": 7.489912986755371, "elapsed_time": 10.174078702926636, "prnt": false}
{"event": "training_step", "timestamp": 1768954094.5629773, "step": 185, "max_steps": 938, "loss": 7.48581600189209, "elapsed_time": 10.222656488418579, "prnt": false}
{"event": "training_step", "timestamp": 1768954094.611734, "step": 186, "max_steps": 938, "loss": 7.454164028167725, "elapsed_time": 10.271620750427246, "prnt": false}
{"event": "training_step", "timestamp": 1768954094.660456, "step": 187, "max_steps": 938, "loss": 7.434688091278076, "elapsed_time": 10.320221424102783, "prnt": false}
{"event": "training_step", "timestamp": 1768954094.709203, "step": 188, "max_steps": 938, "loss": 7.458212852478027, "elapsed_time": 10.368944883346558, "prnt": false}
{"event": "training_step", "timestamp": 1768954094.7579634, "step": 189, "max_steps": 938, "loss": 7.440258026123047, "elapsed_time": 10.417701721191406, "prnt": false}
{"event": "training_step", "timestamp": 1768954094.8066366, "step": 190, "max_steps": 938, "loss": 7.4338531494140625, "elapsed_time": 10.466330528259277, "prnt": false}
{"event": "training_step", "timestamp": 1768954094.855322, "step": 191, "max_steps": 938, "loss": 7.446884632110596, "elapsed_time": 10.51497220993042, "prnt": false}
{"event": "training_step", "timestamp": 1768954094.90409, "step": 192, "max_steps": 938, "loss": 7.397124290466309, "elapsed_time": 10.563786506652832, "prnt": false}
{"event": "training_step", "timestamp": 1768954094.952713, "step": 193, "max_steps": 938, "loss": 7.442812442779541, "elapsed_time": 10.612521409988403, "prnt": false}
{"event": "training_step", "timestamp": 1768954095.0013509, "step": 194, "max_steps": 938, "loss": 7.459756851196289, "elapsed_time": 10.661133766174316, "prnt": false}
{"event": "training_step", "timestamp": 1768954095.0500917, "step": 195, "max_steps": 938, "loss": 7.468998908996582, "elapsed_time": 10.709864377975464, "prnt": false}
{"event": "training_step", "timestamp": 1768954095.0987852, "step": 196, "max_steps": 938, "loss": 7.506308555603027, "elapsed_time": 10.758598327636719, "prnt": false}
{"event": "training_step", "timestamp": 1768954095.1474478, "step": 197, "max_steps": 938, "loss": 7.495903968811035, "elapsed_time": 10.807190895080566, "prnt": false}
{"event": "training_step", "timestamp": 1768954095.1961598, "step": 198, "max_steps": 938, "loss": 7.4044294357299805, "elapsed_time": 10.855849981307983, "prnt": false}
{"event": "training_step", "timestamp": 1768954095.2448373, "step": 199, "max_steps": 938, "loss": 7.47304630279541, "elapsed_time": 10.904583215713501, "prnt": false}
{"event": "training_step", "timestamp": 1768954095.2934995, "step": 200, "max_steps": 938, "loss": 7.397860527038574, "elapsed_time": 10.95329213142395, "prnt": false}
{"event": "training_step", "timestamp": 1768954095.342208, "step": 201, "max_steps": 938, "loss": 7.426793098449707, "elapsed_time": 11.001975536346436, "prnt": false}
{"event": "training_step", "timestamp": 1768954095.3908613, "step": 202, "max_steps": 938, "loss": 7.445347309112549, "elapsed_time": 11.050643920898438, "prnt": false}
{"event": "training_step", "timestamp": 1768954095.4395115, "step": 203, "max_steps": 938, "loss": 7.455585479736328, "elapsed_time": 11.099281072616577, "prnt": false}
{"event": "training_step", "timestamp": 1768954095.4882638, "step": 204, "max_steps": 938, "loss": 7.435703277587891, "elapsed_time": 11.14802074432373, "prnt": false}
{"event": "training_step", "timestamp": 1768954095.5368924, "step": 205, "max_steps": 938, "loss": 7.447950839996338, "elapsed_time": 11.19664192199707, "prnt": false}
{"event": "training_step", "timestamp": 1768954095.585625, "step": 206, "max_steps": 938, "loss": 7.48508358001709, "elapsed_time": 11.24535322189331, "prnt": false}
{"event": "training_step", "timestamp": 1768954095.6343453, "step": 207, "max_steps": 938, "loss": 7.390382766723633, "elapsed_time": 11.294166088104248, "prnt": false}
{"event": "training_step", "timestamp": 1768954095.6830676, "step": 208, "max_steps": 938, "loss": 7.4626665115356445, "elapsed_time": 11.342852354049683, "prnt": false}
{"event": "training_step", "timestamp": 1768954095.7317383, "step": 209, "max_steps": 938, "loss": 7.484134674072266, "elapsed_time": 11.39150595664978, "prnt": false}
{"event": "training_step", "timestamp": 1768954095.780483, "step": 210, "max_steps": 938, "loss": 7.423293590545654, "elapsed_time": 11.44025206565857, "prnt": false}
{"event": "training_step", "timestamp": 1768954095.8291638, "step": 211, "max_steps": 938, "loss": 7.408913612365723, "elapsed_time": 11.488905429840088, "prnt": false}
{"event": "training_step", "timestamp": 1768954095.877835, "step": 212, "max_steps": 938, "loss": 7.409620761871338, "elapsed_time": 11.537726402282715, "prnt": false}
{"event": "training_step", "timestamp": 1768954095.926606, "step": 213, "max_steps": 938, "loss": 7.44827938079834, "elapsed_time": 11.586251735687256, "prnt": false}
{"event": "training_step", "timestamp": 1768954095.9752614, "step": 214, "max_steps": 938, "loss": 7.413881301879883, "elapsed_time": 11.635023355484009, "prnt": false}
{"event": "training_step", "timestamp": 1768954096.0240512, "step": 215, "max_steps": 938, "loss": 7.406294345855713, "elapsed_time": 11.684059143066406, "prnt": false}
{"event": "training_step", "timestamp": 1768954096.07283, "step": 216, "max_steps": 938, "loss": 7.409002780914307, "elapsed_time": 11.732711553573608, "prnt": false}
{"event": "training_step", "timestamp": 1768954096.1215432, "step": 217, "max_steps": 938, "loss": 7.44437837600708, "elapsed_time": 11.78131651878357, "prnt": false}
{"event": "training_step", "timestamp": 1768954096.1702907, "step": 218, "max_steps": 938, "loss": 7.4119553565979, "elapsed_time": 11.829907417297363, "prnt": false}
{"event": "training_step", "timestamp": 1768954096.219008, "step": 219, "max_steps": 938, "loss": 7.428990840911865, "elapsed_time": 11.878931283950806, "prnt": false}
{"event": "training_step", "timestamp": 1768954096.2677257, "step": 220, "max_steps": 938, "loss": 7.446082592010498, "elapsed_time": 11.927491664886475, "prnt": false}
{"event": "validation_step", "timestamp": 1768954096.4986093, "step": 220, "max_steps": 938, "loss": 1.6066782559958828, "elapsed_time": 11.927491664886475}
{"event": "training_step", "timestamp": 1768954096.5475197, "step": 221, "max_steps": 938, "loss": 7.454959869384766, "elapsed_time": 12.207310199737549, "prnt": false}
{"event": "training_step", "timestamp": 1768954096.5963004, "step": 222, "max_steps": 938, "loss": 7.3843302726745605, "elapsed_time": 12.256078004837036, "prnt": false}
{"event": "training_step", "timestamp": 1768954096.6450472, "step": 223, "max_steps": 938, "loss": 7.370966911315918, "elapsed_time": 12.304774284362793, "prnt": false}
{"event": "training_step", "timestamp": 1768954096.6937933, "step": 224, "max_steps": 938, "loss": 7.518815517425537, "elapsed_time": 12.353489398956299, "prnt": false}
{"event": "training_step", "timestamp": 1768954096.7426295, "step": 225, "max_steps": 938, "loss": 7.4290452003479, "elapsed_time": 12.402360200881958, "prnt": false}
{"event": "training_step", "timestamp": 1768954096.7914002, "step": 226, "max_steps": 938, "loss": 7.426014423370361, "elapsed_time": 12.451143741607666, "prnt": false}
{"event": "training_step", "timestamp": 1768954096.840136, "step": 227, "max_steps": 938, "loss": 7.38560152053833, "elapsed_time": 12.49977707862854, "prnt": false}
{"event": "training_step", "timestamp": 1768954096.8889153, "step": 228, "max_steps": 938, "loss": 7.45198917388916, "elapsed_time": 12.54873275756836, "prnt": false}
{"event": "training_step", "timestamp": 1768954096.9376395, "step": 229, "max_steps": 938, "loss": 7.390709400177002, "elapsed_time": 12.597341060638428, "prnt": false}
{"event": "training_step", "timestamp": 1768954096.9863868, "step": 230, "max_steps": 938, "loss": 7.466961860656738, "elapsed_time": 12.646084308624268, "prnt": false}
{"event": "training_step", "timestamp": 1768954097.0351346, "step": 231, "max_steps": 938, "loss": 7.460379123687744, "elapsed_time": 12.694909572601318, "prnt": false}
{"event": "training_step", "timestamp": 1768954097.083806, "step": 232, "max_steps": 938, "loss": 7.403238773345947, "elapsed_time": 12.74357008934021, "prnt": false}
{"event": "training_step", "timestamp": 1768954097.1324742, "step": 233, "max_steps": 938, "loss": 7.4921488761901855, "elapsed_time": 12.792148351669312, "prnt": false}
{"event": "training_step", "timestamp": 1768954097.1812198, "step": 234, "max_steps": 938, "loss": 7.439914703369141, "elapsed_time": 12.841104745864868, "prnt": false}
{"event": "training_step", "timestamp": 1768954097.2299376, "step": 235, "max_steps": 938, "loss": 7.407568454742432, "elapsed_time": 12.889705657958984, "prnt": false}
{"event": "training_step", "timestamp": 1768954097.2786324, "step": 236, "max_steps": 938, "loss": 7.403930187225342, "elapsed_time": 12.93843150138855, "prnt": false}
{"event": "training_step", "timestamp": 1768954097.3274593, "step": 237, "max_steps": 938, "loss": 7.459169387817383, "elapsed_time": 12.987290382385254, "prnt": false}
{"event": "training_step", "timestamp": 1768954097.3761382, "step": 238, "max_steps": 938, "loss": 7.407439231872559, "elapsed_time": 13.035876035690308, "prnt": false}
{"event": "training_step", "timestamp": 1768954097.424883, "step": 239, "max_steps": 938, "loss": 7.388713359832764, "elapsed_time": 13.084571361541748, "prnt": false}
{"event": "training_step", "timestamp": 1768954097.4736493, "step": 240, "max_steps": 938, "loss": 7.407752513885498, "elapsed_time": 13.13333797454834, "prnt": false}
{"event": "training_step", "timestamp": 1768954097.5223544, "step": 241, "max_steps": 938, "loss": 7.430235862731934, "elapsed_time": 13.18208122253418, "prnt": false}
{"event": "training_step", "timestamp": 1768954097.5710523, "step": 242, "max_steps": 938, "loss": 7.397846221923828, "elapsed_time": 13.230708360671997, "prnt": false}
{"event": "training_step", "timestamp": 1768954097.6198392, "step": 243, "max_steps": 938, "loss": 7.405573844909668, "elapsed_time": 13.279745101928711, "prnt": false}
{"event": "training_step", "timestamp": 1768954097.668615, "step": 244, "max_steps": 938, "loss": 7.467475891113281, "elapsed_time": 13.32839035987854, "prnt": false}
{"event": "training_step", "timestamp": 1768954097.7173095, "step": 245, "max_steps": 938, "loss": 7.409290313720703, "elapsed_time": 13.377071857452393, "prnt": false}
{"event": "training_step", "timestamp": 1768954097.7661164, "step": 246, "max_steps": 938, "loss": 7.386180877685547, "elapsed_time": 13.425772905349731, "prnt": false}
{"event": "training_step", "timestamp": 1768954097.81485, "step": 247, "max_steps": 938, "loss": 7.3472137451171875, "elapsed_time": 13.474578619003296, "prnt": false}
{"event": "training_step", "timestamp": 1768954097.863585, "step": 248, "max_steps": 938, "loss": 7.445233345031738, "elapsed_time": 13.523320436477661, "prnt": false}
{"event": "training_step", "timestamp": 1768954097.9123552, "step": 249, "max_steps": 938, "loss": 7.414928436279297, "elapsed_time": 13.572085857391357, "prnt": false}
{"event": "training_step", "timestamp": 1768954097.9610722, "step": 250, "max_steps": 938, "loss": 7.3300604820251465, "elapsed_time": 13.620834827423096, "prnt": false}
{"event": "training_step", "timestamp": 1768954098.009802, "step": 251, "max_steps": 938, "loss": 7.41011905670166, "elapsed_time": 13.66988730430603, "prnt": false}
{"event": "training_step", "timestamp": 1768954098.0586095, "step": 252, "max_steps": 938, "loss": 7.412333011627197, "elapsed_time": 13.718241214752197, "prnt": false}
{"event": "training_step", "timestamp": 1768954098.1073685, "step": 253, "max_steps": 938, "loss": 7.384822845458984, "elapsed_time": 13.766858577728271, "prnt": false}
{"event": "training_step", "timestamp": 1768954098.1561108, "step": 254, "max_steps": 938, "loss": 7.41204309463501, "elapsed_time": 13.815570831298828, "prnt": false}
{"event": "training_step", "timestamp": 1768954098.2048829, "step": 255, "max_steps": 938, "loss": 7.369755268096924, "elapsed_time": 13.864375114440918, "prnt": false}
{"event": "training_step", "timestamp": 1768954098.2536237, "step": 256, "max_steps": 938, "loss": 7.432792663574219, "elapsed_time": 13.913148403167725, "prnt": false}
{"event": "training_step", "timestamp": 1768954098.3026066, "step": 257, "max_steps": 938, "loss": 7.364170551300049, "elapsed_time": 13.961917161941528, "prnt": false}
{"event": "training_step", "timestamp": 1768954098.35145, "step": 258, "max_steps": 938, "loss": 7.418344497680664, "elapsed_time": 14.010900020599365, "prnt": false}
{"event": "training_step", "timestamp": 1768954098.4001787, "step": 259, "max_steps": 938, "loss": 7.374867916107178, "elapsed_time": 14.059629201889038, "prnt": false}
{"event": "training_step", "timestamp": 1768954098.4489658, "step": 260, "max_steps": 938, "loss": 7.415683269500732, "elapsed_time": 14.10840129852295, "prnt": false}
{"event": "training_step", "timestamp": 1768954098.4977703, "step": 261, "max_steps": 938, "loss": 7.418522357940674, "elapsed_time": 14.157283067703247, "prnt": false}
{"event": "training_step", "timestamp": 1768954098.5465295, "step": 262, "max_steps": 938, "loss": 7.407074928283691, "elapsed_time": 14.206006050109863, "prnt": false}
{"event": "training_step", "timestamp": 1768954098.595249, "step": 263, "max_steps": 938, "loss": 7.4318060874938965, "elapsed_time": 14.254793167114258, "prnt": false}
{"event": "training_step", "timestamp": 1768954098.644059, "step": 264, "max_steps": 938, "loss": 7.434306621551514, "elapsed_time": 14.30357027053833, "prnt": false}
{"event": "validation_step", "timestamp": 1768954098.875188, "step": 264, "max_steps": 938, "loss": 1.5965995691162354, "elapsed_time": 14.30357027053833}
{"event": "training_step", "timestamp": 1768954098.9240603, "step": 265, "max_steps": 938, "loss": 7.351558208465576, "elapsed_time": 14.583542823791504, "prnt": false}
{"event": "training_step", "timestamp": 1768954098.9728403, "step": 266, "max_steps": 938, "loss": 7.395762920379639, "elapsed_time": 14.632281064987183, "prnt": false}
{"event": "training_step", "timestamp": 1768954099.0216124, "step": 267, "max_steps": 938, "loss": 7.372775077819824, "elapsed_time": 14.681140184402466, "prnt": false}
{"event": "training_step", "timestamp": 1768954099.070371, "step": 268, "max_steps": 938, "loss": 7.417658805847168, "elapsed_time": 14.729827165603638, "prnt": false}
{"event": "training_step", "timestamp": 1768954099.1192915, "step": 269, "max_steps": 938, "loss": 7.4363017082214355, "elapsed_time": 14.778825521469116, "prnt": false}
{"event": "training_step", "timestamp": 1768954099.168037, "step": 270, "max_steps": 938, "loss": 7.393282890319824, "elapsed_time": 14.827479124069214, "prnt": false}
{"event": "training_step", "timestamp": 1768954099.2167466, "step": 271, "max_steps": 938, "loss": 7.3508830070495605, "elapsed_time": 14.876253128051758, "prnt": false}
{"event": "training_step", "timestamp": 1768954099.265561, "step": 272, "max_steps": 938, "loss": 7.409905910491943, "elapsed_time": 14.925119638442993, "prnt": false}
{"event": "training_step", "timestamp": 1768954099.3142514, "step": 273, "max_steps": 938, "loss": 7.381917953491211, "elapsed_time": 14.973739862442017, "prnt": false}
{"event": "training_step", "timestamp": 1768954099.363023, "step": 274, "max_steps": 938, "loss": 7.391600608825684, "elapsed_time": 15.022670984268188, "prnt": false}
{"event": "training_step", "timestamp": 1768954099.4117522, "step": 275, "max_steps": 938, "loss": 7.380670547485352, "elapsed_time": 15.071317434310913, "prnt": false}
{"event": "training_step", "timestamp": 1768954099.4604683, "step": 276, "max_steps": 938, "loss": 7.435306549072266, "elapsed_time": 15.11996579170227, "prnt": false}
{"event": "training_step", "timestamp": 1768954099.5091848, "step": 277, "max_steps": 938, "loss": 7.411152362823486, "elapsed_time": 15.168681144714355, "prnt": false}
{"event": "training_step", "timestamp": 1768954099.5579557, "step": 278, "max_steps": 938, "loss": 7.444919109344482, "elapsed_time": 15.217467069625854, "prnt": false}
{"event": "training_step", "timestamp": 1768954099.6067088, "step": 279, "max_steps": 938, "loss": 7.383200645446777, "elapsed_time": 15.26619815826416, "prnt": false}
{"event": "training_step", "timestamp": 1768954099.6553664, "step": 280, "max_steps": 938, "loss": 7.423126220703125, "elapsed_time": 15.31492567062378, "prnt": false}
{"event": "training_step", "timestamp": 1768954099.7041364, "step": 281, "max_steps": 938, "loss": 7.398346900939941, "elapsed_time": 15.363703727722168, "prnt": false}
{"event": "training_step", "timestamp": 1768954099.7528303, "step": 282, "max_steps": 938, "loss": 7.424809455871582, "elapsed_time": 15.412355422973633, "prnt": false}
{"event": "training_step", "timestamp": 1768954099.8015287, "step": 283, "max_steps": 938, "loss": 7.403536796569824, "elapsed_time": 15.461146116256714, "prnt": false}
{"event": "training_step", "timestamp": 1768954099.8502493, "step": 284, "max_steps": 938, "loss": 7.386086940765381, "elapsed_time": 15.509893417358398, "prnt": false}
{"event": "training_step", "timestamp": 1768954099.8989258, "step": 285, "max_steps": 938, "loss": 7.396235942840576, "elapsed_time": 15.558508157730103, "prnt": false}
{"event": "training_step", "timestamp": 1768954099.9476612, "step": 286, "max_steps": 938, "loss": 7.40917444229126, "elapsed_time": 15.6071457862854, "prnt": false}
{"event": "training_step", "timestamp": 1768954099.9964523, "step": 287, "max_steps": 938, "loss": 7.428915977478027, "elapsed_time": 15.65602707862854, "prnt": false}
{"event": "training_step", "timestamp": 1768954100.0452478, "step": 288, "max_steps": 938, "loss": 7.443301200866699, "elapsed_time": 15.7052481174469, "prnt": false}
{"event": "training_step", "timestamp": 1768954100.0939195, "step": 289, "max_steps": 938, "loss": 7.408596038818359, "elapsed_time": 15.753572463989258, "prnt": false}
{"event": "training_step", "timestamp": 1768954100.1427534, "step": 290, "max_steps": 938, "loss": 7.415406227111816, "elapsed_time": 15.8023362159729, "prnt": false}
{"event": "training_step", "timestamp": 1768954100.1914434, "step": 291, "max_steps": 938, "loss": 7.393922328948975, "elapsed_time": 15.850970268249512, "prnt": false}
{"event": "training_step", "timestamp": 1768954100.2401426, "step": 292, "max_steps": 938, "loss": 7.408906936645508, "elapsed_time": 15.89962363243103, "prnt": false}
{"event": "training_step", "timestamp": 1768954100.2889383, "step": 293, "max_steps": 938, "loss": 7.388435363769531, "elapsed_time": 15.948435068130493, "prnt": false}
{"event": "training_step", "timestamp": 1768954100.337636, "step": 294, "max_steps": 938, "loss": 7.4021315574646, "elapsed_time": 15.997204065322876, "prnt": false}
{"event": "training_step", "timestamp": 1768954100.386401, "step": 295, "max_steps": 938, "loss": 7.3699750900268555, "elapsed_time": 16.045871019363403, "prnt": false}
{"event": "training_step", "timestamp": 1768954100.4351568, "step": 296, "max_steps": 938, "loss": 7.381313323974609, "elapsed_time": 16.094695568084717, "prnt": false}
{"event": "training_step", "timestamp": 1768954100.4838653, "step": 297, "max_steps": 938, "loss": 7.341696262359619, "elapsed_time": 16.143417835235596, "prnt": false}
{"event": "training_step", "timestamp": 1768954100.532599, "step": 298, "max_steps": 938, "loss": 7.394180774688721, "elapsed_time": 16.19215440750122, "prnt": false}
{"event": "training_step", "timestamp": 1768954100.5814097, "step": 299, "max_steps": 938, "loss": 7.345084190368652, "elapsed_time": 16.24090886116028, "prnt": false}
{"event": "training_step", "timestamp": 1768954100.630103, "step": 300, "max_steps": 938, "loss": 7.3830389976501465, "elapsed_time": 16.289583444595337, "prnt": false}
{"event": "training_step", "timestamp": 1768954100.6787953, "step": 301, "max_steps": 938, "loss": 7.369496822357178, "elapsed_time": 16.338343143463135, "prnt": false}
{"event": "training_step", "timestamp": 1768954100.7276113, "step": 302, "max_steps": 938, "loss": 7.3285040855407715, "elapsed_time": 16.38713765144348, "prnt": false}
{"event": "training_step", "timestamp": 1768954100.7763197, "step": 303, "max_steps": 938, "loss": 7.343026161193848, "elapsed_time": 16.43610715866089, "prnt": false}
{"event": "training_step", "timestamp": 1768954100.8250523, "step": 304, "max_steps": 938, "loss": 7.393494129180908, "elapsed_time": 16.484705448150635, "prnt": false}
{"event": "training_step", "timestamp": 1768954100.8737786, "step": 305, "max_steps": 938, "loss": 7.367085933685303, "elapsed_time": 16.533512115478516, "prnt": false}
{"event": "training_step", "timestamp": 1768954100.9224515, "step": 306, "max_steps": 938, "loss": 7.4159040451049805, "elapsed_time": 16.582179069519043, "prnt": false}
{"event": "training_step", "timestamp": 1768954100.9711864, "step": 307, "max_steps": 938, "loss": 7.433554172515869, "elapsed_time": 16.63088870048523, "prnt": false}
{"event": "training_step", "timestamp": 1768954101.02003, "step": 308, "max_steps": 938, "loss": 7.359405040740967, "elapsed_time": 16.679671049118042, "prnt": false}
{"event": "validation_step", "timestamp": 1768954101.2513387, "step": 308, "max_steps": 938, "loss": 1.5991207550256297, "elapsed_time": 16.679671049118042}
{"event": "training_step", "timestamp": 1768954101.3002064, "step": 309, "max_steps": 938, "loss": 7.473171710968018, "elapsed_time": 16.959983825683594, "prnt": false}
{"event": "training_step", "timestamp": 1768954101.3489864, "step": 310, "max_steps": 938, "loss": 7.359968185424805, "elapsed_time": 17.00860095024109, "prnt": false}
{"event": "training_step", "timestamp": 1768954101.3978379, "step": 311, "max_steps": 938, "loss": 7.370136737823486, "elapsed_time": 17.05739450454712, "prnt": false}
{"event": "training_step", "timestamp": 1768954101.4465876, "step": 312, "max_steps": 938, "loss": 7.3055500984191895, "elapsed_time": 17.10619354248047, "prnt": false}
{"event": "training_step", "timestamp": 1768954101.4953258, "step": 313, "max_steps": 938, "loss": 7.404173851013184, "elapsed_time": 17.154938220977783, "prnt": false}
{"event": "training_step", "timestamp": 1768954101.544172, "step": 314, "max_steps": 938, "loss": 7.328108787536621, "elapsed_time": 17.20382070541382, "prnt": false}
{"event": "training_step", "timestamp": 1768954101.5929098, "step": 315, "max_steps": 938, "loss": 7.390981197357178, "elapsed_time": 17.252556085586548, "prnt": false}
{"event": "training_step", "timestamp": 1768954101.6416407, "step": 316, "max_steps": 938, "loss": 7.386177062988281, "elapsed_time": 17.301326513290405, "prnt": false}
{"event": "training_step", "timestamp": 1768954101.6904309, "step": 317, "max_steps": 938, "loss": 7.334157466888428, "elapsed_time": 17.350123643875122, "prnt": false}
{"event": "training_step", "timestamp": 1768954101.7391658, "step": 318, "max_steps": 938, "loss": 7.413343906402588, "elapsed_time": 17.398967266082764, "prnt": false}
{"event": "training_step", "timestamp": 1768954101.7878807, "step": 319, "max_steps": 938, "loss": 7.419719696044922, "elapsed_time": 17.44749116897583, "prnt": false}
{"event": "training_step", "timestamp": 1768954101.8366659, "step": 320, "max_steps": 938, "loss": 7.370761871337891, "elapsed_time": 17.49639630317688, "prnt": false}
{"event": "training_step", "timestamp": 1768954101.8853965, "step": 321, "max_steps": 938, "loss": 7.348930358886719, "elapsed_time": 17.545063018798828, "prnt": false}
{"event": "training_step", "timestamp": 1768954101.9340966, "step": 322, "max_steps": 938, "loss": 7.382102966308594, "elapsed_time": 17.593809127807617, "prnt": false}
{"event": "training_step", "timestamp": 1768954101.9828966, "step": 323, "max_steps": 938, "loss": 7.37227201461792, "elapsed_time": 17.642544507980347, "prnt": false}
{"event": "training_step", "timestamp": 1768954102.0316064, "step": 324, "max_steps": 938, "loss": 7.357028961181641, "elapsed_time": 17.691319227218628, "prnt": false}
{"event": "training_step", "timestamp": 1768954102.0804083, "step": 325, "max_steps": 938, "loss": 7.367096900939941, "elapsed_time": 17.740422248840332, "prnt": false}
{"event": "training_step", "timestamp": 1768954102.1292176, "step": 326, "max_steps": 938, "loss": 7.340855598449707, "elapsed_time": 17.788902044296265, "prnt": false}
{"event": "training_step", "timestamp": 1768954102.1779132, "step": 327, "max_steps": 938, "loss": 7.371389865875244, "elapsed_time": 17.83764386177063, "prnt": false}
{"event": "training_step", "timestamp": 1768954102.2266126, "step": 328, "max_steps": 938, "loss": 7.402660846710205, "elapsed_time": 17.886268615722656, "prnt": false}
{"event": "training_step", "timestamp": 1768954102.2754295, "step": 329, "max_steps": 938, "loss": 7.420912742614746, "elapsed_time": 17.9351589679718, "prnt": false}
{"event": "training_step", "timestamp": 1768954102.3242106, "step": 330, "max_steps": 938, "loss": 7.454391002655029, "elapsed_time": 17.983920335769653, "prnt": false}
{"event": "training_step", "timestamp": 1768954102.3729465, "step": 331, "max_steps": 938, "loss": 7.444664001464844, "elapsed_time": 18.032637357711792, "prnt": false}
{"event": "training_step", "timestamp": 1768954102.421863, "step": 332, "max_steps": 938, "loss": 7.353257656097412, "elapsed_time": 18.081939697265625, "prnt": false}
{"event": "training_step", "timestamp": 1768954102.470749, "step": 333, "max_steps": 938, "loss": 7.421431541442871, "elapsed_time": 18.131261348724365, "prnt": false}
{"event": "training_step", "timestamp": 1768954102.51948, "step": 334, "max_steps": 938, "loss": 7.3339643478393555, "elapsed_time": 18.17923092842102, "prnt": false}
{"event": "training_step", "timestamp": 1768954102.568502, "step": 335, "max_steps": 938, "loss": 7.356217861175537, "elapsed_time": 18.228716135025024, "prnt": false}
{"event": "training_step", "timestamp": 1768954102.6172342, "step": 336, "max_steps": 938, "loss": 7.363607883453369, "elapsed_time": 18.277092218399048, "prnt": false}
{"event": "training_step", "timestamp": 1768954102.666125, "step": 337, "max_steps": 938, "loss": 7.386614799499512, "elapsed_time": 18.32625651359558, "prnt": false}
{"event": "training_step", "timestamp": 1768954102.714946, "step": 338, "max_steps": 938, "loss": 7.356459140777588, "elapsed_time": 18.375000715255737, "prnt": false}
{"event": "training_step", "timestamp": 1768954102.7637727, "step": 339, "max_steps": 938, "loss": 7.3664350509643555, "elapsed_time": 18.423412322998047, "prnt": false}
{"event": "training_step", "timestamp": 1768954102.8124833, "step": 340, "max_steps": 938, "loss": 7.404474258422852, "elapsed_time": 18.472215175628662, "prnt": false}
{"event": "training_step", "timestamp": 1768954102.8613439, "step": 341, "max_steps": 938, "loss": 7.3099894523620605, "elapsed_time": 18.520997524261475, "prnt": false}
{"event": "training_step", "timestamp": 1768954102.9101026, "step": 342, "max_steps": 938, "loss": 7.394684314727783, "elapsed_time": 18.569744348526, "prnt": false}
{"event": "training_step", "timestamp": 1768954102.958818, "step": 343, "max_steps": 938, "loss": 7.4174675941467285, "elapsed_time": 18.618446588516235, "prnt": false}
{"event": "training_step", "timestamp": 1768954103.0076644, "step": 344, "max_steps": 938, "loss": 7.341047286987305, "elapsed_time": 18.667421579360962, "prnt": false}
{"event": "training_step", "timestamp": 1768954103.0563493, "step": 345, "max_steps": 938, "loss": 7.341698169708252, "elapsed_time": 18.71605110168457, "prnt": false}
{"event": "training_step", "timestamp": 1768954103.1050842, "step": 346, "max_steps": 938, "loss": 7.338855743408203, "elapsed_time": 18.764779567718506, "prnt": false}
{"event": "training_step", "timestamp": 1768954103.1538796, "step": 347, "max_steps": 938, "loss": 7.3834547996521, "elapsed_time": 18.813557147979736, "prnt": false}
{"event": "training_step", "timestamp": 1768954103.2025797, "step": 348, "max_steps": 938, "loss": 7.359433650970459, "elapsed_time": 18.862326622009277, "prnt": false}
{"event": "training_step", "timestamp": 1768954103.2512765, "step": 349, "max_steps": 938, "loss": 7.352353096008301, "elapsed_time": 18.91100788116455, "prnt": false}
{"event": "training_step", "timestamp": 1768954103.300086, "step": 350, "max_steps": 938, "loss": 7.353183746337891, "elapsed_time": 18.95979118347168, "prnt": false}
{"event": "training_step", "timestamp": 1768954103.348866, "step": 351, "max_steps": 938, "loss": 7.395516395568848, "elapsed_time": 19.008801698684692, "prnt": false}
{"event": "training_step", "timestamp": 1768954103.3975668, "step": 352, "max_steps": 938, "loss": 7.363980770111084, "elapsed_time": 19.057320594787598, "prnt": false}
{"event": "validation_step", "timestamp": 1768954103.6290658, "step": 352, "max_steps": 938, "loss": 1.5893530281035912, "elapsed_time": 19.057320594787598}
{"event": "training_step", "timestamp": 1768954103.6780155, "step": 353, "max_steps": 938, "loss": 7.378640651702881, "elapsed_time": 19.337662935256958, "prnt": false}
{"event": "training_step", "timestamp": 1768954103.7267754, "step": 354, "max_steps": 938, "loss": 7.393331050872803, "elapsed_time": 19.38645076751709, "prnt": false}
{"event": "training_step", "timestamp": 1768954103.7755713, "step": 355, "max_steps": 938, "loss": 7.400736331939697, "elapsed_time": 19.43511390686035, "prnt": false}
{"event": "training_step", "timestamp": 1768954103.8244245, "step": 356, "max_steps": 938, "loss": 7.325598239898682, "elapsed_time": 19.484038591384888, "prnt": false}
{"event": "training_step", "timestamp": 1768954103.873214, "step": 357, "max_steps": 938, "loss": 7.3051862716674805, "elapsed_time": 19.53280234336853, "prnt": false}
{"event": "training_step", "timestamp": 1768954103.9220047, "step": 358, "max_steps": 938, "loss": 7.447691917419434, "elapsed_time": 19.581616163253784, "prnt": false}
{"event": "training_step", "timestamp": 1768954103.970882, "step": 359, "max_steps": 938, "loss": 7.3581085205078125, "elapsed_time": 19.630507707595825, "prnt": false}
{"event": "training_step", "timestamp": 1768954104.0196722, "step": 360, "max_steps": 938, "loss": 7.338695526123047, "elapsed_time": 19.679293870925903, "prnt": false}
{"event": "training_step", "timestamp": 1768954104.0685053, "step": 361, "max_steps": 938, "loss": 7.310291767120361, "elapsed_time": 19.728349924087524, "prnt": false}
{"event": "training_step", "timestamp": 1768954104.1173468, "step": 362, "max_steps": 938, "loss": 7.383234977722168, "elapsed_time": 19.77734398841858, "prnt": false}
{"event": "training_step", "timestamp": 1768954104.1661553, "step": 363, "max_steps": 938, "loss": 7.31853723526001, "elapsed_time": 19.82582378387451, "prnt": false}
{"event": "training_step", "timestamp": 1768954104.214882, "step": 364, "max_steps": 938, "loss": 7.398991107940674, "elapsed_time": 19.8745174407959, "prnt": false}
{"event": "training_step", "timestamp": 1768954104.2637355, "step": 365, "max_steps": 938, "loss": 7.388055324554443, "elapsed_time": 19.92337203025818, "prnt": false}
{"event": "training_step", "timestamp": 1768954104.3124552, "step": 366, "max_steps": 938, "loss": 7.3377909660339355, "elapsed_time": 19.972140550613403, "prnt": false}
{"event": "training_step", "timestamp": 1768954104.3612947, "step": 367, "max_steps": 938, "loss": 7.419548034667969, "elapsed_time": 20.021331310272217, "prnt": false}
{"event": "training_step", "timestamp": 1768954104.4101095, "step": 368, "max_steps": 938, "loss": 7.374267101287842, "elapsed_time": 20.06982731819153, "prnt": false}
{"event": "training_step", "timestamp": 1768954104.45887, "step": 369, "max_steps": 938, "loss": 7.349184513092041, "elapsed_time": 20.11850380897522, "prnt": false}
{"event": "training_step", "timestamp": 1768954104.5076513, "step": 370, "max_steps": 938, "loss": 7.332888126373291, "elapsed_time": 20.167283535003662, "prnt": false}
{"event": "training_step", "timestamp": 1768954104.5564795, "step": 371, "max_steps": 938, "loss": 7.397813320159912, "elapsed_time": 20.216144323349, "prnt": false}
{"event": "training_step", "timestamp": 1768954104.6052535, "step": 372, "max_steps": 938, "loss": 7.346108436584473, "elapsed_time": 20.264845371246338, "prnt": false}
{"event": "training_step", "timestamp": 1768954104.65398, "step": 373, "max_steps": 938, "loss": 7.335209369659424, "elapsed_time": 20.313650131225586, "prnt": false}
{"event": "training_step", "timestamp": 1768954104.7028534, "step": 374, "max_steps": 938, "loss": 7.349518299102783, "elapsed_time": 20.36237144470215, "prnt": false}
{"event": "training_step", "timestamp": 1768954104.751627, "step": 375, "max_steps": 938, "loss": 7.383638381958008, "elapsed_time": 20.411301851272583, "prnt": false}
{"event": "training_step", "timestamp": 1768954104.8003888, "step": 376, "max_steps": 938, "loss": 7.338680744171143, "elapsed_time": 20.460081815719604, "prnt": false}
{"event": "training_step", "timestamp": 1768954104.8492222, "step": 377, "max_steps": 938, "loss": 7.345442295074463, "elapsed_time": 20.50879216194153, "prnt": false}
{"event": "training_step", "timestamp": 1768954104.8979602, "step": 378, "max_steps": 938, "loss": 7.412248611450195, "elapsed_time": 20.557649612426758, "prnt": false}
{"event": "training_step", "timestamp": 1768954104.946768, "step": 379, "max_steps": 938, "loss": 7.353414058685303, "elapsed_time": 20.606428623199463, "prnt": false}
{"event": "training_step", "timestamp": 1768954104.9956028, "step": 380, "max_steps": 938, "loss": 7.326656341552734, "elapsed_time": 20.655308961868286, "prnt": false}
{"event": "training_step", "timestamp": 1768954105.0443761, "step": 381, "max_steps": 938, "loss": 7.291522026062012, "elapsed_time": 20.703959226608276, "prnt": false}
{"event": "training_step", "timestamp": 1768954105.093131, "step": 382, "max_steps": 938, "loss": 7.390811443328857, "elapsed_time": 20.752719402313232, "prnt": false}
{"event": "training_step", "timestamp": 1768954105.1419506, "step": 383, "max_steps": 938, "loss": 7.361736297607422, "elapsed_time": 20.801637887954712, "prnt": false}
{"event": "training_step", "timestamp": 1768954105.190744, "step": 384, "max_steps": 938, "loss": 7.282958030700684, "elapsed_time": 20.8503897190094, "prnt": false}
{"event": "training_step", "timestamp": 1768954105.2394981, "step": 385, "max_steps": 938, "loss": 7.3535895347595215, "elapsed_time": 20.899096250534058, "prnt": false}
{"event": "training_step", "timestamp": 1768954105.2883115, "step": 386, "max_steps": 938, "loss": 7.358582496643066, "elapsed_time": 20.947973251342773, "prnt": false}
{"event": "training_step", "timestamp": 1768954105.3370328, "step": 387, "max_steps": 938, "loss": 7.342537879943848, "elapsed_time": 20.99682378768921, "prnt": false}
{"event": "training_step", "timestamp": 1768954105.3858445, "step": 388, "max_steps": 938, "loss": 7.3551859855651855, "elapsed_time": 21.04538059234619, "prnt": false}
{"event": "training_step", "timestamp": 1768954105.4346704, "step": 389, "max_steps": 938, "loss": 7.322120666503906, "elapsed_time": 21.09437370300293, "prnt": false}
{"event": "training_step", "timestamp": 1768954105.4837155, "step": 390, "max_steps": 938, "loss": 7.365495204925537, "elapsed_time": 21.143014907836914, "prnt": false}
{"event": "training_step", "timestamp": 1768954105.5324993, "step": 391, "max_steps": 938, "loss": 7.304542064666748, "elapsed_time": 21.192110776901245, "prnt": false}
{"event": "training_step", "timestamp": 1768954105.5813947, "step": 392, "max_steps": 938, "loss": 7.357513904571533, "elapsed_time": 21.24102210998535, "prnt": false}
{"event": "training_step", "timestamp": 1768954105.6301596, "step": 393, "max_steps": 938, "loss": 7.317480564117432, "elapsed_time": 21.28976559638977, "prnt": false}
{"event": "training_step", "timestamp": 1768954105.6792073, "step": 394, "max_steps": 938, "loss": 7.357351779937744, "elapsed_time": 21.339726448059082, "prnt": false}
{"event": "training_step", "timestamp": 1768954105.7281382, "step": 395, "max_steps": 938, "loss": 7.346879959106445, "elapsed_time": 21.38783884048462, "prnt": false}
{"event": "training_step", "timestamp": 1768954105.7768872, "step": 396, "max_steps": 938, "loss": 7.326921463012695, "elapsed_time": 21.436622858047485, "prnt": false}
{"event": "validation_step", "timestamp": 1768954106.0087168, "step": 396, "max_steps": 938, "loss": 1.5844518805449728, "elapsed_time": 21.436622858047485}
{"event": "training_step", "timestamp": 1768954106.0577354, "step": 397, "max_steps": 938, "loss": 7.378321170806885, "elapsed_time": 21.71727466583252, "prnt": false}
{"event": "training_step", "timestamp": 1768954106.1068065, "step": 398, "max_steps": 938, "loss": 7.377343654632568, "elapsed_time": 21.766839027404785, "prnt": false}
{"event": "training_step", "timestamp": 1768954106.1556435, "step": 399, "max_steps": 938, "loss": 7.287393569946289, "elapsed_time": 21.8152916431427, "prnt": false}
{"event": "training_step", "timestamp": 1768954106.2044847, "step": 400, "max_steps": 938, "loss": 7.325479030609131, "elapsed_time": 21.864105939865112, "prnt": false}
{"event": "training_step", "timestamp": 1768954106.2533865, "step": 401, "max_steps": 938, "loss": 7.29920768737793, "elapsed_time": 21.913031816482544, "prnt": false}
{"event": "training_step", "timestamp": 1768954106.30219, "step": 402, "max_steps": 938, "loss": 7.36776876449585, "elapsed_time": 21.96197009086609, "prnt": false}
{"event": "training_step", "timestamp": 1768954106.3511937, "step": 403, "max_steps": 938, "loss": 7.402906894683838, "elapsed_time": 22.01087474822998, "prnt": false}
{"event": "training_step", "timestamp": 1768954106.399991, "step": 404, "max_steps": 938, "loss": 7.308740139007568, "elapsed_time": 22.059640169143677, "prnt": false}
{"event": "training_step", "timestamp": 1768954106.448809, "step": 405, "max_steps": 938, "loss": 7.316458225250244, "elapsed_time": 22.10852336883545, "prnt": false}
{"event": "training_step", "timestamp": 1768954106.4976938, "step": 406, "max_steps": 938, "loss": 7.376213073730469, "elapsed_time": 22.157286643981934, "prnt": false}
{"event": "training_step", "timestamp": 1768954106.5465345, "step": 407, "max_steps": 938, "loss": 7.334048271179199, "elapsed_time": 22.20624303817749, "prnt": false}
{"event": "training_step", "timestamp": 1768954106.5953672, "step": 408, "max_steps": 938, "loss": 7.349182605743408, "elapsed_time": 22.25507092475891, "prnt": false}
{"event": "training_step", "timestamp": 1768954106.6442935, "step": 409, "max_steps": 938, "loss": 7.316009044647217, "elapsed_time": 22.303852558135986, "prnt": false}
{"event": "training_step", "timestamp": 1768954106.6931212, "step": 410, "max_steps": 938, "loss": 7.343086242675781, "elapsed_time": 22.352683067321777, "prnt": false}
{"event": "training_step", "timestamp": 1768954106.7419457, "step": 411, "max_steps": 938, "loss": 7.322089195251465, "elapsed_time": 22.401679754257202, "prnt": false}
{"event": "training_step", "timestamp": 1768954106.7908695, "step": 412, "max_steps": 938, "loss": 7.357611179351807, "elapsed_time": 22.450453758239746, "prnt": false}
{"event": "training_step", "timestamp": 1768954106.839679, "step": 413, "max_steps": 938, "loss": 7.292450428009033, "elapsed_time": 22.499251127243042, "prnt": false}
{"event": "training_step", "timestamp": 1768954106.8884265, "step": 414, "max_steps": 938, "loss": 7.336031913757324, "elapsed_time": 22.548081398010254, "prnt": false}
{"event": "training_step", "timestamp": 1768954106.937284, "step": 415, "max_steps": 938, "loss": 7.328176975250244, "elapsed_time": 22.596997499465942, "prnt": false}
{"event": "training_step", "timestamp": 1768954106.986071, "step": 416, "max_steps": 938, "loss": 7.364862442016602, "elapsed_time": 22.64566946029663, "prnt": false}
{"event": "training_step", "timestamp": 1768954107.0348318, "step": 417, "max_steps": 938, "loss": 7.358981609344482, "elapsed_time": 22.69455075263977, "prnt": false}
{"event": "training_step", "timestamp": 1768954107.0837305, "step": 418, "max_steps": 938, "loss": 7.334561347961426, "elapsed_time": 22.74348211288452, "prnt": false}
{"event": "training_step", "timestamp": 1768954107.1325037, "step": 419, "max_steps": 938, "loss": 7.3361358642578125, "elapsed_time": 22.792179822921753, "prnt": false}
{"event": "training_step", "timestamp": 1768954107.1812897, "step": 420, "max_steps": 938, "loss": 7.364748477935791, "elapsed_time": 22.840938806533813, "prnt": false}
{"event": "training_step", "timestamp": 1768954107.2301488, "step": 421, "max_steps": 938, "loss": 7.367266654968262, "elapsed_time": 22.88979196548462, "prnt": false}
{"event": "training_step", "timestamp": 1768954107.278962, "step": 422, "max_steps": 938, "loss": 7.360785484313965, "elapsed_time": 22.93852949142456, "prnt": false}
{"event": "training_step", "timestamp": 1768954107.3278, "step": 423, "max_steps": 938, "loss": 7.332287788391113, "elapsed_time": 22.987468242645264, "prnt": false}
{"event": "training_step", "timestamp": 1768954107.376663, "step": 424, "max_steps": 938, "loss": 7.329134464263916, "elapsed_time": 23.036268949508667, "prnt": false}
{"event": "training_step", "timestamp": 1768954107.425486, "step": 425, "max_steps": 938, "loss": 7.310569763183594, "elapsed_time": 23.085120916366577, "prnt": false}
{"event": "training_step", "timestamp": 1768954107.4742672, "step": 426, "max_steps": 938, "loss": 7.304356575012207, "elapsed_time": 23.133827686309814, "prnt": false}
{"event": "training_step", "timestamp": 1768954107.5231757, "step": 427, "max_steps": 938, "loss": 7.288454055786133, "elapsed_time": 23.1827175617218, "prnt": false}
{"event": "training_step", "timestamp": 1768954107.5719512, "step": 428, "max_steps": 938, "loss": 7.3064398765563965, "elapsed_time": 23.231703996658325, "prnt": false}
{"event": "training_step", "timestamp": 1768954107.6207476, "step": 429, "max_steps": 938, "loss": 7.295892238616943, "elapsed_time": 23.280293703079224, "prnt": false}
{"event": "training_step", "timestamp": 1768954107.6695986, "step": 430, "max_steps": 938, "loss": 7.310803413391113, "elapsed_time": 23.329245567321777, "prnt": false}
{"event": "training_step", "timestamp": 1768954107.7184057, "step": 431, "max_steps": 938, "loss": 7.273253440856934, "elapsed_time": 23.3779354095459, "prnt": false}
{"event": "training_step", "timestamp": 1768954107.7672215, "step": 432, "max_steps": 938, "loss": 7.341462135314941, "elapsed_time": 23.426817893981934, "prnt": false}
{"event": "training_step", "timestamp": 1768954107.8161254, "step": 433, "max_steps": 938, "loss": 7.302906036376953, "elapsed_time": 23.47574496269226, "prnt": false}
{"event": "training_step", "timestamp": 1768954107.8649762, "step": 434, "max_steps": 938, "loss": 7.324138164520264, "elapsed_time": 23.52459740638733, "prnt": false}
{"event": "training_step", "timestamp": 1768954107.9137697, "step": 435, "max_steps": 938, "loss": 7.3176164627075195, "elapsed_time": 23.57343363761902, "prnt": false}
{"event": "training_step", "timestamp": 1768954107.9627373, "step": 436, "max_steps": 938, "loss": 7.265252590179443, "elapsed_time": 23.62230944633484, "prnt": false}
{"event": "training_step", "timestamp": 1768954108.0115001, "step": 437, "max_steps": 938, "loss": 7.276956081390381, "elapsed_time": 23.67114019393921, "prnt": false}
{"event": "training_step", "timestamp": 1768954108.0603096, "step": 438, "max_steps": 938, "loss": 7.3281965255737305, "elapsed_time": 23.719879865646362, "prnt": false}
{"event": "training_step", "timestamp": 1768954108.1093245, "step": 439, "max_steps": 938, "loss": 7.290886878967285, "elapsed_time": 23.769322395324707, "prnt": false}
{"event": "training_step", "timestamp": 1768954108.1581583, "step": 440, "max_steps": 938, "loss": 7.340827941894531, "elapsed_time": 23.817809104919434, "prnt": false}
{"event": "validation_step", "timestamp": 1768954108.390157, "step": 440, "max_steps": 938, "loss": 1.580647775167521, "elapsed_time": 23.817809104919434}
{"event": "training_step", "timestamp": 1768954108.4391453, "step": 441, "max_steps": 938, "loss": 7.335704326629639, "elapsed_time": 24.098740100860596, "prnt": false}
{"event": "training_step", "timestamp": 1768954108.4881344, "step": 442, "max_steps": 938, "loss": 7.255927562713623, "elapsed_time": 24.147642612457275, "prnt": false}
{"event": "training_step", "timestamp": 1768954108.5370004, "step": 443, "max_steps": 938, "loss": 7.3828582763671875, "elapsed_time": 24.196683883666992, "prnt": false}
{"event": "training_step", "timestamp": 1768954108.58591, "step": 444, "max_steps": 938, "loss": 7.269922733306885, "elapsed_time": 24.24549674987793, "prnt": false}
{"event": "training_step", "timestamp": 1768954108.6348531, "step": 445, "max_steps": 938, "loss": 7.287203311920166, "elapsed_time": 24.29439401626587, "prnt": false}
{"event": "training_step", "timestamp": 1768954108.6837351, "step": 446, "max_steps": 938, "loss": 7.214730262756348, "elapsed_time": 24.343308925628662, "prnt": false}
{"event": "training_step", "timestamp": 1768954108.7325656, "step": 447, "max_steps": 938, "loss": 7.333676815032959, "elapsed_time": 24.392163276672363, "prnt": false}
{"event": "training_step", "timestamp": 1768954108.7814922, "step": 448, "max_steps": 938, "loss": 7.243045330047607, "elapsed_time": 24.441033124923706, "prnt": false}
{"event": "training_step", "timestamp": 1768954108.8303316, "step": 449, "max_steps": 938, "loss": 7.317177772521973, "elapsed_time": 24.489903211593628, "prnt": false}
{"event": "training_step", "timestamp": 1768954108.879192, "step": 450, "max_steps": 938, "loss": 7.310115337371826, "elapsed_time": 24.538730144500732, "prnt": false}
{"event": "training_step", "timestamp": 1768954108.9281144, "step": 451, "max_steps": 938, "loss": 7.245784759521484, "elapsed_time": 24.587708473205566, "prnt": false}
{"event": "training_step", "timestamp": 1768954108.9769454, "step": 452, "max_steps": 938, "loss": 7.358160018920898, "elapsed_time": 24.63651704788208, "prnt": false}
{"event": "training_step", "timestamp": 1768954109.0257528, "step": 453, "max_steps": 938, "loss": 7.3433732986450195, "elapsed_time": 24.685381174087524, "prnt": false}
{"event": "training_step", "timestamp": 1768954109.074699, "step": 454, "max_steps": 938, "loss": 7.30086612701416, "elapsed_time": 24.734225273132324, "prnt": false}
{"event": "training_step", "timestamp": 1768954109.1235056, "step": 455, "max_steps": 938, "loss": 7.274153232574463, "elapsed_time": 24.78311514854431, "prnt": false}
{"event": "training_step", "timestamp": 1768954109.1722674, "step": 456, "max_steps": 938, "loss": 7.286068439483643, "elapsed_time": 24.831932067871094, "prnt": false}
{"event": "training_step", "timestamp": 1768954109.2212152, "step": 457, "max_steps": 938, "loss": 7.288522720336914, "elapsed_time": 24.880763292312622, "prnt": false}
{"event": "training_step", "timestamp": 1768954109.269985, "step": 458, "max_steps": 938, "loss": 7.276201248168945, "elapsed_time": 24.92964243888855, "prnt": false}
{"event": "training_step", "timestamp": 1768954109.3187733, "step": 459, "max_steps": 938, "loss": 7.293859958648682, "elapsed_time": 24.978427171707153, "prnt": false}
{"event": "training_step", "timestamp": 1768954109.3676755, "step": 460, "max_steps": 938, "loss": 7.249593257904053, "elapsed_time": 25.027633666992188, "prnt": false}
{"event": "training_step", "timestamp": 1768954109.4165268, "step": 461, "max_steps": 938, "loss": 7.287901401519775, "elapsed_time": 25.07655167579651, "prnt": false}
{"event": "training_step", "timestamp": 1768954109.4653862, "step": 462, "max_steps": 938, "loss": 7.325464725494385, "elapsed_time": 25.125075101852417, "prnt": false}
{"event": "training_step", "timestamp": 1768954109.5143213, "step": 463, "max_steps": 938, "loss": 7.335166931152344, "elapsed_time": 25.173967361450195, "prnt": false}
{"event": "training_step", "timestamp": 1768954109.5631673, "step": 464, "max_steps": 938, "loss": 7.375889301300049, "elapsed_time": 25.222755908966064, "prnt": false}
{"event": "training_step", "timestamp": 1768954109.6119378, "step": 465, "max_steps": 938, "loss": 7.363896369934082, "elapsed_time": 25.271519660949707, "prnt": false}
{"event": "training_step", "timestamp": 1768954109.6608489, "step": 466, "max_steps": 938, "loss": 7.264489650726318, "elapsed_time": 25.320455074310303, "prnt": false}
{"event": "training_step", "timestamp": 1768954109.7096088, "step": 467, "max_steps": 938, "loss": 7.3226399421691895, "elapsed_time": 25.369223594665527, "prnt": false}
{"event": "training_step", "timestamp": 1768954109.7584827, "step": 468, "max_steps": 938, "loss": 7.2497053146362305, "elapsed_time": 25.418157815933228, "prnt": false}
{"event": "training_step", "timestamp": 1768954109.8073845, "step": 469, "max_steps": 938, "loss": 7.279966354370117, "elapsed_time": 25.467113971710205, "prnt": false}
{"event": "training_step", "timestamp": 1768954109.8561854, "step": 470, "max_steps": 938, "loss": 7.272200107574463, "elapsed_time": 25.515886068344116, "prnt": false}
{"event": "training_step", "timestamp": 1768954109.905056, "step": 471, "max_steps": 938, "loss": 7.303080081939697, "elapsed_time": 25.56448268890381, "prnt": false}
{"event": "training_step", "timestamp": 1768954109.953957, "step": 472, "max_steps": 938, "loss": 7.28466272354126, "elapsed_time": 25.61378502845764, "prnt": false}
{"event": "training_step", "timestamp": 1768954110.002859, "step": 473, "max_steps": 938, "loss": 7.2841620445251465, "elapsed_time": 25.662532567977905, "prnt": false}
{"event": "training_step", "timestamp": 1768954110.051644, "step": 474, "max_steps": 938, "loss": 7.319980621337891, "elapsed_time": 25.711267709732056, "prnt": false}
{"event": "training_step", "timestamp": 1768954110.1005883, "step": 475, "max_steps": 938, "loss": 7.208309650421143, "elapsed_time": 25.760146856307983, "prnt": false}
{"event": "training_step", "timestamp": 1768954110.149518, "step": 476, "max_steps": 938, "loss": 7.300382137298584, "elapsed_time": 25.809425115585327, "prnt": false}
{"event": "training_step", "timestamp": 1768954110.1983824, "step": 477, "max_steps": 938, "loss": 7.336407661437988, "elapsed_time": 25.8581120967865, "prnt": false}
{"event": "training_step", "timestamp": 1768954110.2473195, "step": 478, "max_steps": 938, "loss": 7.258444309234619, "elapsed_time": 25.906946182250977, "prnt": false}
{"event": "training_step", "timestamp": 1768954110.296155, "step": 479, "max_steps": 938, "loss": 7.248330593109131, "elapsed_time": 25.955726146697998, "prnt": false}
{"event": "training_step", "timestamp": 1768954110.3449736, "step": 480, "max_steps": 938, "loss": 7.248715877532959, "elapsed_time": 26.004603385925293, "prnt": false}
{"event": "training_step", "timestamp": 1768954110.393893, "step": 481, "max_steps": 938, "loss": 7.28378963470459, "elapsed_time": 26.053508758544922, "prnt": false}
{"event": "training_step", "timestamp": 1768954110.4427366, "step": 482, "max_steps": 938, "loss": 7.272914886474609, "elapsed_time": 26.102297067642212, "prnt": false}
{"event": "training_step", "timestamp": 1768954110.4915874, "step": 483, "max_steps": 938, "loss": 7.262799263000488, "elapsed_time": 26.151116609573364, "prnt": false}
{"event": "training_step", "timestamp": 1768954110.5405202, "step": 484, "max_steps": 938, "loss": 7.257778167724609, "elapsed_time": 26.20008683204651, "prnt": false}
{"event": "validation_step", "timestamp": 1768954110.7727191, "step": 484, "max_steps": 938, "loss": 1.5730275754008505, "elapsed_time": 26.20008683204651}
{"event": "training_step", "timestamp": 1768954110.8218067, "step": 485, "max_steps": 938, "loss": 7.303577423095703, "elapsed_time": 26.48131012916565, "prnt": false}
{"event": "training_step", "timestamp": 1768954110.8707166, "step": 486, "max_steps": 938, "loss": 7.266202926635742, "elapsed_time": 26.530193090438843, "prnt": false}
{"event": "training_step", "timestamp": 1768954110.9196723, "step": 487, "max_steps": 938, "loss": 7.284753322601318, "elapsed_time": 26.579181909561157, "prnt": false}
{"event": "training_step", "timestamp": 1768954110.9685683, "step": 488, "max_steps": 938, "loss": 7.296736717224121, "elapsed_time": 26.628119945526123, "prnt": false}
{"event": "training_step", "timestamp": 1768954111.0174878, "step": 489, "max_steps": 938, "loss": 7.315040588378906, "elapsed_time": 26.677084922790527, "prnt": false}
{"event": "training_step", "timestamp": 1768954111.0665014, "step": 490, "max_steps": 938, "loss": 7.228505611419678, "elapsed_time": 26.72597360610962, "prnt": false}
{"event": "training_step", "timestamp": 1768954111.115358, "step": 491, "max_steps": 938, "loss": 7.2133307456970215, "elapsed_time": 26.774865865707397, "prnt": false}
{"event": "training_step", "timestamp": 1768954111.1642272, "step": 492, "max_steps": 938, "loss": 7.369619369506836, "elapsed_time": 26.823692321777344, "prnt": false}
{"event": "training_step", "timestamp": 1768954111.213187, "step": 493, "max_steps": 938, "loss": 7.2672014236450195, "elapsed_time": 26.87275528907776, "prnt": false}
{"event": "training_step", "timestamp": 1768954111.262074, "step": 494, "max_steps": 938, "loss": 7.258912086486816, "elapsed_time": 26.92161273956299, "prnt": false}
{"event": "training_step", "timestamp": 1768954111.310925, "step": 495, "max_steps": 938, "loss": 7.226410388946533, "elapsed_time": 26.970510482788086, "prnt": false}
{"event": "training_step", "timestamp": 1768954111.3598359, "step": 496, "max_steps": 938, "loss": 7.304566383361816, "elapsed_time": 27.019423961639404, "prnt": false}
{"event": "training_step", "timestamp": 1768954111.4086888, "step": 497, "max_steps": 938, "loss": 7.235855579376221, "elapsed_time": 27.068219661712646, "prnt": false}
{"event": "training_step", "timestamp": 1768954111.457581, "step": 498, "max_steps": 938, "loss": 7.3274078369140625, "elapsed_time": 27.117292642593384, "prnt": false}
{"event": "training_step", "timestamp": 1768954111.5065277, "step": 499, "max_steps": 938, "loss": 7.315132141113281, "elapsed_time": 27.166064977645874, "prnt": false}
{"event": "training_step", "timestamp": 1768954111.5553806, "step": 500, "max_steps": 938, "loss": 7.259341716766357, "elapsed_time": 27.214908361434937, "prnt": false}
{"event": "training_step", "timestamp": 1768954111.604272, "step": 501, "max_steps": 938, "loss": 7.322586536407471, "elapsed_time": 27.263850212097168, "prnt": false}
{"event": "training_step", "timestamp": 1768954111.6532104, "step": 502, "max_steps": 938, "loss": 7.296900272369385, "elapsed_time": 27.312782764434814, "prnt": false}
{"event": "training_step", "timestamp": 1768954111.702137, "step": 503, "max_steps": 938, "loss": 7.269773960113525, "elapsed_time": 27.3616464138031, "prnt": false}
{"event": "training_step", "timestamp": 1768954111.7510307, "step": 504, "max_steps": 938, "loss": 7.2611260414123535, "elapsed_time": 27.410590410232544, "prnt": false}
{"event": "training_step", "timestamp": 1768954111.7999725, "step": 505, "max_steps": 938, "loss": 7.3197455406188965, "elapsed_time": 27.459763288497925, "prnt": false}
{"event": "training_step", "timestamp": 1768954111.84884, "step": 506, "max_steps": 938, "loss": 7.261744499206543, "elapsed_time": 27.508334398269653, "prnt": false}
{"event": "training_step", "timestamp": 1768954111.8976903, "step": 507, "max_steps": 938, "loss": 7.238193988800049, "elapsed_time": 27.55716562271118, "prnt": false}
{"event": "training_step", "timestamp": 1768954111.94664, "step": 508, "max_steps": 938, "loss": 7.2595906257629395, "elapsed_time": 27.60618543624878, "prnt": false}
{"event": "training_step", "timestamp": 1768954111.9954846, "step": 509, "max_steps": 938, "loss": 7.275012016296387, "elapsed_time": 27.655086040496826, "prnt": false}
{"event": "training_step", "timestamp": 1768954112.0443625, "step": 510, "max_steps": 938, "loss": 7.242336750030518, "elapsed_time": 27.703884840011597, "prnt": false}
{"event": "training_step", "timestamp": 1768954112.0933151, "step": 511, "max_steps": 938, "loss": 7.243123531341553, "elapsed_time": 27.75293278694153, "prnt": false}
{"event": "training_step", "timestamp": 1768954112.1422956, "step": 512, "max_steps": 938, "loss": 7.307486057281494, "elapsed_time": 27.802131175994873, "prnt": false}
{"event": "training_step", "timestamp": 1768954112.1911728, "step": 513, "max_steps": 938, "loss": 7.2548370361328125, "elapsed_time": 27.850870609283447, "prnt": false}
{"event": "training_step", "timestamp": 1768954112.2401395, "step": 514, "max_steps": 938, "loss": 7.229212760925293, "elapsed_time": 27.89984703063965, "prnt": false}
{"event": "training_step", "timestamp": 1768954112.289056, "step": 515, "max_steps": 938, "loss": 7.189675807952881, "elapsed_time": 27.948961973190308, "prnt": false}
{"event": "training_step", "timestamp": 1768954112.3380978, "step": 516, "max_steps": 938, "loss": 7.292420387268066, "elapsed_time": 27.998262882232666, "prnt": false}
{"event": "training_step", "timestamp": 1768954112.3870947, "step": 517, "max_steps": 938, "loss": 7.273167610168457, "elapsed_time": 28.046823024749756, "prnt": false}
{"event": "training_step", "timestamp": 1768954112.436016, "step": 518, "max_steps": 938, "loss": 7.19500732421875, "elapsed_time": 28.09558606147766, "prnt": false}
{"event": "training_step", "timestamp": 1768954112.4849088, "step": 519, "max_steps": 938, "loss": 7.252805233001709, "elapsed_time": 28.144638538360596, "prnt": false}
{"event": "training_step", "timestamp": 1768954112.5338993, "step": 520, "max_steps": 938, "loss": 7.263387203216553, "elapsed_time": 28.193578243255615, "prnt": false}
{"event": "training_step", "timestamp": 1768954112.5829978, "step": 521, "max_steps": 938, "loss": 7.251757621765137, "elapsed_time": 28.24268651008606, "prnt": false}
{"event": "training_step", "timestamp": 1768954112.6321013, "step": 522, "max_steps": 938, "loss": 7.25916051864624, "elapsed_time": 28.291487455368042, "prnt": false}
{"event": "training_step", "timestamp": 1768954112.6811266, "step": 523, "max_steps": 938, "loss": 7.242595195770264, "elapsed_time": 28.340607404708862, "prnt": false}
{"event": "training_step", "timestamp": 1768954112.7299907, "step": 524, "max_steps": 938, "loss": 7.275029182434082, "elapsed_time": 28.3895366191864, "prnt": false}
{"event": "training_step", "timestamp": 1768954112.7788944, "step": 525, "max_steps": 938, "loss": 7.217502117156982, "elapsed_time": 28.438493251800537, "prnt": false}
{"event": "training_step", "timestamp": 1768954112.8278675, "step": 526, "max_steps": 938, "loss": 7.272353172302246, "elapsed_time": 28.487410068511963, "prnt": false}
{"event": "training_step", "timestamp": 1768954112.876778, "step": 527, "max_steps": 938, "loss": 7.231220245361328, "elapsed_time": 28.536314725875854, "prnt": false}
{"event": "training_step", "timestamp": 1768954112.9256146, "step": 528, "max_steps": 938, "loss": 7.264039516448975, "elapsed_time": 28.585055351257324, "prnt": false}
{"event": "validation_step", "timestamp": 1768954113.157863, "step": 528, "max_steps": 938, "loss": 1.564844360802432, "elapsed_time": 28.585055351257324}
{"event": "training_step", "timestamp": 1768954113.2069778, "step": 529, "max_steps": 938, "loss": 7.273706436157227, "elapsed_time": 28.866478204727173, "prnt": false}
{"event": "training_step", "timestamp": 1768954113.2558508, "step": 530, "max_steps": 938, "loss": 7.239314556121826, "elapsed_time": 28.91537046432495, "prnt": false}
{"event": "training_step", "timestamp": 1768954113.3047757, "step": 531, "max_steps": 938, "loss": 7.298482418060303, "elapsed_time": 28.964289665222168, "prnt": false}
{"event": "training_step", "timestamp": 1768954113.3537664, "step": 532, "max_steps": 938, "loss": 7.288776397705078, "elapsed_time": 29.01331925392151, "prnt": false}
{"event": "training_step", "timestamp": 1768954113.402699, "step": 533, "max_steps": 938, "loss": 7.1920037269592285, "elapsed_time": 29.062148094177246, "prnt": false}
{"event": "training_step", "timestamp": 1768954113.4516153, "step": 534, "max_steps": 938, "loss": 7.234408855438232, "elapsed_time": 29.111083269119263, "prnt": false}
{"event": "training_step", "timestamp": 1768954113.5006187, "step": 535, "max_steps": 938, "loss": 7.211028575897217, "elapsed_time": 29.160040855407715, "prnt": false}
{"event": "training_step", "timestamp": 1768954113.5494883, "step": 536, "max_steps": 938, "loss": 7.253828525543213, "elapsed_time": 29.209038734436035, "prnt": false}
{"event": "training_step", "timestamp": 1768954113.5988147, "step": 537, "max_steps": 938, "loss": 7.289222717285156, "elapsed_time": 29.259217023849487, "prnt": false}
{"event": "training_step", "timestamp": 1768954113.647791, "step": 538, "max_steps": 938, "loss": 7.222439765930176, "elapsed_time": 29.30748677253723, "prnt": false}
{"event": "training_step", "timestamp": 1768954113.6968322, "step": 539, "max_steps": 938, "loss": 7.21604061126709, "elapsed_time": 29.35683035850525, "prnt": false}
{"event": "training_step", "timestamp": 1768954113.7458477, "step": 540, "max_steps": 938, "loss": 7.282778739929199, "elapsed_time": 29.40541911125183, "prnt": false}
{"event": "training_step", "timestamp": 1768954113.7947426, "step": 541, "max_steps": 938, "loss": 7.232666015625, "elapsed_time": 29.454329252243042, "prnt": false}
{"event": "training_step", "timestamp": 1768954113.8437474, "step": 542, "max_steps": 938, "loss": 7.2529096603393555, "elapsed_time": 29.50366973876953, "prnt": false}
{"event": "training_step", "timestamp": 1768954113.8927672, "step": 543, "max_steps": 938, "loss": 7.224329471588135, "elapsed_time": 29.55231785774231, "prnt": false}
{"event": "training_step", "timestamp": 1768954113.941722, "step": 544, "max_steps": 938, "loss": 7.265592575073242, "elapsed_time": 29.60122060775757, "prnt": false}
{"event": "training_step", "timestamp": 1768954113.9906197, "step": 545, "max_steps": 938, "loss": 7.228181838989258, "elapsed_time": 29.650094509124756, "prnt": false}
{"event": "training_step", "timestamp": 1768954114.0396488, "step": 546, "max_steps": 938, "loss": 7.271902561187744, "elapsed_time": 29.69915461540222, "prnt": false}
{"event": "training_step", "timestamp": 1768954114.0885637, "step": 547, "max_steps": 938, "loss": 7.202016830444336, "elapsed_time": 29.748157501220703, "prnt": false}
{"event": "training_step", "timestamp": 1768954114.1374893, "step": 548, "max_steps": 938, "loss": 7.239545822143555, "elapsed_time": 29.796982526779175, "prnt": false}
{"event": "training_step", "timestamp": 1768954114.1865656, "step": 549, "max_steps": 938, "loss": 7.233407974243164, "elapsed_time": 29.846479415893555, "prnt": false}
{"event": "training_step", "timestamp": 1768954114.2355044, "step": 550, "max_steps": 938, "loss": 7.255688667297363, "elapsed_time": 29.895063161849976, "prnt": false}
{"event": "training_step", "timestamp": 1768954114.2844348, "step": 551, "max_steps": 938, "loss": 7.243724346160889, "elapsed_time": 29.943864822387695, "prnt": false}
{"event": "training_step", "timestamp": 1768954114.3334606, "step": 552, "max_steps": 938, "loss": 7.237364292144775, "elapsed_time": 29.99296259880066, "prnt": false}
{"event": "training_step", "timestamp": 1768954114.3824294, "step": 553, "max_steps": 938, "loss": 7.233421325683594, "elapsed_time": 30.04196786880493, "prnt": false}
{"event": "training_step", "timestamp": 1768954114.431351, "step": 554, "max_steps": 938, "loss": 7.259544372558594, "elapsed_time": 30.090797424316406, "prnt": false}
{"event": "training_step", "timestamp": 1768954114.480338, "step": 555, "max_steps": 938, "loss": 7.277527809143066, "elapsed_time": 30.139902353286743, "prnt": false}
{"event": "training_step", "timestamp": 1768954114.5292864, "step": 556, "max_steps": 938, "loss": 7.270615577697754, "elapsed_time": 30.188740730285645, "prnt": false}
{"event": "training_step", "timestamp": 1768954114.5781982, "step": 557, "max_steps": 938, "loss": 7.2196526527404785, "elapsed_time": 30.23771619796753, "prnt": false}
{"event": "training_step", "timestamp": 1768954114.6272027, "step": 558, "max_steps": 938, "loss": 7.247581958770752, "elapsed_time": 30.286738634109497, "prnt": false}
{"event": "training_step", "timestamp": 1768954114.6761153, "step": 559, "max_steps": 938, "loss": 7.218523979187012, "elapsed_time": 30.335962533950806, "prnt": false}
{"event": "training_step", "timestamp": 1768954114.7250626, "step": 560, "max_steps": 938, "loss": 7.218051433563232, "elapsed_time": 30.384650945663452, "prnt": false}
{"event": "training_step", "timestamp": 1768954114.7740607, "step": 561, "max_steps": 938, "loss": 7.202911376953125, "elapsed_time": 30.43354606628418, "prnt": false}
{"event": "training_step", "timestamp": 1768954114.8230126, "step": 562, "max_steps": 938, "loss": 7.222692966461182, "elapsed_time": 30.482403993606567, "prnt": false}
{"event": "training_step", "timestamp": 1768954114.8719642, "step": 563, "max_steps": 938, "loss": 7.201485633850098, "elapsed_time": 30.531439304351807, "prnt": false}
{"event": "training_step", "timestamp": 1768954114.9210196, "step": 564, "max_steps": 938, "loss": 7.217837810516357, "elapsed_time": 30.580451250076294, "prnt": false}
{"event": "training_step", "timestamp": 1768954114.969952, "step": 565, "max_steps": 938, "loss": 7.1777238845825195, "elapsed_time": 30.629372596740723, "prnt": false}
{"event": "training_step", "timestamp": 1768954115.0188756, "step": 566, "max_steps": 938, "loss": 7.245306968688965, "elapsed_time": 30.678293228149414, "prnt": false}
{"event": "training_step", "timestamp": 1768954115.0679004, "step": 567, "max_steps": 938, "loss": 7.214426517486572, "elapsed_time": 30.727360725402832, "prnt": false}
{"event": "training_step", "timestamp": 1768954115.1168208, "step": 568, "max_steps": 938, "loss": 7.226409912109375, "elapsed_time": 30.776293754577637, "prnt": false}
{"event": "training_step", "timestamp": 1768954115.1657236, "step": 569, "max_steps": 938, "loss": 7.22324800491333, "elapsed_time": 30.82515573501587, "prnt": false}
{"event": "training_step", "timestamp": 1768954115.2147381, "step": 570, "max_steps": 938, "loss": 7.187515735626221, "elapsed_time": 30.874253511428833, "prnt": false}
{"event": "training_step", "timestamp": 1768954115.263706, "step": 571, "max_steps": 938, "loss": 7.175156116485596, "elapsed_time": 30.923479080200195, "prnt": false}
{"event": "training_step", "timestamp": 1768954115.312694, "step": 572, "max_steps": 938, "loss": 7.242681980133057, "elapsed_time": 30.972423553466797, "prnt": false}
{"event": "validation_step", "timestamp": 1768954115.5454357, "step": 572, "max_steps": 938, "loss": 1.561572078319578, "elapsed_time": 30.972423553466797}
{"event": "training_step", "timestamp": 1768954115.5946262, "step": 573, "max_steps": 938, "loss": 7.209012508392334, "elapsed_time": 31.254120111465454, "prnt": false}
{"event": "training_step", "timestamp": 1768954115.6436007, "step": 574, "max_steps": 938, "loss": 7.2544074058532715, "elapsed_time": 31.303027629852295, "prnt": false}
{"event": "training_step", "timestamp": 1768954115.6925936, "step": 575, "max_steps": 938, "loss": 7.252658367156982, "elapsed_time": 31.351910829544067, "prnt": false}
{"event": "training_step", "timestamp": 1768954115.741639, "step": 576, "max_steps": 938, "loss": 7.182521343231201, "elapsed_time": 31.401100635528564, "prnt": false}
{"event": "training_step", "timestamp": 1768954115.7905962, "step": 577, "max_steps": 938, "loss": 7.2890424728393555, "elapsed_time": 31.450034379959106, "prnt": false}
{"event": "training_step", "timestamp": 1768954115.839514, "step": 578, "max_steps": 938, "loss": 7.179776191711426, "elapsed_time": 31.498950958251953, "prnt": false}
{"event": "training_step", "timestamp": 1768954115.8885508, "step": 579, "max_steps": 938, "loss": 7.203352451324463, "elapsed_time": 31.54803991317749, "prnt": false}
{"event": "training_step", "timestamp": 1768954115.9374557, "step": 580, "max_steps": 938, "loss": 7.130394458770752, "elapsed_time": 31.59691286087036, "prnt": false}
{"event": "training_step", "timestamp": 1768954115.9863763, "step": 581, "max_steps": 938, "loss": 7.2333831787109375, "elapsed_time": 31.645854949951172, "prnt": false}
{"event": "training_step", "timestamp": 1768954116.0354054, "step": 582, "max_steps": 938, "loss": 7.162896156311035, "elapsed_time": 31.694799184799194, "prnt": false}
{"event": "training_step", "timestamp": 1768954116.084322, "step": 583, "max_steps": 938, "loss": 7.226953506469727, "elapsed_time": 31.743797302246094, "prnt": false}
{"event": "training_step", "timestamp": 1768954116.1332662, "step": 584, "max_steps": 938, "loss": 7.24070930480957, "elapsed_time": 31.792661905288696, "prnt": false}
{"event": "training_step", "timestamp": 1768954116.1824372, "step": 585, "max_steps": 938, "loss": 7.164167404174805, "elapsed_time": 31.84242033958435, "prnt": false}
{"event": "training_step", "timestamp": 1768954116.2313654, "step": 586, "max_steps": 938, "loss": 7.267224311828613, "elapsed_time": 31.89094305038452, "prnt": false}
{"event": "training_step", "timestamp": 1768954116.280357, "step": 587, "max_steps": 938, "loss": 7.258265495300293, "elapsed_time": 31.9397451877594, "prnt": false}
{"event": "training_step", "timestamp": 1768954116.3293827, "step": 588, "max_steps": 938, "loss": 7.206963062286377, "elapsed_time": 31.98895025253296, "prnt": false}
{"event": "training_step", "timestamp": 1768954116.3783572, "step": 589, "max_steps": 938, "loss": 7.197669506072998, "elapsed_time": 32.03778862953186, "prnt": false}
{"event": "training_step", "timestamp": 1768954116.4273133, "step": 590, "max_steps": 938, "loss": 7.20499849319458, "elapsed_time": 32.08678722381592, "prnt": false}
{"event": "training_step", "timestamp": 1768954116.4763372, "step": 591, "max_steps": 938, "loss": 7.2103800773620605, "elapsed_time": 32.135704040527344, "prnt": false}
{"event": "training_step", "timestamp": 1768954116.5252519, "step": 592, "max_steps": 938, "loss": 7.197629928588867, "elapsed_time": 32.184682846069336, "prnt": false}
{"event": "training_step", "timestamp": 1768954116.5742111, "step": 593, "max_steps": 938, "loss": 7.212841987609863, "elapsed_time": 32.23367357254028, "prnt": false}
{"event": "training_step", "timestamp": 1768954116.623212, "step": 594, "max_steps": 938, "loss": 7.174271106719971, "elapsed_time": 32.282708168029785, "prnt": false}
{"event": "training_step", "timestamp": 1768954116.6720693, "step": 595, "max_steps": 938, "loss": 7.209228038787842, "elapsed_time": 32.33155131340027, "prnt": false}
{"event": "training_step", "timestamp": 1768954116.7210064, "step": 596, "max_steps": 938, "loss": 7.244786262512207, "elapsed_time": 32.38050723075867, "prnt": false}
{"event": "training_step", "timestamp": 1768954116.7699862, "step": 597, "max_steps": 938, "loss": 7.246038913726807, "elapsed_time": 32.429473876953125, "prnt": false}
{"event": "training_step", "timestamp": 1768954116.818842, "step": 598, "max_steps": 938, "loss": 7.274962425231934, "elapsed_time": 32.47835063934326, "prnt": false}
{"event": "training_step", "timestamp": 1768954116.8677151, "step": 599, "max_steps": 938, "loss": 7.2776408195495605, "elapsed_time": 32.527161598205566, "prnt": false}
{"event": "training_step", "timestamp": 1768954116.9167278, "step": 600, "max_steps": 938, "loss": 7.177209377288818, "elapsed_time": 32.57620120048523, "prnt": false}
{"event": "training_step", "timestamp": 1768954116.96561, "step": 601, "max_steps": 938, "loss": 7.231873512268066, "elapsed_time": 32.625121116638184, "prnt": false}
{"event": "training_step", "timestamp": 1768954117.0144954, "step": 602, "max_steps": 938, "loss": 7.162402629852295, "elapsed_time": 32.67415642738342, "prnt": false}
{"event": "training_step", "timestamp": 1768954117.063505, "step": 603, "max_steps": 938, "loss": 7.1983160972595215, "elapsed_time": 32.72293496131897, "prnt": false}
{"event": "training_step", "timestamp": 1768954117.1124303, "step": 604, "max_steps": 938, "loss": 7.179600715637207, "elapsed_time": 32.77212476730347, "prnt": false}
{"event": "training_step", "timestamp": 1768954117.1613643, "step": 605, "max_steps": 938, "loss": 7.229884147644043, "elapsed_time": 32.82091689109802, "prnt": false}
{"event": "training_step", "timestamp": 1768954117.2103326, "step": 606, "max_steps": 938, "loss": 7.191162109375, "elapsed_time": 32.869828939437866, "prnt": false}
{"event": "training_step", "timestamp": 1768954117.2592707, "step": 607, "max_steps": 938, "loss": 7.19193696975708, "elapsed_time": 32.91881203651428, "prnt": false}
{"event": "training_step", "timestamp": 1768954117.308162, "step": 608, "max_steps": 938, "loss": 7.234477996826172, "elapsed_time": 32.9676308631897, "prnt": false}
{"event": "training_step", "timestamp": 1768954117.3571122, "step": 609, "max_steps": 938, "loss": 7.130913257598877, "elapsed_time": 33.01662302017212, "prnt": false}
{"event": "training_step", "timestamp": 1768954117.4059844, "step": 610, "max_steps": 938, "loss": 7.220327377319336, "elapsed_time": 33.06550097465515, "prnt": false}
{"event": "training_step", "timestamp": 1768954117.4548733, "step": 611, "max_steps": 938, "loss": 7.2646565437316895, "elapsed_time": 33.11429715156555, "prnt": false}
{"event": "training_step", "timestamp": 1768954117.5038955, "step": 612, "max_steps": 938, "loss": 7.187934398651123, "elapsed_time": 33.16329050064087, "prnt": false}
{"event": "training_step", "timestamp": 1768954117.5527751, "step": 613, "max_steps": 938, "loss": 7.166576862335205, "elapsed_time": 33.21230459213257, "prnt": false}
{"event": "training_step", "timestamp": 1768954117.6017182, "step": 614, "max_steps": 938, "loss": 7.175786972045898, "elapsed_time": 33.261085987091064, "prnt": false}
{"event": "training_step", "timestamp": 1768954117.6507194, "step": 615, "max_steps": 938, "loss": 7.204322814941406, "elapsed_time": 33.310126543045044, "prnt": false}
{"event": "training_step", "timestamp": 1768954117.6996474, "step": 616, "max_steps": 938, "loss": 7.197108268737793, "elapsed_time": 33.35912537574768, "prnt": false}
{"event": "validation_step", "timestamp": 1768954117.9321938, "step": 616, "max_steps": 938, "loss": 1.5540816923791543, "elapsed_time": 33.35912537574768}
{"event": "training_step", "timestamp": 1768954117.981343, "step": 617, "max_steps": 938, "loss": 7.188724994659424, "elapsed_time": 33.64076089859009, "prnt": false}
{"event": "training_step", "timestamp": 1768954118.0303776, "step": 618, "max_steps": 938, "loss": 7.175467491149902, "elapsed_time": 33.689870834350586, "prnt": false}
{"event": "training_step", "timestamp": 1768954118.0793185, "step": 619, "max_steps": 938, "loss": 7.221459865570068, "elapsed_time": 33.7387056350708, "prnt": false}
{"event": "training_step", "timestamp": 1768954118.1282325, "step": 620, "max_steps": 938, "loss": 7.186829566955566, "elapsed_time": 33.787662982940674, "prnt": false}
{"event": "training_step", "timestamp": 1768954118.1772714, "step": 621, "max_steps": 938, "loss": 7.201002597808838, "elapsed_time": 33.83667016029358, "prnt": false}
{"event": "training_step", "timestamp": 1768954118.226308, "step": 622, "max_steps": 938, "loss": 7.216268062591553, "elapsed_time": 33.88611698150635, "prnt": false}
{"event": "training_step", "timestamp": 1768954118.275271, "step": 623, "max_steps": 938, "loss": 7.224086761474609, "elapsed_time": 33.93493103981018, "prnt": false}
{"event": "training_step", "timestamp": 1768954118.3243828, "step": 624, "max_steps": 938, "loss": 7.140353202819824, "elapsed_time": 33.984047412872314, "prnt": false}
{"event": "training_step", "timestamp": 1768954118.3733099, "step": 625, "max_steps": 938, "loss": 7.136488437652588, "elapsed_time": 34.03287672996521, "prnt": false}
{"event": "training_step", "timestamp": 1768954118.4222658, "step": 626, "max_steps": 938, "loss": 7.260610103607178, "elapsed_time": 34.08203053474426, "prnt": false}
{"event": "training_step", "timestamp": 1768954118.4712968, "step": 627, "max_steps": 938, "loss": 7.187050819396973, "elapsed_time": 34.130932092666626, "prnt": false}
{"event": "training_step", "timestamp": 1768954118.520271, "step": 628, "max_steps": 938, "loss": 7.159442901611328, "elapsed_time": 34.179712772369385, "prnt": false}
{"event": "training_step", "timestamp": 1768954118.5691915, "step": 629, "max_steps": 938, "loss": 7.133659839630127, "elapsed_time": 34.228652477264404, "prnt": false}
{"event": "training_step", "timestamp": 1768954118.618156, "step": 630, "max_steps": 938, "loss": 7.225230693817139, "elapsed_time": 34.277639865875244, "prnt": false}
{"event": "training_step", "timestamp": 1768954118.667068, "step": 631, "max_steps": 938, "loss": 7.13804292678833, "elapsed_time": 34.32663345336914, "prnt": false}
{"event": "training_step", "timestamp": 1768954118.7159882, "step": 632, "max_steps": 938, "loss": 7.242569446563721, "elapsed_time": 34.37541699409485, "prnt": false}
{"event": "training_step", "timestamp": 1768954118.7649536, "step": 633, "max_steps": 938, "loss": 7.22236442565918, "elapsed_time": 34.42448687553406, "prnt": false}
{"event": "training_step", "timestamp": 1768954118.8138566, "step": 634, "max_steps": 938, "loss": 7.170772075653076, "elapsed_time": 34.47336435317993, "prnt": false}
{"event": "training_step", "timestamp": 1768954118.862784, "step": 635, "max_steps": 938, "loss": 7.24449348449707, "elapsed_time": 34.522197246551514, "prnt": false}
{"event": "training_step", "timestamp": 1768954118.9117403, "step": 636, "max_steps": 938, "loss": 7.2058563232421875, "elapsed_time": 34.57125186920166, "prnt": false}
{"event": "training_step", "timestamp": 1768954118.9606938, "step": 637, "max_steps": 938, "loss": 7.182120323181152, "elapsed_time": 34.62014055252075, "prnt": false}
{"event": "training_step", "timestamp": 1768954119.0096116, "step": 638, "max_steps": 938, "loss": 7.179712295532227, "elapsed_time": 34.66905975341797, "prnt": false}
{"event": "training_step", "timestamp": 1768954119.058657, "step": 639, "max_steps": 938, "loss": 7.248276233673096, "elapsed_time": 34.71803021430969, "prnt": false}
{"event": "training_step", "timestamp": 1768954119.1075463, "step": 640, "max_steps": 938, "loss": 7.190125465393066, "elapsed_time": 34.767011404037476, "prnt": false}
{"event": "training_step", "timestamp": 1768954119.1564574, "step": 641, "max_steps": 938, "loss": 7.158580303192139, "elapsed_time": 34.81585693359375, "prnt": false}
{"event": "training_step", "timestamp": 1768954119.2054343, "step": 642, "max_steps": 938, "loss": 7.194179058074951, "elapsed_time": 34.86488389968872, "prnt": false}
{"event": "training_step", "timestamp": 1768954119.2543445, "step": 643, "max_steps": 938, "loss": 7.210471153259277, "elapsed_time": 34.913800954818726, "prnt": false}
{"event": "training_step", "timestamp": 1768954119.303288, "step": 644, "max_steps": 938, "loss": 7.167460918426514, "elapsed_time": 34.96286487579346, "prnt": false}
{"event": "training_step", "timestamp": 1768954119.3522906, "step": 645, "max_steps": 938, "loss": 7.180457592010498, "elapsed_time": 35.01182842254639, "prnt": false}
{"event": "training_step", "timestamp": 1768954119.401248, "step": 646, "max_steps": 938, "loss": 7.237827777862549, "elapsed_time": 35.060638427734375, "prnt": false}
{"event": "training_step", "timestamp": 1768954119.450151, "step": 647, "max_steps": 938, "loss": 7.176155090332031, "elapsed_time": 35.109617471694946, "prnt": false}
{"event": "training_step", "timestamp": 1768954119.4991927, "step": 648, "max_steps": 938, "loss": 7.1565961837768555, "elapsed_time": 35.15867638587952, "prnt": false}
{"event": "training_step", "timestamp": 1768954119.5480845, "step": 649, "max_steps": 938, "loss": 7.101988792419434, "elapsed_time": 35.20756459236145, "prnt": false}
{"event": "training_step", "timestamp": 1768954119.5969925, "step": 650, "max_steps": 938, "loss": 7.220906734466553, "elapsed_time": 35.25636529922485, "prnt": false}
{"event": "training_step", "timestamp": 1768954119.6459367, "step": 651, "max_steps": 938, "loss": 7.2034807205200195, "elapsed_time": 35.30551052093506, "prnt": false}
{"event": "training_step", "timestamp": 1768954119.6948423, "step": 652, "max_steps": 938, "loss": 7.116537570953369, "elapsed_time": 35.354323625564575, "prnt": false}
{"event": "training_step", "timestamp": 1768954119.7437966, "step": 653, "max_steps": 938, "loss": 7.174055576324463, "elapsed_time": 35.4032256603241, "prnt": false}
{"event": "training_step", "timestamp": 1768954119.7931015, "step": 654, "max_steps": 938, "loss": 7.183051586151123, "elapsed_time": 35.45226335525513, "prnt": false}
{"event": "training_step", "timestamp": 1768954119.8420866, "step": 655, "max_steps": 938, "loss": 7.171135425567627, "elapsed_time": 35.50157856941223, "prnt": false}
{"event": "training_step", "timestamp": 1768954119.8909988, "step": 656, "max_steps": 938, "loss": 7.185128688812256, "elapsed_time": 35.55042743682861, "prnt": false}
{"event": "training_step", "timestamp": 1768954119.9400299, "step": 657, "max_steps": 938, "loss": 7.15598726272583, "elapsed_time": 35.5994598865509, "prnt": false}
{"event": "training_step", "timestamp": 1768954119.9889424, "step": 658, "max_steps": 938, "loss": 7.188695907592773, "elapsed_time": 35.64839458465576, "prnt": false}
{"event": "training_step", "timestamp": 1768954120.037843, "step": 659, "max_steps": 938, "loss": 7.127654552459717, "elapsed_time": 35.69736909866333, "prnt": false}
{"event": "training_step", "timestamp": 1768954120.0868442, "step": 660, "max_steps": 938, "loss": 7.189311981201172, "elapsed_time": 35.74630641937256, "prnt": false}
{"event": "validation_step", "timestamp": 1768954120.319724, "step": 660, "max_steps": 938, "loss": 1.5487564912039762, "elapsed_time": 35.74630641937256}
{"event": "training_step", "timestamp": 1768954120.3689523, "step": 661, "max_steps": 938, "loss": 7.158445358276367, "elapsed_time": 36.02879238128662, "prnt": false}
{"event": "training_step", "timestamp": 1768954120.4179068, "step": 662, "max_steps": 938, "loss": 7.1980438232421875, "elapsed_time": 36.077481269836426, "prnt": false}
{"event": "training_step", "timestamp": 1768954120.4670122, "step": 663, "max_steps": 938, "loss": 7.1877827644348145, "elapsed_time": 36.126384019851685, "prnt": false}
{"event": "training_step", "timestamp": 1768954120.516056, "step": 664, "max_steps": 938, "loss": 7.163729667663574, "elapsed_time": 36.17563056945801, "prnt": false}
{"event": "training_step", "timestamp": 1768954120.565034, "step": 665, "max_steps": 938, "loss": 7.220992565155029, "elapsed_time": 36.22458457946777, "prnt": false}
{"event": "training_step", "timestamp": 1768954120.6141207, "step": 666, "max_steps": 938, "loss": 7.207017421722412, "elapsed_time": 36.273539304733276, "prnt": false}
{"event": "training_step", "timestamp": 1768954120.6630871, "step": 667, "max_steps": 938, "loss": 7.125848770141602, "elapsed_time": 36.32259702682495, "prnt": false}
{"event": "training_step", "timestamp": 1768954120.7120016, "step": 668, "max_steps": 938, "loss": 7.168299198150635, "elapsed_time": 36.37148427963257, "prnt": false}
{"event": "training_step", "timestamp": 1768954120.7610345, "step": 669, "max_steps": 938, "loss": 7.143497467041016, "elapsed_time": 36.42042517662048, "prnt": false}
{"event": "training_step", "timestamp": 1768954120.8099742, "step": 670, "max_steps": 938, "loss": 7.177807331085205, "elapsed_time": 36.46938443183899, "prnt": false}
{"event": "training_step", "timestamp": 1768954120.8590624, "step": 671, "max_steps": 938, "loss": 7.193511486053467, "elapsed_time": 36.51859498023987, "prnt": false}
{"event": "training_step", "timestamp": 1768954120.9079838, "step": 672, "max_steps": 938, "loss": 7.1659064292907715, "elapsed_time": 36.56742262840271, "prnt": false}
{"event": "training_step", "timestamp": 1768954120.9569316, "step": 673, "max_steps": 938, "loss": 7.128666400909424, "elapsed_time": 36.61632323265076, "prnt": false}
{"event": "training_step", "timestamp": 1768954121.0059354, "step": 674, "max_steps": 938, "loss": 7.196805953979492, "elapsed_time": 36.66549897193909, "prnt": false}
{"event": "training_step", "timestamp": 1768954121.0548623, "step": 675, "max_steps": 938, "loss": 7.16500997543335, "elapsed_time": 36.71434807777405, "prnt": false}
{"event": "training_step", "timestamp": 1768954121.1038082, "step": 676, "max_steps": 938, "loss": 7.178227424621582, "elapsed_time": 36.76317119598389, "prnt": false}
{"event": "training_step", "timestamp": 1768954121.1527627, "step": 677, "max_steps": 938, "loss": 7.155569076538086, "elapsed_time": 36.81225895881653, "prnt": false}
{"event": "training_step", "timestamp": 1768954121.2017436, "step": 678, "max_steps": 938, "loss": 7.184620380401611, "elapsed_time": 36.8612539768219, "prnt": false}
{"event": "training_step", "timestamp": 1768954121.2507043, "step": 679, "max_steps": 938, "loss": 7.149511814117432, "elapsed_time": 36.910147190093994, "prnt": false}
{"event": "training_step", "timestamp": 1768954121.2997262, "step": 680, "max_steps": 938, "loss": 7.193049907684326, "elapsed_time": 36.959099531173706, "prnt": false}
{"event": "training_step", "timestamp": 1768954121.3486507, "step": 681, "max_steps": 938, "loss": 7.127021312713623, "elapsed_time": 37.00812005996704, "prnt": false}
{"event": "training_step", "timestamp": 1768954121.3975666, "step": 682, "max_steps": 938, "loss": 7.16089391708374, "elapsed_time": 37.05701804161072, "prnt": false}
{"event": "training_step", "timestamp": 1768954121.4467247, "step": 683, "max_steps": 938, "loss": 7.1566548347473145, "elapsed_time": 37.10688090324402, "prnt": false}
{"event": "training_step", "timestamp": 1768954121.4956765, "step": 684, "max_steps": 938, "loss": 7.1755452156066895, "elapsed_time": 37.15537142753601, "prnt": false}
{"event": "training_step", "timestamp": 1768954121.5445945, "step": 685, "max_steps": 938, "loss": 7.178839206695557, "elapsed_time": 37.204137325286865, "prnt": false}
{"event": "training_step", "timestamp": 1768954121.5935905, "step": 686, "max_steps": 938, "loss": 7.163322925567627, "elapsed_time": 37.25296235084534, "prnt": false}
{"event": "training_step", "timestamp": 1768954121.6425464, "step": 687, "max_steps": 938, "loss": 7.169438362121582, "elapsed_time": 37.301976442337036, "prnt": false}
{"event": "training_step", "timestamp": 1768954121.6914904, "step": 688, "max_steps": 938, "loss": 7.178862571716309, "elapsed_time": 37.35094499588013, "prnt": false}
{"event": "training_step", "timestamp": 1768954121.7405868, "step": 689, "max_steps": 938, "loss": 7.205084800720215, "elapsed_time": 37.40008902549744, "prnt": false}
{"event": "training_step", "timestamp": 1768954121.7895217, "step": 690, "max_steps": 938, "loss": 7.198061466217041, "elapsed_time": 37.44897389411926, "prnt": false}
{"event": "training_step", "timestamp": 1768954121.8385277, "step": 691, "max_steps": 938, "loss": 7.154007434844971, "elapsed_time": 37.497957944869995, "prnt": false}
{"event": "training_step", "timestamp": 1768954121.8875618, "step": 692, "max_steps": 938, "loss": 7.1678876876831055, "elapsed_time": 37.54701209068298, "prnt": false}
{"event": "training_step", "timestamp": 1768954121.9366102, "step": 693, "max_steps": 938, "loss": 7.151525020599365, "elapsed_time": 37.596577644348145, "prnt": false}
{"event": "training_step", "timestamp": 1768954121.9855638, "step": 694, "max_steps": 938, "loss": 7.141435623168945, "elapsed_time": 37.645334005355835, "prnt": false}
{"event": "training_step", "timestamp": 1768954122.03464, "step": 695, "max_steps": 938, "loss": 7.130718231201172, "elapsed_time": 37.694358825683594, "prnt": false}
{"event": "training_step", "timestamp": 1768954122.0838556, "step": 696, "max_steps": 938, "loss": 7.169767379760742, "elapsed_time": 37.744179248809814, "prnt": false}
{"event": "training_step", "timestamp": 1768954122.132835, "step": 697, "max_steps": 938, "loss": 7.137595176696777, "elapsed_time": 37.79244565963745, "prnt": false}
{"event": "training_step", "timestamp": 1768954122.182046, "step": 698, "max_steps": 938, "loss": 7.14485502243042, "elapsed_time": 37.84199094772339, "prnt": false}
{"event": "training_step", "timestamp": 1768954122.2310138, "step": 699, "max_steps": 938, "loss": 7.1187567710876465, "elapsed_time": 37.89070153236389, "prnt": false}
{"event": "training_step", "timestamp": 1768954122.2800457, "step": 700, "max_steps": 938, "loss": 7.181711196899414, "elapsed_time": 37.93961310386658, "prnt": false}
{"event": "training_step", "timestamp": 1768954122.3291087, "step": 701, "max_steps": 938, "loss": 7.147721767425537, "elapsed_time": 37.98877000808716, "prnt": false}
{"event": "training_step", "timestamp": 1768954122.378138, "step": 702, "max_steps": 938, "loss": 7.162996768951416, "elapsed_time": 38.03753137588501, "prnt": false}
{"event": "training_step", "timestamp": 1768954122.427104, "step": 703, "max_steps": 938, "loss": 7.170637130737305, "elapsed_time": 38.08660292625427, "prnt": false}
{"event": "training_step", "timestamp": 1768954122.4761543, "step": 704, "max_steps": 938, "loss": 7.120841026306152, "elapsed_time": 38.13560652732849, "prnt": false}
{"event": "validation_step", "timestamp": 1768954122.7089548, "step": 704, "max_steps": 938, "loss": 1.5463581395678576, "elapsed_time": 38.13560652732849}
{"event": "training_step", "timestamp": 1768954122.7581742, "step": 705, "max_steps": 938, "loss": 7.116230010986328, "elapsed_time": 38.41760301589966, "prnt": false}
{"event": "training_step", "timestamp": 1768954122.8071723, "step": 706, "max_steps": 938, "loss": 7.177525997161865, "elapsed_time": 38.466660261154175, "prnt": false}
{"event": "training_step", "timestamp": 1768954122.8562436, "step": 707, "max_steps": 938, "loss": 7.145756721496582, "elapsed_time": 38.51552724838257, "prnt": false}
{"event": "training_step", "timestamp": 1768954122.9051924, "step": 708, "max_steps": 938, "loss": 7.197872638702393, "elapsed_time": 38.564645767211914, "prnt": false}
{"event": "training_step", "timestamp": 1768954122.9542127, "step": 709, "max_steps": 938, "loss": 7.192511558532715, "elapsed_time": 38.61367654800415, "prnt": false}
{"event": "training_step", "timestamp": 1768954123.0032518, "step": 710, "max_steps": 938, "loss": 7.119246959686279, "elapsed_time": 38.66262435913086, "prnt": false}
{"event": "training_step", "timestamp": 1768954123.05222, "step": 711, "max_steps": 938, "loss": 7.22742223739624, "elapsed_time": 38.711544036865234, "prnt": false}
{"event": "training_step", "timestamp": 1768954123.1012173, "step": 712, "max_steps": 938, "loss": 7.119618892669678, "elapsed_time": 38.76066994667053, "prnt": false}
{"event": "training_step", "timestamp": 1768954123.150237, "step": 713, "max_steps": 938, "loss": 7.1405792236328125, "elapsed_time": 38.80970120429993, "prnt": false}
{"event": "training_step", "timestamp": 1768954123.1992307, "step": 714, "max_steps": 938, "loss": 7.069655418395996, "elapsed_time": 38.858741760253906, "prnt": false}
{"event": "training_step", "timestamp": 1768954123.2481613, "step": 715, "max_steps": 938, "loss": 7.167583465576172, "elapsed_time": 38.907827377319336, "prnt": false}
{"event": "training_step", "timestamp": 1768954123.2971916, "step": 716, "max_steps": 938, "loss": 7.102154731750488, "elapsed_time": 38.956697940826416, "prnt": false}
{"event": "training_step", "timestamp": 1768954123.3461568, "step": 717, "max_steps": 938, "loss": 7.146785259246826, "elapsed_time": 39.00562930107117, "prnt": false}
{"event": "training_step", "timestamp": 1768954123.395096, "step": 718, "max_steps": 938, "loss": 7.177401542663574, "elapsed_time": 39.05446004867554, "prnt": false}
{"event": "training_step", "timestamp": 1768954123.444136, "step": 719, "max_steps": 938, "loss": 7.097696781158447, "elapsed_time": 39.10359740257263, "prnt": false}
{"event": "training_step", "timestamp": 1768954123.4930816, "step": 720, "max_steps": 938, "loss": 7.201729774475098, "elapsed_time": 39.15253448486328, "prnt": false}
{"event": "training_step", "timestamp": 1768954123.5420225, "step": 721, "max_steps": 938, "loss": 7.192996025085449, "elapsed_time": 39.20139980316162, "prnt": false}
{"event": "training_step", "timestamp": 1768954123.5910995, "step": 722, "max_steps": 938, "loss": 7.141590595245361, "elapsed_time": 39.250500202178955, "prnt": false}
{"event": "training_step", "timestamp": 1768954123.640082, "step": 723, "max_steps": 938, "loss": 7.136613368988037, "elapsed_time": 39.299514055252075, "prnt": false}
{"event": "training_step", "timestamp": 1768954123.689113, "step": 724, "max_steps": 938, "loss": 7.145012378692627, "elapsed_time": 39.34847378730774, "prnt": false}
{"event": "training_step", "timestamp": 1768954123.7381709, "step": 725, "max_steps": 938, "loss": 7.148918151855469, "elapsed_time": 39.39762353897095, "prnt": false}
{"event": "training_step", "timestamp": 1768954123.787134, "step": 726, "max_steps": 938, "loss": 7.1412200927734375, "elapsed_time": 39.446600675582886, "prnt": false}
{"event": "training_step", "timestamp": 1768954123.83608, "step": 727, "max_steps": 938, "loss": 7.153546333312988, "elapsed_time": 39.495522022247314, "prnt": false}
{"event": "training_step", "timestamp": 1768954123.8850915, "step": 728, "max_steps": 938, "loss": 7.112658977508545, "elapsed_time": 39.544610261917114, "prnt": false}
{"event": "training_step", "timestamp": 1768954123.9340055, "step": 729, "max_steps": 938, "loss": 7.157549858093262, "elapsed_time": 39.593565225601196, "prnt": false}
{"event": "training_step", "timestamp": 1768954123.9829957, "step": 730, "max_steps": 938, "loss": 7.193261623382568, "elapsed_time": 39.64237952232361, "prnt": false}
{"event": "training_step", "timestamp": 1768954124.0319972, "step": 731, "max_steps": 938, "loss": 7.200068950653076, "elapsed_time": 39.6916446685791, "prnt": false}
{"event": "training_step", "timestamp": 1768954124.081036, "step": 732, "max_steps": 938, "loss": 7.220482349395752, "elapsed_time": 39.740440368652344, "prnt": false}
{"event": "training_step", "timestamp": 1768954124.1299558, "step": 733, "max_steps": 938, "loss": 7.226107597351074, "elapsed_time": 39.78942251205444, "prnt": false}
{"event": "training_step", "timestamp": 1768954124.179099, "step": 734, "max_steps": 938, "loss": 7.128195285797119, "elapsed_time": 39.83848690986633, "prnt": false}
{"event": "training_step", "timestamp": 1768954124.2281017, "step": 735, "max_steps": 938, "loss": 7.1807332038879395, "elapsed_time": 39.88750243186951, "prnt": false}
{"event": "training_step", "timestamp": 1768954124.2771711, "step": 736, "max_steps": 938, "loss": 7.106348991394043, "elapsed_time": 39.93716526031494, "prnt": false}
{"event": "training_step", "timestamp": 1768954124.3262122, "step": 737, "max_steps": 938, "loss": 7.140270709991455, "elapsed_time": 39.98577952384949, "prnt": false}
{"event": "training_step", "timestamp": 1768954124.3751929, "step": 738, "max_steps": 938, "loss": 7.116344451904297, "elapsed_time": 40.03470277786255, "prnt": false}
{"event": "training_step", "timestamp": 1768954124.4241347, "step": 739, "max_steps": 938, "loss": 7.161679744720459, "elapsed_time": 40.083585262298584, "prnt": false}
{"event": "training_step", "timestamp": 1768954124.4731975, "step": 740, "max_steps": 938, "loss": 7.1415324211120605, "elapsed_time": 40.13260459899902, "prnt": false}
{"event": "training_step", "timestamp": 1768954124.5222015, "step": 741, "max_steps": 938, "loss": 7.135215759277344, "elapsed_time": 40.181644439697266, "prnt": false}
{"event": "training_step", "timestamp": 1768954124.5711844, "step": 742, "max_steps": 938, "loss": 7.174593925476074, "elapsed_time": 40.230607986450195, "prnt": false}
{"event": "training_step", "timestamp": 1768954124.6202717, "step": 743, "max_steps": 938, "loss": 7.071112632751465, "elapsed_time": 40.2796266078949, "prnt": false}
{"event": "training_step", "timestamp": 1768954124.6691585, "step": 744, "max_steps": 938, "loss": 7.163761138916016, "elapsed_time": 40.328683614730835, "prnt": false}
{"event": "training_step", "timestamp": 1768954124.7182014, "step": 745, "max_steps": 938, "loss": 7.207578659057617, "elapsed_time": 40.37756061553955, "prnt": false}
{"event": "training_step", "timestamp": 1768954124.7672539, "step": 746, "max_steps": 938, "loss": 7.1316728591918945, "elapsed_time": 40.42662858963013, "prnt": false}
{"event": "training_step", "timestamp": 1768954124.8162253, "step": 747, "max_steps": 938, "loss": 7.112022399902344, "elapsed_time": 40.47568678855896, "prnt": false}
{"event": "training_step", "timestamp": 1768954124.8651886, "step": 748, "max_steps": 938, "loss": 7.126285552978516, "elapsed_time": 40.52460432052612, "prnt": false}
{"event": "validation_step", "timestamp": 1768954125.098167, "step": 748, "max_steps": 938, "loss": 1.5424439139821435, "elapsed_time": 40.52460432052612}
{"event": "training_step", "timestamp": 1768954125.1474094, "step": 749, "max_steps": 938, "loss": 7.160667896270752, "elapsed_time": 40.80675292015076, "prnt": false}
{"event": "training_step", "timestamp": 1768954125.1966383, "step": 750, "max_steps": 938, "loss": 7.144591808319092, "elapsed_time": 40.856945514678955, "prnt": false}
{"event": "training_step", "timestamp": 1768954125.2456696, "step": 751, "max_steps": 938, "loss": 7.138800144195557, "elapsed_time": 40.905282497406006, "prnt": false}
{"event": "training_step", "timestamp": 1768954125.2948308, "step": 752, "max_steps": 938, "loss": 7.120245933532715, "elapsed_time": 40.954280376434326, "prnt": false}
{"event": "training_step", "timestamp": 1768954125.3438652, "step": 753, "max_steps": 938, "loss": 7.17127799987793, "elapsed_time": 41.00326490402222, "prnt": false}
{"event": "training_step", "timestamp": 1768954125.3929005, "step": 754, "max_steps": 938, "loss": 7.13662576675415, "elapsed_time": 41.052330493927, "prnt": false}
{"event": "training_step", "timestamp": 1768954125.442001, "step": 755, "max_steps": 938, "loss": 7.147743225097656, "elapsed_time": 41.10134816169739, "prnt": false}
{"event": "training_step", "timestamp": 1768954125.490991, "step": 756, "max_steps": 938, "loss": 7.165680885314941, "elapsed_time": 41.150383949279785, "prnt": false}
{"event": "training_step", "timestamp": 1768954125.5400488, "step": 757, "max_steps": 938, "loss": 7.176636695861816, "elapsed_time": 41.199371576309204, "prnt": false}
{"event": "training_step", "timestamp": 1768954125.5891154, "step": 758, "max_steps": 938, "loss": 7.097102642059326, "elapsed_time": 41.248586893081665, "prnt": false}
{"event": "training_step", "timestamp": 1768954125.6381383, "step": 759, "max_steps": 938, "loss": 7.082757949829102, "elapsed_time": 41.297420501708984, "prnt": false}
{"event": "training_step", "timestamp": 1768954125.6870902, "step": 760, "max_steps": 938, "loss": 7.219183921813965, "elapsed_time": 41.34661650657654, "prnt": false}
{"event": "training_step", "timestamp": 1768954125.7361848, "step": 761, "max_steps": 938, "loss": 7.134886741638184, "elapsed_time": 41.39559030532837, "prnt": false}
{"event": "training_step", "timestamp": 1768954125.785155, "step": 762, "max_steps": 938, "loss": 7.115838527679443, "elapsed_time": 41.44461727142334, "prnt": false}
{"event": "training_step", "timestamp": 1768954125.8341234, "step": 763, "max_steps": 938, "loss": 7.098020076751709, "elapsed_time": 41.493523359298706, "prnt": false}
{"event": "training_step", "timestamp": 1768954125.8831768, "step": 764, "max_steps": 938, "loss": 7.164182662963867, "elapsed_time": 41.542630434036255, "prnt": false}
{"event": "training_step", "timestamp": 1768954125.93213, "step": 765, "max_steps": 938, "loss": 7.103512763977051, "elapsed_time": 41.59165096282959, "prnt": false}
{"event": "training_step", "timestamp": 1768954125.9811702, "step": 766, "max_steps": 938, "loss": 7.194555759429932, "elapsed_time": 41.640567779541016, "prnt": false}
{"event": "training_step", "timestamp": 1768954126.0302265, "step": 767, "max_steps": 938, "loss": 7.182705402374268, "elapsed_time": 41.689719676971436, "prnt": false}
{"event": "training_step", "timestamp": 1768954126.0792162, "step": 768, "max_steps": 938, "loss": 7.121220111846924, "elapsed_time": 41.73856472969055, "prnt": false}
{"event": "training_step", "timestamp": 1768954126.1281643, "step": 769, "max_steps": 938, "loss": 7.210029125213623, "elapsed_time": 41.787673234939575, "prnt": false}
{"event": "training_step", "timestamp": 1768954126.1772954, "step": 770, "max_steps": 938, "loss": 7.162726402282715, "elapsed_time": 41.8365752696991, "prnt": false}
{"event": "training_step", "timestamp": 1768954126.2262836, "step": 771, "max_steps": 938, "loss": 7.132720470428467, "elapsed_time": 41.885749101638794, "prnt": false}
{"event": "training_step", "timestamp": 1768954126.2753792, "step": 772, "max_steps": 938, "loss": 7.130044937133789, "elapsed_time": 41.93524956703186, "prnt": false}
{"event": "training_step", "timestamp": 1768954126.3244307, "step": 773, "max_steps": 938, "loss": 7.207058429718018, "elapsed_time": 41.98395919799805, "prnt": false}
{"event": "training_step", "timestamp": 1768954126.373396, "step": 774, "max_steps": 938, "loss": 7.130570411682129, "elapsed_time": 42.03288531303406, "prnt": false}
{"event": "training_step", "timestamp": 1768954126.4223683, "step": 775, "max_steps": 938, "loss": 7.110099792480469, "elapsed_time": 42.08181977272034, "prnt": false}
{"event": "training_step", "timestamp": 1768954126.471425, "step": 776, "max_steps": 938, "loss": 7.140129566192627, "elapsed_time": 42.1308867931366, "prnt": false}
{"event": "training_step", "timestamp": 1768954126.520461, "step": 777, "max_steps": 938, "loss": 7.161570072174072, "elapsed_time": 42.17983078956604, "prnt": false}
{"event": "training_step", "timestamp": 1768954126.5694337, "step": 778, "max_steps": 938, "loss": 7.105987071990967, "elapsed_time": 42.228898763656616, "prnt": false}
{"event": "training_step", "timestamp": 1768954126.6185157, "step": 779, "max_steps": 938, "loss": 7.130422115325928, "elapsed_time": 42.277881145477295, "prnt": false}
{"event": "training_step", "timestamp": 1768954126.667487, "step": 780, "max_steps": 938, "loss": 7.1833953857421875, "elapsed_time": 42.32694387435913, "prnt": false}
{"event": "training_step", "timestamp": 1768954126.7164638, "step": 781, "max_steps": 938, "loss": 7.1317572593688965, "elapsed_time": 42.37590575218201, "prnt": false}
{"event": "training_step", "timestamp": 1768954126.7655635, "step": 782, "max_steps": 938, "loss": 7.108665466308594, "elapsed_time": 42.424968957901, "prnt": false}
{"event": "training_step", "timestamp": 1768954126.8145585, "step": 783, "max_steps": 938, "loss": 7.0556817054748535, "elapsed_time": 42.47422480583191, "prnt": false}
{"event": "training_step", "timestamp": 1768954126.863533, "step": 784, "max_steps": 938, "loss": 7.171175956726074, "elapsed_time": 42.522764921188354, "prnt": false}
{"event": "training_step", "timestamp": 1768954126.9125514, "step": 785, "max_steps": 938, "loss": 7.155168056488037, "elapsed_time": 42.57179665565491, "prnt": false}
{"event": "training_step", "timestamp": 1768954126.961711, "step": 786, "max_steps": 938, "loss": 7.0727691650390625, "elapsed_time": 42.620691537857056, "prnt": false}
{"event": "training_step", "timestamp": 1768954127.0106556, "step": 787, "max_steps": 938, "loss": 7.1360578536987305, "elapsed_time": 42.6699333190918, "prnt": false}
{"event": "training_step", "timestamp": 1768954127.0597868, "step": 788, "max_steps": 938, "loss": 7.146118640899658, "elapsed_time": 42.71893382072449, "prnt": false}
{"event": "training_step", "timestamp": 1768954127.1087368, "step": 789, "max_steps": 938, "loss": 7.12711238861084, "elapsed_time": 42.76796793937683, "prnt": false}
{"event": "training_step", "timestamp": 1768954127.1577575, "step": 790, "max_steps": 938, "loss": 7.140448570251465, "elapsed_time": 42.8169002532959, "prnt": false}
{"event": "training_step", "timestamp": 1768954127.2068212, "step": 791, "max_steps": 938, "loss": 7.125362873077393, "elapsed_time": 42.86605381965637, "prnt": false}
{"event": "training_step", "timestamp": 1768954127.2558284, "step": 792, "max_steps": 938, "loss": 7.146817207336426, "elapsed_time": 42.9150230884552, "prnt": false}
{"event": "validation_step", "timestamp": 1768954127.4889703, "step": 792, "max_steps": 938, "loss": 1.539214665972803, "elapsed_time": 42.9150230884552}
{"event": "training_step", "timestamp": 1768954127.5381894, "step": 793, "max_steps": 938, "loss": 7.083755970001221, "elapsed_time": 43.197328329086304, "prnt": false}
{"event": "training_step", "timestamp": 1768954127.5872905, "step": 794, "max_steps": 938, "loss": 7.142224311828613, "elapsed_time": 43.24651908874512, "prnt": false}
{"event": "training_step", "timestamp": 1768954127.6363063, "step": 795, "max_steps": 938, "loss": 7.110733509063721, "elapsed_time": 43.295490026474, "prnt": false}
{"event": "training_step", "timestamp": 1768954127.6853354, "step": 796, "max_steps": 938, "loss": 7.150660991668701, "elapsed_time": 43.34448552131653, "prnt": false}
{"event": "training_step", "timestamp": 1768954127.7344468, "step": 797, "max_steps": 938, "loss": 7.147398471832275, "elapsed_time": 43.39367699623108, "prnt": false}
{"event": "training_step", "timestamp": 1768954127.7834473, "step": 798, "max_steps": 938, "loss": 7.120545864105225, "elapsed_time": 43.442601919174194, "prnt": false}
{"event": "training_step", "timestamp": 1768954127.832483, "step": 799, "max_steps": 938, "loss": 7.181291580200195, "elapsed_time": 43.491655349731445, "prnt": false}
{"event": "training_step", "timestamp": 1768954127.8816257, "step": 800, "max_steps": 938, "loss": 7.165249347686768, "elapsed_time": 43.54083442687988, "prnt": false}
{"event": "training_step", "timestamp": 1768954127.9306006, "step": 801, "max_steps": 938, "loss": 7.076153755187988, "elapsed_time": 43.58977270126343, "prnt": false}
{"event": "training_step", "timestamp": 1768954127.9796677, "step": 802, "max_steps": 938, "loss": 7.12482213973999, "elapsed_time": 43.63882660865784, "prnt": false}
{"event": "training_step", "timestamp": 1768954128.0287309, "step": 803, "max_steps": 938, "loss": 7.105370044708252, "elapsed_time": 43.687984466552734, "prnt": false}
{"event": "training_step", "timestamp": 1768954128.0778027, "step": 804, "max_steps": 938, "loss": 7.136989593505859, "elapsed_time": 43.736879110336304, "prnt": false}
{"event": "training_step", "timestamp": 1768954128.1270301, "step": 805, "max_steps": 938, "loss": 7.141925811767578, "elapsed_time": 43.78619647026062, "prnt": false}
{"event": "training_step", "timestamp": 1768954128.1761005, "step": 806, "max_steps": 938, "loss": 7.1244940757751465, "elapsed_time": 43.83528995513916, "prnt": false}
{"event": "training_step", "timestamp": 1768954128.2250783, "step": 807, "max_steps": 938, "loss": 7.084882736206055, "elapsed_time": 43.88455772399902, "prnt": false}
{"event": "training_step", "timestamp": 1768954128.274229, "step": 808, "max_steps": 938, "loss": 7.160922527313232, "elapsed_time": 43.93352913856506, "prnt": false}
{"event": "training_step", "timestamp": 1768954128.3232377, "step": 809, "max_steps": 938, "loss": 7.128213882446289, "elapsed_time": 43.98256063461304, "prnt": false}
{"event": "training_step", "timestamp": 1768954128.3722334, "step": 810, "max_steps": 938, "loss": 7.146361827850342, "elapsed_time": 44.03154110908508, "prnt": false}
{"event": "training_step", "timestamp": 1768954128.4213927, "step": 811, "max_steps": 938, "loss": 7.108120918273926, "elapsed_time": 44.08078718185425, "prnt": false}
{"event": "training_step", "timestamp": 1768954128.4704034, "step": 812, "max_steps": 938, "loss": 7.148786544799805, "elapsed_time": 44.12959170341492, "prnt": false}
{"event": "training_step", "timestamp": 1768954128.5194595, "step": 813, "max_steps": 938, "loss": 7.108055114746094, "elapsed_time": 44.17861795425415, "prnt": false}
{"event": "training_step", "timestamp": 1768954128.568522, "step": 814, "max_steps": 938, "loss": 7.154720306396484, "elapsed_time": 44.22771859169006, "prnt": false}
{"event": "training_step", "timestamp": 1768954128.6175797, "step": 815, "max_steps": 938, "loss": 7.086770534515381, "elapsed_time": 44.276755571365356, "prnt": false}
{"event": "training_step", "timestamp": 1768954128.6665688, "step": 816, "max_steps": 938, "loss": 7.120851516723633, "elapsed_time": 44.32578802108765, "prnt": false}
{"event": "training_step", "timestamp": 1768954128.7156365, "step": 817, "max_steps": 938, "loss": 7.115983486175537, "elapsed_time": 44.37483835220337, "prnt": false}
{"event": "training_step", "timestamp": 1768954128.7646012, "step": 818, "max_steps": 938, "loss": 7.138811111450195, "elapsed_time": 44.42385244369507, "prnt": false}
{"event": "training_step", "timestamp": 1768954128.813638, "step": 819, "max_steps": 938, "loss": 7.136865139007568, "elapsed_time": 44.472904205322266, "prnt": false}
{"event": "training_step", "timestamp": 1768954128.8627396, "step": 820, "max_steps": 938, "loss": 7.115795135498047, "elapsed_time": 44.521894454956055, "prnt": false}
{"event": "training_step", "timestamp": 1768954128.9117417, "step": 821, "max_steps": 938, "loss": 7.125833034515381, "elapsed_time": 44.57092618942261, "prnt": false}
{"event": "training_step", "timestamp": 1768954128.9607983, "step": 822, "max_steps": 938, "loss": 7.147778034210205, "elapsed_time": 44.619966983795166, "prnt": false}
{"event": "training_step", "timestamp": 1768954129.0098746, "step": 823, "max_steps": 938, "loss": 7.157847881317139, "elapsed_time": 44.669198513031006, "prnt": false}
{"event": "training_step", "timestamp": 1768954129.0589364, "step": 824, "max_steps": 938, "loss": 7.157712936401367, "elapsed_time": 44.71806478500366, "prnt": false}
{"event": "training_step", "timestamp": 1768954129.107939, "step": 825, "max_steps": 938, "loss": 7.106945991516113, "elapsed_time": 44.76721405982971, "prnt": false}
{"event": "training_step", "timestamp": 1768954129.1571245, "step": 826, "max_steps": 938, "loss": 7.124258041381836, "elapsed_time": 44.816227197647095, "prnt": false}
{"event": "training_step", "timestamp": 1768954129.2061343, "step": 827, "max_steps": 938, "loss": 7.136640548706055, "elapsed_time": 44.8655047416687, "prnt": false}
{"event": "training_step", "timestamp": 1768954129.2551804, "step": 828, "max_steps": 938, "loss": 7.10358190536499, "elapsed_time": 44.914320945739746, "prnt": false}
{"event": "training_step", "timestamp": 1768954129.3043077, "step": 829, "max_steps": 938, "loss": 7.090184688568115, "elapsed_time": 44.963536977767944, "prnt": false}
{"event": "training_step", "timestamp": 1768954129.3534002, "step": 830, "max_steps": 938, "loss": 7.1135125160217285, "elapsed_time": 45.01262450218201, "prnt": false}
{"event": "training_step", "timestamp": 1768954129.4024065, "step": 831, "max_steps": 938, "loss": 7.097873210906982, "elapsed_time": 45.061617612838745, "prnt": false}
{"event": "training_step", "timestamp": 1768954129.4515233, "step": 832, "max_steps": 938, "loss": 7.097742557525635, "elapsed_time": 45.11069345474243, "prnt": false}
{"event": "training_step", "timestamp": 1768954129.5006483, "step": 833, "max_steps": 938, "loss": 7.072183132171631, "elapsed_time": 45.159762382507324, "prnt": false}
{"event": "training_step", "timestamp": 1768954129.5496974, "step": 834, "max_steps": 938, "loss": 7.13373327255249, "elapsed_time": 45.208837270736694, "prnt": false}
{"event": "training_step", "timestamp": 1768954129.59887, "step": 835, "max_steps": 938, "loss": 7.110829830169678, "elapsed_time": 45.2582528591156, "prnt": false}
{"event": "training_step", "timestamp": 1768954129.6478794, "step": 836, "max_steps": 938, "loss": 7.117959022521973, "elapsed_time": 45.30713963508606, "prnt": false}
{"event": "validation_step", "timestamp": 1768954129.8812156, "step": 836, "max_steps": 938, "loss": 1.5379327132424077, "elapsed_time": 45.30713963508606}
{"event": "training_step", "timestamp": 1768954129.930453, "step": 837, "max_steps": 938, "loss": 7.1270952224731445, "elapsed_time": 45.58960270881653, "prnt": false}
{"event": "training_step", "timestamp": 1768954129.979678, "step": 838, "max_steps": 938, "loss": 7.07771635055542, "elapsed_time": 45.63873219490051, "prnt": false}
{"event": "training_step", "timestamp": 1768954130.0287807, "step": 839, "max_steps": 938, "loss": 7.081030368804932, "elapsed_time": 45.68803644180298, "prnt": false}
{"event": "training_step", "timestamp": 1768954130.0778432, "step": 840, "max_steps": 938, "loss": 7.13286828994751, "elapsed_time": 45.73693346977234, "prnt": false}
{"event": "training_step", "timestamp": 1768954130.1269562, "step": 841, "max_steps": 938, "loss": 7.112940788269043, "elapsed_time": 45.78619623184204, "prnt": false}
{"event": "training_step", "timestamp": 1768954130.176161, "step": 842, "max_steps": 938, "loss": 7.1564249992370605, "elapsed_time": 45.83618187904358, "prnt": false}
{"event": "training_step", "timestamp": 1768954130.2252643, "step": 843, "max_steps": 938, "loss": 7.153571605682373, "elapsed_time": 45.88472032546997, "prnt": false}
{"event": "training_step", "timestamp": 1768954130.2744775, "step": 844, "max_steps": 938, "loss": 7.082822322845459, "elapsed_time": 45.9337522983551, "prnt": false}
{"event": "training_step", "timestamp": 1768954130.323609, "step": 845, "max_steps": 938, "loss": 7.199998378753662, "elapsed_time": 45.982924699783325, "prnt": false}
{"event": "training_step", "timestamp": 1768954130.3728528, "step": 846, "max_steps": 938, "loss": 7.08027458190918, "elapsed_time": 46.032832860946655, "prnt": false}
{"event": "training_step", "timestamp": 1768954130.4220598, "step": 847, "max_steps": 938, "loss": 7.109373092651367, "elapsed_time": 46.081809997558594, "prnt": false}
{"event": "training_step", "timestamp": 1768954130.471157, "step": 848, "max_steps": 938, "loss": 7.035226345062256, "elapsed_time": 46.13064241409302, "prnt": false}
{"event": "training_step", "timestamp": 1768954130.5201933, "step": 849, "max_steps": 938, "loss": 7.133734703063965, "elapsed_time": 46.17957949638367, "prnt": false}
{"event": "training_step", "timestamp": 1768954130.5693653, "step": 850, "max_steps": 938, "loss": 7.068658828735352, "elapsed_time": 46.228694915771484, "prnt": false}
{"event": "training_step", "timestamp": 1768954130.61845, "step": 851, "max_steps": 938, "loss": 7.11025333404541, "elapsed_time": 46.277809143066406, "prnt": false}
{"event": "training_step", "timestamp": 1768954130.6675072, "step": 852, "max_steps": 938, "loss": 7.1403889656066895, "elapsed_time": 46.326878786087036, "prnt": false}
{"event": "training_step", "timestamp": 1768954130.7167094, "step": 853, "max_steps": 938, "loss": 7.070804595947266, "elapsed_time": 46.375924587249756, "prnt": false}
{"event": "training_step", "timestamp": 1768954130.765779, "step": 854, "max_steps": 938, "loss": 7.166507720947266, "elapsed_time": 46.425105810165405, "prnt": false}
{"event": "training_step", "timestamp": 1768954130.8149488, "step": 855, "max_steps": 938, "loss": 7.152169704437256, "elapsed_time": 46.47476577758789, "prnt": false}
{"event": "training_step", "timestamp": 1768954130.8641536, "step": 856, "max_steps": 938, "loss": 7.106492519378662, "elapsed_time": 46.52371644973755, "prnt": false}
{"event": "training_step", "timestamp": 1768954130.9132016, "step": 857, "max_steps": 938, "loss": 7.097989082336426, "elapsed_time": 46.572561264038086, "prnt": false}
{"event": "training_step", "timestamp": 1768954130.9622376, "step": 858, "max_steps": 938, "loss": 7.105356693267822, "elapsed_time": 46.62147855758667, "prnt": false}
{"event": "training_step", "timestamp": 1768954131.0114102, "step": 859, "max_steps": 938, "loss": 7.110292434692383, "elapsed_time": 46.67162871360779, "prnt": false}
{"event": "training_step", "timestamp": 1768954131.0604613, "step": 860, "max_steps": 938, "loss": 7.104408264160156, "elapsed_time": 46.71996259689331, "prnt": false}
{"event": "training_step", "timestamp": 1768954131.1094775, "step": 861, "max_steps": 938, "loss": 7.121959209442139, "elapsed_time": 46.76876711845398, "prnt": false}
{"event": "training_step", "timestamp": 1768954131.158644, "step": 862, "max_steps": 938, "loss": 7.073343753814697, "elapsed_time": 46.817920446395874, "prnt": false}
{"event": "training_step", "timestamp": 1768954131.207689, "step": 863, "max_steps": 938, "loss": 7.11175537109375, "elapsed_time": 46.86690902709961, "prnt": false}
{"event": "training_step", "timestamp": 1768954131.2567782, "step": 864, "max_steps": 938, "loss": 7.152914047241211, "elapsed_time": 46.91607689857483, "prnt": false}
{"event": "training_step", "timestamp": 1768954131.3058517, "step": 865, "max_steps": 938, "loss": 7.158071994781494, "elapsed_time": 46.96523404121399, "prnt": false}
{"event": "training_step", "timestamp": 1768954131.3548703, "step": 866, "max_steps": 938, "loss": 7.170835971832275, "elapsed_time": 47.01421856880188, "prnt": false}
{"event": "training_step", "timestamp": 1768954131.4039717, "step": 867, "max_steps": 938, "loss": 7.190153121948242, "elapsed_time": 47.06380820274353, "prnt": false}
{"event": "training_step", "timestamp": 1768954131.4531183, "step": 868, "max_steps": 938, "loss": 7.086426258087158, "elapsed_time": 47.11258387565613, "prnt": false}
{"event": "training_step", "timestamp": 1768954131.502155, "step": 869, "max_steps": 938, "loss": 7.14366340637207, "elapsed_time": 47.16188097000122, "prnt": false}
{"event": "training_step", "timestamp": 1768954131.5511594, "step": 870, "max_steps": 938, "loss": 7.075649738311768, "elapsed_time": 47.21052074432373, "prnt": false}
{"event": "training_step", "timestamp": 1768954131.6003141, "step": 871, "max_steps": 938, "loss": 7.105612277984619, "elapsed_time": 47.25963258743286, "prnt": false}
{"event": "training_step", "timestamp": 1768954131.6493409, "step": 872, "max_steps": 938, "loss": 7.08091926574707, "elapsed_time": 47.30902671813965, "prnt": false}
{"event": "training_step", "timestamp": 1768954131.6984482, "step": 873, "max_steps": 938, "loss": 7.132416725158691, "elapsed_time": 47.357842445373535, "prnt": false}
{"event": "training_step", "timestamp": 1768954131.7476003, "step": 874, "max_steps": 938, "loss": 7.113711833953857, "elapsed_time": 47.40701127052307, "prnt": false}
{"event": "training_step", "timestamp": 1768954131.7966723, "step": 875, "max_steps": 938, "loss": 7.107812404632568, "elapsed_time": 47.45606565475464, "prnt": false}
{"event": "training_step", "timestamp": 1768954131.8457015, "step": 876, "max_steps": 938, "loss": 7.138295650482178, "elapsed_time": 47.50516653060913, "prnt": false}
{"event": "training_step", "timestamp": 1768954131.8948822, "step": 877, "max_steps": 938, "loss": 7.036952018737793, "elapsed_time": 47.554240226745605, "prnt": false}
{"event": "training_step", "timestamp": 1768954131.943944, "step": 878, "max_steps": 938, "loss": 7.137594223022461, "elapsed_time": 47.60322713851929, "prnt": false}
{"event": "training_step", "timestamp": 1768954131.9930115, "step": 879, "max_steps": 938, "loss": 7.177028656005859, "elapsed_time": 47.65238165855408, "prnt": false}
{"event": "training_step", "timestamp": 1768954132.042221, "step": 880, "max_steps": 938, "loss": 7.103309631347656, "elapsed_time": 47.701679944992065, "prnt": false}
{"event": "validation_step", "timestamp": 1768954132.2757554, "step": 880, "max_steps": 938, "loss": 1.5370046157915016, "elapsed_time": 47.701679944992065}
{"event": "training_step", "timestamp": 1768954132.3250687, "step": 881, "max_steps": 938, "loss": 7.0834269523620605, "elapsed_time": 47.984915256500244, "prnt": false}
{"event": "training_step", "timestamp": 1768954132.3741407, "step": 882, "max_steps": 938, "loss": 7.097177028656006, "elapsed_time": 48.033432483673096, "prnt": false}
{"event": "training_step", "timestamp": 1768954132.4232776, "step": 883, "max_steps": 938, "loss": 7.122474193572998, "elapsed_time": 48.08267784118652, "prnt": false}
{"event": "training_step", "timestamp": 1768954132.4723291, "step": 884, "max_steps": 938, "loss": 7.117621421813965, "elapsed_time": 48.13171195983887, "prnt": false}
{"event": "training_step", "timestamp": 1768954132.521384, "step": 885, "max_steps": 938, "loss": 7.100427150726318, "elapsed_time": 48.1807165145874, "prnt": false}
{"event": "training_step", "timestamp": 1768954132.5705183, "step": 886, "max_steps": 938, "loss": 7.087432861328125, "elapsed_time": 48.22986388206482, "prnt": false}
{"event": "training_step", "timestamp": 1768954132.6196105, "step": 887, "max_steps": 938, "loss": 7.136711120605469, "elapsed_time": 48.27900719642639, "prnt": false}
{"event": "training_step", "timestamp": 1768954132.6686938, "step": 888, "max_steps": 938, "loss": 7.11055850982666, "elapsed_time": 48.3280987739563, "prnt": false}
{"event": "training_step", "timestamp": 1768954132.7178986, "step": 889, "max_steps": 938, "loss": 7.114550590515137, "elapsed_time": 48.37725806236267, "prnt": false}
{"event": "training_step", "timestamp": 1768954132.7669573, "step": 890, "max_steps": 938, "loss": 7.134047985076904, "elapsed_time": 48.42630672454834, "prnt": false}
{"event": "training_step", "timestamp": 1768954132.8161545, "step": 891, "max_steps": 938, "loss": 7.145394325256348, "elapsed_time": 48.47592544555664, "prnt": false}
{"event": "training_step", "timestamp": 1768954132.8653498, "step": 892, "max_steps": 938, "loss": 7.06494140625, "elapsed_time": 48.5246741771698, "prnt": false}
{"event": "training_step", "timestamp": 1768954132.9144554, "step": 893, "max_steps": 938, "loss": 7.0583648681640625, "elapsed_time": 48.573769092559814, "prnt": false}
{"event": "training_step", "timestamp": 1768954132.9635446, "step": 894, "max_steps": 938, "loss": 7.17825174331665, "elapsed_time": 48.62282705307007, "prnt": false}
{"event": "training_step", "timestamp": 1768954133.0126803, "step": 895, "max_steps": 938, "loss": 7.111653804779053, "elapsed_time": 48.6720130443573, "prnt": false}
{"event": "training_step", "timestamp": 1768954133.0617623, "step": 896, "max_steps": 938, "loss": 7.091376781463623, "elapsed_time": 48.721116065979004, "prnt": false}
{"event": "training_step", "timestamp": 1768954133.1108556, "step": 897, "max_steps": 938, "loss": 7.0659613609313965, "elapsed_time": 48.77029752731323, "prnt": false}
{"event": "training_step", "timestamp": 1768954133.1600513, "step": 898, "max_steps": 938, "loss": 7.139034271240234, "elapsed_time": 48.81944966316223, "prnt": false}
{"event": "training_step", "timestamp": 1768954133.2091281, "step": 899, "max_steps": 938, "loss": 7.0693511962890625, "elapsed_time": 48.86850881576538, "prnt": false}
{"event": "training_step", "timestamp": 1768954133.2582598, "step": 900, "max_steps": 938, "loss": 7.170906066894531, "elapsed_time": 48.91760849952698, "prnt": false}
{"event": "training_step", "timestamp": 1768954133.3074064, "step": 901, "max_steps": 938, "loss": 7.152049541473389, "elapsed_time": 48.966795444488525, "prnt": false}
{"event": "training_step", "timestamp": 1768954133.3566387, "step": 902, "max_steps": 938, "loss": 7.093758583068848, "elapsed_time": 49.01662635803223, "prnt": false}
{"event": "training_step", "timestamp": 1768954133.4057648, "step": 903, "max_steps": 938, "loss": 7.174282550811768, "elapsed_time": 49.06570386886597, "prnt": false}
{"event": "training_step", "timestamp": 1768954133.4550083, "step": 904, "max_steps": 938, "loss": 7.136594772338867, "elapsed_time": 49.11448407173157, "prnt": false}
{"event": "training_step", "timestamp": 1768954133.5043035, "step": 905, "max_steps": 938, "loss": 7.1059346199035645, "elapsed_time": 49.16454315185547, "prnt": false}
{"event": "training_step", "timestamp": 1768954133.5534217, "step": 906, "max_steps": 938, "loss": 7.10474157333374, "elapsed_time": 49.21288013458252, "prnt": false}
{"event": "training_step", "timestamp": 1768954133.6025753, "step": 907, "max_steps": 938, "loss": 7.168209075927734, "elapsed_time": 49.261969327926636, "prnt": false}
{"event": "training_step", "timestamp": 1768954133.6515932, "step": 908, "max_steps": 938, "loss": 7.106242656707764, "elapsed_time": 49.31099987030029, "prnt": false}
{"event": "training_step", "timestamp": 1768954133.70067, "step": 909, "max_steps": 938, "loss": 7.078577995300293, "elapsed_time": 49.360013484954834, "prnt": false}
{"event": "training_step", "timestamp": 1768954133.7497997, "step": 910, "max_steps": 938, "loss": 7.1089863777160645, "elapsed_time": 49.40917468070984, "prnt": false}
{"event": "training_step", "timestamp": 1768954133.798912, "step": 911, "max_steps": 938, "loss": 7.132954120635986, "elapsed_time": 49.45822501182556, "prnt": false}
{"event": "training_step", "timestamp": 1768954133.8480086, "step": 912, "max_steps": 938, "loss": 7.080399036407471, "elapsed_time": 49.50738191604614, "prnt": false}
{"event": "training_step", "timestamp": 1768954133.8971894, "step": 913, "max_steps": 938, "loss": 7.099529266357422, "elapsed_time": 49.5565025806427, "prnt": false}
{"event": "training_step", "timestamp": 1768954133.9462576, "step": 914, "max_steps": 938, "loss": 7.153866291046143, "elapsed_time": 49.60559415817261, "prnt": false}
{"event": "training_step", "timestamp": 1768954133.9953234, "step": 915, "max_steps": 938, "loss": 7.098583698272705, "elapsed_time": 49.65481901168823, "prnt": false}
{"event": "training_step", "timestamp": 1768954134.0444639, "step": 916, "max_steps": 938, "loss": 7.080333709716797, "elapsed_time": 49.70391535758972, "prnt": false}
{"event": "training_step", "timestamp": 1768954134.0935533, "step": 917, "max_steps": 938, "loss": 7.027437210083008, "elapsed_time": 49.75296068191528, "prnt": false}
{"event": "training_step", "timestamp": 1768954134.1429517, "step": 918, "max_steps": 938, "loss": 7.144604682922363, "elapsed_time": 49.8019061088562, "prnt": false}
{"event": "training_step", "timestamp": 1768954134.1922736, "step": 919, "max_steps": 938, "loss": 7.137279033660889, "elapsed_time": 49.851930379867554, "prnt": false}
{"event": "training_step", "timestamp": 1768954134.2414575, "step": 920, "max_steps": 938, "loss": 7.046286582946777, "elapsed_time": 49.90121245384216, "prnt": false}
{"event": "training_step", "timestamp": 1768954134.2906966, "step": 921, "max_steps": 938, "loss": 7.110138416290283, "elapsed_time": 49.95046305656433, "prnt": false}
{"event": "training_step", "timestamp": 1768954134.340053, "step": 922, "max_steps": 938, "loss": 7.1207146644592285, "elapsed_time": 49.99994492530823, "prnt": false}
{"event": "training_step", "timestamp": 1768954134.3892531, "step": 923, "max_steps": 938, "loss": 7.096645355224609, "elapsed_time": 50.04918026924133, "prnt": false}
{"event": "training_step", "timestamp": 1768954134.4385548, "step": 924, "max_steps": 938, "loss": 7.117612361907959, "elapsed_time": 50.09845781326294, "prnt": false}
{"event": "validation_step", "timestamp": 1768954134.6725721, "step": 924, "max_steps": 938, "loss": 1.536798327157149, "elapsed_time": 50.09845781326294}
{"event": "training_step", "timestamp": 1768954134.7220302, "step": 925, "max_steps": 938, "loss": 7.101231575012207, "elapsed_time": 50.38209891319275, "prnt": false}
{"event": "training_step", "timestamp": 1768954134.7712307, "step": 926, "max_steps": 938, "loss": 7.122716903686523, "elapsed_time": 50.43099236488342, "prnt": false}
{"event": "training_step", "timestamp": 1768954134.8204916, "step": 927, "max_steps": 938, "loss": 7.053217887878418, "elapsed_time": 50.48026394844055, "prnt": false}
{"event": "training_step", "timestamp": 1768954134.8699071, "step": 928, "max_steps": 938, "loss": 7.120420455932617, "elapsed_time": 50.53009533882141, "prnt": false}
{"event": "training_step", "timestamp": 1768954134.9192142, "step": 929, "max_steps": 938, "loss": 7.087387561798096, "elapsed_time": 50.581135749816895, "prnt": false}
{"event": "training_step", "timestamp": 1768954134.9685168, "step": 930, "max_steps": 938, "loss": 7.117380142211914, "elapsed_time": 50.630775928497314, "prnt": false}
{"event": "training_step", "timestamp": 1768954135.0181222, "step": 931, "max_steps": 938, "loss": 7.1227264404296875, "elapsed_time": 50.67904090881348, "prnt": false}
{"event": "training_step", "timestamp": 1768954135.0674977, "step": 932, "max_steps": 938, "loss": 7.092103004455566, "elapsed_time": 50.72751212120056, "prnt": false}
{"event": "training_step", "timestamp": 1768954135.1167536, "step": 933, "max_steps": 938, "loss": 7.14796257019043, "elapsed_time": 50.77687883377075, "prnt": false}
{"event": "training_step", "timestamp": 1768954135.1661456, "step": 934, "max_steps": 938, "loss": 7.145009994506836, "elapsed_time": 50.8259711265564, "prnt": false}
{"event": "training_step", "timestamp": 1768954135.2153516, "step": 935, "max_steps": 938, "loss": 7.054278373718262, "elapsed_time": 50.87488865852356, "prnt": false}
{"event": "training_step", "timestamp": 1768954135.2645159, "step": 936, "max_steps": 938, "loss": 7.101805686950684, "elapsed_time": 50.924436807632446, "prnt": false}
{"event": "training_step", "timestamp": 1768954135.313814, "step": 937, "max_steps": 938, "loss": 7.085138320922852, "elapsed_time": 50.97333288192749, "prnt": false}
{"event": "training_step", "timestamp": 1768954135.3630848, "step": 938, "max_steps": 938, "loss": 7.113089084625244, "elapsed_time": 51.023284673690796, "prnt": false}
{"event": "validation_step", "timestamp": 1768954135.5970345, "step": 938, "max_steps": 938, "loss": 1.5367953390589202, "elapsed_time": 51.023284673690796}
