{"event": "hyperparameters_configured", "timestamp": 1768955056.853389, "block_size": 128, "batch_size": 64, "vocab_size": 16000, "n_layer": 6, "n_head": 8, "d_model": 512, "dropout": 0.1, "lr": 0.0003, "weight_decay": 0.0, "evals_per_epoch": 3, "epochs": 7, "seed": 1337, "num_titles": 100000, "val_frac": 0.1, "log_file": "./logs/mainrun.log"}
{"event": "device_info", "timestamp": 1768955056.8709888, "device": "cuda"}
{"event": "dataset_info", "timestamp": 1768955067.1231267, "titles_count": 90000, "epochs": 7, "batches_per_epoch": 134, "tokens_per_epoch": 1102455, "vocab_size": 16000}
{"event": "model_info", "timestamp": 1768955067.4318058, "parameters_count": 27172864}
{"event": "training_step", "timestamp": 1768955068.0252762, "step": 1, "max_steps": 938, "loss": 9.77013111114502, "elapsed_time": 0.1697523593902588, "prnt": false}
{"event": "validation_step", "timestamp": 1768955068.2562032, "step": 1, "max_steps": 938, "loss": 2.1024220323145832, "elapsed_time": 0.1697523593902588}
{"event": "training_step", "timestamp": 1768955068.3051465, "step": 2, "max_steps": 938, "loss": 9.786827087402344, "elapsed_time": 0.40685486793518066, "prnt": false}
{"event": "training_step", "timestamp": 1768955068.353883, "step": 3, "max_steps": 938, "loss": 9.741171836853027, "elapsed_time": 0.45516467094421387, "prnt": false}
{"event": "training_step", "timestamp": 1768955068.402625, "step": 4, "max_steps": 938, "loss": 9.67247200012207, "elapsed_time": 0.5038673877716064, "prnt": false}
{"event": "training_step", "timestamp": 1768955068.4514654, "step": 5, "max_steps": 938, "loss": 9.586162567138672, "elapsed_time": 0.5527575016021729, "prnt": false}
{"event": "training_step", "timestamp": 1768955068.500199, "step": 6, "max_steps": 938, "loss": 9.484570503234863, "elapsed_time": 0.6014161109924316, "prnt": false}
{"event": "training_step", "timestamp": 1768955068.548877, "step": 7, "max_steps": 938, "loss": 9.350571632385254, "elapsed_time": 0.6502177715301514, "prnt": false}
{"event": "training_step", "timestamp": 1768955068.597677, "step": 8, "max_steps": 938, "loss": 9.239124298095703, "elapsed_time": 0.6989274024963379, "prnt": false}
{"event": "training_step", "timestamp": 1768955068.6463094, "step": 9, "max_steps": 938, "loss": 9.167068481445312, "elapsed_time": 0.7475681304931641, "prnt": false}
{"event": "training_step", "timestamp": 1768955068.6949527, "step": 10, "max_steps": 938, "loss": 9.08096694946289, "elapsed_time": 0.7962675094604492, "prnt": false}
{"event": "training_step", "timestamp": 1768955068.7436483, "step": 11, "max_steps": 938, "loss": 8.988361358642578, "elapsed_time": 0.8450343608856201, "prnt": false}
{"event": "training_step", "timestamp": 1768955068.792278, "step": 12, "max_steps": 938, "loss": 8.956260681152344, "elapsed_time": 0.8936522006988525, "prnt": false}
{"event": "training_step", "timestamp": 1768955068.8409717, "step": 13, "max_steps": 938, "loss": 8.91043758392334, "elapsed_time": 0.9422311782836914, "prnt": false}
{"event": "training_step", "timestamp": 1768955068.8897142, "step": 14, "max_steps": 938, "loss": 8.87131118774414, "elapsed_time": 0.9909884929656982, "prnt": false}
{"event": "training_step", "timestamp": 1768955068.93838, "step": 15, "max_steps": 938, "loss": 8.847864151000977, "elapsed_time": 1.039565086364746, "prnt": false}
{"event": "training_step", "timestamp": 1768955068.987036, "step": 16, "max_steps": 938, "loss": 8.776721954345703, "elapsed_time": 1.0885419845581055, "prnt": false}
{"event": "training_step", "timestamp": 1768955069.035799, "step": 17, "max_steps": 938, "loss": 8.761523246765137, "elapsed_time": 1.137078046798706, "prnt": false}
{"event": "training_step", "timestamp": 1768955069.0844285, "step": 18, "max_steps": 938, "loss": 8.720958709716797, "elapsed_time": 1.1858325004577637, "prnt": false}
{"event": "training_step", "timestamp": 1768955069.133039, "step": 19, "max_steps": 938, "loss": 8.675357818603516, "elapsed_time": 1.2342991828918457, "prnt": false}
{"event": "training_step", "timestamp": 1768955069.1817043, "step": 20, "max_steps": 938, "loss": 8.658910751342773, "elapsed_time": 1.2830402851104736, "prnt": false}
{"event": "training_step", "timestamp": 1768955069.2303462, "step": 21, "max_steps": 938, "loss": 8.600647926330566, "elapsed_time": 1.3315703868865967, "prnt": false}
{"event": "training_step", "timestamp": 1768955069.2789104, "step": 22, "max_steps": 938, "loss": 8.559096336364746, "elapsed_time": 1.3803973197937012, "prnt": false}
{"event": "training_step", "timestamp": 1768955069.3275473, "step": 23, "max_steps": 938, "loss": 8.500160217285156, "elapsed_time": 1.4288570880889893, "prnt": false}
{"event": "training_step", "timestamp": 1768955069.3761165, "step": 24, "max_steps": 938, "loss": 8.461896896362305, "elapsed_time": 1.4776482582092285, "prnt": false}
{"event": "training_step", "timestamp": 1768955069.42465, "step": 25, "max_steps": 938, "loss": 8.384624481201172, "elapsed_time": 1.5259950160980225, "prnt": false}
{"event": "training_step", "timestamp": 1768955069.473472, "step": 26, "max_steps": 938, "loss": 8.351789474487305, "elapsed_time": 1.5745642185211182, "prnt": false}
{"event": "training_step", "timestamp": 1768955069.522277, "step": 27, "max_steps": 938, "loss": 8.301116943359375, "elapsed_time": 1.623521327972412, "prnt": false}
{"event": "training_step", "timestamp": 1768955069.5710976, "step": 28, "max_steps": 938, "loss": 8.258919715881348, "elapsed_time": 1.6721811294555664, "prnt": false}
{"event": "training_step", "timestamp": 1768955069.6199503, "step": 29, "max_steps": 938, "loss": 8.184088706970215, "elapsed_time": 1.7210912704467773, "prnt": false}
{"event": "training_step", "timestamp": 1768955069.6687338, "step": 30, "max_steps": 938, "loss": 8.154900550842285, "elapsed_time": 1.7698698043823242, "prnt": false}
{"event": "training_step", "timestamp": 1768955069.7174842, "step": 31, "max_steps": 938, "loss": 8.096518516540527, "elapsed_time": 1.8186249732971191, "prnt": false}
{"event": "training_step", "timestamp": 1768955069.766311, "step": 32, "max_steps": 938, "loss": 8.067142486572266, "elapsed_time": 1.867645025253296, "prnt": false}
{"event": "training_step", "timestamp": 1768955069.814977, "step": 33, "max_steps": 938, "loss": 8.019516944885254, "elapsed_time": 1.9160740375518799, "prnt": false}
{"event": "training_step", "timestamp": 1768955069.8636546, "step": 34, "max_steps": 938, "loss": 7.942821979522705, "elapsed_time": 1.964977502822876, "prnt": false}
{"event": "training_step", "timestamp": 1768955069.9124694, "step": 35, "max_steps": 938, "loss": 7.91080904006958, "elapsed_time": 2.0137956142425537, "prnt": false}
{"event": "training_step", "timestamp": 1768955069.9611347, "step": 36, "max_steps": 938, "loss": 7.900674819946289, "elapsed_time": 2.062593936920166, "prnt": false}
{"event": "training_step", "timestamp": 1768955070.0096948, "step": 37, "max_steps": 938, "loss": 7.837907314300537, "elapsed_time": 2.1110079288482666, "prnt": false}
{"event": "training_step", "timestamp": 1768955070.0583723, "step": 38, "max_steps": 938, "loss": 7.832261562347412, "elapsed_time": 2.1597392559051514, "prnt": false}
{"event": "training_step", "timestamp": 1768955070.106917, "step": 39, "max_steps": 938, "loss": 7.825108528137207, "elapsed_time": 2.2082061767578125, "prnt": false}
{"event": "training_step", "timestamp": 1768955070.1555066, "step": 40, "max_steps": 938, "loss": 7.741213321685791, "elapsed_time": 2.257004976272583, "prnt": false}
{"event": "training_step", "timestamp": 1768955070.2041442, "step": 41, "max_steps": 938, "loss": 7.804501056671143, "elapsed_time": 2.305574893951416, "prnt": false}
{"event": "training_step", "timestamp": 1768955070.252762, "step": 42, "max_steps": 938, "loss": 7.6910529136657715, "elapsed_time": 2.3542051315307617, "prnt": false}
{"event": "training_step", "timestamp": 1768955070.301366, "step": 43, "max_steps": 938, "loss": 7.6859025955200195, "elapsed_time": 2.4026763439178467, "prnt": false}
{"event": "training_step", "timestamp": 1768955070.3500116, "step": 44, "max_steps": 938, "loss": 7.620386600494385, "elapsed_time": 2.4512879848480225, "prnt": false}
{"event": "validation_step", "timestamp": 1768955070.580206, "step": 44, "max_steps": 938, "loss": 1.6501502588630508, "elapsed_time": 2.4512879848480225}
{"event": "training_step", "timestamp": 1768955070.6290376, "step": 45, "max_steps": 938, "loss": 7.691254138946533, "elapsed_time": 2.730499029159546, "prnt": false}
{"event": "training_step", "timestamp": 1768955070.677674, "step": 46, "max_steps": 938, "loss": 7.612688064575195, "elapsed_time": 2.7789978981018066, "prnt": false}
{"event": "training_step", "timestamp": 1768955070.726449, "step": 47, "max_steps": 938, "loss": 7.668697357177734, "elapsed_time": 2.8278796672821045, "prnt": false}
{"event": "training_step", "timestamp": 1768955070.7751222, "step": 48, "max_steps": 938, "loss": 7.6598286628723145, "elapsed_time": 2.8764047622680664, "prnt": false}
{"event": "training_step", "timestamp": 1768955070.8237891, "step": 49, "max_steps": 938, "loss": 7.593698024749756, "elapsed_time": 2.925093173980713, "prnt": false}
{"event": "training_step", "timestamp": 1768955070.8725445, "step": 50, "max_steps": 938, "loss": 7.66689395904541, "elapsed_time": 2.973804235458374, "prnt": false}
{"event": "training_step", "timestamp": 1768955070.921189, "step": 51, "max_steps": 938, "loss": 7.669414043426514, "elapsed_time": 3.022439479827881, "prnt": false}
{"event": "training_step", "timestamp": 1768955070.969925, "step": 52, "max_steps": 938, "loss": 7.6150360107421875, "elapsed_time": 3.0712997913360596, "prnt": false}
{"event": "training_step", "timestamp": 1768955071.0186899, "step": 53, "max_steps": 938, "loss": 7.5907979011535645, "elapsed_time": 3.119992971420288, "prnt": false}
{"event": "training_step", "timestamp": 1768955071.067338, "step": 54, "max_steps": 938, "loss": 7.603100776672363, "elapsed_time": 3.1686084270477295, "prnt": false}
{"event": "training_step", "timestamp": 1768955071.1160612, "step": 55, "max_steps": 938, "loss": 7.589608669281006, "elapsed_time": 3.21730375289917, "prnt": false}
{"event": "training_step", "timestamp": 1768955071.1648154, "step": 56, "max_steps": 938, "loss": 7.561130523681641, "elapsed_time": 3.2660815715789795, "prnt": false}
{"event": "training_step", "timestamp": 1768955071.2135055, "step": 57, "max_steps": 938, "loss": 7.567643165588379, "elapsed_time": 3.3147685527801514, "prnt": false}
{"event": "training_step", "timestamp": 1768955071.2622154, "step": 58, "max_steps": 938, "loss": 7.520246982574463, "elapsed_time": 3.363328456878662, "prnt": false}
{"event": "training_step", "timestamp": 1768955071.3110504, "step": 59, "max_steps": 938, "loss": 7.558102130889893, "elapsed_time": 3.412165880203247, "prnt": false}
{"event": "training_step", "timestamp": 1768955071.359755, "step": 60, "max_steps": 938, "loss": 7.566895484924316, "elapsed_time": 3.46096134185791, "prnt": false}
{"event": "training_step", "timestamp": 1768955071.4084423, "step": 61, "max_steps": 938, "loss": 7.5682525634765625, "elapsed_time": 3.509732723236084, "prnt": false}
{"event": "training_step", "timestamp": 1768955071.4572024, "step": 62, "max_steps": 938, "loss": 7.595163345336914, "elapsed_time": 3.558469533920288, "prnt": false}
{"event": "training_step", "timestamp": 1768955071.5058837, "step": 63, "max_steps": 938, "loss": 7.587146759033203, "elapsed_time": 3.607095956802368, "prnt": false}
{"event": "training_step", "timestamp": 1768955071.5546043, "step": 64, "max_steps": 938, "loss": 7.481418132781982, "elapsed_time": 3.65584397315979, "prnt": false}
{"event": "training_step", "timestamp": 1768955071.6034055, "step": 65, "max_steps": 938, "loss": 7.528980255126953, "elapsed_time": 3.704714298248291, "prnt": false}
{"event": "training_step", "timestamp": 1768955071.6521094, "step": 66, "max_steps": 938, "loss": 7.459706783294678, "elapsed_time": 3.7533092498779297, "prnt": false}
{"event": "training_step", "timestamp": 1768955071.700762, "step": 67, "max_steps": 938, "loss": 7.468160629272461, "elapsed_time": 3.801926612854004, "prnt": false}
{"event": "training_step", "timestamp": 1768955071.7495255, "step": 68, "max_steps": 938, "loss": 7.4551215171813965, "elapsed_time": 3.8506741523742676, "prnt": false}
{"event": "training_step", "timestamp": 1768955071.7982776, "step": 69, "max_steps": 938, "loss": 7.479429244995117, "elapsed_time": 3.8996148109436035, "prnt": false}
{"event": "training_step", "timestamp": 1768955071.8471522, "step": 70, "max_steps": 938, "loss": 7.4509968757629395, "elapsed_time": 3.949155330657959, "prnt": false}
{"event": "training_step", "timestamp": 1768955071.8959677, "step": 71, "max_steps": 938, "loss": 7.437738418579102, "elapsed_time": 3.9972035884857178, "prnt": false}
{"event": "training_step", "timestamp": 1768955071.9447255, "step": 72, "max_steps": 938, "loss": 7.487311840057373, "elapsed_time": 4.0459372997283936, "prnt": false}
{"event": "training_step", "timestamp": 1768955071.9934049, "step": 73, "max_steps": 938, "loss": 7.375418186187744, "elapsed_time": 4.094645261764526, "prnt": false}
{"event": "training_step", "timestamp": 1768955072.0422075, "step": 74, "max_steps": 938, "loss": 7.470865726470947, "elapsed_time": 4.14356541633606, "prnt": false}
{"event": "training_step", "timestamp": 1768955072.0909042, "step": 75, "max_steps": 938, "loss": 7.4820122718811035, "elapsed_time": 4.1921303272247314, "prnt": false}
{"event": "training_step", "timestamp": 1768955072.1396368, "step": 76, "max_steps": 938, "loss": 7.396947860717773, "elapsed_time": 4.2409186363220215, "prnt": false}
{"event": "training_step", "timestamp": 1768955072.188467, "step": 77, "max_steps": 938, "loss": 7.394618511199951, "elapsed_time": 4.289692163467407, "prnt": false}
{"event": "training_step", "timestamp": 1768955072.2371647, "step": 78, "max_steps": 938, "loss": 7.392312526702881, "elapsed_time": 4.338357448577881, "prnt": false}
{"event": "training_step", "timestamp": 1768955072.285863, "step": 79, "max_steps": 938, "loss": 7.413419723510742, "elapsed_time": 4.387120962142944, "prnt": false}
{"event": "training_step", "timestamp": 1768955072.334659, "step": 80, "max_steps": 938, "loss": 7.38278865814209, "elapsed_time": 4.43584680557251, "prnt": false}
{"event": "training_step", "timestamp": 1768955072.3833802, "step": 81, "max_steps": 938, "loss": 7.378784656524658, "elapsed_time": 4.484711170196533, "prnt": false}
{"event": "training_step", "timestamp": 1768955072.4321332, "step": 82, "max_steps": 938, "loss": 7.372196674346924, "elapsed_time": 4.533506870269775, "prnt": false}
{"event": "training_step", "timestamp": 1768955072.4809177, "step": 83, "max_steps": 938, "loss": 7.404049873352051, "elapsed_time": 4.582119703292847, "prnt": false}
{"event": "training_step", "timestamp": 1768955072.5296304, "step": 84, "max_steps": 938, "loss": 7.372053623199463, "elapsed_time": 4.630832195281982, "prnt": false}
{"event": "training_step", "timestamp": 1768955072.5783427, "step": 85, "max_steps": 938, "loss": 7.378939151763916, "elapsed_time": 4.679559707641602, "prnt": false}
{"event": "training_step", "timestamp": 1768955072.6271532, "step": 86, "max_steps": 938, "loss": 7.389338970184326, "elapsed_time": 4.728337526321411, "prnt": false}
{"event": "training_step", "timestamp": 1768955072.6759388, "step": 87, "max_steps": 938, "loss": 7.385279655456543, "elapsed_time": 4.77709174156189, "prnt": false}
{"event": "training_step", "timestamp": 1768955072.724721, "step": 88, "max_steps": 938, "loss": 7.309097766876221, "elapsed_time": 4.825934171676636, "prnt": false}
{"event": "validation_step", "timestamp": 1768955072.9561155, "step": 88, "max_steps": 938, "loss": 1.5795069221932032, "elapsed_time": 4.825934171676636}
{"event": "training_step", "timestamp": 1768955073.0051134, "step": 89, "max_steps": 938, "loss": 7.298622131347656, "elapsed_time": 5.10635232925415, "prnt": false}
{"event": "training_step", "timestamp": 1768955073.0538926, "step": 90, "max_steps": 938, "loss": 7.453004360198975, "elapsed_time": 5.155247211456299, "prnt": false}
{"event": "training_step", "timestamp": 1768955073.1026921, "step": 91, "max_steps": 938, "loss": 7.336971282958984, "elapsed_time": 5.203780889511108, "prnt": false}
{"event": "training_step", "timestamp": 1768955073.1517417, "step": 92, "max_steps": 938, "loss": 7.317321300506592, "elapsed_time": 5.252750873565674, "prnt": false}
{"event": "training_step", "timestamp": 1768955073.2005467, "step": 93, "max_steps": 938, "loss": 7.285331726074219, "elapsed_time": 5.301799297332764, "prnt": false}
{"event": "training_step", "timestamp": 1768955073.249328, "step": 94, "max_steps": 938, "loss": 7.35443639755249, "elapsed_time": 5.350440979003906, "prnt": false}
{"event": "training_step", "timestamp": 1768955073.298214, "step": 95, "max_steps": 938, "loss": 7.2778215408325195, "elapsed_time": 5.399511814117432, "prnt": false}
{"event": "training_step", "timestamp": 1768955073.3469832, "step": 96, "max_steps": 938, "loss": 7.377351760864258, "elapsed_time": 5.4482386112213135, "prnt": false}
{"event": "training_step", "timestamp": 1768955073.395801, "step": 97, "max_steps": 938, "loss": 7.355217933654785, "elapsed_time": 5.49688458442688, "prnt": false}
{"event": "training_step", "timestamp": 1768955073.4446814, "step": 98, "max_steps": 938, "loss": 7.284653186798096, "elapsed_time": 5.545990943908691, "prnt": false}
{"event": "training_step", "timestamp": 1768955073.493462, "step": 99, "max_steps": 938, "loss": 7.354526996612549, "elapsed_time": 5.5946338176727295, "prnt": false}
{"event": "training_step", "timestamp": 1768955073.5422504, "step": 100, "max_steps": 938, "loss": 7.318970203399658, "elapsed_time": 5.64336085319519, "prnt": false}
{"event": "training_step", "timestamp": 1768955073.5910962, "step": 101, "max_steps": 938, "loss": 7.286182880401611, "elapsed_time": 5.69228982925415, "prnt": false}
{"event": "training_step", "timestamp": 1768955073.6398673, "step": 102, "max_steps": 938, "loss": 7.280689716339111, "elapsed_time": 5.741015911102295, "prnt": false}
{"event": "training_step", "timestamp": 1768955073.6886446, "step": 103, "max_steps": 938, "loss": 7.332736968994141, "elapsed_time": 5.789836645126343, "prnt": false}
{"event": "training_step", "timestamp": 1768955073.7374856, "step": 104, "max_steps": 938, "loss": 7.2702317237854, "elapsed_time": 5.838625907897949, "prnt": false}
{"event": "training_step", "timestamp": 1768955073.786258, "step": 105, "max_steps": 938, "loss": 7.244225978851318, "elapsed_time": 5.887463092803955, "prnt": false}
{"event": "training_step", "timestamp": 1768955073.8350494, "step": 106, "max_steps": 938, "loss": 7.261165142059326, "elapsed_time": 5.936150550842285, "prnt": false}
{"event": "training_step", "timestamp": 1768955073.8840406, "step": 107, "max_steps": 938, "loss": 7.284571647644043, "elapsed_time": 5.985816240310669, "prnt": false}
{"event": "training_step", "timestamp": 1768955073.9328425, "step": 108, "max_steps": 938, "loss": 7.217929840087891, "elapsed_time": 6.03405237197876, "prnt": false}
{"event": "training_step", "timestamp": 1768955073.9815803, "step": 109, "max_steps": 938, "loss": 7.234832286834717, "elapsed_time": 6.082857847213745, "prnt": false}
{"event": "training_step", "timestamp": 1768955074.030458, "step": 110, "max_steps": 938, "loss": 7.30842399597168, "elapsed_time": 6.131635904312134, "prnt": false}
{"event": "training_step", "timestamp": 1768955074.0791967, "step": 111, "max_steps": 938, "loss": 7.233684539794922, "elapsed_time": 6.18039345741272, "prnt": false}
{"event": "training_step", "timestamp": 1768955074.1279736, "step": 112, "max_steps": 938, "loss": 7.2150726318359375, "elapsed_time": 6.2292256355285645, "prnt": false}
{"event": "training_step", "timestamp": 1768955074.176858, "step": 113, "max_steps": 938, "loss": 7.164287090301514, "elapsed_time": 6.278024435043335, "prnt": false}
{"event": "training_step", "timestamp": 1768955074.2256346, "step": 114, "max_steps": 938, "loss": 7.26941442489624, "elapsed_time": 6.326906442642212, "prnt": false}
{"event": "training_step", "timestamp": 1768955074.2744012, "step": 115, "max_steps": 938, "loss": 7.244845390319824, "elapsed_time": 6.375597238540649, "prnt": false}
{"event": "training_step", "timestamp": 1768955074.3233147, "step": 116, "max_steps": 938, "loss": 7.145376205444336, "elapsed_time": 6.424402713775635, "prnt": false}
{"event": "training_step", "timestamp": 1768955074.3721058, "step": 117, "max_steps": 938, "loss": 7.209009170532227, "elapsed_time": 6.473204851150513, "prnt": false}
{"event": "training_step", "timestamp": 1768955074.4208975, "step": 118, "max_steps": 938, "loss": 7.216472148895264, "elapsed_time": 6.5220255851745605, "prnt": false}
{"event": "training_step", "timestamp": 1768955074.4697607, "step": 119, "max_steps": 938, "loss": 7.193575859069824, "elapsed_time": 6.570904016494751, "prnt": false}
{"event": "training_step", "timestamp": 1768955074.518569, "step": 120, "max_steps": 938, "loss": 7.202070236206055, "elapsed_time": 6.619712591171265, "prnt": false}
{"event": "training_step", "timestamp": 1768955074.5673416, "step": 121, "max_steps": 938, "loss": 7.1714701652526855, "elapsed_time": 6.668406009674072, "prnt": false}
{"event": "training_step", "timestamp": 1768955074.6161964, "step": 122, "max_steps": 938, "loss": 7.197751045227051, "elapsed_time": 6.717345476150513, "prnt": false}
{"event": "training_step", "timestamp": 1768955074.6649318, "step": 123, "max_steps": 938, "loss": 7.127647399902344, "elapsed_time": 6.766110897064209, "prnt": false}
{"event": "training_step", "timestamp": 1768955074.7137642, "step": 124, "max_steps": 938, "loss": 7.204611301422119, "elapsed_time": 6.8147807121276855, "prnt": false}
{"event": "training_step", "timestamp": 1768955074.7626512, "step": 125, "max_steps": 938, "loss": 7.144212245941162, "elapsed_time": 6.863898038864136, "prnt": false}
{"event": "training_step", "timestamp": 1768955074.8114512, "step": 126, "max_steps": 938, "loss": 7.183284282684326, "elapsed_time": 6.912602663040161, "prnt": false}
{"event": "training_step", "timestamp": 1768955074.8602664, "step": 127, "max_steps": 938, "loss": 7.169129371643066, "elapsed_time": 6.961489677429199, "prnt": false}
{"event": "training_step", "timestamp": 1768955074.9091225, "step": 128, "max_steps": 938, "loss": 7.152620792388916, "elapsed_time": 7.010358095169067, "prnt": false}
{"event": "training_step", "timestamp": 1768955074.9579716, "step": 129, "max_steps": 938, "loss": 7.189729690551758, "elapsed_time": 7.059139966964722, "prnt": false}
{"event": "training_step", "timestamp": 1768955075.006798, "step": 130, "max_steps": 938, "loss": 7.1856889724731445, "elapsed_time": 7.107898712158203, "prnt": false}
{"event": "training_step", "timestamp": 1768955075.0557241, "step": 131, "max_steps": 938, "loss": 7.0670599937438965, "elapsed_time": 7.157124042510986, "prnt": false}
{"event": "training_step", "timestamp": 1768955075.1045594, "step": 132, "max_steps": 938, "loss": 7.124917507171631, "elapsed_time": 7.205740928649902, "prnt": false}
{"event": "validation_step", "timestamp": 1768955075.3366091, "step": 132, "max_steps": 938, "loss": 1.5274959818867344, "elapsed_time": 7.205740928649902}
{"event": "training_step", "timestamp": 1768955075.3855906, "step": 133, "max_steps": 938, "loss": 7.096321105957031, "elapsed_time": 7.4868786334991455, "prnt": false}
{"event": "training_step", "timestamp": 1768955075.434496, "step": 134, "max_steps": 938, "loss": 7.137832164764404, "elapsed_time": 7.535593271255493, "prnt": false}
{"event": "training_step", "timestamp": 1768955075.483486, "step": 135, "max_steps": 938, "loss": 7.125146389007568, "elapsed_time": 7.5846335887908936, "prnt": false}
{"event": "training_step", "timestamp": 1768955075.5323849, "step": 136, "max_steps": 938, "loss": 7.10544490814209, "elapsed_time": 7.63370680809021, "prnt": false}
{"event": "training_step", "timestamp": 1768955075.581208, "step": 137, "max_steps": 938, "loss": 7.0658745765686035, "elapsed_time": 7.682406425476074, "prnt": false}
{"event": "training_step", "timestamp": 1768955075.6301253, "step": 138, "max_steps": 938, "loss": 7.120265007019043, "elapsed_time": 7.7312586307525635, "prnt": false}
{"event": "training_step", "timestamp": 1768955075.6789455, "step": 139, "max_steps": 938, "loss": 7.067803382873535, "elapsed_time": 7.780165195465088, "prnt": false}
{"event": "training_step", "timestamp": 1768955075.727851, "step": 140, "max_steps": 938, "loss": 7.091498851776123, "elapsed_time": 7.828841686248779, "prnt": false}
{"event": "training_step", "timestamp": 1768955075.7767801, "step": 141, "max_steps": 938, "loss": 7.0451979637146, "elapsed_time": 7.877866506576538, "prnt": false}
{"event": "training_step", "timestamp": 1768955075.8256035, "step": 142, "max_steps": 938, "loss": 7.084665775299072, "elapsed_time": 7.9267823696136475, "prnt": false}
{"event": "training_step", "timestamp": 1768955075.8745098, "step": 143, "max_steps": 938, "loss": 7.054835319519043, "elapsed_time": 7.975945472717285, "prnt": false}
{"event": "training_step", "timestamp": 1768955075.9234471, "step": 144, "max_steps": 938, "loss": 7.099038124084473, "elapsed_time": 8.02468991279602, "prnt": false}
{"event": "training_step", "timestamp": 1768955075.9722905, "step": 145, "max_steps": 938, "loss": 7.0114593505859375, "elapsed_time": 8.073470115661621, "prnt": false}
{"event": "training_step", "timestamp": 1768955076.0211234, "step": 146, "max_steps": 938, "loss": 7.043806076049805, "elapsed_time": 8.122179746627808, "prnt": false}
{"event": "training_step", "timestamp": 1768955076.070001, "step": 147, "max_steps": 938, "loss": 7.029233932495117, "elapsed_time": 8.171048879623413, "prnt": false}
{"event": "training_step", "timestamp": 1768955076.1188006, "step": 148, "max_steps": 938, "loss": 7.07153844833374, "elapsed_time": 8.220009565353394, "prnt": false}
{"event": "training_step", "timestamp": 1768955076.1676583, "step": 149, "max_steps": 938, "loss": 7.037722587585449, "elapsed_time": 8.26877760887146, "prnt": false}
{"event": "training_step", "timestamp": 1768955076.216559, "step": 150, "max_steps": 938, "loss": 7.017324447631836, "elapsed_time": 8.317693710327148, "prnt": false}
{"event": "training_step", "timestamp": 1768955076.265451, "step": 151, "max_steps": 938, "loss": 7.010382175445557, "elapsed_time": 8.366479873657227, "prnt": false}
{"event": "training_step", "timestamp": 1768955076.3143184, "step": 152, "max_steps": 938, "loss": 7.022127151489258, "elapsed_time": 8.415376424789429, "prnt": false}
{"event": "training_step", "timestamp": 1768955076.3632503, "step": 153, "max_steps": 938, "loss": 7.036796569824219, "elapsed_time": 8.464339256286621, "prnt": false}
{"event": "training_step", "timestamp": 1768955076.4121315, "step": 154, "max_steps": 938, "loss": 7.041286468505859, "elapsed_time": 8.513151407241821, "prnt": false}
{"event": "training_step", "timestamp": 1768955076.4609478, "step": 155, "max_steps": 938, "loss": 6.996175765991211, "elapsed_time": 8.561941862106323, "prnt": false}
{"event": "training_step", "timestamp": 1768955076.5098972, "step": 156, "max_steps": 938, "loss": 6.995937824249268, "elapsed_time": 8.610960721969604, "prnt": false}
{"event": "training_step", "timestamp": 1768955076.5587707, "step": 157, "max_steps": 938, "loss": 6.965423583984375, "elapsed_time": 8.659802675247192, "prnt": false}
{"event": "training_step", "timestamp": 1768955076.6076202, "step": 158, "max_steps": 938, "loss": 6.961997985839844, "elapsed_time": 8.708864450454712, "prnt": false}
{"event": "training_step", "timestamp": 1768955076.6565425, "step": 159, "max_steps": 938, "loss": 6.948535442352295, "elapsed_time": 8.757635593414307, "prnt": false}
{"event": "training_step", "timestamp": 1768955076.70541, "step": 160, "max_steps": 938, "loss": 6.970195293426514, "elapsed_time": 8.80648136138916, "prnt": false}
{"event": "training_step", "timestamp": 1768955076.7542791, "step": 161, "max_steps": 938, "loss": 6.942468643188477, "elapsed_time": 8.855415105819702, "prnt": false}
{"event": "training_step", "timestamp": 1768955076.8032322, "step": 162, "max_steps": 938, "loss": 6.944490432739258, "elapsed_time": 8.904285907745361, "prnt": false}
{"event": "training_step", "timestamp": 1768955076.8521123, "step": 163, "max_steps": 938, "loss": 6.902681350708008, "elapsed_time": 8.953161239624023, "prnt": false}
{"event": "training_step", "timestamp": 1768955076.9009688, "step": 164, "max_steps": 938, "loss": 6.962122917175293, "elapsed_time": 9.002084732055664, "prnt": false}
{"event": "training_step", "timestamp": 1768955076.9499154, "step": 165, "max_steps": 938, "loss": 6.9330830574035645, "elapsed_time": 9.051187515258789, "prnt": false}
{"event": "training_step", "timestamp": 1768955076.9987507, "step": 166, "max_steps": 938, "loss": 6.9432597160339355, "elapsed_time": 9.099859237670898, "prnt": false}
{"event": "training_step", "timestamp": 1768955077.0476537, "step": 167, "max_steps": 938, "loss": 6.967503070831299, "elapsed_time": 9.148638248443604, "prnt": false}
{"event": "training_step", "timestamp": 1768955077.0965753, "step": 168, "max_steps": 938, "loss": 6.9022603034973145, "elapsed_time": 9.19767451286316, "prnt": false}
{"event": "training_step", "timestamp": 1768955077.1454475, "step": 169, "max_steps": 938, "loss": 6.892708778381348, "elapsed_time": 9.24653172492981, "prnt": false}
{"event": "training_step", "timestamp": 1768955077.1942902, "step": 170, "max_steps": 938, "loss": 6.949608325958252, "elapsed_time": 9.29529857635498, "prnt": false}
{"event": "training_step", "timestamp": 1768955077.2432678, "step": 171, "max_steps": 938, "loss": 6.92252254486084, "elapsed_time": 9.344330072402954, "prnt": false}
{"event": "training_step", "timestamp": 1768955077.2921548, "step": 172, "max_steps": 938, "loss": 6.9614081382751465, "elapsed_time": 9.393174648284912, "prnt": false}
{"event": "training_step", "timestamp": 1768955077.3409402, "step": 173, "max_steps": 938, "loss": 6.9615607261657715, "elapsed_time": 9.442283153533936, "prnt": false}
{"event": "training_step", "timestamp": 1768955077.3899276, "step": 174, "max_steps": 938, "loss": 6.874216079711914, "elapsed_time": 9.491035461425781, "prnt": false}
{"event": "training_step", "timestamp": 1768955077.4387848, "step": 175, "max_steps": 938, "loss": 6.977686882019043, "elapsed_time": 9.539865970611572, "prnt": false}
{"event": "training_step", "timestamp": 1768955077.4876723, "step": 176, "max_steps": 938, "loss": 6.852942943572998, "elapsed_time": 9.588795900344849, "prnt": false}
{"event": "validation_step", "timestamp": 1768955077.7199283, "step": 176, "max_steps": 938, "loss": 1.4791839702943195, "elapsed_time": 9.588795900344849}
{"event": "training_step", "timestamp": 1768955077.7689667, "step": 177, "max_steps": 938, "loss": 6.877448558807373, "elapsed_time": 9.870179653167725, "prnt": false}
{"event": "training_step", "timestamp": 1768955077.8179963, "step": 178, "max_steps": 938, "loss": 6.815317153930664, "elapsed_time": 9.91900897026062, "prnt": false}
{"event": "training_step", "timestamp": 1768955077.8668435, "step": 179, "max_steps": 938, "loss": 6.895544528961182, "elapsed_time": 9.967931509017944, "prnt": false}
{"event": "training_step", "timestamp": 1768955077.9158628, "step": 180, "max_steps": 938, "loss": 6.828402519226074, "elapsed_time": 10.017513275146484, "prnt": false}
{"event": "training_step", "timestamp": 1768955077.9646914, "step": 181, "max_steps": 938, "loss": 6.879273891448975, "elapsed_time": 10.06594181060791, "prnt": false}
{"event": "training_step", "timestamp": 1768955078.0135412, "step": 182, "max_steps": 938, "loss": 6.878246784210205, "elapsed_time": 10.114751815795898, "prnt": false}
{"event": "training_step", "timestamp": 1768955078.0624504, "step": 183, "max_steps": 938, "loss": 6.828498840332031, "elapsed_time": 10.163608074188232, "prnt": false}
{"event": "training_step", "timestamp": 1768955078.1113164, "step": 184, "max_steps": 938, "loss": 6.919468402862549, "elapsed_time": 10.212575912475586, "prnt": false}
{"event": "training_step", "timestamp": 1768955078.160133, "step": 185, "max_steps": 938, "loss": 6.920042991638184, "elapsed_time": 10.261219501495361, "prnt": false}
{"event": "training_step", "timestamp": 1768955078.209034, "step": 186, "max_steps": 938, "loss": 6.8457112312316895, "elapsed_time": 10.310194253921509, "prnt": false}
{"event": "training_step", "timestamp": 1768955078.2578368, "step": 187, "max_steps": 938, "loss": 6.845580101013184, "elapsed_time": 10.358941078186035, "prnt": false}
{"event": "training_step", "timestamp": 1768955078.3067079, "step": 188, "max_steps": 938, "loss": 6.839974880218506, "elapsed_time": 10.407857179641724, "prnt": false}
{"event": "training_step", "timestamp": 1768955078.3555787, "step": 189, "max_steps": 938, "loss": 6.850213050842285, "elapsed_time": 10.456812143325806, "prnt": false}
{"event": "training_step", "timestamp": 1768955078.4044342, "step": 190, "max_steps": 938, "loss": 6.8466668128967285, "elapsed_time": 10.50561261177063, "prnt": false}
{"event": "training_step", "timestamp": 1768955078.4532354, "step": 191, "max_steps": 938, "loss": 6.836387634277344, "elapsed_time": 10.554327726364136, "prnt": false}
{"event": "training_step", "timestamp": 1768955078.5021763, "step": 192, "max_steps": 938, "loss": 6.805881023406982, "elapsed_time": 10.60334300994873, "prnt": false}
{"event": "training_step", "timestamp": 1768955078.5509677, "step": 193, "max_steps": 938, "loss": 6.828209400177002, "elapsed_time": 10.65210485458374, "prnt": false}
{"event": "training_step", "timestamp": 1768955078.5998063, "step": 194, "max_steps": 938, "loss": 6.879527568817139, "elapsed_time": 10.70087718963623, "prnt": false}
{"event": "training_step", "timestamp": 1768955078.6487215, "step": 195, "max_steps": 938, "loss": 6.8716206550598145, "elapsed_time": 10.749804735183716, "prnt": false}
{"event": "training_step", "timestamp": 1768955078.697554, "step": 196, "max_steps": 938, "loss": 6.921381950378418, "elapsed_time": 10.798659563064575, "prnt": false}
{"event": "training_step", "timestamp": 1768955078.7464032, "step": 197, "max_steps": 938, "loss": 6.89331579208374, "elapsed_time": 10.847498416900635, "prnt": false}
{"event": "training_step", "timestamp": 1768955078.7953162, "step": 198, "max_steps": 938, "loss": 6.810499668121338, "elapsed_time": 10.896390438079834, "prnt": false}
{"event": "training_step", "timestamp": 1768955078.8441272, "step": 199, "max_steps": 938, "loss": 6.83992862701416, "elapsed_time": 10.945151805877686, "prnt": false}
{"event": "training_step", "timestamp": 1768955078.8929532, "step": 200, "max_steps": 938, "loss": 6.757962703704834, "elapsed_time": 10.994011163711548, "prnt": false}
{"event": "training_step", "timestamp": 1768955078.9418733, "step": 201, "max_steps": 938, "loss": 6.791973114013672, "elapsed_time": 11.042995691299438, "prnt": false}
{"event": "training_step", "timestamp": 1768955078.990746, "step": 202, "max_steps": 938, "loss": 6.761620998382568, "elapsed_time": 11.091852188110352, "prnt": false}
{"event": "training_step", "timestamp": 1768955079.039603, "step": 203, "max_steps": 938, "loss": 6.825384140014648, "elapsed_time": 11.140716552734375, "prnt": false}
{"event": "training_step", "timestamp": 1768955079.088529, "step": 204, "max_steps": 938, "loss": 6.803986072540283, "elapsed_time": 11.18961501121521, "prnt": false}
{"event": "training_step", "timestamp": 1768955079.1373382, "step": 205, "max_steps": 938, "loss": 6.816987991333008, "elapsed_time": 11.238475561141968, "prnt": false}
{"event": "training_step", "timestamp": 1768955079.1861742, "step": 206, "max_steps": 938, "loss": 6.832432746887207, "elapsed_time": 11.28725004196167, "prnt": false}
{"event": "training_step", "timestamp": 1768955079.235061, "step": 207, "max_steps": 938, "loss": 6.7112274169921875, "elapsed_time": 11.336179256439209, "prnt": false}
{"event": "training_step", "timestamp": 1768955079.2839084, "step": 208, "max_steps": 938, "loss": 6.809027671813965, "elapsed_time": 11.384977579116821, "prnt": false}
{"event": "training_step", "timestamp": 1768955079.3327389, "step": 209, "max_steps": 938, "loss": 6.8536810874938965, "elapsed_time": 11.433894634246826, "prnt": false}
{"event": "training_step", "timestamp": 1768955079.3816807, "step": 210, "max_steps": 938, "loss": 6.782917022705078, "elapsed_time": 11.48289966583252, "prnt": false}
{"event": "training_step", "timestamp": 1768955079.430506, "step": 211, "max_steps": 938, "loss": 6.770753383636475, "elapsed_time": 11.531590938568115, "prnt": false}
{"event": "training_step", "timestamp": 1768955079.4793591, "step": 212, "max_steps": 938, "loss": 6.768906593322754, "elapsed_time": 11.58034348487854, "prnt": false}
{"event": "training_step", "timestamp": 1768955079.5282943, "step": 213, "max_steps": 938, "loss": 6.791758060455322, "elapsed_time": 11.629366636276245, "prnt": false}
{"event": "training_step", "timestamp": 1768955079.5771372, "step": 214, "max_steps": 938, "loss": 6.764252185821533, "elapsed_time": 11.67818832397461, "prnt": false}
{"event": "training_step", "timestamp": 1768955079.6259828, "step": 215, "max_steps": 938, "loss": 6.771950721740723, "elapsed_time": 11.727210998535156, "prnt": false}
{"event": "training_step", "timestamp": 1768955079.674919, "step": 216, "max_steps": 938, "loss": 6.735442161560059, "elapsed_time": 11.77599287033081, "prnt": false}
{"event": "training_step", "timestamp": 1768955079.7237446, "step": 217, "max_steps": 938, "loss": 6.788000106811523, "elapsed_time": 11.824766635894775, "prnt": false}
{"event": "training_step", "timestamp": 1768955079.7725532, "step": 218, "max_steps": 938, "loss": 6.7389936447143555, "elapsed_time": 11.873556852340698, "prnt": false}
{"event": "training_step", "timestamp": 1768955079.821467, "step": 219, "max_steps": 938, "loss": 6.757026195526123, "elapsed_time": 11.922706604003906, "prnt": false}
{"event": "training_step", "timestamp": 1768955079.8702955, "step": 220, "max_steps": 938, "loss": 6.769874572753906, "elapsed_time": 11.9714937210083, "prnt": false}
{"event": "validation_step", "timestamp": 1768955080.1026495, "step": 220, "max_steps": 938, "loss": 1.4500696988559452, "elapsed_time": 11.9714937210083}
{"event": "training_step", "timestamp": 1768955080.151695, "step": 221, "max_steps": 938, "loss": 6.773047924041748, "elapsed_time": 12.253215312957764, "prnt": false}
{"event": "training_step", "timestamp": 1768955080.2006242, "step": 222, "max_steps": 938, "loss": 6.699376583099365, "elapsed_time": 12.301865100860596, "prnt": false}
{"event": "training_step", "timestamp": 1768955080.2495027, "step": 223, "max_steps": 938, "loss": 6.695136070251465, "elapsed_time": 12.350626230239868, "prnt": false}
{"event": "training_step", "timestamp": 1768955080.2985444, "step": 224, "max_steps": 938, "loss": 6.8363165855407715, "elapsed_time": 12.399389743804932, "prnt": false}
{"event": "training_step", "timestamp": 1768955080.3475187, "step": 225, "max_steps": 938, "loss": 6.7266364097595215, "elapsed_time": 12.448563575744629, "prnt": false}
{"event": "training_step", "timestamp": 1768955080.3963847, "step": 226, "max_steps": 938, "loss": 6.713893413543701, "elapsed_time": 12.497487306594849, "prnt": false}
{"event": "training_step", "timestamp": 1768955080.445275, "step": 227, "max_steps": 938, "loss": 6.684059143066406, "elapsed_time": 12.546350955963135, "prnt": false}
{"event": "training_step", "timestamp": 1768955080.494244, "step": 228, "max_steps": 938, "loss": 6.758554935455322, "elapsed_time": 12.595337390899658, "prnt": false}
{"event": "training_step", "timestamp": 1768955080.5431406, "step": 229, "max_steps": 938, "loss": 6.665925979614258, "elapsed_time": 12.644273042678833, "prnt": false}
{"event": "training_step", "timestamp": 1768955080.5920668, "step": 230, "max_steps": 938, "loss": 6.813434600830078, "elapsed_time": 12.693238973617554, "prnt": false}
{"event": "training_step", "timestamp": 1768955080.6410623, "step": 231, "max_steps": 938, "loss": 6.749202251434326, "elapsed_time": 12.742159605026245, "prnt": false}
{"event": "training_step", "timestamp": 1768955080.6899362, "step": 232, "max_steps": 938, "loss": 6.695263862609863, "elapsed_time": 12.790963888168335, "prnt": false}
{"event": "training_step", "timestamp": 1768955080.738827, "step": 233, "max_steps": 938, "loss": 6.7806396484375, "elapsed_time": 12.839872598648071, "prnt": false}
{"event": "training_step", "timestamp": 1768955080.7878075, "step": 234, "max_steps": 938, "loss": 6.740720748901367, "elapsed_time": 12.888972997665405, "prnt": false}
{"event": "training_step", "timestamp": 1768955080.8366952, "step": 235, "max_steps": 938, "loss": 6.725121021270752, "elapsed_time": 12.937829494476318, "prnt": false}
{"event": "training_step", "timestamp": 1768955080.8855908, "step": 236, "max_steps": 938, "loss": 6.702494144439697, "elapsed_time": 12.986671686172485, "prnt": false}
{"event": "training_step", "timestamp": 1768955080.9345913, "step": 237, "max_steps": 938, "loss": 6.76552677154541, "elapsed_time": 13.035518884658813, "prnt": false}
{"event": "training_step", "timestamp": 1768955080.983542, "step": 238, "max_steps": 938, "loss": 6.696196556091309, "elapsed_time": 13.084672451019287, "prnt": false}
{"event": "training_step", "timestamp": 1768955081.0324128, "step": 239, "max_steps": 938, "loss": 6.681649684906006, "elapsed_time": 13.13345193862915, "prnt": false}
{"event": "training_step", "timestamp": 1768955081.0813522, "step": 240, "max_steps": 938, "loss": 6.682194232940674, "elapsed_time": 13.182386636734009, "prnt": false}
{"event": "training_step", "timestamp": 1768955081.1302414, "step": 241, "max_steps": 938, "loss": 6.741951942443848, "elapsed_time": 13.231432914733887, "prnt": false}
{"event": "training_step", "timestamp": 1768955081.179152, "step": 242, "max_steps": 938, "loss": 6.656693458557129, "elapsed_time": 13.280150413513184, "prnt": false}
{"event": "training_step", "timestamp": 1768955081.2280912, "step": 243, "max_steps": 938, "loss": 6.71587610244751, "elapsed_time": 13.329274892807007, "prnt": false}
{"event": "training_step", "timestamp": 1768955081.2769353, "step": 244, "max_steps": 938, "loss": 6.728606224060059, "elapsed_time": 13.377967357635498, "prnt": false}
{"event": "training_step", "timestamp": 1768955081.3258238, "step": 245, "max_steps": 938, "loss": 6.683661460876465, "elapsed_time": 13.42692232131958, "prnt": false}
{"event": "training_step", "timestamp": 1768955081.3748212, "step": 246, "max_steps": 938, "loss": 6.677679061889648, "elapsed_time": 13.475903749465942, "prnt": false}
{"event": "training_step", "timestamp": 1768955081.4237058, "step": 247, "max_steps": 938, "loss": 6.597700595855713, "elapsed_time": 13.524788618087769, "prnt": false}
{"event": "training_step", "timestamp": 1768955081.4726188, "step": 248, "max_steps": 938, "loss": 6.733424663543701, "elapsed_time": 13.573585748672485, "prnt": false}
{"event": "training_step", "timestamp": 1768955081.5216355, "step": 249, "max_steps": 938, "loss": 6.719196319580078, "elapsed_time": 13.622764825820923, "prnt": false}
{"event": "training_step", "timestamp": 1768955081.5705295, "step": 250, "max_steps": 938, "loss": 6.631316184997559, "elapsed_time": 13.67147970199585, "prnt": false}
{"event": "training_step", "timestamp": 1768955081.6193793, "step": 251, "max_steps": 938, "loss": 6.677573204040527, "elapsed_time": 13.720414161682129, "prnt": false}
{"event": "training_step", "timestamp": 1768955081.6683338, "step": 252, "max_steps": 938, "loss": 6.697228908538818, "elapsed_time": 13.769395112991333, "prnt": false}
{"event": "training_step", "timestamp": 1768955081.7171974, "step": 253, "max_steps": 938, "loss": 6.659628391265869, "elapsed_time": 13.818265438079834, "prnt": false}
{"event": "training_step", "timestamp": 1768955081.7660856, "step": 254, "max_steps": 938, "loss": 6.690267086029053, "elapsed_time": 13.867137670516968, "prnt": false}
{"event": "training_step", "timestamp": 1768955081.8150291, "step": 255, "max_steps": 938, "loss": 6.661077499389648, "elapsed_time": 13.916184425354004, "prnt": false}
{"event": "training_step", "timestamp": 1768955081.863911, "step": 256, "max_steps": 938, "loss": 6.653501033782959, "elapsed_time": 13.964990854263306, "prnt": false}
{"event": "training_step", "timestamp": 1768955081.9128242, "step": 257, "max_steps": 938, "loss": 6.5905375480651855, "elapsed_time": 14.013852834701538, "prnt": false}
{"event": "training_step", "timestamp": 1768955081.961925, "step": 258, "max_steps": 938, "loss": 6.69050407409668, "elapsed_time": 14.063534498214722, "prnt": false}
{"event": "training_step", "timestamp": 1768955082.010807, "step": 259, "max_steps": 938, "loss": 6.637499809265137, "elapsed_time": 14.11204743385315, "prnt": false}
{"event": "training_step", "timestamp": 1768955082.0597088, "step": 260, "max_steps": 938, "loss": 6.669111728668213, "elapsed_time": 14.160756349563599, "prnt": false}
{"event": "training_step", "timestamp": 1768955082.1086946, "step": 261, "max_steps": 938, "loss": 6.684892654418945, "elapsed_time": 14.209791898727417, "prnt": false}
{"event": "training_step", "timestamp": 1768955082.1575499, "step": 262, "max_steps": 938, "loss": 6.65279483795166, "elapsed_time": 14.25860047340393, "prnt": false}
{"event": "training_step", "timestamp": 1768955082.2064536, "step": 263, "max_steps": 938, "loss": 6.685619354248047, "elapsed_time": 14.307595014572144, "prnt": false}
{"event": "training_step", "timestamp": 1768955082.2554405, "step": 264, "max_steps": 938, "loss": 6.709134101867676, "elapsed_time": 14.356576681137085, "prnt": false}
{"event": "validation_step", "timestamp": 1768955082.4877982, "step": 264, "max_steps": 938, "loss": 1.4295762153122809, "elapsed_time": 14.356576681137085}
{"event": "training_step", "timestamp": 1768955082.5368938, "step": 265, "max_steps": 938, "loss": 6.584004878997803, "elapsed_time": 14.63791537284851, "prnt": false}
{"event": "training_step", "timestamp": 1768955082.5857706, "step": 266, "max_steps": 938, "loss": 6.650016784667969, "elapsed_time": 14.686810731887817, "prnt": false}
{"event": "training_step", "timestamp": 1768955082.6347408, "step": 267, "max_steps": 938, "loss": 6.617769241333008, "elapsed_time": 14.735790014266968, "prnt": false}
{"event": "training_step", "timestamp": 1768955082.683682, "step": 268, "max_steps": 938, "loss": 6.654188632965088, "elapsed_time": 14.784715414047241, "prnt": false}
{"event": "training_step", "timestamp": 1768955082.7328, "step": 269, "max_steps": 938, "loss": 6.657745838165283, "elapsed_time": 14.833853960037231, "prnt": false}
{"event": "training_step", "timestamp": 1768955082.781709, "step": 270, "max_steps": 938, "loss": 6.620551109313965, "elapsed_time": 14.88267731666565, "prnt": false}
{"event": "training_step", "timestamp": 1768955082.8307126, "step": 271, "max_steps": 938, "loss": 6.591742992401123, "elapsed_time": 14.932071685791016, "prnt": false}
{"event": "training_step", "timestamp": 1768955082.8796742, "step": 272, "max_steps": 938, "loss": 6.669327735900879, "elapsed_time": 14.980891227722168, "prnt": false}
{"event": "training_step", "timestamp": 1768955082.9285798, "step": 273, "max_steps": 938, "loss": 6.614839553833008, "elapsed_time": 15.029652118682861, "prnt": false}
{"event": "training_step", "timestamp": 1768955082.9775147, "step": 274, "max_steps": 938, "loss": 6.634038925170898, "elapsed_time": 15.078479290008545, "prnt": false}
{"event": "training_step", "timestamp": 1768955083.0265284, "step": 275, "max_steps": 938, "loss": 6.591436862945557, "elapsed_time": 15.127547264099121, "prnt": false}
{"event": "training_step", "timestamp": 1768955083.0754178, "step": 276, "max_steps": 938, "loss": 6.662448883056641, "elapsed_time": 15.176553010940552, "prnt": false}
{"event": "training_step", "timestamp": 1768955083.1243157, "step": 277, "max_steps": 938, "loss": 6.609583854675293, "elapsed_time": 15.225309371948242, "prnt": false}
{"event": "training_step", "timestamp": 1768955083.1733146, "step": 278, "max_steps": 938, "loss": 6.622103691101074, "elapsed_time": 15.274489641189575, "prnt": false}
{"event": "training_step", "timestamp": 1768955083.22222, "step": 279, "max_steps": 938, "loss": 6.569919586181641, "elapsed_time": 15.323212385177612, "prnt": false}
{"event": "training_step", "timestamp": 1768955083.2711449, "step": 280, "max_steps": 938, "loss": 6.608951568603516, "elapsed_time": 15.372174501419067, "prnt": false}
{"event": "training_step", "timestamp": 1768955083.3201272, "step": 281, "max_steps": 938, "loss": 6.575924396514893, "elapsed_time": 15.421188354492188, "prnt": false}
{"event": "training_step", "timestamp": 1768955083.3690586, "step": 282, "max_steps": 938, "loss": 6.62315559387207, "elapsed_time": 15.470035314559937, "prnt": false}
{"event": "training_step", "timestamp": 1768955083.4179792, "step": 283, "max_steps": 938, "loss": 6.596859931945801, "elapsed_time": 15.518903732299805, "prnt": false}
{"event": "training_step", "timestamp": 1768955083.466995, "step": 284, "max_steps": 938, "loss": 6.596170425415039, "elapsed_time": 15.567853212356567, "prnt": false}
{"event": "training_step", "timestamp": 1768955083.515902, "step": 285, "max_steps": 938, "loss": 6.586447238922119, "elapsed_time": 15.616982460021973, "prnt": false}
{"event": "training_step", "timestamp": 1768955083.5648258, "step": 286, "max_steps": 938, "loss": 6.5979228019714355, "elapsed_time": 15.665828704833984, "prnt": false}
{"event": "training_step", "timestamp": 1768955083.6138299, "step": 287, "max_steps": 938, "loss": 6.619645118713379, "elapsed_time": 15.71491527557373, "prnt": false}
{"event": "training_step", "timestamp": 1768955083.6627924, "step": 288, "max_steps": 938, "loss": 6.625430583953857, "elapsed_time": 15.763814210891724, "prnt": false}
{"event": "training_step", "timestamp": 1768955083.7116938, "step": 289, "max_steps": 938, "loss": 6.564872741699219, "elapsed_time": 15.812670230865479, "prnt": false}
{"event": "training_step", "timestamp": 1768955083.760697, "step": 290, "max_steps": 938, "loss": 6.589049339294434, "elapsed_time": 15.861666440963745, "prnt": false}
{"event": "training_step", "timestamp": 1768955083.809647, "step": 291, "max_steps": 938, "loss": 6.596365928649902, "elapsed_time": 15.910598278045654, "prnt": false}
{"event": "training_step", "timestamp": 1768955083.858548, "step": 292, "max_steps": 938, "loss": 6.578221797943115, "elapsed_time": 15.959550857543945, "prnt": false}
{"event": "training_step", "timestamp": 1768955083.9076216, "step": 293, "max_steps": 938, "loss": 6.552882671356201, "elapsed_time": 16.00857448577881, "prnt": false}
{"event": "training_step", "timestamp": 1768955083.9566605, "step": 294, "max_steps": 938, "loss": 6.581596851348877, "elapsed_time": 16.058029890060425, "prnt": false}
{"event": "training_step", "timestamp": 1768955084.0055947, "step": 295, "max_steps": 938, "loss": 6.5350775718688965, "elapsed_time": 16.106618404388428, "prnt": false}
{"event": "training_step", "timestamp": 1768955084.054604, "step": 296, "max_steps": 938, "loss": 6.567699432373047, "elapsed_time": 16.155628442764282, "prnt": false}
{"event": "training_step", "timestamp": 1768955084.103579, "step": 297, "max_steps": 938, "loss": 6.524043083190918, "elapsed_time": 16.204554557800293, "prnt": false}
{"event": "training_step", "timestamp": 1768955084.1524782, "step": 298, "max_steps": 938, "loss": 6.590989589691162, "elapsed_time": 16.253492832183838, "prnt": false}
{"event": "training_step", "timestamp": 1768955084.2015042, "step": 299, "max_steps": 938, "loss": 6.556371212005615, "elapsed_time": 16.302501440048218, "prnt": false}
{"event": "training_step", "timestamp": 1768955084.2504153, "step": 300, "max_steps": 938, "loss": 6.581295967102051, "elapsed_time": 16.351454973220825, "prnt": false}
{"event": "training_step", "timestamp": 1768955084.2993522, "step": 301, "max_steps": 938, "loss": 6.582372665405273, "elapsed_time": 16.400195121765137, "prnt": false}
{"event": "training_step", "timestamp": 1768955084.3483248, "step": 302, "max_steps": 938, "loss": 6.53380012512207, "elapsed_time": 16.4493350982666, "prnt": false}
{"event": "training_step", "timestamp": 1768955084.3972247, "step": 303, "max_steps": 938, "loss": 6.5222649574279785, "elapsed_time": 16.498467445373535, "prnt": false}
{"event": "training_step", "timestamp": 1768955084.446177, "step": 304, "max_steps": 938, "loss": 6.591881275177002, "elapsed_time": 16.547383785247803, "prnt": false}
{"event": "training_step", "timestamp": 1768955084.4951782, "step": 305, "max_steps": 938, "loss": 6.561026573181152, "elapsed_time": 16.59612727165222, "prnt": false}
{"event": "training_step", "timestamp": 1768955084.5441265, "step": 306, "max_steps": 938, "loss": 6.611270427703857, "elapsed_time": 16.645118474960327, "prnt": false}
{"event": "training_step", "timestamp": 1768955084.5930657, "step": 307, "max_steps": 938, "loss": 6.6032233238220215, "elapsed_time": 16.69406533241272, "prnt": false}
{"event": "training_step", "timestamp": 1768955084.642094, "step": 308, "max_steps": 938, "loss": 6.519989967346191, "elapsed_time": 16.743114233016968, "prnt": false}
{"event": "validation_step", "timestamp": 1768955084.8747692, "step": 308, "max_steps": 938, "loss": 1.4133792361858462, "elapsed_time": 16.743114233016968}
{"event": "training_step", "timestamp": 1768955084.9238615, "step": 309, "max_steps": 938, "loss": 6.6091156005859375, "elapsed_time": 17.02491044998169, "prnt": false}
{"event": "training_step", "timestamp": 1768955084.972808, "step": 310, "max_steps": 938, "loss": 6.489349365234375, "elapsed_time": 17.073822736740112, "prnt": false}
{"event": "training_step", "timestamp": 1768955085.021835, "step": 311, "max_steps": 938, "loss": 6.542601108551025, "elapsed_time": 17.12272834777832, "prnt": false}
{"event": "training_step", "timestamp": 1768955085.0707695, "step": 312, "max_steps": 938, "loss": 6.4804792404174805, "elapsed_time": 17.17170262336731, "prnt": false}
{"event": "training_step", "timestamp": 1768955085.1197054, "step": 313, "max_steps": 938, "loss": 6.540743350982666, "elapsed_time": 17.220744132995605, "prnt": false}
{"event": "training_step", "timestamp": 1768955085.1687043, "step": 314, "max_steps": 938, "loss": 6.484675884246826, "elapsed_time": 17.26986527442932, "prnt": false}
{"event": "training_step", "timestamp": 1768955085.2176192, "step": 315, "max_steps": 938, "loss": 6.535442352294922, "elapsed_time": 17.318758487701416, "prnt": false}
{"event": "training_step", "timestamp": 1768955085.2665267, "step": 316, "max_steps": 938, "loss": 6.558417797088623, "elapsed_time": 17.367550134658813, "prnt": false}
{"event": "training_step", "timestamp": 1768955085.315519, "step": 317, "max_steps": 938, "loss": 6.4941792488098145, "elapsed_time": 17.41645050048828, "prnt": false}
{"event": "training_step", "timestamp": 1768955085.364434, "step": 318, "max_steps": 938, "loss": 6.5875091552734375, "elapsed_time": 17.465439796447754, "prnt": false}
{"event": "training_step", "timestamp": 1768955085.4133658, "step": 319, "max_steps": 938, "loss": 6.601186752319336, "elapsed_time": 17.514302968978882, "prnt": false}
{"event": "training_step", "timestamp": 1768955085.4623601, "step": 320, "max_steps": 938, "loss": 6.497618675231934, "elapsed_time": 17.56340765953064, "prnt": false}
{"event": "training_step", "timestamp": 1768955085.5113137, "step": 321, "max_steps": 938, "loss": 6.522911548614502, "elapsed_time": 17.612253427505493, "prnt": false}
{"event": "training_step", "timestamp": 1768955085.5602386, "step": 322, "max_steps": 938, "loss": 6.512739658355713, "elapsed_time": 17.661208391189575, "prnt": false}
{"event": "training_step", "timestamp": 1768955085.609255, "step": 323, "max_steps": 938, "loss": 6.5269646644592285, "elapsed_time": 17.710216999053955, "prnt": false}
{"event": "training_step", "timestamp": 1768955085.6582258, "step": 324, "max_steps": 938, "loss": 6.509067058563232, "elapsed_time": 17.759222507476807, "prnt": false}
{"event": "training_step", "timestamp": 1768955085.7071764, "step": 325, "max_steps": 938, "loss": 6.51717472076416, "elapsed_time": 17.808077096939087, "prnt": false}
{"event": "training_step", "timestamp": 1768955085.7562008, "step": 326, "max_steps": 938, "loss": 6.4811506271362305, "elapsed_time": 17.857157707214355, "prnt": false}
{"event": "training_step", "timestamp": 1768955085.805168, "step": 327, "max_steps": 938, "loss": 6.4992876052856445, "elapsed_time": 17.906145811080933, "prnt": false}
{"event": "training_step", "timestamp": 1768955085.8540976, "step": 328, "max_steps": 938, "loss": 6.561031341552734, "elapsed_time": 17.95510745048523, "prnt": false}
{"event": "training_step", "timestamp": 1768955085.9031537, "step": 329, "max_steps": 938, "loss": 6.5523505210876465, "elapsed_time": 18.004167318344116, "prnt": false}
{"event": "training_step", "timestamp": 1768955085.952088, "step": 330, "max_steps": 938, "loss": 6.607773780822754, "elapsed_time": 18.053268909454346, "prnt": false}
{"event": "training_step", "timestamp": 1768955086.001109, "step": 331, "max_steps": 938, "loss": 6.578357696533203, "elapsed_time": 18.102360725402832, "prnt": false}
{"event": "training_step", "timestamp": 1768955086.0501757, "step": 332, "max_steps": 938, "loss": 6.499898910522461, "elapsed_time": 18.151245832443237, "prnt": false}
{"event": "training_step", "timestamp": 1768955086.0991096, "step": 333, "max_steps": 938, "loss": 6.52557897567749, "elapsed_time": 18.200278520584106, "prnt": false}
{"event": "training_step", "timestamp": 1768955086.1480753, "step": 334, "max_steps": 938, "loss": 6.452727317810059, "elapsed_time": 18.2490017414093, "prnt": false}
{"event": "training_step", "timestamp": 1768955086.1971152, "step": 335, "max_steps": 938, "loss": 6.497155666351318, "elapsed_time": 18.298081874847412, "prnt": false}
{"event": "training_step", "timestamp": 1768955086.2460606, "step": 336, "max_steps": 938, "loss": 6.451132297515869, "elapsed_time": 18.346909999847412, "prnt": false}
{"event": "training_step", "timestamp": 1768955086.2949903, "step": 337, "max_steps": 938, "loss": 6.532666206359863, "elapsed_time": 18.396042108535767, "prnt": false}
{"event": "training_step", "timestamp": 1768955086.3440166, "step": 338, "max_steps": 938, "loss": 6.4998459815979, "elapsed_time": 18.44496989250183, "prnt": false}
{"event": "training_step", "timestamp": 1768955086.3929887, "step": 339, "max_steps": 938, "loss": 6.5105462074279785, "elapsed_time": 18.49396538734436, "prnt": false}
{"event": "training_step", "timestamp": 1768955086.4419887, "step": 340, "max_steps": 938, "loss": 6.513670921325684, "elapsed_time": 18.543813705444336, "prnt": false}
{"event": "training_step", "timestamp": 1768955086.491369, "step": 341, "max_steps": 938, "loss": 6.396770477294922, "elapsed_time": 18.598493576049805, "prnt": false}
{"event": "training_step", "timestamp": 1768955086.5405645, "step": 342, "max_steps": 938, "loss": 6.500698566436768, "elapsed_time": 18.64360213279724, "prnt": false}
{"event": "training_step", "timestamp": 1768955086.5897512, "step": 343, "max_steps": 938, "loss": 6.562973499298096, "elapsed_time": 18.69176936149597, "prnt": false}
{"event": "training_step", "timestamp": 1768955086.6388998, "step": 344, "max_steps": 938, "loss": 6.498405933380127, "elapsed_time": 18.740073919296265, "prnt": false}
{"event": "training_step", "timestamp": 1768955086.6878939, "step": 345, "max_steps": 938, "loss": 6.478314399719238, "elapsed_time": 18.788907527923584, "prnt": false}
{"event": "training_step", "timestamp": 1768955086.736916, "step": 346, "max_steps": 938, "loss": 6.480030059814453, "elapsed_time": 18.837885856628418, "prnt": false}
{"event": "training_step", "timestamp": 1768955086.7862635, "step": 347, "max_steps": 938, "loss": 6.514535903930664, "elapsed_time": 18.887942790985107, "prnt": false}
{"event": "training_step", "timestamp": 1768955086.8353765, "step": 348, "max_steps": 938, "loss": 6.474240779876709, "elapsed_time": 18.937078714370728, "prnt": false}
{"event": "training_step", "timestamp": 1768955086.8843966, "step": 349, "max_steps": 938, "loss": 6.499658584594727, "elapsed_time": 18.9856116771698, "prnt": false}
{"event": "training_step", "timestamp": 1768955086.9334815, "step": 350, "max_steps": 938, "loss": 6.440071105957031, "elapsed_time": 19.03440761566162, "prnt": false}
{"event": "training_step", "timestamp": 1768955086.9824414, "step": 351, "max_steps": 938, "loss": 6.510920524597168, "elapsed_time": 19.083454132080078, "prnt": false}
{"event": "training_step", "timestamp": 1768955087.0314443, "step": 352, "max_steps": 938, "loss": 6.467641830444336, "elapsed_time": 19.13229727745056, "prnt": false}
{"event": "validation_step", "timestamp": 1768955087.2642305, "step": 352, "max_steps": 938, "loss": 1.397030552484129, "elapsed_time": 19.13229727745056}
{"event": "training_step", "timestamp": 1768955087.3134239, "step": 353, "max_steps": 938, "loss": 6.463806629180908, "elapsed_time": 19.414576768875122, "prnt": false}
{"event": "training_step", "timestamp": 1768955087.3624203, "step": 354, "max_steps": 938, "loss": 6.488522052764893, "elapsed_time": 19.463435411453247, "prnt": false}
{"event": "training_step", "timestamp": 1768955087.4114342, "step": 355, "max_steps": 938, "loss": 6.478990077972412, "elapsed_time": 19.51239538192749, "prnt": false}
{"event": "training_step", "timestamp": 1768955087.460525, "step": 356, "max_steps": 938, "loss": 6.42302131652832, "elapsed_time": 19.561513900756836, "prnt": false}
{"event": "training_step", "timestamp": 1768955087.509699, "step": 357, "max_steps": 938, "loss": 6.414019584655762, "elapsed_time": 19.6104474067688, "prnt": false}
{"event": "training_step", "timestamp": 1768955087.558678, "step": 358, "max_steps": 938, "loss": 6.507043838500977, "elapsed_time": 19.659573316574097, "prnt": false}
{"event": "training_step", "timestamp": 1768955087.6077433, "step": 359, "max_steps": 938, "loss": 6.444611549377441, "elapsed_time": 19.708678007125854, "prnt": false}
{"event": "training_step", "timestamp": 1768955087.6567545, "step": 360, "max_steps": 938, "loss": 6.425836086273193, "elapsed_time": 19.757761001586914, "prnt": false}
{"event": "training_step", "timestamp": 1768955087.7057874, "step": 361, "max_steps": 938, "loss": 6.413109302520752, "elapsed_time": 19.80663299560547, "prnt": false}
{"event": "training_step", "timestamp": 1768955087.7548132, "step": 362, "max_steps": 938, "loss": 6.469292640686035, "elapsed_time": 19.855854749679565, "prnt": false}
{"event": "training_step", "timestamp": 1768955087.8037786, "step": 363, "max_steps": 938, "loss": 6.389549255371094, "elapsed_time": 19.9047954082489, "prnt": false}
{"event": "training_step", "timestamp": 1768955087.8527668, "step": 364, "max_steps": 938, "loss": 6.539472579956055, "elapsed_time": 19.953717708587646, "prnt": false}
{"event": "training_step", "timestamp": 1768955087.9018147, "step": 365, "max_steps": 938, "loss": 6.481032371520996, "elapsed_time": 20.00304079055786, "prnt": false}
{"event": "training_step", "timestamp": 1768955087.9507897, "step": 366, "max_steps": 938, "loss": 6.42484188079834, "elapsed_time": 20.051694869995117, "prnt": false}
{"event": "training_step", "timestamp": 1768955087.9998605, "step": 367, "max_steps": 938, "loss": 6.515513896942139, "elapsed_time": 20.101204872131348, "prnt": false}
{"event": "training_step", "timestamp": 1768955088.0489283, "step": 368, "max_steps": 938, "loss": 6.468343257904053, "elapsed_time": 20.149903297424316, "prnt": false}
{"event": "training_step", "timestamp": 1768955088.0979073, "step": 369, "max_steps": 938, "loss": 6.446388244628906, "elapsed_time": 20.198875904083252, "prnt": false}
{"event": "training_step", "timestamp": 1768955088.1468928, "step": 370, "max_steps": 938, "loss": 6.430891990661621, "elapsed_time": 20.24787163734436, "prnt": false}
{"event": "training_step", "timestamp": 1768955088.195942, "step": 371, "max_steps": 938, "loss": 6.492897033691406, "elapsed_time": 20.2969069480896, "prnt": false}
{"event": "training_step", "timestamp": 1768955088.2449422, "step": 372, "max_steps": 938, "loss": 6.428774833679199, "elapsed_time": 20.345946788787842, "prnt": false}
{"event": "training_step", "timestamp": 1768955088.2939446, "step": 373, "max_steps": 938, "loss": 6.409708023071289, "elapsed_time": 20.394901037216187, "prnt": false}
{"event": "training_step", "timestamp": 1768955088.343034, "step": 374, "max_steps": 938, "loss": 6.422558307647705, "elapsed_time": 20.443915367126465, "prnt": false}
{"event": "training_step", "timestamp": 1768955088.392012, "step": 375, "max_steps": 938, "loss": 6.46542501449585, "elapsed_time": 20.493025541305542, "prnt": false}
{"event": "training_step", "timestamp": 1768955088.4409795, "step": 376, "max_steps": 938, "loss": 6.402460098266602, "elapsed_time": 20.54202365875244, "prnt": false}
{"event": "training_step", "timestamp": 1768955088.4900339, "step": 377, "max_steps": 938, "loss": 6.453339099884033, "elapsed_time": 20.59105920791626, "prnt": false}
{"event": "training_step", "timestamp": 1768955088.5390203, "step": 378, "max_steps": 938, "loss": 6.440460681915283, "elapsed_time": 20.639982223510742, "prnt": false}
{"event": "training_step", "timestamp": 1768955088.588028, "step": 379, "max_steps": 938, "loss": 6.4158759117126465, "elapsed_time": 20.68900990486145, "prnt": false}
{"event": "training_step", "timestamp": 1768955088.6371002, "step": 380, "max_steps": 938, "loss": 6.420090198516846, "elapsed_time": 20.738075733184814, "prnt": false}
{"event": "training_step", "timestamp": 1768955088.6860657, "step": 381, "max_steps": 938, "loss": 6.331494331359863, "elapsed_time": 20.786999225616455, "prnt": false}
{"event": "training_step", "timestamp": 1768955088.7350774, "step": 382, "max_steps": 938, "loss": 6.479785442352295, "elapsed_time": 20.835927486419678, "prnt": false}
{"event": "training_step", "timestamp": 1768955088.7841718, "step": 383, "max_steps": 938, "loss": 6.455916404724121, "elapsed_time": 20.885082006454468, "prnt": false}
{"event": "training_step", "timestamp": 1768955088.83316, "step": 384, "max_steps": 938, "loss": 6.378498077392578, "elapsed_time": 20.93414807319641, "prnt": false}
{"event": "training_step", "timestamp": 1768955088.8821573, "step": 385, "max_steps": 938, "loss": 6.430812835693359, "elapsed_time": 20.98304796218872, "prnt": false}
{"event": "training_step", "timestamp": 1768955088.9311764, "step": 386, "max_steps": 938, "loss": 6.45414924621582, "elapsed_time": 21.032079458236694, "prnt": false}
{"event": "training_step", "timestamp": 1768955088.980174, "step": 387, "max_steps": 938, "loss": 6.38865852355957, "elapsed_time": 21.081092596054077, "prnt": false}
{"event": "training_step", "timestamp": 1768955089.0292037, "step": 388, "max_steps": 938, "loss": 6.432638168334961, "elapsed_time": 21.130114555358887, "prnt": false}
{"event": "training_step", "timestamp": 1768955089.0782988, "step": 389, "max_steps": 938, "loss": 6.410497665405273, "elapsed_time": 21.1791775226593, "prnt": false}
{"event": "training_step", "timestamp": 1768955089.127289, "step": 390, "max_steps": 938, "loss": 6.388942718505859, "elapsed_time": 21.228354692459106, "prnt": false}
{"event": "training_step", "timestamp": 1768955089.17629, "step": 391, "max_steps": 938, "loss": 6.322944164276123, "elapsed_time": 21.277199506759644, "prnt": false}
{"event": "training_step", "timestamp": 1768955089.2254024, "step": 392, "max_steps": 938, "loss": 6.441416263580322, "elapsed_time": 21.326308488845825, "prnt": false}
{"event": "training_step", "timestamp": 1768955089.2744405, "step": 393, "max_steps": 938, "loss": 6.394589424133301, "elapsed_time": 21.375378370285034, "prnt": false}
{"event": "training_step", "timestamp": 1768955089.3234842, "step": 394, "max_steps": 938, "loss": 6.391554355621338, "elapsed_time": 21.4242901802063, "prnt": false}
{"event": "training_step", "timestamp": 1768955089.3725815, "step": 395, "max_steps": 938, "loss": 6.4401140213012695, "elapsed_time": 21.473662614822388, "prnt": false}
{"event": "training_step", "timestamp": 1768955089.4216125, "step": 396, "max_steps": 938, "loss": 6.404165267944336, "elapsed_time": 21.52250099182129, "prnt": false}
{"event": "validation_step", "timestamp": 1768955089.6546478, "step": 396, "max_steps": 938, "loss": 1.3835601031350893, "elapsed_time": 21.52250099182129}
{"event": "training_step", "timestamp": 1768955089.7038448, "step": 397, "max_steps": 938, "loss": 6.431036949157715, "elapsed_time": 21.804845094680786, "prnt": false}
{"event": "training_step", "timestamp": 1768955089.7529466, "step": 398, "max_steps": 938, "loss": 6.463954925537109, "elapsed_time": 21.853825092315674, "prnt": false}
{"event": "training_step", "timestamp": 1768955089.80198, "step": 399, "max_steps": 938, "loss": 6.346996784210205, "elapsed_time": 21.902878522872925, "prnt": false}
{"event": "training_step", "timestamp": 1768955089.8510773, "step": 400, "max_steps": 938, "loss": 6.40478515625, "elapsed_time": 21.951980113983154, "prnt": false}
{"event": "training_step", "timestamp": 1768955089.9001641, "step": 401, "max_steps": 938, "loss": 6.358192443847656, "elapsed_time": 22.001099109649658, "prnt": false}
{"event": "training_step", "timestamp": 1768955089.9491768, "step": 402, "max_steps": 938, "loss": 6.385412216186523, "elapsed_time": 22.050102949142456, "prnt": false}
{"event": "training_step", "timestamp": 1768955089.998402, "step": 403, "max_steps": 938, "loss": 6.411201000213623, "elapsed_time": 22.099493741989136, "prnt": false}
{"event": "training_step", "timestamp": 1768955090.0474093, "step": 404, "max_steps": 938, "loss": 6.359009265899658, "elapsed_time": 22.14843487739563, "prnt": false}
{"event": "training_step", "timestamp": 1768955090.0964518, "step": 405, "max_steps": 938, "loss": 6.3347649574279785, "elapsed_time": 22.197397708892822, "prnt": false}
{"event": "training_step", "timestamp": 1768955090.1455264, "step": 406, "max_steps": 938, "loss": 6.414981365203857, "elapsed_time": 22.24644136428833, "prnt": false}
{"event": "training_step", "timestamp": 1768955090.1945534, "step": 407, "max_steps": 938, "loss": 6.368467807769775, "elapsed_time": 22.295470714569092, "prnt": false}
{"event": "training_step", "timestamp": 1768955090.2435942, "step": 408, "max_steps": 938, "loss": 6.393318176269531, "elapsed_time": 22.34469771385193, "prnt": false}
{"event": "training_step", "timestamp": 1768955090.2927172, "step": 409, "max_steps": 938, "loss": 6.345839023590088, "elapsed_time": 22.393919944763184, "prnt": false}
{"event": "training_step", "timestamp": 1768955090.3417468, "step": 410, "max_steps": 938, "loss": 6.428606033325195, "elapsed_time": 22.442625999450684, "prnt": false}
{"event": "training_step", "timestamp": 1768955090.3907795, "step": 411, "max_steps": 938, "loss": 6.369446277618408, "elapsed_time": 22.491777896881104, "prnt": false}
{"event": "training_step", "timestamp": 1768955090.4398587, "step": 412, "max_steps": 938, "loss": 6.374502658843994, "elapsed_time": 22.540748119354248, "prnt": false}
{"event": "training_step", "timestamp": 1768955090.4888601, "step": 413, "max_steps": 938, "loss": 6.334430694580078, "elapsed_time": 22.589742422103882, "prnt": false}
{"event": "training_step", "timestamp": 1768955090.5378687, "step": 414, "max_steps": 938, "loss": 6.371823310852051, "elapsed_time": 22.638780117034912, "prnt": false}
{"event": "training_step", "timestamp": 1768955090.586999, "step": 415, "max_steps": 938, "loss": 6.331949710845947, "elapsed_time": 22.68790292739868, "prnt": false}
{"event": "training_step", "timestamp": 1768955090.63604, "step": 416, "max_steps": 938, "loss": 6.373124122619629, "elapsed_time": 22.73688054084778, "prnt": false}
{"event": "training_step", "timestamp": 1768955090.6850815, "step": 417, "max_steps": 938, "loss": 6.361896514892578, "elapsed_time": 22.785844802856445, "prnt": false}
{"event": "training_step", "timestamp": 1768955090.7341948, "step": 418, "max_steps": 938, "loss": 6.357513427734375, "elapsed_time": 22.83501887321472, "prnt": false}
{"event": "training_step", "timestamp": 1768955090.783193, "step": 419, "max_steps": 938, "loss": 6.347057342529297, "elapsed_time": 22.884122133255005, "prnt": false}
{"event": "training_step", "timestamp": 1768955090.8322306, "step": 420, "max_steps": 938, "loss": 6.372773170471191, "elapsed_time": 22.933084726333618, "prnt": false}
{"event": "training_step", "timestamp": 1768955090.881315, "step": 421, "max_steps": 938, "loss": 6.37999153137207, "elapsed_time": 22.982175588607788, "prnt": false}
{"event": "training_step", "timestamp": 1768955090.9303634, "step": 422, "max_steps": 938, "loss": 6.38702392578125, "elapsed_time": 23.03124213218689, "prnt": false}
{"event": "training_step", "timestamp": 1768955090.9794068, "step": 423, "max_steps": 938, "loss": 6.321388244628906, "elapsed_time": 23.080449104309082, "prnt": false}
{"event": "training_step", "timestamp": 1768955091.0285316, "step": 424, "max_steps": 938, "loss": 6.354351043701172, "elapsed_time": 23.129449367523193, "prnt": false}
{"event": "training_step", "timestamp": 1768955091.0775628, "step": 425, "max_steps": 938, "loss": 6.363589763641357, "elapsed_time": 23.178340911865234, "prnt": false}
{"event": "training_step", "timestamp": 1768955091.12658, "step": 426, "max_steps": 938, "loss": 6.357105255126953, "elapsed_time": 23.227434635162354, "prnt": false}
{"event": "training_step", "timestamp": 1768955091.1756835, "step": 427, "max_steps": 938, "loss": 6.310582637786865, "elapsed_time": 23.276577711105347, "prnt": false}
{"event": "training_step", "timestamp": 1768955091.224704, "step": 428, "max_steps": 938, "loss": 6.354070663452148, "elapsed_time": 23.325595140457153, "prnt": false}
{"event": "training_step", "timestamp": 1768955091.273692, "step": 429, "max_steps": 938, "loss": 6.2928571701049805, "elapsed_time": 23.374539136886597, "prnt": false}
{"event": "training_step", "timestamp": 1768955091.3227465, "step": 430, "max_steps": 938, "loss": 6.332742691040039, "elapsed_time": 23.423633813858032, "prnt": false}
{"event": "training_step", "timestamp": 1768955091.371785, "step": 431, "max_steps": 938, "loss": 6.298187255859375, "elapsed_time": 23.472583293914795, "prnt": false}
{"event": "training_step", "timestamp": 1768955091.4208314, "step": 432, "max_steps": 938, "loss": 6.365921974182129, "elapsed_time": 23.521647214889526, "prnt": false}
{"event": "training_step", "timestamp": 1768955091.469947, "step": 433, "max_steps": 938, "loss": 6.339119911193848, "elapsed_time": 23.57079029083252, "prnt": false}
{"event": "training_step", "timestamp": 1768955091.5189614, "step": 434, "max_steps": 938, "loss": 6.354067802429199, "elapsed_time": 23.61989736557007, "prnt": false}
{"event": "training_step", "timestamp": 1768955091.5679734, "step": 435, "max_steps": 938, "loss": 6.3408284187316895, "elapsed_time": 23.668895483016968, "prnt": false}
{"event": "training_step", "timestamp": 1768955091.617111, "step": 436, "max_steps": 938, "loss": 6.303802490234375, "elapsed_time": 23.718004941940308, "prnt": false}
{"event": "training_step", "timestamp": 1768955091.6661837, "step": 437, "max_steps": 938, "loss": 6.293595314025879, "elapsed_time": 23.766931295394897, "prnt": false}
{"event": "training_step", "timestamp": 1768955091.715202, "step": 438, "max_steps": 938, "loss": 6.364809989929199, "elapsed_time": 23.816054344177246, "prnt": false}
{"event": "training_step", "timestamp": 1768955091.7642846, "step": 439, "max_steps": 938, "loss": 6.327526092529297, "elapsed_time": 23.86517882347107, "prnt": false}
{"event": "training_step", "timestamp": 1768955091.8133392, "step": 440, "max_steps": 938, "loss": 6.375135898590088, "elapsed_time": 23.914162635803223, "prnt": false}
{"event": "validation_step", "timestamp": 1768955092.046644, "step": 440, "max_steps": 938, "loss": 1.3711245684248714, "elapsed_time": 23.914162635803223}
{"event": "training_step", "timestamp": 1768955092.0958793, "step": 441, "max_steps": 938, "loss": 6.353862762451172, "elapsed_time": 24.19705867767334, "prnt": false}
{"event": "training_step", "timestamp": 1768955092.145018, "step": 442, "max_steps": 938, "loss": 6.296862602233887, "elapsed_time": 24.245903968811035, "prnt": false}
{"event": "training_step", "timestamp": 1768955092.1940746, "step": 443, "max_steps": 938, "loss": 6.385397434234619, "elapsed_time": 24.294876098632812, "prnt": false}
{"event": "training_step", "timestamp": 1768955092.2431355, "step": 444, "max_steps": 938, "loss": 6.267611026763916, "elapsed_time": 24.343989849090576, "prnt": false}
{"event": "training_step", "timestamp": 1768955092.2922685, "step": 445, "max_steps": 938, "loss": 6.330795764923096, "elapsed_time": 24.393121480941772, "prnt": false}
{"event": "training_step", "timestamp": 1768955092.341309, "step": 446, "max_steps": 938, "loss": 6.259382724761963, "elapsed_time": 24.442272901535034, "prnt": false}
{"event": "training_step", "timestamp": 1768955092.390324, "step": 447, "max_steps": 938, "loss": 6.309487342834473, "elapsed_time": 24.49120593070984, "prnt": false}
{"event": "training_step", "timestamp": 1768955092.4394712, "step": 448, "max_steps": 938, "loss": 6.261345386505127, "elapsed_time": 24.540316343307495, "prnt": false}
{"event": "training_step", "timestamp": 1768955092.4885154, "step": 449, "max_steps": 938, "loss": 6.308917045593262, "elapsed_time": 24.589386224746704, "prnt": false}
{"event": "training_step", "timestamp": 1768955092.53755, "step": 450, "max_steps": 938, "loss": 6.34569787979126, "elapsed_time": 24.638437032699585, "prnt": false}
{"event": "training_step", "timestamp": 1768955092.5866961, "step": 451, "max_steps": 938, "loss": 6.27205753326416, "elapsed_time": 24.687622547149658, "prnt": false}
{"event": "training_step", "timestamp": 1768955092.635759, "step": 452, "max_steps": 938, "loss": 6.375520706176758, "elapsed_time": 24.73664951324463, "prnt": false}
{"event": "training_step", "timestamp": 1768955092.6848357, "step": 453, "max_steps": 938, "loss": 6.380215167999268, "elapsed_time": 24.78572654724121, "prnt": false}
{"event": "training_step", "timestamp": 1768955092.7339702, "step": 454, "max_steps": 938, "loss": 6.270988941192627, "elapsed_time": 24.834923028945923, "prnt": false}
{"event": "training_step", "timestamp": 1768955092.783024, "step": 455, "max_steps": 938, "loss": 6.3119306564331055, "elapsed_time": 24.883970975875854, "prnt": false}
{"event": "training_step", "timestamp": 1768955092.832099, "step": 456, "max_steps": 938, "loss": 6.294647216796875, "elapsed_time": 24.933069467544556, "prnt": false}
{"event": "training_step", "timestamp": 1768955092.8812714, "step": 457, "max_steps": 938, "loss": 6.30802059173584, "elapsed_time": 24.982226610183716, "prnt": false}
{"event": "training_step", "timestamp": 1768955092.9303448, "step": 458, "max_steps": 938, "loss": 6.287568092346191, "elapsed_time": 25.03115153312683, "prnt": false}
{"event": "training_step", "timestamp": 1768955092.979409, "step": 459, "max_steps": 938, "loss": 6.2901153564453125, "elapsed_time": 25.08027172088623, "prnt": false}
{"event": "training_step", "timestamp": 1768955093.028558, "step": 460, "max_steps": 938, "loss": 6.261659622192383, "elapsed_time": 25.129490852355957, "prnt": false}
{"event": "training_step", "timestamp": 1768955093.0776079, "step": 461, "max_steps": 938, "loss": 6.277956485748291, "elapsed_time": 25.178534269332886, "prnt": false}
{"event": "training_step", "timestamp": 1768955093.1266563, "step": 462, "max_steps": 938, "loss": 6.343725204467773, "elapsed_time": 25.22744607925415, "prnt": false}
{"event": "training_step", "timestamp": 1768955093.1757936, "step": 463, "max_steps": 938, "loss": 6.3379034996032715, "elapsed_time": 25.276682376861572, "prnt": false}
{"event": "training_step", "timestamp": 1768955093.224882, "step": 464, "max_steps": 938, "loss": 6.378859996795654, "elapsed_time": 25.325857639312744, "prnt": false}
{"event": "training_step", "timestamp": 1768955093.2739244, "step": 465, "max_steps": 938, "loss": 6.368180274963379, "elapsed_time": 25.374865770339966, "prnt": false}
{"event": "training_step", "timestamp": 1768955093.3230448, "step": 466, "max_steps": 938, "loss": 6.2966742515563965, "elapsed_time": 25.423914194107056, "prnt": false}
{"event": "training_step", "timestamp": 1768955093.3720982, "step": 467, "max_steps": 938, "loss": 6.312077522277832, "elapsed_time": 25.472837686538696, "prnt": false}
{"event": "training_step", "timestamp": 1768955093.4211063, "step": 468, "max_steps": 938, "loss": 6.245272159576416, "elapsed_time": 25.521979093551636, "prnt": false}
{"event": "training_step", "timestamp": 1768955093.4702091, "step": 469, "max_steps": 938, "loss": 6.286670207977295, "elapsed_time": 25.57109785079956, "prnt": false}
{"event": "training_step", "timestamp": 1768955093.5192223, "step": 470, "max_steps": 938, "loss": 6.242016792297363, "elapsed_time": 25.62016773223877, "prnt": false}
{"event": "training_step", "timestamp": 1768955093.5682242, "step": 471, "max_steps": 938, "loss": 6.331079483032227, "elapsed_time": 25.669142484664917, "prnt": false}
{"event": "training_step", "timestamp": 1768955093.6173246, "step": 472, "max_steps": 938, "loss": 6.2848968505859375, "elapsed_time": 25.718236923217773, "prnt": false}
{"event": "training_step", "timestamp": 1768955093.6663568, "step": 473, "max_steps": 938, "loss": 6.299923896789551, "elapsed_time": 25.767232656478882, "prnt": false}
{"event": "training_step", "timestamp": 1768955093.7153654, "step": 474, "max_steps": 938, "loss": 6.290794849395752, "elapsed_time": 25.816219806671143, "prnt": false}
{"event": "training_step", "timestamp": 1768955093.7645211, "step": 475, "max_steps": 938, "loss": 6.198202610015869, "elapsed_time": 25.865432739257812, "prnt": false}
{"event": "training_step", "timestamp": 1768955093.8135428, "step": 476, "max_steps": 938, "loss": 6.269914150238037, "elapsed_time": 25.914480924606323, "prnt": false}
{"event": "training_step", "timestamp": 1768955093.8626263, "step": 477, "max_steps": 938, "loss": 6.34665584564209, "elapsed_time": 25.96349024772644, "prnt": false}
{"event": "training_step", "timestamp": 1768955093.9117527, "step": 478, "max_steps": 938, "loss": 6.2828192710876465, "elapsed_time": 26.012576818466187, "prnt": false}
{"event": "training_step", "timestamp": 1768955093.960804, "step": 479, "max_steps": 938, "loss": 6.271584510803223, "elapsed_time": 26.061702251434326, "prnt": false}
{"event": "training_step", "timestamp": 1768955094.0098753, "step": 480, "max_steps": 938, "loss": 6.278318405151367, "elapsed_time": 26.110730171203613, "prnt": false}
{"event": "training_step", "timestamp": 1768955094.0590465, "step": 481, "max_steps": 938, "loss": 6.307194709777832, "elapsed_time": 26.160322189331055, "prnt": false}
{"event": "training_step", "timestamp": 1768955094.1080747, "step": 482, "max_steps": 938, "loss": 6.276986122131348, "elapsed_time": 26.209049463272095, "prnt": false}
{"event": "training_step", "timestamp": 1768955094.157083, "step": 483, "max_steps": 938, "loss": 6.275947093963623, "elapsed_time": 26.25800657272339, "prnt": false}
{"event": "training_step", "timestamp": 1768955094.2062666, "step": 484, "max_steps": 938, "loss": 6.225089073181152, "elapsed_time": 26.307539224624634, "prnt": false}
{"event": "validation_step", "timestamp": 1768955094.4392264, "step": 484, "max_steps": 938, "loss": 1.3618923043112048, "elapsed_time": 26.307539224624634}
{"event": "training_step", "timestamp": 1768955094.4883854, "step": 485, "max_steps": 938, "loss": 6.295821189880371, "elapsed_time": 26.589237928390503, "prnt": false}
{"event": "training_step", "timestamp": 1768955094.5374467, "step": 486, "max_steps": 938, "loss": 6.255364894866943, "elapsed_time": 26.638324975967407, "prnt": false}
{"event": "training_step", "timestamp": 1768955094.5865908, "step": 487, "max_steps": 938, "loss": 6.2592926025390625, "elapsed_time": 26.687511205673218, "prnt": false}
{"event": "training_step", "timestamp": 1768955094.6358292, "step": 488, "max_steps": 938, "loss": 6.284712314605713, "elapsed_time": 26.736754894256592, "prnt": false}
{"event": "training_step", "timestamp": 1768955094.6849217, "step": 489, "max_steps": 938, "loss": 6.269954204559326, "elapsed_time": 26.78578472137451, "prnt": false}
{"event": "training_step", "timestamp": 1768955094.734044, "step": 490, "max_steps": 938, "loss": 6.231991767883301, "elapsed_time": 26.835206985473633, "prnt": false}
{"event": "training_step", "timestamp": 1768955094.7830822, "step": 491, "max_steps": 938, "loss": 6.2158613204956055, "elapsed_time": 26.883909463882446, "prnt": false}
{"event": "training_step", "timestamp": 1768955094.832117, "step": 492, "max_steps": 938, "loss": 6.300573825836182, "elapsed_time": 26.933010816574097, "prnt": false}
{"event": "training_step", "timestamp": 1768955094.8812456, "step": 493, "max_steps": 938, "loss": 6.232024192810059, "elapsed_time": 26.982181549072266, "prnt": false}
{"event": "training_step", "timestamp": 1768955094.9302502, "step": 494, "max_steps": 938, "loss": 6.21678352355957, "elapsed_time": 27.031153917312622, "prnt": false}
{"event": "training_step", "timestamp": 1768955094.9792976, "step": 495, "max_steps": 938, "loss": 6.223769187927246, "elapsed_time": 27.080171585083008, "prnt": false}
{"event": "training_step", "timestamp": 1768955095.0284004, "step": 496, "max_steps": 938, "loss": 6.261116981506348, "elapsed_time": 27.12929129600525, "prnt": false}
{"event": "training_step", "timestamp": 1768955095.0774512, "step": 497, "max_steps": 938, "loss": 6.202357769012451, "elapsed_time": 27.17828059196472, "prnt": false}
{"event": "training_step", "timestamp": 1768955095.1265018, "step": 498, "max_steps": 938, "loss": 6.344459056854248, "elapsed_time": 27.2273588180542, "prnt": false}
{"event": "training_step", "timestamp": 1768955095.1755698, "step": 499, "max_steps": 938, "loss": 6.285759449005127, "elapsed_time": 27.27654194831848, "prnt": false}
{"event": "training_step", "timestamp": 1768955095.224627, "step": 500, "max_steps": 938, "loss": 6.2174248695373535, "elapsed_time": 27.325599908828735, "prnt": false}
{"event": "training_step", "timestamp": 1768955095.2736468, "step": 501, "max_steps": 938, "loss": 6.308655738830566, "elapsed_time": 27.3745334148407, "prnt": false}
{"event": "training_step", "timestamp": 1768955095.3227665, "step": 502, "max_steps": 938, "loss": 6.273257255554199, "elapsed_time": 27.423568725585938, "prnt": false}
{"event": "training_step", "timestamp": 1768955095.3718057, "step": 503, "max_steps": 938, "loss": 6.2531561851501465, "elapsed_time": 27.472715616226196, "prnt": false}
{"event": "training_step", "timestamp": 1768955095.4208658, "step": 504, "max_steps": 938, "loss": 6.241811752319336, "elapsed_time": 27.521710634231567, "prnt": false}
{"event": "training_step", "timestamp": 1768955095.4699428, "step": 505, "max_steps": 938, "loss": 6.294707298278809, "elapsed_time": 27.570854663848877, "prnt": false}
{"event": "training_step", "timestamp": 1768955095.519029, "step": 506, "max_steps": 938, "loss": 6.228643894195557, "elapsed_time": 27.62003254890442, "prnt": false}
{"event": "training_step", "timestamp": 1768955095.5680647, "step": 507, "max_steps": 938, "loss": 6.2228546142578125, "elapsed_time": 27.66886568069458, "prnt": false}
{"event": "training_step", "timestamp": 1768955095.6171749, "step": 508, "max_steps": 938, "loss": 6.234592437744141, "elapsed_time": 27.71813678741455, "prnt": false}
{"event": "training_step", "timestamp": 1768955095.6662667, "step": 509, "max_steps": 938, "loss": 6.269834041595459, "elapsed_time": 27.766950130462646, "prnt": false}
{"event": "training_step", "timestamp": 1768955095.7153158, "step": 510, "max_steps": 938, "loss": 6.223985195159912, "elapsed_time": 27.816181182861328, "prnt": false}
{"event": "training_step", "timestamp": 1768955095.7644587, "step": 511, "max_steps": 938, "loss": 6.272520065307617, "elapsed_time": 27.865294456481934, "prnt": false}
{"event": "training_step", "timestamp": 1768955095.8135266, "step": 512, "max_steps": 938, "loss": 6.251641273498535, "elapsed_time": 27.91428804397583, "prnt": false}
{"event": "training_step", "timestamp": 1768955095.8626068, "step": 513, "max_steps": 938, "loss": 6.2219953536987305, "elapsed_time": 27.963337898254395, "prnt": false}
{"event": "training_step", "timestamp": 1768955095.9117243, "step": 514, "max_steps": 938, "loss": 6.225253582000732, "elapsed_time": 28.012696743011475, "prnt": false}
{"event": "training_step", "timestamp": 1768955095.960794, "step": 515, "max_steps": 938, "loss": 6.140735149383545, "elapsed_time": 28.061668395996094, "prnt": false}
{"event": "training_step", "timestamp": 1768955096.0099077, "step": 516, "max_steps": 938, "loss": 6.29782772064209, "elapsed_time": 28.110817670822144, "prnt": false}
{"event": "training_step", "timestamp": 1768955096.0591495, "step": 517, "max_steps": 938, "loss": 6.267279148101807, "elapsed_time": 28.160361528396606, "prnt": false}
{"event": "training_step", "timestamp": 1768955096.108165, "step": 518, "max_steps": 938, "loss": 6.201038360595703, "elapsed_time": 28.20907711982727, "prnt": false}
{"event": "training_step", "timestamp": 1768955096.1572137, "step": 519, "max_steps": 938, "loss": 6.229039669036865, "elapsed_time": 28.258102416992188, "prnt": false}
{"event": "training_step", "timestamp": 1768955096.2063282, "step": 520, "max_steps": 938, "loss": 6.2542266845703125, "elapsed_time": 28.307230472564697, "prnt": false}
{"event": "training_step", "timestamp": 1768955096.2553842, "step": 521, "max_steps": 938, "loss": 6.203614711761475, "elapsed_time": 28.356273412704468, "prnt": false}
{"event": "training_step", "timestamp": 1768955096.3044827, "step": 522, "max_steps": 938, "loss": 6.250456809997559, "elapsed_time": 28.405285835266113, "prnt": false}
{"event": "training_step", "timestamp": 1768955096.3536363, "step": 523, "max_steps": 938, "loss": 6.20411491394043, "elapsed_time": 28.454453229904175, "prnt": false}
{"event": "training_step", "timestamp": 1768955096.4027529, "step": 524, "max_steps": 938, "loss": 6.1890740394592285, "elapsed_time": 28.503543376922607, "prnt": false}
{"event": "training_step", "timestamp": 1768955096.4518468, "step": 525, "max_steps": 938, "loss": 6.140488624572754, "elapsed_time": 28.552608013153076, "prnt": false}
{"event": "training_step", "timestamp": 1768955096.5010867, "step": 526, "max_steps": 938, "loss": 6.2460713386535645, "elapsed_time": 28.60212516784668, "prnt": false}
{"event": "training_step", "timestamp": 1768955096.5501919, "step": 527, "max_steps": 938, "loss": 6.21566104888916, "elapsed_time": 28.651061058044434, "prnt": false}
{"event": "training_step", "timestamp": 1768955096.5992744, "step": 528, "max_steps": 938, "loss": 6.215255260467529, "elapsed_time": 28.700148344039917, "prnt": false}
{"event": "validation_step", "timestamp": 1768955096.83249, "step": 528, "max_steps": 938, "loss": 1.3516098335266027, "elapsed_time": 28.700148344039917}
{"event": "training_step", "timestamp": 1768955096.8817296, "step": 529, "max_steps": 938, "loss": 6.252050876617432, "elapsed_time": 28.982640266418457, "prnt": false}
{"event": "training_step", "timestamp": 1768955096.9308023, "step": 530, "max_steps": 938, "loss": 6.2178168296813965, "elapsed_time": 29.03164577484131, "prnt": false}
{"event": "training_step", "timestamp": 1768955096.9798663, "step": 531, "max_steps": 938, "loss": 6.232369422912598, "elapsed_time": 29.080676078796387, "prnt": false}
{"event": "training_step", "timestamp": 1768955097.0290349, "step": 532, "max_steps": 938, "loss": 6.2779154777526855, "elapsed_time": 29.129852771759033, "prnt": false}
{"event": "training_step", "timestamp": 1768955097.0780807, "step": 533, "max_steps": 938, "loss": 6.177779197692871, "elapsed_time": 29.178942441940308, "prnt": false}
{"event": "training_step", "timestamp": 1768955097.127151, "step": 534, "max_steps": 938, "loss": 6.227329254150391, "elapsed_time": 29.227997303009033, "prnt": false}
{"event": "training_step", "timestamp": 1768955097.1763062, "step": 535, "max_steps": 938, "loss": 6.19560432434082, "elapsed_time": 29.277143955230713, "prnt": false}
{"event": "training_step", "timestamp": 1768955097.2253685, "step": 536, "max_steps": 938, "loss": 6.2029876708984375, "elapsed_time": 29.326180458068848, "prnt": false}
{"event": "training_step", "timestamp": 1768955097.27465, "step": 537, "max_steps": 938, "loss": 6.230052471160889, "elapsed_time": 29.375468969345093, "prnt": false}
{"event": "training_step", "timestamp": 1768955097.3237283, "step": 538, "max_steps": 938, "loss": 6.183520793914795, "elapsed_time": 29.424556016921997, "prnt": false}
{"event": "training_step", "timestamp": 1768955097.372802, "step": 539, "max_steps": 938, "loss": 6.154959201812744, "elapsed_time": 29.473562479019165, "prnt": false}
{"event": "training_step", "timestamp": 1768955097.4219646, "step": 540, "max_steps": 938, "loss": 6.231197834014893, "elapsed_time": 29.522850036621094, "prnt": false}
{"event": "training_step", "timestamp": 1768955097.4710267, "step": 541, "max_steps": 938, "loss": 6.1923322677612305, "elapsed_time": 29.57192873954773, "prnt": false}
{"event": "training_step", "timestamp": 1768955097.5201087, "step": 542, "max_steps": 938, "loss": 6.200048923492432, "elapsed_time": 29.62090802192688, "prnt": false}
{"event": "training_step", "timestamp": 1768955097.5694168, "step": 543, "max_steps": 938, "loss": 6.165585517883301, "elapsed_time": 29.670440435409546, "prnt": false}
{"event": "training_step", "timestamp": 1768955097.6185303, "step": 544, "max_steps": 938, "loss": 6.255133628845215, "elapsed_time": 29.71930980682373, "prnt": false}
{"event": "training_step", "timestamp": 1768955097.667624, "step": 545, "max_steps": 938, "loss": 6.194858551025391, "elapsed_time": 29.76845383644104, "prnt": false}
{"event": "training_step", "timestamp": 1768955097.7168024, "step": 546, "max_steps": 938, "loss": 6.182034015655518, "elapsed_time": 29.817673206329346, "prnt": false}
{"event": "training_step", "timestamp": 1768955097.7658436, "step": 547, "max_steps": 938, "loss": 6.149311065673828, "elapsed_time": 29.866788148880005, "prnt": false}
{"event": "training_step", "timestamp": 1768955097.8149073, "step": 548, "max_steps": 938, "loss": 6.1807355880737305, "elapsed_time": 29.915756464004517, "prnt": false}
{"event": "training_step", "timestamp": 1768955097.864051, "step": 549, "max_steps": 938, "loss": 6.14675760269165, "elapsed_time": 29.964844465255737, "prnt": false}
{"event": "training_step", "timestamp": 1768955097.9131644, "step": 550, "max_steps": 938, "loss": 6.188038349151611, "elapsed_time": 30.01387667655945, "prnt": false}
{"event": "training_step", "timestamp": 1768955097.9622471, "step": 551, "max_steps": 938, "loss": 6.180269241333008, "elapsed_time": 30.063100337982178, "prnt": false}
{"event": "training_step", "timestamp": 1768955098.0114386, "step": 552, "max_steps": 938, "loss": 6.185309410095215, "elapsed_time": 30.112392902374268, "prnt": false}
{"event": "training_step", "timestamp": 1768955098.0605516, "step": 553, "max_steps": 938, "loss": 6.178879737854004, "elapsed_time": 30.161278009414673, "prnt": false}
{"event": "training_step", "timestamp": 1768955098.1097324, "step": 554, "max_steps": 938, "loss": 6.1900200843811035, "elapsed_time": 30.210904121398926, "prnt": false}
{"event": "training_step", "timestamp": 1768955098.1589367, "step": 555, "max_steps": 938, "loss": 6.206007480621338, "elapsed_time": 30.259926319122314, "prnt": false}
{"event": "training_step", "timestamp": 1768955098.2080708, "step": 556, "max_steps": 938, "loss": 6.211236476898193, "elapsed_time": 30.308980464935303, "prnt": false}
{"event": "training_step", "timestamp": 1768955098.2571518, "step": 557, "max_steps": 938, "loss": 6.139393329620361, "elapsed_time": 30.35806679725647, "prnt": false}
{"event": "training_step", "timestamp": 1768955098.3063083, "step": 558, "max_steps": 938, "loss": 6.1721367835998535, "elapsed_time": 30.40719699859619, "prnt": false}
{"event": "training_step", "timestamp": 1768955098.3553834, "step": 559, "max_steps": 938, "loss": 6.191675662994385, "elapsed_time": 30.456356525421143, "prnt": false}
{"event": "training_step", "timestamp": 1768955098.4044762, "step": 560, "max_steps": 938, "loss": 6.175187110900879, "elapsed_time": 30.50547742843628, "prnt": false}
{"event": "training_step", "timestamp": 1768955098.4536202, "step": 561, "max_steps": 938, "loss": 6.140654563903809, "elapsed_time": 30.55448818206787, "prnt": false}
{"event": "training_step", "timestamp": 1768955098.5027044, "step": 562, "max_steps": 938, "loss": 6.173600673675537, "elapsed_time": 30.603503704071045, "prnt": false}
{"event": "training_step", "timestamp": 1768955098.5517626, "step": 563, "max_steps": 938, "loss": 6.113486289978027, "elapsed_time": 30.652674913406372, "prnt": false}
{"event": "training_step", "timestamp": 1768955098.6009796, "step": 564, "max_steps": 938, "loss": 6.16586971282959, "elapsed_time": 30.70179009437561, "prnt": false}
{"event": "training_step", "timestamp": 1768955098.6500828, "step": 565, "max_steps": 938, "loss": 6.119942665100098, "elapsed_time": 30.75101399421692, "prnt": false}
{"event": "training_step", "timestamp": 1768955098.699164, "step": 566, "max_steps": 938, "loss": 6.201546669006348, "elapsed_time": 30.79992938041687, "prnt": false}
{"event": "training_step", "timestamp": 1768955098.7483737, "step": 567, "max_steps": 938, "loss": 6.161774635314941, "elapsed_time": 30.849178314208984, "prnt": false}
{"event": "training_step", "timestamp": 1768955098.7974732, "step": 568, "max_steps": 938, "loss": 6.193759441375732, "elapsed_time": 30.89827585220337, "prnt": false}
{"event": "training_step", "timestamp": 1768955098.8465848, "step": 569, "max_steps": 938, "loss": 6.181328296661377, "elapsed_time": 30.947316646575928, "prnt": false}
{"event": "training_step", "timestamp": 1768955098.895797, "step": 570, "max_steps": 938, "loss": 6.137003421783447, "elapsed_time": 30.99657964706421, "prnt": false}
{"event": "training_step", "timestamp": 1768955098.9449086, "step": 571, "max_steps": 938, "loss": 6.125406265258789, "elapsed_time": 31.045718908309937, "prnt": false}
{"event": "training_step", "timestamp": 1768955098.9940243, "step": 572, "max_steps": 938, "loss": 6.210056304931641, "elapsed_time": 31.094815015792847, "prnt": false}
{"event": "validation_step", "timestamp": 1768955099.2274024, "step": 572, "max_steps": 938, "loss": 1.3448312081900609, "elapsed_time": 31.094815015792847}
{"event": "training_step", "timestamp": 1768955099.2766626, "step": 573, "max_steps": 938, "loss": 6.163143157958984, "elapsed_time": 31.37748622894287, "prnt": false}
{"event": "training_step", "timestamp": 1768955099.3257442, "step": 574, "max_steps": 938, "loss": 6.210892677307129, "elapsed_time": 31.426575183868408, "prnt": false}
{"event": "training_step", "timestamp": 1768955099.3748648, "step": 575, "max_steps": 938, "loss": 6.18832540512085, "elapsed_time": 31.475641012191772, "prnt": false}
{"event": "training_step", "timestamp": 1768955099.424093, "step": 576, "max_steps": 938, "loss": 6.133851051330566, "elapsed_time": 31.524896144866943, "prnt": false}
{"event": "training_step", "timestamp": 1768955099.47319, "step": 577, "max_steps": 938, "loss": 6.213505268096924, "elapsed_time": 31.57405710220337, "prnt": false}
{"event": "training_step", "timestamp": 1768955099.5222816, "step": 578, "max_steps": 938, "loss": 6.094690322875977, "elapsed_time": 31.62301540374756, "prnt": false}
{"event": "training_step", "timestamp": 1768955099.5714045, "step": 579, "max_steps": 938, "loss": 6.163967609405518, "elapsed_time": 31.672266244888306, "prnt": false}
{"event": "training_step", "timestamp": 1768955099.6205087, "step": 580, "max_steps": 938, "loss": 6.111408233642578, "elapsed_time": 31.721314907073975, "prnt": false}
{"event": "training_step", "timestamp": 1768955099.6696103, "step": 581, "max_steps": 938, "loss": 6.162126064300537, "elapsed_time": 31.77042317390442, "prnt": false}
{"event": "training_step", "timestamp": 1768955099.718777, "step": 582, "max_steps": 938, "loss": 6.108755111694336, "elapsed_time": 31.819690704345703, "prnt": false}
{"event": "training_step", "timestamp": 1768955099.767926, "step": 583, "max_steps": 938, "loss": 6.155542850494385, "elapsed_time": 31.86880898475647, "prnt": false}
{"event": "training_step", "timestamp": 1768955099.8170283, "step": 584, "max_steps": 938, "loss": 6.184941291809082, "elapsed_time": 31.917904376983643, "prnt": false}
{"event": "training_step", "timestamp": 1768955099.8662052, "step": 585, "max_steps": 938, "loss": 6.118377208709717, "elapsed_time": 31.966904640197754, "prnt": false}
{"event": "training_step", "timestamp": 1768955099.91532, "step": 586, "max_steps": 938, "loss": 6.211191177368164, "elapsed_time": 32.016165256500244, "prnt": false}
{"event": "training_step", "timestamp": 1768955099.964441, "step": 587, "max_steps": 938, "loss": 6.219405174255371, "elapsed_time": 32.06525230407715, "prnt": false}
{"event": "training_step", "timestamp": 1768955100.0139172, "step": 588, "max_steps": 938, "loss": 6.12363862991333, "elapsed_time": 32.114442110061646, "prnt": false}
{"event": "training_step", "timestamp": 1768955100.0630481, "step": 589, "max_steps": 938, "loss": 6.157778263092041, "elapsed_time": 32.16399097442627, "prnt": false}
{"event": "training_step", "timestamp": 1768955100.1122406, "step": 590, "max_steps": 938, "loss": 6.1457109451293945, "elapsed_time": 32.213346004486084, "prnt": false}
{"event": "training_step", "timestamp": 1768955100.1614943, "step": 591, "max_steps": 938, "loss": 6.15241003036499, "elapsed_time": 32.26242232322693, "prnt": false}
{"event": "training_step", "timestamp": 1768955100.2105877, "step": 592, "max_steps": 938, "loss": 6.142326831817627, "elapsed_time": 32.31133246421814, "prnt": false}
{"event": "training_step", "timestamp": 1768955100.259692, "step": 593, "max_steps": 938, "loss": 6.1301703453063965, "elapsed_time": 32.360403537750244, "prnt": false}
{"event": "training_step", "timestamp": 1768955100.308941, "step": 594, "max_steps": 938, "loss": 6.114467144012451, "elapsed_time": 32.40973663330078, "prnt": false}
{"event": "training_step", "timestamp": 1768955100.3580952, "step": 595, "max_steps": 938, "loss": 6.120387554168701, "elapsed_time": 32.458863735198975, "prnt": false}
{"event": "training_step", "timestamp": 1768955100.4072566, "step": 596, "max_steps": 938, "loss": 6.194771766662598, "elapsed_time": 32.5080132484436, "prnt": false}
{"event": "training_step", "timestamp": 1768955100.4564147, "step": 597, "max_steps": 938, "loss": 6.1895976066589355, "elapsed_time": 32.55726885795593, "prnt": false}
{"event": "training_step", "timestamp": 1768955100.5055213, "step": 598, "max_steps": 938, "loss": 6.233436107635498, "elapsed_time": 32.60623002052307, "prnt": false}
{"event": "training_step", "timestamp": 1768955100.5546145, "step": 599, "max_steps": 938, "loss": 6.2125244140625, "elapsed_time": 32.65553331375122, "prnt": false}
{"event": "training_step", "timestamp": 1768955100.6038668, "step": 600, "max_steps": 938, "loss": 6.137669563293457, "elapsed_time": 32.70465636253357, "prnt": false}
{"event": "training_step", "timestamp": 1768955100.6529949, "step": 601, "max_steps": 938, "loss": 6.166595935821533, "elapsed_time": 32.75379037857056, "prnt": false}
{"event": "training_step", "timestamp": 1768955100.7021174, "step": 602, "max_steps": 938, "loss": 6.093132019042969, "elapsed_time": 32.802905321121216, "prnt": false}
{"event": "training_step", "timestamp": 1768955100.7512987, "step": 603, "max_steps": 938, "loss": 6.148430347442627, "elapsed_time": 32.85213875770569, "prnt": false}
{"event": "training_step", "timestamp": 1768955100.800455, "step": 604, "max_steps": 938, "loss": 6.091250419616699, "elapsed_time": 32.90121150016785, "prnt": false}
{"event": "training_step", "timestamp": 1768955100.8495817, "step": 605, "max_steps": 938, "loss": 6.1800537109375, "elapsed_time": 32.950400590896606, "prnt": false}
{"event": "training_step", "timestamp": 1768955100.8987887, "step": 606, "max_steps": 938, "loss": 6.140579700469971, "elapsed_time": 32.99955892562866, "prnt": false}
{"event": "training_step", "timestamp": 1768955100.9479113, "step": 607, "max_steps": 938, "loss": 6.1573805809021, "elapsed_time": 33.04866933822632, "prnt": false}
{"event": "training_step", "timestamp": 1768955100.9970908, "step": 608, "max_steps": 938, "loss": 6.149135112762451, "elapsed_time": 33.09784770011902, "prnt": false}
{"event": "training_step", "timestamp": 1768955101.0462976, "step": 609, "max_steps": 938, "loss": 6.055076599121094, "elapsed_time": 33.14710569381714, "prnt": false}
{"event": "training_step", "timestamp": 1768955101.0954325, "step": 610, "max_steps": 938, "loss": 6.132229328155518, "elapsed_time": 33.19617462158203, "prnt": false}
{"event": "training_step", "timestamp": 1768955101.1446908, "step": 611, "max_steps": 938, "loss": 6.212127685546875, "elapsed_time": 33.24544835090637, "prnt": false}
{"event": "training_step", "timestamp": 1768955101.1938815, "step": 612, "max_steps": 938, "loss": 6.148885250091553, "elapsed_time": 33.29469108581543, "prnt": false}
{"event": "training_step", "timestamp": 1768955101.2429767, "step": 613, "max_steps": 938, "loss": 6.133202075958252, "elapsed_time": 33.343777894973755, "prnt": false}
{"event": "training_step", "timestamp": 1768955101.292129, "step": 614, "max_steps": 938, "loss": 6.1356353759765625, "elapsed_time": 33.39284896850586, "prnt": false}
{"event": "training_step", "timestamp": 1768955101.3413436, "step": 615, "max_steps": 938, "loss": 6.170629024505615, "elapsed_time": 33.44212317466736, "prnt": false}
{"event": "training_step", "timestamp": 1768955101.3904698, "step": 616, "max_steps": 938, "loss": 6.12299919128418, "elapsed_time": 33.491288900375366, "prnt": false}
{"event": "validation_step", "timestamp": 1768955101.6241157, "step": 616, "max_steps": 938, "loss": 1.3401881429684306, "elapsed_time": 33.491288900375366}
{"event": "training_step", "timestamp": 1768955101.6734426, "step": 617, "max_steps": 938, "loss": 6.1417036056518555, "elapsed_time": 33.77439999580383, "prnt": false}
{"event": "training_step", "timestamp": 1768955101.7226453, "step": 618, "max_steps": 938, "loss": 6.080183029174805, "elapsed_time": 33.82347273826599, "prnt": false}
{"event": "training_step", "timestamp": 1768955101.7717786, "step": 619, "max_steps": 938, "loss": 6.15029764175415, "elapsed_time": 33.87248659133911, "prnt": false}
{"event": "training_step", "timestamp": 1768955101.8211763, "step": 620, "max_steps": 938, "loss": 6.1187744140625, "elapsed_time": 33.92168688774109, "prnt": false}
{"event": "training_step", "timestamp": 1768955101.8705673, "step": 621, "max_steps": 938, "loss": 6.1275410652160645, "elapsed_time": 33.971991300582886, "prnt": false}
{"event": "training_step", "timestamp": 1768955101.9197023, "step": 622, "max_steps": 938, "loss": 6.149092197418213, "elapsed_time": 34.020601749420166, "prnt": false}
{"event": "training_step", "timestamp": 1768955101.9688833, "step": 623, "max_steps": 938, "loss": 6.139771461486816, "elapsed_time": 34.069697856903076, "prnt": false}
{"event": "training_step", "timestamp": 1768955102.0181067, "step": 624, "max_steps": 938, "loss": 6.095633506774902, "elapsed_time": 34.11890506744385, "prnt": false}
{"event": "training_step", "timestamp": 1768955102.0672858, "step": 625, "max_steps": 938, "loss": 6.086808204650879, "elapsed_time": 34.16800618171692, "prnt": false}
{"event": "training_step", "timestamp": 1768955102.1165283, "step": 626, "max_steps": 938, "loss": 6.158402442932129, "elapsed_time": 34.217485189437866, "prnt": false}
{"event": "training_step", "timestamp": 1768955102.1657095, "step": 627, "max_steps": 938, "loss": 6.091004371643066, "elapsed_time": 34.26661729812622, "prnt": false}
{"event": "training_step", "timestamp": 1768955102.2148862, "step": 628, "max_steps": 938, "loss": 6.088420391082764, "elapsed_time": 34.315654277801514, "prnt": false}
{"event": "training_step", "timestamp": 1768955102.2640212, "step": 629, "max_steps": 938, "loss": 6.094343662261963, "elapsed_time": 34.36472511291504, "prnt": false}
{"event": "training_step", "timestamp": 1768955102.3132777, "step": 630, "max_steps": 938, "loss": 6.132282257080078, "elapsed_time": 34.414018869400024, "prnt": false}
{"event": "training_step", "timestamp": 1768955102.3625004, "step": 631, "max_steps": 938, "loss": 6.070354461669922, "elapsed_time": 34.46340346336365, "prnt": false}
{"event": "training_step", "timestamp": 1768955102.4116876, "step": 632, "max_steps": 938, "loss": 6.216972351074219, "elapsed_time": 34.51284837722778, "prnt": false}
{"event": "training_step", "timestamp": 1768955102.4609628, "step": 633, "max_steps": 938, "loss": 6.148996353149414, "elapsed_time": 34.5617311000824, "prnt": false}
{"event": "training_step", "timestamp": 1768955102.5101058, "step": 634, "max_steps": 938, "loss": 6.092036247253418, "elapsed_time": 34.610920429229736, "prnt": false}
{"event": "training_step", "timestamp": 1768955102.559305, "step": 635, "max_steps": 938, "loss": 6.16656494140625, "elapsed_time": 34.66026043891907, "prnt": false}
{"event": "training_step", "timestamp": 1768955102.6085668, "step": 636, "max_steps": 938, "loss": 6.134731292724609, "elapsed_time": 34.70939636230469, "prnt": false}
{"event": "training_step", "timestamp": 1768955102.657734, "step": 637, "max_steps": 938, "loss": 6.128898620605469, "elapsed_time": 34.75863552093506, "prnt": false}
{"event": "training_step", "timestamp": 1768955102.70686, "step": 638, "max_steps": 938, "loss": 6.106298923492432, "elapsed_time": 34.80759334564209, "prnt": false}
{"event": "training_step", "timestamp": 1768955102.7560616, "step": 639, "max_steps": 938, "loss": 6.166383743286133, "elapsed_time": 34.857123136520386, "prnt": false}
{"event": "training_step", "timestamp": 1768955102.8052266, "step": 640, "max_steps": 938, "loss": 6.09738826751709, "elapsed_time": 34.90627861022949, "prnt": false}
{"event": "training_step", "timestamp": 1768955102.854372, "step": 641, "max_steps": 938, "loss": 6.0965352058410645, "elapsed_time": 34.9553496837616, "prnt": false}
{"event": "training_step", "timestamp": 1768955102.9036174, "step": 642, "max_steps": 938, "loss": 6.114109516143799, "elapsed_time": 35.00441360473633, "prnt": false}
{"event": "training_step", "timestamp": 1768955102.952824, "step": 643, "max_steps": 938, "loss": 6.142125606536865, "elapsed_time": 35.05369544029236, "prnt": false}
{"event": "training_step", "timestamp": 1768955103.0019765, "step": 644, "max_steps": 938, "loss": 6.0970683097839355, "elapsed_time": 35.1027774810791, "prnt": false}
{"event": "training_step", "timestamp": 1768955103.0511565, "step": 645, "max_steps": 938, "loss": 6.14601993560791, "elapsed_time": 35.15195560455322, "prnt": false}
{"event": "training_step", "timestamp": 1768955103.1003191, "step": 646, "max_steps": 938, "loss": 6.121918201446533, "elapsed_time": 35.201119899749756, "prnt": false}
{"event": "training_step", "timestamp": 1768955103.1494367, "step": 647, "max_steps": 938, "loss": 6.103426933288574, "elapsed_time": 35.25027346611023, "prnt": false}
{"event": "training_step", "timestamp": 1768955103.1986516, "step": 648, "max_steps": 938, "loss": 6.102025032043457, "elapsed_time": 35.29949450492859, "prnt": false}
{"event": "training_step", "timestamp": 1768955103.2478142, "step": 649, "max_steps": 938, "loss": 6.01422119140625, "elapsed_time": 35.34852385520935, "prnt": false}
{"event": "training_step", "timestamp": 1768955103.2969756, "step": 650, "max_steps": 938, "loss": 6.167370319366455, "elapsed_time": 35.39771556854248, "prnt": false}
{"event": "training_step", "timestamp": 1768955103.3461785, "step": 651, "max_steps": 938, "loss": 6.140537738800049, "elapsed_time": 35.4469428062439, "prnt": false}
{"event": "training_step", "timestamp": 1768955103.3953257, "step": 652, "max_steps": 938, "loss": 6.082709789276123, "elapsed_time": 35.496155977249146, "prnt": false}
{"event": "training_step", "timestamp": 1768955103.4444747, "step": 653, "max_steps": 938, "loss": 6.099803447723389, "elapsed_time": 35.54539752006531, "prnt": false}
{"event": "training_step", "timestamp": 1768955103.4937406, "step": 654, "max_steps": 938, "loss": 6.138634204864502, "elapsed_time": 35.594507932662964, "prnt": false}
{"event": "training_step", "timestamp": 1768955103.5428936, "step": 655, "max_steps": 938, "loss": 6.075297832489014, "elapsed_time": 35.64367699623108, "prnt": false}
{"event": "training_step", "timestamp": 1768955103.5920606, "step": 656, "max_steps": 938, "loss": 6.131011962890625, "elapsed_time": 35.69284701347351, "prnt": false}
{"event": "training_step", "timestamp": 1768955103.6413076, "step": 657, "max_steps": 938, "loss": 6.091938495635986, "elapsed_time": 35.74205017089844, "prnt": false}
{"event": "training_step", "timestamp": 1768955103.6904788, "step": 658, "max_steps": 938, "loss": 6.077564716339111, "elapsed_time": 35.791199684143066, "prnt": false}
{"event": "training_step", "timestamp": 1768955103.7396827, "step": 659, "max_steps": 938, "loss": 6.024134159088135, "elapsed_time": 35.84045147895813, "prnt": false}
{"event": "training_step", "timestamp": 1768955103.7889054, "step": 660, "max_steps": 938, "loss": 6.11998176574707, "elapsed_time": 35.88967800140381, "prnt": false}
{"event": "validation_step", "timestamp": 1768955104.022722, "step": 660, "max_steps": 938, "loss": 1.3355685284588819, "elapsed_time": 35.88967800140381}
{"event": "training_step", "timestamp": 1768955104.0720458, "step": 661, "max_steps": 938, "loss": 6.095524311065674, "elapsed_time": 36.172826051712036, "prnt": false}
{"event": "training_step", "timestamp": 1768955104.1212523, "step": 662, "max_steps": 938, "loss": 6.093664169311523, "elapsed_time": 36.22206497192383, "prnt": false}
{"event": "training_step", "timestamp": 1768955104.1704934, "step": 663, "max_steps": 938, "loss": 6.140438079833984, "elapsed_time": 36.27158331871033, "prnt": false}
{"event": "training_step", "timestamp": 1768955104.2196426, "step": 664, "max_steps": 938, "loss": 6.0966620445251465, "elapsed_time": 36.32047629356384, "prnt": false}
{"event": "training_step", "timestamp": 1768955104.2687695, "step": 665, "max_steps": 938, "loss": 6.124624252319336, "elapsed_time": 36.36953783035278, "prnt": false}
{"event": "training_step", "timestamp": 1768955104.318047, "step": 666, "max_steps": 938, "loss": 6.162983417510986, "elapsed_time": 36.41877794265747, "prnt": false}
{"event": "training_step", "timestamp": 1768955104.367189, "step": 667, "max_steps": 938, "loss": 6.060730934143066, "elapsed_time": 36.46803045272827, "prnt": false}
{"event": "training_step", "timestamp": 1768955104.4163358, "step": 668, "max_steps": 938, "loss": 6.116573333740234, "elapsed_time": 36.517401933670044, "prnt": false}
{"event": "training_step", "timestamp": 1768955104.4655738, "step": 669, "max_steps": 938, "loss": 6.074617385864258, "elapsed_time": 36.566346645355225, "prnt": false}
{"event": "training_step", "timestamp": 1768955104.5147538, "step": 670, "max_steps": 938, "loss": 6.089396953582764, "elapsed_time": 36.615519523620605, "prnt": false}
{"event": "training_step", "timestamp": 1768955104.5640771, "step": 671, "max_steps": 938, "loss": 6.122142314910889, "elapsed_time": 36.664841413497925, "prnt": false}
{"event": "training_step", "timestamp": 1768955104.6132476, "step": 672, "max_steps": 938, "loss": 6.063614845275879, "elapsed_time": 36.71416139602661, "prnt": false}
{"event": "training_step", "timestamp": 1768955104.6624274, "step": 673, "max_steps": 938, "loss": 6.0331268310546875, "elapsed_time": 36.76318144798279, "prnt": false}
{"event": "training_step", "timestamp": 1768955104.711699, "step": 674, "max_steps": 938, "loss": 6.129688262939453, "elapsed_time": 36.81253004074097, "prnt": false}
{"event": "training_step", "timestamp": 1768955104.760833, "step": 675, "max_steps": 938, "loss": 6.071813583374023, "elapsed_time": 36.86168169975281, "prnt": false}
{"event": "training_step", "timestamp": 1768955104.8100321, "step": 676, "max_steps": 938, "loss": 6.092450141906738, "elapsed_time": 36.91077446937561, "prnt": false}
{"event": "training_step", "timestamp": 1768955104.859291, "step": 677, "max_steps": 938, "loss": 6.056392669677734, "elapsed_time": 36.9603590965271, "prnt": false}
{"event": "training_step", "timestamp": 1768955104.9084272, "step": 678, "max_steps": 938, "loss": 6.137922763824463, "elapsed_time": 37.009192943573, "prnt": false}
{"event": "training_step", "timestamp": 1768955104.9576397, "step": 679, "max_steps": 938, "loss": 6.088171005249023, "elapsed_time": 37.05833458900452, "prnt": false}
{"event": "training_step", "timestamp": 1768955105.006832, "step": 680, "max_steps": 938, "loss": 6.0775146484375, "elapsed_time": 37.10769319534302, "prnt": false}
{"event": "training_step", "timestamp": 1768955105.055931, "step": 681, "max_steps": 938, "loss": 6.042588233947754, "elapsed_time": 37.15676665306091, "prnt": false}
{"event": "training_step", "timestamp": 1768955105.105066, "step": 682, "max_steps": 938, "loss": 6.071516036987305, "elapsed_time": 37.20582818984985, "prnt": false}
{"event": "training_step", "timestamp": 1768955105.154294, "step": 683, "max_steps": 938, "loss": 6.031387805938721, "elapsed_time": 37.25528883934021, "prnt": false}
{"event": "training_step", "timestamp": 1768955105.2034333, "step": 684, "max_steps": 938, "loss": 6.079293251037598, "elapsed_time": 37.30423617362976, "prnt": false}
{"event": "training_step", "timestamp": 1768955105.2525518, "step": 685, "max_steps": 938, "loss": 6.069731712341309, "elapsed_time": 37.35344934463501, "prnt": false}
{"event": "training_step", "timestamp": 1768955105.3018274, "step": 686, "max_steps": 938, "loss": 6.079882621765137, "elapsed_time": 37.40256881713867, "prnt": false}
{"event": "training_step", "timestamp": 1768955105.3510492, "step": 687, "max_steps": 938, "loss": 6.061633586883545, "elapsed_time": 37.45171022415161, "prnt": false}
{"event": "training_step", "timestamp": 1768955105.4001987, "step": 688, "max_steps": 938, "loss": 6.087662696838379, "elapsed_time": 37.501049280166626, "prnt": false}
{"event": "training_step", "timestamp": 1768955105.4494221, "step": 689, "max_steps": 938, "loss": 6.095688343048096, "elapsed_time": 37.55021619796753, "prnt": false}
{"event": "training_step", "timestamp": 1768955105.4986088, "step": 690, "max_steps": 938, "loss": 6.112119197845459, "elapsed_time": 37.599327087402344, "prnt": false}
{"event": "training_step", "timestamp": 1768955105.5478334, "step": 691, "max_steps": 938, "loss": 6.030501842498779, "elapsed_time": 37.64877986907959, "prnt": false}
{"event": "training_step", "timestamp": 1768955105.5971742, "step": 692, "max_steps": 938, "loss": 6.069560527801514, "elapsed_time": 37.698259353637695, "prnt": false}
{"event": "training_step", "timestamp": 1768955105.6463745, "step": 693, "max_steps": 938, "loss": 6.086150169372559, "elapsed_time": 37.74718189239502, "prnt": false}
{"event": "training_step", "timestamp": 1768955105.69553, "step": 694, "max_steps": 938, "loss": 6.071259498596191, "elapsed_time": 37.796300649642944, "prnt": false}
{"event": "training_step", "timestamp": 1768955105.7447813, "step": 695, "max_steps": 938, "loss": 6.045064926147461, "elapsed_time": 37.84558916091919, "prnt": false}
{"event": "training_step", "timestamp": 1768955105.7939584, "step": 696, "max_steps": 938, "loss": 6.073877334594727, "elapsed_time": 37.89473819732666, "prnt": false}
{"event": "training_step", "timestamp": 1768955105.8431098, "step": 697, "max_steps": 938, "loss": 6.008158206939697, "elapsed_time": 37.94390153884888, "prnt": false}
{"event": "training_step", "timestamp": 1768955105.892335, "step": 698, "max_steps": 938, "loss": 6.063129425048828, "elapsed_time": 37.993083000183105, "prnt": false}
{"event": "training_step", "timestamp": 1768955105.9415536, "step": 699, "max_steps": 938, "loss": 6.022889137268066, "elapsed_time": 38.042290925979614, "prnt": false}
{"event": "training_step", "timestamp": 1768955105.9908097, "step": 700, "max_steps": 938, "loss": 6.096868991851807, "elapsed_time": 38.09166860580444, "prnt": false}
{"event": "training_step", "timestamp": 1768955106.040096, "step": 701, "max_steps": 938, "loss": 6.0588603019714355, "elapsed_time": 38.14087748527527, "prnt": false}
{"event": "training_step", "timestamp": 1768955106.0892537, "step": 702, "max_steps": 938, "loss": 6.0820231437683105, "elapsed_time": 38.190016746520996, "prnt": false}
{"event": "training_step", "timestamp": 1768955106.1384351, "step": 703, "max_steps": 938, "loss": 6.076346397399902, "elapsed_time": 38.23914289474487, "prnt": false}
{"event": "training_step", "timestamp": 1768955106.1878169, "step": 704, "max_steps": 938, "loss": 6.029853820800781, "elapsed_time": 38.288978576660156, "prnt": false}
{"event": "validation_step", "timestamp": 1768955106.4217358, "step": 704, "max_steps": 938, "loss": 1.3312088199050933, "elapsed_time": 38.288978576660156}
{"event": "training_step", "timestamp": 1768955106.471123, "step": 705, "max_steps": 938, "loss": 6.033049583435059, "elapsed_time": 38.57193899154663, "prnt": false}
{"event": "training_step", "timestamp": 1768955106.5203514, "step": 706, "max_steps": 938, "loss": 6.10880184173584, "elapsed_time": 38.62119197845459, "prnt": false}
{"event": "training_step", "timestamp": 1768955106.569588, "step": 707, "max_steps": 938, "loss": 6.066600799560547, "elapsed_time": 38.670586824417114, "prnt": false}
{"event": "training_step", "timestamp": 1768955106.6188424, "step": 708, "max_steps": 938, "loss": 6.107499599456787, "elapsed_time": 38.71970343589783, "prnt": false}
{"event": "training_step", "timestamp": 1768955106.6679916, "step": 709, "max_steps": 938, "loss": 6.09791374206543, "elapsed_time": 38.76886200904846, "prnt": false}
{"event": "training_step", "timestamp": 1768955106.7172544, "step": 710, "max_steps": 938, "loss": 6.039735794067383, "elapsed_time": 38.81808018684387, "prnt": false}
{"event": "training_step", "timestamp": 1768955106.766397, "step": 711, "max_steps": 938, "loss": 6.1176371574401855, "elapsed_time": 38.86729145050049, "prnt": false}
{"event": "training_step", "timestamp": 1768955106.8155932, "step": 712, "max_steps": 938, "loss": 5.9998345375061035, "elapsed_time": 38.916306257247925, "prnt": false}
{"event": "training_step", "timestamp": 1768955106.8648522, "step": 713, "max_steps": 938, "loss": 6.066777229309082, "elapsed_time": 38.96562695503235, "prnt": false}
{"event": "training_step", "timestamp": 1768955106.9140606, "step": 714, "max_steps": 938, "loss": 6.006992340087891, "elapsed_time": 39.014769077301025, "prnt": false}
{"event": "training_step", "timestamp": 1768955106.9632716, "step": 715, "max_steps": 938, "loss": 6.051597595214844, "elapsed_time": 39.06425094604492, "prnt": false}
{"event": "training_step", "timestamp": 1768955107.0125597, "step": 716, "max_steps": 938, "loss": 6.013541221618652, "elapsed_time": 39.11340522766113, "prnt": false}
{"event": "training_step", "timestamp": 1768955107.0617545, "step": 717, "max_steps": 938, "loss": 6.057497978210449, "elapsed_time": 39.16260576248169, "prnt": false}
{"event": "training_step", "timestamp": 1768955107.1109598, "step": 718, "max_steps": 938, "loss": 6.093485355377197, "elapsed_time": 39.211724042892456, "prnt": false}
{"event": "training_step", "timestamp": 1768955107.1602814, "step": 719, "max_steps": 938, "loss": 6.020414352416992, "elapsed_time": 39.261024713516235, "prnt": false}
{"event": "training_step", "timestamp": 1768955107.209409, "step": 720, "max_steps": 938, "loss": 6.120846748352051, "elapsed_time": 39.310333013534546, "prnt": false}
{"event": "training_step", "timestamp": 1768955107.2586255, "step": 721, "max_steps": 938, "loss": 6.119705677032471, "elapsed_time": 39.359391927719116, "prnt": false}
{"event": "training_step", "timestamp": 1768955107.307905, "step": 722, "max_steps": 938, "loss": 6.026471138000488, "elapsed_time": 39.40864682197571, "prnt": false}
{"event": "training_step", "timestamp": 1768955107.3571002, "step": 723, "max_steps": 938, "loss": 6.072419166564941, "elapsed_time": 39.45796012878418, "prnt": false}
{"event": "training_step", "timestamp": 1768955107.4062984, "step": 724, "max_steps": 938, "loss": 6.054538249969482, "elapsed_time": 39.507081508636475, "prnt": false}
{"event": "training_step", "timestamp": 1768955107.4555857, "step": 725, "max_steps": 938, "loss": 6.057296276092529, "elapsed_time": 39.556391954422, "prnt": false}
{"event": "training_step", "timestamp": 1768955107.5047665, "step": 726, "max_steps": 938, "loss": 6.044879913330078, "elapsed_time": 39.605523347854614, "prnt": false}
{"event": "training_step", "timestamp": 1768955107.5539675, "step": 727, "max_steps": 938, "loss": 6.045927047729492, "elapsed_time": 39.65469932556152, "prnt": false}
{"event": "training_step", "timestamp": 1768955107.6032686, "step": 728, "max_steps": 938, "loss": 6.022705078125, "elapsed_time": 39.70405149459839, "prnt": false}
{"event": "training_step", "timestamp": 1768955107.652451, "step": 729, "max_steps": 938, "loss": 6.031948089599609, "elapsed_time": 39.75321936607361, "prnt": false}
{"event": "training_step", "timestamp": 1768955107.701646, "step": 730, "max_steps": 938, "loss": 6.109554767608643, "elapsed_time": 39.80229568481445, "prnt": false}
{"event": "training_step", "timestamp": 1768955107.750903, "step": 731, "max_steps": 938, "loss": 6.093419075012207, "elapsed_time": 39.85161805152893, "prnt": false}
{"event": "training_step", "timestamp": 1768955107.8001587, "step": 732, "max_steps": 938, "loss": 6.137488842010498, "elapsed_time": 39.90096926689148, "prnt": false}
{"event": "training_step", "timestamp": 1768955107.8493433, "step": 733, "max_steps": 938, "loss": 6.123198986053467, "elapsed_time": 39.95001530647278, "prnt": false}
{"event": "training_step", "timestamp": 1768955107.89868, "step": 734, "max_steps": 938, "loss": 6.055450439453125, "elapsed_time": 39.99944043159485, "prnt": false}
{"event": "training_step", "timestamp": 1768955107.9479175, "step": 735, "max_steps": 938, "loss": 6.074148178100586, "elapsed_time": 40.0485634803772, "prnt": false}
{"event": "training_step", "timestamp": 1768955107.9970798, "step": 736, "max_steps": 938, "loss": 6.01179313659668, "elapsed_time": 40.0978524684906, "prnt": false}
{"event": "training_step", "timestamp": 1768955108.0463557, "step": 737, "max_steps": 938, "loss": 6.057169437408447, "elapsed_time": 40.14712715148926, "prnt": false}
{"event": "training_step", "timestamp": 1768955108.0955317, "step": 738, "max_steps": 938, "loss": 5.995236396789551, "elapsed_time": 40.19624900817871, "prnt": false}
{"event": "training_step", "timestamp": 1768955108.1447377, "step": 739, "max_steps": 938, "loss": 6.09541654586792, "elapsed_time": 40.24535870552063, "prnt": false}
{"event": "training_step", "timestamp": 1768955108.194135, "step": 740, "max_steps": 938, "loss": 6.053618907928467, "elapsed_time": 40.295286655426025, "prnt": false}
{"event": "training_step", "timestamp": 1768955108.2433212, "step": 741, "max_steps": 938, "loss": 6.06591272354126, "elapsed_time": 40.34418225288391, "prnt": false}
{"event": "training_step", "timestamp": 1768955108.292515, "step": 742, "max_steps": 938, "loss": 6.054903507232666, "elapsed_time": 40.39325189590454, "prnt": false}
{"event": "training_step", "timestamp": 1768955108.341812, "step": 743, "max_steps": 938, "loss": 5.969010353088379, "elapsed_time": 40.44256949424744, "prnt": false}
{"event": "training_step", "timestamp": 1768955108.3910124, "step": 744, "max_steps": 938, "loss": 6.04154634475708, "elapsed_time": 40.491740226745605, "prnt": false}
{"event": "training_step", "timestamp": 1768955108.4402165, "step": 745, "max_steps": 938, "loss": 6.1225080490112305, "elapsed_time": 40.540870666503906, "prnt": false}
{"event": "training_step", "timestamp": 1768955108.4895172, "step": 746, "max_steps": 938, "loss": 6.065290927886963, "elapsed_time": 40.590189695358276, "prnt": false}
{"event": "training_step", "timestamp": 1768955108.5386882, "step": 747, "max_steps": 938, "loss": 6.053708076477051, "elapsed_time": 40.63944721221924, "prnt": false}
{"event": "training_step", "timestamp": 1768955108.5879126, "step": 748, "max_steps": 938, "loss": 6.050815105438232, "elapsed_time": 40.68867897987366, "prnt": false}
{"event": "validation_step", "timestamp": 1768955108.821855, "step": 748, "max_steps": 938, "loss": 1.3289662595080114, "elapsed_time": 40.68867897987366}
{"event": "training_step", "timestamp": 1768955108.8712904, "step": 749, "max_steps": 938, "loss": 6.095269680023193, "elapsed_time": 40.972190141677856, "prnt": false}
{"event": "training_step", "timestamp": 1768955108.9205682, "step": 750, "max_steps": 938, "loss": 6.0399298667907715, "elapsed_time": 41.02130484580994, "prnt": false}
{"event": "training_step", "timestamp": 1768955108.9699383, "step": 751, "max_steps": 938, "loss": 6.055494785308838, "elapsed_time": 41.070525884628296, "prnt": false}
{"event": "training_step", "timestamp": 1768955109.0192785, "step": 752, "max_steps": 938, "loss": 5.996321678161621, "elapsed_time": 41.12008595466614, "prnt": false}
{"event": "training_step", "timestamp": 1768955109.0685086, "step": 753, "max_steps": 938, "loss": 6.073517322540283, "elapsed_time": 41.16920709609985, "prnt": false}
{"event": "training_step", "timestamp": 1768955109.1177583, "step": 754, "max_steps": 938, "loss": 6.04274845123291, "elapsed_time": 41.21864581108093, "prnt": false}
{"event": "training_step", "timestamp": 1768955109.1670213, "step": 755, "max_steps": 938, "loss": 6.045522212982178, "elapsed_time": 41.26782202720642, "prnt": false}
{"event": "training_step", "timestamp": 1768955109.216229, "step": 756, "max_steps": 938, "loss": 6.076315879821777, "elapsed_time": 41.31697154045105, "prnt": false}
{"event": "training_step", "timestamp": 1768955109.2654748, "step": 757, "max_steps": 938, "loss": 6.05622673034668, "elapsed_time": 41.36605191230774, "prnt": false}
{"event": "training_step", "timestamp": 1768955109.3148272, "step": 758, "max_steps": 938, "loss": 6.017911434173584, "elapsed_time": 41.41570973396301, "prnt": false}
{"event": "training_step", "timestamp": 1768955109.3640053, "step": 759, "max_steps": 938, "loss": 6.0015177726745605, "elapsed_time": 41.464667081832886, "prnt": false}
{"event": "training_step", "timestamp": 1768955109.4132276, "step": 760, "max_steps": 938, "loss": 6.0711445808410645, "elapsed_time": 41.513882875442505, "prnt": false}
{"event": "training_step", "timestamp": 1768955109.4625354, "step": 761, "max_steps": 938, "loss": 6.011362552642822, "elapsed_time": 41.56319880485535, "prnt": false}
{"event": "training_step", "timestamp": 1768955109.511744, "step": 762, "max_steps": 938, "loss": 6.012294292449951, "elapsed_time": 41.61259913444519, "prnt": false}
{"event": "training_step", "timestamp": 1768955109.5609396, "step": 763, "max_steps": 938, "loss": 6.015796184539795, "elapsed_time": 41.66169047355652, "prnt": false}
{"event": "training_step", "timestamp": 1768955109.6102095, "step": 764, "max_steps": 938, "loss": 6.053646564483643, "elapsed_time": 41.71103286743164, "prnt": false}
{"event": "training_step", "timestamp": 1768955109.6594512, "step": 765, "max_steps": 938, "loss": 5.999349117279053, "elapsed_time": 41.76013946533203, "prnt": false}
{"event": "training_step", "timestamp": 1768955109.708665, "step": 766, "max_steps": 938, "loss": 6.143636703491211, "elapsed_time": 41.80933690071106, "prnt": false}
{"event": "training_step", "timestamp": 1768955109.7579389, "step": 767, "max_steps": 938, "loss": 6.059466361999512, "elapsed_time": 41.858858585357666, "prnt": false}
{"event": "training_step", "timestamp": 1768955109.8071418, "step": 768, "max_steps": 938, "loss": 6.028271675109863, "elapsed_time": 41.90786933898926, "prnt": false}
{"event": "training_step", "timestamp": 1768955109.8563905, "step": 769, "max_steps": 938, "loss": 6.094043254852295, "elapsed_time": 41.957274436950684, "prnt": false}
{"event": "training_step", "timestamp": 1768955109.9056878, "step": 770, "max_steps": 938, "loss": 6.059082984924316, "elapsed_time": 42.006397008895874, "prnt": false}
{"event": "training_step", "timestamp": 1768955109.9548757, "step": 771, "max_steps": 938, "loss": 6.051595211029053, "elapsed_time": 42.05566120147705, "prnt": false}
{"event": "training_step", "timestamp": 1768955110.0041065, "step": 772, "max_steps": 938, "loss": 6.033084392547607, "elapsed_time": 42.10470199584961, "prnt": false}
{"event": "training_step", "timestamp": 1768955110.0533571, "step": 773, "max_steps": 938, "loss": 6.09527587890625, "elapsed_time": 42.15408492088318, "prnt": false}
{"event": "training_step", "timestamp": 1768955110.102572, "step": 774, "max_steps": 938, "loss": 6.033463954925537, "elapsed_time": 42.20318007469177, "prnt": false}
{"event": "training_step", "timestamp": 1768955110.151726, "step": 775, "max_steps": 938, "loss": 6.026899337768555, "elapsed_time": 42.252511739730835, "prnt": false}
{"event": "training_step", "timestamp": 1768955110.2010977, "step": 776, "max_steps": 938, "loss": 6.03917121887207, "elapsed_time": 42.302154302597046, "prnt": false}
{"event": "training_step", "timestamp": 1768955110.250283, "step": 777, "max_steps": 938, "loss": 6.065364837646484, "elapsed_time": 42.351062297821045, "prnt": false}
{"event": "training_step", "timestamp": 1768955110.2995346, "step": 778, "max_steps": 938, "loss": 6.02535343170166, "elapsed_time": 42.400224447250366, "prnt": false}
{"event": "training_step", "timestamp": 1768955110.34882, "step": 779, "max_steps": 938, "loss": 6.063145637512207, "elapsed_time": 42.4496750831604, "prnt": false}
{"event": "training_step", "timestamp": 1768955110.3980687, "step": 780, "max_steps": 938, "loss": 6.052249908447266, "elapsed_time": 42.49877071380615, "prnt": false}
{"event": "training_step", "timestamp": 1768955110.447269, "step": 781, "max_steps": 938, "loss": 6.039651870727539, "elapsed_time": 42.54792356491089, "prnt": false}
{"event": "training_step", "timestamp": 1768955110.4965284, "step": 782, "max_steps": 938, "loss": 6.032534599304199, "elapsed_time": 42.59717917442322, "prnt": false}
{"event": "training_step", "timestamp": 1768955110.54577, "step": 783, "max_steps": 938, "loss": 5.947494029998779, "elapsed_time": 42.646597385406494, "prnt": false}
{"event": "training_step", "timestamp": 1768955110.5950055, "step": 784, "max_steps": 938, "loss": 6.095553398132324, "elapsed_time": 42.69599914550781, "prnt": false}
{"event": "training_step", "timestamp": 1768955110.6442933, "step": 785, "max_steps": 938, "loss": 6.073655128479004, "elapsed_time": 42.7450487613678, "prnt": false}
{"event": "training_step", "timestamp": 1768955110.6935253, "step": 786, "max_steps": 938, "loss": 6.015052318572998, "elapsed_time": 42.794188499450684, "prnt": false}
{"event": "training_step", "timestamp": 1768955110.7429373, "step": 787, "max_steps": 938, "loss": 6.044795989990234, "elapsed_time": 42.844417095184326, "prnt": false}
{"event": "training_step", "timestamp": 1768955110.792453, "step": 788, "max_steps": 938, "loss": 6.068993091583252, "elapsed_time": 42.89407825469971, "prnt": false}
{"event": "training_step", "timestamp": 1768955110.8417795, "step": 789, "max_steps": 938, "loss": 6.0096354484558105, "elapsed_time": 42.94293785095215, "prnt": false}
{"event": "training_step", "timestamp": 1768955110.8911095, "step": 790, "max_steps": 938, "loss": 6.067394733428955, "elapsed_time": 42.99227857589722, "prnt": false}
{"event": "training_step", "timestamp": 1768955110.9406695, "step": 791, "max_steps": 938, "loss": 6.0188984870910645, "elapsed_time": 43.041972160339355, "prnt": false}
{"event": "training_step", "timestamp": 1768955110.9899476, "step": 792, "max_steps": 938, "loss": 6.012743949890137, "elapsed_time": 43.091227293014526, "prnt": false}
{"event": "validation_step", "timestamp": 1768955111.2242877, "step": 792, "max_steps": 938, "loss": 1.326762573682987, "elapsed_time": 43.091227293014526}
{"event": "training_step", "timestamp": 1768955111.2738035, "step": 793, "max_steps": 938, "loss": 5.9610981941223145, "elapsed_time": 43.3752236366272, "prnt": false}
{"event": "training_step", "timestamp": 1768955111.3232367, "step": 794, "max_steps": 938, "loss": 6.060107231140137, "elapsed_time": 43.424174785614014, "prnt": false}
{"event": "training_step", "timestamp": 1768955111.372572, "step": 795, "max_steps": 938, "loss": 6.017061710357666, "elapsed_time": 43.47410321235657, "prnt": false}
{"event": "training_step", "timestamp": 1768955111.4219627, "step": 796, "max_steps": 938, "loss": 6.024555206298828, "elapsed_time": 43.525482416152954, "prnt": false}
{"event": "training_step", "timestamp": 1768955111.471449, "step": 797, "max_steps": 938, "loss": 6.082536697387695, "elapsed_time": 43.57470464706421, "prnt": false}
{"event": "training_step", "timestamp": 1768955111.5207975, "step": 798, "max_steps": 938, "loss": 6.039418697357178, "elapsed_time": 43.623719930648804, "prnt": false}
{"event": "training_step", "timestamp": 1768955111.570209, "step": 799, "max_steps": 938, "loss": 6.061812400817871, "elapsed_time": 43.671576499938965, "prnt": false}
{"event": "training_step", "timestamp": 1768955111.6196454, "step": 800, "max_steps": 938, "loss": 6.0961012840271, "elapsed_time": 43.72081542015076, "prnt": false}
{"event": "training_step", "timestamp": 1768955111.6689737, "step": 801, "max_steps": 938, "loss": 6.005082130432129, "elapsed_time": 43.77010798454285, "prnt": false}
{"event": "training_step", "timestamp": 1768955111.7182171, "step": 802, "max_steps": 938, "loss": 6.057659149169922, "elapsed_time": 43.81917142868042, "prnt": false}
{"event": "training_step", "timestamp": 1768955111.7676144, "step": 803, "max_steps": 938, "loss": 6.021615028381348, "elapsed_time": 43.86850714683533, "prnt": false}
{"event": "training_step", "timestamp": 1768955111.8169231, "step": 804, "max_steps": 938, "loss": 6.033658027648926, "elapsed_time": 43.917725563049316, "prnt": false}
{"event": "training_step", "timestamp": 1768955111.866598, "step": 805, "max_steps": 938, "loss": 6.064236640930176, "elapsed_time": 43.96801996231079, "prnt": false}
{"event": "training_step", "timestamp": 1768955111.9160178, "step": 806, "max_steps": 938, "loss": 6.00281286239624, "elapsed_time": 44.01730751991272, "prnt": false}
{"event": "training_step", "timestamp": 1768955111.965288, "step": 807, "max_steps": 938, "loss": 5.973237037658691, "elapsed_time": 44.066402196884155, "prnt": false}
{"event": "training_step", "timestamp": 1768955112.01476, "step": 808, "max_steps": 938, "loss": 6.064589500427246, "elapsed_time": 44.115822076797485, "prnt": false}
{"event": "training_step", "timestamp": 1768955112.0641222, "step": 809, "max_steps": 938, "loss": 6.013455867767334, "elapsed_time": 44.16540050506592, "prnt": false}
{"event": "training_step", "timestamp": 1768955112.1135323, "step": 810, "max_steps": 938, "loss": 6.033260345458984, "elapsed_time": 44.21502923965454, "prnt": false}
{"event": "training_step", "timestamp": 1768955112.1629694, "step": 811, "max_steps": 938, "loss": 6.004027843475342, "elapsed_time": 44.26431393623352, "prnt": false}
{"event": "training_step", "timestamp": 1768955112.212359, "step": 812, "max_steps": 938, "loss": 6.080338478088379, "elapsed_time": 44.31355047225952, "prnt": false}
{"event": "training_step", "timestamp": 1768955112.2617018, "step": 813, "max_steps": 938, "loss": 6.028453350067139, "elapsed_time": 44.36297154426575, "prnt": false}
{"event": "training_step", "timestamp": 1768955112.3111148, "step": 814, "max_steps": 938, "loss": 6.017132759094238, "elapsed_time": 44.41227674484253, "prnt": false}
{"event": "training_step", "timestamp": 1768955112.3604283, "step": 815, "max_steps": 938, "loss": 5.9895501136779785, "elapsed_time": 44.461607217788696, "prnt": false}
{"event": "training_step", "timestamp": 1768955112.4098668, "step": 816, "max_steps": 938, "loss": 6.014401435852051, "elapsed_time": 44.51136112213135, "prnt": false}
{"event": "training_step", "timestamp": 1768955112.459324, "step": 817, "max_steps": 938, "loss": 5.972689628601074, "elapsed_time": 44.56020379066467, "prnt": false}
{"event": "training_step", "timestamp": 1768955112.5086234, "step": 818, "max_steps": 938, "loss": 6.01851749420166, "elapsed_time": 44.60951042175293, "prnt": false}
{"event": "training_step", "timestamp": 1768955112.5579858, "step": 819, "max_steps": 938, "loss": 6.022610187530518, "elapsed_time": 44.659015417099, "prnt": false}
{"event": "training_step", "timestamp": 1768955112.6074154, "step": 820, "max_steps": 938, "loss": 6.027683258056641, "elapsed_time": 44.70830941200256, "prnt": false}
{"event": "training_step", "timestamp": 1768955112.6567225, "step": 821, "max_steps": 938, "loss": 6.010603427886963, "elapsed_time": 44.757657289505005, "prnt": false}
{"event": "training_step", "timestamp": 1768955112.70602, "step": 822, "max_steps": 938, "loss": 6.029533386230469, "elapsed_time": 44.80679130554199, "prnt": false}
{"event": "training_step", "timestamp": 1768955112.7555563, "step": 823, "max_steps": 938, "loss": 6.037423610687256, "elapsed_time": 44.85685968399048, "prnt": false}
{"event": "training_step", "timestamp": 1768955112.8050046, "step": 824, "max_steps": 938, "loss": 6.057100296020508, "elapsed_time": 44.906232833862305, "prnt": false}
{"event": "training_step", "timestamp": 1768955112.8542902, "step": 825, "max_steps": 938, "loss": 5.984945774078369, "elapsed_time": 44.955188274383545, "prnt": false}
{"event": "training_step", "timestamp": 1768955112.9036734, "step": 826, "max_steps": 938, "loss": 6.0149006843566895, "elapsed_time": 45.004491329193115, "prnt": false}
{"event": "training_step", "timestamp": 1768955112.9529457, "step": 827, "max_steps": 938, "loss": 6.03610897064209, "elapsed_time": 45.05373525619507, "prnt": false}
{"event": "training_step", "timestamp": 1768955113.0022361, "step": 828, "max_steps": 938, "loss": 6.015806674957275, "elapsed_time": 45.103007555007935, "prnt": false}
{"event": "training_step", "timestamp": 1768955113.0516322, "step": 829, "max_steps": 938, "loss": 5.991669654846191, "elapsed_time": 45.15257477760315, "prnt": false}
{"event": "training_step", "timestamp": 1768955113.101104, "step": 830, "max_steps": 938, "loss": 6.0236592292785645, "elapsed_time": 45.20234394073486, "prnt": false}
{"event": "training_step", "timestamp": 1768955113.1504822, "step": 831, "max_steps": 938, "loss": 5.957320690155029, "elapsed_time": 45.25174355506897, "prnt": false}
{"event": "training_step", "timestamp": 1768955113.1999638, "step": 832, "max_steps": 938, "loss": 6.015507698059082, "elapsed_time": 45.30101823806763, "prnt": false}
{"event": "training_step", "timestamp": 1768955113.249232, "step": 833, "max_steps": 938, "loss": 5.968843460083008, "elapsed_time": 45.350074768066406, "prnt": false}
{"event": "training_step", "timestamp": 1768955113.2985487, "step": 834, "max_steps": 938, "loss": 6.049491882324219, "elapsed_time": 45.39920425415039, "prnt": false}
{"event": "training_step", "timestamp": 1768955113.3478663, "step": 835, "max_steps": 938, "loss": 6.016177654266357, "elapsed_time": 45.44852662086487, "prnt": false}
{"event": "training_step", "timestamp": 1768955113.3971524, "step": 836, "max_steps": 938, "loss": 6.031732559204102, "elapsed_time": 45.497896909713745, "prnt": false}
{"event": "validation_step", "timestamp": 1768955113.6315527, "step": 836, "max_steps": 938, "loss": 1.3261498377755612, "elapsed_time": 45.497896909713745}
{"event": "training_step", "timestamp": 1768955113.6811416, "step": 837, "max_steps": 938, "loss": 6.02589225769043, "elapsed_time": 45.78226852416992, "prnt": false}
{"event": "training_step", "timestamp": 1768955113.7306592, "step": 838, "max_steps": 938, "loss": 5.980370998382568, "elapsed_time": 45.833534240722656, "prnt": false}
{"event": "training_step", "timestamp": 1768955113.7802162, "step": 839, "max_steps": 938, "loss": 5.972063064575195, "elapsed_time": 45.883368492126465, "prnt": false}
{"event": "training_step", "timestamp": 1768955113.8296967, "step": 840, "max_steps": 938, "loss": 6.061142921447754, "elapsed_time": 45.9308922290802, "prnt": false}
{"event": "training_step", "timestamp": 1768955113.8791838, "step": 841, "max_steps": 938, "loss": 6.011868953704834, "elapsed_time": 45.98018288612366, "prnt": false}
{"event": "training_step", "timestamp": 1768955113.9284542, "step": 842, "max_steps": 938, "loss": 6.064294815063477, "elapsed_time": 46.02920913696289, "prnt": false}
{"event": "training_step", "timestamp": 1768955113.9778278, "step": 843, "max_steps": 938, "loss": 6.046082496643066, "elapsed_time": 46.07878398895264, "prnt": false}
{"event": "training_step", "timestamp": 1768955114.02729, "step": 844, "max_steps": 938, "loss": 5.9919610023498535, "elapsed_time": 46.12817406654358, "prnt": false}
{"event": "training_step", "timestamp": 1768955114.0766535, "step": 845, "max_steps": 938, "loss": 6.064489841461182, "elapsed_time": 46.17753505706787, "prnt": false}
{"event": "training_step", "timestamp": 1768955114.126014, "step": 846, "max_steps": 938, "loss": 5.9598798751831055, "elapsed_time": 46.226799964904785, "prnt": false}
{"event": "training_step", "timestamp": 1768955114.1754444, "step": 847, "max_steps": 938, "loss": 6.025785446166992, "elapsed_time": 46.27626013755798, "prnt": false}
{"event": "training_step", "timestamp": 1768955114.224797, "step": 848, "max_steps": 938, "loss": 5.9766058921813965, "elapsed_time": 46.32577896118164, "prnt": false}
{"event": "training_step", "timestamp": 1768955114.274122, "step": 849, "max_steps": 938, "loss": 6.010346412658691, "elapsed_time": 46.37514352798462, "prnt": false}
{"event": "training_step", "timestamp": 1768955114.3234901, "step": 850, "max_steps": 938, "loss": 5.970641613006592, "elapsed_time": 46.42422127723694, "prnt": false}
{"event": "training_step", "timestamp": 1768955114.372771, "step": 851, "max_steps": 938, "loss": 6.0150275230407715, "elapsed_time": 46.47343397140503, "prnt": false}
{"event": "training_step", "timestamp": 1768955114.4220712, "step": 852, "max_steps": 938, "loss": 6.0428667068481445, "elapsed_time": 46.52263379096985, "prnt": false}
{"event": "training_step", "timestamp": 1768955114.4713812, "step": 853, "max_steps": 938, "loss": 5.981825351715088, "elapsed_time": 46.57191824913025, "prnt": false}
{"event": "training_step", "timestamp": 1768955114.520745, "step": 854, "max_steps": 938, "loss": 6.07705545425415, "elapsed_time": 46.62115693092346, "prnt": false}
{"event": "training_step", "timestamp": 1768955114.5700653, "step": 855, "max_steps": 938, "loss": 6.079385280609131, "elapsed_time": 46.6707398891449, "prnt": false}
{"event": "training_step", "timestamp": 1768955114.6195438, "step": 856, "max_steps": 938, "loss": 5.98546028137207, "elapsed_time": 46.72058987617493, "prnt": false}
{"event": "training_step", "timestamp": 1768955114.6688058, "step": 857, "max_steps": 938, "loss": 6.020898818969727, "elapsed_time": 46.769432067871094, "prnt": false}
{"event": "training_step", "timestamp": 1768955114.7182028, "step": 858, "max_steps": 938, "loss": 6.010666370391846, "elapsed_time": 46.81896424293518, "prnt": false}
{"event": "training_step", "timestamp": 1768955114.767713, "step": 859, "max_steps": 938, "loss": 6.016885757446289, "elapsed_time": 46.86881995201111, "prnt": false}
{"event": "training_step", "timestamp": 1768955114.8171275, "step": 860, "max_steps": 938, "loss": 6.003433704376221, "elapsed_time": 46.91817021369934, "prnt": false}
{"event": "training_step", "timestamp": 1768955114.8664896, "step": 861, "max_steps": 938, "loss": 5.995312213897705, "elapsed_time": 46.96747279167175, "prnt": false}
{"event": "training_step", "timestamp": 1768955114.9158878, "step": 862, "max_steps": 938, "loss": 5.986623287200928, "elapsed_time": 47.016422748565674, "prnt": false}
{"event": "training_step", "timestamp": 1768955114.9651623, "step": 863, "max_steps": 938, "loss": 5.981941223144531, "elapsed_time": 47.065720081329346, "prnt": false}
{"event": "training_step", "timestamp": 1768955115.014433, "step": 864, "max_steps": 938, "loss": 6.0661211013793945, "elapsed_time": 47.114935874938965, "prnt": false}
{"event": "training_step", "timestamp": 1768955115.0638316, "step": 865, "max_steps": 938, "loss": 6.057717323303223, "elapsed_time": 47.16433811187744, "prnt": false}
{"event": "training_step", "timestamp": 1768955115.1131117, "step": 866, "max_steps": 938, "loss": 6.099244594573975, "elapsed_time": 47.21361303329468, "prnt": false}
{"event": "training_step", "timestamp": 1768955115.162417, "step": 867, "max_steps": 938, "loss": 6.079551696777344, "elapsed_time": 47.2629017829895, "prnt": false}
{"event": "training_step", "timestamp": 1768955115.2120535, "step": 868, "max_steps": 938, "loss": 6.01859188079834, "elapsed_time": 47.31346678733826, "prnt": false}
{"event": "training_step", "timestamp": 1768955115.261501, "step": 869, "max_steps": 938, "loss": 6.0298285484313965, "elapsed_time": 47.36283302307129, "prnt": false}
{"event": "training_step", "timestamp": 1768955115.3109267, "step": 870, "max_steps": 938, "loss": 5.971843719482422, "elapsed_time": 47.41229844093323, "prnt": false}
{"event": "training_step", "timestamp": 1768955115.3604765, "step": 871, "max_steps": 938, "loss": 6.022459506988525, "elapsed_time": 47.46182417869568, "prnt": false}
{"event": "training_step", "timestamp": 1768955115.409926, "step": 872, "max_steps": 938, "loss": 5.955082893371582, "elapsed_time": 47.5112087726593, "prnt": false}
{"event": "training_step", "timestamp": 1768955115.4594862, "step": 873, "max_steps": 938, "loss": 6.050570487976074, "elapsed_time": 47.560821771621704, "prnt": false}
{"event": "training_step", "timestamp": 1768955115.5090156, "step": 874, "max_steps": 938, "loss": 6.0146870613098145, "elapsed_time": 47.61056566238403, "prnt": false}
{"event": "training_step", "timestamp": 1768955115.5584826, "step": 875, "max_steps": 938, "loss": 6.028934955596924, "elapsed_time": 47.65966558456421, "prnt": false}
{"event": "training_step", "timestamp": 1768955115.6079223, "step": 876, "max_steps": 938, "loss": 6.013545513153076, "elapsed_time": 47.70928359031677, "prnt": false}
{"event": "training_step", "timestamp": 1768955115.6575434, "step": 877, "max_steps": 938, "loss": 5.936007022857666, "elapsed_time": 47.758864641189575, "prnt": false}
{"event": "training_step", "timestamp": 1768955115.7070243, "step": 878, "max_steps": 938, "loss": 6.004478931427002, "elapsed_time": 47.80816984176636, "prnt": false}
{"event": "training_step", "timestamp": 1768955115.7565014, "step": 879, "max_steps": 938, "loss": 6.083571910858154, "elapsed_time": 47.858612060546875, "prnt": false}
{"event": "training_step", "timestamp": 1768955115.8060927, "step": 880, "max_steps": 938, "loss": 6.024580955505371, "elapsed_time": 47.90751051902771, "prnt": false}
{"event": "validation_step", "timestamp": 1768955116.0404787, "step": 880, "max_steps": 938, "loss": 1.3252346741027736, "elapsed_time": 47.90751051902771}
{"event": "training_step", "timestamp": 1768955116.089951, "step": 881, "max_steps": 938, "loss": 6.010230541229248, "elapsed_time": 48.19054818153381, "prnt": false}
{"event": "training_step", "timestamp": 1768955116.1393828, "step": 882, "max_steps": 938, "loss": 6.019028186798096, "elapsed_time": 48.23971223831177, "prnt": false}
{"event": "training_step", "timestamp": 1768955116.18873, "step": 883, "max_steps": 938, "loss": 6.05726432800293, "elapsed_time": 48.28932857513428, "prnt": false}
{"event": "training_step", "timestamp": 1768955116.23801, "step": 884, "max_steps": 938, "loss": 6.002157688140869, "elapsed_time": 48.338552951812744, "prnt": false}
{"event": "training_step", "timestamp": 1768955116.2872763, "step": 885, "max_steps": 938, "loss": 6.022186279296875, "elapsed_time": 48.38785457611084, "prnt": false}
{"event": "training_step", "timestamp": 1768955116.3366594, "step": 886, "max_steps": 938, "loss": 5.962918758392334, "elapsed_time": 48.437127113342285, "prnt": false}
{"event": "training_step", "timestamp": 1768955116.3859057, "step": 887, "max_steps": 938, "loss": 6.047560214996338, "elapsed_time": 48.48643898963928, "prnt": false}
{"event": "training_step", "timestamp": 1768955116.4352133, "step": 888, "max_steps": 938, "loss": 6.005956649780273, "elapsed_time": 48.53576946258545, "prnt": false}
{"event": "training_step", "timestamp": 1768955116.4845815, "step": 889, "max_steps": 938, "loss": 6.015802383422852, "elapsed_time": 48.58504509925842, "prnt": false}
{"event": "training_step", "timestamp": 1768955116.5339413, "step": 890, "max_steps": 938, "loss": 6.040609359741211, "elapsed_time": 48.63457417488098, "prnt": false}
{"event": "training_step", "timestamp": 1768955116.583244, "step": 891, "max_steps": 938, "loss": 6.022280693054199, "elapsed_time": 48.683735609054565, "prnt": false}
{"event": "training_step", "timestamp": 1768955116.6326272, "step": 892, "max_steps": 938, "loss": 5.985565185546875, "elapsed_time": 48.733116149902344, "prnt": false}
{"event": "training_step", "timestamp": 1768955116.6818845, "step": 893, "max_steps": 938, "loss": 5.972867965698242, "elapsed_time": 48.78246712684631, "prnt": false}
{"event": "training_step", "timestamp": 1768955116.7311916, "step": 894, "max_steps": 938, "loss": 6.028478145599365, "elapsed_time": 48.8316924571991, "prnt": false}
{"event": "training_step", "timestamp": 1768955116.7805362, "step": 895, "max_steps": 938, "loss": 5.979095458984375, "elapsed_time": 48.881016969680786, "prnt": false}
{"event": "training_step", "timestamp": 1768955116.829835, "step": 896, "max_steps": 938, "loss": 5.981165409088135, "elapsed_time": 48.93037271499634, "prnt": false}
{"event": "training_step", "timestamp": 1768955116.8791122, "step": 897, "max_steps": 938, "loss": 5.9852986335754395, "elapsed_time": 48.97961068153381, "prnt": false}
{"event": "training_step", "timestamp": 1768955116.928524, "step": 898, "max_steps": 938, "loss": 6.024831771850586, "elapsed_time": 49.02892279624939, "prnt": false}
{"event": "training_step", "timestamp": 1768955116.9777992, "step": 899, "max_steps": 938, "loss": 5.967651844024658, "elapsed_time": 49.07827568054199, "prnt": false}
{"event": "training_step", "timestamp": 1768955117.0270956, "step": 900, "max_steps": 938, "loss": 6.112734794616699, "elapsed_time": 49.12771821022034, "prnt": false}
{"event": "training_step", "timestamp": 1768955117.076504, "step": 901, "max_steps": 938, "loss": 6.035741329193115, "elapsed_time": 49.17714309692383, "prnt": false}
{"event": "training_step", "timestamp": 1768955117.1258278, "step": 902, "max_steps": 938, "loss": 5.991562843322754, "elapsed_time": 49.226314544677734, "prnt": false}
{"event": "training_step", "timestamp": 1768955117.1750998, "step": 903, "max_steps": 938, "loss": 6.062288284301758, "elapsed_time": 49.27559280395508, "prnt": false}
{"event": "training_step", "timestamp": 1768955117.2244937, "step": 904, "max_steps": 938, "loss": 6.030557632446289, "elapsed_time": 49.32495307922363, "prnt": false}
{"event": "training_step", "timestamp": 1768955117.27384, "step": 905, "max_steps": 938, "loss": 6.020514488220215, "elapsed_time": 49.37422299385071, "prnt": false}
{"event": "training_step", "timestamp": 1768955117.323122, "step": 906, "max_steps": 938, "loss": 6.006714344024658, "elapsed_time": 49.4236581325531, "prnt": false}
{"event": "training_step", "timestamp": 1768955117.3725233, "step": 907, "max_steps": 938, "loss": 6.06280517578125, "elapsed_time": 49.47300124168396, "prnt": false}
{"event": "training_step", "timestamp": 1768955117.4218295, "step": 908, "max_steps": 938, "loss": 5.997910976409912, "elapsed_time": 49.522443771362305, "prnt": false}
{"event": "training_step", "timestamp": 1768955117.4711547, "step": 909, "max_steps": 938, "loss": 5.998744487762451, "elapsed_time": 49.57170534133911, "prnt": false}
{"event": "training_step", "timestamp": 1768955117.5205472, "step": 910, "max_steps": 938, "loss": 6.014249324798584, "elapsed_time": 49.620975971221924, "prnt": false}
{"event": "training_step", "timestamp": 1768955117.5698168, "step": 911, "max_steps": 938, "loss": 6.03412389755249, "elapsed_time": 49.670302391052246, "prnt": false}
{"event": "training_step", "timestamp": 1768955117.6191573, "step": 912, "max_steps": 938, "loss": 5.998392105102539, "elapsed_time": 49.7196626663208, "prnt": false}
{"event": "training_step", "timestamp": 1768955117.668512, "step": 913, "max_steps": 938, "loss": 6.039796352386475, "elapsed_time": 49.76893448829651, "prnt": false}
{"event": "training_step", "timestamp": 1768955117.717798, "step": 914, "max_steps": 938, "loss": 6.0205817222595215, "elapsed_time": 49.818355321884155, "prnt": false}
{"event": "training_step", "timestamp": 1768955117.7670746, "step": 915, "max_steps": 938, "loss": 6.016517162322998, "elapsed_time": 49.86754751205444, "prnt": false}
{"event": "training_step", "timestamp": 1768955117.8164787, "step": 916, "max_steps": 938, "loss": 6.000271320343018, "elapsed_time": 49.91692662239075, "prnt": false}
{"event": "training_step", "timestamp": 1768955117.8657835, "step": 917, "max_steps": 938, "loss": 5.916659832000732, "elapsed_time": 49.966222286224365, "prnt": false}
{"event": "training_step", "timestamp": 1768955117.9150794, "step": 918, "max_steps": 938, "loss": 6.074615955352783, "elapsed_time": 50.015499114990234, "prnt": false}
{"event": "training_step", "timestamp": 1768955117.9644744, "step": 919, "max_steps": 938, "loss": 6.053139686584473, "elapsed_time": 50.064910650253296, "prnt": false}
{"event": "training_step", "timestamp": 1768955118.0137575, "step": 920, "max_steps": 938, "loss": 5.991229057312012, "elapsed_time": 50.114230155944824, "prnt": false}
{"event": "training_step", "timestamp": 1768955118.063052, "step": 921, "max_steps": 938, "loss": 6.016794681549072, "elapsed_time": 50.16350531578064, "prnt": false}
{"event": "training_step", "timestamp": 1768955118.1124277, "step": 922, "max_steps": 938, "loss": 6.045221328735352, "elapsed_time": 50.21282982826233, "prnt": false}
{"event": "training_step", "timestamp": 1768955118.1617594, "step": 923, "max_steps": 938, "loss": 5.989833354949951, "elapsed_time": 50.262195110321045, "prnt": false}
{"event": "training_step", "timestamp": 1768955118.2110944, "step": 924, "max_steps": 938, "loss": 6.0430426597595215, "elapsed_time": 50.3115918636322, "prnt": false}
{"event": "validation_step", "timestamp": 1768955118.4458413, "step": 924, "max_steps": 938, "loss": 1.3251071965592107, "elapsed_time": 50.3115918636322}
{"event": "training_step", "timestamp": 1768955118.495405, "step": 925, "max_steps": 938, "loss": 6.00112247467041, "elapsed_time": 50.596235513687134, "prnt": false}
{"event": "training_step", "timestamp": 1768955118.544697, "step": 926, "max_steps": 938, "loss": 5.989990711212158, "elapsed_time": 50.64524269104004, "prnt": false}
{"event": "training_step", "timestamp": 1768955118.5939975, "step": 927, "max_steps": 938, "loss": 5.937826633453369, "elapsed_time": 50.69446587562561, "prnt": false}
{"event": "training_step", "timestamp": 1768955118.6434321, "step": 928, "max_steps": 938, "loss": 6.037997722625732, "elapsed_time": 50.74392247200012, "prnt": false}
{"event": "training_step", "timestamp": 1768955118.692775, "step": 929, "max_steps": 938, "loss": 6.012937545776367, "elapsed_time": 50.79338049888611, "prnt": false}
{"event": "training_step", "timestamp": 1768955118.7420967, "step": 930, "max_steps": 938, "loss": 6.00740909576416, "elapsed_time": 50.84272503852844, "prnt": false}
{"event": "training_step", "timestamp": 1768955118.791493, "step": 931, "max_steps": 938, "loss": 6.060466289520264, "elapsed_time": 50.89194917678833, "prnt": false}
{"event": "training_step", "timestamp": 1768955118.8407876, "step": 932, "max_steps": 938, "loss": 6.015619277954102, "elapsed_time": 50.94122552871704, "prnt": false}
{"event": "training_step", "timestamp": 1768955118.8901374, "step": 933, "max_steps": 938, "loss": 6.042606353759766, "elapsed_time": 50.99060416221619, "prnt": false}
{"event": "training_step", "timestamp": 1768955118.9395843, "step": 934, "max_steps": 938, "loss": 6.079250812530518, "elapsed_time": 51.040045738220215, "prnt": false}
{"event": "training_step", "timestamp": 1768955118.9888995, "step": 935, "max_steps": 938, "loss": 5.976844310760498, "elapsed_time": 51.08945870399475, "prnt": false}
{"event": "training_step", "timestamp": 1768955119.0383723, "step": 936, "max_steps": 938, "loss": 6.033746242523193, "elapsed_time": 51.139341831207275, "prnt": false}
{"event": "training_step", "timestamp": 1768955119.0877776, "step": 937, "max_steps": 938, "loss": 5.993213176727295, "elapsed_time": 51.188339710235596, "prnt": false}
{"event": "training_step", "timestamp": 1768955119.1370945, "step": 938, "max_steps": 938, "loss": 6.015556335449219, "elapsed_time": 51.237491607666016, "prnt": false}
{"event": "validation_step", "timestamp": 1768955119.3716943, "step": 938, "max_steps": 938, "loss": 1.3251035493216665, "elapsed_time": 51.237491607666016}
