{"event": "hyperparameters_configured", "timestamp": 1769152131.2946837, "block_size": 64, "batch_size": 128, "vocab_size": 16000, "n_layer": 8, "n_head": 9, "d_model": 576, "dropout": 0, "lr": 0.0003, "weight_decay": 0.1, "evals_per_epoch": 3, "epochs": 7, "seed": 1337, "num_titles": 100000, "val_frac": 0.1, "log_file": "./logs/mainrun.log"}
{"event": "device_info", "timestamp": 1769152131.3123596, "device": "cuda"}
{"event": "dataset_info", "timestamp": 1769152142.2667713, "titles_count": 90000, "epochs": 7, "batches_per_epoch": 134, "tokens_per_epoch": 1102455, "vocab_size": 16000}
{"event": "model_info", "timestamp": 1769152142.6488237, "parameters_count": 41164416}
{"event": "training_step", "timestamp": 1769152143.2584167, "step": 1, "max_steps": 938, "loss": 9.772163391113281, "elapsed_time": 0.18343305587768555, "prnt": false}
{"event": "validation_step", "timestamp": 1769152143.5895839, "step": 1, "max_steps": 938, "loss": 2.102559294415092, "elapsed_time": 0.18343305587768555}
{"event": "training_step", "timestamp": 1769152143.6653101, "step": 2, "max_steps": 938, "loss": 9.78169059753418, "elapsed_time": 0.5228235721588135, "prnt": false}
{"event": "training_step", "timestamp": 1769152143.7408302, "step": 3, "max_steps": 938, "loss": 9.657980918884277, "elapsed_time": 0.598355770111084, "prnt": false}
{"event": "training_step", "timestamp": 1769152143.8164506, "step": 4, "max_steps": 938, "loss": 9.440865516662598, "elapsed_time": 0.6733736991882324, "prnt": false}
{"event": "training_step", "timestamp": 1769152143.8921244, "step": 5, "max_steps": 938, "loss": 9.23897647857666, "elapsed_time": 0.7486987113952637, "prnt": false}
{"event": "training_step", "timestamp": 1769152143.967725, "step": 6, "max_steps": 938, "loss": 9.109109878540039, "elapsed_time": 0.8245885372161865, "prnt": false}
{"event": "training_step", "timestamp": 1769152144.0432928, "step": 7, "max_steps": 938, "loss": 8.999380111694336, "elapsed_time": 0.9000051021575928, "prnt": false}
{"event": "training_step", "timestamp": 1769152144.1188583, "step": 8, "max_steps": 938, "loss": 8.942334175109863, "elapsed_time": 0.9757568836212158, "prnt": false}
{"event": "training_step", "timestamp": 1769152144.1944509, "step": 9, "max_steps": 938, "loss": 8.895408630371094, "elapsed_time": 1.0510284900665283, "prnt": false}
{"event": "training_step", "timestamp": 1769152144.2700748, "step": 10, "max_steps": 938, "loss": 8.83983039855957, "elapsed_time": 1.1267554759979248, "prnt": false}
{"event": "training_step", "timestamp": 1769152144.3453426, "step": 11, "max_steps": 938, "loss": 8.798356056213379, "elapsed_time": 1.2021739482879639, "prnt": false}
{"event": "training_step", "timestamp": 1769152144.4207954, "step": 12, "max_steps": 938, "loss": 8.777117729187012, "elapsed_time": 1.2777459621429443, "prnt": false}
{"event": "training_step", "timestamp": 1769152144.4961004, "step": 13, "max_steps": 938, "loss": 8.768898963928223, "elapsed_time": 1.3532676696777344, "prnt": false}
{"event": "training_step", "timestamp": 1769152144.5717597, "step": 14, "max_steps": 938, "loss": 8.72968864440918, "elapsed_time": 1.4288055896759033, "prnt": false}
{"event": "training_step", "timestamp": 1769152144.6471922, "step": 15, "max_steps": 938, "loss": 8.658781051635742, "elapsed_time": 1.5039949417114258, "prnt": false}
{"event": "training_step", "timestamp": 1769152144.722678, "step": 16, "max_steps": 938, "loss": 8.631505966186523, "elapsed_time": 1.57967209815979, "prnt": false}
{"event": "training_step", "timestamp": 1769152144.7979963, "step": 17, "max_steps": 938, "loss": 8.590325355529785, "elapsed_time": 1.6550064086914062, "prnt": false}
{"event": "training_step", "timestamp": 1769152144.8734856, "step": 18, "max_steps": 938, "loss": 8.523188591003418, "elapsed_time": 1.7303969860076904, "prnt": false}
{"event": "training_step", "timestamp": 1769152144.9489343, "step": 19, "max_steps": 938, "loss": 8.440530776977539, "elapsed_time": 1.805790662765503, "prnt": false}
{"event": "training_step", "timestamp": 1769152145.024485, "step": 20, "max_steps": 938, "loss": 8.386953353881836, "elapsed_time": 1.8817675113677979, "prnt": false}
{"event": "training_step", "timestamp": 1769152145.1000197, "step": 21, "max_steps": 938, "loss": 8.369617462158203, "elapsed_time": 1.957320213317871, "prnt": false}
{"event": "training_step", "timestamp": 1769152145.1755335, "step": 22, "max_steps": 938, "loss": 8.288887023925781, "elapsed_time": 2.0325372219085693, "prnt": false}
{"event": "training_step", "timestamp": 1769152145.2512357, "step": 23, "max_steps": 938, "loss": 8.185975074768066, "elapsed_time": 2.1078555583953857, "prnt": false}
{"event": "training_step", "timestamp": 1769152145.3269355, "step": 24, "max_steps": 938, "loss": 8.18177604675293, "elapsed_time": 2.1838138103485107, "prnt": false}
{"event": "training_step", "timestamp": 1769152145.40231, "step": 25, "max_steps": 938, "loss": 8.080129623413086, "elapsed_time": 2.25921630859375, "prnt": false}
{"event": "training_step", "timestamp": 1769152145.477829, "step": 26, "max_steps": 938, "loss": 8.010787963867188, "elapsed_time": 2.3347885608673096, "prnt": false}
{"event": "training_step", "timestamp": 1769152145.553217, "step": 27, "max_steps": 938, "loss": 7.952947616577148, "elapsed_time": 2.410142183303833, "prnt": false}
{"event": "training_step", "timestamp": 1769152145.6287587, "step": 28, "max_steps": 938, "loss": 7.965633869171143, "elapsed_time": 2.4856202602386475, "prnt": false}
{"event": "training_step", "timestamp": 1769152145.7041204, "step": 29, "max_steps": 938, "loss": 7.883198261260986, "elapsed_time": 2.5611062049865723, "prnt": false}
{"event": "training_step", "timestamp": 1769152145.779579, "step": 30, "max_steps": 938, "loss": 7.8072943687438965, "elapsed_time": 2.6364858150482178, "prnt": false}
{"event": "training_step", "timestamp": 1769152145.854976, "step": 31, "max_steps": 938, "loss": 7.806823253631592, "elapsed_time": 2.7119140625, "prnt": false}
{"event": "training_step", "timestamp": 1769152145.9307299, "step": 32, "max_steps": 938, "loss": 7.736308574676514, "elapsed_time": 2.7873687744140625, "prnt": false}
{"event": "training_step", "timestamp": 1769152146.006175, "step": 33, "max_steps": 938, "loss": 7.711647033691406, "elapsed_time": 2.8629090785980225, "prnt": false}
{"event": "training_step", "timestamp": 1769152146.081707, "step": 34, "max_steps": 938, "loss": 7.625283718109131, "elapsed_time": 2.938613176345825, "prnt": false}
{"event": "training_step", "timestamp": 1769152146.1570823, "step": 35, "max_steps": 938, "loss": 7.627305030822754, "elapsed_time": 3.014108657836914, "prnt": false}
{"event": "training_step", "timestamp": 1769152146.232574, "step": 36, "max_steps": 938, "loss": 7.59607458114624, "elapsed_time": 3.089385509490967, "prnt": false}
{"event": "training_step", "timestamp": 1769152146.3080964, "step": 37, "max_steps": 938, "loss": 7.484213352203369, "elapsed_time": 3.164771318435669, "prnt": false}
{"event": "training_step", "timestamp": 1769152146.3835516, "step": 38, "max_steps": 938, "loss": 7.518426895141602, "elapsed_time": 3.240345001220703, "prnt": false}
{"event": "training_step", "timestamp": 1769152146.458876, "step": 39, "max_steps": 938, "loss": 7.441646575927734, "elapsed_time": 3.315685272216797, "prnt": false}
{"event": "training_step", "timestamp": 1769152146.534257, "step": 40, "max_steps": 938, "loss": 7.419455051422119, "elapsed_time": 3.391476631164551, "prnt": false}
{"event": "training_step", "timestamp": 1769152146.6097627, "step": 41, "max_steps": 938, "loss": 7.489752769470215, "elapsed_time": 3.4663987159729004, "prnt": false}
{"event": "training_step", "timestamp": 1769152146.6851366, "step": 42, "max_steps": 938, "loss": 7.4419426918029785, "elapsed_time": 3.542017698287964, "prnt": false}
{"event": "training_step", "timestamp": 1769152146.7604847, "step": 43, "max_steps": 938, "loss": 7.4483795166015625, "elapsed_time": 3.6173131465911865, "prnt": false}
{"event": "training_step", "timestamp": 1769152146.8358023, "step": 44, "max_steps": 938, "loss": 7.387692451477051, "elapsed_time": 3.692841053009033, "prnt": false}
{"event": "validation_step", "timestamp": 1769152147.166929, "step": 44, "max_steps": 938, "loss": 1.5943446608426484, "elapsed_time": 3.692841053009033}
{"event": "training_step", "timestamp": 1769152147.2430549, "step": 45, "max_steps": 938, "loss": 7.439920902252197, "elapsed_time": 4.100055694580078, "prnt": false}
{"event": "training_step", "timestamp": 1769152147.3185627, "step": 46, "max_steps": 938, "loss": 7.411356449127197, "elapsed_time": 4.175387859344482, "prnt": false}
{"event": "training_step", "timestamp": 1769152147.3938537, "step": 47, "max_steps": 938, "loss": 7.408934116363525, "elapsed_time": 4.25076699256897, "prnt": false}
{"event": "training_step", "timestamp": 1769152147.469561, "step": 48, "max_steps": 938, "loss": 7.359216213226318, "elapsed_time": 4.326110363006592, "prnt": false}
{"event": "training_step", "timestamp": 1769152147.545009, "step": 49, "max_steps": 938, "loss": 7.379822254180908, "elapsed_time": 4.401795387268066, "prnt": false}
{"event": "training_step", "timestamp": 1769152147.6208699, "step": 50, "max_steps": 938, "loss": 7.364744186401367, "elapsed_time": 4.4774253368377686, "prnt": false}
{"event": "training_step", "timestamp": 1769152147.6962452, "step": 51, "max_steps": 938, "loss": 7.287813663482666, "elapsed_time": 4.553062438964844, "prnt": false}
{"event": "training_step", "timestamp": 1769152147.7721758, "step": 52, "max_steps": 938, "loss": 7.2786173820495605, "elapsed_time": 4.6296820640563965, "prnt": false}
{"event": "training_step", "timestamp": 1769152147.847922, "step": 53, "max_steps": 938, "loss": 7.3016862869262695, "elapsed_time": 4.705413579940796, "prnt": false}
{"event": "training_step", "timestamp": 1769152147.923697, "step": 54, "max_steps": 938, "loss": 7.309288024902344, "elapsed_time": 4.78117561340332, "prnt": false}
{"event": "training_step", "timestamp": 1769152147.999462, "step": 55, "max_steps": 938, "loss": 7.338002681732178, "elapsed_time": 4.85678505897522, "prnt": false}
{"event": "training_step", "timestamp": 1769152148.0751324, "step": 56, "max_steps": 938, "loss": 7.290115833282471, "elapsed_time": 4.9324963092803955, "prnt": false}
{"event": "training_step", "timestamp": 1769152148.1508687, "step": 57, "max_steps": 938, "loss": 7.2764177322387695, "elapsed_time": 5.007884740829468, "prnt": false}
{"event": "training_step", "timestamp": 1769152148.226763, "step": 58, "max_steps": 938, "loss": 7.204485893249512, "elapsed_time": 5.084314584732056, "prnt": false}
{"event": "training_step", "timestamp": 1769152148.3024356, "step": 59, "max_steps": 938, "loss": 7.3093695640563965, "elapsed_time": 5.1598734855651855, "prnt": false}
{"event": "training_step", "timestamp": 1769152148.3782074, "step": 60, "max_steps": 938, "loss": 7.296093463897705, "elapsed_time": 5.23560643196106, "prnt": false}
{"event": "training_step", "timestamp": 1769152148.454732, "step": 61, "max_steps": 938, "loss": 7.231165409088135, "elapsed_time": 5.315514087677002, "prnt": false}
{"event": "training_step", "timestamp": 1769152148.5315814, "step": 62, "max_steps": 938, "loss": 7.230477333068848, "elapsed_time": 5.391063451766968, "prnt": false}
{"event": "training_step", "timestamp": 1769152148.607327, "step": 63, "max_steps": 938, "loss": 7.161500930786133, "elapsed_time": 5.464807987213135, "prnt": false}
{"event": "training_step", "timestamp": 1769152148.683145, "step": 64, "max_steps": 938, "loss": 7.17853307723999, "elapsed_time": 5.540539026260376, "prnt": false}
{"event": "training_step", "timestamp": 1769152148.7587495, "step": 65, "max_steps": 938, "loss": 7.193918228149414, "elapsed_time": 5.615799188613892, "prnt": false}
{"event": "training_step", "timestamp": 1769152148.8344455, "step": 66, "max_steps": 938, "loss": 7.223621845245361, "elapsed_time": 5.691664218902588, "prnt": false}
{"event": "training_step", "timestamp": 1769152148.9104285, "step": 67, "max_steps": 938, "loss": 7.1524271965026855, "elapsed_time": 5.767695665359497, "prnt": false}
{"event": "training_step", "timestamp": 1769152148.9861023, "step": 68, "max_steps": 938, "loss": 7.206254959106445, "elapsed_time": 5.843273401260376, "prnt": false}
{"event": "training_step", "timestamp": 1769152149.0618799, "step": 69, "max_steps": 938, "loss": 7.1494598388671875, "elapsed_time": 5.919411659240723, "prnt": false}
{"event": "training_step", "timestamp": 1769152149.1377885, "step": 70, "max_steps": 938, "loss": 7.05988883972168, "elapsed_time": 5.995252370834351, "prnt": false}
{"event": "training_step", "timestamp": 1769152149.2133918, "step": 71, "max_steps": 938, "loss": 7.053396224975586, "elapsed_time": 6.070698499679565, "prnt": false}
{"event": "training_step", "timestamp": 1769152149.2896693, "step": 72, "max_steps": 938, "loss": 7.080480098724365, "elapsed_time": 6.146708011627197, "prnt": false}
{"event": "training_step", "timestamp": 1769152149.3655326, "step": 73, "max_steps": 938, "loss": 7.045879364013672, "elapsed_time": 6.223042726516724, "prnt": false}
{"event": "training_step", "timestamp": 1769152149.4414284, "step": 74, "max_steps": 938, "loss": 7.0265583992004395, "elapsed_time": 6.298914909362793, "prnt": false}
{"event": "training_step", "timestamp": 1769152149.5171397, "step": 75, "max_steps": 938, "loss": 7.0202202796936035, "elapsed_time": 6.374422073364258, "prnt": false}
{"event": "training_step", "timestamp": 1769152149.5928845, "step": 76, "max_steps": 938, "loss": 7.058267593383789, "elapsed_time": 6.450206518173218, "prnt": false}
{"event": "training_step", "timestamp": 1769152149.6688428, "step": 77, "max_steps": 938, "loss": 7.055513858795166, "elapsed_time": 6.525837659835815, "prnt": false}
{"event": "training_step", "timestamp": 1769152149.7449887, "step": 78, "max_steps": 938, "loss": 7.066591739654541, "elapsed_time": 6.602508544921875, "prnt": false}
{"event": "training_step", "timestamp": 1769152149.8208642, "step": 79, "max_steps": 938, "loss": 6.976683139801025, "elapsed_time": 6.678405284881592, "prnt": false}
{"event": "training_step", "timestamp": 1769152149.8968642, "step": 80, "max_steps": 938, "loss": 6.965228080749512, "elapsed_time": 6.754375457763672, "prnt": false}
{"event": "training_step", "timestamp": 1769152149.9724422, "step": 81, "max_steps": 938, "loss": 7.020671367645264, "elapsed_time": 6.829704284667969, "prnt": false}
{"event": "training_step", "timestamp": 1769152150.0485961, "step": 82, "max_steps": 938, "loss": 6.949465274810791, "elapsed_time": 6.905744791030884, "prnt": false}
{"event": "training_step", "timestamp": 1769152150.1246479, "step": 83, "max_steps": 938, "loss": 6.997504711151123, "elapsed_time": 6.981952667236328, "prnt": false}
{"event": "training_step", "timestamp": 1769152150.200564, "step": 84, "max_steps": 938, "loss": 6.892099857330322, "elapsed_time": 7.058229923248291, "prnt": false}
{"event": "training_step", "timestamp": 1769152150.2762544, "step": 85, "max_steps": 938, "loss": 7.0186333656311035, "elapsed_time": 7.133304595947266, "prnt": false}
{"event": "training_step", "timestamp": 1769152150.3519762, "step": 86, "max_steps": 938, "loss": 6.937079429626465, "elapsed_time": 7.209064722061157, "prnt": false}
{"event": "training_step", "timestamp": 1769152150.4279687, "step": 87, "max_steps": 938, "loss": 6.9182353019714355, "elapsed_time": 7.285151720046997, "prnt": false}
{"event": "training_step", "timestamp": 1769152150.5041997, "step": 88, "max_steps": 938, "loss": 6.905274391174316, "elapsed_time": 7.361595630645752, "prnt": false}
{"event": "validation_step", "timestamp": 1769152150.8370457, "step": 88, "max_steps": 938, "loss": 1.501933812218064, "elapsed_time": 7.361595630645752}
{"event": "training_step", "timestamp": 1769152150.913147, "step": 89, "max_steps": 938, "loss": 6.9036478996276855, "elapsed_time": 7.769874572753906, "prnt": false}
{"event": "training_step", "timestamp": 1769152150.9892404, "step": 90, "max_steps": 938, "loss": 6.933630466461182, "elapsed_time": 7.846263647079468, "prnt": false}
{"event": "training_step", "timestamp": 1769152151.0650713, "step": 91, "max_steps": 938, "loss": 6.8423309326171875, "elapsed_time": 7.922061920166016, "prnt": false}
{"event": "training_step", "timestamp": 1769152151.1410599, "step": 92, "max_steps": 938, "loss": 6.9235992431640625, "elapsed_time": 7.998148679733276, "prnt": false}
{"event": "training_step", "timestamp": 1769152151.216979, "step": 93, "max_steps": 938, "loss": 6.960140705108643, "elapsed_time": 8.073982000350952, "prnt": false}
{"event": "training_step", "timestamp": 1769152151.292728, "step": 94, "max_steps": 938, "loss": 6.954075813293457, "elapsed_time": 8.149797201156616, "prnt": false}
{"event": "training_step", "timestamp": 1769152151.3686087, "step": 95, "max_steps": 938, "loss": 6.900146007537842, "elapsed_time": 8.224822282791138, "prnt": false}
{"event": "training_step", "timestamp": 1769152151.4443834, "step": 96, "max_steps": 938, "loss": 6.878308296203613, "elapsed_time": 8.300854921340942, "prnt": false}
{"event": "training_step", "timestamp": 1769152151.5200088, "step": 97, "max_steps": 938, "loss": 6.809473514556885, "elapsed_time": 8.376400470733643, "prnt": false}
{"event": "training_step", "timestamp": 1769152151.595932, "step": 98, "max_steps": 938, "loss": 6.885988235473633, "elapsed_time": 8.453063488006592, "prnt": false}
{"event": "training_step", "timestamp": 1769152151.6716452, "step": 99, "max_steps": 938, "loss": 6.81482458114624, "elapsed_time": 8.528725147247314, "prnt": false}
{"event": "training_step", "timestamp": 1769152151.747837, "step": 100, "max_steps": 938, "loss": 6.793540000915527, "elapsed_time": 8.605015754699707, "prnt": false}
{"event": "training_step", "timestamp": 1769152151.823962, "step": 101, "max_steps": 938, "loss": 6.866480827331543, "elapsed_time": 8.680986404418945, "prnt": false}
{"event": "training_step", "timestamp": 1769152151.8997204, "step": 102, "max_steps": 938, "loss": 6.816590785980225, "elapsed_time": 8.756591796875, "prnt": false}
{"event": "training_step", "timestamp": 1769152151.9753063, "step": 103, "max_steps": 938, "loss": 6.82779598236084, "elapsed_time": 8.831851243972778, "prnt": false}
{"event": "training_step", "timestamp": 1769152152.0509171, "step": 104, "max_steps": 938, "loss": 6.762579917907715, "elapsed_time": 8.907371282577515, "prnt": false}
{"event": "training_step", "timestamp": 1769152152.1266706, "step": 105, "max_steps": 938, "loss": 6.753247261047363, "elapsed_time": 8.982954025268555, "prnt": false}
{"event": "training_step", "timestamp": 1769152152.2030675, "step": 106, "max_steps": 938, "loss": 6.800533294677734, "elapsed_time": 9.06000018119812, "prnt": false}
{"event": "training_step", "timestamp": 1769152152.2790534, "step": 107, "max_steps": 938, "loss": 6.7701416015625, "elapsed_time": 9.13597846031189, "prnt": false}
{"event": "training_step", "timestamp": 1769152152.3550894, "step": 108, "max_steps": 938, "loss": 6.783260345458984, "elapsed_time": 9.212674379348755, "prnt": false}
{"event": "training_step", "timestamp": 1769152152.4308944, "step": 109, "max_steps": 938, "loss": 6.734251976013184, "elapsed_time": 9.288298845291138, "prnt": false}
{"event": "training_step", "timestamp": 1769152152.5069954, "step": 110, "max_steps": 938, "loss": 6.725829124450684, "elapsed_time": 9.364174842834473, "prnt": false}
{"event": "training_step", "timestamp": 1769152152.5832057, "step": 111, "max_steps": 938, "loss": 6.835446834564209, "elapsed_time": 9.440412998199463, "prnt": false}
{"event": "training_step", "timestamp": 1769152152.6595268, "step": 112, "max_steps": 938, "loss": 6.764488697052002, "elapsed_time": 9.516808986663818, "prnt": false}
{"event": "training_step", "timestamp": 1769152152.735705, "step": 113, "max_steps": 938, "loss": 6.632411479949951, "elapsed_time": 9.593196630477905, "prnt": false}
{"event": "training_step", "timestamp": 1769152152.811689, "step": 114, "max_steps": 938, "loss": 6.741148948669434, "elapsed_time": 9.668922901153564, "prnt": false}
{"event": "training_step", "timestamp": 1769152152.8875394, "step": 115, "max_steps": 938, "loss": 6.762970924377441, "elapsed_time": 9.743749380111694, "prnt": false}
{"event": "training_step", "timestamp": 1769152152.963235, "step": 116, "max_steps": 938, "loss": 6.738192558288574, "elapsed_time": 9.819671630859375, "prnt": false}
{"event": "training_step", "timestamp": 1769152153.0388603, "step": 117, "max_steps": 938, "loss": 6.739185333251953, "elapsed_time": 9.89527940750122, "prnt": false}
{"event": "training_step", "timestamp": 1769152153.1145422, "step": 118, "max_steps": 938, "loss": 6.642454624176025, "elapsed_time": 9.971368312835693, "prnt": false}
{"event": "training_step", "timestamp": 1769152153.1902144, "step": 119, "max_steps": 938, "loss": 6.690977096557617, "elapsed_time": 10.046722888946533, "prnt": false}
{"event": "training_step", "timestamp": 1769152153.265923, "step": 120, "max_steps": 938, "loss": 6.713557720184326, "elapsed_time": 10.122318267822266, "prnt": false}
{"event": "training_step", "timestamp": 1769152153.3416245, "step": 121, "max_steps": 938, "loss": 6.725563049316406, "elapsed_time": 10.19793963432312, "prnt": false}
{"event": "training_step", "timestamp": 1769152153.4175112, "step": 122, "max_steps": 938, "loss": 6.701653480529785, "elapsed_time": 10.273986339569092, "prnt": false}
{"event": "training_step", "timestamp": 1769152153.4931152, "step": 123, "max_steps": 938, "loss": 6.663815498352051, "elapsed_time": 10.349566459655762, "prnt": false}
{"event": "training_step", "timestamp": 1769152153.5691562, "step": 124, "max_steps": 938, "loss": 6.622537136077881, "elapsed_time": 10.425191164016724, "prnt": false}
{"event": "training_step", "timestamp": 1769152153.6447961, "step": 125, "max_steps": 938, "loss": 6.683051586151123, "elapsed_time": 10.501213312149048, "prnt": false}
{"event": "training_step", "timestamp": 1769152153.7204862, "step": 126, "max_steps": 938, "loss": 6.6781182289123535, "elapsed_time": 10.576900482177734, "prnt": false}
{"event": "training_step", "timestamp": 1769152153.7961793, "step": 127, "max_steps": 938, "loss": 6.660298824310303, "elapsed_time": 10.652587175369263, "prnt": false}
{"event": "training_step", "timestamp": 1769152153.8718622, "step": 128, "max_steps": 938, "loss": 6.649740219116211, "elapsed_time": 10.728286266326904, "prnt": false}
{"event": "training_step", "timestamp": 1769152153.9477983, "step": 129, "max_steps": 938, "loss": 6.706786632537842, "elapsed_time": 10.803821325302124, "prnt": false}
{"event": "training_step", "timestamp": 1769152154.0235293, "step": 130, "max_steps": 938, "loss": 6.657906532287598, "elapsed_time": 10.879876852035522, "prnt": false}
{"event": "training_step", "timestamp": 1769152154.0991986, "step": 131, "max_steps": 938, "loss": 6.602902889251709, "elapsed_time": 10.955682516098022, "prnt": false}
{"event": "training_step", "timestamp": 1769152154.1750207, "step": 132, "max_steps": 938, "loss": 6.523406982421875, "elapsed_time": 11.03151535987854, "prnt": false}
{"event": "validation_step", "timestamp": 1769152154.5082774, "step": 132, "max_steps": 938, "loss": 1.4401654348866444, "elapsed_time": 11.03151535987854}
{"event": "training_step", "timestamp": 1769152154.5843918, "step": 133, "max_steps": 938, "loss": 6.621184825897217, "elapsed_time": 11.440926551818848, "prnt": false}
{"event": "training_step", "timestamp": 1769152154.6603897, "step": 134, "max_steps": 938, "loss": 6.541872501373291, "elapsed_time": 11.516552448272705, "prnt": false}
{"event": "training_step", "timestamp": 1769152154.7363029, "step": 135, "max_steps": 938, "loss": 6.606625556945801, "elapsed_time": 11.592664241790771, "prnt": false}
{"event": "training_step", "timestamp": 1769152154.8121066, "step": 136, "max_steps": 938, "loss": 6.6220574378967285, "elapsed_time": 11.668341636657715, "prnt": false}
{"event": "training_step", "timestamp": 1769152154.887938, "step": 137, "max_steps": 938, "loss": 6.62192440032959, "elapsed_time": 11.74432897567749, "prnt": false}
{"event": "training_step", "timestamp": 1769152154.9636288, "step": 138, "max_steps": 938, "loss": 6.59440803527832, "elapsed_time": 11.81989073753357, "prnt": false}
{"event": "training_step", "timestamp": 1769152155.0394552, "step": 139, "max_steps": 938, "loss": 6.557170391082764, "elapsed_time": 11.896094799041748, "prnt": false}
{"event": "training_step", "timestamp": 1769152155.115186, "step": 140, "max_steps": 938, "loss": 6.563314437866211, "elapsed_time": 11.97144365310669, "prnt": false}
{"event": "training_step", "timestamp": 1769152155.191085, "step": 141, "max_steps": 938, "loss": 6.548186779022217, "elapsed_time": 12.048095226287842, "prnt": false}
{"event": "training_step", "timestamp": 1769152155.267008, "step": 142, "max_steps": 938, "loss": 6.521553039550781, "elapsed_time": 12.123175144195557, "prnt": false}
{"event": "training_step", "timestamp": 1769152155.342794, "step": 143, "max_steps": 938, "loss": 6.629645347595215, "elapsed_time": 12.19911527633667, "prnt": false}
{"event": "training_step", "timestamp": 1769152155.4185238, "step": 144, "max_steps": 938, "loss": 6.599314212799072, "elapsed_time": 12.274794816970825, "prnt": false}
{"event": "training_step", "timestamp": 1769152155.494349, "step": 145, "max_steps": 938, "loss": 6.588005065917969, "elapsed_time": 12.350624561309814, "prnt": false}
{"event": "training_step", "timestamp": 1769152155.5699809, "step": 146, "max_steps": 938, "loss": 6.522973537445068, "elapsed_time": 12.426369428634644, "prnt": false}
{"event": "training_step", "timestamp": 1769152155.6458836, "step": 147, "max_steps": 938, "loss": 6.578564643859863, "elapsed_time": 12.502193927764893, "prnt": false}
{"event": "training_step", "timestamp": 1769152155.7216167, "step": 148, "max_steps": 938, "loss": 6.551295280456543, "elapsed_time": 12.577895164489746, "prnt": false}
{"event": "training_step", "timestamp": 1769152155.797474, "step": 149, "max_steps": 938, "loss": 6.508586883544922, "elapsed_time": 12.653711795806885, "prnt": false}
{"event": "training_step", "timestamp": 1769152155.8730764, "step": 150, "max_steps": 938, "loss": 6.529883861541748, "elapsed_time": 12.729469060897827, "prnt": false}
{"event": "training_step", "timestamp": 1769152155.9489698, "step": 151, "max_steps": 938, "loss": 6.550935745239258, "elapsed_time": 12.805128335952759, "prnt": false}
{"event": "training_step", "timestamp": 1769152156.024823, "step": 152, "max_steps": 938, "loss": 6.497169494628906, "elapsed_time": 12.88119125366211, "prnt": false}
{"event": "training_step", "timestamp": 1769152156.1007357, "step": 153, "max_steps": 938, "loss": 6.524501800537109, "elapsed_time": 12.957286596298218, "prnt": false}
{"event": "training_step", "timestamp": 1769152156.176609, "step": 154, "max_steps": 938, "loss": 6.534243106842041, "elapsed_time": 13.032796621322632, "prnt": false}
{"event": "training_step", "timestamp": 1769152156.2523627, "step": 155, "max_steps": 938, "loss": 6.507069110870361, "elapsed_time": 13.108784437179565, "prnt": false}
{"event": "training_step", "timestamp": 1769152156.328371, "step": 156, "max_steps": 938, "loss": 6.4535813331604, "elapsed_time": 13.184391498565674, "prnt": false}
{"event": "training_step", "timestamp": 1769152156.404204, "step": 157, "max_steps": 938, "loss": 6.503754138946533, "elapsed_time": 13.260456085205078, "prnt": false}
{"event": "training_step", "timestamp": 1769152156.4799428, "step": 158, "max_steps": 938, "loss": 6.506012916564941, "elapsed_time": 13.33621883392334, "prnt": false}
{"event": "training_step", "timestamp": 1769152156.5558553, "step": 159, "max_steps": 938, "loss": 6.515812397003174, "elapsed_time": 13.412102937698364, "prnt": false}
{"event": "training_step", "timestamp": 1769152156.631575, "step": 160, "max_steps": 938, "loss": 6.475024700164795, "elapsed_time": 13.487928628921509, "prnt": false}
{"event": "training_step", "timestamp": 1769152156.7076778, "step": 161, "max_steps": 938, "loss": 6.434176921844482, "elapsed_time": 13.563697099685669, "prnt": false}
{"event": "training_step", "timestamp": 1769152156.7834146, "step": 162, "max_steps": 938, "loss": 6.4835309982299805, "elapsed_time": 13.639681339263916, "prnt": false}
{"event": "training_step", "timestamp": 1769152156.859214, "step": 163, "max_steps": 938, "loss": 6.409331798553467, "elapsed_time": 13.715523719787598, "prnt": false}
{"event": "training_step", "timestamp": 1769152156.9351032, "step": 164, "max_steps": 938, "loss": 6.4381422996521, "elapsed_time": 13.791242122650146, "prnt": false}
{"event": "training_step", "timestamp": 1769152157.010827, "step": 165, "max_steps": 938, "loss": 6.4167327880859375, "elapsed_time": 13.867207288742065, "prnt": false}
{"event": "training_step", "timestamp": 1769152157.0872262, "step": 166, "max_steps": 938, "loss": 6.455742835998535, "elapsed_time": 13.942945003509521, "prnt": false}
{"event": "training_step", "timestamp": 1769152157.163478, "step": 167, "max_steps": 938, "loss": 6.444005489349365, "elapsed_time": 14.0201735496521, "prnt": false}
{"event": "training_step", "timestamp": 1769152157.2393165, "step": 168, "max_steps": 938, "loss": 6.479763031005859, "elapsed_time": 14.095751523971558, "prnt": false}
{"event": "training_step", "timestamp": 1769152157.3152819, "step": 169, "max_steps": 938, "loss": 6.424727916717529, "elapsed_time": 14.171504974365234, "prnt": false}
{"event": "training_step", "timestamp": 1769152157.3910346, "step": 170, "max_steps": 938, "loss": 6.4681830406188965, "elapsed_time": 14.247277021408081, "prnt": false}
{"event": "training_step", "timestamp": 1769152157.467188, "step": 171, "max_steps": 938, "loss": 6.5081706047058105, "elapsed_time": 14.323159456253052, "prnt": false}
{"event": "training_step", "timestamp": 1769152157.5433457, "step": 172, "max_steps": 938, "loss": 6.44512939453125, "elapsed_time": 14.399186134338379, "prnt": false}
{"event": "training_step", "timestamp": 1769152157.619329, "step": 173, "max_steps": 938, "loss": 6.444873332977295, "elapsed_time": 14.475496292114258, "prnt": false}
{"event": "training_step", "timestamp": 1769152157.695279, "step": 174, "max_steps": 938, "loss": 6.378628730773926, "elapsed_time": 14.551351070404053, "prnt": false}
{"event": "training_step", "timestamp": 1769152157.7710927, "step": 175, "max_steps": 938, "loss": 6.412308216094971, "elapsed_time": 14.627468585968018, "prnt": false}
{"event": "training_step", "timestamp": 1769152157.8471665, "step": 176, "max_steps": 938, "loss": 6.476698875427246, "elapsed_time": 14.703162431716919, "prnt": false}
{"event": "validation_step", "timestamp": 1769152158.1809623, "step": 176, "max_steps": 938, "loss": 1.4037418796965873, "elapsed_time": 14.703162431716919}
{"event": "training_step", "timestamp": 1769152158.2572784, "step": 177, "max_steps": 938, "loss": 6.36834716796875, "elapsed_time": 15.113395690917969, "prnt": false}
{"event": "training_step", "timestamp": 1769152158.3333123, "step": 178, "max_steps": 938, "loss": 6.346269607543945, "elapsed_time": 15.18936562538147, "prnt": false}
{"event": "training_step", "timestamp": 1769152158.4091897, "step": 179, "max_steps": 938, "loss": 6.434447765350342, "elapsed_time": 15.265443563461304, "prnt": false}
{"event": "training_step", "timestamp": 1769152158.4852924, "step": 180, "max_steps": 938, "loss": 6.4629621505737305, "elapsed_time": 15.341201305389404, "prnt": false}
{"event": "training_step", "timestamp": 1769152158.5613396, "step": 181, "max_steps": 938, "loss": 6.386589527130127, "elapsed_time": 15.417382955551147, "prnt": false}
{"event": "training_step", "timestamp": 1769152158.6372826, "step": 182, "max_steps": 938, "loss": 6.389795780181885, "elapsed_time": 15.493587970733643, "prnt": false}
{"event": "training_step", "timestamp": 1769152158.7132835, "step": 183, "max_steps": 938, "loss": 6.319315433502197, "elapsed_time": 15.569875955581665, "prnt": false}
{"event": "training_step", "timestamp": 1769152158.7891083, "step": 184, "max_steps": 938, "loss": 6.37907075881958, "elapsed_time": 15.645548582077026, "prnt": false}
{"event": "training_step", "timestamp": 1769152158.8652124, "step": 185, "max_steps": 938, "loss": 6.419244766235352, "elapsed_time": 15.721401691436768, "prnt": false}
{"event": "training_step", "timestamp": 1769152158.9413037, "step": 186, "max_steps": 938, "loss": 6.367996692657471, "elapsed_time": 15.797351121902466, "prnt": false}
{"event": "training_step", "timestamp": 1769152159.017353, "step": 187, "max_steps": 938, "loss": 6.320649147033691, "elapsed_time": 15.873675107955933, "prnt": false}
{"event": "training_step", "timestamp": 1769152159.0932992, "step": 188, "max_steps": 938, "loss": 6.348162651062012, "elapsed_time": 15.949804782867432, "prnt": false}
{"event": "training_step", "timestamp": 1769152159.169164, "step": 189, "max_steps": 938, "loss": 6.446443557739258, "elapsed_time": 16.025691270828247, "prnt": false}
{"event": "training_step", "timestamp": 1769152159.245294, "step": 190, "max_steps": 938, "loss": 6.2941060066223145, "elapsed_time": 16.10169792175293, "prnt": false}
{"event": "training_step", "timestamp": 1769152159.321506, "step": 191, "max_steps": 938, "loss": 6.339192867279053, "elapsed_time": 16.177818059921265, "prnt": false}
{"event": "training_step", "timestamp": 1769152159.3977244, "step": 192, "max_steps": 938, "loss": 6.412696838378906, "elapsed_time": 16.253790616989136, "prnt": false}
{"event": "training_step", "timestamp": 1769152159.4737656, "step": 193, "max_steps": 938, "loss": 6.437760829925537, "elapsed_time": 16.330028533935547, "prnt": false}
{"event": "training_step", "timestamp": 1769152159.5495327, "step": 194, "max_steps": 938, "loss": 6.366145133972168, "elapsed_time": 16.405987977981567, "prnt": false}
{"event": "training_step", "timestamp": 1769152159.6257403, "step": 195, "max_steps": 938, "loss": 6.360805988311768, "elapsed_time": 16.481900453567505, "prnt": false}
{"event": "training_step", "timestamp": 1769152159.7016604, "step": 196, "max_steps": 938, "loss": 6.344864845275879, "elapsed_time": 16.557941675186157, "prnt": false}
{"event": "training_step", "timestamp": 1769152159.7776866, "step": 197, "max_steps": 938, "loss": 6.306262493133545, "elapsed_time": 16.63398790359497, "prnt": false}
{"event": "training_step", "timestamp": 1769152159.8536704, "step": 198, "max_steps": 938, "loss": 6.324452877044678, "elapsed_time": 16.709925889968872, "prnt": false}
{"event": "training_step", "timestamp": 1769152159.9294887, "step": 199, "max_steps": 938, "loss": 6.282796382904053, "elapsed_time": 16.786029815673828, "prnt": false}
{"event": "training_step", "timestamp": 1769152160.0055065, "step": 200, "max_steps": 938, "loss": 6.27259635925293, "elapsed_time": 16.861713886260986, "prnt": false}
{"event": "training_step", "timestamp": 1769152160.0815215, "step": 201, "max_steps": 938, "loss": 6.323330402374268, "elapsed_time": 16.937870502471924, "prnt": false}
{"event": "training_step", "timestamp": 1769152160.1578405, "step": 202, "max_steps": 938, "loss": 6.351442337036133, "elapsed_time": 17.014903783798218, "prnt": false}
{"event": "training_step", "timestamp": 1769152160.2339244, "step": 203, "max_steps": 938, "loss": 6.354701519012451, "elapsed_time": 17.090299367904663, "prnt": false}
{"event": "training_step", "timestamp": 1769152160.3097253, "step": 204, "max_steps": 938, "loss": 6.306340217590332, "elapsed_time": 17.166208028793335, "prnt": false}
{"event": "training_step", "timestamp": 1769152160.385956, "step": 205, "max_steps": 938, "loss": 6.334510803222656, "elapsed_time": 17.24207305908203, "prnt": false}
{"event": "training_step", "timestamp": 1769152160.4618683, "step": 206, "max_steps": 938, "loss": 6.312761306762695, "elapsed_time": 17.318204641342163, "prnt": false}
{"event": "training_step", "timestamp": 1769152160.5379002, "step": 207, "max_steps": 938, "loss": 6.347105979919434, "elapsed_time": 17.394388914108276, "prnt": false}
{"event": "training_step", "timestamp": 1769152160.6138618, "step": 208, "max_steps": 938, "loss": 6.255537509918213, "elapsed_time": 17.470162391662598, "prnt": false}
{"event": "training_step", "timestamp": 1769152160.6897516, "step": 209, "max_steps": 938, "loss": 6.305897235870361, "elapsed_time": 17.546385049819946, "prnt": false}
{"event": "training_step", "timestamp": 1769152160.76596, "step": 210, "max_steps": 938, "loss": 6.339573860168457, "elapsed_time": 17.62221097946167, "prnt": false}
{"event": "training_step", "timestamp": 1769152160.8419507, "step": 211, "max_steps": 938, "loss": 6.31541633605957, "elapsed_time": 17.698270559310913, "prnt": false}
{"event": "training_step", "timestamp": 1769152160.917796, "step": 212, "max_steps": 938, "loss": 6.281553745269775, "elapsed_time": 17.774200201034546, "prnt": false}
{"event": "training_step", "timestamp": 1769152160.9938564, "step": 213, "max_steps": 938, "loss": 6.2593607902526855, "elapsed_time": 17.85011625289917, "prnt": false}
{"event": "training_step", "timestamp": 1769152161.0696368, "step": 214, "max_steps": 938, "loss": 6.205684661865234, "elapsed_time": 17.92605471611023, "prnt": false}
{"event": "training_step", "timestamp": 1769152161.1459458, "step": 215, "max_steps": 938, "loss": 6.250599384307861, "elapsed_time": 18.002184629440308, "prnt": false}
{"event": "training_step", "timestamp": 1769152161.2221565, "step": 216, "max_steps": 938, "loss": 6.251528263092041, "elapsed_time": 18.078739643096924, "prnt": false}
{"event": "training_step", "timestamp": 1769152161.2981377, "step": 217, "max_steps": 938, "loss": 6.26401424407959, "elapsed_time": 18.15477204322815, "prnt": false}
{"event": "training_step", "timestamp": 1769152161.3740554, "step": 218, "max_steps": 938, "loss": 6.318167209625244, "elapsed_time": 18.23039412498474, "prnt": false}
{"event": "training_step", "timestamp": 1769152161.449948, "step": 219, "max_steps": 938, "loss": 6.251267433166504, "elapsed_time": 18.306432247161865, "prnt": false}
{"event": "training_step", "timestamp": 1769152161.5261388, "step": 220, "max_steps": 938, "loss": 6.251278877258301, "elapsed_time": 18.382333278656006, "prnt": false}
{"event": "validation_step", "timestamp": 1769152161.860433, "step": 220, "max_steps": 938, "loss": 1.3785620474495937, "elapsed_time": 18.382333278656006}
{"event": "training_step", "timestamp": 1769152161.9368675, "step": 221, "max_steps": 938, "loss": 6.363784313201904, "elapsed_time": 18.7930109500885, "prnt": false}
{"event": "training_step", "timestamp": 1769152162.0129018, "step": 222, "max_steps": 938, "loss": 6.270612716674805, "elapsed_time": 18.869197130203247, "prnt": false}
{"event": "training_step", "timestamp": 1769152162.0891068, "step": 223, "max_steps": 938, "loss": 6.176492691040039, "elapsed_time": 18.945287704467773, "prnt": false}
{"event": "training_step", "timestamp": 1769152162.1651068, "step": 224, "max_steps": 938, "loss": 6.239856719970703, "elapsed_time": 19.021504163742065, "prnt": false}
{"event": "training_step", "timestamp": 1769152162.2412167, "step": 225, "max_steps": 938, "loss": 6.288066387176514, "elapsed_time": 19.097442626953125, "prnt": false}
{"event": "training_step", "timestamp": 1769152162.3171585, "step": 226, "max_steps": 938, "loss": 6.210229873657227, "elapsed_time": 19.173498153686523, "prnt": false}
{"event": "training_step", "timestamp": 1769152162.3932602, "step": 227, "max_steps": 938, "loss": 6.16780424118042, "elapsed_time": 19.249504804611206, "prnt": false}
{"event": "training_step", "timestamp": 1769152162.4690788, "step": 228, "max_steps": 938, "loss": 6.20953893661499, "elapsed_time": 19.32558012008667, "prnt": false}
{"event": "training_step", "timestamp": 1769152162.545301, "step": 229, "max_steps": 938, "loss": 6.203356742858887, "elapsed_time": 19.401453971862793, "prnt": false}
{"event": "training_step", "timestamp": 1769152162.6214201, "step": 230, "max_steps": 938, "loss": 6.159775733947754, "elapsed_time": 19.47789764404297, "prnt": false}
{"event": "training_step", "timestamp": 1769152162.697619, "step": 231, "max_steps": 938, "loss": 6.242213249206543, "elapsed_time": 19.55371928215027, "prnt": false}
{"event": "training_step", "timestamp": 1769152162.7736745, "step": 232, "max_steps": 938, "loss": 6.1655731201171875, "elapsed_time": 19.629912614822388, "prnt": false}
{"event": "training_step", "timestamp": 1769152162.8496094, "step": 233, "max_steps": 938, "loss": 6.200334072113037, "elapsed_time": 19.706045150756836, "prnt": false}
{"event": "training_step", "timestamp": 1769152162.9257715, "step": 234, "max_steps": 938, "loss": 6.22001314163208, "elapsed_time": 19.78184485435486, "prnt": false}
{"event": "training_step", "timestamp": 1769152163.001885, "step": 235, "max_steps": 938, "loss": 6.316293716430664, "elapsed_time": 19.858207941055298, "prnt": false}
{"event": "training_step", "timestamp": 1769152163.0781138, "step": 236, "max_steps": 938, "loss": 6.235337734222412, "elapsed_time": 19.93415117263794, "prnt": false}
{"event": "training_step", "timestamp": 1769152163.1541657, "step": 237, "max_steps": 938, "loss": 6.202770233154297, "elapsed_time": 20.010409355163574, "prnt": false}
{"event": "training_step", "timestamp": 1769152163.230165, "step": 238, "max_steps": 938, "loss": 6.174418926239014, "elapsed_time": 20.086851596832275, "prnt": false}
{"event": "training_step", "timestamp": 1769152163.3062942, "step": 239, "max_steps": 938, "loss": 6.155759811401367, "elapsed_time": 20.162652492523193, "prnt": false}
{"event": "training_step", "timestamp": 1769152163.382334, "step": 240, "max_steps": 938, "loss": 6.206785202026367, "elapsed_time": 20.23866295814514, "prnt": false}
{"event": "training_step", "timestamp": 1769152163.4583666, "step": 241, "max_steps": 938, "loss": 6.152429103851318, "elapsed_time": 20.314554691314697, "prnt": false}
{"event": "training_step", "timestamp": 1769152163.5344515, "step": 242, "max_steps": 938, "loss": 6.291770935058594, "elapsed_time": 20.39065647125244, "prnt": false}
{"event": "training_step", "timestamp": 1769152163.6103404, "step": 243, "max_steps": 938, "loss": 6.206088066101074, "elapsed_time": 20.46677303314209, "prnt": false}
{"event": "training_step", "timestamp": 1769152163.6864047, "step": 244, "max_steps": 938, "loss": 6.15638542175293, "elapsed_time": 20.54257082939148, "prnt": false}
{"event": "training_step", "timestamp": 1769152163.7625294, "step": 245, "max_steps": 938, "loss": 6.1411237716674805, "elapsed_time": 20.618860006332397, "prnt": false}
{"event": "training_step", "timestamp": 1769152163.8384893, "step": 246, "max_steps": 938, "loss": 6.145670413970947, "elapsed_time": 20.694911241531372, "prnt": false}
{"event": "training_step", "timestamp": 1769152163.9145844, "step": 247, "max_steps": 938, "loss": 6.2123589515686035, "elapsed_time": 20.770957946777344, "prnt": false}
{"event": "training_step", "timestamp": 1769152163.9903831, "step": 248, "max_steps": 938, "loss": 6.153891563415527, "elapsed_time": 20.846791744232178, "prnt": false}
{"event": "training_step", "timestamp": 1769152164.0665777, "step": 249, "max_steps": 938, "loss": 6.120157241821289, "elapsed_time": 20.922751903533936, "prnt": false}
{"event": "training_step", "timestamp": 1769152164.142578, "step": 250, "max_steps": 938, "loss": 6.177308082580566, "elapsed_time": 20.99876308441162, "prnt": false}
{"event": "training_step", "timestamp": 1769152164.21863, "step": 251, "max_steps": 938, "loss": 6.172214984893799, "elapsed_time": 21.075150728225708, "prnt": false}
{"event": "training_step", "timestamp": 1769152164.294718, "step": 252, "max_steps": 938, "loss": 6.155210971832275, "elapsed_time": 21.150919914245605, "prnt": false}
{"event": "training_step", "timestamp": 1769152164.3707528, "step": 253, "max_steps": 938, "loss": 6.218371868133545, "elapsed_time": 21.22716999053955, "prnt": false}
{"event": "training_step", "timestamp": 1769152164.4466794, "step": 254, "max_steps": 938, "loss": 6.126428604125977, "elapsed_time": 21.303030490875244, "prnt": false}
{"event": "training_step", "timestamp": 1769152164.5227568, "step": 255, "max_steps": 938, "loss": 6.111221790313721, "elapsed_time": 21.379065990447998, "prnt": false}
{"event": "training_step", "timestamp": 1769152164.5987546, "step": 256, "max_steps": 938, "loss": 6.212494373321533, "elapsed_time": 21.454972505569458, "prnt": false}
{"event": "training_step", "timestamp": 1769152164.6749249, "step": 257, "max_steps": 938, "loss": 6.136905670166016, "elapsed_time": 21.531211853027344, "prnt": false}
{"event": "training_step", "timestamp": 1769152164.7509089, "step": 258, "max_steps": 938, "loss": 6.144760608673096, "elapsed_time": 21.607213497161865, "prnt": false}
{"event": "training_step", "timestamp": 1769152164.8269587, "step": 259, "max_steps": 938, "loss": 6.148555278778076, "elapsed_time": 21.6832754611969, "prnt": false}
{"event": "training_step", "timestamp": 1769152164.9031649, "step": 260, "max_steps": 938, "loss": 6.1932830810546875, "elapsed_time": 21.759189128875732, "prnt": false}
{"event": "training_step", "timestamp": 1769152164.9795141, "step": 261, "max_steps": 938, "loss": 6.1309404373168945, "elapsed_time": 21.83548331260681, "prnt": false}
{"event": "training_step", "timestamp": 1769152165.0556254, "step": 262, "max_steps": 938, "loss": 6.219897270202637, "elapsed_time": 21.911773443222046, "prnt": false}
{"event": "training_step", "timestamp": 1769152165.13176, "step": 263, "max_steps": 938, "loss": 6.157170295715332, "elapsed_time": 21.988189697265625, "prnt": false}
{"event": "training_step", "timestamp": 1769152165.207732, "step": 264, "max_steps": 938, "loss": 6.200734615325928, "elapsed_time": 22.06374502182007, "prnt": false}
{"event": "validation_step", "timestamp": 1769152165.5426688, "step": 264, "max_steps": 938, "loss": 1.356405115987427, "elapsed_time": 22.06374502182007}
{"event": "training_step", "timestamp": 1769152165.619171, "step": 265, "max_steps": 938, "loss": 6.145778179168701, "elapsed_time": 22.47544026374817, "prnt": false}
{"event": "training_step", "timestamp": 1769152165.6952305, "step": 266, "max_steps": 938, "loss": 6.15331506729126, "elapsed_time": 22.551225423812866, "prnt": false}
{"event": "training_step", "timestamp": 1769152165.7712977, "step": 267, "max_steps": 938, "loss": 6.072437286376953, "elapsed_time": 22.62732696533203, "prnt": false}
{"event": "training_step", "timestamp": 1769152165.8472817, "step": 268, "max_steps": 938, "loss": 6.109706401824951, "elapsed_time": 22.703402042388916, "prnt": false}
{"event": "training_step", "timestamp": 1769152165.9237282, "step": 269, "max_steps": 938, "loss": 6.139509201049805, "elapsed_time": 22.779646158218384, "prnt": false}
{"event": "training_step", "timestamp": 1769152166.0000548, "step": 270, "max_steps": 938, "loss": 6.148552417755127, "elapsed_time": 22.855764150619507, "prnt": false}
{"event": "training_step", "timestamp": 1769152166.0764308, "step": 271, "max_steps": 938, "loss": 6.059138298034668, "elapsed_time": 22.932234287261963, "prnt": false}
{"event": "training_step", "timestamp": 1769152166.1525621, "step": 272, "max_steps": 938, "loss": 6.061378002166748, "elapsed_time": 23.008774280548096, "prnt": false}
{"event": "training_step", "timestamp": 1769152166.2285168, "step": 273, "max_steps": 938, "loss": 6.089837074279785, "elapsed_time": 23.084738969802856, "prnt": false}
{"event": "training_step", "timestamp": 1769152166.3047369, "step": 274, "max_steps": 938, "loss": 6.120397090911865, "elapsed_time": 23.160534620285034, "prnt": false}
{"event": "training_step", "timestamp": 1769152166.3808153, "step": 275, "max_steps": 938, "loss": 6.1069231033325195, "elapsed_time": 23.236860036849976, "prnt": false}
{"event": "training_step", "timestamp": 1769152166.4570928, "step": 276, "max_steps": 938, "loss": 6.105299949645996, "elapsed_time": 23.312899112701416, "prnt": false}
{"event": "training_step", "timestamp": 1769152166.533237, "step": 277, "max_steps": 938, "loss": 6.06143856048584, "elapsed_time": 23.3891921043396, "prnt": false}
{"event": "training_step", "timestamp": 1769152166.6091332, "step": 278, "max_steps": 938, "loss": 6.103978157043457, "elapsed_time": 23.465261220932007, "prnt": false}
{"event": "training_step", "timestamp": 1769152166.685383, "step": 279, "max_steps": 938, "loss": 6.114075660705566, "elapsed_time": 23.541339635849, "prnt": false}
{"event": "training_step", "timestamp": 1769152166.7614577, "step": 280, "max_steps": 938, "loss": 6.085191249847412, "elapsed_time": 23.617384910583496, "prnt": false}
{"event": "training_step", "timestamp": 1769152166.837503, "step": 281, "max_steps": 938, "loss": 6.066369533538818, "elapsed_time": 23.69349980354309, "prnt": false}
{"event": "training_step", "timestamp": 1769152166.9136467, "step": 282, "max_steps": 938, "loss": 6.112039089202881, "elapsed_time": 23.769685745239258, "prnt": false}
{"event": "training_step", "timestamp": 1769152166.9896948, "step": 283, "max_steps": 938, "loss": 6.023075580596924, "elapsed_time": 23.845707178115845, "prnt": false}
{"event": "training_step", "timestamp": 1769152167.0657432, "step": 284, "max_steps": 938, "loss": 6.123067855834961, "elapsed_time": 23.921677350997925, "prnt": false}
{"event": "training_step", "timestamp": 1769152167.1421506, "step": 285, "max_steps": 938, "loss": 6.029616832733154, "elapsed_time": 23.998493194580078, "prnt": false}
{"event": "training_step", "timestamp": 1769152167.2182813, "step": 286, "max_steps": 938, "loss": 6.131509304046631, "elapsed_time": 24.074192762374878, "prnt": false}
{"event": "training_step", "timestamp": 1769152167.294658, "step": 287, "max_steps": 938, "loss": 6.103245735168457, "elapsed_time": 24.15113663673401, "prnt": false}
{"event": "training_step", "timestamp": 1769152167.3708088, "step": 288, "max_steps": 938, "loss": 6.061090469360352, "elapsed_time": 24.226720809936523, "prnt": false}
{"event": "training_step", "timestamp": 1769152167.4468088, "step": 289, "max_steps": 938, "loss": 6.0432353019714355, "elapsed_time": 24.30286717414856, "prnt": false}
{"event": "training_step", "timestamp": 1769152167.523031, "step": 290, "max_steps": 938, "loss": 6.066301345825195, "elapsed_time": 24.37885332107544, "prnt": false}
{"event": "training_step", "timestamp": 1769152167.599176, "step": 291, "max_steps": 938, "loss": 6.070511817932129, "elapsed_time": 24.455154418945312, "prnt": false}
{"event": "training_step", "timestamp": 1769152167.6753235, "step": 292, "max_steps": 938, "loss": 6.020809650421143, "elapsed_time": 24.53117561340332, "prnt": false}
{"event": "training_step", "timestamp": 1769152167.7514904, "step": 293, "max_steps": 938, "loss": 5.986846446990967, "elapsed_time": 24.607455492019653, "prnt": false}
{"event": "training_step", "timestamp": 1769152167.8275068, "step": 294, "max_steps": 938, "loss": 5.982664108276367, "elapsed_time": 24.683594942092896, "prnt": false}
{"event": "training_step", "timestamp": 1769152167.9038916, "step": 295, "max_steps": 938, "loss": 6.108571529388428, "elapsed_time": 24.75978922843933, "prnt": false}
{"event": "training_step", "timestamp": 1769152167.9803512, "step": 296, "max_steps": 938, "loss": 6.059417247772217, "elapsed_time": 24.83589506149292, "prnt": false}
{"event": "training_step", "timestamp": 1769152168.056596, "step": 297, "max_steps": 938, "loss": 6.008338928222656, "elapsed_time": 24.91244912147522, "prnt": false}
{"event": "training_step", "timestamp": 1769152168.1327262, "step": 298, "max_steps": 938, "loss": 6.041975498199463, "elapsed_time": 24.988693952560425, "prnt": false}
{"event": "training_step", "timestamp": 1769152168.2087245, "step": 299, "max_steps": 938, "loss": 5.972805976867676, "elapsed_time": 25.064824104309082, "prnt": false}
{"event": "training_step", "timestamp": 1769152168.2848313, "step": 300, "max_steps": 938, "loss": 5.950709342956543, "elapsed_time": 25.14073634147644, "prnt": false}
{"event": "training_step", "timestamp": 1769152168.361055, "step": 301, "max_steps": 938, "loss": 6.010608196258545, "elapsed_time": 25.216968774795532, "prnt": false}
{"event": "training_step", "timestamp": 1769152168.437367, "step": 302, "max_steps": 938, "loss": 6.027634620666504, "elapsed_time": 25.293060541152954, "prnt": false}
{"event": "training_step", "timestamp": 1769152168.5136838, "step": 303, "max_steps": 938, "loss": 6.0428242683410645, "elapsed_time": 25.369575262069702, "prnt": false}
{"event": "training_step", "timestamp": 1769152168.5897286, "step": 304, "max_steps": 938, "loss": 6.067734718322754, "elapsed_time": 25.445693254470825, "prnt": false}
{"event": "training_step", "timestamp": 1769152168.665871, "step": 305, "max_steps": 938, "loss": 5.9675679206848145, "elapsed_time": 25.521870374679565, "prnt": false}
{"event": "training_step", "timestamp": 1769152168.7420769, "step": 306, "max_steps": 938, "loss": 6.034019470214844, "elapsed_time": 25.597874879837036, "prnt": false}
{"event": "training_step", "timestamp": 1769152168.81829, "step": 307, "max_steps": 938, "loss": 6.014315605163574, "elapsed_time": 25.674320697784424, "prnt": false}
{"event": "training_step", "timestamp": 1769152168.8944616, "step": 308, "max_steps": 938, "loss": 6.013460636138916, "elapsed_time": 25.750320434570312, "prnt": false}
{"event": "validation_step", "timestamp": 1769152169.229316, "step": 308, "max_steps": 938, "loss": 1.3404467672644114, "elapsed_time": 25.750320434570312}
{"event": "training_step", "timestamp": 1769152169.3058136, "step": 309, "max_steps": 938, "loss": 6.003053188323975, "elapsed_time": 26.162079572677612, "prnt": false}
{"event": "training_step", "timestamp": 1769152169.3819728, "step": 310, "max_steps": 938, "loss": 5.94387149810791, "elapsed_time": 26.23816990852356, "prnt": false}
{"event": "training_step", "timestamp": 1769152169.4581487, "step": 311, "max_steps": 938, "loss": 5.978771209716797, "elapsed_time": 26.31421446800232, "prnt": false}
{"event": "training_step", "timestamp": 1769152169.5344882, "step": 312, "max_steps": 938, "loss": 6.022668838500977, "elapsed_time": 26.390410661697388, "prnt": false}
{"event": "training_step", "timestamp": 1769152169.6105497, "step": 313, "max_steps": 938, "loss": 5.98798131942749, "elapsed_time": 26.46659255027771, "prnt": false}
{"event": "training_step", "timestamp": 1769152169.6865091, "step": 314, "max_steps": 938, "loss": 6.042799949645996, "elapsed_time": 26.542539596557617, "prnt": false}
{"event": "training_step", "timestamp": 1769152169.7628496, "step": 315, "max_steps": 938, "loss": 5.985462665557861, "elapsed_time": 26.618706464767456, "prnt": false}
{"event": "training_step", "timestamp": 1769152169.838872, "step": 316, "max_steps": 938, "loss": 5.982943534851074, "elapsed_time": 26.694916486740112, "prnt": false}
{"event": "training_step", "timestamp": 1769152169.9149022, "step": 317, "max_steps": 938, "loss": 5.9464592933654785, "elapsed_time": 26.77098274230957, "prnt": false}
{"event": "training_step", "timestamp": 1769152169.9910123, "step": 318, "max_steps": 938, "loss": 6.059572696685791, "elapsed_time": 26.84690809249878, "prnt": false}
{"event": "training_step", "timestamp": 1769152170.0670362, "step": 319, "max_steps": 938, "loss": 5.972134113311768, "elapsed_time": 26.923097848892212, "prnt": false}
{"event": "training_step", "timestamp": 1769152170.1432757, "step": 320, "max_steps": 938, "loss": 5.921163558959961, "elapsed_time": 26.99915075302124, "prnt": false}
{"event": "training_step", "timestamp": 1769152170.2194262, "step": 321, "max_steps": 938, "loss": 5.951218128204346, "elapsed_time": 27.075615644454956, "prnt": false}
{"event": "training_step", "timestamp": 1769152170.2954562, "step": 322, "max_steps": 938, "loss": 6.007866859436035, "elapsed_time": 27.15150761604309, "prnt": false}
{"event": "training_step", "timestamp": 1769152170.371614, "step": 323, "max_steps": 938, "loss": 5.941283226013184, "elapsed_time": 27.22778034210205, "prnt": false}
{"event": "training_step", "timestamp": 1769152170.4476075, "step": 324, "max_steps": 938, "loss": 5.966075897216797, "elapsed_time": 27.30366826057434, "prnt": false}
{"event": "training_step", "timestamp": 1769152170.523995, "step": 325, "max_steps": 938, "loss": 6.014370918273926, "elapsed_time": 27.379945516586304, "prnt": false}
{"event": "training_step", "timestamp": 1769152170.6001713, "step": 326, "max_steps": 938, "loss": 5.937800884246826, "elapsed_time": 27.456082344055176, "prnt": false}
{"event": "training_step", "timestamp": 1769152170.6762516, "step": 327, "max_steps": 938, "loss": 5.913818359375, "elapsed_time": 27.532336473464966, "prnt": false}
{"event": "training_step", "timestamp": 1769152170.752353, "step": 328, "max_steps": 938, "loss": 5.996889114379883, "elapsed_time": 27.608267307281494, "prnt": false}
{"event": "training_step", "timestamp": 1769152170.828406, "step": 329, "max_steps": 938, "loss": 5.919195652008057, "elapsed_time": 27.684436798095703, "prnt": false}
{"event": "training_step", "timestamp": 1769152170.904529, "step": 330, "max_steps": 938, "loss": 5.922624111175537, "elapsed_time": 27.760409593582153, "prnt": false}
{"event": "training_step", "timestamp": 1769152170.9808424, "step": 331, "max_steps": 938, "loss": 6.031927108764648, "elapsed_time": 27.836795806884766, "prnt": false}
{"event": "training_step", "timestamp": 1769152171.0570016, "step": 332, "max_steps": 938, "loss": 5.993023872375488, "elapsed_time": 27.91291880607605, "prnt": false}
{"event": "training_step", "timestamp": 1769152171.1332028, "step": 333, "max_steps": 938, "loss": 5.876239776611328, "elapsed_time": 27.989343643188477, "prnt": false}
{"event": "training_step", "timestamp": 1769152171.2093806, "step": 334, "max_steps": 938, "loss": 5.924705982208252, "elapsed_time": 28.065449237823486, "prnt": false}
{"event": "training_step", "timestamp": 1769152171.285423, "step": 335, "max_steps": 938, "loss": 5.908912181854248, "elapsed_time": 28.14147400856018, "prnt": false}
{"event": "training_step", "timestamp": 1769152171.3620236, "step": 336, "max_steps": 938, "loss": 5.951242446899414, "elapsed_time": 28.21804976463318, "prnt": false}
{"event": "training_step", "timestamp": 1769152171.4384136, "step": 337, "max_steps": 938, "loss": 5.949316501617432, "elapsed_time": 28.29436230659485, "prnt": false}
{"event": "training_step", "timestamp": 1769152171.514689, "step": 338, "max_steps": 938, "loss": 5.875141620635986, "elapsed_time": 28.370450973510742, "prnt": false}
{"event": "training_step", "timestamp": 1769152171.59091, "step": 339, "max_steps": 938, "loss": 5.922685146331787, "elapsed_time": 28.447020292282104, "prnt": false}
{"event": "training_step", "timestamp": 1769152171.6669157, "step": 340, "max_steps": 938, "loss": 5.962986469268799, "elapsed_time": 28.5229434967041, "prnt": false}
{"event": "training_step", "timestamp": 1769152171.7432656, "step": 341, "max_steps": 938, "loss": 5.983380317687988, "elapsed_time": 28.59905481338501, "prnt": false}
{"event": "training_step", "timestamp": 1769152171.8193147, "step": 342, "max_steps": 938, "loss": 5.9157609939575195, "elapsed_time": 28.675339937210083, "prnt": false}
{"event": "training_step", "timestamp": 1769152171.895426, "step": 343, "max_steps": 938, "loss": 5.9033732414245605, "elapsed_time": 28.751431703567505, "prnt": false}
{"event": "training_step", "timestamp": 1769152171.97154, "step": 344, "max_steps": 938, "loss": 5.916704177856445, "elapsed_time": 28.827420711517334, "prnt": false}
{"event": "training_step", "timestamp": 1769152172.0476348, "step": 345, "max_steps": 938, "loss": 5.885383605957031, "elapsed_time": 28.903827667236328, "prnt": false}
{"event": "training_step", "timestamp": 1769152172.1237848, "step": 346, "max_steps": 938, "loss": 5.838399887084961, "elapsed_time": 28.979754209518433, "prnt": false}
{"event": "training_step", "timestamp": 1769152172.1999578, "step": 347, "max_steps": 938, "loss": 5.902159690856934, "elapsed_time": 29.056097745895386, "prnt": false}
{"event": "training_step", "timestamp": 1769152172.2760532, "step": 348, "max_steps": 938, "loss": 5.873309135437012, "elapsed_time": 29.13199257850647, "prnt": false}
{"event": "training_step", "timestamp": 1769152172.3523026, "step": 349, "max_steps": 938, "loss": 5.8541693687438965, "elapsed_time": 29.20822262763977, "prnt": false}
{"event": "training_step", "timestamp": 1769152172.4283528, "step": 350, "max_steps": 938, "loss": 5.857485771179199, "elapsed_time": 29.28442692756653, "prnt": false}
{"event": "training_step", "timestamp": 1769152172.5044296, "step": 351, "max_steps": 938, "loss": 5.897222518920898, "elapsed_time": 29.360588312149048, "prnt": false}
{"event": "training_step", "timestamp": 1769152172.5806448, "step": 352, "max_steps": 938, "loss": 5.881657123565674, "elapsed_time": 29.436476469039917, "prnt": false}
{"event": "validation_step", "timestamp": 1769152172.9157603, "step": 352, "max_steps": 938, "loss": 1.3259221271134642, "elapsed_time": 29.436476469039917}
{"event": "training_step", "timestamp": 1769152172.9922338, "step": 353, "max_steps": 938, "loss": 5.889697074890137, "elapsed_time": 29.84820246696472, "prnt": false}
{"event": "training_step", "timestamp": 1769152173.0683587, "step": 354, "max_steps": 938, "loss": 5.929217338562012, "elapsed_time": 29.924291849136353, "prnt": false}
{"event": "training_step", "timestamp": 1769152173.1445248, "step": 355, "max_steps": 938, "loss": 5.833343029022217, "elapsed_time": 30.0005042552948, "prnt": false}
{"event": "training_step", "timestamp": 1769152173.2208455, "step": 356, "max_steps": 938, "loss": 5.895063877105713, "elapsed_time": 30.07673215866089, "prnt": false}
{"event": "training_step", "timestamp": 1769152173.2970853, "step": 357, "max_steps": 938, "loss": 5.9298601150512695, "elapsed_time": 30.15316367149353, "prnt": false}
{"event": "training_step", "timestamp": 1769152173.3734508, "step": 358, "max_steps": 938, "loss": 5.927007675170898, "elapsed_time": 30.229586601257324, "prnt": false}
{"event": "training_step", "timestamp": 1769152173.449639, "step": 359, "max_steps": 938, "loss": 5.853086471557617, "elapsed_time": 30.305748462677002, "prnt": false}
{"event": "training_step", "timestamp": 1769152173.525687, "step": 360, "max_steps": 938, "loss": 5.832691192626953, "elapsed_time": 30.381635427474976, "prnt": false}
{"event": "training_step", "timestamp": 1769152173.6020198, "step": 361, "max_steps": 938, "loss": 5.897304534912109, "elapsed_time": 30.45776128768921, "prnt": false}
{"event": "training_step", "timestamp": 1769152173.678317, "step": 362, "max_steps": 938, "loss": 5.845841884613037, "elapsed_time": 30.534066200256348, "prnt": false}
{"event": "training_step", "timestamp": 1769152173.7544568, "step": 363, "max_steps": 938, "loss": 5.8604865074157715, "elapsed_time": 30.610517978668213, "prnt": false}
{"event": "training_step", "timestamp": 1769152173.830535, "step": 364, "max_steps": 938, "loss": 5.905098915100098, "elapsed_time": 30.686473608016968, "prnt": false}
{"event": "training_step", "timestamp": 1769152173.906569, "step": 365, "max_steps": 938, "loss": 5.833381652832031, "elapsed_time": 30.762742280960083, "prnt": false}
{"event": "training_step", "timestamp": 1769152173.9826446, "step": 366, "max_steps": 938, "loss": 5.853534698486328, "elapsed_time": 30.838626384735107, "prnt": false}
{"event": "training_step", "timestamp": 1769152174.0590267, "step": 367, "max_steps": 938, "loss": 5.7885518074035645, "elapsed_time": 30.914796829223633, "prnt": false}
{"event": "training_step", "timestamp": 1769152174.135371, "step": 368, "max_steps": 938, "loss": 5.882136344909668, "elapsed_time": 30.991039276123047, "prnt": false}
{"event": "training_step", "timestamp": 1769152174.2117243, "step": 369, "max_steps": 938, "loss": 5.846384048461914, "elapsed_time": 31.06747269630432, "prnt": false}
{"event": "training_step", "timestamp": 1769152174.287945, "step": 370, "max_steps": 938, "loss": 5.8759613037109375, "elapsed_time": 31.143840789794922, "prnt": false}
{"event": "training_step", "timestamp": 1769152174.364043, "step": 371, "max_steps": 938, "loss": 5.836980819702148, "elapsed_time": 31.220074892044067, "prnt": false}
{"event": "training_step", "timestamp": 1769152174.4402552, "step": 372, "max_steps": 938, "loss": 5.773238182067871, "elapsed_time": 31.296039581298828, "prnt": false}
{"event": "training_step", "timestamp": 1769152174.5164492, "step": 373, "max_steps": 938, "loss": 5.850597858428955, "elapsed_time": 31.372450828552246, "prnt": false}
{"event": "training_step", "timestamp": 1769152174.5928335, "step": 374, "max_steps": 938, "loss": 5.852311611175537, "elapsed_time": 31.448603630065918, "prnt": false}
{"event": "training_step", "timestamp": 1769152174.668994, "step": 375, "max_steps": 938, "loss": 5.885731220245361, "elapsed_time": 31.525047063827515, "prnt": false}
{"event": "training_step", "timestamp": 1769152174.745047, "step": 376, "max_steps": 938, "loss": 5.813223361968994, "elapsed_time": 31.601035833358765, "prnt": false}
{"event": "training_step", "timestamp": 1769152174.8214705, "step": 377, "max_steps": 938, "loss": 5.837357521057129, "elapsed_time": 31.677111387252808, "prnt": false}
{"event": "training_step", "timestamp": 1769152174.8976262, "step": 378, "max_steps": 938, "loss": 5.83051872253418, "elapsed_time": 31.753495931625366, "prnt": false}
{"event": "training_step", "timestamp": 1769152174.9738853, "step": 379, "max_steps": 938, "loss": 5.85694694519043, "elapsed_time": 31.829720497131348, "prnt": false}
{"event": "training_step", "timestamp": 1769152175.0500848, "step": 380, "max_steps": 938, "loss": 5.7800798416137695, "elapsed_time": 31.905965328216553, "prnt": false}
{"event": "training_step", "timestamp": 1769152175.126237, "step": 381, "max_steps": 938, "loss": 5.7855544090271, "elapsed_time": 31.982370138168335, "prnt": false}
{"event": "training_step", "timestamp": 1769152175.2026525, "step": 382, "max_steps": 938, "loss": 5.925472259521484, "elapsed_time": 32.058345556259155, "prnt": false}
{"event": "training_step", "timestamp": 1769152175.2789695, "step": 383, "max_steps": 938, "loss": 5.882311820983887, "elapsed_time": 32.13494324684143, "prnt": false}
{"event": "training_step", "timestamp": 1769152175.355316, "step": 384, "max_steps": 938, "loss": 5.776412487030029, "elapsed_time": 32.211729288101196, "prnt": false}
{"event": "training_step", "timestamp": 1769152175.4316566, "step": 385, "max_steps": 938, "loss": 5.8001484870910645, "elapsed_time": 32.28798317909241, "prnt": false}
{"event": "training_step", "timestamp": 1769152175.507912, "step": 386, "max_steps": 938, "loss": 5.789165019989014, "elapsed_time": 32.36422657966614, "prnt": false}
{"event": "training_step", "timestamp": 1769152175.5840476, "step": 387, "max_steps": 938, "loss": 5.834697723388672, "elapsed_time": 32.44010519981384, "prnt": false}
{"event": "training_step", "timestamp": 1769152175.6603775, "step": 388, "max_steps": 938, "loss": 5.783951759338379, "elapsed_time": 32.51614594459534, "prnt": false}
{"event": "training_step", "timestamp": 1769152175.7367117, "step": 389, "max_steps": 938, "loss": 5.80419397354126, "elapsed_time": 32.592514514923096, "prnt": false}
{"event": "training_step", "timestamp": 1769152175.812923, "step": 390, "max_steps": 938, "loss": 5.762324333190918, "elapsed_time": 32.66869807243347, "prnt": false}
{"event": "training_step", "timestamp": 1769152175.8892522, "step": 391, "max_steps": 938, "loss": 5.786935806274414, "elapsed_time": 32.74539017677307, "prnt": false}
{"event": "training_step", "timestamp": 1769152175.9654307, "step": 392, "max_steps": 938, "loss": 5.893685340881348, "elapsed_time": 32.821410179138184, "prnt": false}
{"event": "training_step", "timestamp": 1769152176.0419343, "step": 393, "max_steps": 938, "loss": 5.765381336212158, "elapsed_time": 32.89768075942993, "prnt": false}
{"event": "training_step", "timestamp": 1769152176.1183496, "step": 394, "max_steps": 938, "loss": 5.766780853271484, "elapsed_time": 32.974398136138916, "prnt": false}
{"event": "training_step", "timestamp": 1769152176.194815, "step": 395, "max_steps": 938, "loss": 5.792656898498535, "elapsed_time": 33.050443172454834, "prnt": false}
{"event": "training_step", "timestamp": 1769152176.2715821, "step": 396, "max_steps": 938, "loss": 5.800050735473633, "elapsed_time": 33.12796235084534, "prnt": false}
{"event": "validation_step", "timestamp": 1769152176.6067886, "step": 396, "max_steps": 938, "loss": 1.3122636033464825, "elapsed_time": 33.12796235084534}
{"event": "training_step", "timestamp": 1769152176.6834629, "step": 397, "max_steps": 938, "loss": 5.750629425048828, "elapsed_time": 33.539406061172485, "prnt": false}
{"event": "training_step", "timestamp": 1769152176.759884, "step": 398, "max_steps": 938, "loss": 5.859262943267822, "elapsed_time": 33.615564823150635, "prnt": false}
{"event": "training_step", "timestamp": 1769152176.83636, "step": 399, "max_steps": 938, "loss": 5.735712051391602, "elapsed_time": 33.692058801651, "prnt": false}
{"event": "training_step", "timestamp": 1769152176.9127655, "step": 400, "max_steps": 938, "loss": 5.804367542266846, "elapsed_time": 33.76853132247925, "prnt": false}
{"event": "training_step", "timestamp": 1769152176.9890354, "step": 401, "max_steps": 938, "loss": 5.786436080932617, "elapsed_time": 33.845057249069214, "prnt": false}
{"event": "training_step", "timestamp": 1769152177.0651531, "step": 402, "max_steps": 938, "loss": 5.767902374267578, "elapsed_time": 33.92108726501465, "prnt": false}
{"event": "training_step", "timestamp": 1769152177.1417756, "step": 403, "max_steps": 938, "loss": 5.792705535888672, "elapsed_time": 33.997588872909546, "prnt": false}
{"event": "training_step", "timestamp": 1769152177.2179735, "step": 404, "max_steps": 938, "loss": 5.756234169006348, "elapsed_time": 34.07382011413574, "prnt": false}
{"event": "training_step", "timestamp": 1769152177.2942343, "step": 405, "max_steps": 938, "loss": 5.780187606811523, "elapsed_time": 34.15011644363403, "prnt": false}
{"event": "training_step", "timestamp": 1769152177.3706348, "step": 406, "max_steps": 938, "loss": 5.721140384674072, "elapsed_time": 34.22704720497131, "prnt": false}
{"event": "training_step", "timestamp": 1769152177.44692, "step": 407, "max_steps": 938, "loss": 5.795966148376465, "elapsed_time": 34.30308985710144, "prnt": false}
{"event": "training_step", "timestamp": 1769152177.5231593, "step": 408, "max_steps": 938, "loss": 5.778754711151123, "elapsed_time": 34.37909126281738, "prnt": false}
{"event": "training_step", "timestamp": 1769152177.5995393, "step": 409, "max_steps": 938, "loss": 5.782013893127441, "elapsed_time": 34.455307483673096, "prnt": false}
{"event": "training_step", "timestamp": 1769152177.675822, "step": 410, "max_steps": 938, "loss": 5.8005595207214355, "elapsed_time": 34.53161573410034, "prnt": false}
{"event": "training_step", "timestamp": 1769152177.7522151, "step": 411, "max_steps": 938, "loss": 5.770972728729248, "elapsed_time": 34.60803294181824, "prnt": false}
{"event": "training_step", "timestamp": 1769152177.8284483, "step": 412, "max_steps": 938, "loss": 5.756749629974365, "elapsed_time": 34.68424344062805, "prnt": false}
{"event": "training_step", "timestamp": 1769152177.9045537, "step": 413, "max_steps": 938, "loss": 5.726513862609863, "elapsed_time": 34.76057982444763, "prnt": false}
{"event": "training_step", "timestamp": 1769152177.9809446, "step": 414, "max_steps": 938, "loss": 5.80553674697876, "elapsed_time": 34.83672595024109, "prnt": false}
{"event": "training_step", "timestamp": 1769152178.0573473, "step": 415, "max_steps": 938, "loss": 5.729158878326416, "elapsed_time": 34.913147926330566, "prnt": false}
{"event": "training_step", "timestamp": 1769152178.1335807, "step": 416, "max_steps": 938, "loss": 5.773731708526611, "elapsed_time": 34.989402055740356, "prnt": false}
{"event": "training_step", "timestamp": 1769152178.209933, "step": 417, "max_steps": 938, "loss": 5.829776763916016, "elapsed_time": 35.06584668159485, "prnt": false}
{"event": "training_step", "timestamp": 1769152178.2860913, "step": 418, "max_steps": 938, "loss": 5.790950775146484, "elapsed_time": 35.1419517993927, "prnt": false}
{"event": "training_step", "timestamp": 1769152178.36233, "step": 419, "max_steps": 938, "loss": 5.767746448516846, "elapsed_time": 35.218204975128174, "prnt": false}
{"event": "training_step", "timestamp": 1769152178.438587, "step": 420, "max_steps": 938, "loss": 5.739869594573975, "elapsed_time": 35.294333934783936, "prnt": false}
{"event": "training_step", "timestamp": 1769152178.5151172, "step": 421, "max_steps": 938, "loss": 5.640322208404541, "elapsed_time": 35.37074542045593, "prnt": false}
{"event": "training_step", "timestamp": 1769152178.5915232, "step": 422, "max_steps": 938, "loss": 5.769058704376221, "elapsed_time": 35.447213888168335, "prnt": false}
{"event": "training_step", "timestamp": 1769152178.6677756, "step": 423, "max_steps": 938, "loss": 5.784431457519531, "elapsed_time": 35.52371859550476, "prnt": false}
{"event": "training_step", "timestamp": 1769152178.7439115, "step": 424, "max_steps": 938, "loss": 5.708689212799072, "elapsed_time": 35.59981727600098, "prnt": false}
{"event": "training_step", "timestamp": 1769152178.8203802, "step": 425, "max_steps": 938, "loss": 5.803287506103516, "elapsed_time": 35.6761577129364, "prnt": false}
{"event": "training_step", "timestamp": 1769152178.896606, "step": 426, "max_steps": 938, "loss": 5.7636637687683105, "elapsed_time": 35.752368450164795, "prnt": false}
{"event": "training_step", "timestamp": 1769152178.9729812, "step": 427, "max_steps": 938, "loss": 5.742458343505859, "elapsed_time": 35.82875418663025, "prnt": false}
{"event": "training_step", "timestamp": 1769152179.0492644, "step": 428, "max_steps": 938, "loss": 5.7469916343688965, "elapsed_time": 35.904993534088135, "prnt": false}
{"event": "training_step", "timestamp": 1769152179.1256464, "step": 429, "max_steps": 938, "loss": 5.738356113433838, "elapsed_time": 35.98214292526245, "prnt": false}
{"event": "training_step", "timestamp": 1769152179.2018871, "step": 430, "max_steps": 938, "loss": 5.730528354644775, "elapsed_time": 36.05799221992493, "prnt": false}
{"event": "training_step", "timestamp": 1769152179.2782326, "step": 431, "max_steps": 938, "loss": 5.746238708496094, "elapsed_time": 36.13403034210205, "prnt": false}
{"event": "training_step", "timestamp": 1769152179.3544705, "step": 432, "max_steps": 938, "loss": 5.740298748016357, "elapsed_time": 36.21028113365173, "prnt": false}
{"event": "training_step", "timestamp": 1769152179.4308553, "step": 433, "max_steps": 938, "loss": 5.740936279296875, "elapsed_time": 36.28695750236511, "prnt": false}
{"event": "training_step", "timestamp": 1769152179.5070326, "step": 434, "max_steps": 938, "loss": 5.776384353637695, "elapsed_time": 36.36291146278381, "prnt": false}
{"event": "training_step", "timestamp": 1769152179.5835192, "step": 435, "max_steps": 938, "loss": 5.733213424682617, "elapsed_time": 36.43928551673889, "prnt": false}
{"event": "training_step", "timestamp": 1769152179.6599448, "step": 436, "max_steps": 938, "loss": 5.681432247161865, "elapsed_time": 36.515567779541016, "prnt": false}
{"event": "training_step", "timestamp": 1769152179.7365236, "step": 437, "max_steps": 938, "loss": 5.629391193389893, "elapsed_time": 36.592074155807495, "prnt": false}
{"event": "training_step", "timestamp": 1769152179.8127615, "step": 438, "max_steps": 938, "loss": 5.7507829666137695, "elapsed_time": 36.668609380722046, "prnt": false}
{"event": "training_step", "timestamp": 1769152179.8892672, "step": 439, "max_steps": 938, "loss": 5.636958599090576, "elapsed_time": 36.74488615989685, "prnt": false}
{"event": "training_step", "timestamp": 1769152179.965628, "step": 440, "max_steps": 938, "loss": 5.655381202697754, "elapsed_time": 36.82183575630188, "prnt": false}
{"event": "validation_step", "timestamp": 1769152180.3011372, "step": 440, "max_steps": 938, "loss": 1.3023662456924514, "elapsed_time": 36.82183575630188}
{"event": "training_step", "timestamp": 1769152180.3779333, "step": 441, "max_steps": 938, "loss": 5.70835542678833, "elapsed_time": 37.233625173568726, "prnt": false}
{"event": "training_step", "timestamp": 1769152180.4543736, "step": 442, "max_steps": 938, "loss": 5.707021713256836, "elapsed_time": 37.31025743484497, "prnt": false}
{"event": "training_step", "timestamp": 1769152180.5307214, "step": 443, "max_steps": 938, "loss": 5.666787624359131, "elapsed_time": 37.38649106025696, "prnt": false}
{"event": "training_step", "timestamp": 1769152180.6069794, "step": 444, "max_steps": 938, "loss": 5.649582386016846, "elapsed_time": 37.46271848678589, "prnt": false}
{"event": "training_step", "timestamp": 1769152180.68316, "step": 445, "max_steps": 938, "loss": 5.6548991203308105, "elapsed_time": 37.53917193412781, "prnt": false}
{"event": "training_step", "timestamp": 1769152180.759629, "step": 446, "max_steps": 938, "loss": 5.674068450927734, "elapsed_time": 37.61519646644592, "prnt": false}
{"event": "training_step", "timestamp": 1769152180.8362184, "step": 447, "max_steps": 938, "loss": 5.697256565093994, "elapsed_time": 37.691736459732056, "prnt": false}
{"event": "training_step", "timestamp": 1769152180.9126954, "step": 448, "max_steps": 938, "loss": 5.691808700561523, "elapsed_time": 37.76829743385315, "prnt": false}
{"event": "training_step", "timestamp": 1769152180.9891653, "step": 449, "max_steps": 938, "loss": 5.711302757263184, "elapsed_time": 37.84480333328247, "prnt": false}
{"event": "training_step", "timestamp": 1769152181.0653694, "step": 450, "max_steps": 938, "loss": 5.644824981689453, "elapsed_time": 37.92118811607361, "prnt": false}
{"event": "training_step", "timestamp": 1769152181.1416953, "step": 451, "max_steps": 938, "loss": 5.645857810974121, "elapsed_time": 37.99790000915527, "prnt": false}
{"event": "training_step", "timestamp": 1769152181.2180464, "step": 452, "max_steps": 938, "loss": 5.688358783721924, "elapsed_time": 38.0737464427948, "prnt": false}
{"event": "training_step", "timestamp": 1769152181.2943919, "step": 453, "max_steps": 938, "loss": 5.678066730499268, "elapsed_time": 38.15034794807434, "prnt": false}
{"event": "training_step", "timestamp": 1769152181.3706903, "step": 454, "max_steps": 938, "loss": 5.633902072906494, "elapsed_time": 38.2264404296875, "prnt": false}
{"event": "training_step", "timestamp": 1769152181.447217, "step": 455, "max_steps": 938, "loss": 5.7158122062683105, "elapsed_time": 38.30365824699402, "prnt": false}
{"event": "training_step", "timestamp": 1769152181.5235028, "step": 456, "max_steps": 938, "loss": 5.603602409362793, "elapsed_time": 38.37939691543579, "prnt": false}
{"event": "training_step", "timestamp": 1769152181.6000345, "step": 457, "max_steps": 938, "loss": 5.666320323944092, "elapsed_time": 38.45568299293518, "prnt": false}
{"event": "training_step", "timestamp": 1769152181.6763318, "step": 458, "max_steps": 938, "loss": 5.62617826461792, "elapsed_time": 38.53201723098755, "prnt": false}
{"event": "training_step", "timestamp": 1769152181.752583, "step": 459, "max_steps": 938, "loss": 5.672116279602051, "elapsed_time": 38.60845971107483, "prnt": false}
{"event": "training_step", "timestamp": 1769152181.8289256, "step": 460, "max_steps": 938, "loss": 5.643451690673828, "elapsed_time": 38.68477535247803, "prnt": false}
{"event": "training_step", "timestamp": 1769152181.9051952, "step": 461, "max_steps": 938, "loss": 5.706519603729248, "elapsed_time": 38.76116752624512, "prnt": false}
{"event": "training_step", "timestamp": 1769152181.981411, "step": 462, "max_steps": 938, "loss": 5.600841999053955, "elapsed_time": 38.83730411529541, "prnt": false}
{"event": "training_step", "timestamp": 1769152182.057952, "step": 463, "max_steps": 938, "loss": 5.644751071929932, "elapsed_time": 38.913614988327026, "prnt": false}
{"event": "training_step", "timestamp": 1769152182.1343603, "step": 464, "max_steps": 938, "loss": 5.685395240783691, "elapsed_time": 38.99021863937378, "prnt": false}
{"event": "training_step", "timestamp": 1769152182.2107537, "step": 465, "max_steps": 938, "loss": 5.676093101501465, "elapsed_time": 39.066452741622925, "prnt": false}
{"event": "training_step", "timestamp": 1769152182.2870781, "step": 466, "max_steps": 938, "loss": 5.605541706085205, "elapsed_time": 39.142786741256714, "prnt": false}
{"event": "training_step", "timestamp": 1769152182.3632784, "step": 467, "max_steps": 938, "loss": 5.664431571960449, "elapsed_time": 39.21916103363037, "prnt": false}
{"event": "training_step", "timestamp": 1769152182.4397762, "step": 468, "max_steps": 938, "loss": 5.530472278594971, "elapsed_time": 39.295382499694824, "prnt": false}
{"event": "training_step", "timestamp": 1769152182.516208, "step": 469, "max_steps": 938, "loss": 5.6407928466796875, "elapsed_time": 39.37201499938965, "prnt": false}
{"event": "training_step", "timestamp": 1769152182.5926702, "step": 470, "max_steps": 938, "loss": 5.647448539733887, "elapsed_time": 39.44826006889343, "prnt": false}
{"event": "training_step", "timestamp": 1769152182.6691093, "step": 471, "max_steps": 938, "loss": 5.689823627471924, "elapsed_time": 39.52476739883423, "prnt": false}
{"event": "training_step", "timestamp": 1769152182.7453926, "step": 472, "max_steps": 938, "loss": 5.649551868438721, "elapsed_time": 39.6011528968811, "prnt": false}
{"event": "training_step", "timestamp": 1769152182.8217652, "step": 473, "max_steps": 938, "loss": 5.598883152008057, "elapsed_time": 39.67759084701538, "prnt": false}
{"event": "training_step", "timestamp": 1769152182.8983362, "step": 474, "max_steps": 938, "loss": 5.6366071701049805, "elapsed_time": 39.75397300720215, "prnt": false}
{"event": "training_step", "timestamp": 1769152182.9747062, "step": 475, "max_steps": 938, "loss": 5.513678550720215, "elapsed_time": 39.83059883117676, "prnt": false}
{"event": "training_step", "timestamp": 1769152183.051084, "step": 476, "max_steps": 938, "loss": 5.597619533538818, "elapsed_time": 39.90686392784119, "prnt": false}
{"event": "training_step", "timestamp": 1769152183.1274946, "step": 477, "max_steps": 938, "loss": 5.665139675140381, "elapsed_time": 39.983208656311035, "prnt": false}
{"event": "training_step", "timestamp": 1769152183.2037232, "step": 478, "max_steps": 938, "loss": 5.584072589874268, "elapsed_time": 40.05952715873718, "prnt": false}
{"event": "training_step", "timestamp": 1769152183.2801745, "step": 479, "max_steps": 938, "loss": 5.661247730255127, "elapsed_time": 40.13596272468567, "prnt": false}
{"event": "training_step", "timestamp": 1769152183.3565395, "step": 480, "max_steps": 938, "loss": 5.590826034545898, "elapsed_time": 40.21221351623535, "prnt": false}
{"event": "training_step", "timestamp": 1769152183.4329238, "step": 481, "max_steps": 938, "loss": 5.574187278747559, "elapsed_time": 40.28882169723511, "prnt": false}
{"event": "training_step", "timestamp": 1769152183.5093613, "step": 482, "max_steps": 938, "loss": 5.567800998687744, "elapsed_time": 40.36518430709839, "prnt": false}
{"event": "training_step", "timestamp": 1769152183.5857167, "step": 483, "max_steps": 938, "loss": 5.6207990646362305, "elapsed_time": 40.44165921211243, "prnt": false}
{"event": "training_step", "timestamp": 1769152183.661981, "step": 484, "max_steps": 938, "loss": 5.61641788482666, "elapsed_time": 40.51920294761658, "prnt": false}
{"event": "validation_step", "timestamp": 1769152183.997468, "step": 484, "max_steps": 938, "loss": 1.2923579768629796, "elapsed_time": 40.51920294761658}
{"event": "training_step", "timestamp": 1769152184.074178, "step": 485, "max_steps": 938, "loss": 5.621493339538574, "elapsed_time": 40.93016958236694, "prnt": false}
{"event": "training_step", "timestamp": 1769152184.1505558, "step": 486, "max_steps": 938, "loss": 5.564470291137695, "elapsed_time": 41.00624656677246, "prnt": false}
{"event": "training_step", "timestamp": 1769152184.2270093, "step": 487, "max_steps": 938, "loss": 5.610598087310791, "elapsed_time": 41.082616090774536, "prnt": false}
{"event": "training_step", "timestamp": 1769152184.3032894, "step": 488, "max_steps": 938, "loss": 5.56745719909668, "elapsed_time": 41.159167766571045, "prnt": false}
{"event": "training_step", "timestamp": 1769152184.3797784, "step": 489, "max_steps": 938, "loss": 5.6208977699279785, "elapsed_time": 41.23538684844971, "prnt": false}
{"event": "training_step", "timestamp": 1769152184.4563248, "step": 490, "max_steps": 938, "loss": 5.6499223709106445, "elapsed_time": 41.31183385848999, "prnt": false}
{"event": "training_step", "timestamp": 1769152184.5328665, "step": 491, "max_steps": 938, "loss": 5.552635669708252, "elapsed_time": 41.38849639892578, "prnt": false}
{"event": "training_step", "timestamp": 1769152184.609213, "step": 492, "max_steps": 938, "loss": 5.6125264167785645, "elapsed_time": 41.46484613418579, "prnt": false}
{"event": "training_step", "timestamp": 1769152184.6855574, "step": 493, "max_steps": 938, "loss": 5.53502893447876, "elapsed_time": 41.54128336906433, "prnt": false}
{"event": "training_step", "timestamp": 1769152184.7619016, "step": 494, "max_steps": 938, "loss": 5.604238986968994, "elapsed_time": 41.6177077293396, "prnt": false}
{"event": "training_step", "timestamp": 1769152184.8385553, "step": 495, "max_steps": 938, "loss": 5.575456619262695, "elapsed_time": 41.6941614151001, "prnt": false}
{"event": "training_step", "timestamp": 1769152184.914894, "step": 496, "max_steps": 938, "loss": 5.600512504577637, "elapsed_time": 41.77056884765625, "prnt": false}
{"event": "training_step", "timestamp": 1769152184.9915369, "step": 497, "max_steps": 938, "loss": 5.532352447509766, "elapsed_time": 41.84699511528015, "prnt": false}
{"event": "training_step", "timestamp": 1769152185.0678706, "step": 498, "max_steps": 938, "loss": 5.578824996948242, "elapsed_time": 41.92350792884827, "prnt": false}
{"event": "training_step", "timestamp": 1769152185.144275, "step": 499, "max_steps": 938, "loss": 5.558471202850342, "elapsed_time": 41.99993109703064, "prnt": false}
{"event": "training_step", "timestamp": 1769152185.2205343, "step": 500, "max_steps": 938, "loss": 5.627093315124512, "elapsed_time": 42.076252937316895, "prnt": false}
{"event": "training_step", "timestamp": 1769152185.2971838, "step": 501, "max_steps": 938, "loss": 5.5379791259765625, "elapsed_time": 42.15265679359436, "prnt": false}
{"event": "training_step", "timestamp": 1769152185.3735476, "step": 502, "max_steps": 938, "loss": 5.5439019203186035, "elapsed_time": 42.22919273376465, "prnt": false}
{"event": "training_step", "timestamp": 1769152185.4501128, "step": 503, "max_steps": 938, "loss": 5.57932710647583, "elapsed_time": 42.30581712722778, "prnt": false}
{"event": "training_step", "timestamp": 1769152185.5266604, "step": 504, "max_steps": 938, "loss": 5.581185340881348, "elapsed_time": 42.38231062889099, "prnt": false}
{"event": "training_step", "timestamp": 1769152185.6029887, "step": 505, "max_steps": 938, "loss": 5.640623569488525, "elapsed_time": 42.45885133743286, "prnt": false}
{"event": "training_step", "timestamp": 1769152185.6794522, "step": 506, "max_steps": 938, "loss": 5.610892295837402, "elapsed_time": 42.53496599197388, "prnt": false}
{"event": "training_step", "timestamp": 1769152185.7560382, "step": 507, "max_steps": 938, "loss": 5.515774726867676, "elapsed_time": 42.611560344696045, "prnt": false}
{"event": "training_step", "timestamp": 1769152185.8323648, "step": 508, "max_steps": 938, "loss": 5.565853118896484, "elapsed_time": 42.68803787231445, "prnt": false}
{"event": "training_step", "timestamp": 1769152185.9087572, "step": 509, "max_steps": 938, "loss": 5.577666282653809, "elapsed_time": 42.7645263671875, "prnt": false}
{"event": "training_step", "timestamp": 1769152185.985116, "step": 510, "max_steps": 938, "loss": 5.5777740478515625, "elapsed_time": 42.84081816673279, "prnt": false}
{"event": "training_step", "timestamp": 1769152186.0614126, "step": 511, "max_steps": 938, "loss": 5.514004230499268, "elapsed_time": 42.9172043800354, "prnt": false}
{"event": "training_step", "timestamp": 1769152186.1380606, "step": 512, "max_steps": 938, "loss": 5.509517669677734, "elapsed_time": 42.99368405342102, "prnt": false}
{"event": "training_step", "timestamp": 1769152186.2147486, "step": 513, "max_steps": 938, "loss": 5.523921012878418, "elapsed_time": 43.07019329071045, "prnt": false}
{"event": "training_step", "timestamp": 1769152186.2913446, "step": 514, "max_steps": 938, "loss": 5.535713195800781, "elapsed_time": 43.14676022529602, "prnt": false}
{"event": "training_step", "timestamp": 1769152186.367835, "step": 515, "max_steps": 938, "loss": 5.552309989929199, "elapsed_time": 43.22346329689026, "prnt": false}
{"event": "training_step", "timestamp": 1769152186.4441454, "step": 516, "max_steps": 938, "loss": 5.533769130706787, "elapsed_time": 43.2997932434082, "prnt": false}
{"event": "training_step", "timestamp": 1769152186.5204751, "step": 517, "max_steps": 938, "loss": 5.610414028167725, "elapsed_time": 43.376269817352295, "prnt": false}
{"event": "training_step", "timestamp": 1769152186.597029, "step": 518, "max_steps": 938, "loss": 5.521139621734619, "elapsed_time": 43.452510595321655, "prnt": false}
{"event": "training_step", "timestamp": 1769152186.6734169, "step": 519, "max_steps": 938, "loss": 5.595906734466553, "elapsed_time": 43.52913165092468, "prnt": false}
{"event": "training_step", "timestamp": 1769152186.7497737, "step": 520, "max_steps": 938, "loss": 5.428657054901123, "elapsed_time": 43.605400800704956, "prnt": false}
{"event": "training_step", "timestamp": 1769152186.826213, "step": 521, "max_steps": 938, "loss": 5.499260902404785, "elapsed_time": 43.68189787864685, "prnt": false}
{"event": "training_step", "timestamp": 1769152186.9024973, "step": 522, "max_steps": 938, "loss": 5.543742656707764, "elapsed_time": 43.758416175842285, "prnt": false}
{"event": "training_step", "timestamp": 1769152186.9789631, "step": 523, "max_steps": 938, "loss": 5.512328147888184, "elapsed_time": 43.834603786468506, "prnt": false}
{"event": "training_step", "timestamp": 1769152187.0556183, "step": 524, "max_steps": 938, "loss": 5.459954738616943, "elapsed_time": 43.91100788116455, "prnt": false}
{"event": "training_step", "timestamp": 1769152187.1320462, "step": 525, "max_steps": 938, "loss": 5.528670310974121, "elapsed_time": 43.98788523674011, "prnt": false}
{"event": "training_step", "timestamp": 1769152187.2084796, "step": 526, "max_steps": 938, "loss": 5.552863597869873, "elapsed_time": 44.06409025192261, "prnt": false}
{"event": "training_step", "timestamp": 1769152187.2849123, "step": 527, "max_steps": 938, "loss": 5.519829750061035, "elapsed_time": 44.14072942733765, "prnt": false}
{"event": "training_step", "timestamp": 1769152187.361261, "step": 528, "max_steps": 938, "loss": 5.511575698852539, "elapsed_time": 44.21695876121521, "prnt": false}
{"event": "validation_step", "timestamp": 1769152187.697243, "step": 528, "max_steps": 938, "loss": 1.2837118999898756, "elapsed_time": 44.21695876121521}
{"event": "training_step", "timestamp": 1769152187.7743542, "step": 529, "max_steps": 938, "loss": 5.474255561828613, "elapsed_time": 44.6300413608551, "prnt": false}
{"event": "training_step", "timestamp": 1769152187.8508067, "step": 530, "max_steps": 938, "loss": 5.556352615356445, "elapsed_time": 44.70647144317627, "prnt": false}
{"event": "training_step", "timestamp": 1769152187.9273512, "step": 531, "max_steps": 938, "loss": 5.481370449066162, "elapsed_time": 44.78302335739136, "prnt": false}
{"event": "training_step", "timestamp": 1769152188.003821, "step": 532, "max_steps": 938, "loss": 5.489123821258545, "elapsed_time": 44.85949730873108, "prnt": false}
{"event": "training_step", "timestamp": 1769152188.0802152, "step": 533, "max_steps": 938, "loss": 5.5250725746154785, "elapsed_time": 44.93620467185974, "prnt": false}
{"event": "training_step", "timestamp": 1769152188.1567993, "step": 534, "max_steps": 938, "loss": 5.578476428985596, "elapsed_time": 45.01226592063904, "prnt": false}
{"event": "training_step", "timestamp": 1769152188.233559, "step": 535, "max_steps": 938, "loss": 5.49904727935791, "elapsed_time": 45.08891153335571, "prnt": false}
{"event": "training_step", "timestamp": 1769152188.3100846, "step": 536, "max_steps": 938, "loss": 5.482175827026367, "elapsed_time": 45.16554141044617, "prnt": false}
{"event": "training_step", "timestamp": 1769152188.3867645, "step": 537, "max_steps": 938, "loss": 5.512513637542725, "elapsed_time": 45.24223017692566, "prnt": false}
{"event": "training_step", "timestamp": 1769152188.4631352, "step": 538, "max_steps": 938, "loss": 5.449398040771484, "elapsed_time": 45.31872224807739, "prnt": false}
{"event": "training_step", "timestamp": 1769152188.5394814, "step": 539, "max_steps": 938, "loss": 5.430924415588379, "elapsed_time": 45.395270586013794, "prnt": false}
{"event": "training_step", "timestamp": 1769152188.6160977, "step": 540, "max_steps": 938, "loss": 5.490859031677246, "elapsed_time": 45.47158765792847, "prnt": false}
{"event": "training_step", "timestamp": 1769152188.692532, "step": 541, "max_steps": 938, "loss": 5.477237224578857, "elapsed_time": 45.54817056655884, "prnt": false}
{"event": "training_step", "timestamp": 1769152188.7690735, "step": 542, "max_steps": 938, "loss": 5.479494094848633, "elapsed_time": 45.624470710754395, "prnt": false}
{"event": "training_step", "timestamp": 1769152188.8454697, "step": 543, "max_steps": 938, "loss": 5.4992451667785645, "elapsed_time": 45.70119118690491, "prnt": false}
{"event": "training_step", "timestamp": 1769152188.921798, "step": 544, "max_steps": 938, "loss": 5.5535688400268555, "elapsed_time": 45.77755260467529, "prnt": false}
{"event": "training_step", "timestamp": 1769152188.9984238, "step": 545, "max_steps": 938, "loss": 5.552446365356445, "elapsed_time": 45.853907346725464, "prnt": false}
{"event": "training_step", "timestamp": 1769152189.07492, "step": 546, "max_steps": 938, "loss": 5.562847137451172, "elapsed_time": 45.93054676055908, "prnt": false}
{"event": "training_step", "timestamp": 1769152189.1513958, "step": 547, "max_steps": 938, "loss": 5.515374660491943, "elapsed_time": 46.00709939002991, "prnt": false}
{"event": "training_step", "timestamp": 1769152189.227788, "step": 548, "max_steps": 938, "loss": 5.491822719573975, "elapsed_time": 46.083415269851685, "prnt": false}
{"event": "training_step", "timestamp": 1769152189.3041825, "step": 549, "max_steps": 938, "loss": 5.532413959503174, "elapsed_time": 46.15988326072693, "prnt": false}
{"event": "training_step", "timestamp": 1769152189.3804762, "step": 550, "max_steps": 938, "loss": 5.446500301361084, "elapsed_time": 46.236194372177124, "prnt": false}
{"event": "training_step", "timestamp": 1769152189.4571853, "step": 551, "max_steps": 938, "loss": 5.4153947830200195, "elapsed_time": 46.31257629394531, "prnt": false}
{"event": "training_step", "timestamp": 1769152189.5340211, "step": 552, "max_steps": 938, "loss": 5.494930267333984, "elapsed_time": 46.39012408256531, "prnt": false}
{"event": "training_step", "timestamp": 1769152189.610636, "step": 553, "max_steps": 938, "loss": 5.490766525268555, "elapsed_time": 46.46616792678833, "prnt": false}
{"event": "training_step", "timestamp": 1769152189.687095, "step": 554, "max_steps": 938, "loss": 5.493333339691162, "elapsed_time": 46.54265546798706, "prnt": false}
{"event": "training_step", "timestamp": 1769152189.7635355, "step": 555, "max_steps": 938, "loss": 5.420206069946289, "elapsed_time": 46.619285583496094, "prnt": false}
{"event": "training_step", "timestamp": 1769152189.8398206, "step": 556, "max_steps": 938, "loss": 5.494364261627197, "elapsed_time": 46.69553327560425, "prnt": false}
{"event": "training_step", "timestamp": 1769152189.9164844, "step": 557, "max_steps": 938, "loss": 5.452528953552246, "elapsed_time": 46.77191925048828, "prnt": false}
{"event": "training_step", "timestamp": 1769152189.9929538, "step": 558, "max_steps": 938, "loss": 5.5087995529174805, "elapsed_time": 46.84846305847168, "prnt": false}
{"event": "training_step", "timestamp": 1769152190.069559, "step": 559, "max_steps": 938, "loss": 5.508914470672607, "elapsed_time": 46.925068855285645, "prnt": false}
{"event": "training_step", "timestamp": 1769152190.1460757, "step": 560, "max_steps": 938, "loss": 5.509159564971924, "elapsed_time": 47.001530170440674, "prnt": false}
{"event": "training_step", "timestamp": 1769152190.2225065, "step": 561, "max_steps": 938, "loss": 5.471937656402588, "elapsed_time": 47.07815885543823, "prnt": false}
{"event": "training_step", "timestamp": 1769152190.2991292, "step": 562, "max_steps": 938, "loss": 5.5189127922058105, "elapsed_time": 47.155617237091064, "prnt": false}
{"event": "training_step", "timestamp": 1769152190.3759503, "step": 563, "max_steps": 938, "loss": 5.432032108306885, "elapsed_time": 47.23171949386597, "prnt": false}
{"event": "training_step", "timestamp": 1769152190.452329, "step": 564, "max_steps": 938, "loss": 5.485553741455078, "elapsed_time": 47.307968854904175, "prnt": false}
{"event": "training_step", "timestamp": 1769152190.5288007, "step": 565, "max_steps": 938, "loss": 5.421792507171631, "elapsed_time": 47.38443446159363, "prnt": false}
{"event": "training_step", "timestamp": 1769152190.6052136, "step": 566, "max_steps": 938, "loss": 5.416916847229004, "elapsed_time": 47.460882902145386, "prnt": false}
{"event": "training_step", "timestamp": 1769152190.681583, "step": 567, "max_steps": 938, "loss": 5.448525905609131, "elapsed_time": 47.53729319572449, "prnt": false}
{"event": "training_step", "timestamp": 1769152190.7579675, "step": 568, "max_steps": 938, "loss": 5.449954986572266, "elapsed_time": 47.613584995269775, "prnt": false}
{"event": "training_step", "timestamp": 1769152190.83461, "step": 569, "max_steps": 938, "loss": 5.450901508331299, "elapsed_time": 47.690067291259766, "prnt": false}
{"event": "training_step", "timestamp": 1769152190.9111297, "step": 570, "max_steps": 938, "loss": 5.4767746925354, "elapsed_time": 47.766661167144775, "prnt": false}
{"event": "training_step", "timestamp": 1769152190.9876072, "step": 571, "max_steps": 938, "loss": 5.457975387573242, "elapsed_time": 47.8431658744812, "prnt": false}
{"event": "training_step", "timestamp": 1769152191.0640264, "step": 572, "max_steps": 938, "loss": 5.488389015197754, "elapsed_time": 47.91968822479248, "prnt": false}
{"event": "validation_step", "timestamp": 1769152191.400156, "step": 572, "max_steps": 938, "loss": 1.2783313530835299, "elapsed_time": 47.91968822479248}
{"event": "training_step", "timestamp": 1769152191.4772758, "step": 573, "max_steps": 938, "loss": 5.4582743644714355, "elapsed_time": 48.332796812057495, "prnt": false}
{"event": "training_step", "timestamp": 1769152191.5541186, "step": 574, "max_steps": 938, "loss": 5.400794506072998, "elapsed_time": 48.40998387336731, "prnt": false}
{"event": "training_step", "timestamp": 1769152191.6308722, "step": 575, "max_steps": 938, "loss": 5.409511089324951, "elapsed_time": 48.486403703689575, "prnt": false}
{"event": "training_step", "timestamp": 1769152191.707348, "step": 576, "max_steps": 938, "loss": 5.437096118927002, "elapsed_time": 48.562905073165894, "prnt": false}
{"event": "training_step", "timestamp": 1769152191.7838056, "step": 577, "max_steps": 938, "loss": 5.432143211364746, "elapsed_time": 48.639410972595215, "prnt": false}
{"event": "training_step", "timestamp": 1769152191.8601594, "step": 578, "max_steps": 938, "loss": 5.443896770477295, "elapsed_time": 48.715803384780884, "prnt": false}
{"event": "training_step", "timestamp": 1769152191.936863, "step": 579, "max_steps": 938, "loss": 5.462038040161133, "elapsed_time": 48.7922158241272, "prnt": false}
{"event": "training_step", "timestamp": 1769152192.0133562, "step": 580, "max_steps": 938, "loss": 5.399932861328125, "elapsed_time": 48.868945360183716, "prnt": false}
{"event": "training_step", "timestamp": 1769152192.0899007, "step": 581, "max_steps": 938, "loss": 5.437366962432861, "elapsed_time": 48.94546413421631, "prnt": false}
{"event": "training_step", "timestamp": 1769152192.1664732, "step": 582, "max_steps": 938, "loss": 5.426079750061035, "elapsed_time": 49.02215909957886, "prnt": false}
{"event": "training_step", "timestamp": 1769152192.2430072, "step": 583, "max_steps": 938, "loss": 5.434945583343506, "elapsed_time": 49.098679542541504, "prnt": false}
{"event": "training_step", "timestamp": 1769152192.3193731, "step": 584, "max_steps": 938, "loss": 5.495616912841797, "elapsed_time": 49.175058364868164, "prnt": false}
{"event": "training_step", "timestamp": 1769152192.396113, "step": 585, "max_steps": 938, "loss": 5.426833629608154, "elapsed_time": 49.25143122673035, "prnt": false}
{"event": "training_step", "timestamp": 1769152192.472668, "step": 586, "max_steps": 938, "loss": 5.412781238555908, "elapsed_time": 49.328147888183594, "prnt": false}
{"event": "training_step", "timestamp": 1769152192.5491388, "step": 587, "max_steps": 938, "loss": 5.414606094360352, "elapsed_time": 49.40480995178223, "prnt": false}
{"event": "training_step", "timestamp": 1769152192.625729, "step": 588, "max_steps": 938, "loss": 5.363658428192139, "elapsed_time": 49.48117423057556, "prnt": false}
{"event": "training_step", "timestamp": 1769152192.7021928, "step": 589, "max_steps": 938, "loss": 5.442540645599365, "elapsed_time": 49.55779981613159, "prnt": false}
{"event": "training_step", "timestamp": 1769152192.778547, "step": 590, "max_steps": 938, "loss": 5.4464921951293945, "elapsed_time": 49.63419246673584, "prnt": false}
{"event": "training_step", "timestamp": 1769152192.8552418, "step": 591, "max_steps": 938, "loss": 5.461915493011475, "elapsed_time": 49.71063852310181, "prnt": false}
{"event": "training_step", "timestamp": 1769152192.9321067, "step": 592, "max_steps": 938, "loss": 5.380571365356445, "elapsed_time": 49.78759026527405, "prnt": false}
{"event": "training_step", "timestamp": 1769152193.008747, "step": 593, "max_steps": 938, "loss": 5.4578166007995605, "elapsed_time": 49.86428380012512, "prnt": false}
{"event": "training_step", "timestamp": 1769152193.0853775, "step": 594, "max_steps": 938, "loss": 5.443045616149902, "elapsed_time": 49.94079303741455, "prnt": false}
{"event": "training_step", "timestamp": 1769152193.161984, "step": 595, "max_steps": 938, "loss": 5.406434059143066, "elapsed_time": 50.01760411262512, "prnt": false}
{"event": "training_step", "timestamp": 1769152193.2384455, "step": 596, "max_steps": 938, "loss": 5.297722339630127, "elapsed_time": 50.09440875053406, "prnt": false}
{"event": "training_step", "timestamp": 1769152193.3152752, "step": 597, "max_steps": 938, "loss": 5.342611789703369, "elapsed_time": 50.1707067489624, "prnt": false}
{"event": "training_step", "timestamp": 1769152193.3918803, "step": 598, "max_steps": 938, "loss": 5.395490646362305, "elapsed_time": 50.24738812446594, "prnt": false}
{"event": "training_step", "timestamp": 1769152193.4684954, "step": 599, "max_steps": 938, "loss": 5.363986015319824, "elapsed_time": 50.323967933654785, "prnt": false}
{"event": "training_step", "timestamp": 1769152193.545203, "step": 600, "max_steps": 938, "loss": 5.418328762054443, "elapsed_time": 50.40091586112976, "prnt": false}
{"event": "training_step", "timestamp": 1769152193.6217725, "step": 601, "max_steps": 938, "loss": 5.380620956420898, "elapsed_time": 50.47759389877319, "prnt": false}
{"event": "training_step", "timestamp": 1769152193.698187, "step": 602, "max_steps": 938, "loss": 5.370730400085449, "elapsed_time": 50.554004430770874, "prnt": false}
{"event": "training_step", "timestamp": 1769152193.7749722, "step": 603, "max_steps": 938, "loss": 5.47998571395874, "elapsed_time": 50.63038086891174, "prnt": false}
{"event": "training_step", "timestamp": 1769152193.8515363, "step": 604, "max_steps": 938, "loss": 5.405165195465088, "elapsed_time": 50.70698523521423, "prnt": false}
{"event": "training_step", "timestamp": 1769152193.9281046, "step": 605, "max_steps": 938, "loss": 5.431148529052734, "elapsed_time": 50.78363299369812, "prnt": false}
{"event": "training_step", "timestamp": 1769152194.0047398, "step": 606, "max_steps": 938, "loss": 5.393622398376465, "elapsed_time": 50.86015725135803, "prnt": false}
{"event": "training_step", "timestamp": 1769152194.0812755, "step": 607, "max_steps": 938, "loss": 5.343544006347656, "elapsed_time": 50.93686008453369, "prnt": false}
{"event": "training_step", "timestamp": 1769152194.1577337, "step": 608, "max_steps": 938, "loss": 5.4372477531433105, "elapsed_time": 51.01326394081116, "prnt": false}
{"event": "training_step", "timestamp": 1769152194.2344723, "step": 609, "max_steps": 938, "loss": 5.328380584716797, "elapsed_time": 51.08985781669617, "prnt": false}
{"event": "training_step", "timestamp": 1769152194.3112216, "step": 610, "max_steps": 938, "loss": 5.423015117645264, "elapsed_time": 51.16647219657898, "prnt": false}
{"event": "training_step", "timestamp": 1769152194.3878834, "step": 611, "max_steps": 938, "loss": 5.3597636222839355, "elapsed_time": 51.243403673172, "prnt": false}
{"event": "training_step", "timestamp": 1769152194.464526, "step": 612, "max_steps": 938, "loss": 5.3605570793151855, "elapsed_time": 51.319880962371826, "prnt": false}
{"event": "training_step", "timestamp": 1769152194.5410883, "step": 613, "max_steps": 938, "loss": 5.36963415145874, "elapsed_time": 51.396687507629395, "prnt": false}
{"event": "training_step", "timestamp": 1769152194.6174014, "step": 614, "max_steps": 938, "loss": 5.381314754486084, "elapsed_time": 51.473113775253296, "prnt": false}
{"event": "training_step", "timestamp": 1769152194.6942217, "step": 615, "max_steps": 938, "loss": 5.405447483062744, "elapsed_time": 51.549503803253174, "prnt": false}
{"event": "training_step", "timestamp": 1769152194.7706935, "step": 616, "max_steps": 938, "loss": 5.394904136657715, "elapsed_time": 51.62636184692383, "prnt": false}
{"event": "validation_step", "timestamp": 1769152195.1072512, "step": 616, "max_steps": 938, "loss": 1.2742612556973072, "elapsed_time": 51.62636184692383}
{"event": "training_step", "timestamp": 1769152195.1842132, "step": 617, "max_steps": 938, "loss": 5.3964314460754395, "elapsed_time": 52.03963017463684, "prnt": false}
{"event": "training_step", "timestamp": 1769152195.260683, "step": 618, "max_steps": 938, "loss": 5.3818864822387695, "elapsed_time": 52.11639904975891, "prnt": false}
{"event": "training_step", "timestamp": 1769152195.3371668, "step": 619, "max_steps": 938, "loss": 5.388057708740234, "elapsed_time": 52.19278860092163, "prnt": false}
{"event": "training_step", "timestamp": 1769152195.413881, "step": 620, "max_steps": 938, "loss": 5.336164951324463, "elapsed_time": 52.269171476364136, "prnt": false}
{"event": "training_step", "timestamp": 1769152195.490597, "step": 621, "max_steps": 938, "loss": 5.356884479522705, "elapsed_time": 52.346232414245605, "prnt": false}
{"event": "training_step", "timestamp": 1769152195.567206, "step": 622, "max_steps": 938, "loss": 5.370734214782715, "elapsed_time": 52.42322874069214, "prnt": false}
{"event": "training_step", "timestamp": 1769152195.644019, "step": 623, "max_steps": 938, "loss": 5.4142560958862305, "elapsed_time": 52.499664306640625, "prnt": false}
{"event": "training_step", "timestamp": 1769152195.7203977, "step": 624, "max_steps": 938, "loss": 5.430751323699951, "elapsed_time": 52.57611060142517, "prnt": false}
{"event": "training_step", "timestamp": 1769152195.7968352, "step": 625, "max_steps": 938, "loss": 5.398900985717773, "elapsed_time": 52.652496576309204, "prnt": false}
{"event": "training_step", "timestamp": 1769152195.873459, "step": 626, "max_steps": 938, "loss": 5.349729061126709, "elapsed_time": 52.72884702682495, "prnt": false}
{"event": "training_step", "timestamp": 1769152195.950033, "step": 627, "max_steps": 938, "loss": 5.431042194366455, "elapsed_time": 52.80558681488037, "prnt": false}
{"event": "training_step", "timestamp": 1769152196.026611, "step": 628, "max_steps": 938, "loss": 5.347290992736816, "elapsed_time": 52.882153272628784, "prnt": false}
{"event": "training_step", "timestamp": 1769152196.1034844, "step": 629, "max_steps": 938, "loss": 5.350642681121826, "elapsed_time": 52.95946550369263, "prnt": false}
{"event": "training_step", "timestamp": 1769152196.1799, "step": 630, "max_steps": 938, "loss": 5.302170753479004, "elapsed_time": 53.03551697731018, "prnt": false}
{"event": "training_step", "timestamp": 1769152196.256524, "step": 631, "max_steps": 938, "loss": 5.339073181152344, "elapsed_time": 53.11208534240723, "prnt": false}
{"event": "training_step", "timestamp": 1769152196.3331838, "step": 632, "max_steps": 938, "loss": 5.336645126342773, "elapsed_time": 53.18853187561035, "prnt": false}
{"event": "training_step", "timestamp": 1769152196.4098768, "step": 633, "max_steps": 938, "loss": 5.333662509918213, "elapsed_time": 53.265209674835205, "prnt": false}
{"event": "training_step", "timestamp": 1769152196.486583, "step": 634, "max_steps": 938, "loss": 5.426033020019531, "elapsed_time": 53.34197449684143, "prnt": false}
{"event": "training_step", "timestamp": 1769152196.5631914, "step": 635, "max_steps": 938, "loss": 5.424651145935059, "elapsed_time": 53.41878342628479, "prnt": false}
{"event": "training_step", "timestamp": 1769152196.639609, "step": 636, "max_steps": 938, "loss": 5.332524299621582, "elapsed_time": 53.495206356048584, "prnt": false}
{"event": "training_step", "timestamp": 1769152196.7162657, "step": 637, "max_steps": 938, "loss": 5.337418556213379, "elapsed_time": 53.57191586494446, "prnt": false}
{"event": "training_step", "timestamp": 1769152196.7929258, "step": 638, "max_steps": 938, "loss": 5.413523197174072, "elapsed_time": 53.64827036857605, "prnt": false}
{"event": "training_step", "timestamp": 1769152196.8694944, "step": 639, "max_steps": 938, "loss": 5.3999176025390625, "elapsed_time": 53.72511410713196, "prnt": false}
{"event": "training_step", "timestamp": 1769152196.9460285, "step": 640, "max_steps": 938, "loss": 5.282154560089111, "elapsed_time": 53.80157232284546, "prnt": false}
{"event": "training_step", "timestamp": 1769152197.022717, "step": 641, "max_steps": 938, "loss": 5.404133319854736, "elapsed_time": 53.87825608253479, "prnt": false}
{"event": "training_step", "timestamp": 1769152197.099182, "step": 642, "max_steps": 938, "loss": 5.343803405761719, "elapsed_time": 53.95503044128418, "prnt": false}
{"event": "training_step", "timestamp": 1769152197.1759517, "step": 643, "max_steps": 938, "loss": 5.294397354125977, "elapsed_time": 54.0313937664032, "prnt": false}
{"event": "training_step", "timestamp": 1769152197.252688, "step": 644, "max_steps": 938, "loss": 5.383120536804199, "elapsed_time": 54.10799193382263, "prnt": false}
{"event": "training_step", "timestamp": 1769152197.3294547, "step": 645, "max_steps": 938, "loss": 5.3337016105651855, "elapsed_time": 54.18489933013916, "prnt": false}
{"event": "training_step", "timestamp": 1769152197.4059434, "step": 646, "max_steps": 938, "loss": 5.381563186645508, "elapsed_time": 54.26146221160889, "prnt": false}
{"event": "training_step", "timestamp": 1769152197.482624, "step": 647, "max_steps": 938, "loss": 5.388764381408691, "elapsed_time": 54.33836030960083, "prnt": false}
{"event": "training_step", "timestamp": 1769152197.5590072, "step": 648, "max_steps": 938, "loss": 5.377821922302246, "elapsed_time": 54.41461682319641, "prnt": false}
{"event": "training_step", "timestamp": 1769152197.6357012, "step": 649, "max_steps": 938, "loss": 5.411556243896484, "elapsed_time": 54.49162936210632, "prnt": false}
{"event": "training_step", "timestamp": 1769152197.7123914, "step": 650, "max_steps": 938, "loss": 5.340352535247803, "elapsed_time": 54.56776237487793, "prnt": false}
{"event": "training_step", "timestamp": 1769152197.78908, "step": 651, "max_steps": 938, "loss": 5.27596378326416, "elapsed_time": 54.64458680152893, "prnt": false}
{"event": "training_step", "timestamp": 1769152197.8657799, "step": 652, "max_steps": 938, "loss": 5.249953269958496, "elapsed_time": 54.721123933792114, "prnt": false}
{"event": "training_step", "timestamp": 1769152197.9424393, "step": 653, "max_steps": 938, "loss": 5.347891330718994, "elapsed_time": 54.79800295829773, "prnt": false}
{"event": "training_step", "timestamp": 1769152198.0188673, "step": 654, "max_steps": 938, "loss": 5.322845458984375, "elapsed_time": 54.87453484535217, "prnt": false}
{"event": "training_step", "timestamp": 1769152198.0955453, "step": 655, "max_steps": 938, "loss": 5.324561595916748, "elapsed_time": 54.9509699344635, "prnt": false}
{"event": "training_step", "timestamp": 1769152198.1722677, "step": 656, "max_steps": 938, "loss": 5.392001628875732, "elapsed_time": 55.0276141166687, "prnt": false}
{"event": "training_step", "timestamp": 1769152198.2488809, "step": 657, "max_steps": 938, "loss": 5.332055568695068, "elapsed_time": 55.10442018508911, "prnt": false}
{"event": "training_step", "timestamp": 1769152198.3254688, "step": 658, "max_steps": 938, "loss": 5.309295177459717, "elapsed_time": 55.18104648590088, "prnt": false}
{"event": "training_step", "timestamp": 1769152198.4021587, "step": 659, "max_steps": 938, "loss": 5.348033905029297, "elapsed_time": 55.25759410858154, "prnt": false}
{"event": "training_step", "timestamp": 1769152198.4786785, "step": 660, "max_steps": 938, "loss": 5.34943962097168, "elapsed_time": 55.33447289466858, "prnt": false}
{"event": "validation_step", "timestamp": 1769152198.8155358, "step": 660, "max_steps": 938, "loss": 1.27099576967317, "elapsed_time": 55.33447289466858}
{"event": "training_step", "timestamp": 1769152198.8926432, "step": 661, "max_steps": 938, "loss": 5.348387241363525, "elapsed_time": 55.74798107147217, "prnt": false}
{"event": "training_step", "timestamp": 1769152198.9692173, "step": 662, "max_steps": 938, "loss": 5.302987098693848, "elapsed_time": 55.82469081878662, "prnt": false}
{"event": "training_step", "timestamp": 1769152199.0458539, "step": 663, "max_steps": 938, "loss": 5.294416427612305, "elapsed_time": 55.901331424713135, "prnt": false}
{"event": "training_step", "timestamp": 1769152199.1225085, "step": 664, "max_steps": 938, "loss": 5.315175533294678, "elapsed_time": 55.97796297073364, "prnt": false}
{"event": "training_step", "timestamp": 1769152199.199167, "step": 665, "max_steps": 938, "loss": 5.316176891326904, "elapsed_time": 56.054688930511475, "prnt": false}
{"event": "training_step", "timestamp": 1769152199.2757325, "step": 666, "max_steps": 938, "loss": 5.3771467208862305, "elapsed_time": 56.13125443458557, "prnt": false}
{"event": "training_step", "timestamp": 1769152199.3525414, "step": 667, "max_steps": 938, "loss": 5.275475978851318, "elapsed_time": 56.20788550376892, "prnt": false}
{"event": "training_step", "timestamp": 1769152199.429346, "step": 668, "max_steps": 938, "loss": 5.311866283416748, "elapsed_time": 56.284695625305176, "prnt": false}
{"event": "training_step", "timestamp": 1769152199.5062094, "step": 669, "max_steps": 938, "loss": 5.286564350128174, "elapsed_time": 56.36149716377258, "prnt": false}
{"event": "training_step", "timestamp": 1769152199.5829039, "step": 670, "max_steps": 938, "loss": 5.369397163391113, "elapsed_time": 56.438268184661865, "prnt": false}
{"event": "training_step", "timestamp": 1769152199.6598523, "step": 671, "max_steps": 938, "loss": 5.3119049072265625, "elapsed_time": 56.51602530479431, "prnt": false}
{"event": "training_step", "timestamp": 1769152199.7363434, "step": 672, "max_steps": 938, "loss": 5.301984786987305, "elapsed_time": 56.59203100204468, "prnt": false}
{"event": "training_step", "timestamp": 1769152199.813293, "step": 673, "max_steps": 938, "loss": 5.311890125274658, "elapsed_time": 56.66860604286194, "prnt": false}
{"event": "training_step", "timestamp": 1769152199.8898706, "step": 674, "max_steps": 938, "loss": 5.403300762176514, "elapsed_time": 56.745346546173096, "prnt": false}
{"event": "training_step", "timestamp": 1769152199.9664662, "step": 675, "max_steps": 938, "loss": 5.288351535797119, "elapsed_time": 56.82210922241211, "prnt": false}
{"event": "training_step", "timestamp": 1769152200.0434957, "step": 676, "max_steps": 938, "loss": 5.302385330200195, "elapsed_time": 56.89856481552124, "prnt": false}
{"event": "training_step", "timestamp": 1769152200.1201794, "step": 677, "max_steps": 938, "loss": 5.226261615753174, "elapsed_time": 56.97577786445618, "prnt": false}
{"event": "training_step", "timestamp": 1769152200.1966758, "step": 678, "max_steps": 938, "loss": 5.2988409996032715, "elapsed_time": 57.052279472351074, "prnt": false}
{"event": "training_step", "timestamp": 1769152200.2734423, "step": 679, "max_steps": 938, "loss": 5.291236400604248, "elapsed_time": 57.128889083862305, "prnt": false}
{"event": "training_step", "timestamp": 1769152200.3502736, "step": 680, "max_steps": 938, "loss": 5.338111877441406, "elapsed_time": 57.20554733276367, "prnt": false}
{"event": "training_step", "timestamp": 1769152200.427056, "step": 681, "max_steps": 938, "loss": 5.263643264770508, "elapsed_time": 57.282427072525024, "prnt": false}
{"event": "training_step", "timestamp": 1769152200.5037105, "step": 682, "max_steps": 938, "loss": 5.316510200500488, "elapsed_time": 57.359126329422, "prnt": false}
{"event": "training_step", "timestamp": 1769152200.5803354, "step": 683, "max_steps": 938, "loss": 5.255902290344238, "elapsed_time": 57.43617105484009, "prnt": false}
{"event": "training_step", "timestamp": 1769152200.6569033, "step": 684, "max_steps": 938, "loss": 5.337712287902832, "elapsed_time": 57.51279592514038, "prnt": false}
{"event": "training_step", "timestamp": 1769152200.7336512, "step": 685, "max_steps": 938, "loss": 5.293619155883789, "elapsed_time": 57.589099168777466, "prnt": false}
{"event": "training_step", "timestamp": 1769152200.810325, "step": 686, "max_steps": 938, "loss": 5.244729518890381, "elapsed_time": 57.66568732261658, "prnt": false}
{"event": "training_step", "timestamp": 1769152200.887269, "step": 687, "max_steps": 938, "loss": 5.294751167297363, "elapsed_time": 57.743488073349, "prnt": false}
{"event": "training_step", "timestamp": 1769152200.963959, "step": 688, "max_steps": 938, "loss": 5.314300060272217, "elapsed_time": 57.81937909126282, "prnt": false}
{"event": "training_step", "timestamp": 1769152201.0406218, "step": 689, "max_steps": 938, "loss": 5.285398960113525, "elapsed_time": 57.89629316329956, "prnt": false}
{"event": "training_step", "timestamp": 1769152201.1171823, "step": 690, "max_steps": 938, "loss": 5.304773807525635, "elapsed_time": 57.972861528396606, "prnt": false}
{"event": "training_step", "timestamp": 1769152201.1940398, "step": 691, "max_steps": 938, "loss": 5.324606895446777, "elapsed_time": 58.04936337471008, "prnt": false}
{"event": "training_step", "timestamp": 1769152201.270584, "step": 692, "max_steps": 938, "loss": 5.292581558227539, "elapsed_time": 58.1260290145874, "prnt": false}
{"event": "training_step", "timestamp": 1769152201.3474472, "step": 693, "max_steps": 938, "loss": 5.289542198181152, "elapsed_time": 58.202911615371704, "prnt": false}
{"event": "training_step", "timestamp": 1769152201.4240615, "step": 694, "max_steps": 938, "loss": 5.281186580657959, "elapsed_time": 58.27955460548401, "prnt": false}
{"event": "training_step", "timestamp": 1769152201.5007393, "step": 695, "max_steps": 938, "loss": 5.294909954071045, "elapsed_time": 58.356181383132935, "prnt": false}
{"event": "training_step", "timestamp": 1769152201.5772429, "step": 696, "max_steps": 938, "loss": 5.298415184020996, "elapsed_time": 58.43279695510864, "prnt": false}
{"event": "training_step", "timestamp": 1769152201.6541717, "step": 697, "max_steps": 938, "loss": 5.313131809234619, "elapsed_time": 58.51011395454407, "prnt": false}
{"event": "training_step", "timestamp": 1769152201.7309804, "step": 698, "max_steps": 938, "loss": 5.279168605804443, "elapsed_time": 58.58632779121399, "prnt": false}
{"event": "training_step", "timestamp": 1769152201.8079042, "step": 699, "max_steps": 938, "loss": 5.265417575836182, "elapsed_time": 58.66355228424072, "prnt": false}
{"event": "training_step", "timestamp": 1769152201.8843162, "step": 700, "max_steps": 938, "loss": 5.302911281585693, "elapsed_time": 58.740042209625244, "prnt": false}
{"event": "training_step", "timestamp": 1769152201.9610536, "step": 701, "max_steps": 938, "loss": 5.304052352905273, "elapsed_time": 58.81671619415283, "prnt": false}
{"event": "training_step", "timestamp": 1769152202.0375154, "step": 702, "max_steps": 938, "loss": 5.302738666534424, "elapsed_time": 58.89312481880188, "prnt": false}
{"event": "training_step", "timestamp": 1769152202.1144295, "step": 703, "max_steps": 938, "loss": 5.346342086791992, "elapsed_time": 58.96996784210205, "prnt": false}
{"event": "training_step", "timestamp": 1769152202.1912243, "step": 704, "max_steps": 938, "loss": 5.35761833190918, "elapsed_time": 59.046541690826416, "prnt": false}
{"event": "validation_step", "timestamp": 1769152202.528271, "step": 704, "max_steps": 938, "loss": 1.2683838349276106, "elapsed_time": 59.046541690826416}
{"event": "training_step", "timestamp": 1769152202.6053052, "step": 705, "max_steps": 938, "loss": 5.242675304412842, "elapsed_time": 59.461272954940796, "prnt": false}
{"event": "training_step", "timestamp": 1769152202.682071, "step": 706, "max_steps": 938, "loss": 5.236999034881592, "elapsed_time": 59.53751826286316, "prnt": false}
{"event": "training_step", "timestamp": 1769152202.7587178, "step": 707, "max_steps": 938, "loss": 5.27920389175415, "elapsed_time": 59.61431264877319, "prnt": false}
{"event": "training_step", "timestamp": 1769152202.8352656, "step": 708, "max_steps": 938, "loss": 5.259088039398193, "elapsed_time": 59.69096755981445, "prnt": false}
{"event": "training_step", "timestamp": 1769152202.9122837, "step": 709, "max_steps": 938, "loss": 5.264065265655518, "elapsed_time": 59.767478466033936, "prnt": false}
{"event": "training_step", "timestamp": 1769152202.988992, "step": 710, "max_steps": 938, "loss": 5.217898368835449, "elapsed_time": 59.844300746917725, "prnt": false}
{"event": "training_step", "timestamp": 1769152203.0658178, "step": 711, "max_steps": 938, "loss": 5.286443710327148, "elapsed_time": 59.92138171195984, "prnt": false}
{"event": "training_step", "timestamp": 1769152203.142526, "step": 712, "max_steps": 938, "loss": 5.3218278884887695, "elapsed_time": 59.99786448478699, "prnt": false}
{"event": "training_step", "timestamp": 1769152203.2192802, "step": 713, "max_steps": 938, "loss": 5.269874095916748, "elapsed_time": 60.074888944625854, "prnt": false}
{"event": "training_step", "timestamp": 1769152203.2958174, "step": 714, "max_steps": 938, "loss": 5.261387825012207, "elapsed_time": 60.151445627212524, "prnt": false}
{"event": "training_step", "timestamp": 1769152203.3726785, "step": 715, "max_steps": 938, "loss": 5.320298671722412, "elapsed_time": 60.22798442840576, "prnt": false}
{"event": "training_step", "timestamp": 1769152203.4493704, "step": 716, "max_steps": 938, "loss": 5.292792320251465, "elapsed_time": 60.30475997924805, "prnt": false}
{"event": "training_step", "timestamp": 1769152203.5262198, "step": 717, "max_steps": 938, "loss": 5.29981803894043, "elapsed_time": 60.38157391548157, "prnt": false}
{"event": "training_step", "timestamp": 1769152203.6030118, "step": 718, "max_steps": 938, "loss": 5.197726249694824, "elapsed_time": 60.45825242996216, "prnt": false}
{"event": "training_step", "timestamp": 1769152203.6800468, "step": 719, "max_steps": 938, "loss": 5.2944440841674805, "elapsed_time": 60.53585338592529, "prnt": false}
{"event": "training_step", "timestamp": 1769152203.7565467, "step": 720, "max_steps": 938, "loss": 5.284306526184082, "elapsed_time": 60.61208701133728, "prnt": false}
{"event": "training_step", "timestamp": 1769152203.8333461, "step": 721, "max_steps": 938, "loss": 5.226034164428711, "elapsed_time": 60.68866944313049, "prnt": false}
{"event": "training_step", "timestamp": 1769152203.9101322, "step": 722, "max_steps": 938, "loss": 5.24778413772583, "elapsed_time": 60.7654173374176, "prnt": false}
{"event": "training_step", "timestamp": 1769152203.9872756, "step": 723, "max_steps": 938, "loss": 5.269625186920166, "elapsed_time": 60.843486070632935, "prnt": false}
{"event": "training_step", "timestamp": 1769152204.0638463, "step": 724, "max_steps": 938, "loss": 5.284529209136963, "elapsed_time": 60.91939043998718, "prnt": false}
{"event": "training_step", "timestamp": 1769152204.1405876, "step": 725, "max_steps": 938, "loss": 5.252543926239014, "elapsed_time": 60.99604272842407, "prnt": false}
{"event": "training_step", "timestamp": 1769152204.2170432, "step": 726, "max_steps": 938, "loss": 5.209045886993408, "elapsed_time": 61.07260775566101, "prnt": false}
{"event": "training_step", "timestamp": 1769152204.2937112, "step": 727, "max_steps": 938, "loss": 5.243916988372803, "elapsed_time": 61.14914679527283, "prnt": false}
{"event": "training_step", "timestamp": 1769152204.3704922, "step": 728, "max_steps": 938, "loss": 5.307581424713135, "elapsed_time": 61.22574734687805, "prnt": false}
{"event": "training_step", "timestamp": 1769152204.447357, "step": 729, "max_steps": 938, "loss": 5.329540729522705, "elapsed_time": 61.30259370803833, "prnt": false}
{"event": "training_step", "timestamp": 1769152204.5241284, "step": 730, "max_steps": 938, "loss": 5.270961284637451, "elapsed_time": 61.37945079803467, "prnt": false}
{"event": "training_step", "timestamp": 1769152204.600853, "step": 731, "max_steps": 938, "loss": 5.315806865692139, "elapsed_time": 61.45623826980591, "prnt": false}
{"event": "training_step", "timestamp": 1769152204.6774101, "step": 732, "max_steps": 938, "loss": 5.278295993804932, "elapsed_time": 61.53287982940674, "prnt": false}
{"event": "training_step", "timestamp": 1769152204.7537906, "step": 733, "max_steps": 938, "loss": 5.210832118988037, "elapsed_time": 61.60949778556824, "prnt": false}
{"event": "training_step", "timestamp": 1769152204.8305838, "step": 734, "max_steps": 938, "loss": 5.196134090423584, "elapsed_time": 61.685821533203125, "prnt": false}
{"event": "training_step", "timestamp": 1769152204.9073312, "step": 735, "max_steps": 938, "loss": 5.298357009887695, "elapsed_time": 61.76282620429993, "prnt": false}
{"event": "training_step", "timestamp": 1769152204.9839602, "step": 736, "max_steps": 938, "loss": 5.271835803985596, "elapsed_time": 61.839362382888794, "prnt": false}
{"event": "training_step", "timestamp": 1769152205.0607214, "step": 737, "max_steps": 938, "loss": 5.295107841491699, "elapsed_time": 61.916054010391235, "prnt": false}
{"event": "training_step", "timestamp": 1769152205.137261, "step": 738, "max_steps": 938, "loss": 5.240713596343994, "elapsed_time": 61.99276828765869, "prnt": false}
{"event": "training_step", "timestamp": 1769152205.2138016, "step": 739, "max_steps": 938, "loss": 5.2670698165893555, "elapsed_time": 62.06934905052185, "prnt": false}
{"event": "training_step", "timestamp": 1769152205.290612, "step": 740, "max_steps": 938, "loss": 5.220344066619873, "elapsed_time": 62.14594912528992, "prnt": false}
{"event": "training_step", "timestamp": 1769152205.3672044, "step": 741, "max_steps": 938, "loss": 5.18749475479126, "elapsed_time": 62.22277903556824, "prnt": false}
{"event": "training_step", "timestamp": 1769152205.444129, "step": 742, "max_steps": 938, "loss": 5.213835716247559, "elapsed_time": 62.30032992362976, "prnt": false}
{"event": "training_step", "timestamp": 1769152205.5209966, "step": 743, "max_steps": 938, "loss": 5.1856842041015625, "elapsed_time": 62.37646198272705, "prnt": false}
{"event": "training_step", "timestamp": 1769152205.5975554, "step": 744, "max_steps": 938, "loss": 5.207231521606445, "elapsed_time": 62.452980279922485, "prnt": false}
{"event": "training_step", "timestamp": 1769152205.6743143, "step": 745, "max_steps": 938, "loss": 5.233994960784912, "elapsed_time": 62.53043079376221, "prnt": false}
{"event": "training_step", "timestamp": 1769152205.7510738, "step": 746, "max_steps": 938, "loss": 5.237716197967529, "elapsed_time": 62.60649800300598, "prnt": false}
{"event": "training_step", "timestamp": 1769152205.8277986, "step": 747, "max_steps": 938, "loss": 5.3142781257629395, "elapsed_time": 62.68320441246033, "prnt": false}
{"event": "training_step", "timestamp": 1769152205.9045806, "step": 748, "max_steps": 938, "loss": 5.28315544128418, "elapsed_time": 62.75978231430054, "prnt": false}
{"event": "validation_step", "timestamp": 1769152206.2417016, "step": 748, "max_steps": 938, "loss": 1.2675816184383706, "elapsed_time": 62.75978231430054}
{"event": "training_step", "timestamp": 1769152206.318913, "step": 749, "max_steps": 938, "loss": 5.273956775665283, "elapsed_time": 63.17430543899536, "prnt": false}
{"event": "training_step", "timestamp": 1769152206.3954618, "step": 750, "max_steps": 938, "loss": 5.207571983337402, "elapsed_time": 63.2510130405426, "prnt": false}
{"event": "training_step", "timestamp": 1769152206.4722893, "step": 751, "max_steps": 938, "loss": 5.268361568450928, "elapsed_time": 63.32755208015442, "prnt": false}
{"event": "training_step", "timestamp": 1769152206.5491877, "step": 752, "max_steps": 938, "loss": 5.238657474517822, "elapsed_time": 63.40437197685242, "prnt": false}
{"event": "training_step", "timestamp": 1769152206.6259575, "step": 753, "max_steps": 938, "loss": 5.269009113311768, "elapsed_time": 63.481417179107666, "prnt": false}
{"event": "training_step", "timestamp": 1769152206.7025456, "step": 754, "max_steps": 938, "loss": 5.141499996185303, "elapsed_time": 63.55797791481018, "prnt": false}
{"event": "training_step", "timestamp": 1769152206.7793274, "step": 755, "max_steps": 938, "loss": 5.2002177238464355, "elapsed_time": 63.63484048843384, "prnt": false}
{"event": "training_step", "timestamp": 1769152206.8561661, "step": 756, "max_steps": 938, "loss": 5.223805904388428, "elapsed_time": 63.71226954460144, "prnt": false}
{"event": "training_step", "timestamp": 1769152206.9328995, "step": 757, "max_steps": 938, "loss": 5.245036602020264, "elapsed_time": 63.788360834121704, "prnt": false}
{"event": "training_step", "timestamp": 1769152207.009757, "step": 758, "max_steps": 938, "loss": 5.214600086212158, "elapsed_time": 63.8650004863739, "prnt": false}
{"event": "training_step", "timestamp": 1769152207.086656, "step": 759, "max_steps": 938, "loss": 5.2876715660095215, "elapsed_time": 63.94199252128601, "prnt": false}
{"event": "training_step", "timestamp": 1769152207.163338, "step": 760, "max_steps": 938, "loss": 5.264612197875977, "elapsed_time": 64.01875948905945, "prnt": false}
{"event": "training_step", "timestamp": 1769152207.2401388, "step": 761, "max_steps": 938, "loss": 5.24094295501709, "elapsed_time": 64.09555101394653, "prnt": false}
{"event": "training_step", "timestamp": 1769152207.316736, "step": 762, "max_steps": 938, "loss": 5.263060092926025, "elapsed_time": 64.17211842536926, "prnt": false}
{"event": "training_step", "timestamp": 1769152207.3934011, "step": 763, "max_steps": 938, "loss": 5.239045143127441, "elapsed_time": 64.24892020225525, "prnt": false}
{"event": "training_step", "timestamp": 1769152207.4702363, "step": 764, "max_steps": 938, "loss": 5.209141254425049, "elapsed_time": 64.32538604736328, "prnt": false}
{"event": "training_step", "timestamp": 1769152207.5469925, "step": 765, "max_steps": 938, "loss": 5.227835655212402, "elapsed_time": 64.40238547325134, "prnt": false}
{"event": "training_step", "timestamp": 1769152207.6238384, "step": 766, "max_steps": 938, "loss": 5.247166156768799, "elapsed_time": 64.47902011871338, "prnt": false}
{"event": "training_step", "timestamp": 1769152207.7007527, "step": 767, "max_steps": 938, "loss": 5.146265029907227, "elapsed_time": 64.5565357208252, "prnt": false}
{"event": "training_step", "timestamp": 1769152207.777407, "step": 768, "max_steps": 938, "loss": 5.2174482345581055, "elapsed_time": 64.63291621208191, "prnt": false}
{"event": "training_step", "timestamp": 1769152207.8540144, "step": 769, "max_steps": 938, "loss": 5.206271171569824, "elapsed_time": 64.70968961715698, "prnt": false}
{"event": "training_step", "timestamp": 1769152207.9308877, "step": 770, "max_steps": 938, "loss": 5.218080520629883, "elapsed_time": 64.78604245185852, "prnt": false}
{"event": "training_step", "timestamp": 1769152208.0076654, "step": 771, "max_steps": 938, "loss": 5.185888767242432, "elapsed_time": 64.8630883693695, "prnt": false}
{"event": "training_step", "timestamp": 1769152208.0842876, "step": 772, "max_steps": 938, "loss": 5.2337541580200195, "elapsed_time": 64.93969106674194, "prnt": false}
{"event": "training_step", "timestamp": 1769152208.1611567, "step": 773, "max_steps": 938, "loss": 5.318927764892578, "elapsed_time": 65.01647543907166, "prnt": false}
{"event": "training_step", "timestamp": 1769152208.2379045, "step": 774, "max_steps": 938, "loss": 5.230497360229492, "elapsed_time": 65.09330987930298, "prnt": false}
{"event": "training_step", "timestamp": 1769152208.3144925, "step": 775, "max_steps": 938, "loss": 5.162836074829102, "elapsed_time": 65.17001223564148, "prnt": false}
{"event": "training_step", "timestamp": 1769152208.3912563, "step": 776, "max_steps": 938, "loss": 5.192083835601807, "elapsed_time": 65.24658632278442, "prnt": false}
{"event": "training_step", "timestamp": 1769152208.4685197, "step": 777, "max_steps": 938, "loss": 5.248757839202881, "elapsed_time": 65.32447504997253, "prnt": false}
{"event": "training_step", "timestamp": 1769152208.545533, "step": 778, "max_steps": 938, "loss": 5.2017292976379395, "elapsed_time": 65.40067195892334, "prnt": false}
{"event": "training_step", "timestamp": 1769152208.6225052, "step": 779, "max_steps": 938, "loss": 5.191220283508301, "elapsed_time": 65.47787809371948, "prnt": false}
{"event": "training_step", "timestamp": 1769152208.6991985, "step": 780, "max_steps": 938, "loss": 5.331938743591309, "elapsed_time": 65.55456900596619, "prnt": false}
{"event": "training_step", "timestamp": 1769152208.7759297, "step": 781, "max_steps": 938, "loss": 5.25844669342041, "elapsed_time": 65.6313681602478, "prnt": false}
{"event": "training_step", "timestamp": 1769152208.8528752, "step": 782, "max_steps": 938, "loss": 5.247760772705078, "elapsed_time": 65.70842933654785, "prnt": false}
{"event": "training_step", "timestamp": 1769152208.9298925, "step": 783, "max_steps": 938, "loss": 5.188655376434326, "elapsed_time": 65.78517889976501, "prnt": false}
{"event": "training_step", "timestamp": 1769152209.0066454, "step": 784, "max_steps": 938, "loss": 5.298154354095459, "elapsed_time": 65.86208152770996, "prnt": false}
{"event": "training_step", "timestamp": 1769152209.0834491, "step": 785, "max_steps": 938, "loss": 5.195240020751953, "elapsed_time": 65.93897294998169, "prnt": false}
{"event": "training_step", "timestamp": 1769152209.1603823, "step": 786, "max_steps": 938, "loss": 5.209290027618408, "elapsed_time": 66.01626300811768, "prnt": false}
{"event": "training_step", "timestamp": 1769152209.2373993, "step": 787, "max_steps": 938, "loss": 5.193327903747559, "elapsed_time": 66.09339570999146, "prnt": false}
{"event": "training_step", "timestamp": 1769152209.3140144, "step": 788, "max_steps": 938, "loss": 5.217012882232666, "elapsed_time": 66.16966414451599, "prnt": false}
{"event": "training_step", "timestamp": 1769152209.390912, "step": 789, "max_steps": 938, "loss": 5.201952934265137, "elapsed_time": 66.24631309509277, "prnt": false}
{"event": "training_step", "timestamp": 1769152209.467807, "step": 790, "max_steps": 938, "loss": 5.158621311187744, "elapsed_time": 66.32315945625305, "prnt": false}
{"event": "training_step", "timestamp": 1769152209.5447946, "step": 791, "max_steps": 938, "loss": 5.2461018562316895, "elapsed_time": 66.40004539489746, "prnt": false}
{"event": "training_step", "timestamp": 1769152209.6219113, "step": 792, "max_steps": 938, "loss": 5.180233955383301, "elapsed_time": 66.4779965877533, "prnt": false}
{"event": "validation_step", "timestamp": 1769152209.9593854, "step": 792, "max_steps": 938, "loss": 1.2656535700274296, "elapsed_time": 66.4779965877533}
{"event": "training_step", "timestamp": 1769152210.0367324, "step": 793, "max_steps": 938, "loss": 5.230955600738525, "elapsed_time": 66.8923921585083, "prnt": false}
{"event": "training_step", "timestamp": 1769152210.1133096, "step": 794, "max_steps": 938, "loss": 5.257187366485596, "elapsed_time": 66.96899318695068, "prnt": false}
{"event": "training_step", "timestamp": 1769152210.1903007, "step": 795, "max_steps": 938, "loss": 5.251650333404541, "elapsed_time": 67.04555797576904, "prnt": false}
{"event": "training_step", "timestamp": 1769152210.267053, "step": 796, "max_steps": 938, "loss": 5.256418228149414, "elapsed_time": 67.12257194519043, "prnt": false}
{"event": "training_step", "timestamp": 1769152210.3438194, "step": 797, "max_steps": 938, "loss": 5.214571952819824, "elapsed_time": 67.19930529594421, "prnt": false}
{"event": "training_step", "timestamp": 1769152210.4204931, "step": 798, "max_steps": 938, "loss": 5.209468841552734, "elapsed_time": 67.27589535713196, "prnt": false}
{"event": "training_step", "timestamp": 1769152210.4972527, "step": 799, "max_steps": 938, "loss": 5.221806049346924, "elapsed_time": 67.35282945632935, "prnt": false}
{"event": "training_step", "timestamp": 1769152210.573844, "step": 800, "max_steps": 938, "loss": 5.255051136016846, "elapsed_time": 67.42948126792908, "prnt": false}
{"event": "training_step", "timestamp": 1769152210.6507697, "step": 801, "max_steps": 938, "loss": 5.160484790802002, "elapsed_time": 67.50601053237915, "prnt": false}
{"event": "training_step", "timestamp": 1769152210.7276595, "step": 802, "max_steps": 938, "loss": 5.159909248352051, "elapsed_time": 67.58289909362793, "prnt": false}
{"event": "training_step", "timestamp": 1769152210.8043346, "step": 803, "max_steps": 938, "loss": 5.257026195526123, "elapsed_time": 67.65979075431824, "prnt": false}
{"event": "training_step", "timestamp": 1769152210.8809874, "step": 804, "max_steps": 938, "loss": 5.162360191345215, "elapsed_time": 67.73634815216064, "prnt": false}
{"event": "training_step", "timestamp": 1769152210.9579577, "step": 805, "max_steps": 938, "loss": 5.257882595062256, "elapsed_time": 67.81337928771973, "prnt": false}
{"event": "training_step", "timestamp": 1769152211.0346014, "step": 806, "max_steps": 938, "loss": 5.272007465362549, "elapsed_time": 67.89028310775757, "prnt": false}
{"event": "training_step", "timestamp": 1769152211.111455, "step": 807, "max_steps": 938, "loss": 5.213040351867676, "elapsed_time": 67.96708250045776, "prnt": false}
{"event": "training_step", "timestamp": 1769152211.1883132, "step": 808, "max_steps": 938, "loss": 5.192643642425537, "elapsed_time": 68.04350900650024, "prnt": false}
{"event": "training_step", "timestamp": 1769152211.2652164, "step": 809, "max_steps": 938, "loss": 5.2325897216796875, "elapsed_time": 68.1205358505249, "prnt": false}
{"event": "training_step", "timestamp": 1769152211.3422678, "step": 810, "max_steps": 938, "loss": 5.223646640777588, "elapsed_time": 68.19830918312073, "prnt": false}
{"event": "training_step", "timestamp": 1769152211.4191122, "step": 811, "max_steps": 938, "loss": 5.122431755065918, "elapsed_time": 68.27445864677429, "prnt": false}
{"event": "training_step", "timestamp": 1769152211.4957676, "step": 812, "max_steps": 938, "loss": 5.209369659423828, "elapsed_time": 68.35118317604065, "prnt": false}
{"event": "training_step", "timestamp": 1769152211.5723982, "step": 813, "max_steps": 938, "loss": 5.275645732879639, "elapsed_time": 68.42800211906433, "prnt": false}
{"event": "training_step", "timestamp": 1769152211.649317, "step": 814, "max_steps": 938, "loss": 5.233181476593018, "elapsed_time": 68.50439214706421, "prnt": false}
{"event": "training_step", "timestamp": 1769152211.7261896, "step": 815, "max_steps": 938, "loss": 5.275857925415039, "elapsed_time": 68.58167719841003, "prnt": false}
{"event": "training_step", "timestamp": 1769152211.8028858, "step": 816, "max_steps": 938, "loss": 5.273824214935303, "elapsed_time": 68.65839457511902, "prnt": false}
{"event": "training_step", "timestamp": 1769152211.8797808, "step": 817, "max_steps": 938, "loss": 5.264817237854004, "elapsed_time": 68.73498129844666, "prnt": false}
{"event": "training_step", "timestamp": 1769152211.9566, "step": 818, "max_steps": 938, "loss": 5.226362705230713, "elapsed_time": 68.81185102462769, "prnt": false}
{"event": "training_step", "timestamp": 1769152212.0332472, "step": 819, "max_steps": 938, "loss": 5.20180606842041, "elapsed_time": 68.88898253440857, "prnt": false}
{"event": "training_step", "timestamp": 1769152212.110174, "step": 820, "max_steps": 938, "loss": 5.209970951080322, "elapsed_time": 68.9654438495636, "prnt": false}
{"event": "training_step", "timestamp": 1769152212.187173, "step": 821, "max_steps": 938, "loss": 5.236327648162842, "elapsed_time": 69.04242300987244, "prnt": false}
{"event": "training_step", "timestamp": 1769152212.2640014, "step": 822, "max_steps": 938, "loss": 5.204822540283203, "elapsed_time": 69.11924338340759, "prnt": false}
{"event": "training_step", "timestamp": 1769152212.3408828, "step": 823, "max_steps": 938, "loss": 5.2465949058532715, "elapsed_time": 69.19616174697876, "prnt": false}
{"event": "training_step", "timestamp": 1769152212.4176135, "step": 824, "max_steps": 938, "loss": 5.252255439758301, "elapsed_time": 69.27287340164185, "prnt": false}
{"event": "training_step", "timestamp": 1769152212.4941952, "step": 825, "max_steps": 938, "loss": 5.214136600494385, "elapsed_time": 69.34976768493652, "prnt": false}
{"event": "training_step", "timestamp": 1769152212.570927, "step": 826, "max_steps": 938, "loss": 5.176187515258789, "elapsed_time": 69.42623615264893, "prnt": false}
{"event": "training_step", "timestamp": 1769152212.6477888, "step": 827, "max_steps": 938, "loss": 5.224417686462402, "elapsed_time": 69.50299978256226, "prnt": false}
{"event": "training_step", "timestamp": 1769152212.7244782, "step": 828, "max_steps": 938, "loss": 5.1676530838012695, "elapsed_time": 69.57987070083618, "prnt": false}
{"event": "training_step", "timestamp": 1769152212.8016346, "step": 829, "max_steps": 938, "loss": 5.18250036239624, "elapsed_time": 69.65790128707886, "prnt": false}
{"event": "training_step", "timestamp": 1769152212.8786345, "step": 830, "max_steps": 938, "loss": 5.197315216064453, "elapsed_time": 69.7346682548523, "prnt": false}
{"event": "training_step", "timestamp": 1769152212.9556468, "step": 831, "max_steps": 938, "loss": 5.232929706573486, "elapsed_time": 69.81173372268677, "prnt": false}
{"event": "training_step", "timestamp": 1769152213.0325305, "step": 832, "max_steps": 938, "loss": 5.191221714019775, "elapsed_time": 69.88866448402405, "prnt": false}
{"event": "training_step", "timestamp": 1769152213.1097333, "step": 833, "max_steps": 938, "loss": 5.186961650848389, "elapsed_time": 69.96555542945862, "prnt": false}
{"event": "training_step", "timestamp": 1769152213.1867142, "step": 834, "max_steps": 938, "loss": 5.19123649597168, "elapsed_time": 70.0422797203064, "prnt": false}
{"event": "training_step", "timestamp": 1769152213.2639146, "step": 835, "max_steps": 938, "loss": 5.251387596130371, "elapsed_time": 70.11983323097229, "prnt": false}
{"event": "training_step", "timestamp": 1769152213.3409772, "step": 836, "max_steps": 938, "loss": 5.279628753662109, "elapsed_time": 70.19686102867126, "prnt": false}
{"event": "validation_step", "timestamp": 1769152213.6788228, "step": 836, "max_steps": 938, "loss": 1.264885899762077, "elapsed_time": 70.19686102867126}
{"event": "training_step", "timestamp": 1769152213.7561789, "step": 837, "max_steps": 938, "loss": 5.22410774230957, "elapsed_time": 70.61187648773193, "prnt": false}
{"event": "training_step", "timestamp": 1769152213.8329659, "step": 838, "max_steps": 938, "loss": 5.19897985458374, "elapsed_time": 70.68887186050415, "prnt": false}
{"event": "training_step", "timestamp": 1769152213.910118, "step": 839, "max_steps": 938, "loss": 5.229732513427734, "elapsed_time": 70.76620531082153, "prnt": false}
{"event": "training_step", "timestamp": 1769152213.9872365, "step": 840, "max_steps": 938, "loss": 5.22331428527832, "elapsed_time": 70.84315752983093, "prnt": false}
{"event": "training_step", "timestamp": 1769152214.0642765, "step": 841, "max_steps": 938, "loss": 5.155605792999268, "elapsed_time": 70.92013096809387, "prnt": false}
{"event": "training_step", "timestamp": 1769152214.1413147, "step": 842, "max_steps": 938, "loss": 5.2512946128845215, "elapsed_time": 70.99746799468994, "prnt": false}
{"event": "training_step", "timestamp": 1769152214.218469, "step": 843, "max_steps": 938, "loss": 5.147294044494629, "elapsed_time": 71.07446694374084, "prnt": false}
{"event": "training_step", "timestamp": 1769152214.2952738, "step": 844, "max_steps": 938, "loss": 5.173500061035156, "elapsed_time": 71.15130591392517, "prnt": false}
{"event": "training_step", "timestamp": 1769152214.3721886, "step": 845, "max_steps": 938, "loss": 5.174442291259766, "elapsed_time": 71.22829270362854, "prnt": false}
{"event": "training_step", "timestamp": 1769152214.4493766, "step": 846, "max_steps": 938, "loss": 5.186432361602783, "elapsed_time": 71.3053503036499, "prnt": false}
{"event": "training_step", "timestamp": 1769152214.5265458, "step": 847, "max_steps": 938, "loss": 5.208194255828857, "elapsed_time": 71.38232135772705, "prnt": false}
{"event": "training_step", "timestamp": 1769152214.6037128, "step": 848, "max_steps": 938, "loss": 5.184378147125244, "elapsed_time": 71.45964670181274, "prnt": false}
{"event": "training_step", "timestamp": 1769152214.680885, "step": 849, "max_steps": 938, "loss": 5.260643005371094, "elapsed_time": 71.53680968284607, "prnt": false}
{"event": "training_step", "timestamp": 1769152214.7578995, "step": 850, "max_steps": 938, "loss": 5.219421863555908, "elapsed_time": 71.61372661590576, "prnt": false}
{"event": "training_step", "timestamp": 1769152214.8350594, "step": 851, "max_steps": 938, "loss": 5.210574150085449, "elapsed_time": 71.69116449356079, "prnt": false}
{"event": "training_step", "timestamp": 1769152214.9119077, "step": 852, "max_steps": 938, "loss": 5.287731647491455, "elapsed_time": 71.76803755760193, "prnt": false}
{"event": "training_step", "timestamp": 1769152214.9890468, "step": 853, "max_steps": 938, "loss": 5.183479309082031, "elapsed_time": 71.8447916507721, "prnt": false}
{"event": "training_step", "timestamp": 1769152215.0659037, "step": 854, "max_steps": 938, "loss": 5.226187229156494, "elapsed_time": 71.92162585258484, "prnt": false}
{"event": "training_step", "timestamp": 1769152215.1430094, "step": 855, "max_steps": 938, "loss": 5.1799468994140625, "elapsed_time": 71.99908709526062, "prnt": false}
{"event": "training_step", "timestamp": 1769152215.219982, "step": 856, "max_steps": 938, "loss": 5.209028720855713, "elapsed_time": 72.0761489868164, "prnt": false}
{"event": "training_step", "timestamp": 1769152215.2970376, "step": 857, "max_steps": 938, "loss": 5.229020595550537, "elapsed_time": 72.15313220024109, "prnt": false}
{"event": "training_step", "timestamp": 1769152215.3737938, "step": 858, "max_steps": 938, "loss": 5.217010498046875, "elapsed_time": 72.22947931289673, "prnt": false}
{"event": "training_step", "timestamp": 1769152215.4506056, "step": 859, "max_steps": 938, "loss": 5.264945030212402, "elapsed_time": 72.30635833740234, "prnt": false}
{"event": "training_step", "timestamp": 1769152215.5277534, "step": 860, "max_steps": 938, "loss": 5.192883014678955, "elapsed_time": 72.38351249694824, "prnt": false}
{"event": "training_step", "timestamp": 1769152215.604865, "step": 861, "max_steps": 938, "loss": 5.202783584594727, "elapsed_time": 72.4608736038208, "prnt": false}
{"event": "training_step", "timestamp": 1769152215.6822274, "step": 862, "max_steps": 938, "loss": 5.150444984436035, "elapsed_time": 72.53795576095581, "prnt": false}
{"event": "training_step", "timestamp": 1769152215.7592838, "step": 863, "max_steps": 938, "loss": 5.196615695953369, "elapsed_time": 72.61691331863403, "prnt": false}
{"event": "training_step", "timestamp": 1769152215.8370614, "step": 864, "max_steps": 938, "loss": 5.216833591461182, "elapsed_time": 72.69563221931458, "prnt": false}
{"event": "training_step", "timestamp": 1769152215.914137, "step": 865, "max_steps": 938, "loss": 5.205970764160156, "elapsed_time": 72.77027583122253, "prnt": false}
{"event": "training_step", "timestamp": 1769152215.9909966, "step": 866, "max_steps": 938, "loss": 5.1609673500061035, "elapsed_time": 72.8472352027893, "prnt": false}
{"event": "training_step", "timestamp": 1769152216.0683045, "step": 867, "max_steps": 938, "loss": 5.187001705169678, "elapsed_time": 72.92414855957031, "prnt": false}
{"event": "training_step", "timestamp": 1769152216.1454437, "step": 868, "max_steps": 938, "loss": 5.232232570648193, "elapsed_time": 73.00151491165161, "prnt": false}
{"event": "training_step", "timestamp": 1769152216.2225313, "step": 869, "max_steps": 938, "loss": 5.241204261779785, "elapsed_time": 73.07845091819763, "prnt": false}
{"event": "training_step", "timestamp": 1769152216.2994227, "step": 870, "max_steps": 938, "loss": 5.187366008758545, "elapsed_time": 73.15548038482666, "prnt": false}
{"event": "training_step", "timestamp": 1769152216.3764737, "step": 871, "max_steps": 938, "loss": 5.203795433044434, "elapsed_time": 73.23220896720886, "prnt": false}
{"event": "training_step", "timestamp": 1769152216.453131, "step": 872, "max_steps": 938, "loss": 5.169159889221191, "elapsed_time": 73.30871987342834, "prnt": false}
{"event": "training_step", "timestamp": 1769152216.5298665, "step": 873, "max_steps": 938, "loss": 5.146158695220947, "elapsed_time": 73.38525295257568, "prnt": false}
{"event": "training_step", "timestamp": 1769152216.60674, "step": 874, "max_steps": 938, "loss": 5.150160789489746, "elapsed_time": 73.4618923664093, "prnt": false}
{"event": "training_step", "timestamp": 1769152216.6839516, "step": 875, "max_steps": 938, "loss": 5.168851852416992, "elapsed_time": 73.54007887840271, "prnt": false}
{"event": "training_step", "timestamp": 1769152216.760826, "step": 876, "max_steps": 938, "loss": 5.183588027954102, "elapsed_time": 73.61647868156433, "prnt": false}
{"event": "training_step", "timestamp": 1769152216.8380568, "step": 877, "max_steps": 938, "loss": 5.246312618255615, "elapsed_time": 73.69421291351318, "prnt": false}
{"event": "training_step", "timestamp": 1769152216.9150977, "step": 878, "max_steps": 938, "loss": 5.18806266784668, "elapsed_time": 73.77102780342102, "prnt": false}
{"event": "training_step", "timestamp": 1769152216.9918427, "step": 879, "max_steps": 938, "loss": 5.243049621582031, "elapsed_time": 73.84743905067444, "prnt": false}
{"event": "training_step", "timestamp": 1769152217.0688164, "step": 880, "max_steps": 938, "loss": 5.205367088317871, "elapsed_time": 73.92389798164368, "prnt": false}
{"event": "validation_step", "timestamp": 1769152217.4066713, "step": 880, "max_steps": 938, "loss": 1.2643521800110056, "elapsed_time": 73.92389798164368}
{"event": "training_step", "timestamp": 1769152217.4840624, "step": 881, "max_steps": 938, "loss": 5.226283073425293, "elapsed_time": 74.34006810188293, "prnt": false}
{"event": "training_step", "timestamp": 1769152217.5611145, "step": 882, "max_steps": 938, "loss": 5.267505645751953, "elapsed_time": 74.41719317436218, "prnt": false}
{"event": "training_step", "timestamp": 1769152217.6383255, "step": 883, "max_steps": 938, "loss": 5.194987773895264, "elapsed_time": 74.49429440498352, "prnt": false}
{"event": "training_step", "timestamp": 1769152217.715463, "step": 884, "max_steps": 938, "loss": 5.213910102844238, "elapsed_time": 74.57145619392395, "prnt": false}
{"event": "training_step", "timestamp": 1769152217.7924247, "step": 885, "max_steps": 938, "loss": 5.15255069732666, "elapsed_time": 74.64858722686768, "prnt": false}
{"event": "training_step", "timestamp": 1769152217.8694074, "step": 886, "max_steps": 938, "loss": 5.193037033081055, "elapsed_time": 74.72582578659058, "prnt": false}
{"event": "training_step", "timestamp": 1769152217.9465275, "step": 887, "max_steps": 938, "loss": 5.154943943023682, "elapsed_time": 74.80232644081116, "prnt": false}
{"event": "training_step", "timestamp": 1769152218.023319, "step": 888, "max_steps": 938, "loss": 5.278033256530762, "elapsed_time": 74.8788161277771, "prnt": false}
{"event": "training_step", "timestamp": 1769152218.1001437, "step": 889, "max_steps": 938, "loss": 5.259138107299805, "elapsed_time": 74.95547771453857, "prnt": false}
{"event": "training_step", "timestamp": 1769152218.1770015, "step": 890, "max_steps": 938, "loss": 5.180594444274902, "elapsed_time": 75.03225827217102, "prnt": false}
{"event": "training_step", "timestamp": 1769152218.2538648, "step": 891, "max_steps": 938, "loss": 5.213162422180176, "elapsed_time": 75.10921096801758, "prnt": false}
{"event": "training_step", "timestamp": 1769152218.330575, "step": 892, "max_steps": 938, "loss": 5.22337007522583, "elapsed_time": 75.18605065345764, "prnt": false}
{"event": "training_step", "timestamp": 1769152218.4075856, "step": 893, "max_steps": 938, "loss": 5.219801425933838, "elapsed_time": 75.2627010345459, "prnt": false}
{"event": "training_step", "timestamp": 1769152218.4843721, "step": 894, "max_steps": 938, "loss": 5.245936393737793, "elapsed_time": 75.33959484100342, "prnt": false}
{"event": "training_step", "timestamp": 1769152218.5615263, "step": 895, "max_steps": 938, "loss": 5.2574357986450195, "elapsed_time": 75.417635679245, "prnt": false}
{"event": "training_step", "timestamp": 1769152218.6383088, "step": 896, "max_steps": 938, "loss": 5.226291656494141, "elapsed_time": 75.4936580657959, "prnt": false}
{"event": "training_step", "timestamp": 1769152218.715191, "step": 897, "max_steps": 938, "loss": 5.210946083068848, "elapsed_time": 75.57046484947205, "prnt": false}
{"event": "training_step", "timestamp": 1769152218.7918704, "step": 898, "max_steps": 938, "loss": 5.178208351135254, "elapsed_time": 75.64726972579956, "prnt": false}
{"event": "training_step", "timestamp": 1769152218.8686953, "step": 899, "max_steps": 938, "loss": 5.177522659301758, "elapsed_time": 75.72401714324951, "prnt": false}
{"event": "training_step", "timestamp": 1769152218.9455557, "step": 900, "max_steps": 938, "loss": 5.2632222175598145, "elapsed_time": 75.80070209503174, "prnt": false}
{"event": "training_step", "timestamp": 1769152219.0224025, "step": 901, "max_steps": 938, "loss": 5.093479156494141, "elapsed_time": 75.87785840034485, "prnt": false}
{"event": "training_step", "timestamp": 1769152219.0992396, "step": 902, "max_steps": 938, "loss": 5.189958095550537, "elapsed_time": 75.95439219474792, "prnt": false}
{"event": "training_step", "timestamp": 1769152219.1761105, "step": 903, "max_steps": 938, "loss": 5.269424915313721, "elapsed_time": 76.03134250640869, "prnt": false}
{"event": "training_step", "timestamp": 1769152219.2527623, "step": 904, "max_steps": 938, "loss": 5.127816200256348, "elapsed_time": 76.10818576812744, "prnt": false}
{"event": "training_step", "timestamp": 1769152219.3295627, "step": 905, "max_steps": 938, "loss": 5.209067344665527, "elapsed_time": 76.18504047393799, "prnt": false}
{"event": "training_step", "timestamp": 1769152219.4066124, "step": 906, "max_steps": 938, "loss": 5.217515468597412, "elapsed_time": 76.2619686126709, "prnt": false}
{"event": "training_step", "timestamp": 1769152219.4835002, "step": 907, "max_steps": 938, "loss": 5.1829142570495605, "elapsed_time": 76.33878421783447, "prnt": false}
{"event": "training_step", "timestamp": 1769152219.5602942, "step": 908, "max_steps": 938, "loss": 5.1803998947143555, "elapsed_time": 76.41558241844177, "prnt": false}
{"event": "training_step", "timestamp": 1769152219.6372702, "step": 909, "max_steps": 938, "loss": 5.267580509185791, "elapsed_time": 76.49260830879211, "prnt": false}
{"event": "training_step", "timestamp": 1769152219.7140722, "step": 910, "max_steps": 938, "loss": 5.192176342010498, "elapsed_time": 76.56939101219177, "prnt": false}
{"event": "training_step", "timestamp": 1769152219.7908456, "step": 911, "max_steps": 938, "loss": 5.197556018829346, "elapsed_time": 76.64645195007324, "prnt": false}
{"event": "training_step", "timestamp": 1769152219.8678846, "step": 912, "max_steps": 938, "loss": 5.140614032745361, "elapsed_time": 76.72340965270996, "prnt": false}
{"event": "training_step", "timestamp": 1769152219.9452028, "step": 913, "max_steps": 938, "loss": 5.198195934295654, "elapsed_time": 76.80125975608826, "prnt": false}
{"event": "training_step", "timestamp": 1769152220.022172, "step": 914, "max_steps": 938, "loss": 5.142709732055664, "elapsed_time": 76.87747097015381, "prnt": false}
{"event": "training_step", "timestamp": 1769152220.0990827, "step": 915, "max_steps": 938, "loss": 5.2601823806762695, "elapsed_time": 76.9543387889862, "prnt": false}
{"event": "training_step", "timestamp": 1769152220.1759255, "step": 916, "max_steps": 938, "loss": 5.116872787475586, "elapsed_time": 77.03119945526123, "prnt": false}
{"event": "training_step", "timestamp": 1769152220.2527108, "step": 917, "max_steps": 938, "loss": 5.18892240524292, "elapsed_time": 77.10805678367615, "prnt": false}
{"event": "training_step", "timestamp": 1769152220.329423, "step": 918, "max_steps": 938, "loss": 5.16843318939209, "elapsed_time": 77.18486046791077, "prnt": false}
{"event": "training_step", "timestamp": 1769152220.4064472, "step": 919, "max_steps": 938, "loss": 5.197111129760742, "elapsed_time": 77.26158165931702, "prnt": false}
{"event": "training_step", "timestamp": 1769152220.483257, "step": 920, "max_steps": 938, "loss": 5.173883438110352, "elapsed_time": 77.33842515945435, "prnt": false}
{"event": "training_step", "timestamp": 1769152220.56012, "step": 921, "max_steps": 938, "loss": 5.218517780303955, "elapsed_time": 77.41544675827026, "prnt": false}
{"event": "training_step", "timestamp": 1769152220.6370301, "step": 922, "max_steps": 938, "loss": 5.142446517944336, "elapsed_time": 77.49224162101746, "prnt": false}
{"event": "training_step", "timestamp": 1769152220.7139852, "step": 923, "max_steps": 938, "loss": 5.2213897705078125, "elapsed_time": 77.56916308403015, "prnt": false}
{"event": "training_step", "timestamp": 1769152220.7906961, "step": 924, "max_steps": 938, "loss": 5.201659202575684, "elapsed_time": 77.64604711532593, "prnt": false}
{"event": "validation_step", "timestamp": 1769152221.1286805, "step": 924, "max_steps": 938, "loss": 1.264162911818526, "elapsed_time": 77.64604711532593}
{"event": "training_step", "timestamp": 1769152221.2060738, "step": 925, "max_steps": 938, "loss": 5.158271312713623, "elapsed_time": 78.06128191947937, "prnt": false}
{"event": "training_step", "timestamp": 1769152221.2830865, "step": 926, "max_steps": 938, "loss": 5.178158760070801, "elapsed_time": 78.13823533058167, "prnt": false}
{"event": "training_step", "timestamp": 1769152221.3603246, "step": 927, "max_steps": 938, "loss": 5.158047676086426, "elapsed_time": 78.21552991867065, "prnt": false}
{"event": "training_step", "timestamp": 1769152221.437311, "step": 928, "max_steps": 938, "loss": 5.1976518630981445, "elapsed_time": 78.29244589805603, "prnt": false}
{"event": "training_step", "timestamp": 1769152221.5142705, "step": 929, "max_steps": 938, "loss": 5.163373947143555, "elapsed_time": 78.36972403526306, "prnt": false}
{"event": "training_step", "timestamp": 1769152221.591241, "step": 930, "max_steps": 938, "loss": 5.199991703033447, "elapsed_time": 78.44740033149719, "prnt": false}
{"event": "training_step", "timestamp": 1769152221.6681128, "step": 931, "max_steps": 938, "loss": 5.126119136810303, "elapsed_time": 78.52357125282288, "prnt": false}
{"event": "training_step", "timestamp": 1769152221.7450485, "step": 932, "max_steps": 938, "loss": 5.2126593589782715, "elapsed_time": 78.60020732879639, "prnt": false}
{"event": "training_step", "timestamp": 1769152221.8219566, "step": 933, "max_steps": 938, "loss": 5.159798622131348, "elapsed_time": 78.67722487449646, "prnt": false}
{"event": "training_step", "timestamp": 1769152221.8989272, "step": 934, "max_steps": 938, "loss": 5.265413761138916, "elapsed_time": 78.75458884239197, "prnt": false}
{"event": "training_step", "timestamp": 1769152221.9758806, "step": 935, "max_steps": 938, "loss": 5.197929382324219, "elapsed_time": 78.83115291595459, "prnt": false}
{"event": "training_step", "timestamp": 1769152222.0527625, "step": 936, "max_steps": 938, "loss": 5.246643543243408, "elapsed_time": 78.90806341171265, "prnt": false}
{"event": "training_step", "timestamp": 1769152222.129518, "step": 937, "max_steps": 938, "loss": 5.187363147735596, "elapsed_time": 78.98497653007507, "prnt": false}
{"event": "training_step", "timestamp": 1769152222.2064114, "step": 938, "max_steps": 938, "loss": 5.1684041023254395, "elapsed_time": 79.0615553855896, "prnt": false}
{"event": "validation_step", "timestamp": 1769152222.5442336, "step": 938, "max_steps": 938, "loss": 1.264162560277558, "elapsed_time": 79.0615553855896}
