{"event": "hyperparameters_configured", "timestamp": 1769646163.6464229, "block_size": 64, "vocab_size": 16000, "n_layer": 8, "n_head": 9, "d_model": 576, "dropout": 0.0, "mlp_ratio": 5.0, "activation": "gelu", "residual_scaling": true, "batch_size": 128, "lr": 0.0003, "weight_decay": 0.1, "evals_per_epoch": 3, "batch_mode": "random", "optimizer": "adamw", "scheduler": "warmup_cosine", "warmup_fraction": 0.05, "epochs": 7, "seed": 1337, "num_titles": 100000, "val_frac": 0.1, "log_file": "./logs/mainrun.log"}
{"event": "device_info", "timestamp": 1769646163.663665, "device": "cuda"}
{"event": "dataset_info", "timestamp": 1769646176.1328752, "titles_count": 90000, "epochs": 7, "batches_per_epoch": 134, "tokens_per_epoch": 1102455, "vocab_size": 16000}
{"event": "model_info", "timestamp": 1769646176.5396795, "parameters_count": 46477440}
{"event": "training_step", "timestamp": 1769646177.161839, "step": 1, "max_steps": 938, "loss": 9.777120590209961, "elapsed_time": 0.19457626342773438, "prnt": false}
{"event": "validation_step", "timestamp": 1769646177.543206, "step": 1, "max_steps": 938, "loss": 2.103012899444284, "elapsed_time": 0.19457626342773438}
{"event": "training_step", "timestamp": 1769646177.6279602, "step": 2, "max_steps": 938, "loss": 9.784997940063477, "elapsed_time": 0.5843558311462402, "prnt": false}
{"event": "training_step", "timestamp": 1769646177.712368, "step": 3, "max_steps": 938, "loss": 9.632843971252441, "elapsed_time": 0.6680757999420166, "prnt": false}
{"event": "training_step", "timestamp": 1769646177.7968395, "step": 4, "max_steps": 938, "loss": 9.402644157409668, "elapsed_time": 0.7526969909667969, "prnt": false}
{"event": "training_step", "timestamp": 1769646177.881231, "step": 5, "max_steps": 938, "loss": 9.21054458618164, "elapsed_time": 0.8371360301971436, "prnt": false}
{"event": "training_step", "timestamp": 1769646177.9660962, "step": 6, "max_steps": 938, "loss": 9.071518898010254, "elapsed_time": 0.9225077629089355, "prnt": false}
{"event": "training_step", "timestamp": 1769646178.0504584, "step": 7, "max_steps": 938, "loss": 8.984612464904785, "elapsed_time": 1.006561517715454, "prnt": false}
{"event": "training_step", "timestamp": 1769646178.134884, "step": 8, "max_steps": 938, "loss": 8.918872833251953, "elapsed_time": 1.0911879539489746, "prnt": false}
{"event": "training_step", "timestamp": 1769646178.219222, "step": 9, "max_steps": 938, "loss": 8.863228797912598, "elapsed_time": 1.175008773803711, "prnt": false}
{"event": "training_step", "timestamp": 1769646178.3035517, "step": 10, "max_steps": 938, "loss": 8.829596519470215, "elapsed_time": 1.2596898078918457, "prnt": false}
{"event": "training_step", "timestamp": 1769646178.3879058, "step": 11, "max_steps": 938, "loss": 8.797456741333008, "elapsed_time": 1.3439116477966309, "prnt": false}
{"event": "training_step", "timestamp": 1769646178.4722776, "step": 12, "max_steps": 938, "loss": 8.741800308227539, "elapsed_time": 1.4284210205078125, "prnt": false}
{"event": "training_step", "timestamp": 1769646178.556918, "step": 13, "max_steps": 938, "loss": 8.730154037475586, "elapsed_time": 1.5124030113220215, "prnt": false}
{"event": "training_step", "timestamp": 1769646178.6418006, "step": 14, "max_steps": 938, "loss": 8.65871524810791, "elapsed_time": 1.5971405506134033, "prnt": false}
{"event": "training_step", "timestamp": 1769646178.7266147, "step": 15, "max_steps": 938, "loss": 8.645822525024414, "elapsed_time": 1.6818628311157227, "prnt": false}
{"event": "training_step", "timestamp": 1769646178.8117547, "step": 16, "max_steps": 938, "loss": 8.572426795959473, "elapsed_time": 1.767838716506958, "prnt": false}
{"event": "training_step", "timestamp": 1769646178.896422, "step": 17, "max_steps": 938, "loss": 8.526704788208008, "elapsed_time": 1.8519220352172852, "prnt": false}
{"event": "training_step", "timestamp": 1769646178.9811504, "step": 18, "max_steps": 938, "loss": 8.47598934173584, "elapsed_time": 1.9368455410003662, "prnt": false}
{"event": "training_step", "timestamp": 1769646179.065782, "step": 19, "max_steps": 938, "loss": 8.390055656433105, "elapsed_time": 2.0212020874023438, "prnt": false}
{"event": "training_step", "timestamp": 1769646179.1501966, "step": 20, "max_steps": 938, "loss": 8.336894035339355, "elapsed_time": 2.1060147285461426, "prnt": false}
{"event": "training_step", "timestamp": 1769646179.2346144, "step": 21, "max_steps": 938, "loss": 8.294703483581543, "elapsed_time": 2.190277338027954, "prnt": false}
{"event": "training_step", "timestamp": 1769646179.3189967, "step": 22, "max_steps": 938, "loss": 8.243508338928223, "elapsed_time": 2.2748610973358154, "prnt": false}
{"event": "training_step", "timestamp": 1769646179.4036033, "step": 23, "max_steps": 938, "loss": 8.207615852355957, "elapsed_time": 2.3590691089630127, "prnt": false}
{"event": "training_step", "timestamp": 1769646179.4884186, "step": 24, "max_steps": 938, "loss": 8.155426025390625, "elapsed_time": 2.444314479827881, "prnt": false}
{"event": "training_step", "timestamp": 1769646179.5727615, "step": 25, "max_steps": 938, "loss": 8.045971870422363, "elapsed_time": 2.5286571979522705, "prnt": false}
{"event": "training_step", "timestamp": 1769646179.6571295, "step": 26, "max_steps": 938, "loss": 8.0347900390625, "elapsed_time": 2.613067865371704, "prnt": false}
{"event": "training_step", "timestamp": 1769646179.7414026, "step": 27, "max_steps": 938, "loss": 7.977503299713135, "elapsed_time": 2.6973397731781006, "prnt": false}
{"event": "training_step", "timestamp": 1769646179.8258843, "step": 28, "max_steps": 938, "loss": 7.939157962799072, "elapsed_time": 2.7815704345703125, "prnt": false}
{"event": "training_step", "timestamp": 1769646179.9102473, "step": 29, "max_steps": 938, "loss": 7.906426906585693, "elapsed_time": 2.8659698963165283, "prnt": false}
{"event": "training_step", "timestamp": 1769646179.9946074, "step": 30, "max_steps": 938, "loss": 7.793886184692383, "elapsed_time": 2.950528860092163, "prnt": false}
{"event": "training_step", "timestamp": 1769646180.0794358, "step": 31, "max_steps": 938, "loss": 7.774261474609375, "elapsed_time": 3.034806251525879, "prnt": false}
{"event": "training_step", "timestamp": 1769646180.163997, "step": 32, "max_steps": 938, "loss": 7.713907241821289, "elapsed_time": 3.119814395904541, "prnt": false}
{"event": "training_step", "timestamp": 1769646180.248434, "step": 33, "max_steps": 938, "loss": 7.711880207061768, "elapsed_time": 3.204033136367798, "prnt": false}
{"event": "training_step", "timestamp": 1769646180.3328657, "step": 34, "max_steps": 938, "loss": 7.573122978210449, "elapsed_time": 3.2887187004089355, "prnt": false}
{"event": "training_step", "timestamp": 1769646180.4172318, "step": 35, "max_steps": 938, "loss": 7.598668098449707, "elapsed_time": 3.3728935718536377, "prnt": false}
{"event": "training_step", "timestamp": 1769646180.5020423, "step": 36, "max_steps": 938, "loss": 7.57223653793335, "elapsed_time": 3.4578213691711426, "prnt": false}
{"event": "training_step", "timestamp": 1769646180.5866022, "step": 37, "max_steps": 938, "loss": 7.490436553955078, "elapsed_time": 3.5422163009643555, "prnt": false}
{"event": "training_step", "timestamp": 1769646180.6710854, "step": 38, "max_steps": 938, "loss": 7.49261999130249, "elapsed_time": 3.626741886138916, "prnt": false}
{"event": "training_step", "timestamp": 1769646180.7554667, "step": 39, "max_steps": 938, "loss": 7.486140727996826, "elapsed_time": 3.7112789154052734, "prnt": false}
{"event": "training_step", "timestamp": 1769646180.8402185, "step": 40, "max_steps": 938, "loss": 7.387240886688232, "elapsed_time": 3.796175479888916, "prnt": false}
{"event": "training_step", "timestamp": 1769646180.9247215, "step": 41, "max_steps": 938, "loss": 7.4846625328063965, "elapsed_time": 3.8806204795837402, "prnt": false}
{"event": "training_step", "timestamp": 1769646181.0092983, "step": 42, "max_steps": 938, "loss": 7.441256999969482, "elapsed_time": 3.9649055004119873, "prnt": false}
{"event": "training_step", "timestamp": 1769646181.0936503, "step": 43, "max_steps": 938, "loss": 7.368945121765137, "elapsed_time": 4.049353837966919, "prnt": false}
{"event": "training_step", "timestamp": 1769646181.1780715, "step": 44, "max_steps": 938, "loss": 7.378964424133301, "elapsed_time": 4.13382363319397, "prnt": false}
{"event": "validation_step", "timestamp": 1769646181.5603423, "step": 44, "max_steps": 938, "loss": 1.5884858131541006, "elapsed_time": 4.13382363319397}
{"event": "training_step", "timestamp": 1769646181.645132, "step": 45, "max_steps": 938, "loss": 7.357564449310303, "elapsed_time": 4.600844860076904, "prnt": false}
{"event": "training_step", "timestamp": 1769646181.7296054, "step": 46, "max_steps": 938, "loss": 7.383948802947998, "elapsed_time": 4.68606162071228, "prnt": false}
{"event": "training_step", "timestamp": 1769646181.8139148, "step": 47, "max_steps": 938, "loss": 7.310745716094971, "elapsed_time": 4.769809722900391, "prnt": false}
{"event": "training_step", "timestamp": 1769646181.8984725, "step": 48, "max_steps": 938, "loss": 7.349937915802002, "elapsed_time": 4.854039669036865, "prnt": false}
{"event": "training_step", "timestamp": 1769646181.9829648, "step": 49, "max_steps": 938, "loss": 7.239550590515137, "elapsed_time": 4.938581228256226, "prnt": false}
{"event": "training_step", "timestamp": 1769646182.067595, "step": 50, "max_steps": 938, "loss": 7.255876541137695, "elapsed_time": 5.023025035858154, "prnt": false}
{"event": "training_step", "timestamp": 1769646182.15195, "step": 51, "max_steps": 938, "loss": 7.330291271209717, "elapsed_time": 5.107741117477417, "prnt": false}
{"event": "training_step", "timestamp": 1769646182.236434, "step": 52, "max_steps": 938, "loss": 7.229701995849609, "elapsed_time": 5.192272186279297, "prnt": false}
{"event": "training_step", "timestamp": 1769646182.320779, "step": 53, "max_steps": 938, "loss": 7.296879291534424, "elapsed_time": 5.276535987854004, "prnt": false}
{"event": "training_step", "timestamp": 1769646182.40538, "step": 54, "max_steps": 938, "loss": 7.305716037750244, "elapsed_time": 5.361078977584839, "prnt": false}
{"event": "training_step", "timestamp": 1769646182.4898703, "step": 55, "max_steps": 938, "loss": 7.243472099304199, "elapsed_time": 5.445468902587891, "prnt": false}
{"event": "training_step", "timestamp": 1769646182.5744247, "step": 56, "max_steps": 938, "loss": 7.227372646331787, "elapsed_time": 5.53010630607605, "prnt": false}
{"event": "training_step", "timestamp": 1769646182.6587975, "step": 57, "max_steps": 938, "loss": 7.248598575592041, "elapsed_time": 5.614498615264893, "prnt": false}
{"event": "training_step", "timestamp": 1769646182.743562, "step": 58, "max_steps": 938, "loss": 7.2311201095581055, "elapsed_time": 5.699065208435059, "prnt": false}
{"event": "training_step", "timestamp": 1769646182.828375, "step": 59, "max_steps": 938, "loss": 7.19625997543335, "elapsed_time": 5.784336566925049, "prnt": false}
{"event": "training_step", "timestamp": 1769646182.91283, "step": 60, "max_steps": 938, "loss": 7.175851345062256, "elapsed_time": 5.868732929229736, "prnt": false}
{"event": "training_step", "timestamp": 1769646182.997188, "step": 61, "max_steps": 938, "loss": 7.161105632781982, "elapsed_time": 5.952956199645996, "prnt": false}
{"event": "training_step", "timestamp": 1769646183.081732, "step": 62, "max_steps": 938, "loss": 7.146968364715576, "elapsed_time": 6.037322044372559, "prnt": false}
{"event": "training_step", "timestamp": 1769646183.1663356, "step": 63, "max_steps": 938, "loss": 7.20139217376709, "elapsed_time": 6.121783018112183, "prnt": false}
{"event": "training_step", "timestamp": 1769646183.2508419, "step": 64, "max_steps": 938, "loss": 7.1299028396606445, "elapsed_time": 6.206564664840698, "prnt": false}
{"event": "training_step", "timestamp": 1769646183.3352778, "step": 65, "max_steps": 938, "loss": 7.1595048904418945, "elapsed_time": 6.29096531867981, "prnt": false}
{"event": "training_step", "timestamp": 1769646183.4197636, "step": 66, "max_steps": 938, "loss": 7.1536359786987305, "elapsed_time": 6.375427007675171, "prnt": false}
{"event": "training_step", "timestamp": 1769646183.5042136, "step": 67, "max_steps": 938, "loss": 7.108798980712891, "elapsed_time": 6.459813117980957, "prnt": false}
{"event": "training_step", "timestamp": 1769646183.5887876, "step": 68, "max_steps": 938, "loss": 7.111625671386719, "elapsed_time": 6.544384002685547, "prnt": false}
{"event": "training_step", "timestamp": 1769646183.6731932, "step": 69, "max_steps": 938, "loss": 7.064059734344482, "elapsed_time": 6.62887167930603, "prnt": false}
{"event": "training_step", "timestamp": 1769646183.7578077, "step": 70, "max_steps": 938, "loss": 7.091347694396973, "elapsed_time": 6.713669300079346, "prnt": false}
{"event": "training_step", "timestamp": 1769646183.8426137, "step": 71, "max_steps": 938, "loss": 6.9873127937316895, "elapsed_time": 6.797916889190674, "prnt": false}
{"event": "training_step", "timestamp": 1769646183.9273744, "step": 72, "max_steps": 938, "loss": 6.996521949768066, "elapsed_time": 6.882785797119141, "prnt": false}
{"event": "training_step", "timestamp": 1769646184.0117404, "step": 73, "max_steps": 938, "loss": 7.109248161315918, "elapsed_time": 6.967424392700195, "prnt": false}
{"event": "training_step", "timestamp": 1769646184.096286, "step": 74, "max_steps": 938, "loss": 7.018998622894287, "elapsed_time": 7.051954984664917, "prnt": false}
{"event": "training_step", "timestamp": 1769646184.1809375, "step": 75, "max_steps": 938, "loss": 7.109438896179199, "elapsed_time": 7.136394023895264, "prnt": false}
{"event": "training_step", "timestamp": 1769646184.2657363, "step": 76, "max_steps": 938, "loss": 7.0388264656066895, "elapsed_time": 7.221253395080566, "prnt": false}
{"event": "training_step", "timestamp": 1769646184.3502748, "step": 77, "max_steps": 938, "loss": 6.963557720184326, "elapsed_time": 7.305759906768799, "prnt": false}
{"event": "training_step", "timestamp": 1769646184.4347458, "step": 78, "max_steps": 938, "loss": 6.983473300933838, "elapsed_time": 7.390467882156372, "prnt": false}
{"event": "training_step", "timestamp": 1769646184.5193074, "step": 79, "max_steps": 938, "loss": 7.0526299476623535, "elapsed_time": 7.475087642669678, "prnt": false}
{"event": "training_step", "timestamp": 1769646184.6039238, "step": 80, "max_steps": 938, "loss": 6.96848201751709, "elapsed_time": 7.5595314502716064, "prnt": false}
{"event": "training_step", "timestamp": 1769646184.688649, "step": 81, "max_steps": 938, "loss": 6.948017597198486, "elapsed_time": 7.644078016281128, "prnt": false}
{"event": "training_step", "timestamp": 1769646184.7731788, "step": 82, "max_steps": 938, "loss": 6.86586856842041, "elapsed_time": 7.728861093521118, "prnt": false}
{"event": "training_step", "timestamp": 1769646184.8578067, "step": 83, "max_steps": 938, "loss": 6.97996187210083, "elapsed_time": 7.814005374908447, "prnt": false}
{"event": "training_step", "timestamp": 1769646184.9426038, "step": 84, "max_steps": 938, "loss": 6.93294620513916, "elapsed_time": 7.898154258728027, "prnt": false}
{"event": "training_step", "timestamp": 1769646185.0273318, "step": 85, "max_steps": 938, "loss": 6.9485063552856445, "elapsed_time": 7.982699632644653, "prnt": false}
{"event": "training_step", "timestamp": 1769646185.1120455, "step": 86, "max_steps": 938, "loss": 6.916723728179932, "elapsed_time": 8.067612409591675, "prnt": false}
{"event": "training_step", "timestamp": 1769646185.1965866, "step": 87, "max_steps": 938, "loss": 6.895840167999268, "elapsed_time": 8.152141809463501, "prnt": false}
{"event": "training_step", "timestamp": 1769646185.2813268, "step": 88, "max_steps": 938, "loss": 6.873419284820557, "elapsed_time": 8.236762285232544, "prnt": false}
{"event": "validation_step", "timestamp": 1769646185.6649792, "step": 88, "max_steps": 938, "loss": 1.491867919964902, "elapsed_time": 8.236762285232544}
{"event": "training_step", "timestamp": 1769646185.7498207, "step": 89, "max_steps": 938, "loss": 6.868386268615723, "elapsed_time": 8.705389976501465, "prnt": false}
{"event": "training_step", "timestamp": 1769646185.8343775, "step": 90, "max_steps": 938, "loss": 6.863282203674316, "elapsed_time": 8.7901029586792, "prnt": false}
{"event": "training_step", "timestamp": 1769646185.9190083, "step": 91, "max_steps": 938, "loss": 6.843469142913818, "elapsed_time": 8.874375104904175, "prnt": false}
{"event": "training_step", "timestamp": 1769646186.003657, "step": 92, "max_steps": 938, "loss": 6.852581024169922, "elapsed_time": 8.959210395812988, "prnt": false}
{"event": "training_step", "timestamp": 1769646186.088266, "step": 93, "max_steps": 938, "loss": 6.829230308532715, "elapsed_time": 9.043701410293579, "prnt": false}
{"event": "training_step", "timestamp": 1769646186.172831, "step": 94, "max_steps": 938, "loss": 6.82359504699707, "elapsed_time": 9.12840461730957, "prnt": false}
{"event": "training_step", "timestamp": 1769646186.2573926, "step": 95, "max_steps": 938, "loss": 6.938943386077881, "elapsed_time": 9.212905406951904, "prnt": false}
{"event": "training_step", "timestamp": 1769646186.34199, "step": 96, "max_steps": 938, "loss": 6.861597537994385, "elapsed_time": 9.297590970993042, "prnt": false}
{"event": "training_step", "timestamp": 1769646186.4267032, "step": 97, "max_steps": 938, "loss": 6.793054103851318, "elapsed_time": 9.38214921951294, "prnt": false}
{"event": "training_step", "timestamp": 1769646186.5112846, "step": 98, "max_steps": 938, "loss": 6.847533702850342, "elapsed_time": 9.466854572296143, "prnt": false}
{"event": "training_step", "timestamp": 1769646186.5959055, "step": 99, "max_steps": 938, "loss": 6.782942771911621, "elapsed_time": 9.551647424697876, "prnt": false}
{"event": "training_step", "timestamp": 1769646186.6806595, "step": 100, "max_steps": 938, "loss": 6.777405261993408, "elapsed_time": 9.636117696762085, "prnt": false}
{"event": "training_step", "timestamp": 1769646186.7655015, "step": 101, "max_steps": 938, "loss": 6.7734150886535645, "elapsed_time": 9.720968008041382, "prnt": false}
{"event": "training_step", "timestamp": 1769646186.8503158, "step": 102, "max_steps": 938, "loss": 6.747961044311523, "elapsed_time": 9.806158065795898, "prnt": false}
{"event": "training_step", "timestamp": 1769646186.9349499, "step": 103, "max_steps": 938, "loss": 6.822417259216309, "elapsed_time": 9.890647888183594, "prnt": false}
{"event": "training_step", "timestamp": 1769646187.0196571, "step": 104, "max_steps": 938, "loss": 6.752992630004883, "elapsed_time": 9.975313186645508, "prnt": false}
{"event": "training_step", "timestamp": 1769646187.1043942, "step": 105, "max_steps": 938, "loss": 6.745010852813721, "elapsed_time": 10.05967116355896, "prnt": false}
{"event": "training_step", "timestamp": 1769646187.1891794, "step": 106, "max_steps": 938, "loss": 6.819065093994141, "elapsed_time": 10.14470648765564, "prnt": false}
{"event": "training_step", "timestamp": 1769646187.2737858, "step": 107, "max_steps": 938, "loss": 6.768300533294678, "elapsed_time": 10.229217767715454, "prnt": false}
{"event": "training_step", "timestamp": 1769646187.35854, "step": 108, "max_steps": 938, "loss": 6.763718605041504, "elapsed_time": 10.314148664474487, "prnt": false}
{"event": "training_step", "timestamp": 1769646187.4432185, "step": 109, "max_steps": 938, "loss": 6.696923732757568, "elapsed_time": 10.398626327514648, "prnt": false}
{"event": "training_step", "timestamp": 1769646187.5279741, "step": 110, "max_steps": 938, "loss": 6.7055511474609375, "elapsed_time": 10.483490228652954, "prnt": false}
{"event": "training_step", "timestamp": 1769646187.6125264, "step": 111, "max_steps": 938, "loss": 6.642431259155273, "elapsed_time": 10.568139553070068, "prnt": false}
{"event": "training_step", "timestamp": 1769646187.697303, "step": 112, "max_steps": 938, "loss": 6.724466800689697, "elapsed_time": 10.652784824371338, "prnt": false}
{"event": "training_step", "timestamp": 1769646187.782, "step": 113, "max_steps": 938, "loss": 6.7569990158081055, "elapsed_time": 10.7374267578125, "prnt": false}
{"event": "training_step", "timestamp": 1769646187.866827, "step": 114, "max_steps": 938, "loss": 6.667923450469971, "elapsed_time": 10.822220087051392, "prnt": false}
{"event": "training_step", "timestamp": 1769646187.9513538, "step": 115, "max_steps": 938, "loss": 6.724939346313477, "elapsed_time": 10.906840085983276, "prnt": false}
{"event": "training_step", "timestamp": 1769646188.0359974, "step": 116, "max_steps": 938, "loss": 6.7292351722717285, "elapsed_time": 10.991545677185059, "prnt": false}
{"event": "training_step", "timestamp": 1769646188.120615, "step": 117, "max_steps": 938, "loss": 6.661931037902832, "elapsed_time": 11.07592487335205, "prnt": false}
{"event": "training_step", "timestamp": 1769646188.2055027, "step": 118, "max_steps": 938, "loss": 6.673145294189453, "elapsed_time": 11.160827398300171, "prnt": false}
{"event": "training_step", "timestamp": 1769646188.290183, "step": 119, "max_steps": 938, "loss": 6.641883373260498, "elapsed_time": 11.245598554611206, "prnt": false}
{"event": "training_step", "timestamp": 1769646188.374868, "step": 120, "max_steps": 938, "loss": 6.659658432006836, "elapsed_time": 11.330351114273071, "prnt": false}
{"event": "training_step", "timestamp": 1769646188.4595363, "step": 121, "max_steps": 938, "loss": 6.749595642089844, "elapsed_time": 11.415001392364502, "prnt": false}
{"event": "training_step", "timestamp": 1769646188.5443647, "step": 122, "max_steps": 938, "loss": 6.677389621734619, "elapsed_time": 11.499688625335693, "prnt": false}
{"event": "training_step", "timestamp": 1769646188.6291127, "step": 123, "max_steps": 938, "loss": 6.645979881286621, "elapsed_time": 11.584643840789795, "prnt": false}
{"event": "training_step", "timestamp": 1769646188.7136993, "step": 124, "max_steps": 938, "loss": 6.586981296539307, "elapsed_time": 11.669238567352295, "prnt": false}
{"event": "training_step", "timestamp": 1769646188.7984064, "step": 125, "max_steps": 938, "loss": 6.632055282592773, "elapsed_time": 11.754034042358398, "prnt": false}
{"event": "training_step", "timestamp": 1769646188.8833342, "step": 126, "max_steps": 938, "loss": 6.634666919708252, "elapsed_time": 11.839223384857178, "prnt": false}
{"event": "training_step", "timestamp": 1769646188.9680324, "step": 127, "max_steps": 938, "loss": 6.596053123474121, "elapsed_time": 11.923622846603394, "prnt": false}
{"event": "training_step", "timestamp": 1769646189.0525482, "step": 128, "max_steps": 938, "loss": 6.673398971557617, "elapsed_time": 12.008448839187622, "prnt": false}
{"event": "training_step", "timestamp": 1769646189.137146, "step": 129, "max_steps": 938, "loss": 6.634673595428467, "elapsed_time": 12.09261155128479, "prnt": false}
{"event": "training_step", "timestamp": 1769646189.2219672, "step": 130, "max_steps": 938, "loss": 6.5400919914245605, "elapsed_time": 12.177245616912842, "prnt": false}
{"event": "training_step", "timestamp": 1769646189.3067749, "step": 131, "max_steps": 938, "loss": 6.607271671295166, "elapsed_time": 12.262173414230347, "prnt": false}
{"event": "training_step", "timestamp": 1769646189.3914688, "step": 132, "max_steps": 938, "loss": 6.623173713684082, "elapsed_time": 12.346914529800415, "prnt": false}
{"event": "validation_step", "timestamp": 1769646189.7752872, "step": 132, "max_steps": 938, "loss": 1.436957638200129, "elapsed_time": 12.346914529800415}
{"event": "training_step", "timestamp": 1769646189.860663, "step": 133, "max_steps": 938, "loss": 6.6287126541137695, "elapsed_time": 12.816065073013306, "prnt": false}
{"event": "training_step", "timestamp": 1769646189.945794, "step": 134, "max_steps": 938, "loss": 6.5631890296936035, "elapsed_time": 12.901187658309937, "prnt": false}
{"event": "training_step", "timestamp": 1769646190.03063, "step": 135, "max_steps": 938, "loss": 6.608712673187256, "elapsed_time": 12.986140966415405, "prnt": false}
{"event": "training_step", "timestamp": 1769646190.1151893, "step": 136, "max_steps": 938, "loss": 6.553069114685059, "elapsed_time": 13.070663928985596, "prnt": false}
{"event": "training_step", "timestamp": 1769646190.2002463, "step": 137, "max_steps": 938, "loss": 6.578737735748291, "elapsed_time": 13.155511856079102, "prnt": false}
{"event": "training_step", "timestamp": 1769646190.2850175, "step": 138, "max_steps": 938, "loss": 6.623901844024658, "elapsed_time": 13.24026894569397, "prnt": false}
{"event": "training_step", "timestamp": 1769646190.3697262, "step": 139, "max_steps": 938, "loss": 6.54850959777832, "elapsed_time": 13.325207710266113, "prnt": false}
{"event": "training_step", "timestamp": 1769646190.4541576, "step": 140, "max_steps": 938, "loss": 6.53903341293335, "elapsed_time": 13.409796476364136, "prnt": false}
{"event": "training_step", "timestamp": 1769646190.5390348, "step": 141, "max_steps": 938, "loss": 6.556929111480713, "elapsed_time": 13.494450092315674, "prnt": false}
{"event": "training_step", "timestamp": 1769646190.6238582, "step": 142, "max_steps": 938, "loss": 6.502027988433838, "elapsed_time": 13.579129695892334, "prnt": false}
{"event": "training_step", "timestamp": 1769646190.7087517, "step": 143, "max_steps": 938, "loss": 6.580132007598877, "elapsed_time": 13.664021253585815, "prnt": false}
{"event": "training_step", "timestamp": 1769646190.793387, "step": 144, "max_steps": 938, "loss": 6.578098773956299, "elapsed_time": 13.748920917510986, "prnt": false}
{"event": "training_step", "timestamp": 1769646190.8781376, "step": 145, "max_steps": 938, "loss": 6.535712242126465, "elapsed_time": 13.833566427230835, "prnt": false}
{"event": "training_step", "timestamp": 1769646190.9630716, "step": 146, "max_steps": 938, "loss": 6.489599704742432, "elapsed_time": 13.918915033340454, "prnt": false}
{"event": "training_step", "timestamp": 1769646191.0479622, "step": 147, "max_steps": 938, "loss": 6.510064601898193, "elapsed_time": 14.003417015075684, "prnt": false}
{"event": "training_step", "timestamp": 1769646191.1325676, "step": 148, "max_steps": 938, "loss": 6.549414157867432, "elapsed_time": 14.088021993637085, "prnt": false}
{"event": "training_step", "timestamp": 1769646191.2173338, "step": 149, "max_steps": 938, "loss": 6.517498016357422, "elapsed_time": 14.172759294509888, "prnt": false}
{"event": "training_step", "timestamp": 1769646191.301994, "step": 150, "max_steps": 938, "loss": 6.498781681060791, "elapsed_time": 14.25743293762207, "prnt": false}
{"event": "training_step", "timestamp": 1769646191.3868878, "step": 151, "max_steps": 938, "loss": 6.476014614105225, "elapsed_time": 14.342283487319946, "prnt": false}
{"event": "training_step", "timestamp": 1769646191.471532, "step": 152, "max_steps": 938, "loss": 6.478477478027344, "elapsed_time": 14.426944255828857, "prnt": false}
{"event": "training_step", "timestamp": 1769646191.5563457, "step": 153, "max_steps": 938, "loss": 6.530241012573242, "elapsed_time": 14.51189136505127, "prnt": false}
{"event": "training_step", "timestamp": 1769646191.6410341, "step": 154, "max_steps": 938, "loss": 6.458934783935547, "elapsed_time": 14.596387386322021, "prnt": false}
{"event": "training_step", "timestamp": 1769646191.7259214, "step": 155, "max_steps": 938, "loss": 6.468761920928955, "elapsed_time": 14.681243896484375, "prnt": false}
{"event": "training_step", "timestamp": 1769646191.810612, "step": 156, "max_steps": 938, "loss": 6.487570762634277, "elapsed_time": 14.76625943183899, "prnt": false}
{"event": "training_step", "timestamp": 1769646191.8953514, "step": 157, "max_steps": 938, "loss": 6.561014175415039, "elapsed_time": 14.85074758529663, "prnt": false}
{"event": "training_step", "timestamp": 1769646191.9803114, "step": 158, "max_steps": 938, "loss": 6.448747634887695, "elapsed_time": 14.935396909713745, "prnt": false}
{"event": "training_step", "timestamp": 1769646192.065261, "step": 159, "max_steps": 938, "loss": 6.482214450836182, "elapsed_time": 15.020525932312012, "prnt": false}
{"event": "training_step", "timestamp": 1769646192.149979, "step": 160, "max_steps": 938, "loss": 6.486786842346191, "elapsed_time": 15.105497121810913, "prnt": false}
{"event": "training_step", "timestamp": 1769646192.23505, "step": 161, "max_steps": 938, "loss": 6.429328441619873, "elapsed_time": 15.190227270126343, "prnt": false}
{"event": "training_step", "timestamp": 1769646192.319971, "step": 162, "max_steps": 938, "loss": 6.4320902824401855, "elapsed_time": 15.275117874145508, "prnt": false}
{"event": "training_step", "timestamp": 1769646192.4049726, "step": 163, "max_steps": 938, "loss": 6.514700412750244, "elapsed_time": 15.360135793685913, "prnt": false}
{"event": "training_step", "timestamp": 1769646192.4897842, "step": 164, "max_steps": 938, "loss": 6.3855061531066895, "elapsed_time": 15.445059776306152, "prnt": false}
{"event": "training_step", "timestamp": 1769646192.5746508, "step": 165, "max_steps": 938, "loss": 6.494651794433594, "elapsed_time": 15.53003215789795, "prnt": false}
{"event": "training_step", "timestamp": 1769646192.6594908, "step": 166, "max_steps": 938, "loss": 6.4701104164123535, "elapsed_time": 15.6147301197052, "prnt": false}
{"event": "training_step", "timestamp": 1769646192.7444992, "step": 167, "max_steps": 938, "loss": 6.53330659866333, "elapsed_time": 15.699790000915527, "prnt": false}
{"event": "training_step", "timestamp": 1769646192.8292007, "step": 168, "max_steps": 938, "loss": 6.436966419219971, "elapsed_time": 15.78464937210083, "prnt": false}
{"event": "training_step", "timestamp": 1769646192.9140642, "step": 169, "max_steps": 938, "loss": 6.425772666931152, "elapsed_time": 15.869831085205078, "prnt": false}
{"event": "training_step", "timestamp": 1769646192.999018, "step": 170, "max_steps": 938, "loss": 6.422836780548096, "elapsed_time": 15.954453229904175, "prnt": false}
{"event": "training_step", "timestamp": 1769646193.0840743, "step": 171, "max_steps": 938, "loss": 6.424421310424805, "elapsed_time": 16.03936767578125, "prnt": false}
{"event": "training_step", "timestamp": 1769646193.16888, "step": 172, "max_steps": 938, "loss": 6.377833366394043, "elapsed_time": 16.12422227859497, "prnt": false}
{"event": "training_step", "timestamp": 1769646193.2538543, "step": 173, "max_steps": 938, "loss": 6.33796501159668, "elapsed_time": 16.209129810333252, "prnt": false}
{"event": "training_step", "timestamp": 1769646193.3387651, "step": 174, "max_steps": 938, "loss": 6.423851013183594, "elapsed_time": 16.29389977455139, "prnt": false}
{"event": "training_step", "timestamp": 1769646193.4237924, "step": 175, "max_steps": 938, "loss": 6.370354175567627, "elapsed_time": 16.378952503204346, "prnt": false}
{"event": "training_step", "timestamp": 1769646193.5085292, "step": 176, "max_steps": 938, "loss": 6.37715482711792, "elapsed_time": 16.463802814483643, "prnt": false}
{"event": "validation_step", "timestamp": 1769646193.8926458, "step": 176, "max_steps": 938, "loss": 1.4007507860456048, "elapsed_time": 16.463802814483643}
{"event": "training_step", "timestamp": 1769646193.9781466, "step": 177, "max_steps": 938, "loss": 6.376844882965088, "elapsed_time": 16.93360137939453, "prnt": false}
{"event": "training_step", "timestamp": 1769646194.0631464, "step": 178, "max_steps": 938, "loss": 6.318803310394287, "elapsed_time": 17.018383026123047, "prnt": false}
{"event": "training_step", "timestamp": 1769646194.1481042, "step": 179, "max_steps": 938, "loss": 6.394935131072998, "elapsed_time": 17.103339672088623, "prnt": false}
{"event": "training_step", "timestamp": 1769646194.2327766, "step": 180, "max_steps": 938, "loss": 6.356050491333008, "elapsed_time": 17.188315868377686, "prnt": false}
{"event": "training_step", "timestamp": 1769646194.3177776, "step": 181, "max_steps": 938, "loss": 6.392767429351807, "elapsed_time": 17.273087978363037, "prnt": false}
{"event": "training_step", "timestamp": 1769646194.402784, "step": 182, "max_steps": 938, "loss": 6.395938396453857, "elapsed_time": 17.35787034034729, "prnt": false}
{"event": "training_step", "timestamp": 1769646194.4878273, "step": 183, "max_steps": 938, "loss": 6.450868129730225, "elapsed_time": 17.443100452423096, "prnt": false}
{"event": "training_step", "timestamp": 1769646194.5725431, "step": 184, "max_steps": 938, "loss": 6.360833644866943, "elapsed_time": 17.52788496017456, "prnt": false}
{"event": "training_step", "timestamp": 1769646194.6576269, "step": 185, "max_steps": 938, "loss": 6.320487976074219, "elapsed_time": 17.612958192825317, "prnt": false}
{"event": "training_step", "timestamp": 1769646194.7425623, "step": 186, "max_steps": 938, "loss": 6.2880072593688965, "elapsed_time": 17.69791007041931, "prnt": false}
{"event": "training_step", "timestamp": 1769646194.8275924, "step": 187, "max_steps": 938, "loss": 6.355128765106201, "elapsed_time": 17.782747745513916, "prnt": false}
{"event": "training_step", "timestamp": 1769646194.9123108, "step": 188, "max_steps": 938, "loss": 6.328165531158447, "elapsed_time": 17.86775279045105, "prnt": false}
{"event": "training_step", "timestamp": 1769646194.9976008, "step": 189, "max_steps": 938, "loss": 6.3142313957214355, "elapsed_time": 17.95300054550171, "prnt": false}
{"event": "training_step", "timestamp": 1769646195.0825076, "step": 190, "max_steps": 938, "loss": 6.333069801330566, "elapsed_time": 18.037899494171143, "prnt": false}
{"event": "training_step", "timestamp": 1769646195.167522, "step": 191, "max_steps": 938, "loss": 6.2954630851745605, "elapsed_time": 18.122583150863647, "prnt": false}
{"event": "training_step", "timestamp": 1769646195.252376, "step": 192, "max_steps": 938, "loss": 6.289766788482666, "elapsed_time": 18.207598209381104, "prnt": false}
{"event": "training_step", "timestamp": 1769646195.337475, "step": 193, "max_steps": 938, "loss": 6.2958807945251465, "elapsed_time": 18.2924382686615, "prnt": false}
{"event": "training_step", "timestamp": 1769646195.4224498, "step": 194, "max_steps": 938, "loss": 6.302645683288574, "elapsed_time": 18.377641916275024, "prnt": false}
{"event": "training_step", "timestamp": 1769646195.5074534, "step": 195, "max_steps": 938, "loss": 6.355186939239502, "elapsed_time": 18.462642669677734, "prnt": false}
{"event": "training_step", "timestamp": 1769646195.592249, "step": 196, "max_steps": 938, "loss": 6.334288120269775, "elapsed_time": 18.547492027282715, "prnt": false}
{"event": "training_step", "timestamp": 1769646195.677355, "step": 197, "max_steps": 938, "loss": 6.29937219619751, "elapsed_time": 18.632518529891968, "prnt": false}
{"event": "training_step", "timestamp": 1769646195.762358, "step": 198, "max_steps": 938, "loss": 6.329726219177246, "elapsed_time": 18.71731448173523, "prnt": false}
{"event": "training_step", "timestamp": 1769646195.8473582, "step": 199, "max_steps": 938, "loss": 6.265930652618408, "elapsed_time": 18.80254077911377, "prnt": false}
{"event": "training_step", "timestamp": 1769646195.9322238, "step": 200, "max_steps": 938, "loss": 6.28114128112793, "elapsed_time": 18.887484073638916, "prnt": false}
{"event": "training_step", "timestamp": 1769646196.0171053, "step": 201, "max_steps": 938, "loss": 6.275498867034912, "elapsed_time": 18.97235107421875, "prnt": false}
{"event": "training_step", "timestamp": 1769646196.102032, "step": 202, "max_steps": 938, "loss": 6.326602458953857, "elapsed_time": 19.05715799331665, "prnt": false}
{"event": "training_step", "timestamp": 1769646196.18702, "step": 203, "max_steps": 938, "loss": 6.315955638885498, "elapsed_time": 19.142199516296387, "prnt": false}
{"event": "training_step", "timestamp": 1769646196.2718873, "step": 204, "max_steps": 938, "loss": 6.22646427154541, "elapsed_time": 19.227258443832397, "prnt": false}
{"event": "training_step", "timestamp": 1769646196.3569932, "step": 205, "max_steps": 938, "loss": 6.2989888191223145, "elapsed_time": 19.3120174407959, "prnt": false}
{"event": "training_step", "timestamp": 1769646196.4420128, "step": 206, "max_steps": 938, "loss": 6.280961513519287, "elapsed_time": 19.397125959396362, "prnt": false}
{"event": "training_step", "timestamp": 1769646196.5270793, "step": 207, "max_steps": 938, "loss": 6.238652229309082, "elapsed_time": 19.482297897338867, "prnt": false}
{"event": "training_step", "timestamp": 1769646196.6118536, "step": 208, "max_steps": 938, "loss": 6.2306108474731445, "elapsed_time": 19.56715679168701, "prnt": false}
{"event": "training_step", "timestamp": 1769646196.6969686, "step": 209, "max_steps": 938, "loss": 6.258188247680664, "elapsed_time": 19.652032375335693, "prnt": false}
{"event": "training_step", "timestamp": 1769646196.7820046, "step": 210, "max_steps": 938, "loss": 6.269895076751709, "elapsed_time": 19.737067222595215, "prnt": false}
{"event": "training_step", "timestamp": 1769646196.867055, "step": 211, "max_steps": 938, "loss": 6.253435134887695, "elapsed_time": 19.82214617729187, "prnt": false}
{"event": "training_step", "timestamp": 1769646196.9519308, "step": 212, "max_steps": 938, "loss": 6.2598876953125, "elapsed_time": 19.90730357170105, "prnt": false}
{"event": "training_step", "timestamp": 1769646197.0370982, "step": 213, "max_steps": 938, "loss": 6.26511812210083, "elapsed_time": 19.992576122283936, "prnt": false}
{"event": "training_step", "timestamp": 1769646197.1222599, "step": 214, "max_steps": 938, "loss": 6.282314300537109, "elapsed_time": 20.07725191116333, "prnt": false}
{"event": "training_step", "timestamp": 1769646197.2073057, "step": 215, "max_steps": 938, "loss": 6.24046516418457, "elapsed_time": 20.162391662597656, "prnt": false}
{"event": "training_step", "timestamp": 1769646197.292136, "step": 216, "max_steps": 938, "loss": 6.2707953453063965, "elapsed_time": 20.24736738204956, "prnt": false}
{"event": "training_step", "timestamp": 1769646197.3771806, "step": 217, "max_steps": 938, "loss": 6.19078254699707, "elapsed_time": 20.33233380317688, "prnt": false}
{"event": "training_step", "timestamp": 1769646197.4622524, "step": 218, "max_steps": 938, "loss": 6.24183988571167, "elapsed_time": 20.417214393615723, "prnt": false}
{"event": "training_step", "timestamp": 1769646197.5472693, "step": 219, "max_steps": 938, "loss": 6.261368751525879, "elapsed_time": 20.502391576766968, "prnt": false}
{"event": "training_step", "timestamp": 1769646197.6320806, "step": 220, "max_steps": 938, "loss": 6.246156215667725, "elapsed_time": 20.58738422393799, "prnt": false}
{"event": "validation_step", "timestamp": 1769646198.0168414, "step": 220, "max_steps": 938, "loss": 1.3760281328276456, "elapsed_time": 20.58738422393799}
{"event": "training_step", "timestamp": 1769646198.102315, "step": 221, "max_steps": 938, "loss": 6.301421165466309, "elapsed_time": 21.05729913711548, "prnt": false}
{"event": "training_step", "timestamp": 1769646198.1872683, "step": 222, "max_steps": 938, "loss": 6.247717380523682, "elapsed_time": 21.142610788345337, "prnt": false}
{"event": "training_step", "timestamp": 1769646198.2724, "step": 223, "max_steps": 938, "loss": 6.194386959075928, "elapsed_time": 21.2275071144104, "prnt": false}
{"event": "training_step", "timestamp": 1769646198.357409, "step": 224, "max_steps": 938, "loss": 6.277561664581299, "elapsed_time": 21.312431573867798, "prnt": false}
{"event": "training_step", "timestamp": 1769646198.4426146, "step": 225, "max_steps": 938, "loss": 6.279901504516602, "elapsed_time": 21.397508144378662, "prnt": false}
{"event": "training_step", "timestamp": 1769646198.52751, "step": 226, "max_steps": 938, "loss": 6.157186031341553, "elapsed_time": 21.482688426971436, "prnt": false}
{"event": "training_step", "timestamp": 1769646198.6125054, "step": 227, "max_steps": 938, "loss": 6.1991448402404785, "elapsed_time": 21.567657232284546, "prnt": false}
{"event": "training_step", "timestamp": 1769646198.6976306, "step": 228, "max_steps": 938, "loss": 6.1844000816345215, "elapsed_time": 21.652774572372437, "prnt": false}
{"event": "training_step", "timestamp": 1769646198.7829196, "step": 229, "max_steps": 938, "loss": 6.169227123260498, "elapsed_time": 21.738017082214355, "prnt": false}
{"event": "training_step", "timestamp": 1769646198.8679087, "step": 230, "max_steps": 938, "loss": 6.220665454864502, "elapsed_time": 21.82300090789795, "prnt": false}
{"event": "training_step", "timestamp": 1769646198.9529016, "step": 231, "max_steps": 938, "loss": 6.172102451324463, "elapsed_time": 21.908029317855835, "prnt": false}
{"event": "training_step", "timestamp": 1769646199.0381155, "step": 232, "max_steps": 938, "loss": 6.1693220138549805, "elapsed_time": 21.993529081344604, "prnt": false}
{"event": "training_step", "timestamp": 1769646199.1232996, "step": 233, "max_steps": 938, "loss": 6.216272354125977, "elapsed_time": 22.07828974723816, "prnt": false}
{"event": "training_step", "timestamp": 1769646199.2082577, "step": 234, "max_steps": 938, "loss": 6.198176860809326, "elapsed_time": 22.16327166557312, "prnt": false}
{"event": "training_step", "timestamp": 1769646199.2932248, "step": 235, "max_steps": 938, "loss": 6.1798834800720215, "elapsed_time": 22.248453855514526, "prnt": false}
{"event": "training_step", "timestamp": 1769646199.3780358, "step": 236, "max_steps": 938, "loss": 6.181644916534424, "elapsed_time": 22.33324933052063, "prnt": false}
{"event": "training_step", "timestamp": 1769646199.4633186, "step": 237, "max_steps": 938, "loss": 6.202592849731445, "elapsed_time": 22.41813349723816, "prnt": false}
{"event": "training_step", "timestamp": 1769646199.5483768, "step": 238, "max_steps": 938, "loss": 6.167712211608887, "elapsed_time": 22.503550052642822, "prnt": false}
{"event": "training_step", "timestamp": 1769646199.6333675, "step": 239, "max_steps": 938, "loss": 6.234592914581299, "elapsed_time": 22.58863615989685, "prnt": false}
{"event": "training_step", "timestamp": 1769646199.7184582, "step": 240, "max_steps": 938, "loss": 6.169071674346924, "elapsed_time": 22.673471927642822, "prnt": false}
{"event": "training_step", "timestamp": 1769646199.8035574, "step": 241, "max_steps": 938, "loss": 6.1860809326171875, "elapsed_time": 22.758638381958008, "prnt": false}
{"event": "training_step", "timestamp": 1769646199.8885655, "step": 242, "max_steps": 938, "loss": 6.217237949371338, "elapsed_time": 22.843640089035034, "prnt": false}
{"event": "training_step", "timestamp": 1769646199.973593, "step": 243, "max_steps": 938, "loss": 6.14390230178833, "elapsed_time": 22.928804636001587, "prnt": false}
{"event": "training_step", "timestamp": 1769646200.0587733, "step": 244, "max_steps": 938, "loss": 6.108149528503418, "elapsed_time": 23.013623476028442, "prnt": false}
{"event": "training_step", "timestamp": 1769646200.143915, "step": 245, "max_steps": 938, "loss": 6.193216800689697, "elapsed_time": 23.098851203918457, "prnt": false}
{"event": "training_step", "timestamp": 1769646200.2288506, "step": 246, "max_steps": 938, "loss": 6.1078290939331055, "elapsed_time": 23.18403124809265, "prnt": false}
{"event": "training_step", "timestamp": 1769646200.3138695, "step": 247, "max_steps": 938, "loss": 6.122529983520508, "elapsed_time": 23.268986463546753, "prnt": false}
{"event": "training_step", "timestamp": 1769646200.398859, "step": 248, "max_steps": 938, "loss": 6.132180213928223, "elapsed_time": 23.353877067565918, "prnt": false}
{"event": "training_step", "timestamp": 1769646200.4840367, "step": 249, "max_steps": 938, "loss": 6.19993257522583, "elapsed_time": 23.439175128936768, "prnt": false}
{"event": "training_step", "timestamp": 1769646200.5689948, "step": 250, "max_steps": 938, "loss": 6.142656326293945, "elapsed_time": 23.52411699295044, "prnt": false}
{"event": "training_step", "timestamp": 1769646200.6540484, "step": 251, "max_steps": 938, "loss": 6.151378154754639, "elapsed_time": 23.609172821044922, "prnt": false}
{"event": "training_step", "timestamp": 1769646200.7390513, "step": 252, "max_steps": 938, "loss": 6.214289665222168, "elapsed_time": 23.694048404693604, "prnt": false}
{"event": "training_step", "timestamp": 1769646200.824203, "step": 253, "max_steps": 938, "loss": 6.076930999755859, "elapsed_time": 23.779174327850342, "prnt": false}
{"event": "training_step", "timestamp": 1769646200.9091694, "step": 254, "max_steps": 938, "loss": 6.197702884674072, "elapsed_time": 23.86416983604431, "prnt": false}
{"event": "training_step", "timestamp": 1769646200.9942589, "step": 255, "max_steps": 938, "loss": 6.0968122482299805, "elapsed_time": 23.949533939361572, "prnt": false}
{"event": "training_step", "timestamp": 1769646201.0793185, "step": 256, "max_steps": 938, "loss": 6.050838470458984, "elapsed_time": 24.034916639328003, "prnt": false}
{"event": "training_step", "timestamp": 1769646201.164461, "step": 257, "max_steps": 938, "loss": 6.1692914962768555, "elapsed_time": 24.11951208114624, "prnt": false}
{"event": "training_step", "timestamp": 1769646201.249443, "step": 258, "max_steps": 938, "loss": 6.077182769775391, "elapsed_time": 24.20456862449646, "prnt": false}
{"event": "training_step", "timestamp": 1769646201.3344522, "step": 259, "max_steps": 938, "loss": 6.066455364227295, "elapsed_time": 24.28947401046753, "prnt": false}
{"event": "training_step", "timestamp": 1769646201.419507, "step": 260, "max_steps": 938, "loss": 6.090934753417969, "elapsed_time": 24.374494791030884, "prnt": false}
{"event": "training_step", "timestamp": 1769646201.5046833, "step": 261, "max_steps": 938, "loss": 6.1869916915893555, "elapsed_time": 24.459617614746094, "prnt": false}
{"event": "training_step", "timestamp": 1769646201.5896876, "step": 262, "max_steps": 938, "loss": 6.093484878540039, "elapsed_time": 24.54479742050171, "prnt": false}
{"event": "training_step", "timestamp": 1769646201.6747959, "step": 263, "max_steps": 938, "loss": 6.064739227294922, "elapsed_time": 24.62986159324646, "prnt": false}
{"event": "training_step", "timestamp": 1769646201.7597926, "step": 264, "max_steps": 938, "loss": 6.177642822265625, "elapsed_time": 24.714765310287476, "prnt": false}
{"event": "validation_step", "timestamp": 1769646202.1453407, "step": 264, "max_steps": 938, "loss": 1.354523544221979, "elapsed_time": 24.714765310287476}
{"event": "training_step", "timestamp": 1769646202.2311447, "step": 265, "max_steps": 938, "loss": 6.148455619812012, "elapsed_time": 25.185961723327637, "prnt": false}
{"event": "training_step", "timestamp": 1769646202.3162398, "step": 266, "max_steps": 938, "loss": 6.146864414215088, "elapsed_time": 25.27137279510498, "prnt": false}
{"event": "training_step", "timestamp": 1769646202.4015577, "step": 267, "max_steps": 938, "loss": 6.118844032287598, "elapsed_time": 25.356373071670532, "prnt": false}
{"event": "training_step", "timestamp": 1769646202.486582, "step": 268, "max_steps": 938, "loss": 6.142081260681152, "elapsed_time": 25.441683053970337, "prnt": false}
{"event": "training_step", "timestamp": 1769646202.5718586, "step": 269, "max_steps": 938, "loss": 6.04831600189209, "elapsed_time": 25.526873350143433, "prnt": false}
{"event": "training_step", "timestamp": 1769646202.657158, "step": 270, "max_steps": 938, "loss": 6.004207611083984, "elapsed_time": 25.612142324447632, "prnt": false}
{"event": "training_step", "timestamp": 1769646202.7425027, "step": 271, "max_steps": 938, "loss": 6.094779014587402, "elapsed_time": 25.697389125823975, "prnt": false}
{"event": "training_step", "timestamp": 1769646202.8275604, "step": 272, "max_steps": 938, "loss": 6.087706089019775, "elapsed_time": 25.7826189994812, "prnt": false}
{"event": "training_step", "timestamp": 1769646202.9126384, "step": 273, "max_steps": 938, "loss": 6.132441520690918, "elapsed_time": 25.867905139923096, "prnt": false}
{"event": "training_step", "timestamp": 1769646202.997919, "step": 274, "max_steps": 938, "loss": 6.072545528411865, "elapsed_time": 25.952776193618774, "prnt": false}
{"event": "training_step", "timestamp": 1769646203.083294, "step": 275, "max_steps": 938, "loss": 6.084842681884766, "elapsed_time": 26.03863501548767, "prnt": false}
{"event": "training_step", "timestamp": 1769646203.1683915, "step": 276, "max_steps": 938, "loss": 6.156322479248047, "elapsed_time": 26.12342357635498, "prnt": false}
{"event": "training_step", "timestamp": 1769646203.2534797, "step": 277, "max_steps": 938, "loss": 6.008749961853027, "elapsed_time": 26.208556652069092, "prnt": false}
{"event": "training_step", "timestamp": 1769646203.338589, "step": 278, "max_steps": 938, "loss": 6.077617168426514, "elapsed_time": 26.29350972175598, "prnt": false}
{"event": "training_step", "timestamp": 1769646203.423809, "step": 279, "max_steps": 938, "loss": 6.07373046875, "elapsed_time": 26.378826141357422, "prnt": false}
{"event": "training_step", "timestamp": 1769646203.508854, "step": 280, "max_steps": 938, "loss": 6.047976970672607, "elapsed_time": 26.4639892578125, "prnt": false}
{"event": "training_step", "timestamp": 1769646203.5940645, "step": 281, "max_steps": 938, "loss": 6.0090651512146, "elapsed_time": 26.54903531074524, "prnt": false}
{"event": "training_step", "timestamp": 1769646203.6792555, "step": 282, "max_steps": 938, "loss": 6.057393550872803, "elapsed_time": 26.63418197631836, "prnt": false}
{"event": "training_step", "timestamp": 1769646203.7645175, "step": 283, "max_steps": 938, "loss": 6.046641826629639, "elapsed_time": 26.719464778900146, "prnt": false}
{"event": "training_step", "timestamp": 1769646203.8496456, "step": 284, "max_steps": 938, "loss": 5.972649574279785, "elapsed_time": 26.80463433265686, "prnt": false}
{"event": "training_step", "timestamp": 1769646203.9348142, "step": 285, "max_steps": 938, "loss": 6.026766777038574, "elapsed_time": 26.889766216278076, "prnt": false}
{"event": "training_step", "timestamp": 1769646204.0199814, "step": 286, "max_steps": 938, "loss": 6.039825916290283, "elapsed_time": 26.974892139434814, "prnt": false}
{"event": "training_step", "timestamp": 1769646204.1052318, "step": 287, "max_steps": 938, "loss": 6.0534796714782715, "elapsed_time": 27.060057163238525, "prnt": false}
{"event": "training_step", "timestamp": 1769646204.1902454, "step": 288, "max_steps": 938, "loss": 6.016516208648682, "elapsed_time": 27.14525032043457, "prnt": false}
{"event": "training_step", "timestamp": 1769646204.2754405, "step": 289, "max_steps": 938, "loss": 6.036645889282227, "elapsed_time": 27.23050832748413, "prnt": false}
{"event": "training_step", "timestamp": 1769646204.360736, "step": 290, "max_steps": 938, "loss": 6.0160956382751465, "elapsed_time": 27.31549572944641, "prnt": false}
{"event": "training_step", "timestamp": 1769646204.4458663, "step": 291, "max_steps": 938, "loss": 6.023067951202393, "elapsed_time": 27.40086054801941, "prnt": false}
{"event": "training_step", "timestamp": 1769646204.5311713, "step": 292, "max_steps": 938, "loss": 6.0338592529296875, "elapsed_time": 27.486375331878662, "prnt": false}
{"event": "training_step", "timestamp": 1769646204.6165204, "step": 293, "max_steps": 938, "loss": 6.07381010055542, "elapsed_time": 27.57162857055664, "prnt": false}
{"event": "training_step", "timestamp": 1769646204.7018833, "step": 294, "max_steps": 938, "loss": 6.044180870056152, "elapsed_time": 27.65672731399536, "prnt": false}
{"event": "training_step", "timestamp": 1769646204.7871113, "step": 295, "max_steps": 938, "loss": 5.972723484039307, "elapsed_time": 27.742140769958496, "prnt": false}
{"event": "training_step", "timestamp": 1769646204.872195, "step": 296, "max_steps": 938, "loss": 5.9646525382995605, "elapsed_time": 27.827090740203857, "prnt": false}
{"event": "training_step", "timestamp": 1769646204.9573715, "step": 297, "max_steps": 938, "loss": 6.075933933258057, "elapsed_time": 27.912370204925537, "prnt": false}
{"event": "training_step", "timestamp": 1769646205.0425699, "step": 298, "max_steps": 938, "loss": 6.053102493286133, "elapsed_time": 27.997358083724976, "prnt": false}
{"event": "training_step", "timestamp": 1769646205.1278174, "step": 299, "max_steps": 938, "loss": 6.060148239135742, "elapsed_time": 28.082924604415894, "prnt": false}
{"event": "training_step", "timestamp": 1769646205.2129498, "step": 300, "max_steps": 938, "loss": 6.086089134216309, "elapsed_time": 28.167824506759644, "prnt": false}
{"event": "training_step", "timestamp": 1769646205.2982397, "step": 301, "max_steps": 938, "loss": 6.0278496742248535, "elapsed_time": 28.253159999847412, "prnt": false}
{"event": "training_step", "timestamp": 1769646205.3833835, "step": 302, "max_steps": 938, "loss": 6.026894569396973, "elapsed_time": 28.338342905044556, "prnt": false}
{"event": "training_step", "timestamp": 1769646205.468594, "step": 303, "max_steps": 938, "loss": 6.070652961730957, "elapsed_time": 28.42361807823181, "prnt": false}
{"event": "training_step", "timestamp": 1769646205.5538983, "step": 304, "max_steps": 938, "loss": 6.02449369430542, "elapsed_time": 28.50875473022461, "prnt": false}
{"event": "training_step", "timestamp": 1769646205.6392088, "step": 305, "max_steps": 938, "loss": 5.967676639556885, "elapsed_time": 28.594091653823853, "prnt": false}
{"event": "training_step", "timestamp": 1769646205.7243605, "step": 306, "max_steps": 938, "loss": 5.960324287414551, "elapsed_time": 28.679295539855957, "prnt": false}
{"event": "training_step", "timestamp": 1769646205.809648, "step": 307, "max_steps": 938, "loss": 6.030214309692383, "elapsed_time": 28.76448130607605, "prnt": false}
{"event": "training_step", "timestamp": 1769646205.8948874, "step": 308, "max_steps": 938, "loss": 5.9637675285339355, "elapsed_time": 28.84977626800537, "prnt": false}
{"event": "validation_step", "timestamp": 1769646206.2806942, "step": 308, "max_steps": 938, "loss": 1.3380235880474196, "elapsed_time": 28.84977626800537}
{"event": "training_step", "timestamp": 1769646206.366411, "step": 309, "max_steps": 938, "loss": 5.99722146987915, "elapsed_time": 29.321348428726196, "prnt": false}
{"event": "training_step", "timestamp": 1769646206.4514446, "step": 310, "max_steps": 938, "loss": 6.0812249183654785, "elapsed_time": 29.40645956993103, "prnt": false}
{"event": "training_step", "timestamp": 1769646206.5368123, "step": 311, "max_steps": 938, "loss": 5.964416027069092, "elapsed_time": 29.491654872894287, "prnt": false}
{"event": "training_step", "timestamp": 1769646206.6221611, "step": 312, "max_steps": 938, "loss": 6.039954662322998, "elapsed_time": 29.576838731765747, "prnt": false}
{"event": "training_step", "timestamp": 1769646206.7073407, "step": 313, "max_steps": 938, "loss": 5.930166244506836, "elapsed_time": 29.662231922149658, "prnt": false}
{"event": "training_step", "timestamp": 1769646206.7924194, "step": 314, "max_steps": 938, "loss": 5.98049783706665, "elapsed_time": 29.74747586250305, "prnt": false}
{"event": "training_step", "timestamp": 1769646206.8776731, "step": 315, "max_steps": 938, "loss": 5.950030326843262, "elapsed_time": 29.832585334777832, "prnt": false}
{"event": "training_step", "timestamp": 1769646206.962884, "step": 316, "max_steps": 938, "loss": 5.959741592407227, "elapsed_time": 29.91777753829956, "prnt": false}
{"event": "training_step", "timestamp": 1769646207.0481727, "step": 317, "max_steps": 938, "loss": 5.962411403656006, "elapsed_time": 30.00308132171631, "prnt": false}
{"event": "training_step", "timestamp": 1769646207.1335788, "step": 318, "max_steps": 938, "loss": 6.000771999359131, "elapsed_time": 30.088967323303223, "prnt": false}
{"event": "training_step", "timestamp": 1769646207.219118, "step": 319, "max_steps": 938, "loss": 5.922789096832275, "elapsed_time": 30.17398715019226, "prnt": false}
{"event": "training_step", "timestamp": 1769646207.3042998, "step": 320, "max_steps": 938, "loss": 5.981509208679199, "elapsed_time": 30.25917887687683, "prnt": false}
{"event": "training_step", "timestamp": 1769646207.3895946, "step": 321, "max_steps": 938, "loss": 5.995589256286621, "elapsed_time": 30.344400644302368, "prnt": false}
{"event": "training_step", "timestamp": 1769646207.4749792, "step": 322, "max_steps": 938, "loss": 5.971839904785156, "elapsed_time": 30.42968487739563, "prnt": false}
{"event": "training_step", "timestamp": 1769646207.5604422, "step": 323, "max_steps": 938, "loss": 5.879215717315674, "elapsed_time": 30.515105724334717, "prnt": false}
{"event": "training_step", "timestamp": 1769646207.6456137, "step": 324, "max_steps": 938, "loss": 5.907660961151123, "elapsed_time": 30.60045289993286, "prnt": false}
{"event": "training_step", "timestamp": 1769646207.7309017, "step": 325, "max_steps": 938, "loss": 5.960480690002441, "elapsed_time": 30.685697078704834, "prnt": false}
{"event": "training_step", "timestamp": 1769646207.8162553, "step": 326, "max_steps": 938, "loss": 5.914523124694824, "elapsed_time": 30.77091646194458, "prnt": false}
{"event": "training_step", "timestamp": 1769646207.901663, "step": 327, "max_steps": 938, "loss": 5.8181681632995605, "elapsed_time": 30.85640835762024, "prnt": false}
{"event": "training_step", "timestamp": 1769646207.9900932, "step": 328, "max_steps": 938, "loss": 5.962305545806885, "elapsed_time": 30.949933528900146, "prnt": false}
{"event": "training_step", "timestamp": 1769646208.0757446, "step": 329, "max_steps": 938, "loss": 5.974939346313477, "elapsed_time": 31.03023409843445, "prnt": false}
{"event": "training_step", "timestamp": 1769646208.1611123, "step": 330, "max_steps": 938, "loss": 5.945501327514648, "elapsed_time": 31.115898370742798, "prnt": false}
{"event": "training_step", "timestamp": 1769646208.2464044, "step": 331, "max_steps": 938, "loss": 5.8710408210754395, "elapsed_time": 31.201191902160645, "prnt": false}
{"event": "training_step", "timestamp": 1769646208.3314936, "step": 332, "max_steps": 938, "loss": 5.908830642700195, "elapsed_time": 31.286418437957764, "prnt": false}
{"event": "training_step", "timestamp": 1769646208.4168522, "step": 333, "max_steps": 938, "loss": 5.98841667175293, "elapsed_time": 31.371467351913452, "prnt": false}
{"event": "training_step", "timestamp": 1769646208.502125, "step": 334, "max_steps": 938, "loss": 5.8694024085998535, "elapsed_time": 31.456960439682007, "prnt": false}
{"event": "training_step", "timestamp": 1769646208.587347, "step": 335, "max_steps": 938, "loss": 5.943923473358154, "elapsed_time": 31.54238796234131, "prnt": false}
{"event": "training_step", "timestamp": 1769646208.672569, "step": 336, "max_steps": 938, "loss": 5.904056072235107, "elapsed_time": 31.627335786819458, "prnt": false}
{"event": "training_step", "timestamp": 1769646208.7579656, "step": 337, "max_steps": 938, "loss": 5.987247943878174, "elapsed_time": 31.71270442008972, "prnt": false}
{"event": "training_step", "timestamp": 1769646208.8432624, "step": 338, "max_steps": 938, "loss": 5.90075159072876, "elapsed_time": 31.798057556152344, "prnt": false}
{"event": "training_step", "timestamp": 1769646208.9285026, "step": 339, "max_steps": 938, "loss": 5.975686550140381, "elapsed_time": 31.8834331035614, "prnt": false}
{"event": "training_step", "timestamp": 1769646209.01373, "step": 340, "max_steps": 938, "loss": 5.9132304191589355, "elapsed_time": 31.96856927871704, "prnt": false}
{"event": "training_step", "timestamp": 1769646209.0994358, "step": 341, "max_steps": 938, "loss": 5.862874984741211, "elapsed_time": 32.05476498603821, "prnt": false}
{"event": "training_step", "timestamp": 1769646209.184656, "step": 342, "max_steps": 938, "loss": 5.9111833572387695, "elapsed_time": 32.13978815078735, "prnt": false}
{"event": "training_step", "timestamp": 1769646209.2700932, "step": 343, "max_steps": 938, "loss": 5.930110931396484, "elapsed_time": 32.224719762802124, "prnt": false}
{"event": "training_step", "timestamp": 1769646209.355441, "step": 344, "max_steps": 938, "loss": 5.940249919891357, "elapsed_time": 32.3101122379303, "prnt": false}
{"event": "training_step", "timestamp": 1769646209.440928, "step": 345, "max_steps": 938, "loss": 5.8570451736450195, "elapsed_time": 32.39570164680481, "prnt": false}
{"event": "training_step", "timestamp": 1769646209.5261512, "step": 346, "max_steps": 938, "loss": 5.92793083190918, "elapsed_time": 32.481189250946045, "prnt": false}
{"event": "training_step", "timestamp": 1769646209.6114612, "step": 347, "max_steps": 938, "loss": 5.883674144744873, "elapsed_time": 32.56630229949951, "prnt": false}
{"event": "training_step", "timestamp": 1769646209.6968334, "step": 348, "max_steps": 938, "loss": 5.8507819175720215, "elapsed_time": 32.65156006813049, "prnt": false}
{"event": "training_step", "timestamp": 1769646209.7822719, "step": 349, "max_steps": 938, "loss": 5.886136054992676, "elapsed_time": 32.73709559440613, "prnt": false}
{"event": "training_step", "timestamp": 1769646209.8675387, "step": 350, "max_steps": 938, "loss": 5.8699235916137695, "elapsed_time": 32.822341442108154, "prnt": false}
{"event": "training_step", "timestamp": 1769646209.952963, "step": 351, "max_steps": 938, "loss": 5.89279317855835, "elapsed_time": 32.90775513648987, "prnt": false}
{"event": "training_step", "timestamp": 1769646210.0383656, "step": 352, "max_steps": 938, "loss": 5.9454450607299805, "elapsed_time": 32.992926836013794, "prnt": false}
{"event": "validation_step", "timestamp": 1769646210.4250245, "step": 352, "max_steps": 938, "loss": 1.3231620251736145, "elapsed_time": 32.992926836013794}
{"event": "training_step", "timestamp": 1769646210.5108452, "step": 353, "max_steps": 938, "loss": 5.869161605834961, "elapsed_time": 33.465588331222534, "prnt": false}
{"event": "training_step", "timestamp": 1769646210.596165, "step": 354, "max_steps": 938, "loss": 5.8829474449157715, "elapsed_time": 33.551063776016235, "prnt": false}
{"event": "training_step", "timestamp": 1769646210.6816618, "step": 355, "max_steps": 938, "loss": 5.836395263671875, "elapsed_time": 33.63623285293579, "prnt": false}
{"event": "training_step", "timestamp": 1769646210.7669952, "step": 356, "max_steps": 938, "loss": 5.893676280975342, "elapsed_time": 33.721883058547974, "prnt": false}
{"event": "training_step", "timestamp": 1769646210.8525116, "step": 357, "max_steps": 938, "loss": 5.884086608886719, "elapsed_time": 33.8071928024292, "prnt": false}
{"event": "training_step", "timestamp": 1769646210.9380138, "step": 358, "max_steps": 938, "loss": 5.802922248840332, "elapsed_time": 33.89270210266113, "prnt": false}
{"event": "training_step", "timestamp": 1769646211.0234628, "step": 359, "max_steps": 938, "loss": 5.880624771118164, "elapsed_time": 33.978163719177246, "prnt": false}
{"event": "training_step", "timestamp": 1769646211.1088345, "step": 360, "max_steps": 938, "loss": 5.865045070648193, "elapsed_time": 34.06384086608887, "prnt": false}
{"event": "training_step", "timestamp": 1769646211.1944664, "step": 361, "max_steps": 938, "loss": 5.856950283050537, "elapsed_time": 34.14913010597229, "prnt": false}
{"event": "training_step", "timestamp": 1769646211.2799416, "step": 362, "max_steps": 938, "loss": 5.827937126159668, "elapsed_time": 34.234585762023926, "prnt": false}
{"event": "training_step", "timestamp": 1769646211.3653426, "step": 363, "max_steps": 938, "loss": 5.822602272033691, "elapsed_time": 34.32024693489075, "prnt": false}
{"event": "training_step", "timestamp": 1769646211.4506965, "step": 364, "max_steps": 938, "loss": 5.92446231842041, "elapsed_time": 34.405492305755615, "prnt": false}
{"event": "training_step", "timestamp": 1769646211.5360835, "step": 365, "max_steps": 938, "loss": 5.774128437042236, "elapsed_time": 34.49076199531555, "prnt": false}
{"event": "training_step", "timestamp": 1769646211.6213646, "step": 366, "max_steps": 938, "loss": 5.893698215484619, "elapsed_time": 34.57614350318909, "prnt": false}
{"event": "training_step", "timestamp": 1769646211.706644, "step": 367, "max_steps": 938, "loss": 5.873119831085205, "elapsed_time": 34.66147422790527, "prnt": false}
{"event": "training_step", "timestamp": 1769646211.7919729, "step": 368, "max_steps": 938, "loss": 5.803683757781982, "elapsed_time": 34.74699068069458, "prnt": false}
{"event": "training_step", "timestamp": 1769646211.8775854, "step": 369, "max_steps": 938, "loss": 5.85868501663208, "elapsed_time": 34.832093954086304, "prnt": false}
{"event": "training_step", "timestamp": 1769646211.9630451, "step": 370, "max_steps": 938, "loss": 5.81094217300415, "elapsed_time": 34.91775631904602, "prnt": false}
{"event": "training_step", "timestamp": 1769646212.048438, "step": 371, "max_steps": 938, "loss": 5.801191806793213, "elapsed_time": 35.00317740440369, "prnt": false}
{"event": "training_step", "timestamp": 1769646212.1339345, "step": 372, "max_steps": 938, "loss": 5.8285040855407715, "elapsed_time": 35.088510036468506, "prnt": false}
{"event": "training_step", "timestamp": 1769646212.219506, "step": 373, "max_steps": 938, "loss": 5.805763244628906, "elapsed_time": 35.1740357875824, "prnt": false}
{"event": "training_step", "timestamp": 1769646212.304852, "step": 374, "max_steps": 938, "loss": 5.800236225128174, "elapsed_time": 35.25953435897827, "prnt": false}
{"event": "training_step", "timestamp": 1769646212.3902223, "step": 375, "max_steps": 938, "loss": 5.785424709320068, "elapsed_time": 35.3450186252594, "prnt": false}
{"event": "training_step", "timestamp": 1769646212.475647, "step": 376, "max_steps": 938, "loss": 5.778627872467041, "elapsed_time": 35.430272579193115, "prnt": false}
{"event": "training_step", "timestamp": 1769646212.5612152, "step": 377, "max_steps": 938, "loss": 5.761327743530273, "elapsed_time": 35.516045331954956, "prnt": false}
{"event": "training_step", "timestamp": 1769646212.6464448, "step": 378, "max_steps": 938, "loss": 5.855263710021973, "elapsed_time": 35.60121941566467, "prnt": false}
{"event": "training_step", "timestamp": 1769646212.731831, "step": 379, "max_steps": 938, "loss": 5.876838684082031, "elapsed_time": 35.68663716316223, "prnt": false}
{"event": "training_step", "timestamp": 1769646212.8173614, "step": 380, "max_steps": 938, "loss": 5.843263149261475, "elapsed_time": 35.77184700965881, "prnt": false}
{"event": "training_step", "timestamp": 1769646212.902806, "step": 381, "max_steps": 938, "loss": 5.782313823699951, "elapsed_time": 35.85759735107422, "prnt": false}
{"event": "training_step", "timestamp": 1769646212.9882097, "step": 382, "max_steps": 938, "loss": 5.807036876678467, "elapsed_time": 35.942917346954346, "prnt": false}
{"event": "training_step", "timestamp": 1769646213.0737545, "step": 383, "max_steps": 938, "loss": 5.786621570587158, "elapsed_time": 36.0284481048584, "prnt": false}
{"event": "training_step", "timestamp": 1769646213.1595075, "step": 384, "max_steps": 938, "loss": 5.834452152252197, "elapsed_time": 36.11464834213257, "prnt": false}
{"event": "training_step", "timestamp": 1769646213.2448978, "step": 385, "max_steps": 938, "loss": 5.819388389587402, "elapsed_time": 36.19976210594177, "prnt": false}
{"event": "training_step", "timestamp": 1769646213.330215, "step": 386, "max_steps": 938, "loss": 5.821153163909912, "elapsed_time": 36.28492546081543, "prnt": false}
{"event": "training_step", "timestamp": 1769646213.415783, "step": 387, "max_steps": 938, "loss": 5.871764183044434, "elapsed_time": 36.370442390441895, "prnt": false}
{"event": "training_step", "timestamp": 1769646213.5011559, "step": 388, "max_steps": 938, "loss": 5.781185626983643, "elapsed_time": 36.45584154129028, "prnt": false}
{"event": "training_step", "timestamp": 1769646213.5866582, "step": 389, "max_steps": 938, "loss": 5.843958377838135, "elapsed_time": 36.541380882263184, "prnt": false}
{"event": "training_step", "timestamp": 1769646213.6720192, "step": 390, "max_steps": 938, "loss": 5.830625057220459, "elapsed_time": 36.626737117767334, "prnt": false}
{"event": "training_step", "timestamp": 1769646213.7578208, "step": 391, "max_steps": 938, "loss": 5.774294376373291, "elapsed_time": 36.71217226982117, "prnt": false}
{"event": "training_step", "timestamp": 1769646213.8432107, "step": 392, "max_steps": 938, "loss": 5.812928199768066, "elapsed_time": 36.797971963882446, "prnt": false}
{"event": "training_step", "timestamp": 1769646213.9286084, "step": 393, "max_steps": 938, "loss": 5.803459644317627, "elapsed_time": 36.88337540626526, "prnt": false}
{"event": "training_step", "timestamp": 1769646214.014047, "step": 394, "max_steps": 938, "loss": 5.745665550231934, "elapsed_time": 36.96868133544922, "prnt": false}
{"event": "training_step", "timestamp": 1769646214.099625, "step": 395, "max_steps": 938, "loss": 5.7830891609191895, "elapsed_time": 37.054197788238525, "prnt": false}
{"event": "training_step", "timestamp": 1769646214.1849515, "step": 396, "max_steps": 938, "loss": 5.78623104095459, "elapsed_time": 37.13964581489563, "prnt": false}
{"event": "validation_step", "timestamp": 1769646214.5725062, "step": 396, "max_steps": 938, "loss": 1.3107163616892528, "elapsed_time": 37.13964581489563}
{"event": "training_step", "timestamp": 1769646214.6585, "step": 397, "max_steps": 938, "loss": 5.857537746429443, "elapsed_time": 37.61338138580322, "prnt": false}
{"event": "training_step", "timestamp": 1769646214.7437317, "step": 398, "max_steps": 938, "loss": 5.797065734863281, "elapsed_time": 37.6988422870636, "prnt": false}
{"event": "training_step", "timestamp": 1769646214.8290932, "step": 399, "max_steps": 938, "loss": 5.718677520751953, "elapsed_time": 37.784109115600586, "prnt": false}
{"event": "training_step", "timestamp": 1769646214.9144394, "step": 400, "max_steps": 938, "loss": 5.849264621734619, "elapsed_time": 37.86923122406006, "prnt": false}
{"event": "training_step", "timestamp": 1769646214.9999447, "step": 401, "max_steps": 938, "loss": 5.7944488525390625, "elapsed_time": 37.95456910133362, "prnt": false}
{"event": "training_step", "timestamp": 1769646215.0852373, "step": 402, "max_steps": 938, "loss": 5.717739582061768, "elapsed_time": 38.0400288105011, "prnt": false}
{"event": "training_step", "timestamp": 1769646215.1709194, "step": 403, "max_steps": 938, "loss": 5.689722061157227, "elapsed_time": 38.12616038322449, "prnt": false}
{"event": "training_step", "timestamp": 1769646215.2564192, "step": 404, "max_steps": 938, "loss": 5.80666971206665, "elapsed_time": 38.21093153953552, "prnt": false}
{"event": "training_step", "timestamp": 1769646215.341912, "step": 405, "max_steps": 938, "loss": 5.770918846130371, "elapsed_time": 38.29642105102539, "prnt": false}
{"event": "training_step", "timestamp": 1769646215.4271863, "step": 406, "max_steps": 938, "loss": 5.818767547607422, "elapsed_time": 38.38173842430115, "prnt": false}
{"event": "training_step", "timestamp": 1769646215.5126388, "step": 407, "max_steps": 938, "loss": 5.761117458343506, "elapsed_time": 38.467223167419434, "prnt": false}
{"event": "training_step", "timestamp": 1769646215.5980778, "step": 408, "max_steps": 938, "loss": 5.761993885040283, "elapsed_time": 38.552417516708374, "prnt": false}
{"event": "training_step", "timestamp": 1769646215.6833951, "step": 409, "max_steps": 938, "loss": 5.790374279022217, "elapsed_time": 38.637983322143555, "prnt": false}
{"event": "training_step", "timestamp": 1769646215.7687166, "step": 410, "max_steps": 938, "loss": 5.775306224822998, "elapsed_time": 38.723663091659546, "prnt": false}
{"event": "training_step", "timestamp": 1769646215.8542356, "step": 411, "max_steps": 938, "loss": 5.719668388366699, "elapsed_time": 38.808706283569336, "prnt": false}
{"event": "training_step", "timestamp": 1769646215.9396017, "step": 412, "max_steps": 938, "loss": 5.7754807472229, "elapsed_time": 38.894047021865845, "prnt": false}
{"event": "training_step", "timestamp": 1769646216.024902, "step": 413, "max_steps": 938, "loss": 5.694875240325928, "elapsed_time": 38.9797043800354, "prnt": false}
{"event": "training_step", "timestamp": 1769646216.1101568, "step": 414, "max_steps": 938, "loss": 5.645118236541748, "elapsed_time": 39.0647189617157, "prnt": false}
{"event": "training_step", "timestamp": 1769646216.195608, "step": 415, "max_steps": 938, "loss": 5.762218475341797, "elapsed_time": 39.15014410018921, "prnt": false}
{"event": "training_step", "timestamp": 1769646216.2809517, "step": 416, "max_steps": 938, "loss": 5.742908954620361, "elapsed_time": 39.235408544540405, "prnt": false}
{"event": "training_step", "timestamp": 1769646216.366317, "step": 417, "max_steps": 938, "loss": 5.747806072235107, "elapsed_time": 39.32088041305542, "prnt": false}
{"event": "training_step", "timestamp": 1769646216.4515462, "step": 418, "max_steps": 938, "loss": 5.690272331237793, "elapsed_time": 39.406129598617554, "prnt": false}
{"event": "training_step", "timestamp": 1769646216.5370646, "step": 419, "max_steps": 938, "loss": 5.675589084625244, "elapsed_time": 39.49148440361023, "prnt": false}
{"event": "training_step", "timestamp": 1769646216.622297, "step": 420, "max_steps": 938, "loss": 5.751928806304932, "elapsed_time": 39.57692074775696, "prnt": false}
{"event": "training_step", "timestamp": 1769646216.7077398, "step": 421, "max_steps": 938, "loss": 5.700994491577148, "elapsed_time": 39.66221785545349, "prnt": false}
{"event": "training_step", "timestamp": 1769646216.793102, "step": 422, "max_steps": 938, "loss": 5.667677879333496, "elapsed_time": 39.747690200805664, "prnt": false}
{"event": "training_step", "timestamp": 1769646216.8786094, "step": 423, "max_steps": 938, "loss": 5.7170634269714355, "elapsed_time": 39.83303165435791, "prnt": false}
{"event": "training_step", "timestamp": 1769646216.963858, "step": 424, "max_steps": 938, "loss": 5.753789901733398, "elapsed_time": 39.9184205532074, "prnt": false}
{"event": "training_step", "timestamp": 1769646217.0491555, "step": 425, "max_steps": 938, "loss": 5.696344375610352, "elapsed_time": 40.00416922569275, "prnt": false}
{"event": "training_step", "timestamp": 1769646217.1345448, "step": 426, "max_steps": 938, "loss": 5.7549333572387695, "elapsed_time": 40.089208126068115, "prnt": false}
{"event": "training_step", "timestamp": 1769646217.2202268, "step": 427, "max_steps": 938, "loss": 5.685752868652344, "elapsed_time": 40.17546629905701, "prnt": false}
{"event": "training_step", "timestamp": 1769646217.3055427, "step": 428, "max_steps": 938, "loss": 5.686563968658447, "elapsed_time": 40.260350465774536, "prnt": false}
{"event": "training_step", "timestamp": 1769646217.390905, "step": 429, "max_steps": 938, "loss": 5.738377094268799, "elapsed_time": 40.345762491226196, "prnt": false}
{"event": "training_step", "timestamp": 1769646217.4763932, "step": 430, "max_steps": 938, "loss": 5.726444244384766, "elapsed_time": 40.43098258972168, "prnt": false}
{"event": "training_step", "timestamp": 1769646217.5618198, "step": 431, "max_steps": 938, "loss": 5.731720447540283, "elapsed_time": 40.5165536403656, "prnt": false}
{"event": "training_step", "timestamp": 1769646217.6471279, "step": 432, "max_steps": 938, "loss": 5.703096389770508, "elapsed_time": 40.60173177719116, "prnt": false}
{"event": "training_step", "timestamp": 1769646217.7325647, "step": 433, "max_steps": 938, "loss": 5.696436882019043, "elapsed_time": 40.68728303909302, "prnt": false}
{"event": "training_step", "timestamp": 1769646217.8180447, "step": 434, "max_steps": 938, "loss": 5.6966166496276855, "elapsed_time": 40.77259707450867, "prnt": false}
{"event": "training_step", "timestamp": 1769646217.9033957, "step": 435, "max_steps": 938, "loss": 5.694916248321533, "elapsed_time": 40.85809063911438, "prnt": false}
{"event": "training_step", "timestamp": 1769646217.988754, "step": 436, "max_steps": 938, "loss": 5.737852573394775, "elapsed_time": 40.94346570968628, "prnt": false}
{"event": "training_step", "timestamp": 1769646218.0741436, "step": 437, "max_steps": 938, "loss": 5.6926116943359375, "elapsed_time": 41.02901577949524, "prnt": false}
{"event": "training_step", "timestamp": 1769646218.1595352, "step": 438, "max_steps": 938, "loss": 5.690972328186035, "elapsed_time": 41.11413240432739, "prnt": false}
{"event": "training_step", "timestamp": 1769646218.2448592, "step": 439, "max_steps": 938, "loss": 5.658003330230713, "elapsed_time": 41.19975805282593, "prnt": false}
{"event": "training_step", "timestamp": 1769646218.330283, "step": 440, "max_steps": 938, "loss": 5.700314521789551, "elapsed_time": 41.284918785095215, "prnt": false}
{"event": "validation_step", "timestamp": 1769646218.7168977, "step": 440, "max_steps": 938, "loss": 1.2981839920898595, "elapsed_time": 41.284918785095215}
{"event": "training_step", "timestamp": 1769646218.8026874, "step": 441, "max_steps": 938, "loss": 5.668993949890137, "elapsed_time": 41.75788378715515, "prnt": false}
{"event": "training_step", "timestamp": 1769646218.888045, "step": 442, "max_steps": 938, "loss": 5.641223907470703, "elapsed_time": 41.84278893470764, "prnt": false}
{"event": "training_step", "timestamp": 1769646218.973507, "step": 443, "max_steps": 938, "loss": 5.568497180938721, "elapsed_time": 41.928277254104614, "prnt": false}
{"event": "training_step", "timestamp": 1769646219.0590038, "step": 444, "max_steps": 938, "loss": 5.635343074798584, "elapsed_time": 42.01358366012573, "prnt": false}
{"event": "training_step", "timestamp": 1769646219.1443512, "step": 445, "max_steps": 938, "loss": 5.668755531311035, "elapsed_time": 42.099183797836304, "prnt": false}
{"event": "training_step", "timestamp": 1769646219.2298536, "step": 446, "max_steps": 938, "loss": 5.672473430633545, "elapsed_time": 42.18523097038269, "prnt": false}
{"event": "training_step", "timestamp": 1769646219.3154664, "step": 447, "max_steps": 938, "loss": 5.63663387298584, "elapsed_time": 42.27001428604126, "prnt": false}
{"event": "training_step", "timestamp": 1769646219.4010305, "step": 448, "max_steps": 938, "loss": 5.6410603523254395, "elapsed_time": 42.35588335990906, "prnt": false}
{"event": "training_step", "timestamp": 1769646219.4866664, "step": 449, "max_steps": 938, "loss": 5.639621257781982, "elapsed_time": 42.44171738624573, "prnt": false}
{"event": "training_step", "timestamp": 1769646219.5722716, "step": 450, "max_steps": 938, "loss": 5.664882183074951, "elapsed_time": 42.52687883377075, "prnt": false}
{"event": "training_step", "timestamp": 1769646219.6579454, "step": 451, "max_steps": 938, "loss": 5.673214912414551, "elapsed_time": 42.61239409446716, "prnt": false}
{"event": "training_step", "timestamp": 1769646219.7435963, "step": 452, "max_steps": 938, "loss": 5.64375114440918, "elapsed_time": 42.697975635528564, "prnt": false}
{"event": "training_step", "timestamp": 1769646219.8290224, "step": 453, "max_steps": 938, "loss": 5.629054546356201, "elapsed_time": 42.78400492668152, "prnt": false}
{"event": "training_step", "timestamp": 1769646219.914395, "step": 454, "max_steps": 938, "loss": 5.732661247253418, "elapsed_time": 42.86902093887329, "prnt": false}
{"event": "training_step", "timestamp": 1769646219.9999971, "step": 455, "max_steps": 938, "loss": 5.7332844734191895, "elapsed_time": 42.95465040206909, "prnt": false}
{"event": "training_step", "timestamp": 1769646220.0854049, "step": 456, "max_steps": 938, "loss": 5.603578090667725, "elapsed_time": 43.03988790512085, "prnt": false}
{"event": "training_step", "timestamp": 1769646220.1708996, "step": 457, "max_steps": 938, "loss": 5.636430740356445, "elapsed_time": 43.1255624294281, "prnt": false}
{"event": "training_step", "timestamp": 1769646220.2564714, "step": 458, "max_steps": 938, "loss": 5.683928489685059, "elapsed_time": 43.210938692092896, "prnt": false}
{"event": "training_step", "timestamp": 1769646220.3419673, "step": 459, "max_steps": 938, "loss": 5.754426002502441, "elapsed_time": 43.29678201675415, "prnt": false}
{"event": "training_step", "timestamp": 1769646220.4273684, "step": 460, "max_steps": 938, "loss": 5.671235084533691, "elapsed_time": 43.3820903301239, "prnt": false}
{"event": "training_step", "timestamp": 1769646220.512958, "step": 461, "max_steps": 938, "loss": 5.61024808883667, "elapsed_time": 43.46756601333618, "prnt": false}
{"event": "training_step", "timestamp": 1769646220.5984516, "step": 462, "max_steps": 938, "loss": 5.621940612792969, "elapsed_time": 43.55296182632446, "prnt": false}
{"event": "training_step", "timestamp": 1769646220.6839457, "step": 463, "max_steps": 938, "loss": 5.541950702667236, "elapsed_time": 43.638630390167236, "prnt": false}
{"event": "training_step", "timestamp": 1769646220.7692049, "step": 464, "max_steps": 938, "loss": 5.5724077224731445, "elapsed_time": 43.72393727302551, "prnt": false}
{"event": "training_step", "timestamp": 1769646220.8549237, "step": 465, "max_steps": 938, "loss": 5.632216453552246, "elapsed_time": 43.80931115150452, "prnt": false}
{"event": "training_step", "timestamp": 1769646220.9406817, "step": 466, "max_steps": 938, "loss": 5.648715019226074, "elapsed_time": 43.89505434036255, "prnt": false}
{"event": "training_step", "timestamp": 1769646221.0261335, "step": 467, "max_steps": 938, "loss": 5.6340484619140625, "elapsed_time": 43.98094201087952, "prnt": false}
{"event": "training_step", "timestamp": 1769646221.1115904, "step": 468, "max_steps": 938, "loss": 5.630373477935791, "elapsed_time": 44.06615471839905, "prnt": false}
{"event": "training_step", "timestamp": 1769646221.1972177, "step": 469, "max_steps": 938, "loss": 5.677730560302734, "elapsed_time": 44.151819944381714, "prnt": false}
{"event": "training_step", "timestamp": 1769646221.2827864, "step": 470, "max_steps": 938, "loss": 5.641993522644043, "elapsed_time": 44.23763179779053, "prnt": false}
{"event": "training_step", "timestamp": 1769646221.3684711, "step": 471, "max_steps": 938, "loss": 5.630214214324951, "elapsed_time": 44.32300543785095, "prnt": false}
{"event": "training_step", "timestamp": 1769646221.4539778, "step": 472, "max_steps": 938, "loss": 5.5519022941589355, "elapsed_time": 44.408623695373535, "prnt": false}
{"event": "training_step", "timestamp": 1769646221.5396202, "step": 473, "max_steps": 938, "loss": 5.592653274536133, "elapsed_time": 44.49404501914978, "prnt": false}
{"event": "training_step", "timestamp": 1769646221.6250453, "step": 474, "max_steps": 938, "loss": 5.5474467277526855, "elapsed_time": 44.5796422958374, "prnt": false}
{"event": "training_step", "timestamp": 1769646221.7106032, "step": 475, "max_steps": 938, "loss": 5.658907413482666, "elapsed_time": 44.665244579315186, "prnt": false}
{"event": "training_step", "timestamp": 1769646221.7962196, "step": 476, "max_steps": 938, "loss": 5.567193508148193, "elapsed_time": 44.75066876411438, "prnt": false}
{"event": "training_step", "timestamp": 1769646221.8816552, "step": 477, "max_steps": 938, "loss": 5.63506555557251, "elapsed_time": 44.836305379867554, "prnt": false}
{"event": "training_step", "timestamp": 1769646221.9669917, "step": 478, "max_steps": 938, "loss": 5.594248294830322, "elapsed_time": 44.921679973602295, "prnt": false}
{"event": "training_step", "timestamp": 1769646222.0526206, "step": 479, "max_steps": 938, "loss": 5.623794078826904, "elapsed_time": 45.00732731819153, "prnt": false}
{"event": "training_step", "timestamp": 1769646222.1381605, "step": 480, "max_steps": 938, "loss": 5.608949661254883, "elapsed_time": 45.092655658721924, "prnt": false}
{"event": "training_step", "timestamp": 1769646222.2235622, "step": 481, "max_steps": 938, "loss": 5.528859615325928, "elapsed_time": 45.178337812423706, "prnt": false}
{"event": "training_step", "timestamp": 1769646222.3090086, "step": 482, "max_steps": 938, "loss": 5.55785608291626, "elapsed_time": 45.26357316970825, "prnt": false}
{"event": "training_step", "timestamp": 1769646222.394637, "step": 483, "max_steps": 938, "loss": 5.641872882843018, "elapsed_time": 45.34929537773132, "prnt": false}
{"event": "training_step", "timestamp": 1769646222.4801352, "step": 484, "max_steps": 938, "loss": 5.556909084320068, "elapsed_time": 45.43470311164856, "prnt": false}
{"event": "validation_step", "timestamp": 1769646222.8673625, "step": 484, "max_steps": 938, "loss": 1.2898882917054142, "elapsed_time": 45.43470311164856}
{"event": "training_step", "timestamp": 1769646222.9532313, "step": 485, "max_steps": 938, "loss": 5.629362106323242, "elapsed_time": 45.907838344573975, "prnt": false}
{"event": "training_step", "timestamp": 1769646223.038729, "step": 486, "max_steps": 938, "loss": 5.611403942108154, "elapsed_time": 45.99331569671631, "prnt": false}
{"event": "training_step", "timestamp": 1769646223.1242998, "step": 487, "max_steps": 938, "loss": 5.600964546203613, "elapsed_time": 46.07897400856018, "prnt": false}
{"event": "training_step", "timestamp": 1769646223.2097483, "step": 488, "max_steps": 938, "loss": 5.575794219970703, "elapsed_time": 46.16433048248291, "prnt": false}
{"event": "training_step", "timestamp": 1769646223.295647, "step": 489, "max_steps": 938, "loss": 5.632958889007568, "elapsed_time": 46.2505145072937, "prnt": false}
{"event": "training_step", "timestamp": 1769646223.3810654, "step": 490, "max_steps": 938, "loss": 5.5883893966674805, "elapsed_time": 46.335768699645996, "prnt": false}
{"event": "training_step", "timestamp": 1769646223.4665477, "step": 491, "max_steps": 938, "loss": 5.6030049324035645, "elapsed_time": 46.42119526863098, "prnt": false}
{"event": "training_step", "timestamp": 1769646223.5521648, "step": 492, "max_steps": 938, "loss": 5.637397766113281, "elapsed_time": 46.50660276412964, "prnt": false}
{"event": "training_step", "timestamp": 1769646223.6379297, "step": 493, "max_steps": 938, "loss": 5.550662517547607, "elapsed_time": 46.59264278411865, "prnt": false}
{"event": "training_step", "timestamp": 1769646223.7234075, "step": 494, "max_steps": 938, "loss": 5.583130836486816, "elapsed_time": 46.67800569534302, "prnt": false}
{"event": "training_step", "timestamp": 1769646223.8089602, "step": 495, "max_steps": 938, "loss": 5.650104522705078, "elapsed_time": 46.76367712020874, "prnt": false}
{"event": "training_step", "timestamp": 1769646223.894541, "step": 496, "max_steps": 938, "loss": 5.56007194519043, "elapsed_time": 46.84902501106262, "prnt": false}
{"event": "training_step", "timestamp": 1769646223.9800735, "step": 497, "max_steps": 938, "loss": 5.554103374481201, "elapsed_time": 46.93469715118408, "prnt": false}
{"event": "training_step", "timestamp": 1769646224.065451, "step": 498, "max_steps": 938, "loss": 5.551704406738281, "elapsed_time": 47.02015829086304, "prnt": false}
{"event": "training_step", "timestamp": 1769646224.1508362, "step": 499, "max_steps": 938, "loss": 5.548583507537842, "elapsed_time": 47.10553693771362, "prnt": false}
{"event": "training_step", "timestamp": 1769646224.2364533, "step": 500, "max_steps": 938, "loss": 5.484755992889404, "elapsed_time": 47.190900802612305, "prnt": false}
{"event": "training_step", "timestamp": 1769646224.32196, "step": 501, "max_steps": 938, "loss": 5.6313982009887695, "elapsed_time": 47.276692628860474, "prnt": false}
{"event": "training_step", "timestamp": 1769646224.4075067, "step": 502, "max_steps": 938, "loss": 5.518752574920654, "elapsed_time": 47.36199426651001, "prnt": false}
{"event": "training_step", "timestamp": 1769646224.4933794, "step": 503, "max_steps": 938, "loss": 5.54500675201416, "elapsed_time": 47.44794225692749, "prnt": false}
{"event": "training_step", "timestamp": 1769646224.579008, "step": 504, "max_steps": 938, "loss": 5.621128559112549, "elapsed_time": 47.533618211746216, "prnt": false}
{"event": "training_step", "timestamp": 1769646224.6645138, "step": 505, "max_steps": 938, "loss": 5.49769401550293, "elapsed_time": 47.619152545928955, "prnt": false}
{"event": "training_step", "timestamp": 1769646224.750058, "step": 506, "max_steps": 938, "loss": 5.537229061126709, "elapsed_time": 47.70460796356201, "prnt": false}
{"event": "training_step", "timestamp": 1769646224.8357925, "step": 507, "max_steps": 938, "loss": 5.573605537414551, "elapsed_time": 47.79022741317749, "prnt": false}
{"event": "training_step", "timestamp": 1769646224.921339, "step": 508, "max_steps": 938, "loss": 5.522505760192871, "elapsed_time": 47.875868797302246, "prnt": false}
{"event": "training_step", "timestamp": 1769646225.0070395, "step": 509, "max_steps": 938, "loss": 5.517207145690918, "elapsed_time": 47.961588621139526, "prnt": false}
{"event": "training_step", "timestamp": 1769646225.0926456, "step": 510, "max_steps": 938, "loss": 5.481785297393799, "elapsed_time": 48.04777717590332, "prnt": false}
{"event": "training_step", "timestamp": 1769646225.1782649, "step": 511, "max_steps": 938, "loss": 5.536665916442871, "elapsed_time": 48.13303089141846, "prnt": false}
{"event": "training_step", "timestamp": 1769646225.2639053, "step": 512, "max_steps": 938, "loss": 5.5344414710998535, "elapsed_time": 48.21893048286438, "prnt": false}
{"event": "training_step", "timestamp": 1769646225.3496683, "step": 513, "max_steps": 938, "loss": 5.449514389038086, "elapsed_time": 48.304616928100586, "prnt": false}
{"event": "training_step", "timestamp": 1769646225.4352565, "step": 514, "max_steps": 938, "loss": 5.604050636291504, "elapsed_time": 48.38969802856445, "prnt": false}
{"event": "training_step", "timestamp": 1769646225.5207543, "step": 515, "max_steps": 938, "loss": 5.566078186035156, "elapsed_time": 48.475456953048706, "prnt": false}
{"event": "training_step", "timestamp": 1769646225.6062195, "step": 516, "max_steps": 938, "loss": 5.553722381591797, "elapsed_time": 48.56085991859436, "prnt": false}
{"event": "training_step", "timestamp": 1769646225.6918533, "step": 517, "max_steps": 938, "loss": 5.46907377243042, "elapsed_time": 48.64657688140869, "prnt": false}
{"event": "training_step", "timestamp": 1769646225.7774622, "step": 518, "max_steps": 938, "loss": 5.624791622161865, "elapsed_time": 48.7320876121521, "prnt": false}
{"event": "training_step", "timestamp": 1769646225.8629966, "step": 519, "max_steps": 938, "loss": 5.531213760375977, "elapsed_time": 48.81774187088013, "prnt": false}
{"event": "training_step", "timestamp": 1769646225.9483917, "step": 520, "max_steps": 938, "loss": 5.485996723175049, "elapsed_time": 48.90302395820618, "prnt": false}
{"event": "training_step", "timestamp": 1769646226.0341353, "step": 521, "max_steps": 938, "loss": 5.606974124908447, "elapsed_time": 48.9884729385376, "prnt": false}
{"event": "training_step", "timestamp": 1769646226.119591, "step": 522, "max_steps": 938, "loss": 5.54278039932251, "elapsed_time": 49.07414436340332, "prnt": false}
{"event": "training_step", "timestamp": 1769646226.2051427, "step": 523, "max_steps": 938, "loss": 5.44679069519043, "elapsed_time": 49.159817695617676, "prnt": false}
{"event": "training_step", "timestamp": 1769646226.290742, "step": 524, "max_steps": 938, "loss": 5.573204040527344, "elapsed_time": 49.24502897262573, "prnt": false}
{"event": "training_step", "timestamp": 1769646226.3764484, "step": 525, "max_steps": 938, "loss": 5.573902606964111, "elapsed_time": 49.330896615982056, "prnt": false}
{"event": "training_step", "timestamp": 1769646226.4619057, "step": 526, "max_steps": 938, "loss": 5.540313243865967, "elapsed_time": 49.41651153564453, "prnt": false}
{"event": "training_step", "timestamp": 1769646226.5475647, "step": 527, "max_steps": 938, "loss": 5.550355434417725, "elapsed_time": 49.50213265419006, "prnt": false}
{"event": "training_step", "timestamp": 1769646226.6331506, "step": 528, "max_steps": 938, "loss": 5.495142459869385, "elapsed_time": 49.58756685256958, "prnt": false}
{"event": "validation_step", "timestamp": 1769646227.0205622, "step": 528, "max_steps": 938, "loss": 1.2837233031000288, "elapsed_time": 49.58756685256958}
{"event": "training_step", "timestamp": 1769646227.1066654, "step": 529, "max_steps": 938, "loss": 5.430461883544922, "elapsed_time": 50.06115913391113, "prnt": false}
{"event": "training_step", "timestamp": 1769646227.1921692, "step": 530, "max_steps": 938, "loss": 5.4598894119262695, "elapsed_time": 50.146711111068726, "prnt": false}
{"event": "training_step", "timestamp": 1769646227.2781007, "step": 531, "max_steps": 938, "loss": 5.4946513175964355, "elapsed_time": 50.233152866363525, "prnt": false}
{"event": "training_step", "timestamp": 1769646227.3636208, "step": 532, "max_steps": 938, "loss": 5.535394191741943, "elapsed_time": 50.31828594207764, "prnt": false}
{"event": "training_step", "timestamp": 1769646227.449305, "step": 533, "max_steps": 938, "loss": 5.484915733337402, "elapsed_time": 50.40380668640137, "prnt": false}
{"event": "training_step", "timestamp": 1769646227.5349607, "step": 534, "max_steps": 938, "loss": 5.472886085510254, "elapsed_time": 50.48936915397644, "prnt": false}
{"event": "training_step", "timestamp": 1769646227.6206784, "step": 535, "max_steps": 938, "loss": 5.4294514656066895, "elapsed_time": 50.57523965835571, "prnt": false}
{"event": "training_step", "timestamp": 1769646227.7061043, "step": 536, "max_steps": 938, "loss": 5.5382466316223145, "elapsed_time": 50.6606867313385, "prnt": false}
{"event": "training_step", "timestamp": 1769646227.7918007, "step": 537, "max_steps": 938, "loss": 5.500395774841309, "elapsed_time": 50.74655342102051, "prnt": false}
{"event": "training_step", "timestamp": 1769646227.8774247, "step": 538, "max_steps": 938, "loss": 5.4865922927856445, "elapsed_time": 50.83179545402527, "prnt": false}
{"event": "training_step", "timestamp": 1769646227.9630685, "step": 539, "max_steps": 938, "loss": 5.456624984741211, "elapsed_time": 50.917609214782715, "prnt": false}
{"event": "training_step", "timestamp": 1769646228.0487583, "step": 540, "max_steps": 938, "loss": 5.514034748077393, "elapsed_time": 51.00313663482666, "prnt": false}
{"event": "training_step", "timestamp": 1769646228.1346135, "step": 541, "max_steps": 938, "loss": 5.558206558227539, "elapsed_time": 51.08884382247925, "prnt": false}
{"event": "training_step", "timestamp": 1769646228.22014, "step": 542, "max_steps": 938, "loss": 5.525182247161865, "elapsed_time": 51.17471218109131, "prnt": false}
{"event": "training_step", "timestamp": 1769646228.3057685, "step": 543, "max_steps": 938, "loss": 5.465080738067627, "elapsed_time": 51.26032829284668, "prnt": false}
{"event": "training_step", "timestamp": 1769646228.3915596, "step": 544, "max_steps": 938, "loss": 5.501799583435059, "elapsed_time": 51.34677076339722, "prnt": false}
{"event": "training_step", "timestamp": 1769646228.4776618, "step": 545, "max_steps": 938, "loss": 5.468883514404297, "elapsed_time": 51.43300795555115, "prnt": false}
{"event": "training_step", "timestamp": 1769646228.5634623, "step": 546, "max_steps": 938, "loss": 5.50701904296875, "elapsed_time": 51.519248485565186, "prnt": false}
{"event": "training_step", "timestamp": 1769646228.6496363, "step": 547, "max_steps": 938, "loss": 5.487717151641846, "elapsed_time": 51.60469603538513, "prnt": false}
{"event": "training_step", "timestamp": 1769646228.7355103, "step": 548, "max_steps": 938, "loss": 5.463827610015869, "elapsed_time": 51.69083046913147, "prnt": false}
{"event": "training_step", "timestamp": 1769646228.821311, "step": 549, "max_steps": 938, "loss": 5.451025009155273, "elapsed_time": 51.77658677101135, "prnt": false}
{"event": "training_step", "timestamp": 1769646228.9071846, "step": 550, "max_steps": 938, "loss": 5.434054851531982, "elapsed_time": 51.862876176834106, "prnt": false}
{"event": "training_step", "timestamp": 1769646228.993172, "step": 551, "max_steps": 938, "loss": 5.471682071685791, "elapsed_time": 51.9482536315918, "prnt": false}
{"event": "training_step", "timestamp": 1769646229.0798352, "step": 552, "max_steps": 938, "loss": 5.503602504730225, "elapsed_time": 52.03821325302124, "prnt": false}
{"event": "training_step", "timestamp": 1769646229.1665924, "step": 553, "max_steps": 938, "loss": 5.476553916931152, "elapsed_time": 52.1249303817749, "prnt": false}
{"event": "training_step", "timestamp": 1769646229.2526767, "step": 554, "max_steps": 938, "loss": 5.444138526916504, "elapsed_time": 52.20793032646179, "prnt": false}
{"event": "training_step", "timestamp": 1769646229.3386557, "step": 555, "max_steps": 938, "loss": 5.464176654815674, "elapsed_time": 52.293787240982056, "prnt": false}
{"event": "training_step", "timestamp": 1769646229.4243622, "step": 556, "max_steps": 938, "loss": 5.404082298278809, "elapsed_time": 52.37951588630676, "prnt": false}
{"event": "training_step", "timestamp": 1769646229.510283, "step": 557, "max_steps": 938, "loss": 5.436167240142822, "elapsed_time": 52.46541738510132, "prnt": false}
{"event": "training_step", "timestamp": 1769646229.5963044, "step": 558, "max_steps": 938, "loss": 5.425564289093018, "elapsed_time": 52.55135989189148, "prnt": false}
{"event": "training_step", "timestamp": 1769646229.682168, "step": 559, "max_steps": 938, "loss": 5.429219722747803, "elapsed_time": 52.637181997299194, "prnt": false}
{"event": "training_step", "timestamp": 1769646229.7683218, "step": 560, "max_steps": 938, "loss": 5.4551544189453125, "elapsed_time": 52.72341179847717, "prnt": false}
{"event": "training_step", "timestamp": 1769646229.8545613, "step": 561, "max_steps": 938, "loss": 5.413665294647217, "elapsed_time": 52.81004595756531, "prnt": false}
{"event": "training_step", "timestamp": 1769646229.9404178, "step": 562, "max_steps": 938, "loss": 5.450023174285889, "elapsed_time": 52.8956298828125, "prnt": false}
{"event": "training_step", "timestamp": 1769646230.0262566, "step": 563, "max_steps": 938, "loss": 5.497928142547607, "elapsed_time": 52.981645822525024, "prnt": false}
{"event": "training_step", "timestamp": 1769646230.1123605, "step": 564, "max_steps": 938, "loss": 5.417948246002197, "elapsed_time": 53.067578077316284, "prnt": false}
{"event": "training_step", "timestamp": 1769646230.1982548, "step": 565, "max_steps": 938, "loss": 5.423831939697266, "elapsed_time": 53.15343475341797, "prnt": false}
{"event": "training_step", "timestamp": 1769646230.2840235, "step": 566, "max_steps": 938, "loss": 5.464412689208984, "elapsed_time": 53.2394745349884, "prnt": false}
{"event": "training_step", "timestamp": 1769646230.3700924, "step": 567, "max_steps": 938, "loss": 5.430581092834473, "elapsed_time": 53.325270652770996, "prnt": false}
{"event": "training_step", "timestamp": 1769646230.4562106, "step": 568, "max_steps": 938, "loss": 5.426115989685059, "elapsed_time": 53.41165471076965, "prnt": false}
{"event": "training_step", "timestamp": 1769646230.54211, "step": 569, "max_steps": 938, "loss": 5.424046993255615, "elapsed_time": 53.497703075408936, "prnt": false}
{"event": "training_step", "timestamp": 1769646230.6279936, "step": 570, "max_steps": 938, "loss": 5.396618843078613, "elapsed_time": 53.58318614959717, "prnt": false}
{"event": "training_step", "timestamp": 1769646230.7140503, "step": 571, "max_steps": 938, "loss": 5.45355224609375, "elapsed_time": 53.669079303741455, "prnt": false}
{"event": "training_step", "timestamp": 1769646230.8001814, "step": 572, "max_steps": 938, "loss": 5.4843974113464355, "elapsed_time": 53.75565218925476, "prnt": false}
{"event": "validation_step", "timestamp": 1769646231.1884415, "step": 572, "max_steps": 938, "loss": 1.2773125360915394, "elapsed_time": 53.75565218925476}
{"event": "training_step", "timestamp": 1769646231.274841, "step": 573, "max_steps": 938, "loss": 5.415180683135986, "elapsed_time": 54.2297682762146, "prnt": false}
{"event": "training_step", "timestamp": 1769646231.36069, "step": 574, "max_steps": 938, "loss": 5.423590660095215, "elapsed_time": 54.315980195999146, "prnt": false}
{"event": "training_step", "timestamp": 1769646231.4474988, "step": 575, "max_steps": 938, "loss": 5.394199371337891, "elapsed_time": 54.40486431121826, "prnt": false}
{"event": "training_step", "timestamp": 1769646231.533562, "step": 576, "max_steps": 938, "loss": 5.44642972946167, "elapsed_time": 54.48863697052002, "prnt": false}
{"event": "training_step", "timestamp": 1769646231.6195252, "step": 577, "max_steps": 938, "loss": 5.475699424743652, "elapsed_time": 54.57467746734619, "prnt": false}
{"event": "training_step", "timestamp": 1769646231.7052853, "step": 578, "max_steps": 938, "loss": 5.418771266937256, "elapsed_time": 54.66058826446533, "prnt": false}
{"event": "training_step", "timestamp": 1769646231.7913816, "step": 579, "max_steps": 938, "loss": 5.408601760864258, "elapsed_time": 54.74644637107849, "prnt": false}
{"event": "training_step", "timestamp": 1769646231.8773367, "step": 580, "max_steps": 938, "loss": 5.4699625968933105, "elapsed_time": 54.83251953125, "prnt": false}
{"event": "training_step", "timestamp": 1769646231.9633036, "step": 581, "max_steps": 938, "loss": 5.4377760887146, "elapsed_time": 54.91842031478882, "prnt": false}
{"event": "training_step", "timestamp": 1769646232.049106, "step": 582, "max_steps": 938, "loss": 5.392139434814453, "elapsed_time": 55.0034019947052, "prnt": false}
{"event": "training_step", "timestamp": 1769646232.1349063, "step": 583, "max_steps": 938, "loss": 5.415264129638672, "elapsed_time": 55.089242935180664, "prnt": false}
{"event": "training_step", "timestamp": 1769646232.2204552, "step": 584, "max_steps": 938, "loss": 5.393596172332764, "elapsed_time": 55.1749484539032, "prnt": false}
{"event": "training_step", "timestamp": 1769646232.3062901, "step": 585, "max_steps": 938, "loss": 5.383110523223877, "elapsed_time": 55.26189994812012, "prnt": false}
{"event": "training_step", "timestamp": 1769646232.3924408, "step": 586, "max_steps": 938, "loss": 5.3749680519104, "elapsed_time": 55.347612380981445, "prnt": false}
{"event": "training_step", "timestamp": 1769646232.4785001, "step": 587, "max_steps": 938, "loss": 5.342035293579102, "elapsed_time": 55.43409252166748, "prnt": false}
{"event": "training_step", "timestamp": 1769646232.5644286, "step": 588, "max_steps": 938, "loss": 5.436356544494629, "elapsed_time": 55.51990342140198, "prnt": false}
{"event": "training_step", "timestamp": 1769646232.6502206, "step": 589, "max_steps": 938, "loss": 5.483075141906738, "elapsed_time": 55.60514497756958, "prnt": false}
{"event": "training_step", "timestamp": 1769646232.735913, "step": 590, "max_steps": 938, "loss": 5.415992259979248, "elapsed_time": 55.690409660339355, "prnt": false}
{"event": "training_step", "timestamp": 1769646232.821665, "step": 591, "max_steps": 938, "loss": 5.426702976226807, "elapsed_time": 55.776065826416016, "prnt": false}
{"event": "training_step", "timestamp": 1769646232.9076283, "step": 592, "max_steps": 938, "loss": 5.402426719665527, "elapsed_time": 55.863322734832764, "prnt": false}
{"event": "training_step", "timestamp": 1769646232.9939387, "step": 593, "max_steps": 938, "loss": 5.307826995849609, "elapsed_time": 55.94939374923706, "prnt": false}
{"event": "training_step", "timestamp": 1769646233.079811, "step": 594, "max_steps": 938, "loss": 5.379197597503662, "elapsed_time": 56.0354220867157, "prnt": false}
{"event": "training_step", "timestamp": 1769646233.1660502, "step": 595, "max_steps": 938, "loss": 5.446832180023193, "elapsed_time": 56.121283769607544, "prnt": false}
{"event": "training_step", "timestamp": 1769646233.2522562, "step": 596, "max_steps": 938, "loss": 5.430880069732666, "elapsed_time": 56.20759630203247, "prnt": false}
{"event": "training_step", "timestamp": 1769646233.3384335, "step": 597, "max_steps": 938, "loss": 5.408656597137451, "elapsed_time": 56.29428458213806, "prnt": false}
{"event": "training_step", "timestamp": 1769646233.4243863, "step": 598, "max_steps": 938, "loss": 5.332374572753906, "elapsed_time": 56.379966020584106, "prnt": false}
{"event": "training_step", "timestamp": 1769646233.5105257, "step": 599, "max_steps": 938, "loss": 5.352607250213623, "elapsed_time": 56.46596431732178, "prnt": false}
{"event": "training_step", "timestamp": 1769646233.596191, "step": 600, "max_steps": 938, "loss": 5.359292984008789, "elapsed_time": 56.55066967010498, "prnt": false}
{"event": "training_step", "timestamp": 1769646233.6818516, "step": 601, "max_steps": 938, "loss": 5.457564830780029, "elapsed_time": 56.63646459579468, "prnt": false}
{"event": "training_step", "timestamp": 1769646233.7676735, "step": 602, "max_steps": 938, "loss": 5.288280010223389, "elapsed_time": 56.72191500663757, "prnt": false}
{"event": "training_step", "timestamp": 1769646233.853508, "step": 603, "max_steps": 938, "loss": 5.417710781097412, "elapsed_time": 56.80790615081787, "prnt": false}
{"event": "training_step", "timestamp": 1769646233.9390607, "step": 604, "max_steps": 938, "loss": 5.394311904907227, "elapsed_time": 56.893542766571045, "prnt": false}
{"event": "training_step", "timestamp": 1769646234.024791, "step": 605, "max_steps": 938, "loss": 5.418148517608643, "elapsed_time": 56.97941970825195, "prnt": false}
{"event": "training_step", "timestamp": 1769646234.1104748, "step": 606, "max_steps": 938, "loss": 5.278753757476807, "elapsed_time": 57.06479740142822, "prnt": false}
{"event": "training_step", "timestamp": 1769646234.196342, "step": 607, "max_steps": 938, "loss": 5.426358222961426, "elapsed_time": 57.15056777000427, "prnt": false}
{"event": "training_step", "timestamp": 1769646234.2819252, "step": 608, "max_steps": 938, "loss": 5.374537467956543, "elapsed_time": 57.2363965511322, "prnt": false}
{"event": "training_step", "timestamp": 1769646234.3674834, "step": 609, "max_steps": 938, "loss": 5.4143476486206055, "elapsed_time": 57.32211709022522, "prnt": false}
{"event": "training_step", "timestamp": 1769646234.4532611, "step": 610, "max_steps": 938, "loss": 5.430330276489258, "elapsed_time": 57.407569885253906, "prnt": false}
{"event": "training_step", "timestamp": 1769646234.5390682, "step": 611, "max_steps": 938, "loss": 5.416590213775635, "elapsed_time": 57.4936146736145, "prnt": false}
{"event": "training_step", "timestamp": 1769646234.624725, "step": 612, "max_steps": 938, "loss": 5.4138360023498535, "elapsed_time": 57.579123973846436, "prnt": false}
{"event": "training_step", "timestamp": 1769646234.7105725, "step": 613, "max_steps": 938, "loss": 5.395165920257568, "elapsed_time": 57.664902687072754, "prnt": false}
{"event": "training_step", "timestamp": 1769646234.7963586, "step": 614, "max_steps": 938, "loss": 5.344974994659424, "elapsed_time": 57.75072693824768, "prnt": false}
{"event": "training_step", "timestamp": 1769646234.882142, "step": 615, "max_steps": 938, "loss": 5.378702163696289, "elapsed_time": 57.83656716346741, "prnt": false}
{"event": "training_step", "timestamp": 1769646234.9678555, "step": 616, "max_steps": 938, "loss": 5.400125503540039, "elapsed_time": 57.92218089103699, "prnt": false}
{"event": "validation_step", "timestamp": 1769646235.3563375, "step": 616, "max_steps": 938, "loss": 1.272359580182745, "elapsed_time": 57.92218089103699}
{"event": "training_step", "timestamp": 1769646235.4427261, "step": 617, "max_steps": 938, "loss": 5.372043609619141, "elapsed_time": 58.39729833602905, "prnt": false}
{"event": "training_step", "timestamp": 1769646235.528484, "step": 618, "max_steps": 938, "loss": 5.377873420715332, "elapsed_time": 58.48290181159973, "prnt": false}
{"event": "training_step", "timestamp": 1769646235.614382, "step": 619, "max_steps": 938, "loss": 5.325517654418945, "elapsed_time": 58.56874108314514, "prnt": false}
{"event": "training_step", "timestamp": 1769646235.6999354, "step": 620, "max_steps": 938, "loss": 5.401592254638672, "elapsed_time": 58.65443277359009, "prnt": false}
{"event": "training_step", "timestamp": 1769646235.7858596, "step": 621, "max_steps": 938, "loss": 5.412361145019531, "elapsed_time": 58.74019908905029, "prnt": false}
{"event": "training_step", "timestamp": 1769646235.871664, "step": 622, "max_steps": 938, "loss": 5.351041793823242, "elapsed_time": 58.82596564292908, "prnt": false}
{"event": "training_step", "timestamp": 1769646235.957326, "step": 623, "max_steps": 938, "loss": 5.3192291259765625, "elapsed_time": 58.91170692443848, "prnt": false}
{"event": "training_step", "timestamp": 1769646236.0428867, "step": 624, "max_steps": 938, "loss": 5.377559185028076, "elapsed_time": 58.99735689163208, "prnt": false}
{"event": "training_step", "timestamp": 1769646236.12868, "step": 625, "max_steps": 938, "loss": 5.333649635314941, "elapsed_time": 59.082987546920776, "prnt": false}
{"event": "training_step", "timestamp": 1769646236.214467, "step": 626, "max_steps": 938, "loss": 5.373590469360352, "elapsed_time": 59.1687548160553, "prnt": false}
{"event": "training_step", "timestamp": 1769646236.3001099, "step": 627, "max_steps": 938, "loss": 5.3177900314331055, "elapsed_time": 59.25461196899414, "prnt": false}
{"event": "training_step", "timestamp": 1769646236.3857741, "step": 628, "max_steps": 938, "loss": 5.358783721923828, "elapsed_time": 59.34022545814514, "prnt": false}
{"event": "training_step", "timestamp": 1769646236.4716935, "step": 629, "max_steps": 938, "loss": 5.384284019470215, "elapsed_time": 59.425835609436035, "prnt": false}
{"event": "training_step", "timestamp": 1769646236.5573187, "step": 630, "max_steps": 938, "loss": 5.338115215301514, "elapsed_time": 59.51177501678467, "prnt": false}
{"event": "training_step", "timestamp": 1769646236.6429384, "step": 631, "max_steps": 938, "loss": 5.367124557495117, "elapsed_time": 59.59764313697815, "prnt": false}
{"event": "training_step", "timestamp": 1769646236.7286978, "step": 632, "max_steps": 938, "loss": 5.352410316467285, "elapsed_time": 59.68301010131836, "prnt": false}
{"event": "training_step", "timestamp": 1769646236.814555, "step": 633, "max_steps": 938, "loss": 5.325535297393799, "elapsed_time": 59.76901698112488, "prnt": false}
{"event": "training_step", "timestamp": 1769646236.9002008, "step": 634, "max_steps": 938, "loss": 5.322615146636963, "elapsed_time": 59.85476207733154, "prnt": false}
{"event": "training_step", "timestamp": 1769646236.986051, "step": 635, "max_steps": 938, "loss": 5.380028247833252, "elapsed_time": 59.940420389175415, "prnt": false}
{"event": "training_step", "timestamp": 1769646237.0718257, "step": 636, "max_steps": 938, "loss": 5.272881984710693, "elapsed_time": 60.026110887527466, "prnt": false}
{"event": "training_step", "timestamp": 1769646237.1576052, "step": 637, "max_steps": 938, "loss": 5.303081512451172, "elapsed_time": 60.111950635910034, "prnt": false}
{"event": "training_step", "timestamp": 1769646237.2432852, "step": 638, "max_steps": 938, "loss": 5.347435474395752, "elapsed_time": 60.197630167007446, "prnt": false}
{"event": "training_step", "timestamp": 1769646237.3291254, "step": 639, "max_steps": 938, "loss": 5.323612689971924, "elapsed_time": 60.28367471694946, "prnt": false}
{"event": "training_step", "timestamp": 1769646237.414975, "step": 640, "max_steps": 938, "loss": 5.331014633178711, "elapsed_time": 60.36970400810242, "prnt": false}
{"event": "training_step", "timestamp": 1769646237.5007346, "step": 641, "max_steps": 938, "loss": 5.27927827835083, "elapsed_time": 60.45519781112671, "prnt": false}
{"event": "training_step", "timestamp": 1769646237.5863152, "step": 642, "max_steps": 938, "loss": 5.387369632720947, "elapsed_time": 60.54089426994324, "prnt": false}
{"event": "training_step", "timestamp": 1769646237.6722553, "step": 643, "max_steps": 938, "loss": 5.291337966918945, "elapsed_time": 60.62644004821777, "prnt": false}
{"event": "training_step", "timestamp": 1769646237.7579699, "step": 644, "max_steps": 938, "loss": 5.393476486206055, "elapsed_time": 60.71238994598389, "prnt": false}
{"event": "training_step", "timestamp": 1769646237.8437436, "step": 645, "max_steps": 938, "loss": 5.3516154289245605, "elapsed_time": 60.79819440841675, "prnt": false}
{"event": "training_step", "timestamp": 1769646237.9295604, "step": 646, "max_steps": 938, "loss": 5.261481761932373, "elapsed_time": 60.88374400138855, "prnt": false}
{"event": "training_step", "timestamp": 1769646238.015496, "step": 647, "max_steps": 938, "loss": 5.261683464050293, "elapsed_time": 60.97002339363098, "prnt": false}
{"event": "training_step", "timestamp": 1769646238.1012897, "step": 648, "max_steps": 938, "loss": 5.309378147125244, "elapsed_time": 61.05620789527893, "prnt": false}
{"event": "training_step", "timestamp": 1769646238.1871896, "step": 649, "max_steps": 938, "loss": 5.2620368003845215, "elapsed_time": 61.141658306121826, "prnt": false}
{"event": "training_step", "timestamp": 1769646238.2730675, "step": 650, "max_steps": 938, "loss": 5.301181316375732, "elapsed_time": 61.22724914550781, "prnt": false}
{"event": "training_step", "timestamp": 1769646238.3588176, "step": 651, "max_steps": 938, "loss": 5.3487935066223145, "elapsed_time": 61.313456535339355, "prnt": false}
{"event": "training_step", "timestamp": 1769646238.4443521, "step": 652, "max_steps": 938, "loss": 5.3170013427734375, "elapsed_time": 61.399022340774536, "prnt": false}
{"event": "training_step", "timestamp": 1769646238.5303311, "step": 653, "max_steps": 938, "loss": 5.288411617279053, "elapsed_time": 61.48447132110596, "prnt": false}
{"event": "training_step", "timestamp": 1769646238.61614, "step": 654, "max_steps": 938, "loss": 5.340640068054199, "elapsed_time": 61.57051730155945, "prnt": false}
{"event": "training_step", "timestamp": 1769646238.7018921, "step": 655, "max_steps": 938, "loss": 5.257670879364014, "elapsed_time": 61.65630030632019, "prnt": false}
{"event": "training_step", "timestamp": 1769646238.787695, "step": 656, "max_steps": 938, "loss": 5.27838659286499, "elapsed_time": 61.74194693565369, "prnt": false}
{"event": "training_step", "timestamp": 1769646238.8735597, "step": 657, "max_steps": 938, "loss": 5.267755508422852, "elapsed_time": 61.827996015548706, "prnt": false}
{"event": "training_step", "timestamp": 1769646238.9592514, "step": 658, "max_steps": 938, "loss": 5.3077192306518555, "elapsed_time": 61.91363453865051, "prnt": false}
{"event": "training_step", "timestamp": 1769646239.0450568, "step": 659, "max_steps": 938, "loss": 5.309323787689209, "elapsed_time": 61.99950313568115, "prnt": false}
{"event": "training_step", "timestamp": 1769646239.130868, "step": 660, "max_steps": 938, "loss": 5.360584259033203, "elapsed_time": 62.085052728652954, "prnt": false}
{"event": "validation_step", "timestamp": 1769646239.5195556, "step": 660, "max_steps": 938, "loss": 1.2697767427760676, "elapsed_time": 62.085052728652954}
{"event": "training_step", "timestamp": 1769646239.6060038, "step": 661, "max_steps": 938, "loss": 5.3052897453308105, "elapsed_time": 62.56069588661194, "prnt": false}
{"event": "training_step", "timestamp": 1769646239.6918526, "step": 662, "max_steps": 938, "loss": 5.31615686416626, "elapsed_time": 62.64633059501648, "prnt": false}
{"event": "training_step", "timestamp": 1769646239.7776415, "step": 663, "max_steps": 938, "loss": 5.308298587799072, "elapsed_time": 62.73220753669739, "prnt": false}
{"event": "training_step", "timestamp": 1769646239.8633614, "step": 664, "max_steps": 938, "loss": 5.306930065155029, "elapsed_time": 62.817864418029785, "prnt": false}
{"event": "training_step", "timestamp": 1769646239.9493096, "step": 665, "max_steps": 938, "loss": 5.331634998321533, "elapsed_time": 62.90365433692932, "prnt": false}
{"event": "training_step", "timestamp": 1769646240.0353537, "step": 666, "max_steps": 938, "loss": 5.343907356262207, "elapsed_time": 62.989418268203735, "prnt": false}
{"event": "training_step", "timestamp": 1769646240.1212137, "step": 667, "max_steps": 938, "loss": 5.243953227996826, "elapsed_time": 63.07565689086914, "prnt": false}
{"event": "training_step", "timestamp": 1769646240.2069488, "step": 668, "max_steps": 938, "loss": 5.231522560119629, "elapsed_time": 63.16137337684631, "prnt": false}
{"event": "training_step", "timestamp": 1769646240.2929285, "step": 669, "max_steps": 938, "loss": 5.23470401763916, "elapsed_time": 63.24703574180603, "prnt": false}
{"event": "training_step", "timestamp": 1769646240.3785708, "step": 670, "max_steps": 938, "loss": 5.406102657318115, "elapsed_time": 63.333003997802734, "prnt": false}
{"event": "training_step", "timestamp": 1769646240.464472, "step": 671, "max_steps": 938, "loss": 5.268950939178467, "elapsed_time": 63.41889214515686, "prnt": false}
{"event": "training_step", "timestamp": 1769646240.5503147, "step": 672, "max_steps": 938, "loss": 5.319694995880127, "elapsed_time": 63.50450372695923, "prnt": false}
{"event": "training_step", "timestamp": 1769646240.636139, "step": 673, "max_steps": 938, "loss": 5.237780570983887, "elapsed_time": 63.59081506729126, "prnt": false}
{"event": "training_step", "timestamp": 1769646240.7218707, "step": 674, "max_steps": 938, "loss": 5.27913761138916, "elapsed_time": 63.67623472213745, "prnt": false}
{"event": "training_step", "timestamp": 1769646240.8077939, "step": 675, "max_steps": 938, "loss": 5.265951156616211, "elapsed_time": 63.762194871902466, "prnt": false}
{"event": "training_step", "timestamp": 1769646240.8937778, "step": 676, "max_steps": 938, "loss": 5.30787467956543, "elapsed_time": 63.847886085510254, "prnt": false}
{"event": "training_step", "timestamp": 1769646240.9796574, "step": 677, "max_steps": 938, "loss": 5.303030014038086, "elapsed_time": 63.933959007263184, "prnt": false}
{"event": "training_step", "timestamp": 1769646241.065456, "step": 678, "max_steps": 938, "loss": 5.268171310424805, "elapsed_time": 64.0196921825409, "prnt": false}
{"event": "training_step", "timestamp": 1769646241.1514149, "step": 679, "max_steps": 938, "loss": 5.251237869262695, "elapsed_time": 64.10570192337036, "prnt": false}
{"event": "training_step", "timestamp": 1769646241.2371402, "step": 680, "max_steps": 938, "loss": 5.31856632232666, "elapsed_time": 64.19162917137146, "prnt": false}
{"event": "training_step", "timestamp": 1769646241.3229494, "step": 681, "max_steps": 938, "loss": 5.313797473907471, "elapsed_time": 64.27726006507874, "prnt": false}
{"event": "training_step", "timestamp": 1769646241.408815, "step": 682, "max_steps": 938, "loss": 5.269032955169678, "elapsed_time": 64.3629961013794, "prnt": false}
{"event": "training_step", "timestamp": 1769646241.4947555, "step": 683, "max_steps": 938, "loss": 5.32211446762085, "elapsed_time": 64.44918537139893, "prnt": false}
{"event": "training_step", "timestamp": 1769646241.5804627, "step": 684, "max_steps": 938, "loss": 5.272764682769775, "elapsed_time": 64.53483772277832, "prnt": false}
{"event": "training_step", "timestamp": 1769646241.6663501, "step": 685, "max_steps": 938, "loss": 5.293906211853027, "elapsed_time": 64.62072157859802, "prnt": false}
{"event": "training_step", "timestamp": 1769646241.7522027, "step": 686, "max_steps": 938, "loss": 5.329923629760742, "elapsed_time": 64.70648956298828, "prnt": false}
{"event": "training_step", "timestamp": 1769646241.8379679, "step": 687, "max_steps": 938, "loss": 5.3021368980407715, "elapsed_time": 64.79241514205933, "prnt": false}
{"event": "training_step", "timestamp": 1769646241.9238224, "step": 688, "max_steps": 938, "loss": 5.273885726928711, "elapsed_time": 64.87803673744202, "prnt": false}
{"event": "training_step", "timestamp": 1769646242.009888, "step": 689, "max_steps": 938, "loss": 5.305296421051025, "elapsed_time": 64.96416211128235, "prnt": false}
{"event": "training_step", "timestamp": 1769646242.095705, "step": 690, "max_steps": 938, "loss": 5.343194961547852, "elapsed_time": 65.05024862289429, "prnt": false}
{"event": "training_step", "timestamp": 1769646242.1814933, "step": 691, "max_steps": 938, "loss": 5.254721164703369, "elapsed_time": 65.13610792160034, "prnt": false}
{"event": "training_step", "timestamp": 1769646242.2672875, "step": 692, "max_steps": 938, "loss": 5.234477996826172, "elapsed_time": 65.22178244590759, "prnt": false}
{"event": "training_step", "timestamp": 1769646242.3532622, "step": 693, "max_steps": 938, "loss": 5.309967041015625, "elapsed_time": 65.30743479728699, "prnt": false}
{"event": "training_step", "timestamp": 1769646242.4392855, "step": 694, "max_steps": 938, "loss": 5.251376152038574, "elapsed_time": 65.39335441589355, "prnt": false}
{"event": "training_step", "timestamp": 1769646242.5253625, "step": 695, "max_steps": 938, "loss": 5.246864318847656, "elapsed_time": 65.47942233085632, "prnt": false}
{"event": "training_step", "timestamp": 1769646242.6113138, "step": 696, "max_steps": 938, "loss": 5.285745143890381, "elapsed_time": 65.56538128852844, "prnt": false}
{"event": "training_step", "timestamp": 1769646242.697197, "step": 697, "max_steps": 938, "loss": 5.250558853149414, "elapsed_time": 65.65156650543213, "prnt": false}
{"event": "training_step", "timestamp": 1769646242.7830238, "step": 698, "max_steps": 938, "loss": 5.2503981590271, "elapsed_time": 65.73734498023987, "prnt": false}
{"event": "training_step", "timestamp": 1769646242.869085, "step": 699, "max_steps": 938, "loss": 5.239862442016602, "elapsed_time": 65.82328152656555, "prnt": false}
{"event": "training_step", "timestamp": 1769646242.9548388, "step": 700, "max_steps": 938, "loss": 5.288009166717529, "elapsed_time": 65.90926456451416, "prnt": false}
{"event": "training_step", "timestamp": 1769646243.0406237, "step": 701, "max_steps": 938, "loss": 5.218209743499756, "elapsed_time": 65.99495601654053, "prnt": false}
{"event": "training_step", "timestamp": 1769646243.1265686, "step": 702, "max_steps": 938, "loss": 5.257465362548828, "elapsed_time": 66.08066153526306, "prnt": false}
{"event": "training_step", "timestamp": 1769646243.2124937, "step": 703, "max_steps": 938, "loss": 5.225766658782959, "elapsed_time": 66.16667151451111, "prnt": false}
{"event": "training_step", "timestamp": 1769646243.2982442, "step": 704, "max_steps": 938, "loss": 5.251326560974121, "elapsed_time": 66.25257468223572, "prnt": false}
{"event": "validation_step", "timestamp": 1769646243.687131, "step": 704, "max_steps": 938, "loss": 1.2669964711731718, "elapsed_time": 66.25257468223572}
{"event": "training_step", "timestamp": 1769646243.7734258, "step": 705, "max_steps": 938, "loss": 5.282140254974365, "elapsed_time": 66.72788214683533, "prnt": false}
{"event": "training_step", "timestamp": 1769646243.859307, "step": 706, "max_steps": 938, "loss": 5.321595191955566, "elapsed_time": 66.8137800693512, "prnt": false}
{"event": "training_step", "timestamp": 1769646243.9452837, "step": 707, "max_steps": 938, "loss": 5.224646091461182, "elapsed_time": 66.8994209766388, "prnt": false}
{"event": "training_step", "timestamp": 1769646244.0310943, "step": 708, "max_steps": 938, "loss": 5.288778781890869, "elapsed_time": 66.98538136482239, "prnt": false}
{"event": "training_step", "timestamp": 1769646244.1169226, "step": 709, "max_steps": 938, "loss": 5.231616497039795, "elapsed_time": 67.07119536399841, "prnt": false}
{"event": "training_step", "timestamp": 1769646244.202688, "step": 710, "max_steps": 938, "loss": 5.272796630859375, "elapsed_time": 67.15698838233948, "prnt": false}
{"event": "training_step", "timestamp": 1769646244.2886755, "step": 711, "max_steps": 938, "loss": 5.220187664031982, "elapsed_time": 67.24296045303345, "prnt": false}
{"event": "training_step", "timestamp": 1769646244.374404, "step": 712, "max_steps": 938, "loss": 5.2800703048706055, "elapsed_time": 67.32868337631226, "prnt": false}
{"event": "training_step", "timestamp": 1769646244.460232, "step": 713, "max_steps": 938, "loss": 5.272829532623291, "elapsed_time": 67.41459703445435, "prnt": false}
{"event": "training_step", "timestamp": 1769646244.5461655, "step": 714, "max_steps": 938, "loss": 5.21960973739624, "elapsed_time": 67.50060391426086, "prnt": false}
{"event": "training_step", "timestamp": 1769646244.632127, "step": 715, "max_steps": 938, "loss": 5.240416526794434, "elapsed_time": 67.58644843101501, "prnt": false}
{"event": "training_step", "timestamp": 1769646244.7179022, "step": 716, "max_steps": 938, "loss": 5.28167724609375, "elapsed_time": 67.67221260070801, "prnt": false}
{"event": "training_step", "timestamp": 1769646244.8038204, "step": 717, "max_steps": 938, "loss": 5.2972564697265625, "elapsed_time": 67.75806641578674, "prnt": false}
{"event": "training_step", "timestamp": 1769646244.8896947, "step": 718, "max_steps": 938, "loss": 5.3383564949035645, "elapsed_time": 67.8438470363617, "prnt": false}
{"event": "training_step", "timestamp": 1769646244.975528, "step": 719, "max_steps": 938, "loss": 5.240382671356201, "elapsed_time": 67.93005132675171, "prnt": false}
{"event": "training_step", "timestamp": 1769646245.0611885, "step": 720, "max_steps": 938, "loss": 5.217957973480225, "elapsed_time": 68.01556658744812, "prnt": false}
{"event": "training_step", "timestamp": 1769646245.1470838, "step": 721, "max_steps": 938, "loss": 5.186424732208252, "elapsed_time": 68.10133051872253, "prnt": false}
{"event": "training_step", "timestamp": 1769646245.232856, "step": 722, "max_steps": 938, "loss": 5.271185874938965, "elapsed_time": 68.18717122077942, "prnt": false}
{"event": "training_step", "timestamp": 1769646245.3186617, "step": 723, "max_steps": 938, "loss": 5.215766906738281, "elapsed_time": 68.2728853225708, "prnt": false}
{"event": "training_step", "timestamp": 1769646245.4044585, "step": 724, "max_steps": 938, "loss": 5.293516159057617, "elapsed_time": 68.35862946510315, "prnt": false}
{"event": "training_step", "timestamp": 1769646245.4907622, "step": 725, "max_steps": 938, "loss": 5.219139099121094, "elapsed_time": 68.4455509185791, "prnt": false}
{"event": "training_step", "timestamp": 1769646245.5765495, "step": 726, "max_steps": 938, "loss": 5.159412860870361, "elapsed_time": 68.53101134300232, "prnt": false}
{"event": "training_step", "timestamp": 1769646245.6624794, "step": 727, "max_steps": 938, "loss": 5.247286319732666, "elapsed_time": 68.61668968200684, "prnt": false}
{"event": "training_step", "timestamp": 1769646245.748329, "step": 728, "max_steps": 938, "loss": 5.265576362609863, "elapsed_time": 68.70259714126587, "prnt": false}
{"event": "training_step", "timestamp": 1769646245.834156, "step": 729, "max_steps": 938, "loss": 5.222385406494141, "elapsed_time": 68.78851079940796, "prnt": false}
{"event": "training_step", "timestamp": 1769646245.9198732, "step": 730, "max_steps": 938, "loss": 5.217432975769043, "elapsed_time": 68.87422299385071, "prnt": false}
{"event": "training_step", "timestamp": 1769646246.0057228, "step": 731, "max_steps": 938, "loss": 5.2402496337890625, "elapsed_time": 68.95989060401917, "prnt": false}
{"event": "training_step", "timestamp": 1769646246.0916789, "step": 732, "max_steps": 938, "loss": 5.250951290130615, "elapsed_time": 69.04581379890442, "prnt": false}
{"event": "training_step", "timestamp": 1769646246.1775682, "step": 733, "max_steps": 938, "loss": 5.196110248565674, "elapsed_time": 69.1319465637207, "prnt": false}
{"event": "training_step", "timestamp": 1769646246.2634416, "step": 734, "max_steps": 938, "loss": 5.203302383422852, "elapsed_time": 69.21761512756348, "prnt": false}
{"event": "training_step", "timestamp": 1769646246.3494718, "step": 735, "max_steps": 938, "loss": 5.214654445648193, "elapsed_time": 69.30362105369568, "prnt": false}
{"event": "training_step", "timestamp": 1769646246.435202, "step": 736, "max_steps": 938, "loss": 5.18709659576416, "elapsed_time": 69.38948917388916, "prnt": false}
{"event": "training_step", "timestamp": 1769646246.521139, "step": 737, "max_steps": 938, "loss": 5.189464092254639, "elapsed_time": 69.47541904449463, "prnt": false}
{"event": "training_step", "timestamp": 1769646246.6070669, "step": 738, "max_steps": 938, "loss": 5.155118942260742, "elapsed_time": 69.56115794181824, "prnt": false}
{"event": "training_step", "timestamp": 1769646246.69308, "step": 739, "max_steps": 938, "loss": 5.222595691680908, "elapsed_time": 69.64726448059082, "prnt": false}
{"event": "training_step", "timestamp": 1769646246.778954, "step": 740, "max_steps": 938, "loss": 5.20525598526001, "elapsed_time": 69.73306155204773, "prnt": false}
{"event": "training_step", "timestamp": 1769646246.8651168, "step": 741, "max_steps": 938, "loss": 5.289020538330078, "elapsed_time": 69.81902623176575, "prnt": false}
{"event": "training_step", "timestamp": 1769646246.9509878, "step": 742, "max_steps": 938, "loss": 5.2741241455078125, "elapsed_time": 69.90514397621155, "prnt": false}
{"event": "training_step", "timestamp": 1769646247.036846, "step": 743, "max_steps": 938, "loss": 5.190187454223633, "elapsed_time": 69.99115133285522, "prnt": false}
{"event": "training_step", "timestamp": 1769646247.1226509, "step": 744, "max_steps": 938, "loss": 5.252361297607422, "elapsed_time": 70.07701277732849, "prnt": false}
{"event": "training_step", "timestamp": 1769646247.208683, "step": 745, "max_steps": 938, "loss": 5.219973564147949, "elapsed_time": 70.16276121139526, "prnt": false}
{"event": "training_step", "timestamp": 1769646247.2944186, "step": 746, "max_steps": 938, "loss": 5.241770267486572, "elapsed_time": 70.24866080284119, "prnt": false}
{"event": "training_step", "timestamp": 1769646247.3803573, "step": 747, "max_steps": 938, "loss": 5.221555709838867, "elapsed_time": 70.3346836566925, "prnt": false}
{"event": "training_step", "timestamp": 1769646247.4662077, "step": 748, "max_steps": 938, "loss": 5.196438312530518, "elapsed_time": 70.4205596446991, "prnt": false}
{"event": "validation_step", "timestamp": 1769646247.855313, "step": 748, "max_steps": 938, "loss": 1.2653449024098837, "elapsed_time": 70.4205596446991}
{"event": "training_step", "timestamp": 1769646247.9418235, "step": 749, "max_steps": 938, "loss": 5.272757053375244, "elapsed_time": 70.89609718322754, "prnt": false}
{"event": "training_step", "timestamp": 1769646248.0277774, "step": 750, "max_steps": 938, "loss": 5.194236755371094, "elapsed_time": 70.98188471794128, "prnt": false}
{"event": "training_step", "timestamp": 1769646248.1136963, "step": 751, "max_steps": 938, "loss": 5.243863105773926, "elapsed_time": 71.06789445877075, "prnt": false}
{"event": "training_step", "timestamp": 1769646248.1995203, "step": 752, "max_steps": 938, "loss": 5.188995361328125, "elapsed_time": 71.15372204780579, "prnt": false}
{"event": "training_step", "timestamp": 1769646248.2854722, "step": 753, "max_steps": 938, "loss": 5.300549030303955, "elapsed_time": 71.2396833896637, "prnt": false}
{"event": "training_step", "timestamp": 1769646248.3713598, "step": 754, "max_steps": 938, "loss": 5.152780055999756, "elapsed_time": 71.32562851905823, "prnt": false}
{"event": "training_step", "timestamp": 1769646248.457268, "step": 755, "max_steps": 938, "loss": 5.243222236633301, "elapsed_time": 71.41149711608887, "prnt": false}
{"event": "training_step", "timestamp": 1769646248.543186, "step": 756, "max_steps": 938, "loss": 5.259385108947754, "elapsed_time": 71.49730396270752, "prnt": false}
{"event": "training_step", "timestamp": 1769646248.629258, "step": 757, "max_steps": 938, "loss": 5.164202690124512, "elapsed_time": 71.58343005180359, "prnt": false}
{"event": "training_step", "timestamp": 1769646248.7151394, "step": 758, "max_steps": 938, "loss": 5.169893264770508, "elapsed_time": 71.66935348510742, "prnt": false}
{"event": "training_step", "timestamp": 1769646248.8010156, "step": 759, "max_steps": 938, "loss": 5.2187910079956055, "elapsed_time": 71.75530195236206, "prnt": false}
{"event": "training_step", "timestamp": 1769646248.8870175, "step": 760, "max_steps": 938, "loss": 5.251044750213623, "elapsed_time": 71.84097385406494, "prnt": false}
{"event": "training_step", "timestamp": 1769646248.9729533, "step": 761, "max_steps": 938, "loss": 5.149845600128174, "elapsed_time": 71.9273190498352, "prnt": false}
{"event": "training_step", "timestamp": 1769646249.0589402, "step": 762, "max_steps": 938, "loss": 5.238738536834717, "elapsed_time": 72.01300811767578, "prnt": false}
{"event": "training_step", "timestamp": 1769646249.1449077, "step": 763, "max_steps": 938, "loss": 5.210238933563232, "elapsed_time": 72.09912753105164, "prnt": false}
{"event": "training_step", "timestamp": 1769646249.2309866, "step": 764, "max_steps": 938, "loss": 5.188560962677002, "elapsed_time": 72.18517708778381, "prnt": false}
{"event": "training_step", "timestamp": 1769646249.3170116, "step": 765, "max_steps": 938, "loss": 5.226942539215088, "elapsed_time": 72.27114486694336, "prnt": false}
{"event": "training_step", "timestamp": 1769646249.4028609, "step": 766, "max_steps": 938, "loss": 5.17577600479126, "elapsed_time": 72.35702323913574, "prnt": false}
{"event": "training_step", "timestamp": 1769646249.4889984, "step": 767, "max_steps": 938, "loss": 5.173763275146484, "elapsed_time": 72.4431688785553, "prnt": false}
{"event": "training_step", "timestamp": 1769646249.5750604, "step": 768, "max_steps": 938, "loss": 5.1940999031066895, "elapsed_time": 72.52960515022278, "prnt": false}
{"event": "training_step", "timestamp": 1769646249.661099, "step": 769, "max_steps": 938, "loss": 5.153511047363281, "elapsed_time": 72.61527585983276, "prnt": false}
{"event": "training_step", "timestamp": 1769646249.7470038, "step": 770, "max_steps": 938, "loss": 5.237037181854248, "elapsed_time": 72.70112299919128, "prnt": false}
{"event": "training_step", "timestamp": 1769646249.8330135, "step": 771, "max_steps": 938, "loss": 5.129720211029053, "elapsed_time": 72.78715491294861, "prnt": false}
{"event": "training_step", "timestamp": 1769646249.9190674, "step": 772, "max_steps": 938, "loss": 5.147674083709717, "elapsed_time": 72.87327170372009, "prnt": false}
{"event": "training_step", "timestamp": 1769646250.0050352, "step": 773, "max_steps": 938, "loss": 5.227811813354492, "elapsed_time": 72.95923614501953, "prnt": false}
{"event": "training_step", "timestamp": 1769646250.0909207, "step": 774, "max_steps": 938, "loss": 5.242090225219727, "elapsed_time": 73.04502129554749, "prnt": false}
{"event": "training_step", "timestamp": 1769646250.1769018, "step": 775, "max_steps": 938, "loss": 5.188200950622559, "elapsed_time": 73.13111114501953, "prnt": false}
{"event": "training_step", "timestamp": 1769646250.262892, "step": 776, "max_steps": 938, "loss": 5.237452507019043, "elapsed_time": 73.21699500083923, "prnt": false}
{"event": "training_step", "timestamp": 1769646250.349017, "step": 777, "max_steps": 938, "loss": 5.2191314697265625, "elapsed_time": 73.30313062667847, "prnt": false}
{"event": "training_step", "timestamp": 1769646250.4348433, "step": 778, "max_steps": 938, "loss": 5.172459125518799, "elapsed_time": 73.38911032676697, "prnt": false}
{"event": "training_step", "timestamp": 1769646250.520765, "step": 779, "max_steps": 938, "loss": 5.214068412780762, "elapsed_time": 73.4749927520752, "prnt": false}
{"event": "training_step", "timestamp": 1769646250.6068087, "step": 780, "max_steps": 938, "loss": 5.195408821105957, "elapsed_time": 73.56092858314514, "prnt": false}
{"event": "training_step", "timestamp": 1769646250.6928456, "step": 781, "max_steps": 938, "loss": 5.234373092651367, "elapsed_time": 73.64697742462158, "prnt": false}
{"event": "training_step", "timestamp": 1769646250.778641, "step": 782, "max_steps": 938, "loss": 5.187711715698242, "elapsed_time": 73.73286843299866, "prnt": false}
{"event": "training_step", "timestamp": 1769646250.8647478, "step": 783, "max_steps": 938, "loss": 5.227917194366455, "elapsed_time": 73.81890153884888, "prnt": false}
{"event": "training_step", "timestamp": 1769646250.9506552, "step": 784, "max_steps": 938, "loss": 5.180579662322998, "elapsed_time": 73.90479445457458, "prnt": false}
{"event": "training_step", "timestamp": 1769646251.036649, "step": 785, "max_steps": 938, "loss": 5.191147804260254, "elapsed_time": 73.99073219299316, "prnt": false}
{"event": "training_step", "timestamp": 1769646251.1226304, "step": 786, "max_steps": 938, "loss": 5.238471984863281, "elapsed_time": 74.07681679725647, "prnt": false}
{"event": "training_step", "timestamp": 1769646251.2087307, "step": 787, "max_steps": 938, "loss": 5.195862293243408, "elapsed_time": 74.16310596466064, "prnt": false}
{"event": "training_step", "timestamp": 1769646251.294546, "step": 788, "max_steps": 938, "loss": 5.142987251281738, "elapsed_time": 74.24879479408264, "prnt": false}
{"event": "training_step", "timestamp": 1769646251.380637, "step": 789, "max_steps": 938, "loss": 5.2579545974731445, "elapsed_time": 74.334969997406, "prnt": false}
{"event": "training_step", "timestamp": 1769646251.4666033, "step": 790, "max_steps": 938, "loss": 5.163471221923828, "elapsed_time": 74.42070722579956, "prnt": false}
{"event": "training_step", "timestamp": 1769646251.5528352, "step": 791, "max_steps": 938, "loss": 5.222546100616455, "elapsed_time": 74.50753378868103, "prnt": false}
{"event": "training_step", "timestamp": 1769646251.63868, "step": 792, "max_steps": 938, "loss": 5.283944606781006, "elapsed_time": 74.59300470352173, "prnt": false}
{"event": "validation_step", "timestamp": 1769646252.0276003, "step": 792, "max_steps": 938, "loss": 1.264137871848318, "elapsed_time": 74.59300470352173}
{"event": "training_step", "timestamp": 1769646252.1140387, "step": 793, "max_steps": 938, "loss": 5.19580078125, "elapsed_time": 75.06841516494751, "prnt": false}
{"event": "training_step", "timestamp": 1769646252.1999524, "step": 794, "max_steps": 938, "loss": 5.225440502166748, "elapsed_time": 75.15415406227112, "prnt": false}
{"event": "training_step", "timestamp": 1769646252.2859628, "step": 795, "max_steps": 938, "loss": 5.185329914093018, "elapsed_time": 75.24014949798584, "prnt": false}
{"event": "training_step", "timestamp": 1769646252.3718865, "step": 796, "max_steps": 938, "loss": 5.203526973724365, "elapsed_time": 75.32622814178467, "prnt": false}
{"event": "training_step", "timestamp": 1769646252.4579084, "step": 797, "max_steps": 938, "loss": 5.160164833068848, "elapsed_time": 75.41215777397156, "prnt": false}
{"event": "training_step", "timestamp": 1769646252.5439348, "step": 798, "max_steps": 938, "loss": 5.265491008758545, "elapsed_time": 75.49828362464905, "prnt": false}
{"event": "training_step", "timestamp": 1769646252.6300228, "step": 799, "max_steps": 938, "loss": 5.113152503967285, "elapsed_time": 75.5841977596283, "prnt": false}
{"event": "training_step", "timestamp": 1769646252.7159376, "step": 800, "max_steps": 938, "loss": 5.230990409851074, "elapsed_time": 75.67002487182617, "prnt": false}
{"event": "training_step", "timestamp": 1769646252.8020616, "step": 801, "max_steps": 938, "loss": 5.209407329559326, "elapsed_time": 75.75628638267517, "prnt": false}
{"event": "training_step", "timestamp": 1769646252.888118, "step": 802, "max_steps": 938, "loss": 5.15617561340332, "elapsed_time": 75.84211754798889, "prnt": false}
{"event": "training_step", "timestamp": 1769646252.9740458, "step": 803, "max_steps": 938, "loss": 5.155826568603516, "elapsed_time": 75.92822265625, "prnt": false}
{"event": "training_step", "timestamp": 1769646253.0600262, "step": 804, "max_steps": 938, "loss": 5.168633460998535, "elapsed_time": 76.01407361030579, "prnt": false}
{"event": "training_step", "timestamp": 1769646253.1462266, "step": 805, "max_steps": 938, "loss": 5.165397644042969, "elapsed_time": 76.10038661956787, "prnt": false}
{"event": "training_step", "timestamp": 1769646253.2320356, "step": 806, "max_steps": 938, "loss": 5.162752151489258, "elapsed_time": 76.18627548217773, "prnt": false}
{"event": "training_step", "timestamp": 1769646253.3180013, "step": 807, "max_steps": 938, "loss": 5.1203508377075195, "elapsed_time": 76.27218461036682, "prnt": false}
{"event": "training_step", "timestamp": 1769646253.4039009, "step": 808, "max_steps": 938, "loss": 5.200295448303223, "elapsed_time": 76.3581326007843, "prnt": false}
{"event": "training_step", "timestamp": 1769646253.4900103, "step": 809, "max_steps": 938, "loss": 5.182643413543701, "elapsed_time": 76.4441409111023, "prnt": false}
{"event": "training_step", "timestamp": 1769646253.5761337, "step": 810, "max_steps": 938, "loss": 5.165398120880127, "elapsed_time": 76.53086400032043, "prnt": false}
{"event": "training_step", "timestamp": 1769646253.6624568, "step": 811, "max_steps": 938, "loss": 5.0650634765625, "elapsed_time": 76.6164722442627, "prnt": false}
{"event": "training_step", "timestamp": 1769646253.748478, "step": 812, "max_steps": 938, "loss": 5.184332370758057, "elapsed_time": 76.70254063606262, "prnt": false}
{"event": "training_step", "timestamp": 1769646253.8344245, "step": 813, "max_steps": 938, "loss": 5.2324934005737305, "elapsed_time": 76.78877186775208, "prnt": false}
{"event": "training_step", "timestamp": 1769646253.9202673, "step": 814, "max_steps": 938, "loss": 5.202913761138916, "elapsed_time": 76.8744866847992, "prnt": false}
{"event": "training_step", "timestamp": 1769646254.0064895, "step": 815, "max_steps": 938, "loss": 5.152973651885986, "elapsed_time": 76.96055340766907, "prnt": false}
{"event": "training_step", "timestamp": 1769646254.0923867, "step": 816, "max_steps": 938, "loss": 5.123463153839111, "elapsed_time": 77.04649066925049, "prnt": false}
{"event": "training_step", "timestamp": 1769646254.178367, "step": 817, "max_steps": 938, "loss": 5.160262584686279, "elapsed_time": 77.13255548477173, "prnt": false}
{"event": "training_step", "timestamp": 1769646254.264273, "step": 818, "max_steps": 938, "loss": 5.167951583862305, "elapsed_time": 77.2185001373291, "prnt": false}
{"event": "training_step", "timestamp": 1769646254.3503687, "step": 819, "max_steps": 938, "loss": 5.186266899108887, "elapsed_time": 77.30445432662964, "prnt": false}
{"event": "training_step", "timestamp": 1769646254.436262, "step": 820, "max_steps": 938, "loss": 5.097249984741211, "elapsed_time": 77.39030289649963, "prnt": false}
{"event": "training_step", "timestamp": 1769646254.5222557, "step": 821, "max_steps": 938, "loss": 5.102371692657471, "elapsed_time": 77.47657132148743, "prnt": false}
{"event": "training_step", "timestamp": 1769646254.608342, "step": 822, "max_steps": 938, "loss": 5.186381816864014, "elapsed_time": 77.56236386299133, "prnt": false}
{"event": "training_step", "timestamp": 1769646254.694262, "step": 823, "max_steps": 938, "loss": 5.188588619232178, "elapsed_time": 77.6485071182251, "prnt": false}
{"event": "training_step", "timestamp": 1769646254.7801614, "step": 824, "max_steps": 938, "loss": 5.189902305603027, "elapsed_time": 77.73430180549622, "prnt": false}
{"event": "training_step", "timestamp": 1769646254.8662858, "step": 825, "max_steps": 938, "loss": 5.274768829345703, "elapsed_time": 77.82030320167542, "prnt": false}
{"event": "training_step", "timestamp": 1769646254.9521284, "step": 826, "max_steps": 938, "loss": 5.185780048370361, "elapsed_time": 77.90627431869507, "prnt": false}
{"event": "training_step", "timestamp": 1769646255.0381312, "step": 827, "max_steps": 938, "loss": 5.247884750366211, "elapsed_time": 77.99222302436829, "prnt": false}
{"event": "training_step", "timestamp": 1769646255.1240945, "step": 828, "max_steps": 938, "loss": 5.2055158615112305, "elapsed_time": 78.0781364440918, "prnt": false}
{"event": "training_step", "timestamp": 1769646255.2102058, "step": 829, "max_steps": 938, "loss": 5.212508678436279, "elapsed_time": 78.16434288024902, "prnt": false}
{"event": "training_step", "timestamp": 1769646255.2961624, "step": 830, "max_steps": 938, "loss": 5.214042663574219, "elapsed_time": 78.25016283988953, "prnt": false}
{"event": "training_step", "timestamp": 1769646255.3824177, "step": 831, "max_steps": 938, "loss": 5.232231140136719, "elapsed_time": 78.33629560470581, "prnt": false}
{"event": "training_step", "timestamp": 1769646255.4684165, "step": 832, "max_steps": 938, "loss": 5.15938138961792, "elapsed_time": 78.42246127128601, "prnt": false}
{"event": "training_step", "timestamp": 1769646255.5544753, "step": 833, "max_steps": 938, "loss": 5.148427486419678, "elapsed_time": 78.5088632106781, "prnt": false}
{"event": "training_step", "timestamp": 1769646255.6404397, "step": 834, "max_steps": 938, "loss": 5.129831314086914, "elapsed_time": 78.59470295906067, "prnt": false}
{"event": "training_step", "timestamp": 1769646255.726577, "step": 835, "max_steps": 938, "loss": 5.207184314727783, "elapsed_time": 78.68068623542786, "prnt": false}
{"event": "training_step", "timestamp": 1769646255.8124363, "step": 836, "max_steps": 938, "loss": 5.195894718170166, "elapsed_time": 78.76662278175354, "prnt": false}
{"event": "validation_step", "timestamp": 1769646256.2017725, "step": 836, "max_steps": 938, "loss": 1.2634047551306233, "elapsed_time": 78.76662278175354}
{"event": "training_step", "timestamp": 1769646256.288124, "step": 837, "max_steps": 938, "loss": 5.151013374328613, "elapsed_time": 79.24220037460327, "prnt": false}
{"event": "training_step", "timestamp": 1769646256.374016, "step": 838, "max_steps": 938, "loss": 5.153080940246582, "elapsed_time": 79.32822346687317, "prnt": false}
{"event": "training_step", "timestamp": 1769646256.4600983, "step": 839, "max_steps": 938, "loss": 5.141782283782959, "elapsed_time": 79.41418218612671, "prnt": false}
{"event": "training_step", "timestamp": 1769646256.5461931, "step": 840, "max_steps": 938, "loss": 5.1931281089782715, "elapsed_time": 79.5001482963562, "prnt": false}
{"event": "training_step", "timestamp": 1769646256.6321874, "step": 841, "max_steps": 938, "loss": 5.170379161834717, "elapsed_time": 79.5863401889801, "prnt": false}
{"event": "training_step", "timestamp": 1769646256.718021, "step": 842, "max_steps": 938, "loss": 5.177536487579346, "elapsed_time": 79.67226338386536, "prnt": false}
{"event": "training_step", "timestamp": 1769646256.8043358, "step": 843, "max_steps": 938, "loss": 5.226104259490967, "elapsed_time": 79.75811672210693, "prnt": false}
{"event": "training_step", "timestamp": 1769646256.8903058, "step": 844, "max_steps": 938, "loss": 5.1602020263671875, "elapsed_time": 79.84435796737671, "prnt": false}
{"event": "training_step", "timestamp": 1769646256.9762447, "step": 845, "max_steps": 938, "loss": 5.195326805114746, "elapsed_time": 79.9303708076477, "prnt": false}
{"event": "training_step", "timestamp": 1769646257.0622184, "step": 846, "max_steps": 938, "loss": 5.2012152671813965, "elapsed_time": 80.01623106002808, "prnt": false}
{"event": "training_step", "timestamp": 1769646257.148309, "step": 847, "max_steps": 938, "loss": 5.2506632804870605, "elapsed_time": 80.10246324539185, "prnt": false}
{"event": "training_step", "timestamp": 1769646257.2342215, "step": 848, "max_steps": 938, "loss": 5.211448669433594, "elapsed_time": 80.18835306167603, "prnt": false}
{"event": "training_step", "timestamp": 1769646257.32027, "step": 849, "max_steps": 938, "loss": 5.122379302978516, "elapsed_time": 80.27442860603333, "prnt": false}
{"event": "training_step", "timestamp": 1769646257.4062455, "step": 850, "max_steps": 938, "loss": 5.17703914642334, "elapsed_time": 80.36027479171753, "prnt": false}
{"event": "training_step", "timestamp": 1769646257.4922638, "step": 851, "max_steps": 938, "loss": 5.180286884307861, "elapsed_time": 80.44632816314697, "prnt": false}
{"event": "training_step", "timestamp": 1769646257.5783155, "step": 852, "max_steps": 938, "loss": 5.167027473449707, "elapsed_time": 80.53295540809631, "prnt": false}
{"event": "training_step", "timestamp": 1769646257.6644838, "step": 853, "max_steps": 938, "loss": 5.215378284454346, "elapsed_time": 80.6187572479248, "prnt": false}
{"event": "training_step", "timestamp": 1769646257.7504277, "step": 854, "max_steps": 938, "loss": 5.182437896728516, "elapsed_time": 80.7046422958374, "prnt": false}
{"event": "training_step", "timestamp": 1769646257.8364353, "step": 855, "max_steps": 938, "loss": 5.234803676605225, "elapsed_time": 80.79057192802429, "prnt": false}
{"event": "training_step", "timestamp": 1769646257.922398, "step": 856, "max_steps": 938, "loss": 5.292932987213135, "elapsed_time": 80.87668490409851, "prnt": false}
{"event": "training_step", "timestamp": 1769646258.0084023, "step": 857, "max_steps": 938, "loss": 5.233795642852783, "elapsed_time": 80.96249890327454, "prnt": false}
{"event": "training_step", "timestamp": 1769646258.094309, "step": 858, "max_steps": 938, "loss": 5.196975231170654, "elapsed_time": 81.0484299659729, "prnt": false}
{"event": "training_step", "timestamp": 1769646258.1805828, "step": 859, "max_steps": 938, "loss": 5.114361763000488, "elapsed_time": 81.13439059257507, "prnt": false}
{"event": "training_step", "timestamp": 1769646258.2665823, "step": 860, "max_steps": 938, "loss": 5.162656784057617, "elapsed_time": 81.22061085700989, "prnt": false}
{"event": "training_step", "timestamp": 1769646258.3525956, "step": 861, "max_steps": 938, "loss": 5.149228572845459, "elapsed_time": 81.30699634552002, "prnt": false}
{"event": "training_step", "timestamp": 1769646258.4386308, "step": 862, "max_steps": 938, "loss": 5.1119585037231445, "elapsed_time": 81.39266276359558, "prnt": false}
{"event": "training_step", "timestamp": 1769646258.524817, "step": 863, "max_steps": 938, "loss": 5.174252510070801, "elapsed_time": 81.47904133796692, "prnt": false}
{"event": "training_step", "timestamp": 1769646258.6107635, "step": 864, "max_steps": 938, "loss": 5.096034526824951, "elapsed_time": 81.56491756439209, "prnt": false}
{"event": "training_step", "timestamp": 1769646258.6967826, "step": 865, "max_steps": 938, "loss": 5.180074214935303, "elapsed_time": 81.65116095542908, "prnt": false}
{"event": "training_step", "timestamp": 1769646258.78271, "step": 866, "max_steps": 938, "loss": 5.209360122680664, "elapsed_time": 81.73694467544556, "prnt": false}
{"event": "training_step", "timestamp": 1769646258.8688846, "step": 867, "max_steps": 938, "loss": 5.12887716293335, "elapsed_time": 81.82302284240723, "prnt": false}
{"event": "training_step", "timestamp": 1769646258.9548223, "step": 868, "max_steps": 938, "loss": 5.147205352783203, "elapsed_time": 81.90890121459961, "prnt": false}
{"event": "training_step", "timestamp": 1769646259.041014, "step": 869, "max_steps": 938, "loss": 5.15159797668457, "elapsed_time": 81.99500775337219, "prnt": false}
{"event": "training_step", "timestamp": 1769646259.1270692, "step": 870, "max_steps": 938, "loss": 5.115014553070068, "elapsed_time": 82.08102750778198, "prnt": false}
{"event": "training_step", "timestamp": 1769646259.2130191, "step": 871, "max_steps": 938, "loss": 5.1883015632629395, "elapsed_time": 82.16718792915344, "prnt": false}
{"event": "training_step", "timestamp": 1769646259.2989666, "step": 872, "max_steps": 938, "loss": 5.188938617706299, "elapsed_time": 82.25302457809448, "prnt": false}
{"event": "training_step", "timestamp": 1769646259.3851635, "step": 873, "max_steps": 938, "loss": 5.158783912658691, "elapsed_time": 82.33912348747253, "prnt": false}
{"event": "training_step", "timestamp": 1769646259.471095, "step": 874, "max_steps": 938, "loss": 5.151440143585205, "elapsed_time": 82.42552399635315, "prnt": false}
{"event": "training_step", "timestamp": 1769646259.5571682, "step": 875, "max_steps": 938, "loss": 5.169003486633301, "elapsed_time": 82.51130270957947, "prnt": false}
{"event": "training_step", "timestamp": 1769646259.6435359, "step": 876, "max_steps": 938, "loss": 5.205136299133301, "elapsed_time": 82.5980932712555, "prnt": false}
{"event": "training_step", "timestamp": 1769646259.7296455, "step": 877, "max_steps": 938, "loss": 5.233497619628906, "elapsed_time": 82.68379497528076, "prnt": false}
{"event": "training_step", "timestamp": 1769646259.815604, "step": 878, "max_steps": 938, "loss": 5.150245666503906, "elapsed_time": 82.76972126960754, "prnt": false}
{"event": "training_step", "timestamp": 1769646259.9017005, "step": 879, "max_steps": 938, "loss": 5.249807834625244, "elapsed_time": 82.85579800605774, "prnt": false}
{"event": "training_step", "timestamp": 1769646259.987699, "step": 880, "max_steps": 938, "loss": 5.14199161529541, "elapsed_time": 82.94180607795715, "prnt": false}
{"event": "validation_step", "timestamp": 1769646260.3772, "step": 880, "max_steps": 938, "loss": 1.2629253704304362, "elapsed_time": 82.94180607795715}
{"event": "training_step", "timestamp": 1769646260.4638207, "step": 881, "max_steps": 938, "loss": 5.116959571838379, "elapsed_time": 83.41814041137695, "prnt": false}
{"event": "training_step", "timestamp": 1769646260.549874, "step": 882, "max_steps": 938, "loss": 5.139742374420166, "elapsed_time": 83.50412583351135, "prnt": false}
{"event": "training_step", "timestamp": 1769646260.6358728, "step": 883, "max_steps": 938, "loss": 5.160483360290527, "elapsed_time": 83.590096950531, "prnt": false}
{"event": "training_step", "timestamp": 1769646260.721857, "step": 884, "max_steps": 938, "loss": 5.195272922515869, "elapsed_time": 83.67589712142944, "prnt": false}
{"event": "training_step", "timestamp": 1769646260.8079047, "step": 885, "max_steps": 938, "loss": 5.143538951873779, "elapsed_time": 83.76201272010803, "prnt": false}
{"event": "training_step", "timestamp": 1769646260.8938155, "step": 886, "max_steps": 938, "loss": 5.112663269042969, "elapsed_time": 83.84796714782715, "prnt": false}
{"event": "training_step", "timestamp": 1769646260.9798796, "step": 887, "max_steps": 938, "loss": 5.132899284362793, "elapsed_time": 83.93394732475281, "prnt": false}
{"event": "training_step", "timestamp": 1769646261.0659251, "step": 888, "max_steps": 938, "loss": 5.126456260681152, "elapsed_time": 84.01984739303589, "prnt": false}
{"event": "training_step", "timestamp": 1769646261.1519957, "step": 889, "max_steps": 938, "loss": 5.136039733886719, "elapsed_time": 84.10616183280945, "prnt": false}
{"event": "training_step", "timestamp": 1769646261.2379215, "step": 890, "max_steps": 938, "loss": 5.194188594818115, "elapsed_time": 84.19204378128052, "prnt": false}
{"event": "training_step", "timestamp": 1769646261.3241012, "step": 891, "max_steps": 938, "loss": 5.223567008972168, "elapsed_time": 84.27808451652527, "prnt": false}
{"event": "training_step", "timestamp": 1769646261.4100912, "step": 892, "max_steps": 938, "loss": 5.2031660079956055, "elapsed_time": 84.3641197681427, "prnt": false}
{"event": "training_step", "timestamp": 1769646261.4962308, "step": 893, "max_steps": 938, "loss": 5.124581813812256, "elapsed_time": 84.4503104686737, "prnt": false}
{"event": "training_step", "timestamp": 1769646261.582252, "step": 894, "max_steps": 938, "loss": 5.2128472328186035, "elapsed_time": 84.53626036643982, "prnt": false}
{"event": "training_step", "timestamp": 1769646261.6685212, "step": 895, "max_steps": 938, "loss": 5.111059665679932, "elapsed_time": 84.62310075759888, "prnt": false}
{"event": "training_step", "timestamp": 1769646261.754578, "step": 896, "max_steps": 938, "loss": 5.143954277038574, "elapsed_time": 84.70872282981873, "prnt": false}
{"event": "training_step", "timestamp": 1769646261.8406649, "step": 897, "max_steps": 938, "loss": 5.154126167297363, "elapsed_time": 84.79488444328308, "prnt": false}
{"event": "training_step", "timestamp": 1769646261.9267037, "step": 898, "max_steps": 938, "loss": 5.14560079574585, "elapsed_time": 84.88075542449951, "prnt": false}
{"event": "training_step", "timestamp": 1769646262.0126958, "step": 899, "max_steps": 938, "loss": 5.181746482849121, "elapsed_time": 84.96681189537048, "prnt": false}
{"event": "training_step", "timestamp": 1769646262.0988138, "step": 900, "max_steps": 938, "loss": 5.1338324546813965, "elapsed_time": 85.05274057388306, "prnt": false}
{"event": "training_step", "timestamp": 1769646262.1849773, "step": 901, "max_steps": 938, "loss": 5.167672634124756, "elapsed_time": 85.13897681236267, "prnt": false}
{"event": "training_step", "timestamp": 1769646262.270977, "step": 902, "max_steps": 938, "loss": 5.19516658782959, "elapsed_time": 85.22511601448059, "prnt": false}
{"event": "training_step", "timestamp": 1769646262.3570428, "step": 903, "max_steps": 938, "loss": 5.170491695404053, "elapsed_time": 85.31110405921936, "prnt": false}
{"event": "training_step", "timestamp": 1769646262.4431055, "step": 904, "max_steps": 938, "loss": 5.169467926025391, "elapsed_time": 85.39708137512207, "prnt": false}
{"event": "training_step", "timestamp": 1769646262.5292754, "step": 905, "max_steps": 938, "loss": 5.1278557777404785, "elapsed_time": 85.48327660560608, "prnt": false}
{"event": "training_step", "timestamp": 1769646262.6150393, "step": 906, "max_steps": 938, "loss": 5.175975799560547, "elapsed_time": 85.56939840316772, "prnt": false}
{"event": "training_step", "timestamp": 1769646262.7012448, "step": 907, "max_steps": 938, "loss": 5.161284446716309, "elapsed_time": 85.65544271469116, "prnt": false}
{"event": "training_step", "timestamp": 1769646262.7873087, "step": 908, "max_steps": 938, "loss": 5.131250381469727, "elapsed_time": 85.74146842956543, "prnt": false}
{"event": "training_step", "timestamp": 1769646262.8733737, "step": 909, "max_steps": 938, "loss": 5.1567792892456055, "elapsed_time": 85.82756519317627, "prnt": false}
{"event": "training_step", "timestamp": 1769646262.95935, "step": 910, "max_steps": 938, "loss": 5.156517028808594, "elapsed_time": 85.91338324546814, "prnt": false}
{"event": "training_step", "timestamp": 1769646263.0454302, "step": 911, "max_steps": 938, "loss": 5.1633992195129395, "elapsed_time": 85.99960088729858, "prnt": false}
{"event": "training_step", "timestamp": 1769646263.1314192, "step": 912, "max_steps": 938, "loss": 5.184558391571045, "elapsed_time": 86.08566427230835, "prnt": false}
{"event": "training_step", "timestamp": 1769646263.2175088, "step": 913, "max_steps": 938, "loss": 5.122048854827881, "elapsed_time": 86.17172122001648, "prnt": false}
{"event": "training_step", "timestamp": 1769646263.3037155, "step": 914, "max_steps": 938, "loss": 5.145343780517578, "elapsed_time": 86.25784587860107, "prnt": false}
{"event": "training_step", "timestamp": 1769646263.38974, "step": 915, "max_steps": 938, "loss": 5.266542911529541, "elapsed_time": 86.3439564704895, "prnt": false}
{"event": "training_step", "timestamp": 1769646263.4756882, "step": 916, "max_steps": 938, "loss": 5.175469875335693, "elapsed_time": 86.42972660064697, "prnt": false}
{"event": "training_step", "timestamp": 1769646263.5619056, "step": 917, "max_steps": 938, "loss": 5.161561012268066, "elapsed_time": 86.51580166816711, "prnt": false}
{"event": "training_step", "timestamp": 1769646263.6481345, "step": 918, "max_steps": 938, "loss": 5.173949718475342, "elapsed_time": 86.60271048545837, "prnt": false}
{"event": "training_step", "timestamp": 1769646263.7343352, "step": 919, "max_steps": 938, "loss": 5.16076135635376, "elapsed_time": 86.6885757446289, "prnt": false}
{"event": "training_step", "timestamp": 1769646263.8203604, "step": 920, "max_steps": 938, "loss": 5.21954345703125, "elapsed_time": 86.77457737922668, "prnt": false}
{"event": "training_step", "timestamp": 1769646263.9064596, "step": 921, "max_steps": 938, "loss": 5.1862874031066895, "elapsed_time": 86.86041593551636, "prnt": false}
{"event": "training_step", "timestamp": 1769646263.9926279, "step": 922, "max_steps": 938, "loss": 5.173027038574219, "elapsed_time": 86.94657158851624, "prnt": false}
{"event": "training_step", "timestamp": 1769646264.0788112, "step": 923, "max_steps": 938, "loss": 5.187863349914551, "elapsed_time": 87.03286051750183, "prnt": false}
{"event": "training_step", "timestamp": 1769646264.164967, "step": 924, "max_steps": 938, "loss": 5.314101219177246, "elapsed_time": 87.11905217170715, "prnt": false}
{"event": "validation_step", "timestamp": 1769646264.55461, "step": 924, "max_steps": 938, "loss": 1.2629327601145368, "elapsed_time": 87.11905217170715}
{"event": "training_step", "timestamp": 1769646264.6411114, "step": 925, "max_steps": 938, "loss": 5.178213596343994, "elapsed_time": 87.59516930580139, "prnt": false}
{"event": "training_step", "timestamp": 1769646264.7271428, "step": 926, "max_steps": 938, "loss": 5.1649322509765625, "elapsed_time": 87.6811592578888, "prnt": false}
{"event": "training_step", "timestamp": 1769646264.8132322, "step": 927, "max_steps": 938, "loss": 5.201350688934326, "elapsed_time": 87.76740741729736, "prnt": false}
{"event": "training_step", "timestamp": 1769646264.899317, "step": 928, "max_steps": 938, "loss": 5.160834789276123, "elapsed_time": 87.85330128669739, "prnt": false}
{"event": "training_step", "timestamp": 1769646264.985457, "step": 929, "max_steps": 938, "loss": 5.188361644744873, "elapsed_time": 87.93941712379456, "prnt": false}
{"event": "training_step", "timestamp": 1769646265.0714755, "step": 930, "max_steps": 938, "loss": 5.159346103668213, "elapsed_time": 88.02575016021729, "prnt": false}
{"event": "training_step", "timestamp": 1769646265.1577508, "step": 931, "max_steps": 938, "loss": 5.136487007141113, "elapsed_time": 88.11172103881836, "prnt": false}
{"event": "training_step", "timestamp": 1769646265.2438781, "step": 932, "max_steps": 938, "loss": 5.232222557067871, "elapsed_time": 88.19783306121826, "prnt": false}
{"event": "training_step", "timestamp": 1769646265.330058, "step": 933, "max_steps": 938, "loss": 5.198061943054199, "elapsed_time": 88.28430724143982, "prnt": false}
{"event": "training_step", "timestamp": 1769646265.4160202, "step": 934, "max_steps": 938, "loss": 5.191587924957275, "elapsed_time": 88.37010216712952, "prnt": false}
{"event": "training_step", "timestamp": 1769646265.5022995, "step": 935, "max_steps": 938, "loss": 5.129805088043213, "elapsed_time": 88.45671558380127, "prnt": false}
{"event": "training_step", "timestamp": 1769646265.5882435, "step": 936, "max_steps": 938, "loss": 5.144594192504883, "elapsed_time": 88.54226779937744, "prnt": false}
{"event": "training_step", "timestamp": 1769646265.6744893, "step": 937, "max_steps": 938, "loss": 5.139137268066406, "elapsed_time": 88.62903237342834, "prnt": false}
{"event": "training_step", "timestamp": 1769646265.7605278, "step": 938, "max_steps": 938, "loss": 5.185362815856934, "elapsed_time": 88.71463704109192, "prnt": false}
{"event": "validation_step", "timestamp": 1769646266.1503453, "step": 938, "max_steps": 938, "loss": 1.2629201778773862, "elapsed_time": 88.71463704109192}
