{"event": "hyperparameters_configured", "timestamp": 1769649105.097216, "block_size": 64, "vocab_size": 16000, "n_layer": 8, "n_head": 9, "d_model": 576, "dropout": 0.0, "mlp_ratio": 5.0, "activation": "gelu", "residual_scaling": true, "batch_size": 128, "lr": 0.0003, "weight_decay": 0.1, "evals_per_epoch": 3, "batch_mode": "random", "optimizer": "adamw", "scheduler": "warmup_cosine", "warmup_fraction": 0.05, "normalizer": "none", "pre_tokenizer": "bytelevel", "eos_handling": "tokenize_append", "min_frequency": 1, "domain_tokens": false, "epochs": 7, "seed": 1337, "num_titles": 100000, "val_frac": 0.1, "log_file": "./logs/exp-eos-fix.log"}
{"event": "device_info", "timestamp": 1769649105.1143064, "device": "cuda"}
{"event": "dataset_info", "timestamp": 1769649114.667716, "titles_count": 90000, "epochs": 7, "batches_per_epoch": 134, "tokens_per_epoch": 1102455, "vocab_size": 16000}
{"event": "model_info", "timestamp": 1769649115.1424174, "parameters_count": 46477440}
{"event": "training_step", "timestamp": 1769649115.782507, "step": 1, "max_steps": 938, "loss": 9.777120590209961, "elapsed_time": 0.2274458408355713, "prnt": false}
{"event": "validation_step", "timestamp": 1769649116.1640255, "step": 1, "max_steps": 938, "loss": 2.103012899444284, "elapsed_time": 0.2274458408355713}
{"event": "training_step", "timestamp": 1769649116.2485423, "step": 2, "max_steps": 938, "loss": 9.784997940063477, "elapsed_time": 0.6169822216033936, "prnt": false}
{"event": "training_step", "timestamp": 1769649116.3329234, "step": 3, "max_steps": 938, "loss": 9.632843971252441, "elapsed_time": 0.7007911205291748, "prnt": false}
{"event": "training_step", "timestamp": 1769649116.417194, "step": 4, "max_steps": 938, "loss": 9.402644157409668, "elapsed_time": 0.7851006984710693, "prnt": false}
{"event": "training_step", "timestamp": 1769649116.5014365, "step": 5, "max_steps": 938, "loss": 9.21054458618164, "elapsed_time": 0.8694884777069092, "prnt": false}
{"event": "training_step", "timestamp": 1769649116.585844, "step": 6, "max_steps": 938, "loss": 9.071518898010254, "elapsed_time": 0.9536881446838379, "prnt": false}
{"event": "training_step", "timestamp": 1769649116.670287, "step": 7, "max_steps": 938, "loss": 8.984612464904785, "elapsed_time": 1.0380229949951172, "prnt": false}
{"event": "training_step", "timestamp": 1769649116.7546058, "step": 8, "max_steps": 938, "loss": 8.918872833251953, "elapsed_time": 1.1225371360778809, "prnt": false}
{"event": "training_step", "timestamp": 1769649116.8389165, "step": 9, "max_steps": 938, "loss": 8.863228797912598, "elapsed_time": 1.2066996097564697, "prnt": false}
{"event": "training_step", "timestamp": 1769649116.9230008, "step": 10, "max_steps": 938, "loss": 8.829596519470215, "elapsed_time": 1.291261911392212, "prnt": false}
{"event": "training_step", "timestamp": 1769649117.0072048, "step": 11, "max_steps": 938, "loss": 8.797456741333008, "elapsed_time": 1.375087022781372, "prnt": false}
{"event": "training_step", "timestamp": 1769649117.0916152, "step": 12, "max_steps": 938, "loss": 8.741800308227539, "elapsed_time": 1.459498405456543, "prnt": false}
{"event": "training_step", "timestamp": 1769649117.1757312, "step": 13, "max_steps": 938, "loss": 8.730154037475586, "elapsed_time": 1.5436429977416992, "prnt": false}
{"event": "training_step", "timestamp": 1769649117.2605753, "step": 14, "max_steps": 938, "loss": 8.65871524810791, "elapsed_time": 1.6279542446136475, "prnt": false}
{"event": "training_step", "timestamp": 1769649117.3452349, "step": 15, "max_steps": 938, "loss": 8.645822525024414, "elapsed_time": 1.712763786315918, "prnt": false}
{"event": "training_step", "timestamp": 1769649117.4301128, "step": 16, "max_steps": 938, "loss": 8.572426795959473, "elapsed_time": 1.7974421977996826, "prnt": false}
{"event": "training_step", "timestamp": 1769649117.5149622, "step": 17, "max_steps": 938, "loss": 8.526704788208008, "elapsed_time": 1.8826308250427246, "prnt": false}
{"event": "training_step", "timestamp": 1769649117.5997517, "step": 18, "max_steps": 938, "loss": 8.47598934173584, "elapsed_time": 1.9674220085144043, "prnt": false}
{"event": "training_step", "timestamp": 1769649117.6845286, "step": 19, "max_steps": 938, "loss": 8.390055656433105, "elapsed_time": 2.052220106124878, "prnt": false}
{"event": "training_step", "timestamp": 1769649117.7692025, "step": 20, "max_steps": 938, "loss": 8.336894035339355, "elapsed_time": 2.136709451675415, "prnt": false}
{"event": "training_step", "timestamp": 1769649117.8535392, "step": 21, "max_steps": 938, "loss": 8.294703483581543, "elapsed_time": 2.221386671066284, "prnt": false}
{"event": "training_step", "timestamp": 1769649117.9378765, "step": 22, "max_steps": 938, "loss": 8.243508338928223, "elapsed_time": 2.305828332901001, "prnt": false}
{"event": "training_step", "timestamp": 1769649118.022291, "step": 23, "max_steps": 938, "loss": 8.207615852355957, "elapsed_time": 2.3899669647216797, "prnt": false}
{"event": "training_step", "timestamp": 1769649118.1067026, "step": 24, "max_steps": 938, "loss": 8.155426025390625, "elapsed_time": 2.4745357036590576, "prnt": false}
{"event": "training_step", "timestamp": 1769649118.1910565, "step": 25, "max_steps": 938, "loss": 8.045971870422363, "elapsed_time": 2.558833360671997, "prnt": false}
{"event": "training_step", "timestamp": 1769649118.2753654, "step": 26, "max_steps": 938, "loss": 8.0347900390625, "elapsed_time": 2.6433191299438477, "prnt": false}
{"event": "training_step", "timestamp": 1769649118.359558, "step": 27, "max_steps": 938, "loss": 7.977503299713135, "elapsed_time": 2.727489948272705, "prnt": false}
{"event": "training_step", "timestamp": 1769649118.4438038, "step": 28, "max_steps": 938, "loss": 7.939157962799072, "elapsed_time": 2.8117709159851074, "prnt": false}
{"event": "training_step", "timestamp": 1769649118.5281744, "step": 29, "max_steps": 938, "loss": 7.906426906585693, "elapsed_time": 2.896026611328125, "prnt": false}
{"event": "training_step", "timestamp": 1769649118.6126525, "step": 30, "max_steps": 938, "loss": 7.793886184692383, "elapsed_time": 2.980393648147583, "prnt": false}
{"event": "training_step", "timestamp": 1769649118.6970513, "step": 31, "max_steps": 938, "loss": 7.774261474609375, "elapsed_time": 3.0650641918182373, "prnt": false}
{"event": "training_step", "timestamp": 1769649118.7813618, "step": 32, "max_steps": 938, "loss": 7.713907241821289, "elapsed_time": 3.149141550064087, "prnt": false}
{"event": "training_step", "timestamp": 1769649118.865828, "step": 33, "max_steps": 938, "loss": 7.711880207061768, "elapsed_time": 3.2334792613983154, "prnt": false}
{"event": "training_step", "timestamp": 1769649118.9503803, "step": 34, "max_steps": 938, "loss": 7.573122978210449, "elapsed_time": 3.3181135654449463, "prnt": false}
{"event": "training_step", "timestamp": 1769649119.034599, "step": 35, "max_steps": 938, "loss": 7.598668098449707, "elapsed_time": 3.4024975299835205, "prnt": false}
{"event": "training_step", "timestamp": 1769649119.1189327, "step": 36, "max_steps": 938, "loss": 7.57223653793335, "elapsed_time": 3.486752986907959, "prnt": false}
{"event": "training_step", "timestamp": 1769649119.2031596, "step": 37, "max_steps": 938, "loss": 7.490436553955078, "elapsed_time": 3.571045160293579, "prnt": false}
{"event": "training_step", "timestamp": 1769649119.287599, "step": 38, "max_steps": 938, "loss": 7.49261999130249, "elapsed_time": 3.6556479930877686, "prnt": false}
{"event": "training_step", "timestamp": 1769649119.371978, "step": 39, "max_steps": 938, "loss": 7.486140727996826, "elapsed_time": 3.7397141456604004, "prnt": false}
{"event": "training_step", "timestamp": 1769649119.4563384, "step": 40, "max_steps": 938, "loss": 7.387240886688232, "elapsed_time": 3.824216365814209, "prnt": false}
{"event": "training_step", "timestamp": 1769649119.5408583, "step": 41, "max_steps": 938, "loss": 7.4846625328063965, "elapsed_time": 3.9090819358825684, "prnt": false}
{"event": "training_step", "timestamp": 1769649119.6255486, "step": 42, "max_steps": 938, "loss": 7.441256999969482, "elapsed_time": 3.9931957721710205, "prnt": false}
{"event": "training_step", "timestamp": 1769649119.710116, "step": 43, "max_steps": 938, "loss": 7.368945121765137, "elapsed_time": 4.077579498291016, "prnt": false}
{"event": "training_step", "timestamp": 1769649119.794521, "step": 44, "max_steps": 938, "loss": 7.378964424133301, "elapsed_time": 4.1623170375823975, "prnt": false}
{"event": "validation_step", "timestamp": 1769649120.177036, "step": 44, "max_steps": 938, "loss": 1.5884858131541006, "elapsed_time": 4.1623170375823975}
{"event": "training_step", "timestamp": 1769649120.261777, "step": 45, "max_steps": 938, "loss": 7.357564449310303, "elapsed_time": 4.629397630691528, "prnt": false}
{"event": "training_step", "timestamp": 1769649120.3462474, "step": 46, "max_steps": 938, "loss": 7.383948802947998, "elapsed_time": 4.714007377624512, "prnt": false}
{"event": "training_step", "timestamp": 1769649120.4306836, "step": 47, "max_steps": 938, "loss": 7.310745716094971, "elapsed_time": 4.798321962356567, "prnt": false}
{"event": "training_step", "timestamp": 1769649120.5149426, "step": 48, "max_steps": 938, "loss": 7.349937915802002, "elapsed_time": 4.8828535079956055, "prnt": false}
{"event": "training_step", "timestamp": 1769649120.5992267, "step": 49, "max_steps": 938, "loss": 7.239550590515137, "elapsed_time": 4.967088937759399, "prnt": false}
{"event": "training_step", "timestamp": 1769649120.6837525, "step": 50, "max_steps": 938, "loss": 7.255876541137695, "elapsed_time": 5.051746606826782, "prnt": false}
{"event": "training_step", "timestamp": 1769649120.7681847, "step": 51, "max_steps": 938, "loss": 7.330291271209717, "elapsed_time": 5.135833978652954, "prnt": false}
{"event": "training_step", "timestamp": 1769649120.8526611, "step": 52, "max_steps": 938, "loss": 7.229701995849609, "elapsed_time": 5.220529556274414, "prnt": false}
{"event": "training_step", "timestamp": 1769649120.937015, "step": 53, "max_steps": 938, "loss": 7.296879291534424, "elapsed_time": 5.305042743682861, "prnt": false}
{"event": "training_step", "timestamp": 1769649121.0215342, "step": 54, "max_steps": 938, "loss": 7.305716037750244, "elapsed_time": 5.38923978805542, "prnt": false}
{"event": "training_step", "timestamp": 1769649121.1059325, "step": 55, "max_steps": 938, "loss": 7.243472099304199, "elapsed_time": 5.473998308181763, "prnt": false}
{"event": "training_step", "timestamp": 1769649121.1905172, "step": 56, "max_steps": 938, "loss": 7.227372646331787, "elapsed_time": 5.558223009109497, "prnt": false}
{"event": "training_step", "timestamp": 1769649121.2747707, "step": 57, "max_steps": 938, "loss": 7.248598575592041, "elapsed_time": 5.642612934112549, "prnt": false}
{"event": "training_step", "timestamp": 1769649121.3591595, "step": 58, "max_steps": 938, "loss": 7.2311201095581055, "elapsed_time": 5.726940393447876, "prnt": false}
{"event": "training_step", "timestamp": 1769649121.4435642, "step": 59, "max_steps": 938, "loss": 7.19625997543335, "elapsed_time": 5.8112266063690186, "prnt": false}
{"event": "training_step", "timestamp": 1769649121.5283701, "step": 60, "max_steps": 938, "loss": 7.175851345062256, "elapsed_time": 5.896278619766235, "prnt": false}
{"event": "training_step", "timestamp": 1769649121.612826, "step": 61, "max_steps": 938, "loss": 7.161105632781982, "elapsed_time": 5.980431318283081, "prnt": false}
{"event": "training_step", "timestamp": 1769649121.6972878, "step": 62, "max_steps": 938, "loss": 7.146968364715576, "elapsed_time": 6.065119981765747, "prnt": false}
{"event": "training_step", "timestamp": 1769649121.7816038, "step": 63, "max_steps": 938, "loss": 7.20139217376709, "elapsed_time": 6.149416208267212, "prnt": false}
{"event": "training_step", "timestamp": 1769649121.866158, "step": 64, "max_steps": 938, "loss": 7.1299028396606445, "elapsed_time": 6.234050512313843, "prnt": false}
{"event": "training_step", "timestamp": 1769649121.9507086, "step": 65, "max_steps": 938, "loss": 7.1595048904418945, "elapsed_time": 6.3184120655059814, "prnt": false}
{"event": "training_step", "timestamp": 1769649122.0351148, "step": 66, "max_steps": 938, "loss": 7.1536359786987305, "elapsed_time": 6.4029858112335205, "prnt": false}
{"event": "training_step", "timestamp": 1769649122.1194687, "step": 67, "max_steps": 938, "loss": 7.108798980712891, "elapsed_time": 6.487304925918579, "prnt": false}
{"event": "training_step", "timestamp": 1769649122.203916, "step": 68, "max_steps": 938, "loss": 7.111625671386719, "elapsed_time": 6.571634292602539, "prnt": false}
{"event": "training_step", "timestamp": 1769649122.2886262, "step": 69, "max_steps": 938, "loss": 7.064059734344482, "elapsed_time": 6.656384706497192, "prnt": false}
{"event": "training_step", "timestamp": 1769649122.3731532, "step": 70, "max_steps": 938, "loss": 7.091347694396973, "elapsed_time": 6.740964889526367, "prnt": false}
{"event": "training_step", "timestamp": 1769649122.4574907, "step": 71, "max_steps": 938, "loss": 6.9873127937316895, "elapsed_time": 6.825293779373169, "prnt": false}
{"event": "training_step", "timestamp": 1769649122.5420017, "step": 72, "max_steps": 938, "loss": 6.996521949768066, "elapsed_time": 6.909728050231934, "prnt": false}
{"event": "training_step", "timestamp": 1769649122.626422, "step": 73, "max_steps": 938, "loss": 7.109248161315918, "elapsed_time": 6.994044303894043, "prnt": false}
{"event": "training_step", "timestamp": 1769649122.711122, "step": 74, "max_steps": 938, "loss": 7.018998622894287, "elapsed_time": 7.078675985336304, "prnt": false}
{"event": "training_step", "timestamp": 1769649122.7954767, "step": 75, "max_steps": 938, "loss": 7.109438896179199, "elapsed_time": 7.163217067718506, "prnt": false}
{"event": "training_step", "timestamp": 1769649122.8798692, "step": 76, "max_steps": 938, "loss": 7.0388264656066895, "elapsed_time": 7.247749090194702, "prnt": false}
{"event": "training_step", "timestamp": 1769649122.9644797, "step": 77, "max_steps": 938, "loss": 6.963557720184326, "elapsed_time": 7.33192253112793, "prnt": false}
{"event": "training_step", "timestamp": 1769649123.0491035, "step": 78, "max_steps": 938, "loss": 6.983473300933838, "elapsed_time": 7.416728734970093, "prnt": false}
{"event": "training_step", "timestamp": 1769649123.1334183, "step": 79, "max_steps": 938, "loss": 7.0526299476623535, "elapsed_time": 7.50121283531189, "prnt": false}
{"event": "training_step", "timestamp": 1769649123.217868, "step": 80, "max_steps": 938, "loss": 6.96848201751709, "elapsed_time": 7.585474252700806, "prnt": false}
{"event": "training_step", "timestamp": 1769649123.3023593, "step": 81, "max_steps": 938, "loss": 6.948017597198486, "elapsed_time": 7.670145034790039, "prnt": false}
{"event": "training_step", "timestamp": 1769649123.3870027, "step": 82, "max_steps": 938, "loss": 6.86586856842041, "elapsed_time": 7.754514217376709, "prnt": false}
{"event": "training_step", "timestamp": 1769649123.4715261, "step": 83, "max_steps": 938, "loss": 6.97996187210083, "elapsed_time": 7.83902907371521, "prnt": false}
{"event": "training_step", "timestamp": 1769649123.5561755, "step": 84, "max_steps": 938, "loss": 6.93294620513916, "elapsed_time": 7.924594163894653, "prnt": false}
{"event": "training_step", "timestamp": 1769649123.6406398, "step": 85, "max_steps": 938, "loss": 6.9485063552856445, "elapsed_time": 8.008387565612793, "prnt": false}
{"event": "training_step", "timestamp": 1769649123.7252898, "step": 86, "max_steps": 938, "loss": 6.916723728179932, "elapsed_time": 8.092992067337036, "prnt": false}
{"event": "training_step", "timestamp": 1769649123.8099072, "step": 87, "max_steps": 938, "loss": 6.895840167999268, "elapsed_time": 8.177435636520386, "prnt": false}
{"event": "training_step", "timestamp": 1769649123.894446, "step": 88, "max_steps": 938, "loss": 6.873419284820557, "elapsed_time": 8.262276887893677, "prnt": false}
{"event": "validation_step", "timestamp": 1769649124.2770743, "step": 88, "max_steps": 938, "loss": 1.491867919964902, "elapsed_time": 8.262276887893677}
{"event": "training_step", "timestamp": 1769649124.3620615, "step": 89, "max_steps": 938, "loss": 6.868386268615723, "elapsed_time": 8.729417562484741, "prnt": false}
{"event": "training_step", "timestamp": 1769649124.4466166, "step": 90, "max_steps": 938, "loss": 6.863282203674316, "elapsed_time": 8.814378261566162, "prnt": false}
{"event": "training_step", "timestamp": 1769649124.531332, "step": 91, "max_steps": 938, "loss": 6.843469142913818, "elapsed_time": 8.89869499206543, "prnt": false}
{"event": "training_step", "timestamp": 1769649124.6159084, "step": 92, "max_steps": 938, "loss": 6.852581024169922, "elapsed_time": 8.983913898468018, "prnt": false}
{"event": "training_step", "timestamp": 1769649124.700498, "step": 93, "max_steps": 938, "loss": 6.829230308532715, "elapsed_time": 9.068028450012207, "prnt": false}
{"event": "training_step", "timestamp": 1769649124.7851508, "step": 94, "max_steps": 938, "loss": 6.82359504699707, "elapsed_time": 9.153013229370117, "prnt": false}
{"event": "training_step", "timestamp": 1769649124.8697708, "step": 95, "max_steps": 938, "loss": 6.938943386077881, "elapsed_time": 9.237201690673828, "prnt": false}
{"event": "training_step", "timestamp": 1769649124.9543295, "step": 96, "max_steps": 938, "loss": 6.861597537994385, "elapsed_time": 9.321958303451538, "prnt": false}
{"event": "training_step", "timestamp": 1769649125.0387323, "step": 97, "max_steps": 938, "loss": 6.793054103851318, "elapsed_time": 9.406517028808594, "prnt": false}
{"event": "training_step", "timestamp": 1769649125.1234274, "step": 98, "max_steps": 938, "loss": 6.847533702850342, "elapsed_time": 9.490943193435669, "prnt": false}
{"event": "training_step", "timestamp": 1769649125.2081, "step": 99, "max_steps": 938, "loss": 6.782942771911621, "elapsed_time": 9.575576305389404, "prnt": false}
{"event": "training_step", "timestamp": 1769649125.2926972, "step": 100, "max_steps": 938, "loss": 6.777405261993408, "elapsed_time": 9.660438060760498, "prnt": false}
{"event": "training_step", "timestamp": 1769649125.377218, "step": 101, "max_steps": 938, "loss": 6.7734150886535645, "elapsed_time": 9.744842052459717, "prnt": false}
{"event": "training_step", "timestamp": 1769649125.4618576, "step": 102, "max_steps": 938, "loss": 6.747961044311523, "elapsed_time": 9.829388618469238, "prnt": false}
{"event": "training_step", "timestamp": 1769649125.5466418, "step": 103, "max_steps": 938, "loss": 6.822417259216309, "elapsed_time": 9.914534568786621, "prnt": false}
{"event": "training_step", "timestamp": 1769649125.6314511, "step": 104, "max_steps": 938, "loss": 6.752992630004883, "elapsed_time": 9.999077081680298, "prnt": false}
{"event": "training_step", "timestamp": 1769649125.7159643, "step": 105, "max_steps": 938, "loss": 6.745010852813721, "elapsed_time": 10.083565711975098, "prnt": false}
{"event": "training_step", "timestamp": 1769649125.800591, "step": 106, "max_steps": 938, "loss": 6.819065093994141, "elapsed_time": 10.168152809143066, "prnt": false}
{"event": "training_step", "timestamp": 1769649125.8851635, "step": 107, "max_steps": 938, "loss": 6.768300533294678, "elapsed_time": 10.252732992172241, "prnt": false}
{"event": "training_step", "timestamp": 1769649125.9698453, "step": 108, "max_steps": 938, "loss": 6.763718605041504, "elapsed_time": 10.337487697601318, "prnt": false}
{"event": "training_step", "timestamp": 1769649126.054401, "step": 109, "max_steps": 938, "loss": 6.696923732757568, "elapsed_time": 10.421950340270996, "prnt": false}
{"event": "training_step", "timestamp": 1769649126.139179, "step": 110, "max_steps": 938, "loss": 6.7055511474609375, "elapsed_time": 10.506670951843262, "prnt": false}
{"event": "training_step", "timestamp": 1769649126.2238595, "step": 111, "max_steps": 938, "loss": 6.642431259155273, "elapsed_time": 10.591274976730347, "prnt": false}
{"event": "training_step", "timestamp": 1769649126.308672, "step": 112, "max_steps": 938, "loss": 6.724466800689697, "elapsed_time": 10.676058053970337, "prnt": false}
{"event": "training_step", "timestamp": 1769649126.393125, "step": 113, "max_steps": 938, "loss": 6.7569990158081055, "elapsed_time": 10.760839700698853, "prnt": false}
{"event": "training_step", "timestamp": 1769649126.4778104, "step": 114, "max_steps": 938, "loss": 6.667923450469971, "elapsed_time": 10.845357656478882, "prnt": false}
{"event": "training_step", "timestamp": 1769649126.5622008, "step": 115, "max_steps": 938, "loss": 6.724939346313477, "elapsed_time": 10.930036783218384, "prnt": false}
{"event": "training_step", "timestamp": 1769649126.6469953, "step": 116, "max_steps": 938, "loss": 6.7292351722717285, "elapsed_time": 11.014399528503418, "prnt": false}
{"event": "training_step", "timestamp": 1769649126.7317076, "step": 117, "max_steps": 938, "loss": 6.661931037902832, "elapsed_time": 11.099268913269043, "prnt": false}
{"event": "training_step", "timestamp": 1769649126.8162293, "step": 118, "max_steps": 938, "loss": 6.673145294189453, "elapsed_time": 11.18390941619873, "prnt": false}
{"event": "training_step", "timestamp": 1769649126.9007633, "step": 119, "max_steps": 938, "loss": 6.641883373260498, "elapsed_time": 11.268402338027954, "prnt": false}
{"event": "training_step", "timestamp": 1769649126.9854677, "step": 120, "max_steps": 938, "loss": 6.659658432006836, "elapsed_time": 11.35352087020874, "prnt": false}
{"event": "training_step", "timestamp": 1769649127.0700448, "step": 121, "max_steps": 938, "loss": 6.749595642089844, "elapsed_time": 11.437500238418579, "prnt": false}
{"event": "training_step", "timestamp": 1769649127.1546519, "step": 122, "max_steps": 938, "loss": 6.677389621734619, "elapsed_time": 11.522340059280396, "prnt": false}
{"event": "training_step", "timestamp": 1769649127.2391808, "step": 123, "max_steps": 938, "loss": 6.645979881286621, "elapsed_time": 11.606866836547852, "prnt": false}
{"event": "training_step", "timestamp": 1769649127.3239768, "step": 124, "max_steps": 938, "loss": 6.586981296539307, "elapsed_time": 11.691325902938843, "prnt": false}
{"event": "training_step", "timestamp": 1769649127.4088023, "step": 125, "max_steps": 938, "loss": 6.632055282592773, "elapsed_time": 11.776386976242065, "prnt": false}
{"event": "training_step", "timestamp": 1769649127.4933813, "step": 126, "max_steps": 938, "loss": 6.634666919708252, "elapsed_time": 11.860947847366333, "prnt": false}
{"event": "training_step", "timestamp": 1769649127.5780988, "step": 127, "max_steps": 938, "loss": 6.596053123474121, "elapsed_time": 11.946026802062988, "prnt": false}
{"event": "training_step", "timestamp": 1769649127.66317, "step": 128, "max_steps": 938, "loss": 6.673398971557617, "elapsed_time": 12.03044056892395, "prnt": false}
{"event": "training_step", "timestamp": 1769649127.7480154, "step": 129, "max_steps": 938, "loss": 6.634673595428467, "elapsed_time": 12.115328073501587, "prnt": false}
{"event": "training_step", "timestamp": 1769649127.83268, "step": 130, "max_steps": 938, "loss": 6.5400919914245605, "elapsed_time": 12.200233221054077, "prnt": false}
{"event": "training_step", "timestamp": 1769649127.9172447, "step": 131, "max_steps": 938, "loss": 6.607271671295166, "elapsed_time": 12.284780263900757, "prnt": false}
{"event": "training_step", "timestamp": 1769649128.0020752, "step": 132, "max_steps": 938, "loss": 6.623173713684082, "elapsed_time": 12.369391679763794, "prnt": false}
{"event": "validation_step", "timestamp": 1769649128.385951, "step": 132, "max_steps": 938, "loss": 1.436957638200129, "elapsed_time": 12.369391679763794}
{"event": "training_step", "timestamp": 1769649128.4711344, "step": 133, "max_steps": 938, "loss": 6.6287126541137695, "elapsed_time": 12.838240623474121, "prnt": false}
{"event": "training_step", "timestamp": 1769649128.5557477, "step": 134, "max_steps": 938, "loss": 6.5631890296936035, "elapsed_time": 12.923616647720337, "prnt": false}
{"event": "training_step", "timestamp": 1769649128.6404989, "step": 135, "max_steps": 938, "loss": 6.608712673187256, "elapsed_time": 13.00802493095398, "prnt": false}
{"event": "training_step", "timestamp": 1769649128.7251487, "step": 136, "max_steps": 938, "loss": 6.553069114685059, "elapsed_time": 13.09265685081482, "prnt": false}
{"event": "training_step", "timestamp": 1769649128.8099508, "step": 137, "max_steps": 938, "loss": 6.578737735748291, "elapsed_time": 13.177292108535767, "prnt": false}
{"event": "training_step", "timestamp": 1769649128.8945642, "step": 138, "max_steps": 938, "loss": 6.623901844024658, "elapsed_time": 13.26233696937561, "prnt": false}
{"event": "training_step", "timestamp": 1769649128.9792552, "step": 139, "max_steps": 938, "loss": 6.54850959777832, "elapsed_time": 13.346782922744751, "prnt": false}
{"event": "training_step", "timestamp": 1769649129.0639765, "step": 140, "max_steps": 938, "loss": 6.53903341293335, "elapsed_time": 13.431275606155396, "prnt": false}
{"event": "training_step", "timestamp": 1769649129.1488519, "step": 141, "max_steps": 938, "loss": 6.556929111480713, "elapsed_time": 13.516221284866333, "prnt": false}
{"event": "training_step", "timestamp": 1769649129.2335362, "step": 142, "max_steps": 938, "loss": 6.502027988433838, "elapsed_time": 13.600877285003662, "prnt": false}
{"event": "training_step", "timestamp": 1769649129.3182466, "step": 143, "max_steps": 938, "loss": 6.580132007598877, "elapsed_time": 13.68578314781189, "prnt": false}
{"event": "training_step", "timestamp": 1769649129.403089, "step": 144, "max_steps": 938, "loss": 6.578098773956299, "elapsed_time": 13.770315170288086, "prnt": false}
{"event": "training_step", "timestamp": 1769649129.4879904, "step": 145, "max_steps": 938, "loss": 6.535712242126465, "elapsed_time": 13.855459451675415, "prnt": false}
{"event": "training_step", "timestamp": 1769649129.5728478, "step": 146, "max_steps": 938, "loss": 6.489599704742432, "elapsed_time": 13.941285133361816, "prnt": false}
{"event": "training_step", "timestamp": 1769649129.6575606, "step": 147, "max_steps": 938, "loss": 6.510064601898193, "elapsed_time": 14.025420665740967, "prnt": false}
{"event": "training_step", "timestamp": 1769649129.742476, "step": 148, "max_steps": 938, "loss": 6.549414157867432, "elapsed_time": 14.109801292419434, "prnt": false}
{"event": "training_step", "timestamp": 1769649129.8273969, "step": 149, "max_steps": 938, "loss": 6.517498016357422, "elapsed_time": 14.194669008255005, "prnt": false}
{"event": "training_step", "timestamp": 1769649129.9120486, "step": 150, "max_steps": 938, "loss": 6.498781681060791, "elapsed_time": 14.279468536376953, "prnt": false}
{"event": "training_step", "timestamp": 1769649129.9967446, "step": 151, "max_steps": 938, "loss": 6.476014614105225, "elapsed_time": 14.364270687103271, "prnt": false}
{"event": "training_step", "timestamp": 1769649130.0815547, "step": 152, "max_steps": 938, "loss": 6.478477478027344, "elapsed_time": 14.448797464370728, "prnt": false}
{"event": "training_step", "timestamp": 1769649130.1665516, "step": 153, "max_steps": 938, "loss": 6.530241012573242, "elapsed_time": 14.533745050430298, "prnt": false}
{"event": "training_step", "timestamp": 1769649130.2512589, "step": 154, "max_steps": 938, "loss": 6.458934783935547, "elapsed_time": 14.618585348129272, "prnt": false}
{"event": "training_step", "timestamp": 1769649130.336024, "step": 155, "max_steps": 938, "loss": 6.468761920928955, "elapsed_time": 14.70350432395935, "prnt": false}
{"event": "training_step", "timestamp": 1769649130.4207993, "step": 156, "max_steps": 938, "loss": 6.487570762634277, "elapsed_time": 14.788175821304321, "prnt": false}
{"event": "training_step", "timestamp": 1769649130.5056963, "step": 157, "max_steps": 938, "loss": 6.561014175415039, "elapsed_time": 14.87293529510498, "prnt": false}
{"event": "training_step", "timestamp": 1769649130.5904787, "step": 158, "max_steps": 938, "loss": 6.448747634887695, "elapsed_time": 14.95787501335144, "prnt": false}
{"event": "training_step", "timestamp": 1769649130.6752517, "step": 159, "max_steps": 938, "loss": 6.482214450836182, "elapsed_time": 15.042807579040527, "prnt": false}
{"event": "training_step", "timestamp": 1769649130.7601452, "step": 160, "max_steps": 938, "loss": 6.486786842346191, "elapsed_time": 15.127372741699219, "prnt": false}
{"event": "training_step", "timestamp": 1769649130.8450332, "step": 161, "max_steps": 938, "loss": 6.429328441619873, "elapsed_time": 15.212480306625366, "prnt": false}
{"event": "training_step", "timestamp": 1769649130.9298599, "step": 162, "max_steps": 938, "loss": 6.4320902824401855, "elapsed_time": 15.297162532806396, "prnt": false}
{"event": "training_step", "timestamp": 1769649131.0145204, "step": 163, "max_steps": 938, "loss": 6.514700412750244, "elapsed_time": 15.381951332092285, "prnt": false}
{"event": "training_step", "timestamp": 1769649131.099205, "step": 164, "max_steps": 938, "loss": 6.3855061531066895, "elapsed_time": 15.466715335845947, "prnt": false}
{"event": "training_step", "timestamp": 1769649131.184282, "step": 165, "max_steps": 938, "loss": 6.494651794433594, "elapsed_time": 15.551384449005127, "prnt": false}
{"event": "training_step", "timestamp": 1769649131.2691011, "step": 166, "max_steps": 938, "loss": 6.4701104164123535, "elapsed_time": 15.636406898498535, "prnt": false}
{"event": "training_step", "timestamp": 1769649131.353954, "step": 167, "max_steps": 938, "loss": 6.53330659866333, "elapsed_time": 15.721354961395264, "prnt": false}
{"event": "training_step", "timestamp": 1769649131.4386845, "step": 168, "max_steps": 938, "loss": 6.436966419219971, "elapsed_time": 15.806132078170776, "prnt": false}
{"event": "training_step", "timestamp": 1769649131.5235898, "step": 169, "max_steps": 938, "loss": 6.425772666931152, "elapsed_time": 15.891148328781128, "prnt": false}
{"event": "training_step", "timestamp": 1769649131.6086254, "step": 170, "max_steps": 938, "loss": 6.422836780548096, "elapsed_time": 15.976542949676514, "prnt": false}
{"event": "training_step", "timestamp": 1769649131.6935494, "step": 171, "max_steps": 938, "loss": 6.424421310424805, "elapsed_time": 16.06122350692749, "prnt": false}
{"event": "training_step", "timestamp": 1769649131.7782228, "step": 172, "max_steps": 938, "loss": 6.377833366394043, "elapsed_time": 16.14574670791626, "prnt": false}
{"event": "training_step", "timestamp": 1769649131.8630185, "step": 173, "max_steps": 938, "loss": 6.33796501159668, "elapsed_time": 16.23043441772461, "prnt": false}
{"event": "training_step", "timestamp": 1769649131.947914, "step": 174, "max_steps": 938, "loss": 6.423851013183594, "elapsed_time": 16.315321922302246, "prnt": false}
{"event": "training_step", "timestamp": 1769649132.0325453, "step": 175, "max_steps": 938, "loss": 6.370354175567627, "elapsed_time": 16.40013360977173, "prnt": false}
{"event": "training_step", "timestamp": 1769649132.1172364, "step": 176, "max_steps": 938, "loss": 6.37715482711792, "elapsed_time": 16.48475456237793, "prnt": false}
{"event": "validation_step", "timestamp": 1769649132.5014248, "step": 176, "max_steps": 938, "loss": 1.4007507860456048, "elapsed_time": 16.48475456237793}
{"event": "training_step", "timestamp": 1769649132.5868208, "step": 177, "max_steps": 938, "loss": 6.376844882965088, "elapsed_time": 16.953808069229126, "prnt": false}
{"event": "training_step", "timestamp": 1769649132.6716647, "step": 178, "max_steps": 938, "loss": 6.318803310394287, "elapsed_time": 17.03899598121643, "prnt": false}
{"event": "training_step", "timestamp": 1769649132.7565212, "step": 179, "max_steps": 938, "loss": 6.394935131072998, "elapsed_time": 17.123920679092407, "prnt": false}
{"event": "training_step", "timestamp": 1769649132.8411763, "step": 180, "max_steps": 938, "loss": 6.356050491333008, "elapsed_time": 17.208598136901855, "prnt": false}
{"event": "training_step", "timestamp": 1769649132.9262164, "step": 181, "max_steps": 938, "loss": 6.392767429351807, "elapsed_time": 17.293527603149414, "prnt": false}
{"event": "training_step", "timestamp": 1769649133.0109515, "step": 182, "max_steps": 938, "loss": 6.395938396453857, "elapsed_time": 17.37822461128235, "prnt": false}
{"event": "training_step", "timestamp": 1769649133.0957994, "step": 183, "max_steps": 938, "loss": 6.450868129730225, "elapsed_time": 17.463114261627197, "prnt": false}
{"event": "training_step", "timestamp": 1769649133.1806045, "step": 184, "max_steps": 938, "loss": 6.360833644866943, "elapsed_time": 17.547879695892334, "prnt": false}
{"event": "training_step", "timestamp": 1769649133.265767, "step": 185, "max_steps": 938, "loss": 6.320487976074219, "elapsed_time": 17.63310408592224, "prnt": false}
{"event": "training_step", "timestamp": 1769649133.3505208, "step": 186, "max_steps": 938, "loss": 6.2880072593688965, "elapsed_time": 17.71790647506714, "prnt": false}
{"event": "training_step", "timestamp": 1769649133.4354358, "step": 187, "max_steps": 938, "loss": 6.355128765106201, "elapsed_time": 17.80277109146118, "prnt": false}
{"event": "training_step", "timestamp": 1769649133.520224, "step": 188, "max_steps": 938, "loss": 6.328165531158447, "elapsed_time": 17.887508630752563, "prnt": false}
{"event": "training_step", "timestamp": 1769649133.605553, "step": 189, "max_steps": 938, "loss": 6.3142313957214355, "elapsed_time": 17.97312879562378, "prnt": false}
{"event": "training_step", "timestamp": 1769649133.6903346, "step": 190, "max_steps": 938, "loss": 6.333069801330566, "elapsed_time": 18.057778120040894, "prnt": false}
{"event": "training_step", "timestamp": 1769649133.775172, "step": 191, "max_steps": 938, "loss": 6.2954630851745605, "elapsed_time": 18.142645359039307, "prnt": false}
{"event": "training_step", "timestamp": 1769649133.8600678, "step": 192, "max_steps": 938, "loss": 6.289766788482666, "elapsed_time": 18.227341651916504, "prnt": false}
{"event": "training_step", "timestamp": 1769649133.9451296, "step": 193, "max_steps": 938, "loss": 6.2958807945251465, "elapsed_time": 18.312339305877686, "prnt": false}
{"event": "training_step", "timestamp": 1769649134.030027, "step": 194, "max_steps": 938, "loss": 6.302645683288574, "elapsed_time": 18.397277355194092, "prnt": false}
{"event": "training_step", "timestamp": 1769649134.115019, "step": 195, "max_steps": 938, "loss": 6.355186939239502, "elapsed_time": 18.482305765151978, "prnt": false}
{"event": "training_step", "timestamp": 1769649134.1998177, "step": 196, "max_steps": 938, "loss": 6.334288120269775, "elapsed_time": 18.56706714630127, "prnt": false}
{"event": "training_step", "timestamp": 1769649134.2848911, "step": 197, "max_steps": 938, "loss": 6.29937219619751, "elapsed_time": 18.652084589004517, "prnt": false}
{"event": "training_step", "timestamp": 1769649134.3697472, "step": 198, "max_steps": 938, "loss": 6.329726219177246, "elapsed_time": 18.7369863986969, "prnt": false}
{"event": "training_step", "timestamp": 1769649134.4545174, "step": 199, "max_steps": 938, "loss": 6.265930652618408, "elapsed_time": 18.82196307182312, "prnt": false}
{"event": "training_step", "timestamp": 1769649134.5393298, "step": 200, "max_steps": 938, "loss": 6.28114128112793, "elapsed_time": 18.906559228897095, "prnt": false}
{"event": "training_step", "timestamp": 1769649134.6244771, "step": 201, "max_steps": 938, "loss": 6.275498867034912, "elapsed_time": 18.991705179214478, "prnt": false}
{"event": "training_step", "timestamp": 1769649134.7093778, "step": 202, "max_steps": 938, "loss": 6.326602458953857, "elapsed_time": 19.07647466659546, "prnt": false}
{"event": "training_step", "timestamp": 1769649134.7943573, "step": 203, "max_steps": 938, "loss": 6.315955638885498, "elapsed_time": 19.161548137664795, "prnt": false}
{"event": "training_step", "timestamp": 1769649134.879218, "step": 204, "max_steps": 938, "loss": 6.22646427154541, "elapsed_time": 19.246477127075195, "prnt": false}
{"event": "training_step", "timestamp": 1769649134.96428, "step": 205, "max_steps": 938, "loss": 6.2989888191223145, "elapsed_time": 19.331400871276855, "prnt": false}
{"event": "training_step", "timestamp": 1769649135.0491605, "step": 206, "max_steps": 938, "loss": 6.280961513519287, "elapsed_time": 19.41632652282715, "prnt": false}
{"event": "training_step", "timestamp": 1769649135.13414, "step": 207, "max_steps": 938, "loss": 6.238652229309082, "elapsed_time": 19.501497745513916, "prnt": false}
{"event": "training_step", "timestamp": 1769649135.2191677, "step": 208, "max_steps": 938, "loss": 6.2306108474731445, "elapsed_time": 19.586612939834595, "prnt": false}
{"event": "training_step", "timestamp": 1769649135.3041785, "step": 209, "max_steps": 938, "loss": 6.258188247680664, "elapsed_time": 19.67138147354126, "prnt": false}
{"event": "training_step", "timestamp": 1769649135.3890193, "step": 210, "max_steps": 938, "loss": 6.269895076751709, "elapsed_time": 19.756247520446777, "prnt": false}
{"event": "training_step", "timestamp": 1769649135.4740162, "step": 211, "max_steps": 938, "loss": 6.253435134887695, "elapsed_time": 19.841192960739136, "prnt": false}
{"event": "training_step", "timestamp": 1769649135.5588534, "step": 212, "max_steps": 938, "loss": 6.2598876953125, "elapsed_time": 19.926126718521118, "prnt": false}
{"event": "training_step", "timestamp": 1769649135.6441958, "step": 213, "max_steps": 938, "loss": 6.26511812210083, "elapsed_time": 20.011892557144165, "prnt": false}
{"event": "training_step", "timestamp": 1769649135.7291212, "step": 214, "max_steps": 938, "loss": 6.282314300537109, "elapsed_time": 20.09638810157776, "prnt": false}
{"event": "training_step", "timestamp": 1769649135.8140938, "step": 215, "max_steps": 938, "loss": 6.24046516418457, "elapsed_time": 20.181361436843872, "prnt": false}
{"event": "training_step", "timestamp": 1769649135.8989007, "step": 216, "max_steps": 938, "loss": 6.2707953453063965, "elapsed_time": 20.26611018180847, "prnt": false}
{"event": "training_step", "timestamp": 1769649135.9840577, "step": 217, "max_steps": 938, "loss": 6.19078254699707, "elapsed_time": 20.35126519203186, "prnt": false}
{"event": "training_step", "timestamp": 1769649136.0690124, "step": 218, "max_steps": 938, "loss": 6.24183988571167, "elapsed_time": 20.43617057800293, "prnt": false}
{"event": "training_step", "timestamp": 1769649136.1540637, "step": 219, "max_steps": 938, "loss": 6.261368751525879, "elapsed_time": 20.52119255065918, "prnt": false}
{"event": "training_step", "timestamp": 1769649136.238941, "step": 220, "max_steps": 938, "loss": 6.246156215667725, "elapsed_time": 20.606152057647705, "prnt": false}
{"event": "validation_step", "timestamp": 1769649136.6237586, "step": 220, "max_steps": 938, "loss": 1.3760281328276456, "elapsed_time": 20.606152057647705}
{"event": "training_step", "timestamp": 1769649136.709122, "step": 221, "max_steps": 938, "loss": 6.301421165466309, "elapsed_time": 21.076146125793457, "prnt": false}
{"event": "training_step", "timestamp": 1769649136.7939758, "step": 222, "max_steps": 938, "loss": 6.247717380523682, "elapsed_time": 21.16141700744629, "prnt": false}
{"event": "training_step", "timestamp": 1769649136.8790598, "step": 223, "max_steps": 938, "loss": 6.194386959075928, "elapsed_time": 21.24609112739563, "prnt": false}
{"event": "training_step", "timestamp": 1769649136.9641693, "step": 224, "max_steps": 938, "loss": 6.277561664581299, "elapsed_time": 21.33121395111084, "prnt": false}
{"event": "training_step", "timestamp": 1769649137.0491693, "step": 225, "max_steps": 938, "loss": 6.279901504516602, "elapsed_time": 21.416359663009644, "prnt": false}
{"event": "training_step", "timestamp": 1769649137.1340256, "step": 226, "max_steps": 938, "loss": 6.157186031341553, "elapsed_time": 21.50113821029663, "prnt": false}
{"event": "training_step", "timestamp": 1769649137.2190173, "step": 227, "max_steps": 938, "loss": 6.1991448402404785, "elapsed_time": 21.5861554145813, "prnt": false}
{"event": "training_step", "timestamp": 1769649137.3040352, "step": 228, "max_steps": 938, "loss": 6.1844000816345215, "elapsed_time": 21.67105197906494, "prnt": false}
{"event": "training_step", "timestamp": 1769649137.3890057, "step": 229, "max_steps": 938, "loss": 6.169227123260498, "elapsed_time": 21.75618815422058, "prnt": false}
{"event": "training_step", "timestamp": 1769649137.4739258, "step": 230, "max_steps": 938, "loss": 6.220665454864502, "elapsed_time": 21.841038942337036, "prnt": false}
{"event": "training_step", "timestamp": 1769649137.5589855, "step": 231, "max_steps": 938, "loss": 6.172102451324463, "elapsed_time": 21.926181316375732, "prnt": false}
{"event": "training_step", "timestamp": 1769649137.644232, "step": 232, "max_steps": 938, "loss": 6.1693220138549805, "elapsed_time": 22.01155924797058, "prnt": false}
{"event": "training_step", "timestamp": 1769649137.7291958, "step": 233, "max_steps": 938, "loss": 6.216272354125977, "elapsed_time": 22.09652042388916, "prnt": false}
{"event": "training_step", "timestamp": 1769649137.8140976, "step": 234, "max_steps": 938, "loss": 6.198176860809326, "elapsed_time": 22.18126893043518, "prnt": false}
{"event": "training_step", "timestamp": 1769649137.8991165, "step": 235, "max_steps": 938, "loss": 6.1798834800720215, "elapsed_time": 22.266443252563477, "prnt": false}
{"event": "training_step", "timestamp": 1769649137.9841955, "step": 236, "max_steps": 938, "loss": 6.181644916534424, "elapsed_time": 22.35118341445923, "prnt": false}
{"event": "training_step", "timestamp": 1769649138.0691516, "step": 237, "max_steps": 938, "loss": 6.202592849731445, "elapsed_time": 22.436412811279297, "prnt": false}
{"event": "training_step", "timestamp": 1769649138.1541681, "step": 238, "max_steps": 938, "loss": 6.167712211608887, "elapsed_time": 22.521230459213257, "prnt": false}
{"event": "training_step", "timestamp": 1769649138.2392676, "step": 239, "max_steps": 938, "loss": 6.234592914581299, "elapsed_time": 22.606342554092407, "prnt": false}
{"event": "training_step", "timestamp": 1769649138.324614, "step": 240, "max_steps": 938, "loss": 6.169071674346924, "elapsed_time": 22.691351413726807, "prnt": false}
{"event": "training_step", "timestamp": 1769649138.4096065, "step": 241, "max_steps": 938, "loss": 6.1860809326171875, "elapsed_time": 22.776768922805786, "prnt": false}
{"event": "training_step", "timestamp": 1769649138.4944835, "step": 242, "max_steps": 938, "loss": 6.217237949371338, "elapsed_time": 22.86172080039978, "prnt": false}
{"event": "training_step", "timestamp": 1769649138.5795982, "step": 243, "max_steps": 938, "loss": 6.14390230178833, "elapsed_time": 22.94680118560791, "prnt": false}
{"event": "training_step", "timestamp": 1769649138.664726, "step": 244, "max_steps": 938, "loss": 6.108149528503418, "elapsed_time": 23.03167963027954, "prnt": false}
{"event": "training_step", "timestamp": 1769649138.7497168, "step": 245, "max_steps": 938, "loss": 6.193216800689697, "elapsed_time": 23.11686658859253, "prnt": false}
{"event": "training_step", "timestamp": 1769649138.8345993, "step": 246, "max_steps": 938, "loss": 6.1078290939331055, "elapsed_time": 23.2017765045166, "prnt": false}
{"event": "training_step", "timestamp": 1769649138.9197226, "step": 247, "max_steps": 938, "loss": 6.122529983520508, "elapsed_time": 23.2867648601532, "prnt": false}
{"event": "training_step", "timestamp": 1769649139.0048277, "step": 248, "max_steps": 938, "loss": 6.132180213928223, "elapsed_time": 23.371853351593018, "prnt": false}
{"event": "training_step", "timestamp": 1769649139.0898407, "step": 249, "max_steps": 938, "loss": 6.19993257522583, "elapsed_time": 23.45725989341736, "prnt": false}
{"event": "training_step", "timestamp": 1769649139.1747322, "step": 250, "max_steps": 938, "loss": 6.142656326293945, "elapsed_time": 23.541969060897827, "prnt": false}
{"event": "training_step", "timestamp": 1769649139.259843, "step": 251, "max_steps": 938, "loss": 6.151378154754639, "elapsed_time": 23.62703561782837, "prnt": false}
{"event": "training_step", "timestamp": 1769649139.3449748, "step": 252, "max_steps": 938, "loss": 6.214289665222168, "elapsed_time": 23.712007761001587, "prnt": false}
{"event": "training_step", "timestamp": 1769649139.4299755, "step": 253, "max_steps": 938, "loss": 6.076930999755859, "elapsed_time": 23.797211408615112, "prnt": false}
{"event": "training_step", "timestamp": 1769649139.5148017, "step": 254, "max_steps": 938, "loss": 6.197702884674072, "elapsed_time": 23.882120609283447, "prnt": false}
{"event": "training_step", "timestamp": 1769649139.6001506, "step": 255, "max_steps": 938, "loss": 6.0968122482299805, "elapsed_time": 23.967487812042236, "prnt": false}
{"event": "training_step", "timestamp": 1769649139.6852388, "step": 256, "max_steps": 938, "loss": 6.050838470458984, "elapsed_time": 24.05259943008423, "prnt": false}
{"event": "training_step", "timestamp": 1769649139.770323, "step": 257, "max_steps": 938, "loss": 6.1692914962768555, "elapsed_time": 24.13753390312195, "prnt": false}
{"event": "training_step", "timestamp": 1769649139.8552167, "step": 258, "max_steps": 938, "loss": 6.077182769775391, "elapsed_time": 24.22290539741516, "prnt": false}
{"event": "training_step", "timestamp": 1769649139.9405358, "step": 259, "max_steps": 938, "loss": 6.066455364227295, "elapsed_time": 24.308270692825317, "prnt": false}
{"event": "training_step", "timestamp": 1769649140.0255828, "step": 260, "max_steps": 938, "loss": 6.090934753417969, "elapsed_time": 24.392749309539795, "prnt": false}
{"event": "training_step", "timestamp": 1769649140.1106346, "step": 261, "max_steps": 938, "loss": 6.1869916915893555, "elapsed_time": 24.4778733253479, "prnt": false}
{"event": "training_step", "timestamp": 1769649140.1954641, "step": 262, "max_steps": 938, "loss": 6.093484878540039, "elapsed_time": 24.562868356704712, "prnt": false}
{"event": "training_step", "timestamp": 1769649140.280543, "step": 263, "max_steps": 938, "loss": 6.064739227294922, "elapsed_time": 24.647682666778564, "prnt": false}
{"event": "training_step", "timestamp": 1769649140.3656049, "step": 264, "max_steps": 938, "loss": 6.177642822265625, "elapsed_time": 24.732763528823853, "prnt": false}
{"event": "validation_step", "timestamp": 1769649140.7510808, "step": 264, "max_steps": 938, "loss": 1.354523544221979, "elapsed_time": 24.732763528823853}
{"event": "training_step", "timestamp": 1769649140.8367171, "step": 265, "max_steps": 938, "loss": 6.148455619812012, "elapsed_time": 25.20355224609375, "prnt": false}
{"event": "training_step", "timestamp": 1769649140.9217992, "step": 266, "max_steps": 938, "loss": 6.146864414215088, "elapsed_time": 25.288854837417603, "prnt": false}
{"event": "training_step", "timestamp": 1769649141.0069354, "step": 267, "max_steps": 938, "loss": 6.118844032287598, "elapsed_time": 25.373932361602783, "prnt": false}
{"event": "training_step", "timestamp": 1769649141.0920026, "step": 268, "max_steps": 938, "loss": 6.142081260681152, "elapsed_time": 25.459055185317993, "prnt": false}
{"event": "training_step", "timestamp": 1769649141.177343, "step": 269, "max_steps": 938, "loss": 6.04831600189209, "elapsed_time": 25.544355869293213, "prnt": false}
{"event": "training_step", "timestamp": 1769649141.2626293, "step": 270, "max_steps": 938, "loss": 6.004207611083984, "elapsed_time": 25.6295428276062, "prnt": false}
{"event": "training_step", "timestamp": 1769649141.3477046, "step": 271, "max_steps": 938, "loss": 6.094779014587402, "elapsed_time": 25.71482229232788, "prnt": false}
{"event": "training_step", "timestamp": 1769649141.43269, "step": 272, "max_steps": 938, "loss": 6.087706089019775, "elapsed_time": 25.799803256988525, "prnt": false}
{"event": "training_step", "timestamp": 1769649141.5179522, "step": 273, "max_steps": 938, "loss": 6.132441520690918, "elapsed_time": 25.884849786758423, "prnt": false}
{"event": "training_step", "timestamp": 1769649141.6032732, "step": 274, "max_steps": 938, "loss": 6.072545528411865, "elapsed_time": 25.970014333724976, "prnt": false}
{"event": "training_step", "timestamp": 1769649141.6885579, "step": 275, "max_steps": 938, "loss": 6.084842681884766, "elapsed_time": 26.056188583374023, "prnt": false}
{"event": "training_step", "timestamp": 1769649141.7735639, "step": 276, "max_steps": 938, "loss": 6.156322479248047, "elapsed_time": 26.140716791152954, "prnt": false}
{"event": "training_step", "timestamp": 1769649141.858891, "step": 277, "max_steps": 938, "loss": 6.008749961853027, "elapsed_time": 26.225690603256226, "prnt": false}
{"event": "training_step", "timestamp": 1769649141.9441042, "step": 278, "max_steps": 938, "loss": 6.077617168426514, "elapsed_time": 26.3109872341156, "prnt": false}
{"event": "training_step", "timestamp": 1769649142.029256, "step": 279, "max_steps": 938, "loss": 6.07373046875, "elapsed_time": 26.39634346961975, "prnt": false}
{"event": "training_step", "timestamp": 1769649142.1141694, "step": 280, "max_steps": 938, "loss": 6.047976970672607, "elapsed_time": 26.48136067390442, "prnt": false}
{"event": "training_step", "timestamp": 1769649142.1994858, "step": 281, "max_steps": 938, "loss": 6.0090651512146, "elapsed_time": 26.566417694091797, "prnt": false}
{"event": "training_step", "timestamp": 1769649142.2846339, "step": 282, "max_steps": 938, "loss": 6.057393550872803, "elapsed_time": 26.651637077331543, "prnt": false}
{"event": "training_step", "timestamp": 1769649142.3697271, "step": 283, "max_steps": 938, "loss": 6.046641826629639, "elapsed_time": 26.736895322799683, "prnt": false}
{"event": "training_step", "timestamp": 1769649142.4546247, "step": 284, "max_steps": 938, "loss": 5.972649574279785, "elapsed_time": 26.821850061416626, "prnt": false}
{"event": "training_step", "timestamp": 1769649142.5397863, "step": 285, "max_steps": 938, "loss": 6.026766777038574, "elapsed_time": 26.90675950050354, "prnt": false}
{"event": "training_step", "timestamp": 1769649142.6248426, "step": 286, "max_steps": 938, "loss": 6.039825916290283, "elapsed_time": 26.991883993148804, "prnt": false}
{"event": "training_step", "timestamp": 1769649142.7099476, "step": 287, "max_steps": 938, "loss": 6.0534796714782715, "elapsed_time": 27.077144145965576, "prnt": false}
{"event": "training_step", "timestamp": 1769649142.7948177, "step": 288, "max_steps": 938, "loss": 6.016516208648682, "elapsed_time": 27.16193175315857, "prnt": false}
{"event": "training_step", "timestamp": 1769649142.8800263, "step": 289, "max_steps": 938, "loss": 6.036645889282227, "elapsed_time": 27.24725604057312, "prnt": false}
{"event": "training_step", "timestamp": 1769649142.965204, "step": 290, "max_steps": 938, "loss": 6.0160956382751465, "elapsed_time": 27.3322274684906, "prnt": false}
{"event": "training_step", "timestamp": 1769649143.0502877, "step": 291, "max_steps": 938, "loss": 6.023067951202393, "elapsed_time": 27.417378664016724, "prnt": false}
{"event": "training_step", "timestamp": 1769649143.135351, "step": 292, "max_steps": 938, "loss": 6.0338592529296875, "elapsed_time": 27.502373695373535, "prnt": false}
{"event": "training_step", "timestamp": 1769649143.220469, "step": 293, "max_steps": 938, "loss": 6.07381010055542, "elapsed_time": 27.587594509124756, "prnt": false}
{"event": "training_step", "timestamp": 1769649143.305555, "step": 294, "max_steps": 938, "loss": 6.044180870056152, "elapsed_time": 27.672600984573364, "prnt": false}
{"event": "training_step", "timestamp": 1769649143.3906655, "step": 295, "max_steps": 938, "loss": 5.972723484039307, "elapsed_time": 27.75785803794861, "prnt": false}
{"event": "training_step", "timestamp": 1769649143.4757352, "step": 296, "max_steps": 938, "loss": 5.9646525382995605, "elapsed_time": 27.842731714248657, "prnt": false}
{"event": "training_step", "timestamp": 1769649143.560957, "step": 297, "max_steps": 938, "loss": 6.075933933258057, "elapsed_time": 27.92791771888733, "prnt": false}
{"event": "training_step", "timestamp": 1769649143.646086, "step": 298, "max_steps": 938, "loss": 6.053102493286133, "elapsed_time": 28.012964963912964, "prnt": false}
{"event": "training_step", "timestamp": 1769649143.731383, "step": 299, "max_steps": 938, "loss": 6.060148239135742, "elapsed_time": 28.098958730697632, "prnt": false}
{"event": "training_step", "timestamp": 1769649143.8164637, "step": 300, "max_steps": 938, "loss": 6.086089134216309, "elapsed_time": 28.18357539176941, "prnt": false}
{"event": "training_step", "timestamp": 1769649143.9018207, "step": 301, "max_steps": 938, "loss": 6.0278496742248535, "elapsed_time": 28.268744945526123, "prnt": false}
{"event": "training_step", "timestamp": 1769649143.9869218, "step": 302, "max_steps": 938, "loss": 6.026894569396973, "elapsed_time": 28.354023456573486, "prnt": false}
{"event": "training_step", "timestamp": 1769649144.072074, "step": 303, "max_steps": 938, "loss": 6.070652961730957, "elapsed_time": 28.43906044960022, "prnt": false}
{"event": "training_step", "timestamp": 1769649144.1572263, "step": 304, "max_steps": 938, "loss": 6.02449369430542, "elapsed_time": 28.524169445037842, "prnt": false}
{"event": "training_step", "timestamp": 1769649144.2425878, "step": 305, "max_steps": 938, "loss": 5.967676639556885, "elapsed_time": 28.609540939331055, "prnt": false}
{"event": "training_step", "timestamp": 1769649144.3276114, "step": 306, "max_steps": 938, "loss": 5.960324287414551, "elapsed_time": 28.694751262664795, "prnt": false}
{"event": "training_step", "timestamp": 1769649144.4127164, "step": 307, "max_steps": 938, "loss": 6.030214309692383, "elapsed_time": 28.77983021736145, "prnt": false}
{"event": "training_step", "timestamp": 1769649144.4979427, "step": 308, "max_steps": 938, "loss": 5.9637675285339355, "elapsed_time": 28.864763021469116, "prnt": false}
{"event": "validation_step", "timestamp": 1769649144.8840573, "step": 308, "max_steps": 938, "loss": 1.3380235880474196, "elapsed_time": 28.864763021469116}
{"event": "training_step", "timestamp": 1769649144.9697762, "step": 309, "max_steps": 938, "loss": 5.99722146987915, "elapsed_time": 29.336591958999634, "prnt": false}
{"event": "training_step", "timestamp": 1769649145.0548632, "step": 310, "max_steps": 938, "loss": 6.0812249183654785, "elapsed_time": 29.421919107437134, "prnt": false}
{"event": "training_step", "timestamp": 1769649145.1401775, "step": 311, "max_steps": 938, "loss": 5.964416027069092, "elapsed_time": 29.50699758529663, "prnt": false}
{"event": "training_step", "timestamp": 1769649145.2253664, "step": 312, "max_steps": 938, "loss": 6.039954662322998, "elapsed_time": 29.592315196990967, "prnt": false}
{"event": "training_step", "timestamp": 1769649145.3106494, "step": 313, "max_steps": 938, "loss": 5.930166244506836, "elapsed_time": 29.6776123046875, "prnt": false}
{"event": "training_step", "timestamp": 1769649145.3957832, "step": 314, "max_steps": 938, "loss": 5.98049783706665, "elapsed_time": 29.762653827667236, "prnt": false}
{"event": "training_step", "timestamp": 1769649145.4813938, "step": 315, "max_steps": 938, "loss": 5.950030326843262, "elapsed_time": 29.848108530044556, "prnt": false}
{"event": "training_step", "timestamp": 1769649145.5666122, "step": 316, "max_steps": 938, "loss": 5.959741592407227, "elapsed_time": 29.933594942092896, "prnt": false}
{"event": "training_step", "timestamp": 1769649145.6518261, "step": 317, "max_steps": 938, "loss": 5.962411403656006, "elapsed_time": 30.018792867660522, "prnt": false}
{"event": "training_step", "timestamp": 1769649145.7372, "step": 318, "max_steps": 938, "loss": 6.000771999359131, "elapsed_time": 30.104387044906616, "prnt": false}
{"event": "training_step", "timestamp": 1769649145.8226473, "step": 319, "max_steps": 938, "loss": 5.922789096832275, "elapsed_time": 30.189335346221924, "prnt": false}
{"event": "training_step", "timestamp": 1769649145.9078677, "step": 320, "max_steps": 938, "loss": 5.981509208679199, "elapsed_time": 30.274928092956543, "prnt": false}
{"event": "training_step", "timestamp": 1769649145.993221, "step": 321, "max_steps": 938, "loss": 5.995589256286621, "elapsed_time": 30.3601655960083, "prnt": false}
{"event": "training_step", "timestamp": 1769649146.078453, "step": 322, "max_steps": 938, "loss": 5.971839904785156, "elapsed_time": 30.445390939712524, "prnt": false}
{"event": "training_step", "timestamp": 1769649146.163869, "step": 323, "max_steps": 938, "loss": 5.879215717315674, "elapsed_time": 30.53068709373474, "prnt": false}
{"event": "training_step", "timestamp": 1769649146.2489414, "step": 324, "max_steps": 938, "loss": 5.907660961151123, "elapsed_time": 30.616009950637817, "prnt": false}
{"event": "training_step", "timestamp": 1769649146.334329, "step": 325, "max_steps": 938, "loss": 5.960480690002441, "elapsed_time": 30.701295137405396, "prnt": false}
{"event": "training_step", "timestamp": 1769649146.4194844, "step": 326, "max_steps": 938, "loss": 5.914523124694824, "elapsed_time": 30.786399841308594, "prnt": false}
{"event": "training_step", "timestamp": 1769649146.504729, "step": 327, "max_steps": 938, "loss": 5.8181681632995605, "elapsed_time": 30.871752977371216, "prnt": false}
{"event": "training_step", "timestamp": 1769649146.5896096, "step": 328, "max_steps": 938, "loss": 5.962305545806885, "elapsed_time": 30.95681929588318, "prnt": false}
{"event": "training_step", "timestamp": 1769649146.6748447, "step": 329, "max_steps": 938, "loss": 5.974939346313477, "elapsed_time": 31.041873455047607, "prnt": false}
{"event": "training_step", "timestamp": 1769649146.7601006, "step": 330, "max_steps": 938, "loss": 5.945501327514648, "elapsed_time": 31.12691593170166, "prnt": false}
{"event": "training_step", "timestamp": 1769649146.8452525, "step": 331, "max_steps": 938, "loss": 5.8710408210754395, "elapsed_time": 31.21228003501892, "prnt": false}
{"event": "training_step", "timestamp": 1769649146.9302678, "step": 332, "max_steps": 938, "loss": 5.908830642700195, "elapsed_time": 31.2973473072052, "prnt": false}
{"event": "training_step", "timestamp": 1769649147.0154474, "step": 333, "max_steps": 938, "loss": 5.98841667175293, "elapsed_time": 31.382692337036133, "prnt": false}
{"event": "training_step", "timestamp": 1769649147.1006181, "step": 334, "max_steps": 938, "loss": 5.8694024085998535, "elapsed_time": 31.46761417388916, "prnt": false}
{"event": "training_step", "timestamp": 1769649147.1859028, "step": 335, "max_steps": 938, "loss": 5.943923473358154, "elapsed_time": 31.552811861038208, "prnt": false}
{"event": "training_step", "timestamp": 1769649147.2712295, "step": 336, "max_steps": 938, "loss": 5.904056072235107, "elapsed_time": 31.637946605682373, "prnt": false}
{"event": "training_step", "timestamp": 1769649147.3564582, "step": 337, "max_steps": 938, "loss": 5.987247943878174, "elapsed_time": 31.723491430282593, "prnt": false}
{"event": "training_step", "timestamp": 1769649147.4416714, "step": 338, "max_steps": 938, "loss": 5.90075159072876, "elapsed_time": 31.808522701263428, "prnt": false}
{"event": "training_step", "timestamp": 1769649147.526774, "step": 339, "max_steps": 938, "loss": 5.975686550140381, "elapsed_time": 31.893834590911865, "prnt": false}
{"event": "training_step", "timestamp": 1769649147.6117573, "step": 340, "max_steps": 938, "loss": 5.9132304191589355, "elapsed_time": 31.978878259658813, "prnt": false}
{"event": "training_step", "timestamp": 1769649147.6970298, "step": 341, "max_steps": 938, "loss": 5.862874984741211, "elapsed_time": 32.06393575668335, "prnt": false}
{"event": "training_step", "timestamp": 1769649147.7824512, "step": 342, "max_steps": 938, "loss": 5.9111833572387695, "elapsed_time": 32.15003442764282, "prnt": false}
{"event": "training_step", "timestamp": 1769649147.867658, "step": 343, "max_steps": 938, "loss": 5.930110931396484, "elapsed_time": 32.23477339744568, "prnt": false}
{"event": "training_step", "timestamp": 1769649147.9527357, "step": 344, "max_steps": 938, "loss": 5.940249919891357, "elapsed_time": 32.31981635093689, "prnt": false}
{"event": "training_step", "timestamp": 1769649148.0379798, "step": 345, "max_steps": 938, "loss": 5.8570451736450195, "elapsed_time": 32.405109167099, "prnt": false}
{"event": "training_step", "timestamp": 1769649148.1231606, "step": 346, "max_steps": 938, "loss": 5.92793083190918, "elapsed_time": 32.48999381065369, "prnt": false}
{"event": "training_step", "timestamp": 1769649148.2082145, "step": 347, "max_steps": 938, "loss": 5.883674144744873, "elapsed_time": 32.57525086402893, "prnt": false}
{"event": "training_step", "timestamp": 1769649148.2932434, "step": 348, "max_steps": 938, "loss": 5.8507819175720215, "elapsed_time": 32.660314321517944, "prnt": false}
{"event": "training_step", "timestamp": 1769649148.3783696, "step": 349, "max_steps": 938, "loss": 5.886136054992676, "elapsed_time": 32.74547290802002, "prnt": false}
{"event": "training_step", "timestamp": 1769649148.463721, "step": 350, "max_steps": 938, "loss": 5.8699235916137695, "elapsed_time": 32.830568075180054, "prnt": false}
{"event": "training_step", "timestamp": 1769649148.54883, "step": 351, "max_steps": 938, "loss": 5.89279317855835, "elapsed_time": 32.915926933288574, "prnt": false}
{"event": "training_step", "timestamp": 1769649148.634029, "step": 352, "max_steps": 938, "loss": 5.9454450607299805, "elapsed_time": 33.00104475021362, "prnt": false}
{"event": "validation_step", "timestamp": 1769649149.0197246, "step": 352, "max_steps": 938, "loss": 1.3231620251736145, "elapsed_time": 33.00104475021362}
{"event": "training_step", "timestamp": 1769649149.1053524, "step": 353, "max_steps": 938, "loss": 5.869161605834961, "elapsed_time": 33.47206497192383, "prnt": false}
{"event": "training_step", "timestamp": 1769649149.190519, "step": 354, "max_steps": 938, "loss": 5.8829474449157715, "elapsed_time": 33.55760097503662, "prnt": false}
{"event": "training_step", "timestamp": 1769649149.2759566, "step": 355, "max_steps": 938, "loss": 5.836395263671875, "elapsed_time": 33.64274764060974, "prnt": false}
{"event": "training_step", "timestamp": 1769649149.3613212, "step": 356, "max_steps": 938, "loss": 5.893676280975342, "elapsed_time": 33.72805643081665, "prnt": false}
{"event": "training_step", "timestamp": 1769649149.4465148, "step": 357, "max_steps": 938, "loss": 5.884086608886719, "elapsed_time": 33.81345081329346, "prnt": false}
{"event": "training_step", "timestamp": 1769649149.5316336, "step": 358, "max_steps": 938, "loss": 5.802922248840332, "elapsed_time": 33.8986177444458, "prnt": false}
{"event": "training_step", "timestamp": 1769649149.617028, "step": 359, "max_steps": 938, "loss": 5.880624771118164, "elapsed_time": 33.984076261520386, "prnt": false}
{"event": "training_step", "timestamp": 1769649149.7022858, "step": 360, "max_steps": 938, "loss": 5.865045070648193, "elapsed_time": 34.069045305252075, "prnt": false}
{"event": "training_step", "timestamp": 1769649149.7876308, "step": 361, "max_steps": 938, "loss": 5.856950283050537, "elapsed_time": 34.15523719787598, "prnt": false}
{"event": "training_step", "timestamp": 1769649149.8726919, "step": 362, "max_steps": 938, "loss": 5.827937126159668, "elapsed_time": 34.239853620529175, "prnt": false}
{"event": "training_step", "timestamp": 1769649149.957886, "step": 363, "max_steps": 938, "loss": 5.822602272033691, "elapsed_time": 34.32497835159302, "prnt": false}
{"event": "training_step", "timestamp": 1769649150.0430882, "step": 364, "max_steps": 938, "loss": 5.92446231842041, "elapsed_time": 34.40990972518921, "prnt": false}
{"event": "training_step", "timestamp": 1769649150.128241, "step": 365, "max_steps": 938, "loss": 5.774128437042236, "elapsed_time": 34.49525332450867, "prnt": false}
{"event": "training_step", "timestamp": 1769649150.2133875, "step": 366, "max_steps": 938, "loss": 5.893698215484619, "elapsed_time": 34.5803382396698, "prnt": false}
{"event": "training_step", "timestamp": 1769649150.2987077, "step": 367, "max_steps": 938, "loss": 5.873119831085205, "elapsed_time": 34.66567397117615, "prnt": false}
{"event": "training_step", "timestamp": 1769649150.3839052, "step": 368, "max_steps": 938, "loss": 5.803683757781982, "elapsed_time": 34.750845193862915, "prnt": false}
{"event": "training_step", "timestamp": 1769649150.4691217, "step": 369, "max_steps": 938, "loss": 5.85868501663208, "elapsed_time": 34.836124658584595, "prnt": false}
{"event": "training_step", "timestamp": 1769649150.5542512, "step": 370, "max_steps": 938, "loss": 5.81094217300415, "elapsed_time": 34.921302318573, "prnt": false}
{"event": "training_step", "timestamp": 1769649150.6396728, "step": 371, "max_steps": 938, "loss": 5.801191806793213, "elapsed_time": 35.006563663482666, "prnt": false}
{"event": "training_step", "timestamp": 1769649150.7249928, "step": 372, "max_steps": 938, "loss": 5.8285040855407715, "elapsed_time": 35.09188413619995, "prnt": false}
{"event": "training_step", "timestamp": 1769649150.8102129, "step": 373, "max_steps": 938, "loss": 5.805763244628906, "elapsed_time": 35.177226066589355, "prnt": false}
{"event": "training_step", "timestamp": 1769649150.895405, "step": 374, "max_steps": 938, "loss": 5.800236225128174, "elapsed_time": 35.262272357940674, "prnt": false}
{"event": "training_step", "timestamp": 1769649150.9808183, "step": 375, "max_steps": 938, "loss": 5.785424709320068, "elapsed_time": 35.34762120246887, "prnt": false}
{"event": "training_step", "timestamp": 1769649151.0659397, "step": 376, "max_steps": 938, "loss": 5.778627872467041, "elapsed_time": 35.43291521072388, "prnt": false}
{"event": "training_step", "timestamp": 1769649151.1510777, "step": 377, "max_steps": 938, "loss": 5.761327743530273, "elapsed_time": 35.51810431480408, "prnt": false}
{"event": "training_step", "timestamp": 1769649151.2363245, "step": 378, "max_steps": 938, "loss": 5.855263710021973, "elapsed_time": 35.603195667266846, "prnt": false}
{"event": "training_step", "timestamp": 1769649151.3216763, "step": 379, "max_steps": 938, "loss": 5.876838684082031, "elapsed_time": 35.68860173225403, "prnt": false}
{"event": "training_step", "timestamp": 1769649151.4068537, "step": 380, "max_steps": 938, "loss": 5.843263149261475, "elapsed_time": 35.773773431777954, "prnt": false}
{"event": "training_step", "timestamp": 1769649151.4919353, "step": 381, "max_steps": 938, "loss": 5.782313823699951, "elapsed_time": 35.85907554626465, "prnt": false}
{"event": "training_step", "timestamp": 1769649151.5771623, "step": 382, "max_steps": 938, "loss": 5.807036876678467, "elapsed_time": 35.943957805633545, "prnt": false}
{"event": "training_step", "timestamp": 1769649151.6625497, "step": 383, "max_steps": 938, "loss": 5.786621570587158, "elapsed_time": 36.029425621032715, "prnt": false}
{"event": "training_step", "timestamp": 1769649151.7478836, "step": 384, "max_steps": 938, "loss": 5.834452152252197, "elapsed_time": 36.11520004272461, "prnt": false}
{"event": "training_step", "timestamp": 1769649151.8331401, "step": 385, "max_steps": 938, "loss": 5.819388389587402, "elapsed_time": 36.20038866996765, "prnt": false}
{"event": "training_step", "timestamp": 1769649151.9185088, "step": 386, "max_steps": 938, "loss": 5.821153163909912, "elapsed_time": 36.2853946685791, "prnt": false}
{"event": "training_step", "timestamp": 1769649152.003771, "step": 387, "max_steps": 938, "loss": 5.871764183044434, "elapsed_time": 36.37074828147888, "prnt": false}
{"event": "training_step", "timestamp": 1769649152.0889997, "step": 388, "max_steps": 938, "loss": 5.781185626983643, "elapsed_time": 36.45586109161377, "prnt": false}
{"event": "training_step", "timestamp": 1769649152.1742964, "step": 389, "max_steps": 938, "loss": 5.843958377838135, "elapsed_time": 36.54129219055176, "prnt": false}
{"event": "training_step", "timestamp": 1769649152.259697, "step": 390, "max_steps": 938, "loss": 5.830625057220459, "elapsed_time": 36.62640452384949, "prnt": false}
{"event": "training_step", "timestamp": 1769649152.3449244, "step": 391, "max_steps": 938, "loss": 5.774294376373291, "elapsed_time": 36.71185111999512, "prnt": false}
{"event": "training_step", "timestamp": 1769649152.4300826, "step": 392, "max_steps": 938, "loss": 5.812928199768066, "elapsed_time": 36.7969868183136, "prnt": false}
{"event": "training_step", "timestamp": 1769649152.515379, "step": 393, "max_steps": 938, "loss": 5.803459644317627, "elapsed_time": 36.88230800628662, "prnt": false}
{"event": "training_step", "timestamp": 1769649152.600805, "step": 394, "max_steps": 938, "loss": 5.745665550231934, "elapsed_time": 36.967570304870605, "prnt": false}
{"event": "training_step", "timestamp": 1769649152.6862593, "step": 395, "max_steps": 938, "loss": 5.7830891609191895, "elapsed_time": 37.05317544937134, "prnt": false}
{"event": "training_step", "timestamp": 1769649152.7714634, "step": 396, "max_steps": 938, "loss": 5.78623104095459, "elapsed_time": 37.13834738731384, "prnt": false}
{"event": "validation_step", "timestamp": 1769649153.157955, "step": 396, "max_steps": 938, "loss": 1.3107163616892528, "elapsed_time": 37.13834738731384}
{"event": "training_step", "timestamp": 1769649153.243583, "step": 397, "max_steps": 938, "loss": 5.857537746429443, "elapsed_time": 37.61027455329895, "prnt": false}
{"event": "training_step", "timestamp": 1769649153.32881, "step": 398, "max_steps": 938, "loss": 5.797065734863281, "elapsed_time": 37.69574594497681, "prnt": false}
{"event": "training_step", "timestamp": 1769649153.414199, "step": 399, "max_steps": 938, "loss": 5.718677520751953, "elapsed_time": 37.78096532821655, "prnt": false}
{"event": "training_step", "timestamp": 1769649153.4995656, "step": 400, "max_steps": 938, "loss": 5.849264621734619, "elapsed_time": 37.86629033088684, "prnt": false}
{"event": "training_step", "timestamp": 1769649153.5848138, "step": 401, "max_steps": 938, "loss": 5.7944488525390625, "elapsed_time": 37.95179748535156, "prnt": false}
{"event": "training_step", "timestamp": 1769649153.6700275, "step": 402, "max_steps": 938, "loss": 5.717739582061768, "elapsed_time": 38.03687834739685, "prnt": false}
{"event": "training_step", "timestamp": 1769649153.7555387, "step": 403, "max_steps": 938, "loss": 5.689722061157227, "elapsed_time": 38.12287521362305, "prnt": false}
{"event": "training_step", "timestamp": 1769649153.8409514, "step": 404, "max_steps": 938, "loss": 5.80666971206665, "elapsed_time": 38.20793890953064, "prnt": false}
{"event": "training_step", "timestamp": 1769649153.926189, "step": 405, "max_steps": 938, "loss": 5.770918846130371, "elapsed_time": 38.29317569732666, "prnt": false}
{"event": "training_step", "timestamp": 1769649154.0113614, "step": 406, "max_steps": 938, "loss": 5.818767547607422, "elapsed_time": 38.37822413444519, "prnt": false}
{"event": "training_step", "timestamp": 1769649154.096632, "step": 407, "max_steps": 938, "loss": 5.761117458343506, "elapsed_time": 38.46353769302368, "prnt": false}
{"event": "training_step", "timestamp": 1769649154.181886, "step": 408, "max_steps": 938, "loss": 5.761993885040283, "elapsed_time": 38.54866051673889, "prnt": false}
{"event": "training_step", "timestamp": 1769649154.267141, "step": 409, "max_steps": 938, "loss": 5.790374279022217, "elapsed_time": 38.63406729698181, "prnt": false}
{"event": "training_step", "timestamp": 1769649154.3523512, "step": 410, "max_steps": 938, "loss": 5.775306224822998, "elapsed_time": 38.719154834747314, "prnt": false}
{"event": "training_step", "timestamp": 1769649154.4378633, "step": 411, "max_steps": 938, "loss": 5.719668388366699, "elapsed_time": 38.80442714691162, "prnt": false}
{"event": "training_step", "timestamp": 1769649154.5231075, "step": 412, "max_steps": 938, "loss": 5.7754807472229, "elapsed_time": 38.890016317367554, "prnt": false}
{"event": "training_step", "timestamp": 1769649154.6085129, "step": 413, "max_steps": 938, "loss": 5.694875240325928, "elapsed_time": 38.97559094429016, "prnt": false}
{"event": "training_step", "timestamp": 1769649154.694069, "step": 414, "max_steps": 938, "loss": 5.645118236541748, "elapsed_time": 39.06077790260315, "prnt": false}
{"event": "training_step", "timestamp": 1769649154.779637, "step": 415, "max_steps": 938, "loss": 5.762218475341797, "elapsed_time": 39.14639616012573, "prnt": false}
{"event": "training_step", "timestamp": 1769649154.8648665, "step": 416, "max_steps": 938, "loss": 5.742908954620361, "elapsed_time": 39.23164200782776, "prnt": false}
{"event": "training_step", "timestamp": 1769649154.9501584, "step": 417, "max_steps": 938, "loss": 5.747806072235107, "elapsed_time": 39.317100048065186, "prnt": false}
{"event": "training_step", "timestamp": 1769649155.0354724, "step": 418, "max_steps": 938, "loss": 5.690272331237793, "elapsed_time": 39.40215754508972, "prnt": false}
{"event": "training_step", "timestamp": 1769649155.1211479, "step": 419, "max_steps": 938, "loss": 5.675589084625244, "elapsed_time": 39.48855257034302, "prnt": false}
{"event": "training_step", "timestamp": 1769649155.2063513, "step": 420, "max_steps": 938, "loss": 5.751928806304932, "elapsed_time": 39.57340955734253, "prnt": false}
{"event": "training_step", "timestamp": 1769649155.291647, "step": 421, "max_steps": 938, "loss": 5.700994491577148, "elapsed_time": 39.658724546432495, "prnt": false}
{"event": "training_step", "timestamp": 1769649155.3768873, "step": 422, "max_steps": 938, "loss": 5.667677879333496, "elapsed_time": 39.74376177787781, "prnt": false}
{"event": "training_step", "timestamp": 1769649155.462258, "step": 423, "max_steps": 938, "loss": 5.7170634269714355, "elapsed_time": 39.829171657562256, "prnt": false}
{"event": "training_step", "timestamp": 1769649155.5474138, "step": 424, "max_steps": 938, "loss": 5.753789901733398, "elapsed_time": 39.9142849445343, "prnt": false}
{"event": "training_step", "timestamp": 1769649155.6327534, "step": 425, "max_steps": 938, "loss": 5.696344375610352, "elapsed_time": 39.999680519104004, "prnt": false}
{"event": "training_step", "timestamp": 1769649155.7181273, "step": 426, "max_steps": 938, "loss": 5.7549333572387695, "elapsed_time": 40.084908962249756, "prnt": false}
{"event": "training_step", "timestamp": 1769649155.803678, "step": 427, "max_steps": 938, "loss": 5.685752868652344, "elapsed_time": 40.170772075653076, "prnt": false}
{"event": "training_step", "timestamp": 1769649155.8888633, "step": 428, "max_steps": 938, "loss": 5.686563968658447, "elapsed_time": 40.25583362579346, "prnt": false}
{"event": "training_step", "timestamp": 1769649155.9743137, "step": 429, "max_steps": 938, "loss": 5.738377094268799, "elapsed_time": 40.341131925582886, "prnt": false}
{"event": "training_step", "timestamp": 1769649156.0597587, "step": 430, "max_steps": 938, "loss": 5.726444244384766, "elapsed_time": 40.426398038864136, "prnt": false}
{"event": "training_step", "timestamp": 1769649156.1451116, "step": 431, "max_steps": 938, "loss": 5.731720447540283, "elapsed_time": 40.51194453239441, "prnt": false}
{"event": "training_step", "timestamp": 1769649156.2302945, "step": 432, "max_steps": 938, "loss": 5.703096389770508, "elapsed_time": 40.59719705581665, "prnt": false}
{"event": "training_step", "timestamp": 1769649156.3157282, "step": 433, "max_steps": 938, "loss": 5.696436882019043, "elapsed_time": 40.68239092826843, "prnt": false}
{"event": "training_step", "timestamp": 1769649156.4010375, "step": 434, "max_steps": 938, "loss": 5.6966166496276855, "elapsed_time": 40.76777005195618, "prnt": false}
{"event": "training_step", "timestamp": 1769649156.486287, "step": 435, "max_steps": 938, "loss": 5.694916248321533, "elapsed_time": 40.853169202804565, "prnt": false}
{"event": "training_step", "timestamp": 1769649156.5715, "step": 436, "max_steps": 938, "loss": 5.737852573394775, "elapsed_time": 40.938414096832275, "prnt": false}
{"event": "training_step", "timestamp": 1769649156.6570165, "step": 437, "max_steps": 938, "loss": 5.6926116943359375, "elapsed_time": 41.023762941360474, "prnt": false}
{"event": "training_step", "timestamp": 1769649156.742363, "step": 438, "max_steps": 938, "loss": 5.690972328186035, "elapsed_time": 41.10904550552368, "prnt": false}
{"event": "training_step", "timestamp": 1769649156.8276968, "step": 439, "max_steps": 938, "loss": 5.658003330230713, "elapsed_time": 41.194668769836426, "prnt": false}
{"event": "training_step", "timestamp": 1769649156.9129817, "step": 440, "max_steps": 938, "loss": 5.700314521789551, "elapsed_time": 41.27972483634949, "prnt": false}
{"event": "validation_step", "timestamp": 1769649157.299829, "step": 440, "max_steps": 938, "loss": 1.2981839920898595, "elapsed_time": 41.27972483634949}
{"event": "training_step", "timestamp": 1769649157.3857498, "step": 441, "max_steps": 938, "loss": 5.668993949890137, "elapsed_time": 41.75247120857239, "prnt": false}
{"event": "training_step", "timestamp": 1769649157.4711611, "step": 442, "max_steps": 938, "loss": 5.641223907470703, "elapsed_time": 41.83791255950928, "prnt": false}
{"event": "training_step", "timestamp": 1769649157.556743, "step": 443, "max_steps": 938, "loss": 5.568497180938721, "elapsed_time": 41.92334580421448, "prnt": false}
{"event": "training_step", "timestamp": 1769649157.6420128, "step": 444, "max_steps": 938, "loss": 5.635343074798584, "elapsed_time": 42.008899450302124, "prnt": false}
{"event": "training_step", "timestamp": 1769649157.727436, "step": 445, "max_steps": 938, "loss": 5.668755531311035, "elapsed_time": 42.09430170059204, "prnt": false}
{"event": "training_step", "timestamp": 1769649157.8130481, "step": 446, "max_steps": 938, "loss": 5.672473430633545, "elapsed_time": 42.18026852607727, "prnt": false}
{"event": "training_step", "timestamp": 1769649157.8986104, "step": 447, "max_steps": 938, "loss": 5.63663387298584, "elapsed_time": 42.26536583900452, "prnt": false}
{"event": "training_step", "timestamp": 1769649157.9838653, "step": 448, "max_steps": 938, "loss": 5.6410603523254395, "elapsed_time": 42.350682735443115, "prnt": false}
{"event": "training_step", "timestamp": 1769649158.0691974, "step": 449, "max_steps": 938, "loss": 5.639621257781982, "elapsed_time": 42.4360888004303, "prnt": false}
{"event": "training_step", "timestamp": 1769649158.1545587, "step": 450, "max_steps": 938, "loss": 5.664882183074951, "elapsed_time": 42.52135729789734, "prnt": false}
{"event": "training_step", "timestamp": 1769649158.240061, "step": 451, "max_steps": 938, "loss": 5.673214912414551, "elapsed_time": 42.606728076934814, "prnt": false}
{"event": "training_step", "timestamp": 1769649158.3253293, "step": 452, "max_steps": 938, "loss": 5.64375114440918, "elapsed_time": 42.69220566749573, "prnt": false}
{"event": "training_step", "timestamp": 1769649158.4107099, "step": 453, "max_steps": 938, "loss": 5.629054546356201, "elapsed_time": 42.77737998962402, "prnt": false}
{"event": "training_step", "timestamp": 1769649158.4961445, "step": 454, "max_steps": 938, "loss": 5.732661247253418, "elapsed_time": 42.86283993721008, "prnt": false}
{"event": "training_step", "timestamp": 1769649158.5816355, "step": 455, "max_steps": 938, "loss": 5.7332844734191895, "elapsed_time": 42.948485374450684, "prnt": false}
{"event": "training_step", "timestamp": 1769649158.6669745, "step": 456, "max_steps": 938, "loss": 5.603578090667725, "elapsed_time": 43.03381872177124, "prnt": false}
{"event": "training_step", "timestamp": 1769649158.7525656, "step": 457, "max_steps": 938, "loss": 5.636430740356445, "elapsed_time": 43.11913871765137, "prnt": false}
{"event": "training_step", "timestamp": 1769649158.8380103, "step": 458, "max_steps": 938, "loss": 5.683928489685059, "elapsed_time": 43.2046594619751, "prnt": false}
{"event": "training_step", "timestamp": 1769649158.9234023, "step": 459, "max_steps": 938, "loss": 5.754426002502441, "elapsed_time": 43.290273904800415, "prnt": false}
{"event": "training_step", "timestamp": 1769649159.008702, "step": 460, "max_steps": 938, "loss": 5.671235084533691, "elapsed_time": 43.37548780441284, "prnt": false}
{"event": "training_step", "timestamp": 1769649159.094264, "step": 461, "max_steps": 938, "loss": 5.61024808883667, "elapsed_time": 43.46086645126343, "prnt": false}
{"event": "training_step", "timestamp": 1769649159.1797132, "step": 462, "max_steps": 938, "loss": 5.621940612792969, "elapsed_time": 43.54626798629761, "prnt": false}
{"event": "training_step", "timestamp": 1769649159.265196, "step": 463, "max_steps": 938, "loss": 5.541950702667236, "elapsed_time": 43.63192367553711, "prnt": false}
{"event": "training_step", "timestamp": 1769649159.3504994, "step": 464, "max_steps": 938, "loss": 5.5724077224731445, "elapsed_time": 43.71726131439209, "prnt": false}
{"event": "training_step", "timestamp": 1769649159.4360929, "step": 465, "max_steps": 938, "loss": 5.632216453552246, "elapsed_time": 43.80272340774536, "prnt": false}
{"event": "training_step", "timestamp": 1769649159.5215445, "step": 466, "max_steps": 938, "loss": 5.648715019226074, "elapsed_time": 43.88820958137512, "prnt": false}
{"event": "training_step", "timestamp": 1769649159.607041, "step": 467, "max_steps": 938, "loss": 5.6340484619140625, "elapsed_time": 43.97399950027466, "prnt": false}
{"event": "training_step", "timestamp": 1769649159.692532, "step": 468, "max_steps": 938, "loss": 5.630373477935791, "elapsed_time": 44.05918884277344, "prnt": false}
{"event": "training_step", "timestamp": 1769649159.7781205, "step": 469, "max_steps": 938, "loss": 5.677730560302734, "elapsed_time": 44.1446008682251, "prnt": false}
{"event": "training_step", "timestamp": 1769649159.8639724, "step": 470, "max_steps": 938, "loss": 5.641993522644043, "elapsed_time": 44.23082995414734, "prnt": false}
{"event": "training_step", "timestamp": 1769649159.949443, "step": 471, "max_steps": 938, "loss": 5.630214214324951, "elapsed_time": 44.31622076034546, "prnt": false}
{"event": "training_step", "timestamp": 1769649160.0349178, "step": 472, "max_steps": 938, "loss": 5.5519022941589355, "elapsed_time": 44.401676416397095, "prnt": false}
{"event": "training_step", "timestamp": 1769649160.120436, "step": 473, "max_steps": 938, "loss": 5.592653274536133, "elapsed_time": 44.48724436759949, "prnt": false}
{"event": "training_step", "timestamp": 1769649160.2057178, "step": 474, "max_steps": 938, "loss": 5.5474467277526855, "elapsed_time": 44.57249689102173, "prnt": false}
{"event": "training_step", "timestamp": 1769649160.2911315, "step": 475, "max_steps": 938, "loss": 5.658907413482666, "elapsed_time": 44.65789580345154, "prnt": false}
{"event": "training_step", "timestamp": 1769649160.3765936, "step": 476, "max_steps": 938, "loss": 5.567193508148193, "elapsed_time": 44.74324417114258, "prnt": false}
{"event": "training_step", "timestamp": 1769649160.4621117, "step": 477, "max_steps": 938, "loss": 5.63506555557251, "elapsed_time": 44.82886600494385, "prnt": false}
{"event": "training_step", "timestamp": 1769649160.5475576, "step": 478, "max_steps": 938, "loss": 5.594248294830322, "elapsed_time": 44.914146423339844, "prnt": false}
{"event": "training_step", "timestamp": 1769649160.6330178, "step": 479, "max_steps": 938, "loss": 5.623794078826904, "elapsed_time": 44.999945878982544, "prnt": false}
{"event": "training_step", "timestamp": 1769649160.7184718, "step": 480, "max_steps": 938, "loss": 5.608949661254883, "elapsed_time": 45.08511233329773, "prnt": false}
{"event": "training_step", "timestamp": 1769649160.8038487, "step": 481, "max_steps": 938, "loss": 5.528859615325928, "elapsed_time": 45.17070746421814, "prnt": false}
{"event": "training_step", "timestamp": 1769649160.8892782, "step": 482, "max_steps": 938, "loss": 5.55785608291626, "elapsed_time": 45.25609493255615, "prnt": false}
{"event": "training_step", "timestamp": 1769649160.9747741, "step": 483, "max_steps": 938, "loss": 5.641872882843018, "elapsed_time": 45.341662883758545, "prnt": false}
{"event": "training_step", "timestamp": 1769649161.0601332, "step": 484, "max_steps": 938, "loss": 5.556909084320068, "elapsed_time": 45.426926136016846, "prnt": false}
{"event": "validation_step", "timestamp": 1769649161.4472516, "step": 484, "max_steps": 938, "loss": 1.2898882917054142, "elapsed_time": 45.426926136016846}
{"event": "training_step", "timestamp": 1769649161.533181, "step": 485, "max_steps": 938, "loss": 5.629362106323242, "elapsed_time": 45.89972424507141, "prnt": false}
{"event": "training_step", "timestamp": 1769649161.618638, "step": 486, "max_steps": 938, "loss": 5.611403942108154, "elapsed_time": 45.985257625579834, "prnt": false}
{"event": "training_step", "timestamp": 1769649161.7040958, "step": 487, "max_steps": 938, "loss": 5.600964546203613, "elapsed_time": 46.07104206085205, "prnt": false}
{"event": "training_step", "timestamp": 1769649161.7894824, "step": 488, "max_steps": 938, "loss": 5.575794219970703, "elapsed_time": 46.1561803817749, "prnt": false}
{"event": "training_step", "timestamp": 1769649161.8752892, "step": 489, "max_steps": 938, "loss": 5.632958889007568, "elapsed_time": 46.24213743209839, "prnt": false}
{"event": "training_step", "timestamp": 1769649161.9609473, "step": 490, "max_steps": 938, "loss": 5.5883893966674805, "elapsed_time": 46.327943563461304, "prnt": false}
{"event": "training_step", "timestamp": 1769649162.04644, "step": 491, "max_steps": 938, "loss": 5.6030049324035645, "elapsed_time": 46.4132719039917, "prnt": false}
{"event": "training_step", "timestamp": 1769649162.1319678, "step": 492, "max_steps": 938, "loss": 5.637397766113281, "elapsed_time": 46.49847364425659, "prnt": false}
{"event": "training_step", "timestamp": 1769649162.2176282, "step": 493, "max_steps": 938, "loss": 5.550662517547607, "elapsed_time": 46.58431911468506, "prnt": false}
{"event": "training_step", "timestamp": 1769649162.3029754, "step": 494, "max_steps": 938, "loss": 5.583130836486816, "elapsed_time": 46.669769525527954, "prnt": false}
{"event": "training_step", "timestamp": 1769649162.3885186, "step": 495, "max_steps": 938, "loss": 5.650104522705078, "elapsed_time": 46.75506591796875, "prnt": false}
{"event": "training_step", "timestamp": 1769649162.4739125, "step": 496, "max_steps": 938, "loss": 5.56007194519043, "elapsed_time": 46.84075689315796, "prnt": false}
{"event": "training_step", "timestamp": 1769649162.5595124, "step": 497, "max_steps": 938, "loss": 5.554103374481201, "elapsed_time": 46.92612957954407, "prnt": false}
{"event": "training_step", "timestamp": 1769649162.6448874, "step": 498, "max_steps": 938, "loss": 5.551704406738281, "elapsed_time": 47.01182413101196, "prnt": false}
{"event": "training_step", "timestamp": 1769649162.730352, "step": 499, "max_steps": 938, "loss": 5.548583507537842, "elapsed_time": 47.097243785858154, "prnt": false}
{"event": "training_step", "timestamp": 1769649162.815845, "step": 500, "max_steps": 938, "loss": 5.484755992889404, "elapsed_time": 47.18258786201477, "prnt": false}
{"event": "training_step", "timestamp": 1769649162.901521, "step": 501, "max_steps": 938, "loss": 5.6313982009887695, "elapsed_time": 47.26815581321716, "prnt": false}
{"event": "training_step", "timestamp": 1769649162.9869123, "step": 502, "max_steps": 938, "loss": 5.518752574920654, "elapsed_time": 47.35357093811035, "prnt": false}
{"event": "training_step", "timestamp": 1769649163.0723612, "step": 503, "max_steps": 938, "loss": 5.54500675201416, "elapsed_time": 47.43923258781433, "prnt": false}
{"event": "training_step", "timestamp": 1769649163.1579852, "step": 504, "max_steps": 938, "loss": 5.621128559112549, "elapsed_time": 47.524672508239746, "prnt": false}
{"event": "training_step", "timestamp": 1769649163.243572, "step": 505, "max_steps": 938, "loss": 5.49769401550293, "elapsed_time": 47.610332012176514, "prnt": false}
{"event": "training_step", "timestamp": 1769649163.3290281, "step": 506, "max_steps": 938, "loss": 5.537229061126709, "elapsed_time": 47.69585180282593, "prnt": false}
{"event": "training_step", "timestamp": 1769649163.414624, "step": 507, "max_steps": 938, "loss": 5.573605537414551, "elapsed_time": 47.781195402145386, "prnt": false}
{"event": "training_step", "timestamp": 1769649163.5001853, "step": 508, "max_steps": 938, "loss": 5.522505760192871, "elapsed_time": 47.86676645278931, "prnt": false}
{"event": "training_step", "timestamp": 1769649163.585657, "step": 509, "max_steps": 938, "loss": 5.517207145690918, "elapsed_time": 47.9525043964386, "prnt": false}
{"event": "training_step", "timestamp": 1769649163.6711152, "step": 510, "max_steps": 938, "loss": 5.481785297393799, "elapsed_time": 48.03774976730347, "prnt": false}
{"event": "training_step", "timestamp": 1769649163.7568698, "step": 511, "max_steps": 938, "loss": 5.536665916442871, "elapsed_time": 48.12345600128174, "prnt": false}
{"event": "training_step", "timestamp": 1769649163.8422983, "step": 512, "max_steps": 938, "loss": 5.5344414710998535, "elapsed_time": 48.209333419799805, "prnt": false}
{"event": "training_step", "timestamp": 1769649163.9280038, "step": 513, "max_steps": 938, "loss": 5.449514389038086, "elapsed_time": 48.29481911659241, "prnt": false}
{"event": "training_step", "timestamp": 1769649164.0134742, "step": 514, "max_steps": 938, "loss": 5.604050636291504, "elapsed_time": 48.3802604675293, "prnt": false}
{"event": "training_step", "timestamp": 1769649164.0992842, "step": 515, "max_steps": 938, "loss": 5.566078186035156, "elapsed_time": 48.46601581573486, "prnt": false}
{"event": "training_step", "timestamp": 1769649164.1847942, "step": 516, "max_steps": 938, "loss": 5.553722381591797, "elapsed_time": 48.55144548416138, "prnt": false}
{"event": "training_step", "timestamp": 1769649164.2703195, "step": 517, "max_steps": 938, "loss": 5.46907377243042, "elapsed_time": 48.6370325088501, "prnt": false}
{"event": "training_step", "timestamp": 1769649164.355941, "step": 518, "max_steps": 938, "loss": 5.624791622161865, "elapsed_time": 48.72243332862854, "prnt": false}
{"event": "training_step", "timestamp": 1769649164.4415066, "step": 519, "max_steps": 938, "loss": 5.531213760375977, "elapsed_time": 48.80809807777405, "prnt": false}
{"event": "training_step", "timestamp": 1769649164.5269034, "step": 520, "max_steps": 938, "loss": 5.485996723175049, "elapsed_time": 48.89397716522217, "prnt": false}
{"event": "training_step", "timestamp": 1769649164.612481, "step": 521, "max_steps": 938, "loss": 5.606974124908447, "elapsed_time": 48.97937321662903, "prnt": false}
{"event": "training_step", "timestamp": 1769649164.698228, "step": 522, "max_steps": 938, "loss": 5.54278039932251, "elapsed_time": 49.0649037361145, "prnt": false}
{"event": "training_step", "timestamp": 1769649164.7837474, "step": 523, "max_steps": 938, "loss": 5.44679069519043, "elapsed_time": 49.150516510009766, "prnt": false}
{"event": "training_step", "timestamp": 1769649164.8693335, "step": 524, "max_steps": 938, "loss": 5.573204040527344, "elapsed_time": 49.235780477523804, "prnt": false}
{"event": "training_step", "timestamp": 1769649164.9549716, "step": 525, "max_steps": 938, "loss": 5.573902606964111, "elapsed_time": 49.321598529815674, "prnt": false}
{"event": "training_step", "timestamp": 1769649165.040495, "step": 526, "max_steps": 938, "loss": 5.540313243865967, "elapsed_time": 49.407102823257446, "prnt": false}
{"event": "training_step", "timestamp": 1769649165.1259758, "step": 527, "max_steps": 938, "loss": 5.550355434417725, "elapsed_time": 49.49273347854614, "prnt": false}
{"event": "training_step", "timestamp": 1769649165.2115302, "step": 528, "max_steps": 938, "loss": 5.495142459869385, "elapsed_time": 49.5780131816864, "prnt": false}
{"event": "validation_step", "timestamp": 1769649165.598994, "step": 528, "max_steps": 938, "loss": 1.2837233031000288, "elapsed_time": 49.5780131816864}
{"event": "training_step", "timestamp": 1769649165.6851134, "step": 529, "max_steps": 938, "loss": 5.430461883544922, "elapsed_time": 50.05151605606079, "prnt": false}
{"event": "training_step", "timestamp": 1769649165.7707055, "step": 530, "max_steps": 938, "loss": 5.4598894119262695, "elapsed_time": 50.13725185394287, "prnt": false}
{"event": "training_step", "timestamp": 1769649165.85641, "step": 531, "max_steps": 938, "loss": 5.4946513175964355, "elapsed_time": 50.223429918289185, "prnt": false}
{"event": "training_step", "timestamp": 1769649165.9420772, "step": 532, "max_steps": 938, "loss": 5.535394191741943, "elapsed_time": 50.309667110443115, "prnt": false}
{"event": "training_step", "timestamp": 1769649166.0276606, "step": 533, "max_steps": 938, "loss": 5.484915733337402, "elapsed_time": 50.39442491531372, "prnt": false}
{"event": "training_step", "timestamp": 1769649166.113151, "step": 534, "max_steps": 938, "loss": 5.472886085510254, "elapsed_time": 50.47977924346924, "prnt": false}
{"event": "training_step", "timestamp": 1769649166.198685, "step": 535, "max_steps": 938, "loss": 5.4294514656066895, "elapsed_time": 50.56529903411865, "prnt": false}
{"event": "training_step", "timestamp": 1769649166.2841184, "step": 536, "max_steps": 938, "loss": 5.5382466316223145, "elapsed_time": 50.65075874328613, "prnt": false}
{"event": "training_step", "timestamp": 1769649166.3698137, "step": 537, "max_steps": 938, "loss": 5.500395774841309, "elapsed_time": 50.73656439781189, "prnt": false}
{"event": "training_step", "timestamp": 1769649166.4555018, "step": 538, "max_steps": 938, "loss": 5.4865922927856445, "elapsed_time": 50.821892738342285, "prnt": false}
{"event": "training_step", "timestamp": 1769649166.5410535, "step": 539, "max_steps": 938, "loss": 5.456624984741211, "elapsed_time": 50.907862424850464, "prnt": false}
{"event": "training_step", "timestamp": 1769649166.6265447, "step": 540, "max_steps": 938, "loss": 5.514034748077393, "elapsed_time": 50.99318861961365, "prnt": false}
{"event": "training_step", "timestamp": 1769649166.7119598, "step": 541, "max_steps": 938, "loss": 5.558206558227539, "elapsed_time": 51.07884454727173, "prnt": false}
{"event": "training_step", "timestamp": 1769649166.7974977, "step": 542, "max_steps": 938, "loss": 5.525182247161865, "elapsed_time": 51.16411638259888, "prnt": false}
{"event": "training_step", "timestamp": 1769649166.8830807, "step": 543, "max_steps": 938, "loss": 5.465080738067627, "elapsed_time": 51.24990963935852, "prnt": false}
{"event": "training_step", "timestamp": 1769649166.9688427, "step": 544, "max_steps": 938, "loss": 5.501799583435059, "elapsed_time": 51.33527612686157, "prnt": false}
{"event": "training_step", "timestamp": 1769649167.0546532, "step": 545, "max_steps": 938, "loss": 5.468883514404297, "elapsed_time": 51.421199321746826, "prnt": false}
{"event": "training_step", "timestamp": 1769649167.1404386, "step": 546, "max_steps": 938, "loss": 5.50701904296875, "elapsed_time": 51.50800609588623, "prnt": false}
{"event": "training_step", "timestamp": 1769649167.2262967, "step": 547, "max_steps": 938, "loss": 5.487717151641846, "elapsed_time": 51.59375214576721, "prnt": false}
{"event": "training_step", "timestamp": 1769649167.312123, "step": 548, "max_steps": 938, "loss": 5.463827610015869, "elapsed_time": 51.67940592765808, "prnt": false}
{"event": "training_step", "timestamp": 1769649167.3980334, "step": 549, "max_steps": 938, "loss": 5.451025009155273, "elapsed_time": 51.76510763168335, "prnt": false}
{"event": "training_step", "timestamp": 1769649167.4836922, "step": 550, "max_steps": 938, "loss": 5.434054851531982, "elapsed_time": 51.85093283653259, "prnt": false}
{"event": "training_step", "timestamp": 1769649167.569777, "step": 551, "max_steps": 938, "loss": 5.471682071685791, "elapsed_time": 51.93692970275879, "prnt": false}
{"event": "training_step", "timestamp": 1769649167.6557841, "step": 552, "max_steps": 938, "loss": 5.503602504730225, "elapsed_time": 52.0229287147522, "prnt": false}
{"event": "training_step", "timestamp": 1769649167.7416604, "step": 553, "max_steps": 938, "loss": 5.476553916931152, "elapsed_time": 52.10911822319031, "prnt": false}
{"event": "training_step", "timestamp": 1769649167.82821, "step": 554, "max_steps": 938, "loss": 5.444138526916504, "elapsed_time": 52.198505878448486, "prnt": false}
{"event": "training_step", "timestamp": 1769649167.9142218, "step": 555, "max_steps": 938, "loss": 5.464176654815674, "elapsed_time": 52.28118872642517, "prnt": false}
{"event": "training_step", "timestamp": 1769649168.0000181, "step": 556, "max_steps": 938, "loss": 5.404082298278809, "elapsed_time": 52.36716675758362, "prnt": false}
{"event": "training_step", "timestamp": 1769649168.0858903, "step": 557, "max_steps": 938, "loss": 5.436167240142822, "elapsed_time": 52.45313549041748, "prnt": false}
{"event": "training_step", "timestamp": 1769649168.1715753, "step": 558, "max_steps": 938, "loss": 5.425564289093018, "elapsed_time": 52.53832650184631, "prnt": false}
{"event": "training_step", "timestamp": 1769649168.257479, "step": 559, "max_steps": 938, "loss": 5.429219722747803, "elapsed_time": 52.624212980270386, "prnt": false}
{"event": "training_step", "timestamp": 1769649168.3432918, "step": 560, "max_steps": 938, "loss": 5.4551544189453125, "elapsed_time": 52.71032929420471, "prnt": false}
{"event": "training_step", "timestamp": 1769649168.4290512, "step": 561, "max_steps": 938, "loss": 5.413665294647217, "elapsed_time": 52.795976877212524, "prnt": false}
{"event": "training_step", "timestamp": 1769649168.5150366, "step": 562, "max_steps": 938, "loss": 5.450023174285889, "elapsed_time": 52.882049322128296, "prnt": false}
{"event": "training_step", "timestamp": 1769649168.6010299, "step": 563, "max_steps": 938, "loss": 5.497928142547607, "elapsed_time": 52.968210220336914, "prnt": false}
{"event": "training_step", "timestamp": 1769649168.686798, "step": 564, "max_steps": 938, "loss": 5.417948246002197, "elapsed_time": 53.054062843322754, "prnt": false}
{"event": "training_step", "timestamp": 1769649168.772916, "step": 565, "max_steps": 938, "loss": 5.423831939697266, "elapsed_time": 53.14007759094238, "prnt": false}
{"event": "training_step", "timestamp": 1769649168.858782, "step": 566, "max_steps": 938, "loss": 5.464412689208984, "elapsed_time": 53.22571539878845, "prnt": false}
{"event": "training_step", "timestamp": 1769649168.9446478, "step": 567, "max_steps": 938, "loss": 5.430581092834473, "elapsed_time": 53.312119007110596, "prnt": false}
{"event": "training_step", "timestamp": 1769649169.030434, "step": 568, "max_steps": 938, "loss": 5.426115989685059, "elapsed_time": 53.397417306900024, "prnt": false}
{"event": "training_step", "timestamp": 1769649169.116367, "step": 569, "max_steps": 938, "loss": 5.424046993255615, "elapsed_time": 53.48304891586304, "prnt": false}
{"event": "training_step", "timestamp": 1769649169.2021337, "step": 570, "max_steps": 938, "loss": 5.396618843078613, "elapsed_time": 53.56930923461914, "prnt": false}
{"event": "training_step", "timestamp": 1769649169.2880962, "step": 571, "max_steps": 938, "loss": 5.45355224609375, "elapsed_time": 53.65498995780945, "prnt": false}
{"event": "training_step", "timestamp": 1769649169.3739707, "step": 572, "max_steps": 938, "loss": 5.4843974113464355, "elapsed_time": 53.740742921829224, "prnt": false}
{"event": "validation_step", "timestamp": 1769649169.7621844, "step": 572, "max_steps": 938, "loss": 1.2773125360915394, "elapsed_time": 53.740742921829224}
{"event": "training_step", "timestamp": 1769649169.8485305, "step": 573, "max_steps": 938, "loss": 5.415180683135986, "elapsed_time": 54.21554660797119, "prnt": false}
{"event": "training_step", "timestamp": 1769649169.9346275, "step": 574, "max_steps": 938, "loss": 5.423590660095215, "elapsed_time": 54.30168914794922, "prnt": false}
{"event": "training_step", "timestamp": 1769649170.0208054, "step": 575, "max_steps": 938, "loss": 5.394199371337891, "elapsed_time": 54.38832330703735, "prnt": false}
{"event": "training_step", "timestamp": 1769649170.1075032, "step": 576, "max_steps": 938, "loss": 5.44642972946167, "elapsed_time": 54.47709107398987, "prnt": false}
{"event": "training_step", "timestamp": 1769649170.1944227, "step": 577, "max_steps": 938, "loss": 5.475699424743652, "elapsed_time": 54.56393647193909, "prnt": false}
{"event": "training_step", "timestamp": 1769649170.2803419, "step": 578, "max_steps": 938, "loss": 5.418771266937256, "elapsed_time": 54.647342920303345, "prnt": false}
{"event": "training_step", "timestamp": 1769649170.366254, "step": 579, "max_steps": 938, "loss": 5.408601760864258, "elapsed_time": 54.73343539237976, "prnt": false}
{"event": "training_step", "timestamp": 1769649170.452205, "step": 580, "max_steps": 938, "loss": 5.4699625968933105, "elapsed_time": 54.81903600692749, "prnt": false}
{"event": "training_step", "timestamp": 1769649170.538265, "step": 581, "max_steps": 938, "loss": 5.4377760887146, "elapsed_time": 54.905412673950195, "prnt": false}
{"event": "training_step", "timestamp": 1769649170.6240654, "step": 582, "max_steps": 938, "loss": 5.392139434814453, "elapsed_time": 54.99095821380615, "prnt": false}
{"event": "training_step", "timestamp": 1769649170.710039, "step": 583, "max_steps": 938, "loss": 5.415264129638672, "elapsed_time": 55.07702350616455, "prnt": false}
{"event": "training_step", "timestamp": 1769649170.7957983, "step": 584, "max_steps": 938, "loss": 5.393596172332764, "elapsed_time": 55.1620237827301, "prnt": false}
{"event": "training_step", "timestamp": 1769649170.8814285, "step": 585, "max_steps": 938, "loss": 5.383110523223877, "elapsed_time": 55.24787759780884, "prnt": false}
{"event": "training_step", "timestamp": 1769649170.9671104, "step": 586, "max_steps": 938, "loss": 5.3749680519104, "elapsed_time": 55.333433866500854, "prnt": false}
{"event": "training_step", "timestamp": 1769649171.0531368, "step": 587, "max_steps": 938, "loss": 5.342035293579102, "elapsed_time": 55.4198055267334, "prnt": false}
{"event": "training_step", "timestamp": 1769649171.1390986, "step": 588, "max_steps": 938, "loss": 5.436356544494629, "elapsed_time": 55.50622034072876, "prnt": false}
{"event": "training_step", "timestamp": 1769649171.225092, "step": 589, "max_steps": 938, "loss": 5.483075141906738, "elapsed_time": 55.59234309196472, "prnt": false}
{"event": "training_step", "timestamp": 1769649171.3109257, "step": 590, "max_steps": 938, "loss": 5.415992259979248, "elapsed_time": 55.67754244804382, "prnt": false}
{"event": "training_step", "timestamp": 1769649171.3967118, "step": 591, "max_steps": 938, "loss": 5.426702976226807, "elapsed_time": 55.76315665245056, "prnt": false}
{"event": "training_step", "timestamp": 1769649171.4823112, "step": 592, "max_steps": 938, "loss": 5.402426719665527, "elapsed_time": 55.848674297332764, "prnt": false}
{"event": "training_step", "timestamp": 1769649171.5681489, "step": 593, "max_steps": 938, "loss": 5.307826995849609, "elapsed_time": 55.934449434280396, "prnt": false}
{"event": "training_step", "timestamp": 1769649171.654167, "step": 594, "max_steps": 938, "loss": 5.379197597503662, "elapsed_time": 56.02084541320801, "prnt": false}
{"event": "training_step", "timestamp": 1769649171.740236, "step": 595, "max_steps": 938, "loss": 5.446832180023193, "elapsed_time": 56.107369899749756, "prnt": false}
{"event": "training_step", "timestamp": 1769649171.8262727, "step": 596, "max_steps": 938, "loss": 5.430880069732666, "elapsed_time": 56.193378925323486, "prnt": false}
{"event": "training_step", "timestamp": 1769649171.9123886, "step": 597, "max_steps": 938, "loss": 5.408656597137451, "elapsed_time": 56.279521226882935, "prnt": false}
{"event": "training_step", "timestamp": 1769649171.9984288, "step": 598, "max_steps": 938, "loss": 5.332374572753906, "elapsed_time": 56.36545014381409, "prnt": false}
{"event": "training_step", "timestamp": 1769649172.084471, "step": 599, "max_steps": 938, "loss": 5.352607250213623, "elapsed_time": 56.45163702964783, "prnt": false}
{"event": "training_step", "timestamp": 1769649172.1703851, "step": 600, "max_steps": 938, "loss": 5.359292984008789, "elapsed_time": 56.53771996498108, "prnt": false}
{"event": "training_step", "timestamp": 1769649172.2563503, "step": 601, "max_steps": 938, "loss": 5.457564830780029, "elapsed_time": 56.62295055389404, "prnt": false}
{"event": "training_step", "timestamp": 1769649172.341997, "step": 602, "max_steps": 938, "loss": 5.288280010223389, "elapsed_time": 56.708416223526, "prnt": false}
{"event": "training_step", "timestamp": 1769649172.4277184, "step": 603, "max_steps": 938, "loss": 5.417710781097412, "elapsed_time": 56.79396104812622, "prnt": false}
{"event": "training_step", "timestamp": 1769649172.513566, "step": 604, "max_steps": 938, "loss": 5.394311904907227, "elapsed_time": 56.8796546459198, "prnt": false}
{"event": "training_step", "timestamp": 1769649172.5993185, "step": 605, "max_steps": 938, "loss": 5.418148517608643, "elapsed_time": 56.965585231781006, "prnt": false}
{"event": "training_step", "timestamp": 1769649172.6850457, "step": 606, "max_steps": 938, "loss": 5.278753757476807, "elapsed_time": 57.05141472816467, "prnt": false}
{"event": "training_step", "timestamp": 1769649172.7707787, "step": 607, "max_steps": 938, "loss": 5.426358222961426, "elapsed_time": 57.13706660270691, "prnt": false}
{"event": "training_step", "timestamp": 1769649172.8565102, "step": 608, "max_steps": 938, "loss": 5.374537467956543, "elapsed_time": 57.22273898124695, "prnt": false}
{"event": "training_step", "timestamp": 1769649172.942296, "step": 609, "max_steps": 938, "loss": 5.4143476486206055, "elapsed_time": 57.30864119529724, "prnt": false}
{"event": "training_step", "timestamp": 1769649173.028044, "step": 610, "max_steps": 938, "loss": 5.430330276489258, "elapsed_time": 57.394202709198, "prnt": false}
{"event": "training_step", "timestamp": 1769649173.1138432, "step": 611, "max_steps": 938, "loss": 5.416590213775635, "elapsed_time": 57.480026721954346, "prnt": false}
{"event": "training_step", "timestamp": 1769649173.1994984, "step": 612, "max_steps": 938, "loss": 5.4138360023498535, "elapsed_time": 57.56574821472168, "prnt": false}
{"event": "training_step", "timestamp": 1769649173.2852554, "step": 613, "max_steps": 938, "loss": 5.395165920257568, "elapsed_time": 57.65183973312378, "prnt": false}
{"event": "training_step", "timestamp": 1769649173.3709254, "step": 614, "max_steps": 938, "loss": 5.344974994659424, "elapsed_time": 57.73725414276123, "prnt": false}
{"event": "training_step", "timestamp": 1769649173.4566946, "step": 615, "max_steps": 938, "loss": 5.378702163696289, "elapsed_time": 57.82296919822693, "prnt": false}
{"event": "training_step", "timestamp": 1769649173.542318, "step": 616, "max_steps": 938, "loss": 5.400125503540039, "elapsed_time": 57.908674478530884, "prnt": false}
{"event": "validation_step", "timestamp": 1769649173.9307775, "step": 616, "max_steps": 938, "loss": 1.272359580182745, "elapsed_time": 57.908674478530884}
{"event": "training_step", "timestamp": 1769649174.0171437, "step": 617, "max_steps": 938, "loss": 5.372043609619141, "elapsed_time": 58.38327217102051, "prnt": false}
{"event": "training_step", "timestamp": 1769649174.102903, "step": 618, "max_steps": 938, "loss": 5.377873420715332, "elapsed_time": 58.469064235687256, "prnt": false}
{"event": "training_step", "timestamp": 1769649174.1890876, "step": 619, "max_steps": 938, "loss": 5.325517654418945, "elapsed_time": 58.55485439300537, "prnt": false}
{"event": "training_step", "timestamp": 1769649174.2749054, "step": 620, "max_steps": 938, "loss": 5.401592254638672, "elapsed_time": 58.641013622283936, "prnt": false}
{"event": "training_step", "timestamp": 1769649174.3605964, "step": 621, "max_steps": 938, "loss": 5.412361145019531, "elapsed_time": 58.72694683074951, "prnt": false}
{"event": "training_step", "timestamp": 1769649174.446249, "step": 622, "max_steps": 938, "loss": 5.351041793823242, "elapsed_time": 58.81267976760864, "prnt": false}
{"event": "training_step", "timestamp": 1769649174.5321023, "step": 623, "max_steps": 938, "loss": 5.3192291259765625, "elapsed_time": 58.898404359817505, "prnt": false}
{"event": "training_step", "timestamp": 1769649174.6178734, "step": 624, "max_steps": 938, "loss": 5.377559185028076, "elapsed_time": 58.98412108421326, "prnt": false}
{"event": "training_step", "timestamp": 1769649174.7037048, "step": 625, "max_steps": 938, "loss": 5.333649635314941, "elapsed_time": 59.069979429244995, "prnt": false}
{"event": "training_step", "timestamp": 1769649174.7893963, "step": 626, "max_steps": 938, "loss": 5.373590469360352, "elapsed_time": 59.15579557418823, "prnt": false}
{"event": "training_step", "timestamp": 1769649174.8752227, "step": 627, "max_steps": 938, "loss": 5.3177900314331055, "elapsed_time": 59.241302251815796, "prnt": false}
{"event": "training_step", "timestamp": 1769649174.9608886, "step": 628, "max_steps": 938, "loss": 5.358783721923828, "elapsed_time": 59.327141761779785, "prnt": false}
{"event": "training_step", "timestamp": 1769649175.0467234, "step": 629, "max_steps": 938, "loss": 5.384284019470215, "elapsed_time": 59.4129433631897, "prnt": false}
{"event": "training_step", "timestamp": 1769649175.132473, "step": 630, "max_steps": 938, "loss": 5.338115215301514, "elapsed_time": 59.49869990348816, "prnt": false}
{"event": "training_step", "timestamp": 1769649175.2181704, "step": 631, "max_steps": 938, "loss": 5.367124557495117, "elapsed_time": 59.584420919418335, "prnt": false}
{"event": "training_step", "timestamp": 1769649175.3037915, "step": 632, "max_steps": 938, "loss": 5.352410316467285, "elapsed_time": 59.6700541973114, "prnt": false}
{"event": "training_step", "timestamp": 1769649175.389397, "step": 633, "max_steps": 938, "loss": 5.325535297393799, "elapsed_time": 59.75593304634094, "prnt": false}
{"event": "training_step", "timestamp": 1769649175.4751658, "step": 634, "max_steps": 938, "loss": 5.322615146636963, "elapsed_time": 59.84147906303406, "prnt": false}
{"event": "training_step", "timestamp": 1769649175.5608752, "step": 635, "max_steps": 938, "loss": 5.380028247833252, "elapsed_time": 59.927183866500854, "prnt": false}
{"event": "training_step", "timestamp": 1769649175.6467028, "step": 636, "max_steps": 938, "loss": 5.272881984710693, "elapsed_time": 60.012818813323975, "prnt": false}
{"event": "training_step", "timestamp": 1769649175.732596, "step": 637, "max_steps": 938, "loss": 5.303081512451172, "elapsed_time": 60.09873127937317, "prnt": false}
{"event": "training_step", "timestamp": 1769649175.818233, "step": 638, "max_steps": 938, "loss": 5.347435474395752, "elapsed_time": 60.18444061279297, "prnt": false}
{"event": "training_step", "timestamp": 1769649175.9039695, "step": 639, "max_steps": 938, "loss": 5.323612689971924, "elapsed_time": 60.270217180252075, "prnt": false}
{"event": "training_step", "timestamp": 1769649175.989887, "step": 640, "max_steps": 938, "loss": 5.331014633178711, "elapsed_time": 60.35658550262451, "prnt": false}
{"event": "training_step", "timestamp": 1769649176.075757, "step": 641, "max_steps": 938, "loss": 5.27927827835083, "elapsed_time": 60.441996335983276, "prnt": false}
{"event": "training_step", "timestamp": 1769649176.1614907, "step": 642, "max_steps": 938, "loss": 5.387369632720947, "elapsed_time": 60.52767491340637, "prnt": false}
{"event": "training_step", "timestamp": 1769649176.2474465, "step": 643, "max_steps": 938, "loss": 5.291337966918945, "elapsed_time": 60.61351919174194, "prnt": false}
{"event": "training_step", "timestamp": 1769649176.3334317, "step": 644, "max_steps": 938, "loss": 5.393476486206055, "elapsed_time": 60.6993944644928, "prnt": false}
{"event": "training_step", "timestamp": 1769649176.4191997, "step": 645, "max_steps": 938, "loss": 5.3516154289245605, "elapsed_time": 60.7854208946228, "prnt": false}
{"event": "training_step", "timestamp": 1769649176.504834, "step": 646, "max_steps": 938, "loss": 5.261481761932373, "elapsed_time": 60.871100425720215, "prnt": false}
{"event": "training_step", "timestamp": 1769649176.5907266, "step": 647, "max_steps": 938, "loss": 5.261683464050293, "elapsed_time": 60.956841230392456, "prnt": false}
{"event": "training_step", "timestamp": 1769649176.6765056, "step": 648, "max_steps": 938, "loss": 5.309378147125244, "elapsed_time": 61.04271340370178, "prnt": false}
{"event": "training_step", "timestamp": 1769649176.7622643, "step": 649, "max_steps": 938, "loss": 5.2620368003845215, "elapsed_time": 61.12852931022644, "prnt": false}
{"event": "training_step", "timestamp": 1769649176.848012, "step": 650, "max_steps": 938, "loss": 5.301181316375732, "elapsed_time": 61.21429681777954, "prnt": false}
{"event": "training_step", "timestamp": 1769649176.9339843, "step": 651, "max_steps": 938, "loss": 5.3487935066223145, "elapsed_time": 61.30024862289429, "prnt": false}
{"event": "training_step", "timestamp": 1769649177.0196733, "step": 652, "max_steps": 938, "loss": 5.3170013427734375, "elapsed_time": 61.385820388793945, "prnt": false}
{"event": "training_step", "timestamp": 1769649177.1054444, "step": 653, "max_steps": 938, "loss": 5.288411617279053, "elapsed_time": 61.47174024581909, "prnt": false}
{"event": "training_step", "timestamp": 1769649177.1911817, "step": 654, "max_steps": 938, "loss": 5.340640068054199, "elapsed_time": 61.55731439590454, "prnt": false}
{"event": "training_step", "timestamp": 1769649177.2771015, "step": 655, "max_steps": 938, "loss": 5.257670879364014, "elapsed_time": 61.64348816871643, "prnt": false}
{"event": "training_step", "timestamp": 1769649177.3627493, "step": 656, "max_steps": 938, "loss": 5.27838659286499, "elapsed_time": 61.729018211364746, "prnt": false}
{"event": "training_step", "timestamp": 1769649177.4484935, "step": 657, "max_steps": 938, "loss": 5.267755508422852, "elapsed_time": 61.8147029876709, "prnt": false}
{"event": "training_step", "timestamp": 1769649177.5343447, "step": 658, "max_steps": 938, "loss": 5.3077192306518555, "elapsed_time": 61.90047740936279, "prnt": false}
{"event": "training_step", "timestamp": 1769649177.620051, "step": 659, "max_steps": 938, "loss": 5.309323787689209, "elapsed_time": 61.98644185066223, "prnt": false}
{"event": "training_step", "timestamp": 1769649177.705841, "step": 660, "max_steps": 938, "loss": 5.360584259033203, "elapsed_time": 62.07205629348755, "prnt": false}
{"event": "validation_step", "timestamp": 1769649178.0943942, "step": 660, "max_steps": 938, "loss": 1.2697767427760676, "elapsed_time": 62.07205629348755}
{"event": "training_step", "timestamp": 1769649178.1808143, "step": 661, "max_steps": 938, "loss": 5.3052897453308105, "elapsed_time": 62.54702019691467, "prnt": false}
{"event": "training_step", "timestamp": 1769649178.2667475, "step": 662, "max_steps": 938, "loss": 5.31615686416626, "elapsed_time": 62.63286256790161, "prnt": false}
{"event": "training_step", "timestamp": 1769649178.3526466, "step": 663, "max_steps": 938, "loss": 5.308298587799072, "elapsed_time": 62.718751192092896, "prnt": false}
{"event": "training_step", "timestamp": 1769649178.4384098, "step": 664, "max_steps": 938, "loss": 5.306930065155029, "elapsed_time": 62.80471181869507, "prnt": false}
{"event": "training_step", "timestamp": 1769649178.524123, "step": 665, "max_steps": 938, "loss": 5.331634998321533, "elapsed_time": 62.890345096588135, "prnt": false}
{"event": "training_step", "timestamp": 1769649178.6099474, "step": 666, "max_steps": 938, "loss": 5.343907356262207, "elapsed_time": 62.9762864112854, "prnt": false}
{"event": "training_step", "timestamp": 1769649178.6958106, "step": 667, "max_steps": 938, "loss": 5.243953227996826, "elapsed_time": 63.06192207336426, "prnt": false}
{"event": "training_step", "timestamp": 1769649178.7814338, "step": 668, "max_steps": 938, "loss": 5.231522560119629, "elapsed_time": 63.14765286445618, "prnt": false}
{"event": "training_step", "timestamp": 1769649178.8673086, "step": 669, "max_steps": 938, "loss": 5.23470401763916, "elapsed_time": 63.23359966278076, "prnt": false}
{"event": "training_step", "timestamp": 1769649178.9531245, "step": 670, "max_steps": 938, "loss": 5.406102657318115, "elapsed_time": 63.31917977333069, "prnt": false}
{"event": "training_step", "timestamp": 1769649179.0391386, "step": 671, "max_steps": 938, "loss": 5.268950939178467, "elapsed_time": 63.40546774864197, "prnt": false}
{"event": "training_step", "timestamp": 1769649179.1248126, "step": 672, "max_steps": 938, "loss": 5.319694995880127, "elapsed_time": 63.49101138114929, "prnt": false}
{"event": "training_step", "timestamp": 1769649179.210631, "step": 673, "max_steps": 938, "loss": 5.237780570983887, "elapsed_time": 63.57682967185974, "prnt": false}
{"event": "training_step", "timestamp": 1769649179.2964625, "step": 674, "max_steps": 938, "loss": 5.27913761138916, "elapsed_time": 63.662734508514404, "prnt": false}
{"event": "training_step", "timestamp": 1769649179.3823977, "step": 675, "max_steps": 938, "loss": 5.265951156616211, "elapsed_time": 63.74862337112427, "prnt": false}
{"event": "training_step", "timestamp": 1769649179.4682815, "step": 676, "max_steps": 938, "loss": 5.30787467956543, "elapsed_time": 63.83437204360962, "prnt": false}
{"event": "training_step", "timestamp": 1769649179.5541933, "step": 677, "max_steps": 938, "loss": 5.303030014038086, "elapsed_time": 63.92053961753845, "prnt": false}
{"event": "training_step", "timestamp": 1769649179.6400912, "step": 678, "max_steps": 938, "loss": 5.268171310424805, "elapsed_time": 64.00693988800049, "prnt": false}
{"event": "training_step", "timestamp": 1769649179.7259827, "step": 679, "max_steps": 938, "loss": 5.251237869262695, "elapsed_time": 64.09251952171326, "prnt": false}
{"event": "training_step", "timestamp": 1769649179.8119152, "step": 680, "max_steps": 938, "loss": 5.31856632232666, "elapsed_time": 64.17809295654297, "prnt": false}
{"event": "training_step", "timestamp": 1769649179.8977587, "step": 681, "max_steps": 938, "loss": 5.313797473907471, "elapsed_time": 64.26420712471008, "prnt": false}
{"event": "training_step", "timestamp": 1769649179.9834878, "step": 682, "max_steps": 938, "loss": 5.269032955169678, "elapsed_time": 64.34989428520203, "prnt": false}
{"event": "training_step", "timestamp": 1769649180.0698225, "step": 683, "max_steps": 938, "loss": 5.32211446762085, "elapsed_time": 64.43639659881592, "prnt": false}
{"event": "training_step", "timestamp": 1769649180.1555507, "step": 684, "max_steps": 938, "loss": 5.272764682769775, "elapsed_time": 64.52194237709045, "prnt": false}
{"event": "training_step", "timestamp": 1769649180.2414637, "step": 685, "max_steps": 938, "loss": 5.293906211853027, "elapsed_time": 64.60802888870239, "prnt": false}
{"event": "training_step", "timestamp": 1769649180.3273857, "step": 686, "max_steps": 938, "loss": 5.329923629760742, "elapsed_time": 64.69358086585999, "prnt": false}
{"event": "training_step", "timestamp": 1769649180.413333, "step": 687, "max_steps": 938, "loss": 5.3021368980407715, "elapsed_time": 64.77961015701294, "prnt": false}
{"event": "training_step", "timestamp": 1769649180.4990544, "step": 688, "max_steps": 938, "loss": 5.273885726928711, "elapsed_time": 64.86548089981079, "prnt": false}
{"event": "training_step", "timestamp": 1769649180.5849617, "step": 689, "max_steps": 938, "loss": 5.305296421051025, "elapsed_time": 64.95141220092773, "prnt": false}
{"event": "training_step", "timestamp": 1769649180.6708546, "step": 690, "max_steps": 938, "loss": 5.343194961547852, "elapsed_time": 65.0371561050415, "prnt": false}
{"event": "training_step", "timestamp": 1769649180.756646, "step": 691, "max_steps": 938, "loss": 5.254721164703369, "elapsed_time": 65.12301397323608, "prnt": false}
{"event": "training_step", "timestamp": 1769649180.8424745, "step": 692, "max_steps": 938, "loss": 5.234477996826172, "elapsed_time": 65.20886898040771, "prnt": false}
{"event": "training_step", "timestamp": 1769649180.928401, "step": 693, "max_steps": 938, "loss": 5.309967041015625, "elapsed_time": 65.29465985298157, "prnt": false}
{"event": "training_step", "timestamp": 1769649181.0142026, "step": 694, "max_steps": 938, "loss": 5.251376152038574, "elapsed_time": 65.38046765327454, "prnt": false}
{"event": "training_step", "timestamp": 1769649181.0997715, "step": 695, "max_steps": 938, "loss": 5.246864318847656, "elapsed_time": 65.46639561653137, "prnt": false}
{"event": "training_step", "timestamp": 1769649181.1855838, "step": 696, "max_steps": 938, "loss": 5.285745143890381, "elapsed_time": 65.5518651008606, "prnt": false}
{"event": "training_step", "timestamp": 1769649181.2715902, "step": 697, "max_steps": 938, "loss": 5.250558853149414, "elapsed_time": 65.63795518875122, "prnt": false}
{"event": "training_step", "timestamp": 1769649181.3575401, "step": 698, "max_steps": 938, "loss": 5.2503981590271, "elapsed_time": 65.72370100021362, "prnt": false}
{"event": "training_step", "timestamp": 1769649181.4434745, "step": 699, "max_steps": 938, "loss": 5.239862442016602, "elapsed_time": 65.80983638763428, "prnt": false}
{"event": "training_step", "timestamp": 1769649181.5293684, "step": 700, "max_steps": 938, "loss": 5.288009166717529, "elapsed_time": 65.89564061164856, "prnt": false}
{"event": "training_step", "timestamp": 1769649181.6153207, "step": 701, "max_steps": 938, "loss": 5.218209743499756, "elapsed_time": 65.9817168712616, "prnt": false}
{"event": "training_step", "timestamp": 1769649181.7011664, "step": 702, "max_steps": 938, "loss": 5.257465362548828, "elapsed_time": 66.0674319267273, "prnt": false}
{"event": "training_step", "timestamp": 1769649181.7870984, "step": 703, "max_steps": 938, "loss": 5.225766658782959, "elapsed_time": 66.15353083610535, "prnt": false}
{"event": "training_step", "timestamp": 1769649181.8729925, "step": 704, "max_steps": 938, "loss": 5.251326560974121, "elapsed_time": 66.23916220664978, "prnt": false}
{"event": "validation_step", "timestamp": 1769649182.2618175, "step": 704, "max_steps": 938, "loss": 1.2669964711731718, "elapsed_time": 66.23916220664978}
{"event": "training_step", "timestamp": 1769649182.348064, "step": 705, "max_steps": 938, "loss": 5.282140254974365, "elapsed_time": 66.71457505226135, "prnt": false}
{"event": "training_step", "timestamp": 1769649182.4338868, "step": 706, "max_steps": 938, "loss": 5.321595191955566, "elapsed_time": 66.80026721954346, "prnt": false}
{"event": "training_step", "timestamp": 1769649182.519735, "step": 707, "max_steps": 938, "loss": 5.224646091461182, "elapsed_time": 66.88616561889648, "prnt": false}
{"event": "training_step", "timestamp": 1769649182.605676, "step": 708, "max_steps": 938, "loss": 5.288778781890869, "elapsed_time": 66.97207164764404, "prnt": false}
{"event": "training_step", "timestamp": 1769649182.6917, "step": 709, "max_steps": 938, "loss": 5.231616497039795, "elapsed_time": 67.05793476104736, "prnt": false}
{"event": "training_step", "timestamp": 1769649182.7775495, "step": 710, "max_steps": 938, "loss": 5.272796630859375, "elapsed_time": 67.14397859573364, "prnt": false}
{"event": "training_step", "timestamp": 1769649182.8633149, "step": 711, "max_steps": 938, "loss": 5.220187664031982, "elapsed_time": 67.22973370552063, "prnt": false}
{"event": "training_step", "timestamp": 1769649182.9492185, "step": 712, "max_steps": 938, "loss": 5.2800703048706055, "elapsed_time": 67.31539011001587, "prnt": false}
{"event": "training_step", "timestamp": 1769649183.0351484, "step": 713, "max_steps": 938, "loss": 5.272829532623291, "elapsed_time": 67.40148282051086, "prnt": false}
{"event": "training_step", "timestamp": 1769649183.1209505, "step": 714, "max_steps": 938, "loss": 5.21960973739624, "elapsed_time": 67.48721694946289, "prnt": false}
{"event": "training_step", "timestamp": 1769649183.2068253, "step": 715, "max_steps": 938, "loss": 5.240416526794434, "elapsed_time": 67.57320857048035, "prnt": false}
{"event": "training_step", "timestamp": 1769649183.2927556, "step": 716, "max_steps": 938, "loss": 5.28167724609375, "elapsed_time": 67.6591362953186, "prnt": false}
{"event": "training_step", "timestamp": 1769649183.378642, "step": 717, "max_steps": 938, "loss": 5.2972564697265625, "elapsed_time": 67.74491810798645, "prnt": false}
{"event": "training_step", "timestamp": 1769649183.4645693, "step": 718, "max_steps": 938, "loss": 5.3383564949035645, "elapsed_time": 67.83069634437561, "prnt": false}
{"event": "training_step", "timestamp": 1769649183.550658, "step": 719, "max_steps": 938, "loss": 5.240382671356201, "elapsed_time": 67.9168074131012, "prnt": false}
{"event": "training_step", "timestamp": 1769649183.6364582, "step": 720, "max_steps": 938, "loss": 5.217957973480225, "elapsed_time": 68.00287914276123, "prnt": false}
{"event": "training_step", "timestamp": 1769649183.722298, "step": 721, "max_steps": 938, "loss": 5.186424732208252, "elapsed_time": 68.08875226974487, "prnt": false}
{"event": "training_step", "timestamp": 1769649183.8081849, "step": 722, "max_steps": 938, "loss": 5.271185874938965, "elapsed_time": 68.1743893623352, "prnt": false}
{"event": "training_step", "timestamp": 1769649183.8940885, "step": 723, "max_steps": 938, "loss": 5.215766906738281, "elapsed_time": 68.26043796539307, "prnt": false}
{"event": "training_step", "timestamp": 1769649183.979896, "step": 724, "max_steps": 938, "loss": 5.293516159057617, "elapsed_time": 68.3461594581604, "prnt": false}
{"event": "training_step", "timestamp": 1769649184.0659184, "step": 725, "max_steps": 938, "loss": 5.219139099121094, "elapsed_time": 68.43278074264526, "prnt": false}
{"event": "training_step", "timestamp": 1769649184.1518245, "step": 726, "max_steps": 938, "loss": 5.159412860870361, "elapsed_time": 68.51805472373962, "prnt": false}
{"event": "training_step", "timestamp": 1769649184.2376711, "step": 727, "max_steps": 938, "loss": 5.247286319732666, "elapsed_time": 68.60403680801392, "prnt": false}
{"event": "training_step", "timestamp": 1769649184.323401, "step": 728, "max_steps": 938, "loss": 5.265576362609863, "elapsed_time": 68.68979954719543, "prnt": false}
{"event": "training_step", "timestamp": 1769649184.4094472, "step": 729, "max_steps": 938, "loss": 5.222385406494141, "elapsed_time": 68.77579689025879, "prnt": false}
{"event": "training_step", "timestamp": 1769649184.4952614, "step": 730, "max_steps": 938, "loss": 5.217432975769043, "elapsed_time": 68.86149477958679, "prnt": false}
{"event": "training_step", "timestamp": 1769649184.5811875, "step": 731, "max_steps": 938, "loss": 5.2402496337890625, "elapsed_time": 68.94778943061829, "prnt": false}
{"event": "training_step", "timestamp": 1769649184.6670895, "step": 732, "max_steps": 938, "loss": 5.250951290130615, "elapsed_time": 69.03330159187317, "prnt": false}
{"event": "training_step", "timestamp": 1769649184.7529707, "step": 733, "max_steps": 938, "loss": 5.196110248565674, "elapsed_time": 69.11927461624146, "prnt": false}
{"event": "training_step", "timestamp": 1769649184.838811, "step": 734, "max_steps": 938, "loss": 5.203302383422852, "elapsed_time": 69.20510005950928, "prnt": false}
{"event": "training_step", "timestamp": 1769649184.924673, "step": 735, "max_steps": 938, "loss": 5.214654445648193, "elapsed_time": 69.29095554351807, "prnt": false}
{"event": "training_step", "timestamp": 1769649185.0106804, "step": 736, "max_steps": 938, "loss": 5.18709659576416, "elapsed_time": 69.37680506706238, "prnt": false}
{"event": "training_step", "timestamp": 1769649185.096573, "step": 737, "max_steps": 938, "loss": 5.189464092254639, "elapsed_time": 69.46295547485352, "prnt": false}
{"event": "training_step", "timestamp": 1769649185.182467, "step": 738, "max_steps": 938, "loss": 5.155118942260742, "elapsed_time": 69.54896903038025, "prnt": false}
{"event": "training_step", "timestamp": 1769649185.2683654, "step": 739, "max_steps": 938, "loss": 5.222595691680908, "elapsed_time": 69.63467049598694, "prnt": false}
{"event": "training_step", "timestamp": 1769649185.354172, "step": 740, "max_steps": 938, "loss": 5.20525598526001, "elapsed_time": 69.72046828269958, "prnt": false}
{"event": "training_step", "timestamp": 1769649185.4401634, "step": 741, "max_steps": 938, "loss": 5.289020538330078, "elapsed_time": 69.80651617050171, "prnt": false}
{"event": "training_step", "timestamp": 1769649185.5259907, "step": 742, "max_steps": 938, "loss": 5.2741241455078125, "elapsed_time": 69.89225172996521, "prnt": false}
{"event": "training_step", "timestamp": 1769649185.6120102, "step": 743, "max_steps": 938, "loss": 5.190187454223633, "elapsed_time": 69.97852516174316, "prnt": false}
{"event": "training_step", "timestamp": 1769649185.697775, "step": 744, "max_steps": 938, "loss": 5.252361297607422, "elapsed_time": 70.06409406661987, "prnt": false}
{"event": "training_step", "timestamp": 1769649185.7837129, "step": 745, "max_steps": 938, "loss": 5.219973564147949, "elapsed_time": 70.15004205703735, "prnt": false}
{"event": "training_step", "timestamp": 1769649185.8696291, "step": 746, "max_steps": 938, "loss": 5.241770267486572, "elapsed_time": 70.23577761650085, "prnt": false}
{"event": "training_step", "timestamp": 1769649185.9555058, "step": 747, "max_steps": 938, "loss": 5.221555709838867, "elapsed_time": 70.3219165802002, "prnt": false}
{"event": "training_step", "timestamp": 1769649186.0412812, "step": 748, "max_steps": 938, "loss": 5.196438312530518, "elapsed_time": 70.4076418876648, "prnt": false}
{"event": "validation_step", "timestamp": 1769649186.4304395, "step": 748, "max_steps": 938, "loss": 1.2653449024098837, "elapsed_time": 70.4076418876648}
{"event": "training_step", "timestamp": 1769649186.5167587, "step": 749, "max_steps": 938, "loss": 5.272757053375244, "elapsed_time": 70.88313245773315, "prnt": false}
{"event": "training_step", "timestamp": 1769649186.6025767, "step": 750, "max_steps": 938, "loss": 5.194236755371094, "elapsed_time": 70.9689552783966, "prnt": false}
{"event": "training_step", "timestamp": 1769649186.68849, "step": 751, "max_steps": 938, "loss": 5.243863105773926, "elapsed_time": 71.05482482910156, "prnt": false}
{"event": "training_step", "timestamp": 1769649186.7743473, "step": 752, "max_steps": 938, "loss": 5.188995361328125, "elapsed_time": 71.14065337181091, "prnt": false}
{"event": "training_step", "timestamp": 1769649186.8603373, "step": 753, "max_steps": 938, "loss": 5.300549030303955, "elapsed_time": 71.22653460502625, "prnt": false}
{"event": "training_step", "timestamp": 1769649186.9462123, "step": 754, "max_steps": 938, "loss": 5.152780055999756, "elapsed_time": 71.31244850158691, "prnt": false}
{"event": "training_step", "timestamp": 1769649187.0322514, "step": 755, "max_steps": 938, "loss": 5.243222236633301, "elapsed_time": 71.39846849441528, "prnt": false}
{"event": "training_step", "timestamp": 1769649187.118069, "step": 756, "max_steps": 938, "loss": 5.259385108947754, "elapsed_time": 71.4842939376831, "prnt": false}
{"event": "training_step", "timestamp": 1769649187.20409, "step": 757, "max_steps": 938, "loss": 5.164202690124512, "elapsed_time": 71.57043743133545, "prnt": false}
{"event": "training_step", "timestamp": 1769649187.290045, "step": 758, "max_steps": 938, "loss": 5.169893264770508, "elapsed_time": 71.65616464614868, "prnt": false}
{"event": "training_step", "timestamp": 1769649187.3759146, "step": 759, "max_steps": 938, "loss": 5.2187910079956055, "elapsed_time": 71.74240970611572, "prnt": false}
{"event": "training_step", "timestamp": 1769649187.4618556, "step": 760, "max_steps": 938, "loss": 5.251044750213623, "elapsed_time": 71.82801866531372, "prnt": false}
{"event": "training_step", "timestamp": 1769649187.5478454, "step": 761, "max_steps": 938, "loss": 5.149845600128174, "elapsed_time": 71.91405653953552, "prnt": false}
{"event": "training_step", "timestamp": 1769649187.6337447, "step": 762, "max_steps": 938, "loss": 5.238738536834717, "elapsed_time": 72.00008487701416, "prnt": false}
{"event": "training_step", "timestamp": 1769649187.7195597, "step": 763, "max_steps": 938, "loss": 5.210238933563232, "elapsed_time": 72.08591604232788, "prnt": false}
{"event": "training_step", "timestamp": 1769649187.8053505, "step": 764, "max_steps": 938, "loss": 5.188560962677002, "elapsed_time": 72.17165446281433, "prnt": false}
{"event": "training_step", "timestamp": 1769649187.8909054, "step": 765, "max_steps": 938, "loss": 5.226942539215088, "elapsed_time": 72.25753808021545, "prnt": false}
{"event": "training_step", "timestamp": 1769649187.9767327, "step": 766, "max_steps": 938, "loss": 5.17577600479126, "elapsed_time": 72.34299516677856, "prnt": false}
{"event": "training_step", "timestamp": 1769649188.062718, "step": 767, "max_steps": 938, "loss": 5.173763275146484, "elapsed_time": 72.42890977859497, "prnt": false}
{"event": "training_step", "timestamp": 1769649188.1488187, "step": 768, "max_steps": 938, "loss": 5.1940999031066895, "elapsed_time": 72.51516461372375, "prnt": false}
{"event": "training_step", "timestamp": 1769649188.2347822, "step": 769, "max_steps": 938, "loss": 5.153511047363281, "elapsed_time": 72.60124826431274, "prnt": false}
{"event": "training_step", "timestamp": 1769649188.320613, "step": 770, "max_steps": 938, "loss": 5.237037181854248, "elapsed_time": 72.68689036369324, "prnt": false}
{"event": "training_step", "timestamp": 1769649188.4064364, "step": 771, "max_steps": 938, "loss": 5.129720211029053, "elapsed_time": 72.77277112007141, "prnt": false}
{"event": "training_step", "timestamp": 1769649188.492552, "step": 772, "max_steps": 938, "loss": 5.147674083709717, "elapsed_time": 72.8586540222168, "prnt": false}
{"event": "training_step", "timestamp": 1769649188.5784285, "step": 773, "max_steps": 938, "loss": 5.227811813354492, "elapsed_time": 72.9447021484375, "prnt": false}
{"event": "training_step", "timestamp": 1769649188.6642773, "step": 774, "max_steps": 938, "loss": 5.242090225219727, "elapsed_time": 73.03051495552063, "prnt": false}
{"event": "training_step", "timestamp": 1769649188.7503214, "step": 775, "max_steps": 938, "loss": 5.188200950622559, "elapsed_time": 73.1164608001709, "prnt": false}
{"event": "training_step", "timestamp": 1769649188.8361166, "step": 776, "max_steps": 938, "loss": 5.237452507019043, "elapsed_time": 73.20239043235779, "prnt": false}
{"event": "training_step", "timestamp": 1769649188.9219458, "step": 777, "max_steps": 938, "loss": 5.2191314697265625, "elapsed_time": 73.28838300704956, "prnt": false}
{"event": "training_step", "timestamp": 1769649189.0078785, "step": 778, "max_steps": 938, "loss": 5.172459125518799, "elapsed_time": 73.374098777771, "prnt": false}
{"event": "training_step", "timestamp": 1769649189.0937533, "step": 779, "max_steps": 938, "loss": 5.214068412780762, "elapsed_time": 73.46002054214478, "prnt": false}
{"event": "training_step", "timestamp": 1769649189.1796627, "step": 780, "max_steps": 938, "loss": 5.195408821105957, "elapsed_time": 73.54595017433167, "prnt": false}
{"event": "training_step", "timestamp": 1769649189.265665, "step": 781, "max_steps": 938, "loss": 5.234373092651367, "elapsed_time": 73.63192749023438, "prnt": false}
{"event": "training_step", "timestamp": 1769649189.3514998, "step": 782, "max_steps": 938, "loss": 5.187711715698242, "elapsed_time": 73.71776294708252, "prnt": false}
{"event": "training_step", "timestamp": 1769649189.437383, "step": 783, "max_steps": 938, "loss": 5.227917194366455, "elapsed_time": 73.80368757247925, "prnt": false}
{"event": "training_step", "timestamp": 1769649189.523322, "step": 784, "max_steps": 938, "loss": 5.180579662322998, "elapsed_time": 73.8894555568695, "prnt": false}
{"event": "training_step", "timestamp": 1769649189.6094043, "step": 785, "max_steps": 938, "loss": 5.191147804260254, "elapsed_time": 73.9758710861206, "prnt": false}
{"event": "training_step", "timestamp": 1769649189.6952167, "step": 786, "max_steps": 938, "loss": 5.238471984863281, "elapsed_time": 74.06154656410217, "prnt": false}
{"event": "training_step", "timestamp": 1769649189.7811835, "step": 787, "max_steps": 938, "loss": 5.195862293243408, "elapsed_time": 74.1473913192749, "prnt": false}
{"event": "training_step", "timestamp": 1769649189.867059, "step": 788, "max_steps": 938, "loss": 5.142987251281738, "elapsed_time": 74.23347544670105, "prnt": false}
{"event": "training_step", "timestamp": 1769649189.953134, "step": 789, "max_steps": 938, "loss": 5.2579545974731445, "elapsed_time": 74.31952023506165, "prnt": false}
{"event": "training_step", "timestamp": 1769649190.038912, "step": 790, "max_steps": 938, "loss": 5.163471221923828, "elapsed_time": 74.40523195266724, "prnt": false}
{"event": "training_step", "timestamp": 1769649190.1249936, "step": 791, "max_steps": 938, "loss": 5.222546100616455, "elapsed_time": 74.49158716201782, "prnt": false}
{"event": "training_step", "timestamp": 1769649190.21093, "step": 792, "max_steps": 938, "loss": 5.283944606781006, "elapsed_time": 74.57718873023987, "prnt": false}
{"event": "validation_step", "timestamp": 1769649190.599852, "step": 792, "max_steps": 938, "loss": 1.264137871848318, "elapsed_time": 74.57718873023987}
{"event": "training_step", "timestamp": 1769649190.6861465, "step": 793, "max_steps": 938, "loss": 5.19580078125, "elapsed_time": 75.05235433578491, "prnt": false}
{"event": "training_step", "timestamp": 1769649190.7719686, "step": 794, "max_steps": 938, "loss": 5.225440502166748, "elapsed_time": 75.13825249671936, "prnt": false}
{"event": "training_step", "timestamp": 1769649190.8579454, "step": 795, "max_steps": 938, "loss": 5.185329914093018, "elapsed_time": 75.22404289245605, "prnt": false}
{"event": "training_step", "timestamp": 1769649190.9438033, "step": 796, "max_steps": 938, "loss": 5.203526973724365, "elapsed_time": 75.31011509895325, "prnt": false}
{"event": "training_step", "timestamp": 1769649191.0297995, "step": 797, "max_steps": 938, "loss": 5.160164833068848, "elapsed_time": 75.39604687690735, "prnt": false}
{"event": "training_step", "timestamp": 1769649191.1155415, "step": 798, "max_steps": 938, "loss": 5.265491008758545, "elapsed_time": 75.48189687728882, "prnt": false}
{"event": "training_step", "timestamp": 1769649191.2015698, "step": 799, "max_steps": 938, "loss": 5.113152503967285, "elapsed_time": 75.5677273273468, "prnt": false}
{"event": "training_step", "timestamp": 1769649191.287529, "step": 800, "max_steps": 938, "loss": 5.230990409851074, "elapsed_time": 75.65365099906921, "prnt": false}
{"event": "training_step", "timestamp": 1769649191.3736112, "step": 801, "max_steps": 938, "loss": 5.209407329559326, "elapsed_time": 75.74004435539246, "prnt": false}
{"event": "training_step", "timestamp": 1769649191.4594927, "step": 802, "max_steps": 938, "loss": 5.15617561340332, "elapsed_time": 75.8257405757904, "prnt": false}
{"event": "training_step", "timestamp": 1769649191.5454788, "step": 803, "max_steps": 938, "loss": 5.155826568603516, "elapsed_time": 75.91172099113464, "prnt": false}
{"event": "training_step", "timestamp": 1769649191.6313496, "step": 804, "max_steps": 938, "loss": 5.168633460998535, "elapsed_time": 75.99755644798279, "prnt": false}
{"event": "training_step", "timestamp": 1769649191.717457, "step": 805, "max_steps": 938, "loss": 5.165397644042969, "elapsed_time": 76.08389377593994, "prnt": false}
{"event": "training_step", "timestamp": 1769649191.8034751, "step": 806, "max_steps": 938, "loss": 5.162752151489258, "elapsed_time": 76.1696264743805, "prnt": false}
{"event": "training_step", "timestamp": 1769649191.8894353, "step": 807, "max_steps": 938, "loss": 5.1203508377075195, "elapsed_time": 76.2558982372284, "prnt": false}
{"event": "training_step", "timestamp": 1769649191.97523, "step": 808, "max_steps": 938, "loss": 5.200295448303223, "elapsed_time": 76.34167766571045, "prnt": false}
{"event": "training_step", "timestamp": 1769649192.0612128, "step": 809, "max_steps": 938, "loss": 5.182643413543701, "elapsed_time": 76.4274845123291, "prnt": false}
{"event": "training_step", "timestamp": 1769649192.147281, "step": 810, "max_steps": 938, "loss": 5.165398120880127, "elapsed_time": 76.5137767791748, "prnt": false}
{"event": "training_step", "timestamp": 1769649192.2332666, "step": 811, "max_steps": 938, "loss": 5.0650634765625, "elapsed_time": 76.59966778755188, "prnt": false}
{"event": "training_step", "timestamp": 1769649192.3191006, "step": 812, "max_steps": 938, "loss": 5.184332370758057, "elapsed_time": 76.68539142608643, "prnt": false}
{"event": "training_step", "timestamp": 1769649192.4049926, "step": 813, "max_steps": 938, "loss": 5.2324934005737305, "elapsed_time": 76.77125644683838, "prnt": false}
{"event": "training_step", "timestamp": 1769649192.4909089, "step": 814, "max_steps": 938, "loss": 5.202913761138916, "elapsed_time": 76.85705661773682, "prnt": false}
{"event": "training_step", "timestamp": 1769649192.5768483, "step": 815, "max_steps": 938, "loss": 5.152973651885986, "elapsed_time": 76.94299817085266, "prnt": false}
{"event": "training_step", "timestamp": 1769649192.6627514, "step": 816, "max_steps": 938, "loss": 5.123463153839111, "elapsed_time": 77.0290298461914, "prnt": false}
{"event": "training_step", "timestamp": 1769649192.7488208, "step": 817, "max_steps": 938, "loss": 5.160262584686279, "elapsed_time": 77.11492609977722, "prnt": false}
{"event": "training_step", "timestamp": 1769649192.8345835, "step": 818, "max_steps": 938, "loss": 5.167951583862305, "elapsed_time": 77.2009642124176, "prnt": false}
{"event": "training_step", "timestamp": 1769649192.9205656, "step": 819, "max_steps": 938, "loss": 5.186266899108887, "elapsed_time": 77.28683471679688, "prnt": false}
{"event": "training_step", "timestamp": 1769649193.006493, "step": 820, "max_steps": 938, "loss": 5.097249984741211, "elapsed_time": 77.37276148796082, "prnt": false}
{"event": "training_step", "timestamp": 1769649193.0924804, "step": 821, "max_steps": 938, "loss": 5.102371692657471, "elapsed_time": 77.45861482620239, "prnt": false}
{"event": "training_step", "timestamp": 1769649193.1782544, "step": 822, "max_steps": 938, "loss": 5.186381816864014, "elapsed_time": 77.5446503162384, "prnt": false}
{"event": "training_step", "timestamp": 1769649193.264206, "step": 823, "max_steps": 938, "loss": 5.188588619232178, "elapsed_time": 77.63049077987671, "prnt": false}
{"event": "training_step", "timestamp": 1769649193.3501344, "step": 824, "max_steps": 938, "loss": 5.189902305603027, "elapsed_time": 77.71626210212708, "prnt": false}
{"event": "training_step", "timestamp": 1769649193.4360392, "step": 825, "max_steps": 938, "loss": 5.274768829345703, "elapsed_time": 77.80226159095764, "prnt": false}
{"event": "training_step", "timestamp": 1769649193.5220425, "step": 826, "max_steps": 938, "loss": 5.185780048370361, "elapsed_time": 77.88811755180359, "prnt": false}
{"event": "training_step", "timestamp": 1769649193.6081913, "step": 827, "max_steps": 938, "loss": 5.247884750366211, "elapsed_time": 77.97428584098816, "prnt": false}
{"event": "training_step", "timestamp": 1769649193.6940064, "step": 828, "max_steps": 938, "loss": 5.2055158615112305, "elapsed_time": 78.06027245521545, "prnt": false}
{"event": "training_step", "timestamp": 1769649193.7799752, "step": 829, "max_steps": 938, "loss": 5.212508678436279, "elapsed_time": 78.1463303565979, "prnt": false}
{"event": "training_step", "timestamp": 1769649193.8659456, "step": 830, "max_steps": 938, "loss": 5.214042663574219, "elapsed_time": 78.23204159736633, "prnt": false}
{"event": "training_step", "timestamp": 1769649193.951987, "step": 831, "max_steps": 938, "loss": 5.232231140136719, "elapsed_time": 78.31809616088867, "prnt": false}
{"event": "training_step", "timestamp": 1769649194.037871, "step": 832, "max_steps": 938, "loss": 5.15938138961792, "elapsed_time": 78.40414381027222, "prnt": false}
{"event": "training_step", "timestamp": 1769649194.123926, "step": 833, "max_steps": 938, "loss": 5.148427486419678, "elapsed_time": 78.4900918006897, "prnt": false}
{"event": "training_step", "timestamp": 1769649194.2099557, "step": 834, "max_steps": 938, "loss": 5.129831314086914, "elapsed_time": 78.57636547088623, "prnt": false}
{"event": "training_step", "timestamp": 1769649194.2959332, "step": 835, "max_steps": 938, "loss": 5.207184314727783, "elapsed_time": 78.6622257232666, "prnt": false}
{"event": "training_step", "timestamp": 1769649194.3819096, "step": 836, "max_steps": 938, "loss": 5.195894718170166, "elapsed_time": 78.74823665618896, "prnt": false}
{"event": "validation_step", "timestamp": 1769649194.7711966, "step": 836, "max_steps": 938, "loss": 1.2634047551306233, "elapsed_time": 78.74823665618896}
{"event": "training_step", "timestamp": 1769649194.8576798, "step": 837, "max_steps": 938, "loss": 5.151013374328613, "elapsed_time": 79.22372937202454, "prnt": false}
{"event": "training_step", "timestamp": 1769649194.943634, "step": 838, "max_steps": 938, "loss": 5.153080940246582, "elapsed_time": 79.30979061126709, "prnt": false}
{"event": "training_step", "timestamp": 1769649195.0296814, "step": 839, "max_steps": 938, "loss": 5.141782283782959, "elapsed_time": 79.39587235450745, "prnt": false}
{"event": "training_step", "timestamp": 1769649195.1155014, "step": 840, "max_steps": 938, "loss": 5.1931281089782715, "elapsed_time": 79.48180866241455, "prnt": false}
{"event": "training_step", "timestamp": 1769649195.201593, "step": 841, "max_steps": 938, "loss": 5.170379161834717, "elapsed_time": 79.5677101612091, "prnt": false}
{"event": "training_step", "timestamp": 1769649195.2876098, "step": 842, "max_steps": 938, "loss": 5.177536487579346, "elapsed_time": 79.65372920036316, "prnt": false}
{"event": "training_step", "timestamp": 1769649195.3735023, "step": 843, "max_steps": 938, "loss": 5.226104259490967, "elapsed_time": 79.739750623703, "prnt": false}
{"event": "training_step", "timestamp": 1769649195.459325, "step": 844, "max_steps": 938, "loss": 5.1602020263671875, "elapsed_time": 79.82552719116211, "prnt": false}
{"event": "training_step", "timestamp": 1769649195.5453458, "step": 845, "max_steps": 938, "loss": 5.195326805114746, "elapsed_time": 79.91154432296753, "prnt": false}
{"event": "training_step", "timestamp": 1769649195.631365, "step": 846, "max_steps": 938, "loss": 5.2012152671813965, "elapsed_time": 79.99749398231506, "prnt": false}
{"event": "training_step", "timestamp": 1769649195.7174602, "step": 847, "max_steps": 938, "loss": 5.2506632804870605, "elapsed_time": 80.08373761177063, "prnt": false}
{"event": "training_step", "timestamp": 1769649195.803453, "step": 848, "max_steps": 938, "loss": 5.211448669433594, "elapsed_time": 80.16979765892029, "prnt": false}
{"event": "training_step", "timestamp": 1769649195.8895497, "step": 849, "max_steps": 938, "loss": 5.122379302978516, "elapsed_time": 80.25575757026672, "prnt": false}
{"event": "training_step", "timestamp": 1769649195.9754303, "step": 850, "max_steps": 938, "loss": 5.17703914642334, "elapsed_time": 80.34167313575745, "prnt": false}
{"event": "training_step", "timestamp": 1769649196.0614734, "step": 851, "max_steps": 938, "loss": 5.180286884307861, "elapsed_time": 80.4276373386383, "prnt": false}
{"event": "training_step", "timestamp": 1769649196.1474175, "step": 852, "max_steps": 938, "loss": 5.167027473449707, "elapsed_time": 80.51370310783386, "prnt": false}
{"event": "training_step", "timestamp": 1769649196.2336636, "step": 853, "max_steps": 938, "loss": 5.215378284454346, "elapsed_time": 80.60070490837097, "prnt": false}
{"event": "training_step", "timestamp": 1769649196.319537, "step": 854, "max_steps": 938, "loss": 5.182437896728516, "elapsed_time": 80.6858582496643, "prnt": false}
{"event": "training_step", "timestamp": 1769649196.405583, "step": 855, "max_steps": 938, "loss": 5.234803676605225, "elapsed_time": 80.77180814743042, "prnt": false}
{"event": "training_step", "timestamp": 1769649196.4915133, "step": 856, "max_steps": 938, "loss": 5.292932987213135, "elapsed_time": 80.85773015022278, "prnt": false}
{"event": "training_step", "timestamp": 1769649196.577486, "step": 857, "max_steps": 938, "loss": 5.233795642852783, "elapsed_time": 80.94383120536804, "prnt": false}
{"event": "training_step", "timestamp": 1769649196.6632812, "step": 858, "max_steps": 938, "loss": 5.196975231170654, "elapsed_time": 81.02960515022278, "prnt": false}
{"event": "training_step", "timestamp": 1769649196.7494051, "step": 859, "max_steps": 938, "loss": 5.114361763000488, "elapsed_time": 81.1154797077179, "prnt": false}
{"event": "training_step", "timestamp": 1769649196.8352718, "step": 860, "max_steps": 938, "loss": 5.162656784057617, "elapsed_time": 81.2015061378479, "prnt": false}
{"event": "training_step", "timestamp": 1769649196.9214013, "step": 861, "max_steps": 938, "loss": 5.149228572845459, "elapsed_time": 81.28751516342163, "prnt": false}
{"event": "training_step", "timestamp": 1769649197.0073912, "step": 862, "max_steps": 938, "loss": 5.1119585037231445, "elapsed_time": 81.37353420257568, "prnt": false}
{"event": "training_step", "timestamp": 1769649197.0933027, "step": 863, "max_steps": 938, "loss": 5.174252510070801, "elapsed_time": 81.45959615707397, "prnt": false}
{"event": "training_step", "timestamp": 1769649197.1791887, "step": 864, "max_steps": 938, "loss": 5.096034526824951, "elapsed_time": 81.54540991783142, "prnt": false}
{"event": "training_step", "timestamp": 1769649197.2652335, "step": 865, "max_steps": 938, "loss": 5.180074214935303, "elapsed_time": 81.63143229484558, "prnt": false}
{"event": "training_step", "timestamp": 1769649197.3512437, "step": 866, "max_steps": 938, "loss": 5.209360122680664, "elapsed_time": 81.717453956604, "prnt": false}
{"event": "training_step", "timestamp": 1769649197.437166, "step": 867, "max_steps": 938, "loss": 5.12887716293335, "elapsed_time": 81.80342960357666, "prnt": false}
{"event": "training_step", "timestamp": 1769649197.5230618, "step": 868, "max_steps": 938, "loss": 5.147205352783203, "elapsed_time": 81.88939762115479, "prnt": false}
{"event": "training_step", "timestamp": 1769649197.609015, "step": 869, "max_steps": 938, "loss": 5.15159797668457, "elapsed_time": 81.97539615631104, "prnt": false}
{"event": "training_step", "timestamp": 1769649197.6948533, "step": 870, "max_steps": 938, "loss": 5.115014553070068, "elapsed_time": 82.06109833717346, "prnt": false}
{"event": "training_step", "timestamp": 1769649197.7806802, "step": 871, "max_steps": 938, "loss": 5.1883015632629395, "elapsed_time": 82.1470935344696, "prnt": false}
{"event": "training_step", "timestamp": 1769649197.8666253, "step": 872, "max_steps": 938, "loss": 5.188938617706299, "elapsed_time": 82.23274397850037, "prnt": false}
{"event": "training_step", "timestamp": 1769649197.952531, "step": 873, "max_steps": 938, "loss": 5.158783912658691, "elapsed_time": 82.31882166862488, "prnt": false}
{"event": "training_step", "timestamp": 1769649198.0383992, "step": 874, "max_steps": 938, "loss": 5.151440143585205, "elapsed_time": 82.4045820236206, "prnt": false}
{"event": "training_step", "timestamp": 1769649198.1245196, "step": 875, "max_steps": 938, "loss": 5.169003486633301, "elapsed_time": 82.49076843261719, "prnt": false}
{"event": "training_step", "timestamp": 1769649198.2105567, "step": 876, "max_steps": 938, "loss": 5.205136299133301, "elapsed_time": 82.57707977294922, "prnt": false}
{"event": "training_step", "timestamp": 1769649198.296626, "step": 877, "max_steps": 938, "loss": 5.233497619628906, "elapsed_time": 82.66301655769348, "prnt": false}
{"event": "training_step", "timestamp": 1769649198.382564, "step": 878, "max_steps": 938, "loss": 5.150245666503906, "elapsed_time": 82.74867701530457, "prnt": false}
{"event": "training_step", "timestamp": 1769649198.4685426, "step": 879, "max_steps": 938, "loss": 5.249807834625244, "elapsed_time": 82.83470010757446, "prnt": false}
{"event": "training_step", "timestamp": 1769649198.5545294, "step": 880, "max_steps": 938, "loss": 5.14199161529541, "elapsed_time": 82.92070126533508, "prnt": false}
{"event": "validation_step", "timestamp": 1769649198.9443133, "step": 880, "max_steps": 938, "loss": 1.2629253704304362, "elapsed_time": 82.92070126533508}
{"event": "training_step", "timestamp": 1769649199.0306325, "step": 881, "max_steps": 938, "loss": 5.116959571838379, "elapsed_time": 83.39658164978027, "prnt": false}
{"event": "training_step", "timestamp": 1769649199.1165783, "step": 882, "max_steps": 938, "loss": 5.139742374420166, "elapsed_time": 83.48274397850037, "prnt": false}
{"event": "training_step", "timestamp": 1769649199.2026415, "step": 883, "max_steps": 938, "loss": 5.160483360290527, "elapsed_time": 83.56886744499207, "prnt": false}
{"event": "training_step", "timestamp": 1769649199.2886024, "step": 884, "max_steps": 938, "loss": 5.195272922515869, "elapsed_time": 83.6547520160675, "prnt": false}
{"event": "training_step", "timestamp": 1769649199.3745837, "step": 885, "max_steps": 938, "loss": 5.143538951873779, "elapsed_time": 83.74078416824341, "prnt": false}
{"event": "training_step", "timestamp": 1769649199.4603527, "step": 886, "max_steps": 938, "loss": 5.112663269042969, "elapsed_time": 83.82666492462158, "prnt": false}
{"event": "training_step", "timestamp": 1769649199.5464945, "step": 887, "max_steps": 938, "loss": 5.132899284362793, "elapsed_time": 83.91249370574951, "prnt": false}
{"event": "training_step", "timestamp": 1769649199.6325276, "step": 888, "max_steps": 938, "loss": 5.126456260681152, "elapsed_time": 83.99889039993286, "prnt": false}
{"event": "training_step", "timestamp": 1769649199.7185037, "step": 889, "max_steps": 938, "loss": 5.136039733886719, "elapsed_time": 84.08475971221924, "prnt": false}
{"event": "training_step", "timestamp": 1769649199.8045268, "step": 890, "max_steps": 938, "loss": 5.194188594818115, "elapsed_time": 84.1706748008728, "prnt": false}
{"event": "training_step", "timestamp": 1769649199.8904705, "step": 891, "max_steps": 938, "loss": 5.223567008972168, "elapsed_time": 84.25692486763, "prnt": false}
{"event": "training_step", "timestamp": 1769649199.9766023, "step": 892, "max_steps": 938, "loss": 5.2031660079956055, "elapsed_time": 84.3429663181305, "prnt": false}
{"event": "training_step", "timestamp": 1769649200.0628436, "step": 893, "max_steps": 938, "loss": 5.124581813812256, "elapsed_time": 84.42954993247986, "prnt": false}
{"event": "training_step", "timestamp": 1769649200.1488867, "step": 894, "max_steps": 938, "loss": 5.2128472328186035, "elapsed_time": 84.51514458656311, "prnt": false}
{"event": "training_step", "timestamp": 1769649200.2350867, "step": 895, "max_steps": 938, "loss": 5.111059665679932, "elapsed_time": 84.60151481628418, "prnt": false}
{"event": "training_step", "timestamp": 1769649200.3211439, "step": 896, "max_steps": 938, "loss": 5.143954277038574, "elapsed_time": 84.68734765052795, "prnt": false}
{"event": "training_step", "timestamp": 1769649200.407254, "step": 897, "max_steps": 938, "loss": 5.154126167297363, "elapsed_time": 84.77332711219788, "prnt": false}
{"event": "training_step", "timestamp": 1769649200.4931526, "step": 898, "max_steps": 938, "loss": 5.14560079574585, "elapsed_time": 84.85937857627869, "prnt": false}
{"event": "training_step", "timestamp": 1769649200.5793283, "step": 899, "max_steps": 938, "loss": 5.181746482849121, "elapsed_time": 84.94544982910156, "prnt": false}
{"event": "training_step", "timestamp": 1769649200.6653872, "step": 900, "max_steps": 938, "loss": 5.1338324546813965, "elapsed_time": 85.0315215587616, "prnt": false}
{"event": "training_step", "timestamp": 1769649200.751318, "step": 901, "max_steps": 938, "loss": 5.167672634124756, "elapsed_time": 85.1175684928894, "prnt": false}
{"event": "training_step", "timestamp": 1769649200.8372157, "step": 902, "max_steps": 938, "loss": 5.19516658782959, "elapsed_time": 85.20340609550476, "prnt": false}
{"event": "training_step", "timestamp": 1769649200.9233518, "step": 903, "max_steps": 938, "loss": 5.170491695404053, "elapsed_time": 85.28930568695068, "prnt": false}
{"event": "training_step", "timestamp": 1769649201.009417, "step": 904, "max_steps": 938, "loss": 5.169467926025391, "elapsed_time": 85.37546157836914, "prnt": false}
{"event": "training_step", "timestamp": 1769649201.0955124, "step": 905, "max_steps": 938, "loss": 5.1278557777404785, "elapsed_time": 85.46170043945312, "prnt": false}
{"event": "training_step", "timestamp": 1769649201.1816063, "step": 906, "max_steps": 938, "loss": 5.175975799560547, "elapsed_time": 85.54757642745972, "prnt": false}
{"event": "training_step", "timestamp": 1769649201.2676399, "step": 907, "max_steps": 938, "loss": 5.161284446716309, "elapsed_time": 85.63379096984863, "prnt": false}
{"event": "training_step", "timestamp": 1769649201.3535738, "step": 908, "max_steps": 938, "loss": 5.131250381469727, "elapsed_time": 85.71977162361145, "prnt": false}
{"event": "training_step", "timestamp": 1769649201.4396412, "step": 909, "max_steps": 938, "loss": 5.1567792892456055, "elapsed_time": 85.80574631690979, "prnt": false}
{"event": "training_step", "timestamp": 1769649201.5259142, "step": 910, "max_steps": 938, "loss": 5.156517028808594, "elapsed_time": 85.89174270629883, "prnt": false}
{"event": "training_step", "timestamp": 1769649201.6119473, "step": 911, "max_steps": 938, "loss": 5.1633992195129395, "elapsed_time": 85.97813773155212, "prnt": false}
{"event": "training_step", "timestamp": 1769649201.6979232, "step": 912, "max_steps": 938, "loss": 5.184558391571045, "elapsed_time": 86.06400060653687, "prnt": false}
{"event": "training_step", "timestamp": 1769649201.78401, "step": 913, "max_steps": 938, "loss": 5.122048854827881, "elapsed_time": 86.15022230148315, "prnt": false}
{"event": "training_step", "timestamp": 1769649201.869997, "step": 914, "max_steps": 938, "loss": 5.145343780517578, "elapsed_time": 86.2361330986023, "prnt": false}
{"event": "training_step", "timestamp": 1769649201.9559698, "step": 915, "max_steps": 938, "loss": 5.266542911529541, "elapsed_time": 86.32214593887329, "prnt": false}
{"event": "training_step", "timestamp": 1769649202.0419536, "step": 916, "max_steps": 938, "loss": 5.175469875335693, "elapsed_time": 86.40801334381104, "prnt": false}
{"event": "training_step", "timestamp": 1769649202.1280103, "step": 917, "max_steps": 938, "loss": 5.161561012268066, "elapsed_time": 86.49405121803284, "prnt": false}
{"event": "training_step", "timestamp": 1769649202.2139013, "step": 918, "max_steps": 938, "loss": 5.173949718475342, "elapsed_time": 86.58009481430054, "prnt": false}
{"event": "training_step", "timestamp": 1769649202.3001332, "step": 919, "max_steps": 938, "loss": 5.16076135635376, "elapsed_time": 86.66636300086975, "prnt": false}
{"event": "training_step", "timestamp": 1769649202.3862495, "step": 920, "max_steps": 938, "loss": 5.21954345703125, "elapsed_time": 86.7522931098938, "prnt": false}
{"event": "training_step", "timestamp": 1769649202.4722652, "step": 921, "max_steps": 938, "loss": 5.1862874031066895, "elapsed_time": 86.83837175369263, "prnt": false}
{"event": "training_step", "timestamp": 1769649202.5582454, "step": 922, "max_steps": 938, "loss": 5.173027038574219, "elapsed_time": 86.92439079284668, "prnt": false}
{"event": "training_step", "timestamp": 1769649202.6443903, "step": 923, "max_steps": 938, "loss": 5.187863349914551, "elapsed_time": 87.0104968547821, "prnt": false}
{"event": "training_step", "timestamp": 1769649202.730289, "step": 924, "max_steps": 938, "loss": 5.314101219177246, "elapsed_time": 87.09643530845642, "prnt": false}
{"event": "validation_step", "timestamp": 1769649203.1197715, "step": 924, "max_steps": 938, "loss": 1.2629327601145368, "elapsed_time": 87.09643530845642}
{"event": "training_step", "timestamp": 1769649203.2061532, "step": 925, "max_steps": 938, "loss": 5.178213596343994, "elapsed_time": 87.57213711738586, "prnt": false}
{"event": "training_step", "timestamp": 1769649203.2920325, "step": 926, "max_steps": 938, "loss": 5.1649322509765625, "elapsed_time": 87.65826559066772, "prnt": false}
{"event": "training_step", "timestamp": 1769649203.378163, "step": 927, "max_steps": 938, "loss": 5.201350688934326, "elapsed_time": 87.74417090415955, "prnt": false}
{"event": "training_step", "timestamp": 1769649203.4642832, "step": 928, "max_steps": 938, "loss": 5.160834789276123, "elapsed_time": 87.83049941062927, "prnt": false}
{"event": "training_step", "timestamp": 1769649203.5502768, "step": 929, "max_steps": 938, "loss": 5.188361644744873, "elapsed_time": 87.91654753684998, "prnt": false}
{"event": "training_step", "timestamp": 1769649203.6362717, "step": 930, "max_steps": 938, "loss": 5.159346103668213, "elapsed_time": 88.00243878364563, "prnt": false}
{"event": "training_step", "timestamp": 1769649203.7223408, "step": 931, "max_steps": 938, "loss": 5.136487007141113, "elapsed_time": 88.08846998214722, "prnt": false}
{"event": "training_step", "timestamp": 1769649203.808348, "step": 932, "max_steps": 938, "loss": 5.232222557067871, "elapsed_time": 88.17437171936035, "prnt": false}
{"event": "training_step", "timestamp": 1769649203.8943875, "step": 933, "max_steps": 938, "loss": 5.198061943054199, "elapsed_time": 88.26071310043335, "prnt": false}
{"event": "training_step", "timestamp": 1769649203.9804964, "step": 934, "max_steps": 938, "loss": 5.191587924957275, "elapsed_time": 88.34644484519958, "prnt": false}
{"event": "training_step", "timestamp": 1769649204.066648, "step": 935, "max_steps": 938, "loss": 5.129805088043213, "elapsed_time": 88.43284392356873, "prnt": false}
{"event": "training_step", "timestamp": 1769649204.1526737, "step": 936, "max_steps": 938, "loss": 5.144594192504883, "elapsed_time": 88.51869225502014, "prnt": false}
{"event": "training_step", "timestamp": 1769649204.2390249, "step": 937, "max_steps": 938, "loss": 5.139137268066406, "elapsed_time": 88.60543847084045, "prnt": false}
{"event": "training_step", "timestamp": 1769649204.3251522, "step": 938, "max_steps": 938, "loss": 5.185362815856934, "elapsed_time": 88.691397190094, "prnt": false}
{"event": "validation_step", "timestamp": 1769649204.7149277, "step": 938, "max_steps": 938, "loss": 1.2629201778773862, "elapsed_time": 88.691397190094}
