{"event": "hyperparameters_configured", "timestamp": 1769651356.3883471, "block_size": 64, "vocab_size": 8000, "n_layer": 8, "n_head": 9, "d_model": 576, "dropout": 0.0, "mlp_ratio": 5.0, "activation": "gelu", "residual_scaling": true, "batch_size": 128, "lr": 0.0003, "weight_decay": 0.1, "evals_per_epoch": 3, "batch_mode": "random", "optimizer": "adamw", "scheduler": "warmup_cosine", "warmup_fraction": 0.05, "normalizer": "none", "pre_tokenizer": "bytelevel", "eos_handling": "string_join", "min_frequency": 1, "domain_tokens": false, "epochs": 7, "seed": 1337, "num_titles": 100000, "val_frac": 0.1, "log_file": "./logs/exp-vocab-8000.log"}
{"event": "device_info", "timestamp": 1769651356.405702, "device": "cuda"}
{"event": "dataset_info", "timestamp": 1769651367.1684926, "titles_count": 90000, "epochs": 7, "batches_per_epoch": 150, "tokens_per_epoch": 1234445, "vocab_size": 8000}
{"event": "model_info", "timestamp": 1769651367.5686407, "parameters_count": 41869440}
{"event": "training_step", "timestamp": 1769651368.1889284, "step": 1, "max_steps": 1050, "loss": 9.102283477783203, "elapsed_time": 0.19870853424072266, "prnt": false}
{"event": "validation_step", "timestamp": 1769651368.5804567, "step": 1, "max_steps": 1050, "loss": 2.234187057409921, "elapsed_time": 0.19870853424072266}
{"event": "training_step", "timestamp": 1769651368.658277, "step": 2, "max_steps": 1050, "loss": 9.103271484375, "elapsed_time": 0.5983779430389404, "prnt": false}
{"event": "training_step", "timestamp": 1769651368.7358208, "step": 3, "max_steps": 1050, "loss": 8.994118690490723, "elapsed_time": 0.6756372451782227, "prnt": false}
{"event": "training_step", "timestamp": 1769651368.813374, "step": 4, "max_steps": 1050, "loss": 8.821647644042969, "elapsed_time": 0.7526562213897705, "prnt": false}
{"event": "training_step", "timestamp": 1769651368.8908525, "step": 5, "max_steps": 1050, "loss": 8.647529602050781, "elapsed_time": 0.8300793170928955, "prnt": false}
{"event": "training_step", "timestamp": 1769651368.9684477, "step": 6, "max_steps": 1050, "loss": 8.516283988952637, "elapsed_time": 0.9076910018920898, "prnt": false}
{"event": "training_step", "timestamp": 1769651369.0458724, "step": 7, "max_steps": 1050, "loss": 8.439311981201172, "elapsed_time": 0.9851481914520264, "prnt": false}
{"event": "training_step", "timestamp": 1769651369.1234796, "step": 8, "max_steps": 1050, "loss": 8.378750801086426, "elapsed_time": 1.0629825592041016, "prnt": false}
{"event": "training_step", "timestamp": 1769651369.2007918, "step": 9, "max_steps": 1050, "loss": 8.3151273727417, "elapsed_time": 1.1401677131652832, "prnt": false}
{"event": "training_step", "timestamp": 1769651369.2781458, "step": 10, "max_steps": 1050, "loss": 8.322619438171387, "elapsed_time": 1.2175698280334473, "prnt": false}
{"event": "training_step", "timestamp": 1769651369.3555295, "step": 11, "max_steps": 1050, "loss": 8.243742942810059, "elapsed_time": 1.295020341873169, "prnt": false}
{"event": "training_step", "timestamp": 1769651369.4330578, "step": 12, "max_steps": 1050, "loss": 8.219532012939453, "elapsed_time": 1.3723087310791016, "prnt": false}
{"event": "training_step", "timestamp": 1769651369.510379, "step": 13, "max_steps": 1050, "loss": 8.191594123840332, "elapsed_time": 1.449873685836792, "prnt": false}
{"event": "training_step", "timestamp": 1769651369.5878828, "step": 14, "max_steps": 1050, "loss": 8.138808250427246, "elapsed_time": 1.527160882949829, "prnt": false}
{"event": "training_step", "timestamp": 1769651369.6655717, "step": 15, "max_steps": 1050, "loss": 8.10012435913086, "elapsed_time": 1.6046395301818848, "prnt": false}
{"event": "training_step", "timestamp": 1769651369.743561, "step": 16, "max_steps": 1050, "loss": 8.05472469329834, "elapsed_time": 1.6827929019927979, "prnt": false}
{"event": "training_step", "timestamp": 1769651369.8214788, "step": 17, "max_steps": 1050, "loss": 8.038368225097656, "elapsed_time": 1.760862112045288, "prnt": false}
{"event": "training_step", "timestamp": 1769651369.899249, "step": 18, "max_steps": 1050, "loss": 8.00621509552002, "elapsed_time": 1.8383476734161377, "prnt": false}
{"event": "training_step", "timestamp": 1769651369.9768112, "step": 19, "max_steps": 1050, "loss": 7.880763530731201, "elapsed_time": 1.9161467552185059, "prnt": false}
{"event": "training_step", "timestamp": 1769651370.0546927, "step": 20, "max_steps": 1050, "loss": 7.877124786376953, "elapsed_time": 1.9936096668243408, "prnt": false}
{"event": "training_step", "timestamp": 1769651370.1325362, "step": 21, "max_steps": 1050, "loss": 7.7798051834106445, "elapsed_time": 2.0716896057128906, "prnt": false}
{"event": "training_step", "timestamp": 1769651370.2100601, "step": 22, "max_steps": 1050, "loss": 7.76047420501709, "elapsed_time": 2.1495110988616943, "prnt": false}
{"event": "training_step", "timestamp": 1769651370.2874327, "step": 23, "max_steps": 1050, "loss": 7.761348724365234, "elapsed_time": 2.226776599884033, "prnt": false}
{"event": "training_step", "timestamp": 1769651370.3649461, "step": 24, "max_steps": 1050, "loss": 7.660531520843506, "elapsed_time": 2.3042919635772705, "prnt": false}
{"event": "training_step", "timestamp": 1769651370.4422603, "step": 25, "max_steps": 1050, "loss": 7.647525787353516, "elapsed_time": 2.381784200668335, "prnt": false}
{"event": "training_step", "timestamp": 1769651370.5196896, "step": 26, "max_steps": 1050, "loss": 7.592973232269287, "elapsed_time": 2.4592368602752686, "prnt": false}
{"event": "training_step", "timestamp": 1769651370.5970702, "step": 27, "max_steps": 1050, "loss": 7.547980308532715, "elapsed_time": 2.5364363193511963, "prnt": false}
{"event": "training_step", "timestamp": 1769651370.6745336, "step": 28, "max_steps": 1050, "loss": 7.531979560852051, "elapsed_time": 2.6140949726104736, "prnt": false}
{"event": "training_step", "timestamp": 1769651370.7519577, "step": 29, "max_steps": 1050, "loss": 7.465326309204102, "elapsed_time": 2.691419839859009, "prnt": false}
{"event": "training_step", "timestamp": 1769651370.8296082, "step": 30, "max_steps": 1050, "loss": 7.450470924377441, "elapsed_time": 2.769355297088623, "prnt": false}
{"event": "training_step", "timestamp": 1769651370.9069407, "step": 31, "max_steps": 1050, "loss": 7.400407314300537, "elapsed_time": 2.846404790878296, "prnt": false}
{"event": "training_step", "timestamp": 1769651370.9844651, "step": 32, "max_steps": 1050, "loss": 7.336706638336182, "elapsed_time": 2.9239163398742676, "prnt": false}
{"event": "training_step", "timestamp": 1769651371.061839, "step": 33, "max_steps": 1050, "loss": 7.331081390380859, "elapsed_time": 3.001249313354492, "prnt": false}
{"event": "training_step", "timestamp": 1769651371.1392705, "step": 34, "max_steps": 1050, "loss": 7.262570858001709, "elapsed_time": 3.07895827293396, "prnt": false}
{"event": "training_step", "timestamp": 1769651371.2166147, "step": 35, "max_steps": 1050, "loss": 7.251955032348633, "elapsed_time": 3.1559462547302246, "prnt": false}
{"event": "training_step", "timestamp": 1769651371.2942004, "step": 36, "max_steps": 1050, "loss": 7.28418493270874, "elapsed_time": 3.233365535736084, "prnt": false}
{"event": "training_step", "timestamp": 1769651371.3717387, "step": 37, "max_steps": 1050, "loss": 7.230515956878662, "elapsed_time": 3.311041831970215, "prnt": false}
{"event": "training_step", "timestamp": 1769651371.44926, "step": 38, "max_steps": 1050, "loss": 7.2101569175720215, "elapsed_time": 3.388643980026245, "prnt": false}
{"event": "training_step", "timestamp": 1769651371.5267234, "step": 39, "max_steps": 1050, "loss": 7.203152179718018, "elapsed_time": 3.465944766998291, "prnt": false}
{"event": "training_step", "timestamp": 1769651371.604183, "step": 40, "max_steps": 1050, "loss": 7.157536506652832, "elapsed_time": 3.5435900688171387, "prnt": false}
{"event": "training_step", "timestamp": 1769651371.6816487, "step": 41, "max_steps": 1050, "loss": 7.122501373291016, "elapsed_time": 3.620999336242676, "prnt": false}
{"event": "training_step", "timestamp": 1769651371.7592137, "step": 42, "max_steps": 1050, "loss": 7.068165302276611, "elapsed_time": 3.6990785598754883, "prnt": false}
{"event": "training_step", "timestamp": 1769651371.836752, "step": 43, "max_steps": 1050, "loss": 7.116335391998291, "elapsed_time": 3.7768681049346924, "prnt": false}
{"event": "training_step", "timestamp": 1769651371.9143608, "step": 44, "max_steps": 1050, "loss": 7.066433429718018, "elapsed_time": 3.854020595550537, "prnt": false}
{"event": "training_step", "timestamp": 1769651371.991995, "step": 45, "max_steps": 1050, "loss": 7.087377071380615, "elapsed_time": 3.931570529937744, "prnt": false}
{"event": "training_step", "timestamp": 1769651372.069494, "step": 46, "max_steps": 1050, "loss": 7.048958778381348, "elapsed_time": 4.009020566940308, "prnt": false}
{"event": "training_step", "timestamp": 1769651372.1470103, "step": 47, "max_steps": 1050, "loss": 7.045654296875, "elapsed_time": 4.086395263671875, "prnt": false}
{"event": "training_step", "timestamp": 1769651372.2246482, "step": 48, "max_steps": 1050, "loss": 7.054930210113525, "elapsed_time": 4.164163112640381, "prnt": false}
{"event": "training_step", "timestamp": 1769651372.30207, "step": 49, "max_steps": 1050, "loss": 6.991881370544434, "elapsed_time": 4.241533279418945, "prnt": false}
{"event": "training_step", "timestamp": 1769651372.3796368, "step": 50, "max_steps": 1050, "loss": 6.989355087280273, "elapsed_time": 4.319392204284668, "prnt": false}
{"event": "validation_step", "timestamp": 1769651372.772919, "step": 50, "max_steps": 1050, "loss": 1.7225870257243618, "elapsed_time": 4.319392204284668}
{"event": "training_step", "timestamp": 1769651372.8511221, "step": 51, "max_steps": 1050, "loss": 6.971992492675781, "elapsed_time": 4.790610313415527, "prnt": false}
{"event": "training_step", "timestamp": 1769651372.9287457, "step": 52, "max_steps": 1050, "loss": 7.005006313323975, "elapsed_time": 4.868265867233276, "prnt": false}
{"event": "training_step", "timestamp": 1769651373.0063121, "step": 53, "max_steps": 1050, "loss": 6.92164421081543, "elapsed_time": 4.945860147476196, "prnt": false}
{"event": "training_step", "timestamp": 1769651373.0839632, "step": 54, "max_steps": 1050, "loss": 6.949483394622803, "elapsed_time": 5.023330450057983, "prnt": false}
{"event": "training_step", "timestamp": 1769651373.1614585, "step": 55, "max_steps": 1050, "loss": 6.9102277755737305, "elapsed_time": 5.100818872451782, "prnt": false}
{"event": "training_step", "timestamp": 1769651373.2389863, "step": 56, "max_steps": 1050, "loss": 6.9419965744018555, "elapsed_time": 5.178472280502319, "prnt": false}
{"event": "training_step", "timestamp": 1769651373.3165092, "step": 57, "max_steps": 1050, "loss": 6.908944129943848, "elapsed_time": 5.255996465682983, "prnt": false}
{"event": "training_step", "timestamp": 1769651373.3941562, "step": 58, "max_steps": 1050, "loss": 6.908049583435059, "elapsed_time": 5.33355975151062, "prnt": false}
{"event": "training_step", "timestamp": 1769651373.471843, "step": 59, "max_steps": 1050, "loss": 6.842965126037598, "elapsed_time": 5.411052227020264, "prnt": false}
{"event": "training_step", "timestamp": 1769651373.549505, "step": 60, "max_steps": 1050, "loss": 6.885684490203857, "elapsed_time": 5.488790988922119, "prnt": false}
{"event": "training_step", "timestamp": 1769651373.6270185, "step": 61, "max_steps": 1050, "loss": 6.8050761222839355, "elapsed_time": 5.5663533210754395, "prnt": false}
{"event": "training_step", "timestamp": 1769651373.7047389, "step": 62, "max_steps": 1050, "loss": 6.902498722076416, "elapsed_time": 5.644222736358643, "prnt": false}
{"event": "training_step", "timestamp": 1769651373.7823374, "step": 63, "max_steps": 1050, "loss": 6.813241958618164, "elapsed_time": 5.721597671508789, "prnt": false}
{"event": "training_step", "timestamp": 1769651373.8600552, "step": 64, "max_steps": 1050, "loss": 6.781561374664307, "elapsed_time": 5.7999701499938965, "prnt": false}
{"event": "training_step", "timestamp": 1769651373.937605, "step": 65, "max_steps": 1050, "loss": 6.776037216186523, "elapsed_time": 5.877149343490601, "prnt": false}
{"event": "training_step", "timestamp": 1769651374.015225, "step": 66, "max_steps": 1050, "loss": 6.7145094871521, "elapsed_time": 5.95470404624939, "prnt": false}
{"event": "training_step", "timestamp": 1769651374.092823, "step": 67, "max_steps": 1050, "loss": 6.768110752105713, "elapsed_time": 6.032095670700073, "prnt": false}
{"event": "training_step", "timestamp": 1769651374.1706493, "step": 68, "max_steps": 1050, "loss": 6.740004062652588, "elapsed_time": 6.109868049621582, "prnt": false}
{"event": "training_step", "timestamp": 1769651374.2482264, "step": 69, "max_steps": 1050, "loss": 6.775462627410889, "elapsed_time": 6.187529802322388, "prnt": false}
{"event": "training_step", "timestamp": 1769651374.3258624, "step": 70, "max_steps": 1050, "loss": 6.691542625427246, "elapsed_time": 6.265127182006836, "prnt": false}
{"event": "training_step", "timestamp": 1769651374.4034264, "step": 71, "max_steps": 1050, "loss": 6.69724702835083, "elapsed_time": 6.342796564102173, "prnt": false}
{"event": "training_step", "timestamp": 1769651374.481076, "step": 72, "max_steps": 1050, "loss": 6.700158596038818, "elapsed_time": 6.420376300811768, "prnt": false}
{"event": "training_step", "timestamp": 1769651374.5586202, "step": 73, "max_steps": 1050, "loss": 6.687885284423828, "elapsed_time": 6.498064041137695, "prnt": false}
{"event": "training_step", "timestamp": 1769651374.6362617, "step": 74, "max_steps": 1050, "loss": 6.670590877532959, "elapsed_time": 6.575537443161011, "prnt": false}
{"event": "training_step", "timestamp": 1769651374.7139099, "step": 75, "max_steps": 1050, "loss": 6.615326404571533, "elapsed_time": 6.653496980667114, "prnt": false}
{"event": "training_step", "timestamp": 1769651374.7916524, "step": 76, "max_steps": 1050, "loss": 6.655188083648682, "elapsed_time": 6.731011152267456, "prnt": false}
{"event": "training_step", "timestamp": 1769651374.8692925, "step": 77, "max_steps": 1050, "loss": 6.619199275970459, "elapsed_time": 6.808539390563965, "prnt": false}
{"event": "training_step", "timestamp": 1769651374.947047, "step": 78, "max_steps": 1050, "loss": 6.658047676086426, "elapsed_time": 6.886552572250366, "prnt": false}
{"event": "training_step", "timestamp": 1769651375.0246017, "step": 79, "max_steps": 1050, "loss": 6.57484245300293, "elapsed_time": 6.96399450302124, "prnt": false}
{"event": "training_step", "timestamp": 1769651375.1024039, "step": 80, "max_steps": 1050, "loss": 6.5465989112854, "elapsed_time": 7.041858196258545, "prnt": false}
{"event": "training_step", "timestamp": 1769651375.1799102, "step": 81, "max_steps": 1050, "loss": 6.593944549560547, "elapsed_time": 7.119302034378052, "prnt": false}
{"event": "training_step", "timestamp": 1769651375.2574503, "step": 82, "max_steps": 1050, "loss": 6.6218061447143555, "elapsed_time": 7.196921110153198, "prnt": false}
{"event": "training_step", "timestamp": 1769651375.3349745, "step": 83, "max_steps": 1050, "loss": 6.590052604675293, "elapsed_time": 7.27437162399292, "prnt": false}
{"event": "training_step", "timestamp": 1769651375.4127617, "step": 84, "max_steps": 1050, "loss": 6.600564002990723, "elapsed_time": 7.3520591259002686, "prnt": false}
{"event": "training_step", "timestamp": 1769651375.4904737, "step": 85, "max_steps": 1050, "loss": 6.532731056213379, "elapsed_time": 7.429838180541992, "prnt": false}
{"event": "training_step", "timestamp": 1769651375.5681229, "step": 86, "max_steps": 1050, "loss": 6.532717227935791, "elapsed_time": 7.507593393325806, "prnt": false}
{"event": "training_step", "timestamp": 1769651375.6457994, "step": 87, "max_steps": 1050, "loss": 6.541642665863037, "elapsed_time": 7.5850510597229, "prnt": false}
{"event": "training_step", "timestamp": 1769651375.7237422, "step": 88, "max_steps": 1050, "loss": 6.492252349853516, "elapsed_time": 7.663105249404907, "prnt": false}
{"event": "training_step", "timestamp": 1769651375.801477, "step": 89, "max_steps": 1050, "loss": 6.44718599319458, "elapsed_time": 7.740700006484985, "prnt": false}
{"event": "training_step", "timestamp": 1769651375.87941, "step": 90, "max_steps": 1050, "loss": 6.537280559539795, "elapsed_time": 7.81944465637207, "prnt": false}
{"event": "training_step", "timestamp": 1769651375.95708, "step": 91, "max_steps": 1050, "loss": 6.508011817932129, "elapsed_time": 7.896607398986816, "prnt": false}
{"event": "training_step", "timestamp": 1769651376.03472, "step": 92, "max_steps": 1050, "loss": 6.519696235656738, "elapsed_time": 7.974196672439575, "prnt": false}
{"event": "training_step", "timestamp": 1769651376.1124973, "step": 93, "max_steps": 1050, "loss": 6.478835582733154, "elapsed_time": 8.051884412765503, "prnt": false}
{"event": "training_step", "timestamp": 1769651376.1903427, "step": 94, "max_steps": 1050, "loss": 6.5047526359558105, "elapsed_time": 8.12968897819519, "prnt": false}
{"event": "training_step", "timestamp": 1769651376.2679768, "step": 95, "max_steps": 1050, "loss": 6.474237442016602, "elapsed_time": 8.207239866256714, "prnt": false}
{"event": "training_step", "timestamp": 1769651376.3457162, "step": 96, "max_steps": 1050, "loss": 6.4270339012146, "elapsed_time": 8.285032749176025, "prnt": false}
{"event": "training_step", "timestamp": 1769651376.4233038, "step": 97, "max_steps": 1050, "loss": 6.466383934020996, "elapsed_time": 8.362606287002563, "prnt": false}
{"event": "training_step", "timestamp": 1769651376.5010817, "step": 98, "max_steps": 1050, "loss": 6.532909870147705, "elapsed_time": 8.440359115600586, "prnt": false}
{"event": "training_step", "timestamp": 1769651376.5787115, "step": 99, "max_steps": 1050, "loss": 6.485115051269531, "elapsed_time": 8.518082857131958, "prnt": false}
{"event": "training_step", "timestamp": 1769651376.6563125, "step": 100, "max_steps": 1050, "loss": 6.426072597503662, "elapsed_time": 8.595845937728882, "prnt": false}
{"event": "validation_step", "timestamp": 1769651377.050802, "step": 100, "max_steps": 1050, "loss": 1.5888986540785315, "elapsed_time": 8.595845937728882}
{"event": "training_step", "timestamp": 1769651377.1291099, "step": 101, "max_steps": 1050, "loss": 6.3997883796691895, "elapsed_time": 9.06864047050476, "prnt": false}
{"event": "training_step", "timestamp": 1769651377.2069879, "step": 102, "max_steps": 1050, "loss": 6.39154052734375, "elapsed_time": 9.146357774734497, "prnt": false}
{"event": "training_step", "timestamp": 1769651377.2846215, "step": 103, "max_steps": 1050, "loss": 6.408781051635742, "elapsed_time": 9.223876953125, "prnt": false}
{"event": "training_step", "timestamp": 1769651377.3625436, "step": 104, "max_steps": 1050, "loss": 6.375715255737305, "elapsed_time": 9.301888465881348, "prnt": false}
{"event": "training_step", "timestamp": 1769651377.4401784, "step": 105, "max_steps": 1050, "loss": 6.412013530731201, "elapsed_time": 9.379481554031372, "prnt": false}
{"event": "training_step", "timestamp": 1769651377.5177872, "step": 106, "max_steps": 1050, "loss": 6.349325180053711, "elapsed_time": 9.457216739654541, "prnt": false}
{"event": "training_step", "timestamp": 1769651377.5953803, "step": 107, "max_steps": 1050, "loss": 6.368171691894531, "elapsed_time": 9.534961462020874, "prnt": false}
{"event": "training_step", "timestamp": 1769651377.6731565, "step": 108, "max_steps": 1050, "loss": 6.32363748550415, "elapsed_time": 9.612462520599365, "prnt": false}
{"event": "training_step", "timestamp": 1769651377.7509496, "step": 109, "max_steps": 1050, "loss": 6.351227760314941, "elapsed_time": 9.690266132354736, "prnt": false}
{"event": "training_step", "timestamp": 1769651377.828842, "step": 110, "max_steps": 1050, "loss": 6.293828010559082, "elapsed_time": 9.768069982528687, "prnt": false}
{"event": "training_step", "timestamp": 1769651377.9067194, "step": 111, "max_steps": 1050, "loss": 6.35566520690918, "elapsed_time": 9.846364259719849, "prnt": false}
{"event": "training_step", "timestamp": 1769651377.9845421, "step": 112, "max_steps": 1050, "loss": 6.2418012619018555, "elapsed_time": 9.923895835876465, "prnt": false}
{"event": "training_step", "timestamp": 1769651378.0623257, "step": 113, "max_steps": 1050, "loss": 6.38134241104126, "elapsed_time": 10.001452207565308, "prnt": false}
{"event": "training_step", "timestamp": 1769651378.1400754, "step": 114, "max_steps": 1050, "loss": 6.321440696716309, "elapsed_time": 10.079290866851807, "prnt": false}
{"event": "training_step", "timestamp": 1769651378.217674, "step": 115, "max_steps": 1050, "loss": 6.323707580566406, "elapsed_time": 10.156957864761353, "prnt": false}
{"event": "training_step", "timestamp": 1769651378.2953372, "step": 116, "max_steps": 1050, "loss": 6.300591468811035, "elapsed_time": 10.234729528427124, "prnt": false}
{"event": "training_step", "timestamp": 1769651378.3730206, "step": 117, "max_steps": 1050, "loss": 6.373562335968018, "elapsed_time": 10.31227421760559, "prnt": false}
{"event": "training_step", "timestamp": 1769651378.4507935, "step": 118, "max_steps": 1050, "loss": 6.240273952484131, "elapsed_time": 10.390012741088867, "prnt": false}
{"event": "training_step", "timestamp": 1769651378.5285923, "step": 119, "max_steps": 1050, "loss": 6.265489101409912, "elapsed_time": 10.467686653137207, "prnt": false}
{"event": "training_step", "timestamp": 1769651378.6063259, "step": 120, "max_steps": 1050, "loss": 6.240671157836914, "elapsed_time": 10.545689344406128, "prnt": false}
{"event": "training_step", "timestamp": 1769651378.6840491, "step": 121, "max_steps": 1050, "loss": 6.285900592803955, "elapsed_time": 10.623229742050171, "prnt": false}
{"event": "training_step", "timestamp": 1769651378.7619662, "step": 122, "max_steps": 1050, "loss": 6.3174967765808105, "elapsed_time": 10.701183795928955, "prnt": false}
{"event": "training_step", "timestamp": 1769651378.8396087, "step": 123, "max_steps": 1050, "loss": 6.241960048675537, "elapsed_time": 10.77885365486145, "prnt": false}
{"event": "training_step", "timestamp": 1769651378.9172354, "step": 124, "max_steps": 1050, "loss": 6.269853115081787, "elapsed_time": 10.856595277786255, "prnt": false}
{"event": "training_step", "timestamp": 1769651378.994931, "step": 125, "max_steps": 1050, "loss": 6.31898832321167, "elapsed_time": 10.934139728546143, "prnt": false}
{"event": "training_step", "timestamp": 1769651379.072761, "step": 126, "max_steps": 1050, "loss": 6.279359340667725, "elapsed_time": 11.012023448944092, "prnt": false}
{"event": "training_step", "timestamp": 1769651379.1504867, "step": 127, "max_steps": 1050, "loss": 6.210468292236328, "elapsed_time": 11.089590072631836, "prnt": false}
{"event": "training_step", "timestamp": 1769651379.2284298, "step": 128, "max_steps": 1050, "loss": 6.18709135055542, "elapsed_time": 11.16757607460022, "prnt": false}
{"event": "training_step", "timestamp": 1769651379.3060877, "step": 129, "max_steps": 1050, "loss": 6.257966041564941, "elapsed_time": 11.245303630828857, "prnt": false}
{"event": "training_step", "timestamp": 1769651379.383886, "step": 130, "max_steps": 1050, "loss": 6.198509216308594, "elapsed_time": 11.323025703430176, "prnt": false}
{"event": "training_step", "timestamp": 1769651379.4616363, "step": 131, "max_steps": 1050, "loss": 6.174561023712158, "elapsed_time": 11.40070629119873, "prnt": false}
{"event": "training_step", "timestamp": 1769651379.5394738, "step": 132, "max_steps": 1050, "loss": 6.169756889343262, "elapsed_time": 11.478700637817383, "prnt": false}
{"event": "training_step", "timestamp": 1769651379.6172035, "step": 133, "max_steps": 1050, "loss": 6.185049057006836, "elapsed_time": 11.556554794311523, "prnt": false}
{"event": "training_step", "timestamp": 1769651379.6950176, "step": 134, "max_steps": 1050, "loss": 6.209585189819336, "elapsed_time": 11.634366512298584, "prnt": false}
{"event": "training_step", "timestamp": 1769651379.772754, "step": 135, "max_steps": 1050, "loss": 6.233697891235352, "elapsed_time": 11.71222186088562, "prnt": false}
{"event": "training_step", "timestamp": 1769651379.8506417, "step": 136, "max_steps": 1050, "loss": 6.215158939361572, "elapsed_time": 11.789880275726318, "prnt": false}
{"event": "training_step", "timestamp": 1769651379.9287317, "step": 137, "max_steps": 1050, "loss": 6.185526371002197, "elapsed_time": 11.867923498153687, "prnt": false}
{"event": "training_step", "timestamp": 1769651380.0067127, "step": 138, "max_steps": 1050, "loss": 6.143560409545898, "elapsed_time": 11.945863008499146, "prnt": false}
{"event": "training_step", "timestamp": 1769651380.0845168, "step": 139, "max_steps": 1050, "loss": 6.109921455383301, "elapsed_time": 12.023715734481812, "prnt": false}
{"event": "training_step", "timestamp": 1769651380.1623907, "step": 140, "max_steps": 1050, "loss": 6.118007659912109, "elapsed_time": 12.101556301116943, "prnt": false}
{"event": "training_step", "timestamp": 1769651380.240128, "step": 141, "max_steps": 1050, "loss": 6.148982524871826, "elapsed_time": 12.179333925247192, "prnt": false}
{"event": "training_step", "timestamp": 1769651380.317759, "step": 142, "max_steps": 1050, "loss": 6.136992931365967, "elapsed_time": 12.25708293914795, "prnt": false}
{"event": "training_step", "timestamp": 1769651380.395437, "step": 143, "max_steps": 1050, "loss": 6.117297172546387, "elapsed_time": 12.334826469421387, "prnt": false}
{"event": "training_step", "timestamp": 1769651380.473167, "step": 144, "max_steps": 1050, "loss": 6.1528496742248535, "elapsed_time": 12.412767171859741, "prnt": false}
{"event": "training_step", "timestamp": 1769651380.5508778, "step": 145, "max_steps": 1050, "loss": 6.142319679260254, "elapsed_time": 12.490100145339966, "prnt": false}
{"event": "training_step", "timestamp": 1769651380.628816, "step": 146, "max_steps": 1050, "loss": 6.116915225982666, "elapsed_time": 12.56793737411499, "prnt": false}
{"event": "training_step", "timestamp": 1769651380.7065074, "step": 147, "max_steps": 1050, "loss": 6.144435882568359, "elapsed_time": 12.645674228668213, "prnt": false}
{"event": "training_step", "timestamp": 1769651380.784284, "step": 148, "max_steps": 1050, "loss": 6.110445022583008, "elapsed_time": 12.723801612854004, "prnt": false}
{"event": "training_step", "timestamp": 1769651380.8620572, "step": 149, "max_steps": 1050, "loss": 6.098636627197266, "elapsed_time": 12.801324844360352, "prnt": false}
{"event": "training_step", "timestamp": 1769651380.9398544, "step": 150, "max_steps": 1050, "loss": 6.129449844360352, "elapsed_time": 12.878977060317993, "prnt": false}
{"event": "validation_step", "timestamp": 1769651381.333784, "step": 150, "max_steps": 1050, "loss": 1.5182917092226538, "elapsed_time": 12.878977060317993}
{"event": "training_step", "timestamp": 1769651381.412015, "step": 151, "max_steps": 1050, "loss": 6.086208820343018, "elapsed_time": 13.351253032684326, "prnt": false}
{"event": "training_step", "timestamp": 1769651381.4898875, "step": 152, "max_steps": 1050, "loss": 6.095767021179199, "elapsed_time": 13.428946733474731, "prnt": false}
{"event": "training_step", "timestamp": 1769651381.5678296, "step": 153, "max_steps": 1050, "loss": 6.061433792114258, "elapsed_time": 13.506865739822388, "prnt": false}
{"event": "training_step", "timestamp": 1769651381.6455197, "step": 154, "max_steps": 1050, "loss": 6.049712181091309, "elapsed_time": 13.584998369216919, "prnt": false}
{"event": "training_step", "timestamp": 1769651381.723336, "step": 155, "max_steps": 1050, "loss": 6.0786638259887695, "elapsed_time": 13.662477016448975, "prnt": false}
{"event": "training_step", "timestamp": 1769651381.8009846, "step": 156, "max_steps": 1050, "loss": 6.0617570877075195, "elapsed_time": 13.74026608467102, "prnt": false}
{"event": "training_step", "timestamp": 1769651381.8787746, "step": 157, "max_steps": 1050, "loss": 6.021575450897217, "elapsed_time": 13.818223237991333, "prnt": false}
{"event": "training_step", "timestamp": 1769651381.9565206, "step": 158, "max_steps": 1050, "loss": 6.068051338195801, "elapsed_time": 13.89632773399353, "prnt": false}
{"event": "training_step", "timestamp": 1769651382.0343122, "step": 159, "max_steps": 1050, "loss": 6.113858699798584, "elapsed_time": 13.97372579574585, "prnt": false}
{"event": "training_step", "timestamp": 1769651382.1119733, "step": 160, "max_steps": 1050, "loss": 6.051645755767822, "elapsed_time": 14.051422357559204, "prnt": false}
{"event": "training_step", "timestamp": 1769651382.1898975, "step": 161, "max_steps": 1050, "loss": 6.0111589431762695, "elapsed_time": 14.128899812698364, "prnt": false}
{"event": "training_step", "timestamp": 1769651382.2678294, "step": 162, "max_steps": 1050, "loss": 5.96036958694458, "elapsed_time": 14.206915616989136, "prnt": false}
{"event": "training_step", "timestamp": 1769651382.3455217, "step": 163, "max_steps": 1050, "loss": 5.9751081466674805, "elapsed_time": 14.284974336624146, "prnt": false}
{"event": "training_step", "timestamp": 1769651382.4232728, "step": 164, "max_steps": 1050, "loss": 6.029004096984863, "elapsed_time": 14.362427949905396, "prnt": false}
{"event": "training_step", "timestamp": 1769651382.501018, "step": 165, "max_steps": 1050, "loss": 6.039664268493652, "elapsed_time": 14.44026517868042, "prnt": false}
{"event": "training_step", "timestamp": 1769651382.578702, "step": 166, "max_steps": 1050, "loss": 5.95499849319458, "elapsed_time": 14.51802659034729, "prnt": false}
{"event": "training_step", "timestamp": 1769651382.6564453, "step": 167, "max_steps": 1050, "loss": 6.05441427230835, "elapsed_time": 14.595870018005371, "prnt": false}
{"event": "training_step", "timestamp": 1769651382.734067, "step": 168, "max_steps": 1050, "loss": 6.0156636238098145, "elapsed_time": 14.673512697219849, "prnt": false}
{"event": "training_step", "timestamp": 1769651382.8117437, "step": 169, "max_steps": 1050, "loss": 5.998860836029053, "elapsed_time": 14.751099348068237, "prnt": false}
{"event": "training_step", "timestamp": 1769651382.8898392, "step": 170, "max_steps": 1050, "loss": 5.985153675079346, "elapsed_time": 14.828755617141724, "prnt": false}
{"event": "training_step", "timestamp": 1769651382.967812, "step": 171, "max_steps": 1050, "loss": 5.979312419891357, "elapsed_time": 14.906848192214966, "prnt": false}
{"event": "training_step", "timestamp": 1769651383.045636, "step": 172, "max_steps": 1050, "loss": 6.042627811431885, "elapsed_time": 14.984939098358154, "prnt": false}
{"event": "training_step", "timestamp": 1769651383.1235476, "step": 173, "max_steps": 1050, "loss": 6.012796401977539, "elapsed_time": 15.062788963317871, "prnt": false}
{"event": "training_step", "timestamp": 1769651383.2012656, "step": 174, "max_steps": 1050, "loss": 5.954368591308594, "elapsed_time": 15.140448808670044, "prnt": false}
{"event": "training_step", "timestamp": 1769651383.2790184, "step": 175, "max_steps": 1050, "loss": 6.012253761291504, "elapsed_time": 15.218292951583862, "prnt": false}
{"event": "training_step", "timestamp": 1769651383.3567574, "step": 176, "max_steps": 1050, "loss": 5.972038745880127, "elapsed_time": 15.296223402023315, "prnt": false}
{"event": "training_step", "timestamp": 1769651383.4344707, "step": 177, "max_steps": 1050, "loss": 5.903660774230957, "elapsed_time": 15.37383484840393, "prnt": false}
{"event": "training_step", "timestamp": 1769651383.5120459, "step": 178, "max_steps": 1050, "loss": 5.978133678436279, "elapsed_time": 15.451390743255615, "prnt": false}
{"event": "training_step", "timestamp": 1769651383.5899916, "step": 179, "max_steps": 1050, "loss": 5.95181941986084, "elapsed_time": 15.528941869735718, "prnt": false}
{"event": "training_step", "timestamp": 1769651383.6679683, "step": 180, "max_steps": 1050, "loss": 5.9232683181762695, "elapsed_time": 15.60708999633789, "prnt": false}
{"event": "training_step", "timestamp": 1769651383.7457547, "step": 181, "max_steps": 1050, "loss": 5.90757417678833, "elapsed_time": 15.6850004196167, "prnt": false}
{"event": "training_step", "timestamp": 1769651383.8235812, "step": 182, "max_steps": 1050, "loss": 5.934236526489258, "elapsed_time": 15.762658596038818, "prnt": false}
{"event": "training_step", "timestamp": 1769651383.9013839, "step": 183, "max_steps": 1050, "loss": 5.951532363891602, "elapsed_time": 15.840654373168945, "prnt": false}
{"event": "training_step", "timestamp": 1769651383.979354, "step": 184, "max_steps": 1050, "loss": 5.885839462280273, "elapsed_time": 15.918823003768921, "prnt": false}
{"event": "training_step", "timestamp": 1769651384.057076, "step": 185, "max_steps": 1050, "loss": 5.908769607543945, "elapsed_time": 15.996522903442383, "prnt": false}
{"event": "training_step", "timestamp": 1769651384.1347666, "step": 186, "max_steps": 1050, "loss": 5.877774238586426, "elapsed_time": 16.07400417327881, "prnt": false}
{"event": "training_step", "timestamp": 1769651384.212468, "step": 187, "max_steps": 1050, "loss": 5.883342742919922, "elapsed_time": 16.151727199554443, "prnt": false}
{"event": "training_step", "timestamp": 1769651384.2903469, "step": 188, "max_steps": 1050, "loss": 5.874145984649658, "elapsed_time": 16.229387998580933, "prnt": false}
{"event": "training_step", "timestamp": 1769651384.368314, "step": 189, "max_steps": 1050, "loss": 5.948662757873535, "elapsed_time": 16.307748079299927, "prnt": false}
{"event": "training_step", "timestamp": 1769651384.4460566, "step": 190, "max_steps": 1050, "loss": 5.9096808433532715, "elapsed_time": 16.385515213012695, "prnt": false}
{"event": "training_step", "timestamp": 1769651384.5239782, "step": 191, "max_steps": 1050, "loss": 5.931024551391602, "elapsed_time": 16.463069438934326, "prnt": false}
{"event": "training_step", "timestamp": 1769651384.601685, "step": 192, "max_steps": 1050, "loss": 5.883157730102539, "elapsed_time": 16.54089617729187, "prnt": false}
{"event": "training_step", "timestamp": 1769651384.6794505, "step": 193, "max_steps": 1050, "loss": 5.9219794273376465, "elapsed_time": 16.61886978149414, "prnt": false}
{"event": "training_step", "timestamp": 1769651384.757175, "step": 194, "max_steps": 1050, "loss": 5.946579456329346, "elapsed_time": 16.69644808769226, "prnt": false}
{"event": "training_step", "timestamp": 1769651384.8348773, "step": 195, "max_steps": 1050, "loss": 5.838011741638184, "elapsed_time": 16.774147272109985, "prnt": false}
{"event": "training_step", "timestamp": 1769651384.9124897, "step": 196, "max_steps": 1050, "loss": 5.866695880889893, "elapsed_time": 16.85175633430481, "prnt": false}
{"event": "training_step", "timestamp": 1769651384.9904845, "step": 197, "max_steps": 1050, "loss": 5.871196269989014, "elapsed_time": 16.929481029510498, "prnt": false}
{"event": "training_step", "timestamp": 1769651385.0684266, "step": 198, "max_steps": 1050, "loss": 5.876296520233154, "elapsed_time": 17.007492065429688, "prnt": false}
{"event": "training_step", "timestamp": 1769651385.146285, "step": 199, "max_steps": 1050, "loss": 5.836859226226807, "elapsed_time": 17.085323572158813, "prnt": false}
{"event": "training_step", "timestamp": 1769651385.2240703, "step": 200, "max_steps": 1050, "loss": 5.9084696769714355, "elapsed_time": 17.163058519363403, "prnt": false}
{"event": "validation_step", "timestamp": 1769651385.6185145, "step": 200, "max_steps": 1050, "loss": 1.4644839404953633, "elapsed_time": 17.163058519363403}
{"event": "training_step", "timestamp": 1769651385.6967742, "step": 201, "max_steps": 1050, "loss": 5.831847667694092, "elapsed_time": 17.635967016220093, "prnt": false}
{"event": "training_step", "timestamp": 1769651385.774428, "step": 202, "max_steps": 1050, "loss": 5.8351359367370605, "elapsed_time": 17.71370220184326, "prnt": false}
{"event": "training_step", "timestamp": 1769651385.8522158, "step": 203, "max_steps": 1050, "loss": 5.837917804718018, "elapsed_time": 17.79156732559204, "prnt": false}
{"event": "training_step", "timestamp": 1769651385.9301229, "step": 204, "max_steps": 1050, "loss": 5.844483852386475, "elapsed_time": 17.869314193725586, "prnt": false}
{"event": "training_step", "timestamp": 1769651386.0081058, "step": 205, "max_steps": 1050, "loss": 5.852708339691162, "elapsed_time": 17.947286367416382, "prnt": false}
{"event": "training_step", "timestamp": 1769651386.0859013, "step": 206, "max_steps": 1050, "loss": 5.849894046783447, "elapsed_time": 18.0250186920166, "prnt": false}
{"event": "training_step", "timestamp": 1769651386.164164, "step": 207, "max_steps": 1050, "loss": 5.856528282165527, "elapsed_time": 18.103999376296997, "prnt": false}
{"event": "training_step", "timestamp": 1769651386.2422104, "step": 208, "max_steps": 1050, "loss": 5.817525863647461, "elapsed_time": 18.182257175445557, "prnt": false}
{"event": "training_step", "timestamp": 1769651386.3204699, "step": 209, "max_steps": 1050, "loss": 5.761171817779541, "elapsed_time": 18.26046657562256, "prnt": false}
{"event": "training_step", "timestamp": 1769651386.3985186, "step": 210, "max_steps": 1050, "loss": 5.825790882110596, "elapsed_time": 18.338281393051147, "prnt": false}
{"event": "training_step", "timestamp": 1769651386.4764812, "step": 211, "max_steps": 1050, "loss": 5.7977094650268555, "elapsed_time": 18.416449069976807, "prnt": false}
{"event": "training_step", "timestamp": 1769651386.5543802, "step": 212, "max_steps": 1050, "loss": 5.83978271484375, "elapsed_time": 18.493996381759644, "prnt": false}
{"event": "training_step", "timestamp": 1769651386.632575, "step": 213, "max_steps": 1050, "loss": 5.762947082519531, "elapsed_time": 18.57274603843689, "prnt": false}
{"event": "training_step", "timestamp": 1769651386.7104347, "step": 214, "max_steps": 1050, "loss": 5.791276454925537, "elapsed_time": 18.65041995048523, "prnt": false}
{"event": "training_step", "timestamp": 1769651386.7887588, "step": 215, "max_steps": 1050, "loss": 5.808349609375, "elapsed_time": 18.72980499267578, "prnt": false}
{"event": "training_step", "timestamp": 1769651386.8700655, "step": 216, "max_steps": 1050, "loss": 5.783553123474121, "elapsed_time": 18.81618642807007, "prnt": false}
{"event": "training_step", "timestamp": 1769651386.9484518, "step": 217, "max_steps": 1050, "loss": 5.794482231140137, "elapsed_time": 18.88837170600891, "prnt": false}
{"event": "training_step", "timestamp": 1769651387.0265665, "step": 218, "max_steps": 1050, "loss": 5.8101806640625, "elapsed_time": 18.966320514678955, "prnt": false}
{"event": "training_step", "timestamp": 1769651387.1047213, "step": 219, "max_steps": 1050, "loss": 5.763148307800293, "elapsed_time": 19.044414520263672, "prnt": false}
{"event": "training_step", "timestamp": 1769651387.1826925, "step": 220, "max_steps": 1050, "loss": 5.862867832183838, "elapsed_time": 19.122419357299805, "prnt": false}
{"event": "training_step", "timestamp": 1769651387.2608101, "step": 221, "max_steps": 1050, "loss": 5.7358527183532715, "elapsed_time": 19.201062440872192, "prnt": false}
{"event": "training_step", "timestamp": 1769651387.338845, "step": 222, "max_steps": 1050, "loss": 5.7971086502075195, "elapsed_time": 19.278733253479004, "prnt": false}
{"event": "training_step", "timestamp": 1769651387.4168208, "step": 223, "max_steps": 1050, "loss": 5.762892723083496, "elapsed_time": 19.35675859451294, "prnt": false}
{"event": "training_step", "timestamp": 1769651387.494786, "step": 224, "max_steps": 1050, "loss": 5.787886142730713, "elapsed_time": 19.435043334960938, "prnt": false}
{"event": "training_step", "timestamp": 1769651387.5728993, "step": 225, "max_steps": 1050, "loss": 5.805376052856445, "elapsed_time": 19.512831211090088, "prnt": false}
{"event": "training_step", "timestamp": 1769651387.650833, "step": 226, "max_steps": 1050, "loss": 5.769862651824951, "elapsed_time": 19.590861082077026, "prnt": false}
{"event": "training_step", "timestamp": 1769651387.729177, "step": 227, "max_steps": 1050, "loss": 5.811497688293457, "elapsed_time": 19.668818473815918, "prnt": false}
{"event": "training_step", "timestamp": 1769651387.8073704, "step": 228, "max_steps": 1050, "loss": 5.707575798034668, "elapsed_time": 19.74722146987915, "prnt": false}
{"event": "training_step", "timestamp": 1769651387.885428, "step": 229, "max_steps": 1050, "loss": 5.676799297332764, "elapsed_time": 19.82508897781372, "prnt": false}
{"event": "training_step", "timestamp": 1769651387.9636278, "step": 230, "max_steps": 1050, "loss": 5.731548309326172, "elapsed_time": 19.903738498687744, "prnt": false}
{"event": "training_step", "timestamp": 1769651388.0417938, "step": 231, "max_steps": 1050, "loss": 5.792071342468262, "elapsed_time": 19.9816472530365, "prnt": false}
{"event": "training_step", "timestamp": 1769651388.119714, "step": 232, "max_steps": 1050, "loss": 5.700918197631836, "elapsed_time": 20.059412479400635, "prnt": false}
{"event": "training_step", "timestamp": 1769651388.1980395, "step": 233, "max_steps": 1050, "loss": 5.751976490020752, "elapsed_time": 20.138211965560913, "prnt": false}
{"event": "training_step", "timestamp": 1769651388.275908, "step": 234, "max_steps": 1050, "loss": 5.706356048583984, "elapsed_time": 20.21573519706726, "prnt": false}
{"event": "training_step", "timestamp": 1769651388.3538334, "step": 235, "max_steps": 1050, "loss": 5.649113655090332, "elapsed_time": 20.293694257736206, "prnt": false}
{"event": "training_step", "timestamp": 1769651388.4317002, "step": 236, "max_steps": 1050, "loss": 5.718618392944336, "elapsed_time": 20.37136721611023, "prnt": false}
{"event": "training_step", "timestamp": 1769651388.50997, "step": 237, "max_steps": 1050, "loss": 5.629971504211426, "elapsed_time": 20.450038194656372, "prnt": false}
{"event": "training_step", "timestamp": 1769651388.5881023, "step": 238, "max_steps": 1050, "loss": 5.712164878845215, "elapsed_time": 20.527766227722168, "prnt": false}
{"event": "training_step", "timestamp": 1769651388.6663368, "step": 239, "max_steps": 1050, "loss": 5.746695518493652, "elapsed_time": 20.60554599761963, "prnt": false}
{"event": "training_step", "timestamp": 1769651388.744207, "step": 240, "max_steps": 1050, "loss": 5.650296211242676, "elapsed_time": 20.683473825454712, "prnt": false}
{"event": "training_step", "timestamp": 1769651388.822244, "step": 241, "max_steps": 1050, "loss": 5.716477394104004, "elapsed_time": 20.761760711669922, "prnt": false}
{"event": "training_step", "timestamp": 1769651388.900354, "step": 242, "max_steps": 1050, "loss": 5.70527458190918, "elapsed_time": 20.83988308906555, "prnt": false}
{"event": "training_step", "timestamp": 1769651388.9785697, "step": 243, "max_steps": 1050, "loss": 5.686188220977783, "elapsed_time": 20.91819667816162, "prnt": false}
{"event": "training_step", "timestamp": 1769651389.0564904, "step": 244, "max_steps": 1050, "loss": 5.694885730743408, "elapsed_time": 20.99610185623169, "prnt": false}
{"event": "training_step", "timestamp": 1769651389.1354566, "step": 245, "max_steps": 1050, "loss": 5.630423545837402, "elapsed_time": 21.077478885650635, "prnt": false}
{"event": "training_step", "timestamp": 1769651389.2141848, "step": 246, "max_steps": 1050, "loss": 5.652977466583252, "elapsed_time": 21.156460285186768, "prnt": false}
{"event": "training_step", "timestamp": 1769651389.292252, "step": 247, "max_steps": 1050, "loss": 5.66172981262207, "elapsed_time": 21.231899738311768, "prnt": false}
{"event": "training_step", "timestamp": 1769651389.3702846, "step": 248, "max_steps": 1050, "loss": 5.665624141693115, "elapsed_time": 21.309908866882324, "prnt": false}
{"event": "training_step", "timestamp": 1769651389.448582, "step": 249, "max_steps": 1050, "loss": 5.561793804168701, "elapsed_time": 21.388174533843994, "prnt": false}
{"event": "training_step", "timestamp": 1769651389.5266542, "step": 250, "max_steps": 1050, "loss": 5.705533981323242, "elapsed_time": 21.466129302978516, "prnt": false}
{"event": "validation_step", "timestamp": 1769651389.9224858, "step": 250, "max_steps": 1050, "loss": 1.4241845509228184, "elapsed_time": 21.466129302978516}
{"event": "training_step", "timestamp": 1769651390.0010285, "step": 251, "max_steps": 1050, "loss": 5.684959411621094, "elapsed_time": 21.940167903900146, "prnt": false}
{"event": "training_step", "timestamp": 1769651390.0792937, "step": 252, "max_steps": 1050, "loss": 5.691086769104004, "elapsed_time": 22.01864743232727, "prnt": false}
{"event": "training_step", "timestamp": 1769651390.1574755, "step": 253, "max_steps": 1050, "loss": 5.537619113922119, "elapsed_time": 22.097052574157715, "prnt": false}
{"event": "training_step", "timestamp": 1769651390.235686, "step": 254, "max_steps": 1050, "loss": 5.58807373046875, "elapsed_time": 22.175360441207886, "prnt": false}
{"event": "training_step", "timestamp": 1769651390.3137584, "step": 255, "max_steps": 1050, "loss": 5.617111682891846, "elapsed_time": 22.253575801849365, "prnt": false}
{"event": "training_step", "timestamp": 1769651390.3915458, "step": 256, "max_steps": 1050, "loss": 5.651646614074707, "elapsed_time": 22.33065414428711, "prnt": false}
{"event": "training_step", "timestamp": 1769651390.469546, "step": 257, "max_steps": 1050, "loss": 5.6726579666137695, "elapsed_time": 22.40848159790039, "prnt": false}
{"event": "training_step", "timestamp": 1769651390.5476894, "step": 258, "max_steps": 1050, "loss": 5.680442810058594, "elapsed_time": 22.486261129379272, "prnt": false}
{"event": "training_step", "timestamp": 1769651390.6261327, "step": 259, "max_steps": 1050, "loss": 5.666683673858643, "elapsed_time": 22.5658757686615, "prnt": false}
{"event": "training_step", "timestamp": 1769651390.7042916, "step": 260, "max_steps": 1050, "loss": 5.64298152923584, "elapsed_time": 22.644076347351074, "prnt": false}
{"event": "training_step", "timestamp": 1769651390.7825854, "step": 261, "max_steps": 1050, "loss": 5.6174163818359375, "elapsed_time": 22.72239327430725, "prnt": false}
{"event": "training_step", "timestamp": 1769651390.8607175, "step": 262, "max_steps": 1050, "loss": 5.670108318328857, "elapsed_time": 22.800491094589233, "prnt": false}
{"event": "training_step", "timestamp": 1769651390.9390707, "step": 263, "max_steps": 1050, "loss": 5.626977920532227, "elapsed_time": 22.87863278388977, "prnt": false}
{"event": "training_step", "timestamp": 1769651391.0173836, "step": 264, "max_steps": 1050, "loss": 5.589030742645264, "elapsed_time": 22.95700192451477, "prnt": false}
{"event": "training_step", "timestamp": 1769651391.0956283, "step": 265, "max_steps": 1050, "loss": 5.633740425109863, "elapsed_time": 23.035542011260986, "prnt": false}
{"event": "training_step", "timestamp": 1769651391.1737895, "step": 266, "max_steps": 1050, "loss": 5.6507134437561035, "elapsed_time": 23.1136155128479, "prnt": false}
{"event": "training_step", "timestamp": 1769651391.251819, "step": 267, "max_steps": 1050, "loss": 5.549539566040039, "elapsed_time": 23.191259622573853, "prnt": false}
{"event": "training_step", "timestamp": 1769651391.3295825, "step": 268, "max_steps": 1050, "loss": 5.626156330108643, "elapsed_time": 23.268622159957886, "prnt": false}
{"event": "training_step", "timestamp": 1769651391.4077501, "step": 269, "max_steps": 1050, "loss": 5.609543800354004, "elapsed_time": 23.34642267227173, "prnt": false}
{"event": "training_step", "timestamp": 1769651391.4857516, "step": 270, "max_steps": 1050, "loss": 5.58955717086792, "elapsed_time": 23.424503803253174, "prnt": false}
{"event": "training_step", "timestamp": 1769651391.5636413, "step": 271, "max_steps": 1050, "loss": 5.592789173126221, "elapsed_time": 23.50262975692749, "prnt": false}
{"event": "training_step", "timestamp": 1769651391.6416085, "step": 272, "max_steps": 1050, "loss": 5.568817138671875, "elapsed_time": 23.5807843208313, "prnt": false}
{"event": "training_step", "timestamp": 1769651391.7195692, "step": 273, "max_steps": 1050, "loss": 5.611030578613281, "elapsed_time": 23.658427953720093, "prnt": false}
{"event": "training_step", "timestamp": 1769651391.7974055, "step": 274, "max_steps": 1050, "loss": 5.622309684753418, "elapsed_time": 23.736225605010986, "prnt": false}
{"event": "training_step", "timestamp": 1769651391.875339, "step": 275, "max_steps": 1050, "loss": 5.625035285949707, "elapsed_time": 23.81426501274109, "prnt": false}
{"event": "training_step", "timestamp": 1769651391.9533129, "step": 276, "max_steps": 1050, "loss": 5.598972320556641, "elapsed_time": 23.892114400863647, "prnt": false}
{"event": "training_step", "timestamp": 1769651392.0312943, "step": 277, "max_steps": 1050, "loss": 5.567234516143799, "elapsed_time": 23.970587015151978, "prnt": false}
{"event": "training_step", "timestamp": 1769651392.1091795, "step": 278, "max_steps": 1050, "loss": 5.61075496673584, "elapsed_time": 24.04813027381897, "prnt": false}
{"event": "training_step", "timestamp": 1769651392.1872983, "step": 279, "max_steps": 1050, "loss": 5.5115509033203125, "elapsed_time": 24.1259925365448, "prnt": false}
{"event": "training_step", "timestamp": 1769651392.2653084, "step": 280, "max_steps": 1050, "loss": 5.6211676597595215, "elapsed_time": 24.203996419906616, "prnt": false}
{"event": "training_step", "timestamp": 1769651392.34326, "step": 281, "max_steps": 1050, "loss": 5.595134258270264, "elapsed_time": 24.282101154327393, "prnt": false}
{"event": "training_step", "timestamp": 1769651392.4211853, "step": 282, "max_steps": 1050, "loss": 5.56321382522583, "elapsed_time": 24.36004066467285, "prnt": false}
{"event": "training_step", "timestamp": 1769651392.4991813, "step": 283, "max_steps": 1050, "loss": 5.5570268630981445, "elapsed_time": 24.43811845779419, "prnt": false}
{"event": "training_step", "timestamp": 1769651392.5770817, "step": 284, "max_steps": 1050, "loss": 5.668830394744873, "elapsed_time": 24.515905618667603, "prnt": false}
{"event": "training_step", "timestamp": 1769651392.654977, "step": 285, "max_steps": 1050, "loss": 5.609953880310059, "elapsed_time": 24.594061851501465, "prnt": false}
{"event": "training_step", "timestamp": 1769651392.7328172, "step": 286, "max_steps": 1050, "loss": 5.585012435913086, "elapsed_time": 24.671671867370605, "prnt": false}
{"event": "training_step", "timestamp": 1769651392.8107424, "step": 287, "max_steps": 1050, "loss": 5.563833236694336, "elapsed_time": 24.74960207939148, "prnt": false}
{"event": "training_step", "timestamp": 1769651392.888704, "step": 288, "max_steps": 1050, "loss": 5.541236877441406, "elapsed_time": 24.827449560165405, "prnt": false}
{"event": "training_step", "timestamp": 1769651392.9667332, "step": 289, "max_steps": 1050, "loss": 5.563808917999268, "elapsed_time": 24.90556526184082, "prnt": false}
{"event": "training_step", "timestamp": 1769651393.0448217, "step": 290, "max_steps": 1050, "loss": 5.47749662399292, "elapsed_time": 24.983582258224487, "prnt": false}
{"event": "training_step", "timestamp": 1769651393.1228552, "step": 291, "max_steps": 1050, "loss": 5.540329456329346, "elapsed_time": 25.06162405014038, "prnt": false}
{"event": "training_step", "timestamp": 1769651393.2007318, "step": 292, "max_steps": 1050, "loss": 5.569753646850586, "elapsed_time": 25.139781713485718, "prnt": false}
{"event": "training_step", "timestamp": 1769651393.2787068, "step": 293, "max_steps": 1050, "loss": 5.547964572906494, "elapsed_time": 25.2177836894989, "prnt": false}
{"event": "training_step", "timestamp": 1769651393.356646, "step": 294, "max_steps": 1050, "loss": 5.575279235839844, "elapsed_time": 25.295664310455322, "prnt": false}
{"event": "training_step", "timestamp": 1769651393.4345608, "step": 295, "max_steps": 1050, "loss": 5.541329383850098, "elapsed_time": 25.37344002723694, "prnt": false}
{"event": "training_step", "timestamp": 1769651393.5124207, "step": 296, "max_steps": 1050, "loss": 5.512768745422363, "elapsed_time": 25.451342821121216, "prnt": false}
{"event": "training_step", "timestamp": 1769651393.590313, "step": 297, "max_steps": 1050, "loss": 5.509675979614258, "elapsed_time": 25.529258728027344, "prnt": false}
{"event": "training_step", "timestamp": 1769651393.6682484, "step": 298, "max_steps": 1050, "loss": 5.524475574493408, "elapsed_time": 25.607065677642822, "prnt": false}
{"event": "training_step", "timestamp": 1769651393.746284, "step": 299, "max_steps": 1050, "loss": 5.569115161895752, "elapsed_time": 25.685160636901855, "prnt": false}
{"event": "training_step", "timestamp": 1769651393.8242764, "step": 300, "max_steps": 1050, "loss": 5.461188793182373, "elapsed_time": 25.762995719909668, "prnt": false}
{"event": "validation_step", "timestamp": 1769651394.2198205, "step": 300, "max_steps": 1050, "loss": 1.3962622670220823, "elapsed_time": 25.762995719909668}
{"event": "training_step", "timestamp": 1769651394.2984946, "step": 301, "max_steps": 1050, "loss": 5.545841693878174, "elapsed_time": 26.237670183181763, "prnt": false}
{"event": "training_step", "timestamp": 1769651394.3763762, "step": 302, "max_steps": 1050, "loss": 5.453120231628418, "elapsed_time": 26.315309762954712, "prnt": false}
{"event": "training_step", "timestamp": 1769651394.4543278, "step": 303, "max_steps": 1050, "loss": 5.486985206604004, "elapsed_time": 26.393238067626953, "prnt": false}
{"event": "training_step", "timestamp": 1769651394.5321164, "step": 304, "max_steps": 1050, "loss": 5.469582557678223, "elapsed_time": 26.47139048576355, "prnt": false}
{"event": "training_step", "timestamp": 1769651394.609994, "step": 305, "max_steps": 1050, "loss": 5.513993263244629, "elapsed_time": 26.5490620136261, "prnt": false}
{"event": "training_step", "timestamp": 1769651394.687977, "step": 306, "max_steps": 1050, "loss": 5.522690773010254, "elapsed_time": 26.626850366592407, "prnt": false}
{"event": "training_step", "timestamp": 1769651394.766038, "step": 307, "max_steps": 1050, "loss": 5.507750511169434, "elapsed_time": 26.704811811447144, "prnt": false}
{"event": "training_step", "timestamp": 1769651394.8440132, "step": 308, "max_steps": 1050, "loss": 5.521688461303711, "elapsed_time": 26.782710552215576, "prnt": false}
{"event": "training_step", "timestamp": 1769651394.9219847, "step": 309, "max_steps": 1050, "loss": 5.524744510650635, "elapsed_time": 26.860823392868042, "prnt": false}
{"event": "training_step", "timestamp": 1769651394.999822, "step": 310, "max_steps": 1050, "loss": 5.511822700500488, "elapsed_time": 26.93878984451294, "prnt": false}
{"event": "training_step", "timestamp": 1769651395.077805, "step": 311, "max_steps": 1050, "loss": 5.48464822769165, "elapsed_time": 27.016713619232178, "prnt": false}
{"event": "training_step", "timestamp": 1769651395.1557324, "step": 312, "max_steps": 1050, "loss": 5.464873313903809, "elapsed_time": 27.094772577285767, "prnt": false}
{"event": "training_step", "timestamp": 1769651395.2335777, "step": 313, "max_steps": 1050, "loss": 5.53803014755249, "elapsed_time": 27.17250108718872, "prnt": false}
{"event": "training_step", "timestamp": 1769651395.311421, "step": 314, "max_steps": 1050, "loss": 5.479790210723877, "elapsed_time": 27.250234842300415, "prnt": false}
{"event": "training_step", "timestamp": 1769651395.3894618, "step": 315, "max_steps": 1050, "loss": 5.53550386428833, "elapsed_time": 27.328814268112183, "prnt": false}
{"event": "training_step", "timestamp": 1769651395.4675171, "step": 316, "max_steps": 1050, "loss": 5.52531099319458, "elapsed_time": 27.40690851211548, "prnt": false}
{"event": "training_step", "timestamp": 1769651395.5456553, "step": 317, "max_steps": 1050, "loss": 5.467475891113281, "elapsed_time": 27.48442554473877, "prnt": false}
{"event": "training_step", "timestamp": 1769651395.623728, "step": 318, "max_steps": 1050, "loss": 5.4637675285339355, "elapsed_time": 27.5626277923584, "prnt": false}
{"event": "training_step", "timestamp": 1769651395.7015846, "step": 319, "max_steps": 1050, "loss": 5.439734935760498, "elapsed_time": 27.640490770339966, "prnt": false}
{"event": "training_step", "timestamp": 1769651395.7795908, "step": 320, "max_steps": 1050, "loss": 5.44769287109375, "elapsed_time": 27.71829843521118, "prnt": false}
{"event": "training_step", "timestamp": 1769651395.8577578, "step": 321, "max_steps": 1050, "loss": 5.461666584014893, "elapsed_time": 27.797027826309204, "prnt": false}
{"event": "training_step", "timestamp": 1769651395.9356682, "step": 322, "max_steps": 1050, "loss": 5.4551825523376465, "elapsed_time": 27.874652862548828, "prnt": false}
{"event": "training_step", "timestamp": 1769651396.0136025, "step": 323, "max_steps": 1050, "loss": 5.445677757263184, "elapsed_time": 27.952720403671265, "prnt": false}
{"event": "training_step", "timestamp": 1769651396.0916104, "step": 324, "max_steps": 1050, "loss": 5.442801475524902, "elapsed_time": 28.030864000320435, "prnt": false}
{"event": "training_step", "timestamp": 1769651396.1694431, "step": 325, "max_steps": 1050, "loss": 5.462347984313965, "elapsed_time": 28.10869550704956, "prnt": false}
{"event": "training_step", "timestamp": 1769651396.2474146, "step": 326, "max_steps": 1050, "loss": 5.445433616638184, "elapsed_time": 28.186161041259766, "prnt": false}
{"event": "training_step", "timestamp": 1769651396.3255506, "step": 327, "max_steps": 1050, "loss": 5.457048416137695, "elapsed_time": 28.264211654663086, "prnt": false}
{"event": "training_step", "timestamp": 1769651396.4035773, "step": 328, "max_steps": 1050, "loss": 5.436836242675781, "elapsed_time": 28.34225606918335, "prnt": false}
{"event": "training_step", "timestamp": 1769651396.4815414, "step": 329, "max_steps": 1050, "loss": 5.367213726043701, "elapsed_time": 28.420355081558228, "prnt": false}
{"event": "training_step", "timestamp": 1769651396.559551, "step": 330, "max_steps": 1050, "loss": 5.41202974319458, "elapsed_time": 28.498568773269653, "prnt": false}
{"event": "training_step", "timestamp": 1769651396.6374125, "step": 331, "max_steps": 1050, "loss": 5.428432464599609, "elapsed_time": 28.576500415802002, "prnt": false}
{"event": "training_step", "timestamp": 1769651396.7153723, "step": 332, "max_steps": 1050, "loss": 5.398871421813965, "elapsed_time": 28.654117584228516, "prnt": false}
{"event": "training_step", "timestamp": 1769651396.793341, "step": 333, "max_steps": 1050, "loss": 5.383622646331787, "elapsed_time": 28.732208967208862, "prnt": false}
{"event": "training_step", "timestamp": 1769651396.8711426, "step": 334, "max_steps": 1050, "loss": 5.428947448730469, "elapsed_time": 28.81009340286255, "prnt": false}
{"event": "training_step", "timestamp": 1769651396.9491212, "step": 335, "max_steps": 1050, "loss": 5.4705119132995605, "elapsed_time": 28.88803005218506, "prnt": false}
{"event": "training_step", "timestamp": 1769651397.0271575, "step": 336, "max_steps": 1050, "loss": 5.46458101272583, "elapsed_time": 28.965962648391724, "prnt": false}
{"event": "training_step", "timestamp": 1769651397.105245, "step": 337, "max_steps": 1050, "loss": 5.4130401611328125, "elapsed_time": 29.04396390914917, "prnt": false}
{"event": "training_step", "timestamp": 1769651397.1833057, "step": 338, "max_steps": 1050, "loss": 5.408777713775635, "elapsed_time": 29.12194299697876, "prnt": false}
{"event": "training_step", "timestamp": 1769651397.261488, "step": 339, "max_steps": 1050, "loss": 5.388940811157227, "elapsed_time": 29.200204133987427, "prnt": false}
{"event": "training_step", "timestamp": 1769651397.3393517, "step": 340, "max_steps": 1050, "loss": 5.456424236297607, "elapsed_time": 29.278291940689087, "prnt": false}
{"event": "training_step", "timestamp": 1769651397.4174051, "step": 341, "max_steps": 1050, "loss": 5.386912822723389, "elapsed_time": 29.35618567466736, "prnt": false}
{"event": "training_step", "timestamp": 1769651397.4954326, "step": 342, "max_steps": 1050, "loss": 5.428695201873779, "elapsed_time": 29.434165000915527, "prnt": false}
{"event": "training_step", "timestamp": 1769651397.5733843, "step": 343, "max_steps": 1050, "loss": 5.4648966789245605, "elapsed_time": 29.512433528900146, "prnt": false}
{"event": "training_step", "timestamp": 1769651397.6513085, "step": 344, "max_steps": 1050, "loss": 5.438864231109619, "elapsed_time": 29.59023356437683, "prnt": false}
{"event": "training_step", "timestamp": 1769651397.7292707, "step": 345, "max_steps": 1050, "loss": 5.401575088500977, "elapsed_time": 29.668188333511353, "prnt": false}
{"event": "training_step", "timestamp": 1769651397.8073025, "step": 346, "max_steps": 1050, "loss": 5.419865608215332, "elapsed_time": 29.74610209465027, "prnt": false}
{"event": "training_step", "timestamp": 1769651397.8853827, "step": 347, "max_steps": 1050, "loss": 5.383543014526367, "elapsed_time": 29.82411551475525, "prnt": false}
{"event": "training_step", "timestamp": 1769651397.9635146, "step": 348, "max_steps": 1050, "loss": 5.411010265350342, "elapsed_time": 29.902286052703857, "prnt": false}
{"event": "training_step", "timestamp": 1769651398.0415416, "step": 349, "max_steps": 1050, "loss": 5.4165940284729, "elapsed_time": 29.980446100234985, "prnt": false}
{"event": "training_step", "timestamp": 1769651398.1195788, "step": 350, "max_steps": 1050, "loss": 5.430398941040039, "elapsed_time": 30.05837655067444, "prnt": false}
{"event": "validation_step", "timestamp": 1769651398.5158472, "step": 350, "max_steps": 1050, "loss": 1.3723185480279958, "elapsed_time": 30.05837655067444}
{"event": "training_step", "timestamp": 1769651398.5945766, "step": 351, "max_steps": 1050, "loss": 5.401363849639893, "elapsed_time": 30.533365964889526, "prnt": false}
{"event": "training_step", "timestamp": 1769651398.672503, "step": 352, "max_steps": 1050, "loss": 5.371702194213867, "elapsed_time": 30.611444234848022, "prnt": false}
{"event": "training_step", "timestamp": 1769651398.7505543, "step": 353, "max_steps": 1050, "loss": 5.377690315246582, "elapsed_time": 30.690030336380005, "prnt": false}
{"event": "training_step", "timestamp": 1769651398.8284593, "step": 354, "max_steps": 1050, "loss": 5.3658447265625, "elapsed_time": 30.767730712890625, "prnt": false}
{"event": "training_step", "timestamp": 1769651398.906463, "step": 355, "max_steps": 1050, "loss": 5.3635454177856445, "elapsed_time": 30.84578800201416, "prnt": false}
{"event": "training_step", "timestamp": 1769651398.9845695, "step": 356, "max_steps": 1050, "loss": 5.354198932647705, "elapsed_time": 30.923470497131348, "prnt": false}
{"event": "training_step", "timestamp": 1769651399.0627701, "step": 357, "max_steps": 1050, "loss": 5.328780174255371, "elapsed_time": 31.001712322235107, "prnt": false}
{"event": "training_step", "timestamp": 1769651399.1406412, "step": 358, "max_steps": 1050, "loss": 5.385787487030029, "elapsed_time": 31.079833984375, "prnt": false}
{"event": "training_step", "timestamp": 1769651399.218762, "step": 359, "max_steps": 1050, "loss": 5.285074710845947, "elapsed_time": 31.157891511917114, "prnt": false}
{"event": "training_step", "timestamp": 1769651399.2967625, "step": 360, "max_steps": 1050, "loss": 5.363526344299316, "elapsed_time": 31.23575711250305, "prnt": false}
{"event": "training_step", "timestamp": 1769651399.3747587, "step": 361, "max_steps": 1050, "loss": 5.420759677886963, "elapsed_time": 31.313802242279053, "prnt": false}
{"event": "training_step", "timestamp": 1769651399.4527447, "step": 362, "max_steps": 1050, "loss": 5.321495532989502, "elapsed_time": 31.391690969467163, "prnt": false}
{"event": "training_step", "timestamp": 1769651399.5308042, "step": 363, "max_steps": 1050, "loss": 5.321987628936768, "elapsed_time": 31.469764709472656, "prnt": false}
{"event": "training_step", "timestamp": 1769651399.6086025, "step": 364, "max_steps": 1050, "loss": 5.3172383308410645, "elapsed_time": 31.547659873962402, "prnt": false}
{"event": "training_step", "timestamp": 1769651399.6866622, "step": 365, "max_steps": 1050, "loss": 5.351670742034912, "elapsed_time": 31.62566328048706, "prnt": false}
{"event": "training_step", "timestamp": 1769651399.764902, "step": 366, "max_steps": 1050, "loss": 5.346358776092529, "elapsed_time": 31.703726053237915, "prnt": false}
{"event": "training_step", "timestamp": 1769651399.8431084, "step": 367, "max_steps": 1050, "loss": 5.3167243003845215, "elapsed_time": 31.78218388557434, "prnt": false}
{"event": "training_step", "timestamp": 1769651399.9212828, "step": 368, "max_steps": 1050, "loss": 5.290866374969482, "elapsed_time": 31.860098123550415, "prnt": false}
{"event": "training_step", "timestamp": 1769651399.9993653, "step": 369, "max_steps": 1050, "loss": 5.318368434906006, "elapsed_time": 31.938321828842163, "prnt": false}
{"event": "training_step", "timestamp": 1769651400.077678, "step": 370, "max_steps": 1050, "loss": 5.349961280822754, "elapsed_time": 32.01702427864075, "prnt": false}
{"event": "training_step", "timestamp": 1769651400.1558053, "step": 371, "max_steps": 1050, "loss": 5.296712875366211, "elapsed_time": 32.09486150741577, "prnt": false}
{"event": "training_step", "timestamp": 1769651400.233904, "step": 372, "max_steps": 1050, "loss": 5.361047744750977, "elapsed_time": 32.17302131652832, "prnt": false}
{"event": "training_step", "timestamp": 1769651400.3118925, "step": 373, "max_steps": 1050, "loss": 5.326602935791016, "elapsed_time": 32.25106334686279, "prnt": false}
{"event": "training_step", "timestamp": 1769651400.3898296, "step": 374, "max_steps": 1050, "loss": 5.322271347045898, "elapsed_time": 32.32881569862366, "prnt": false}
{"event": "training_step", "timestamp": 1769651400.4678695, "step": 375, "max_steps": 1050, "loss": 5.36794900894165, "elapsed_time": 32.40701985359192, "prnt": false}
{"event": "training_step", "timestamp": 1769651400.5459118, "step": 376, "max_steps": 1050, "loss": 5.279958248138428, "elapsed_time": 32.484835624694824, "prnt": false}
{"event": "training_step", "timestamp": 1769651400.62416, "step": 377, "max_steps": 1050, "loss": 5.309854984283447, "elapsed_time": 32.56324052810669, "prnt": false}
{"event": "training_step", "timestamp": 1769651400.7022963, "step": 378, "max_steps": 1050, "loss": 5.300827503204346, "elapsed_time": 32.64117980003357, "prnt": false}
{"event": "training_step", "timestamp": 1769651400.7803788, "step": 379, "max_steps": 1050, "loss": 5.2798590660095215, "elapsed_time": 32.71941542625427, "prnt": false}
{"event": "training_step", "timestamp": 1769651400.85854, "step": 380, "max_steps": 1050, "loss": 5.301723480224609, "elapsed_time": 32.797648429870605, "prnt": false}
{"event": "training_step", "timestamp": 1769651400.9366753, "step": 381, "max_steps": 1050, "loss": 5.337325572967529, "elapsed_time": 32.875548124313354, "prnt": false}
{"event": "training_step", "timestamp": 1769651401.0146453, "step": 382, "max_steps": 1050, "loss": 5.3778791427612305, "elapsed_time": 32.953553915023804, "prnt": false}
{"event": "training_step", "timestamp": 1769651401.0927987, "step": 383, "max_steps": 1050, "loss": 5.295977592468262, "elapsed_time": 33.0317862033844, "prnt": false}
{"event": "training_step", "timestamp": 1769651401.170773, "step": 384, "max_steps": 1050, "loss": 5.259977340698242, "elapsed_time": 33.109618186950684, "prnt": false}
{"event": "training_step", "timestamp": 1769651401.248714, "step": 385, "max_steps": 1050, "loss": 5.275233268737793, "elapsed_time": 33.18771576881409, "prnt": false}
{"event": "training_step", "timestamp": 1769651401.3267229, "step": 386, "max_steps": 1050, "loss": 5.331916809082031, "elapsed_time": 33.26559662818909, "prnt": false}
{"event": "training_step", "timestamp": 1769651401.4049845, "step": 387, "max_steps": 1050, "loss": 5.226159572601318, "elapsed_time": 33.34373331069946, "prnt": false}
{"event": "training_step", "timestamp": 1769651401.4831643, "step": 388, "max_steps": 1050, "loss": 5.243128299713135, "elapsed_time": 33.42188096046448, "prnt": false}
{"event": "training_step", "timestamp": 1769651401.5613968, "step": 389, "max_steps": 1050, "loss": 5.307926654815674, "elapsed_time": 33.5002121925354, "prnt": false}
{"event": "training_step", "timestamp": 1769651401.6395273, "step": 390, "max_steps": 1050, "loss": 5.348811149597168, "elapsed_time": 33.57840895652771, "prnt": false}
{"event": "training_step", "timestamp": 1769651401.7176998, "step": 391, "max_steps": 1050, "loss": 5.297942161560059, "elapsed_time": 33.65656089782715, "prnt": false}
{"event": "training_step", "timestamp": 1769651401.7958024, "step": 392, "max_steps": 1050, "loss": 5.349282741546631, "elapsed_time": 33.73467040061951, "prnt": false}
{"event": "training_step", "timestamp": 1769651401.873998, "step": 393, "max_steps": 1050, "loss": 5.295394420623779, "elapsed_time": 33.81293702125549, "prnt": false}
{"event": "training_step", "timestamp": 1769651401.9518945, "step": 394, "max_steps": 1050, "loss": 5.308340072631836, "elapsed_time": 33.89089488983154, "prnt": false}
{"event": "training_step", "timestamp": 1769651402.0299807, "step": 395, "max_steps": 1050, "loss": 5.302459716796875, "elapsed_time": 33.96882510185242, "prnt": false}
{"event": "training_step", "timestamp": 1769651402.1082275, "step": 396, "max_steps": 1050, "loss": 5.2578864097595215, "elapsed_time": 34.04743933677673, "prnt": false}
{"event": "training_step", "timestamp": 1769651402.1864133, "step": 397, "max_steps": 1050, "loss": 5.217945575714111, "elapsed_time": 34.12542486190796, "prnt": false}
{"event": "training_step", "timestamp": 1769651402.2645419, "step": 398, "max_steps": 1050, "loss": 5.340484142303467, "elapsed_time": 34.20309901237488, "prnt": false}
{"event": "training_step", "timestamp": 1769651402.3428395, "step": 399, "max_steps": 1050, "loss": 5.283719539642334, "elapsed_time": 34.281434059143066, "prnt": false}
{"event": "training_step", "timestamp": 1769651402.4209375, "step": 400, "max_steps": 1050, "loss": 5.288177013397217, "elapsed_time": 34.359562397003174, "prnt": false}
{"event": "validation_step", "timestamp": 1769651402.8175297, "step": 400, "max_steps": 1050, "loss": 1.354608836849368, "elapsed_time": 34.359562397003174}
{"event": "training_step", "timestamp": 1769651402.8962653, "step": 401, "max_steps": 1050, "loss": 5.238220691680908, "elapsed_time": 34.834909200668335, "prnt": false}
{"event": "training_step", "timestamp": 1769651402.9743996, "step": 402, "max_steps": 1050, "loss": 5.285008907318115, "elapsed_time": 34.9133415222168, "prnt": false}
{"event": "training_step", "timestamp": 1769651403.052471, "step": 403, "max_steps": 1050, "loss": 5.2053022384643555, "elapsed_time": 34.99138689041138, "prnt": false}
{"event": "training_step", "timestamp": 1769651403.130584, "step": 404, "max_steps": 1050, "loss": 5.223540306091309, "elapsed_time": 35.06955003738403, "prnt": false}
{"event": "training_step", "timestamp": 1769651403.2086935, "step": 405, "max_steps": 1050, "loss": 5.248110294342041, "elapsed_time": 35.147562742233276, "prnt": false}
{"event": "training_step", "timestamp": 1769651403.2866392, "step": 406, "max_steps": 1050, "loss": 5.291783809661865, "elapsed_time": 35.225576877593994, "prnt": false}
{"event": "training_step", "timestamp": 1769651403.3648841, "step": 407, "max_steps": 1050, "loss": 5.312159538269043, "elapsed_time": 35.3036253452301, "prnt": false}
{"event": "training_step", "timestamp": 1769651403.4431021, "step": 408, "max_steps": 1050, "loss": 5.271780967712402, "elapsed_time": 35.38184952735901, "prnt": false}
{"event": "training_step", "timestamp": 1769651403.5213375, "step": 409, "max_steps": 1050, "loss": 5.329746723175049, "elapsed_time": 35.46025896072388, "prnt": false}
{"event": "training_step", "timestamp": 1769651403.5994387, "step": 410, "max_steps": 1050, "loss": 5.3320183753967285, "elapsed_time": 35.53823518753052, "prnt": false}
{"event": "training_step", "timestamp": 1769651403.6776383, "step": 411, "max_steps": 1050, "loss": 5.249975204467773, "elapsed_time": 35.61652898788452, "prnt": false}
{"event": "training_step", "timestamp": 1769651403.7557116, "step": 412, "max_steps": 1050, "loss": 5.243494510650635, "elapsed_time": 35.69461536407471, "prnt": false}
{"event": "training_step", "timestamp": 1769651403.833945, "step": 413, "max_steps": 1050, "loss": 5.298373699188232, "elapsed_time": 35.77267789840698, "prnt": false}
{"event": "training_step", "timestamp": 1769651403.9120295, "step": 414, "max_steps": 1050, "loss": 5.248261451721191, "elapsed_time": 35.85091829299927, "prnt": false}
{"event": "training_step", "timestamp": 1769651403.9900334, "step": 415, "max_steps": 1050, "loss": 5.230789661407471, "elapsed_time": 35.92901158332825, "prnt": false}
{"event": "training_step", "timestamp": 1769651404.0679867, "step": 416, "max_steps": 1050, "loss": 5.285303115844727, "elapsed_time": 36.006895542144775, "prnt": false}
{"event": "training_step", "timestamp": 1769651404.1463962, "step": 417, "max_steps": 1050, "loss": 5.218959331512451, "elapsed_time": 36.08566236495972, "prnt": false}
{"event": "training_step", "timestamp": 1769651404.2245662, "step": 418, "max_steps": 1050, "loss": 5.2880072593688965, "elapsed_time": 36.16331720352173, "prnt": false}
{"event": "training_step", "timestamp": 1769651404.303023, "step": 419, "max_steps": 1050, "loss": 5.268774509429932, "elapsed_time": 36.2415931224823, "prnt": false}
{"event": "training_step", "timestamp": 1769651404.381363, "step": 420, "max_steps": 1050, "loss": 5.208310604095459, "elapsed_time": 36.319907426834106, "prnt": false}
{"event": "training_step", "timestamp": 1769651404.4596577, "step": 421, "max_steps": 1050, "loss": 5.25288200378418, "elapsed_time": 36.39832019805908, "prnt": false}
{"event": "training_step", "timestamp": 1769651404.5378392, "step": 422, "max_steps": 1050, "loss": 5.272679328918457, "elapsed_time": 36.476863384246826, "prnt": false}
{"event": "training_step", "timestamp": 1769651404.6160748, "step": 423, "max_steps": 1050, "loss": 5.194502830505371, "elapsed_time": 36.554877281188965, "prnt": false}
{"event": "training_step", "timestamp": 1769651404.6942642, "step": 424, "max_steps": 1050, "loss": 5.248592376708984, "elapsed_time": 36.63304162025452, "prnt": false}
{"event": "training_step", "timestamp": 1769651404.7725396, "step": 425, "max_steps": 1050, "loss": 5.213573932647705, "elapsed_time": 36.71137475967407, "prnt": false}
{"event": "training_step", "timestamp": 1769651404.850639, "step": 426, "max_steps": 1050, "loss": 5.303451061248779, "elapsed_time": 36.789435625076294, "prnt": false}
{"event": "training_step", "timestamp": 1769651404.9287, "step": 427, "max_steps": 1050, "loss": 5.210866451263428, "elapsed_time": 36.86767077445984, "prnt": false}
{"event": "training_step", "timestamp": 1769651405.0067272, "step": 428, "max_steps": 1050, "loss": 5.2081804275512695, "elapsed_time": 36.94558000564575, "prnt": false}
{"event": "training_step", "timestamp": 1769651405.0850024, "step": 429, "max_steps": 1050, "loss": 5.21198034286499, "elapsed_time": 37.023680448532104, "prnt": false}
{"event": "training_step", "timestamp": 1769651405.1632063, "step": 430, "max_steps": 1050, "loss": 5.265052318572998, "elapsed_time": 37.10192608833313, "prnt": false}
{"event": "training_step", "timestamp": 1769651405.2416399, "step": 431, "max_steps": 1050, "loss": 5.259705066680908, "elapsed_time": 37.180124044418335, "prnt": false}
{"event": "training_step", "timestamp": 1769651405.3199112, "step": 432, "max_steps": 1050, "loss": 5.259002208709717, "elapsed_time": 37.258490324020386, "prnt": false}
{"event": "training_step", "timestamp": 1769651405.398072, "step": 433, "max_steps": 1050, "loss": 5.164710521697998, "elapsed_time": 37.3368444442749, "prnt": false}
{"event": "training_step", "timestamp": 1769651405.47619, "step": 434, "max_steps": 1050, "loss": 5.178543567657471, "elapsed_time": 37.41492533683777, "prnt": false}
{"event": "training_step", "timestamp": 1769651405.5544167, "step": 435, "max_steps": 1050, "loss": 5.1378021240234375, "elapsed_time": 37.49322581291199, "prnt": false}
{"event": "training_step", "timestamp": 1769651405.632521, "step": 436, "max_steps": 1050, "loss": 5.166428565979004, "elapsed_time": 37.57132411003113, "prnt": false}
{"event": "training_step", "timestamp": 1769651405.7107012, "step": 437, "max_steps": 1050, "loss": 5.218475341796875, "elapsed_time": 37.6494927406311, "prnt": false}
{"event": "training_step", "timestamp": 1769651405.7888544, "step": 438, "max_steps": 1050, "loss": 5.14501953125, "elapsed_time": 37.727914810180664, "prnt": false}
{"event": "training_step", "timestamp": 1769651405.8669238, "step": 439, "max_steps": 1050, "loss": 5.152623176574707, "elapsed_time": 37.80588674545288, "prnt": false}
{"event": "training_step", "timestamp": 1769651405.945139, "step": 440, "max_steps": 1050, "loss": 5.189156532287598, "elapsed_time": 37.884162187576294, "prnt": false}
{"event": "training_step", "timestamp": 1769651406.0235586, "step": 441, "max_steps": 1050, "loss": 5.169661521911621, "elapsed_time": 37.96222734451294, "prnt": false}
{"event": "training_step", "timestamp": 1769651406.1017852, "step": 442, "max_steps": 1050, "loss": 5.215124607086182, "elapsed_time": 38.04043507575989, "prnt": false}
{"event": "training_step", "timestamp": 1769651406.1802726, "step": 443, "max_steps": 1050, "loss": 5.229222774505615, "elapsed_time": 38.1194167137146, "prnt": false}
{"event": "training_step", "timestamp": 1769651406.2584345, "step": 444, "max_steps": 1050, "loss": 5.165735721588135, "elapsed_time": 38.19715976715088, "prnt": false}
{"event": "training_step", "timestamp": 1769651406.336641, "step": 445, "max_steps": 1050, "loss": 5.2025146484375, "elapsed_time": 38.27540731430054, "prnt": false}
{"event": "training_step", "timestamp": 1769651406.414914, "step": 446, "max_steps": 1050, "loss": 5.215765476226807, "elapsed_time": 38.353596687316895, "prnt": false}
{"event": "training_step", "timestamp": 1769651406.493231, "step": 447, "max_steps": 1050, "loss": 5.157678604125977, "elapsed_time": 38.431867361068726, "prnt": false}
{"event": "training_step", "timestamp": 1769651406.5713117, "step": 448, "max_steps": 1050, "loss": 5.139628887176514, "elapsed_time": 38.51017165184021, "prnt": false}
{"event": "training_step", "timestamp": 1769651406.6494741, "step": 449, "max_steps": 1050, "loss": 5.181238174438477, "elapsed_time": 38.5882728099823, "prnt": false}
{"event": "training_step", "timestamp": 1769651406.727597, "step": 450, "max_steps": 1050, "loss": 5.1892571449279785, "elapsed_time": 38.66651701927185, "prnt": false}
{"event": "validation_step", "timestamp": 1769651407.124606, "step": 450, "max_steps": 1050, "loss": 1.3386822513175756, "elapsed_time": 38.66651701927185}
{"event": "training_step", "timestamp": 1769651407.2035582, "step": 451, "max_steps": 1050, "loss": 5.166024684906006, "elapsed_time": 39.142173051834106, "prnt": false}
{"event": "training_step", "timestamp": 1769651407.2819195, "step": 452, "max_steps": 1050, "loss": 5.205765247344971, "elapsed_time": 39.22058844566345, "prnt": false}
{"event": "training_step", "timestamp": 1769651407.3604155, "step": 453, "max_steps": 1050, "loss": 5.171642780303955, "elapsed_time": 39.299022912979126, "prnt": false}
{"event": "training_step", "timestamp": 1769651407.4386652, "step": 454, "max_steps": 1050, "loss": 5.166033744812012, "elapsed_time": 39.377453565597534, "prnt": false}
{"event": "training_step", "timestamp": 1769651407.5169632, "step": 455, "max_steps": 1050, "loss": 5.145875453948975, "elapsed_time": 39.45570993423462, "prnt": false}
{"event": "training_step", "timestamp": 1769651407.595144, "step": 456, "max_steps": 1050, "loss": 5.218430042266846, "elapsed_time": 39.53385591506958, "prnt": false}
{"event": "training_step", "timestamp": 1769651407.673367, "step": 457, "max_steps": 1050, "loss": 5.213272571563721, "elapsed_time": 39.61215305328369, "prnt": false}
{"event": "training_step", "timestamp": 1769651407.7516727, "step": 458, "max_steps": 1050, "loss": 5.1652703285217285, "elapsed_time": 39.69035577774048, "prnt": false}
{"event": "training_step", "timestamp": 1769651407.829841, "step": 459, "max_steps": 1050, "loss": 5.155205249786377, "elapsed_time": 39.76863431930542, "prnt": false}
{"event": "training_step", "timestamp": 1769651407.9079165, "step": 460, "max_steps": 1050, "loss": 5.2003960609436035, "elapsed_time": 39.84699511528015, "prnt": false}
{"event": "training_step", "timestamp": 1769651407.9861465, "step": 461, "max_steps": 1050, "loss": 5.143584728240967, "elapsed_time": 39.92492747306824, "prnt": false}
{"event": "training_step", "timestamp": 1769651408.0643635, "step": 462, "max_steps": 1050, "loss": 5.156013488769531, "elapsed_time": 40.003031969070435, "prnt": false}
{"event": "training_step", "timestamp": 1769651408.143029, "step": 463, "max_steps": 1050, "loss": 5.188175678253174, "elapsed_time": 40.08206510543823, "prnt": false}
{"event": "training_step", "timestamp": 1769651408.2214472, "step": 464, "max_steps": 1050, "loss": 5.200175762176514, "elapsed_time": 40.16004991531372, "prnt": false}
{"event": "training_step", "timestamp": 1769651408.3000782, "step": 465, "max_steps": 1050, "loss": 5.111635684967041, "elapsed_time": 40.238524198532104, "prnt": false}
{"event": "training_step", "timestamp": 1769651408.3783045, "step": 466, "max_steps": 1050, "loss": 5.224424839019775, "elapsed_time": 40.316991567611694, "prnt": false}
{"event": "training_step", "timestamp": 1769651408.4566057, "step": 467, "max_steps": 1050, "loss": 5.154681205749512, "elapsed_time": 40.39529514312744, "prnt": false}
{"event": "training_step", "timestamp": 1769651408.5348983, "step": 468, "max_steps": 1050, "loss": 5.132269859313965, "elapsed_time": 40.473485231399536, "prnt": false}
{"event": "training_step", "timestamp": 1769651408.6132886, "step": 469, "max_steps": 1050, "loss": 5.16351842880249, "elapsed_time": 40.55195593833923, "prnt": false}
{"event": "training_step", "timestamp": 1769651408.6916125, "step": 470, "max_steps": 1050, "loss": 5.134383201599121, "elapsed_time": 40.63017821311951, "prnt": false}
{"event": "training_step", "timestamp": 1769651408.7699013, "step": 471, "max_steps": 1050, "loss": 5.143863677978516, "elapsed_time": 40.708723068237305, "prnt": false}
{"event": "training_step", "timestamp": 1769651408.848003, "step": 472, "max_steps": 1050, "loss": 5.063793659210205, "elapsed_time": 40.78697204589844, "prnt": false}
{"event": "training_step", "timestamp": 1769651408.9261563, "step": 473, "max_steps": 1050, "loss": 5.172959327697754, "elapsed_time": 40.864994525909424, "prnt": false}
{"event": "training_step", "timestamp": 1769651409.0043464, "step": 474, "max_steps": 1050, "loss": 5.120765686035156, "elapsed_time": 40.94302153587341, "prnt": false}
{"event": "training_step", "timestamp": 1769651409.0826612, "step": 475, "max_steps": 1050, "loss": 5.127439975738525, "elapsed_time": 41.02132844924927, "prnt": false}
{"event": "training_step", "timestamp": 1769651409.161071, "step": 476, "max_steps": 1050, "loss": 5.136104583740234, "elapsed_time": 41.09953594207764, "prnt": false}
{"event": "training_step", "timestamp": 1769651409.2394788, "step": 477, "max_steps": 1050, "loss": 5.1067214012146, "elapsed_time": 41.17810297012329, "prnt": false}
{"event": "training_step", "timestamp": 1769651409.3175902, "step": 478, "max_steps": 1050, "loss": 5.119708061218262, "elapsed_time": 41.2565062046051, "prnt": false}
{"event": "training_step", "timestamp": 1769651409.3959248, "step": 479, "max_steps": 1050, "loss": 5.115495681762695, "elapsed_time": 41.334805488586426, "prnt": false}
{"event": "training_step", "timestamp": 1769651409.4741926, "step": 480, "max_steps": 1050, "loss": 5.169025421142578, "elapsed_time": 41.41287016868591, "prnt": false}
{"event": "training_step", "timestamp": 1769651409.5526016, "step": 481, "max_steps": 1050, "loss": 5.144855499267578, "elapsed_time": 41.49128460884094, "prnt": false}
{"event": "training_step", "timestamp": 1769651409.6308448, "step": 482, "max_steps": 1050, "loss": 5.087644577026367, "elapsed_time": 41.569533824920654, "prnt": false}
{"event": "training_step", "timestamp": 1769651409.7090647, "step": 483, "max_steps": 1050, "loss": 5.098850250244141, "elapsed_time": 41.64790368080139, "prnt": false}
{"event": "training_step", "timestamp": 1769651409.7871406, "step": 484, "max_steps": 1050, "loss": 5.157919406890869, "elapsed_time": 41.72606563568115, "prnt": false}
{"event": "training_step", "timestamp": 1769651409.8654354, "step": 485, "max_steps": 1050, "loss": 5.039963722229004, "elapsed_time": 41.80465269088745, "prnt": false}
{"event": "training_step", "timestamp": 1769651409.9437604, "step": 486, "max_steps": 1050, "loss": 5.135380268096924, "elapsed_time": 41.882434368133545, "prnt": false}
{"event": "training_step", "timestamp": 1769651410.0221033, "step": 487, "max_steps": 1050, "loss": 5.117329120635986, "elapsed_time": 41.9607892036438, "prnt": false}
{"event": "training_step", "timestamp": 1769651410.1005368, "step": 488, "max_steps": 1050, "loss": 5.100861549377441, "elapsed_time": 42.03902053833008, "prnt": false}
{"event": "training_step", "timestamp": 1769651410.1791198, "step": 489, "max_steps": 1050, "loss": 5.037313938140869, "elapsed_time": 42.11802005767822, "prnt": false}
{"event": "training_step", "timestamp": 1769651410.2572677, "step": 490, "max_steps": 1050, "loss": 5.12597131729126, "elapsed_time": 42.19615387916565, "prnt": false}
{"event": "training_step", "timestamp": 1769651410.335606, "step": 491, "max_steps": 1050, "loss": 5.094151973724365, "elapsed_time": 42.2743878364563, "prnt": false}
{"event": "training_step", "timestamp": 1769651410.4138775, "step": 492, "max_steps": 1050, "loss": 5.1054511070251465, "elapsed_time": 42.3525767326355, "prnt": false}
{"event": "training_step", "timestamp": 1769651410.4922936, "step": 493, "max_steps": 1050, "loss": 5.128767013549805, "elapsed_time": 42.430830001831055, "prnt": false}
{"event": "training_step", "timestamp": 1769651410.570564, "step": 494, "max_steps": 1050, "loss": 5.0687127113342285, "elapsed_time": 42.50924897193909, "prnt": false}
{"event": "training_step", "timestamp": 1769651410.6487644, "step": 495, "max_steps": 1050, "loss": 5.144773960113525, "elapsed_time": 42.587531089782715, "prnt": false}
{"event": "training_step", "timestamp": 1769651410.7268217, "step": 496, "max_steps": 1050, "loss": 5.099244594573975, "elapsed_time": 42.665796756744385, "prnt": false}
{"event": "training_step", "timestamp": 1769651410.804994, "step": 497, "max_steps": 1050, "loss": 5.040256977081299, "elapsed_time": 42.743810176849365, "prnt": false}
{"event": "training_step", "timestamp": 1769651410.8834047, "step": 498, "max_steps": 1050, "loss": 5.097298622131348, "elapsed_time": 42.822189807891846, "prnt": false}
{"event": "training_step", "timestamp": 1769651410.9618187, "step": 499, "max_steps": 1050, "loss": 5.120820999145508, "elapsed_time": 42.90041899681091, "prnt": false}
{"event": "training_step", "timestamp": 1769651411.0402908, "step": 500, "max_steps": 1050, "loss": 5.067188262939453, "elapsed_time": 42.97875738143921, "prnt": false}
{"event": "validation_step", "timestamp": 1769651411.4378126, "step": 500, "max_steps": 1050, "loss": 1.3257992928401885, "elapsed_time": 42.97875738143921}
{"event": "training_step", "timestamp": 1769651411.5166671, "step": 501, "max_steps": 1050, "loss": 5.067493438720703, "elapsed_time": 43.45520520210266, "prnt": false}
{"event": "training_step", "timestamp": 1769651411.5951092, "step": 502, "max_steps": 1050, "loss": 5.100040912628174, "elapsed_time": 43.53358554840088, "prnt": false}
{"event": "training_step", "timestamp": 1769651411.6735852, "step": 503, "max_steps": 1050, "loss": 5.071254730224609, "elapsed_time": 43.61213397979736, "prnt": false}
{"event": "training_step", "timestamp": 1769651411.7520514, "step": 504, "max_steps": 1050, "loss": 5.005022048950195, "elapsed_time": 43.69072461128235, "prnt": false}
{"event": "training_step", "timestamp": 1769651411.83044, "step": 505, "max_steps": 1050, "loss": 5.102944374084473, "elapsed_time": 43.76917743682861, "prnt": false}
{"event": "training_step", "timestamp": 1769651411.9086661, "step": 506, "max_steps": 1050, "loss": 5.052104949951172, "elapsed_time": 43.847477197647095, "prnt": false}
{"event": "training_step", "timestamp": 1769651411.986929, "step": 507, "max_steps": 1050, "loss": 5.085899829864502, "elapsed_time": 43.925689697265625, "prnt": false}
{"event": "training_step", "timestamp": 1769651412.0649576, "step": 508, "max_steps": 1050, "loss": 5.0914411544799805, "elapsed_time": 44.00380897521973, "prnt": false}
{"event": "training_step", "timestamp": 1769651412.1432807, "step": 509, "max_steps": 1050, "loss": 5.070620536804199, "elapsed_time": 44.08204531669617, "prnt": false}
{"event": "training_step", "timestamp": 1769651412.221853, "step": 510, "max_steps": 1050, "loss": 5.0419020652771, "elapsed_time": 44.16078996658325, "prnt": false}
{"event": "training_step", "timestamp": 1769651412.3003824, "step": 511, "max_steps": 1050, "loss": 5.0736002922058105, "elapsed_time": 44.238930225372314, "prnt": false}
{"event": "training_step", "timestamp": 1769651412.3789375, "step": 512, "max_steps": 1050, "loss": 5.072371959686279, "elapsed_time": 44.317437410354614, "prnt": false}
{"event": "training_step", "timestamp": 1769651412.457378, "step": 513, "max_steps": 1050, "loss": 5.0832295417785645, "elapsed_time": 44.396064043045044, "prnt": false}
{"event": "training_step", "timestamp": 1769651412.5356066, "step": 514, "max_steps": 1050, "loss": 4.998448371887207, "elapsed_time": 44.47438645362854, "prnt": false}
{"event": "training_step", "timestamp": 1769651412.6140516, "step": 515, "max_steps": 1050, "loss": 5.045018672943115, "elapsed_time": 44.55261182785034, "prnt": false}
{"event": "training_step", "timestamp": 1769651412.6924772, "step": 516, "max_steps": 1050, "loss": 5.0520172119140625, "elapsed_time": 44.63090515136719, "prnt": false}
{"event": "training_step", "timestamp": 1769651412.771007, "step": 517, "max_steps": 1050, "loss": 5.08563756942749, "elapsed_time": 44.70977473258972, "prnt": false}
{"event": "training_step", "timestamp": 1769651412.8492894, "step": 518, "max_steps": 1050, "loss": 5.045527935028076, "elapsed_time": 44.78796362876892, "prnt": false}
{"event": "training_step", "timestamp": 1769651412.927659, "step": 519, "max_steps": 1050, "loss": 5.0759429931640625, "elapsed_time": 44.86626434326172, "prnt": false}
{"event": "training_step", "timestamp": 1769651413.0057929, "step": 520, "max_steps": 1050, "loss": 5.043891429901123, "elapsed_time": 44.94452404975891, "prnt": false}
{"event": "training_step", "timestamp": 1769651413.0841904, "step": 521, "max_steps": 1050, "loss": 5.028237819671631, "elapsed_time": 45.02281737327576, "prnt": false}
{"event": "training_step", "timestamp": 1769651413.1625538, "step": 522, "max_steps": 1050, "loss": 5.041117191314697, "elapsed_time": 45.10117244720459, "prnt": false}
{"event": "training_step", "timestamp": 1769651413.2411635, "step": 523, "max_steps": 1050, "loss": 5.019286632537842, "elapsed_time": 45.17958331108093, "prnt": false}
{"event": "training_step", "timestamp": 1769651413.3197365, "step": 524, "max_steps": 1050, "loss": 5.053248405456543, "elapsed_time": 45.25802803039551, "prnt": false}
{"event": "training_step", "timestamp": 1769651413.3983529, "step": 525, "max_steps": 1050, "loss": 5.045985221862793, "elapsed_time": 45.33672857284546, "prnt": false}
{"event": "training_step", "timestamp": 1769651413.4766378, "step": 526, "max_steps": 1050, "loss": 5.030825614929199, "elapsed_time": 45.415170192718506, "prnt": false}
{"event": "training_step", "timestamp": 1769651413.555135, "step": 527, "max_steps": 1050, "loss": 4.996908664703369, "elapsed_time": 45.49385905265808, "prnt": false}
{"event": "training_step", "timestamp": 1769651413.6335723, "step": 528, "max_steps": 1050, "loss": 5.025770664215088, "elapsed_time": 45.57224678993225, "prnt": false}
{"event": "training_step", "timestamp": 1769651413.7120552, "step": 529, "max_steps": 1050, "loss": 5.082242488861084, "elapsed_time": 45.65060496330261, "prnt": false}
{"event": "training_step", "timestamp": 1769651413.7906022, "step": 530, "max_steps": 1050, "loss": 5.021427631378174, "elapsed_time": 45.729074001312256, "prnt": false}
{"event": "training_step", "timestamp": 1769651413.8688803, "step": 531, "max_steps": 1050, "loss": 5.014884948730469, "elapsed_time": 45.80759310722351, "prnt": false}
{"event": "training_step", "timestamp": 1769651413.9470336, "step": 532, "max_steps": 1050, "loss": 5.029967308044434, "elapsed_time": 45.8858118057251, "prnt": false}
{"event": "training_step", "timestamp": 1769651414.0253732, "step": 533, "max_steps": 1050, "loss": 5.023671627044678, "elapsed_time": 45.9640998840332, "prnt": false}
{"event": "training_step", "timestamp": 1769651414.1035402, "step": 534, "max_steps": 1050, "loss": 5.057170391082764, "elapsed_time": 46.04223275184631, "prnt": false}
{"event": "training_step", "timestamp": 1769651414.1819308, "step": 535, "max_steps": 1050, "loss": 4.968763828277588, "elapsed_time": 46.120768547058105, "prnt": false}
{"event": "training_step", "timestamp": 1769651414.26044, "step": 536, "max_steps": 1050, "loss": 5.054283618927002, "elapsed_time": 46.199164628982544, "prnt": false}
{"event": "training_step", "timestamp": 1769651414.33899, "step": 537, "max_steps": 1050, "loss": 5.023769855499268, "elapsed_time": 46.2775342464447, "prnt": false}
{"event": "training_step", "timestamp": 1769651414.4172919, "step": 538, "max_steps": 1050, "loss": 5.008274555206299, "elapsed_time": 46.355870962142944, "prnt": false}
{"event": "training_step", "timestamp": 1769651414.4957168, "step": 539, "max_steps": 1050, "loss": 5.0434465408325195, "elapsed_time": 46.434272050857544, "prnt": false}
{"event": "training_step", "timestamp": 1769651414.574119, "step": 540, "max_steps": 1050, "loss": 5.010899066925049, "elapsed_time": 46.512786865234375, "prnt": false}
{"event": "training_step", "timestamp": 1769651414.652643, "step": 541, "max_steps": 1050, "loss": 5.0078301429748535, "elapsed_time": 46.59129881858826, "prnt": false}
{"event": "training_step", "timestamp": 1769651414.731123, "step": 542, "max_steps": 1050, "loss": 4.988713264465332, "elapsed_time": 46.66965317726135, "prnt": false}
{"event": "training_step", "timestamp": 1769651414.8096013, "step": 543, "max_steps": 1050, "loss": 5.037735939025879, "elapsed_time": 46.74814963340759, "prnt": false}
{"event": "training_step", "timestamp": 1769651414.8878334, "step": 544, "max_steps": 1050, "loss": 5.012431621551514, "elapsed_time": 46.82665657997131, "prnt": false}
{"event": "training_step", "timestamp": 1769651414.9661164, "step": 545, "max_steps": 1050, "loss": 5.018078804016113, "elapsed_time": 46.9047966003418, "prnt": false}
{"event": "training_step", "timestamp": 1769651415.0442863, "step": 546, "max_steps": 1050, "loss": 4.9941205978393555, "elapsed_time": 46.98301124572754, "prnt": false}
{"event": "training_step", "timestamp": 1769651415.1224592, "step": 547, "max_steps": 1050, "loss": 4.979312419891357, "elapsed_time": 47.0612416267395, "prnt": false}
{"event": "training_step", "timestamp": 1769651415.2009995, "step": 548, "max_steps": 1050, "loss": 5.023915767669678, "elapsed_time": 47.139318227767944, "prnt": false}
{"event": "training_step", "timestamp": 1769651415.2796187, "step": 549, "max_steps": 1050, "loss": 5.039398670196533, "elapsed_time": 47.21791672706604, "prnt": false}
{"event": "training_step", "timestamp": 1769651415.358167, "step": 550, "max_steps": 1050, "loss": 5.048324108123779, "elapsed_time": 47.29651379585266, "prnt": false}
{"event": "validation_step", "timestamp": 1769651415.7559733, "step": 550, "max_steps": 1050, "loss": 1.3162221011228687, "elapsed_time": 47.29651379585266}
{"event": "training_step", "timestamp": 1769651415.8349714, "step": 551, "max_steps": 1050, "loss": 5.03632926940918, "elapsed_time": 47.77387261390686, "prnt": false}
{"event": "training_step", "timestamp": 1769651415.9133291, "step": 552, "max_steps": 1050, "loss": 5.0643510818481445, "elapsed_time": 47.851975202560425, "prnt": false}
{"event": "training_step", "timestamp": 1769651415.991837, "step": 553, "max_steps": 1050, "loss": 5.017654895782471, "elapsed_time": 47.93035364151001, "prnt": false}
{"event": "training_step", "timestamp": 1769651416.0702608, "step": 554, "max_steps": 1050, "loss": 4.930288791656494, "elapsed_time": 48.00869846343994, "prnt": false}
{"event": "training_step", "timestamp": 1769651416.1487043, "step": 555, "max_steps": 1050, "loss": 4.949121475219727, "elapsed_time": 48.08722376823425, "prnt": false}
{"event": "training_step", "timestamp": 1769651416.227051, "step": 556, "max_steps": 1050, "loss": 4.971862316131592, "elapsed_time": 48.166109561920166, "prnt": false}
{"event": "training_step", "timestamp": 1769651416.3054037, "step": 557, "max_steps": 1050, "loss": 4.940066337585449, "elapsed_time": 48.24414396286011, "prnt": false}
{"event": "training_step", "timestamp": 1769651416.383634, "step": 558, "max_steps": 1050, "loss": 4.986425399780273, "elapsed_time": 48.322312355041504, "prnt": false}
{"event": "training_step", "timestamp": 1769651416.461946, "step": 559, "max_steps": 1050, "loss": 4.9423370361328125, "elapsed_time": 48.40063261985779, "prnt": false}
{"event": "training_step", "timestamp": 1769651416.5405018, "step": 560, "max_steps": 1050, "loss": 5.002815246582031, "elapsed_time": 48.47884917259216, "prnt": false}
{"event": "training_step", "timestamp": 1769651416.6191685, "step": 561, "max_steps": 1050, "loss": 4.926097393035889, "elapsed_time": 48.557504415512085, "prnt": false}
{"event": "training_step", "timestamp": 1769651416.6976583, "step": 562, "max_steps": 1050, "loss": 4.926332473754883, "elapsed_time": 48.63609337806702, "prnt": false}
{"event": "training_step", "timestamp": 1769651416.7761834, "step": 563, "max_steps": 1050, "loss": 5.011772632598877, "elapsed_time": 48.714953660964966, "prnt": false}
{"event": "training_step", "timestamp": 1769651416.854584, "step": 564, "max_steps": 1050, "loss": 4.93877649307251, "elapsed_time": 48.793111085891724, "prnt": false}
{"event": "training_step", "timestamp": 1769651416.9329844, "step": 565, "max_steps": 1050, "loss": 4.993430137634277, "elapsed_time": 48.87156796455383, "prnt": false}
{"event": "training_step", "timestamp": 1769651417.0114095, "step": 566, "max_steps": 1050, "loss": 4.987030029296875, "elapsed_time": 48.94987392425537, "prnt": false}
{"event": "training_step", "timestamp": 1769651417.0900652, "step": 567, "max_steps": 1050, "loss": 4.944080829620361, "elapsed_time": 49.02865505218506, "prnt": false}
{"event": "training_step", "timestamp": 1769651417.1684082, "step": 568, "max_steps": 1050, "loss": 4.982004642486572, "elapsed_time": 49.10697650909424, "prnt": false}
{"event": "training_step", "timestamp": 1769651417.2468212, "step": 569, "max_steps": 1050, "loss": 4.954448699951172, "elapsed_time": 49.185367584228516, "prnt": false}
{"event": "training_step", "timestamp": 1769651417.3251321, "step": 570, "max_steps": 1050, "loss": 4.974747657775879, "elapsed_time": 49.26378774642944, "prnt": false}
{"event": "training_step", "timestamp": 1769651417.4034085, "step": 571, "max_steps": 1050, "loss": 4.908761024475098, "elapsed_time": 49.34205460548401, "prnt": false}
{"event": "training_step", "timestamp": 1769651417.481728, "step": 572, "max_steps": 1050, "loss": 4.9383721351623535, "elapsed_time": 49.42041325569153, "prnt": false}
{"event": "training_step", "timestamp": 1769651417.5602689, "step": 573, "max_steps": 1050, "loss": 4.941849708557129, "elapsed_time": 49.49876379966736, "prnt": false}
{"event": "training_step", "timestamp": 1769651417.638805, "step": 574, "max_steps": 1050, "loss": 4.976738452911377, "elapsed_time": 49.577192544937134, "prnt": false}
{"event": "training_step", "timestamp": 1769651417.717476, "step": 575, "max_steps": 1050, "loss": 5.007065773010254, "elapsed_time": 49.6558473110199, "prnt": false}
{"event": "training_step", "timestamp": 1769651417.795927, "step": 576, "max_steps": 1050, "loss": 4.938842296600342, "elapsed_time": 49.73433065414429, "prnt": false}
{"event": "training_step", "timestamp": 1769651417.8743246, "step": 577, "max_steps": 1050, "loss": 4.930109024047852, "elapsed_time": 49.81291651725769, "prnt": false}
{"event": "training_step", "timestamp": 1769651417.9528234, "step": 578, "max_steps": 1050, "loss": 4.968691825866699, "elapsed_time": 49.891217947006226, "prnt": false}
{"event": "training_step", "timestamp": 1769651418.031506, "step": 579, "max_steps": 1050, "loss": 4.996853828430176, "elapsed_time": 49.9698600769043, "prnt": false}
{"event": "training_step", "timestamp": 1769651418.1099339, "step": 580, "max_steps": 1050, "loss": 4.958216667175293, "elapsed_time": 50.04850506782532, "prnt": false}
{"event": "training_step", "timestamp": 1769651418.1884744, "step": 581, "max_steps": 1050, "loss": 5.049203872680664, "elapsed_time": 50.12697243690491, "prnt": false}
{"event": "training_step", "timestamp": 1769651418.2669382, "step": 582, "max_steps": 1050, "loss": 4.9320759773254395, "elapsed_time": 50.20580840110779, "prnt": false}
{"event": "training_step", "timestamp": 1769651418.3452404, "step": 583, "max_steps": 1050, "loss": 4.962093353271484, "elapsed_time": 50.28411412239075, "prnt": false}
{"event": "training_step", "timestamp": 1769651418.4235096, "step": 584, "max_steps": 1050, "loss": 4.969202041625977, "elapsed_time": 50.36218070983887, "prnt": false}
{"event": "training_step", "timestamp": 1769651418.5018973, "step": 585, "max_steps": 1050, "loss": 4.948242664337158, "elapsed_time": 50.44054579734802, "prnt": false}
{"event": "training_step", "timestamp": 1769651418.5802283, "step": 586, "max_steps": 1050, "loss": 4.920267581939697, "elapsed_time": 50.51879525184631, "prnt": false}
{"event": "training_step", "timestamp": 1769651418.6588833, "step": 587, "max_steps": 1050, "loss": 4.9446611404418945, "elapsed_time": 50.597214698791504, "prnt": false}
{"event": "training_step", "timestamp": 1769651418.7377758, "step": 588, "max_steps": 1050, "loss": 4.981477737426758, "elapsed_time": 50.67594075202942, "prnt": false}
{"event": "training_step", "timestamp": 1769651418.8163884, "step": 589, "max_steps": 1050, "loss": 4.899228572845459, "elapsed_time": 50.75490069389343, "prnt": false}
{"event": "training_step", "timestamp": 1769651418.8948853, "step": 590, "max_steps": 1050, "loss": 4.994901180267334, "elapsed_time": 50.833550214767456, "prnt": false}
{"event": "training_step", "timestamp": 1769651418.9734035, "step": 591, "max_steps": 1050, "loss": 4.993845462799072, "elapsed_time": 50.91194677352905, "prnt": false}
{"event": "training_step", "timestamp": 1769651419.051778, "step": 592, "max_steps": 1050, "loss": 4.922226428985596, "elapsed_time": 50.99032545089722, "prnt": false}
{"event": "training_step", "timestamp": 1769651419.1304424, "step": 593, "max_steps": 1050, "loss": 4.912229537963867, "elapsed_time": 51.06878662109375, "prnt": false}
{"event": "training_step", "timestamp": 1769651419.2090375, "step": 594, "max_steps": 1050, "loss": 4.949493885040283, "elapsed_time": 51.14731955528259, "prnt": false}
{"event": "training_step", "timestamp": 1769651419.287388, "step": 595, "max_steps": 1050, "loss": 4.912493705749512, "elapsed_time": 51.22604179382324, "prnt": false}
{"event": "training_step", "timestamp": 1769651419.365686, "step": 596, "max_steps": 1050, "loss": 4.969729900360107, "elapsed_time": 51.30423355102539, "prnt": false}
{"event": "training_step", "timestamp": 1769651419.4440293, "step": 597, "max_steps": 1050, "loss": 4.952895164489746, "elapsed_time": 51.382662534713745, "prnt": false}
{"event": "training_step", "timestamp": 1769651419.5223312, "step": 598, "max_steps": 1050, "loss": 4.911840438842773, "elapsed_time": 51.46100997924805, "prnt": false}
{"event": "training_step", "timestamp": 1769651419.6008496, "step": 599, "max_steps": 1050, "loss": 4.862382888793945, "elapsed_time": 51.53928256034851, "prnt": false}
{"event": "training_step", "timestamp": 1769651419.6793735, "step": 600, "max_steps": 1050, "loss": 4.949925899505615, "elapsed_time": 51.618024826049805, "prnt": false}
{"event": "validation_step", "timestamp": 1769651420.0775182, "step": 600, "max_steps": 1050, "loss": 1.308171373526809, "elapsed_time": 51.618024826049805}
{"event": "training_step", "timestamp": 1769651420.1566029, "step": 601, "max_steps": 1050, "loss": 4.9162678718566895, "elapsed_time": 52.09506607055664, "prnt": false}
{"event": "training_step", "timestamp": 1769651420.2350109, "step": 602, "max_steps": 1050, "loss": 4.938777446746826, "elapsed_time": 52.173553228378296, "prnt": false}
{"event": "training_step", "timestamp": 1769651420.3136563, "step": 603, "max_steps": 1050, "loss": 4.8948493003845215, "elapsed_time": 52.25300121307373, "prnt": false}
{"event": "training_step", "timestamp": 1769651420.3921883, "step": 604, "max_steps": 1050, "loss": 4.898521423339844, "elapsed_time": 52.33089327812195, "prnt": false}
{"event": "training_step", "timestamp": 1769651420.4708214, "step": 605, "max_steps": 1050, "loss": 4.9110002517700195, "elapsed_time": 52.4092071056366, "prnt": false}
{"event": "training_step", "timestamp": 1769651420.5493472, "step": 606, "max_steps": 1050, "loss": 4.884851455688477, "elapsed_time": 52.4877495765686, "prnt": false}
{"event": "training_step", "timestamp": 1769651420.627791, "step": 607, "max_steps": 1050, "loss": 4.888950347900391, "elapsed_time": 52.566287994384766, "prnt": false}
{"event": "training_step", "timestamp": 1769651420.7061658, "step": 608, "max_steps": 1050, "loss": 4.903279781341553, "elapsed_time": 52.6447434425354, "prnt": false}
{"event": "training_step", "timestamp": 1769651420.7846813, "step": 609, "max_steps": 1050, "loss": 4.963581085205078, "elapsed_time": 52.723355770111084, "prnt": false}
{"event": "training_step", "timestamp": 1769651420.8629887, "step": 610, "max_steps": 1050, "loss": 4.945752143859863, "elapsed_time": 52.801862955093384, "prnt": false}
{"event": "training_step", "timestamp": 1769651420.9413967, "step": 611, "max_steps": 1050, "loss": 4.916289329528809, "elapsed_time": 52.8799991607666, "prnt": false}
{"event": "training_step", "timestamp": 1769651421.0200481, "step": 612, "max_steps": 1050, "loss": 4.900160312652588, "elapsed_time": 52.95848107337952, "prnt": false}
{"event": "training_step", "timestamp": 1769651421.0986822, "step": 613, "max_steps": 1050, "loss": 4.934211730957031, "elapsed_time": 53.03711438179016, "prnt": false}
{"event": "training_step", "timestamp": 1769651421.1772528, "step": 614, "max_steps": 1050, "loss": 4.858376979827881, "elapsed_time": 53.11562418937683, "prnt": false}
{"event": "training_step", "timestamp": 1769651421.255953, "step": 615, "max_steps": 1050, "loss": 4.890056610107422, "elapsed_time": 53.19426894187927, "prnt": false}
{"event": "training_step", "timestamp": 1769651421.3342729, "step": 616, "max_steps": 1050, "loss": 4.912195205688477, "elapsed_time": 53.272841453552246, "prnt": false}
{"event": "training_step", "timestamp": 1769651421.4127674, "step": 617, "max_steps": 1050, "loss": 4.969688415527344, "elapsed_time": 53.35135865211487, "prnt": false}
{"event": "training_step", "timestamp": 1769651421.4912775, "step": 618, "max_steps": 1050, "loss": 4.87382698059082, "elapsed_time": 53.42969870567322, "prnt": false}
{"event": "training_step", "timestamp": 1769651421.569813, "step": 619, "max_steps": 1050, "loss": 4.918032646179199, "elapsed_time": 53.50830268859863, "prnt": false}
{"event": "training_step", "timestamp": 1769651421.6484582, "step": 620, "max_steps": 1050, "loss": 4.975261688232422, "elapsed_time": 53.586859464645386, "prnt": false}
{"event": "training_step", "timestamp": 1769651421.7271297, "step": 621, "max_steps": 1050, "loss": 4.927694797515869, "elapsed_time": 53.66583514213562, "prnt": false}
{"event": "training_step", "timestamp": 1769651421.8054483, "step": 622, "max_steps": 1050, "loss": 4.930475234985352, "elapsed_time": 53.744083404541016, "prnt": false}
{"event": "training_step", "timestamp": 1769651421.8838732, "step": 623, "max_steps": 1050, "loss": 4.865081310272217, "elapsed_time": 53.82252383232117, "prnt": false}
{"event": "training_step", "timestamp": 1769651421.9621844, "step": 624, "max_steps": 1050, "loss": 4.905581474304199, "elapsed_time": 53.90082359313965, "prnt": false}
{"event": "training_step", "timestamp": 1769651422.0406234, "step": 625, "max_steps": 1050, "loss": 4.841843605041504, "elapsed_time": 53.979302406311035, "prnt": false}
{"event": "training_step", "timestamp": 1769651422.1192424, "step": 626, "max_steps": 1050, "loss": 4.889693737030029, "elapsed_time": 54.057557821273804, "prnt": false}
{"event": "training_step", "timestamp": 1769651422.1979687, "step": 627, "max_steps": 1050, "loss": 4.92681360244751, "elapsed_time": 54.13620615005493, "prnt": false}
{"event": "training_step", "timestamp": 1769651422.2767203, "step": 628, "max_steps": 1050, "loss": 4.856045722961426, "elapsed_time": 54.21583580970764, "prnt": false}
{"event": "training_step", "timestamp": 1769651422.3553567, "step": 629, "max_steps": 1050, "loss": 4.87069034576416, "elapsed_time": 54.293875217437744, "prnt": false}
{"event": "training_step", "timestamp": 1769651422.4337974, "step": 630, "max_steps": 1050, "loss": 4.885802268981934, "elapsed_time": 54.372236251831055, "prnt": false}
{"event": "training_step", "timestamp": 1769651422.5122006, "step": 631, "max_steps": 1050, "loss": 4.874499797821045, "elapsed_time": 54.45079016685486, "prnt": false}
{"event": "training_step", "timestamp": 1769651422.590718, "step": 632, "max_steps": 1050, "loss": 4.824280261993408, "elapsed_time": 54.52915716171265, "prnt": false}
{"event": "training_step", "timestamp": 1769651422.6693225, "step": 633, "max_steps": 1050, "loss": 4.873580455780029, "elapsed_time": 54.60774874687195, "prnt": false}
{"event": "training_step", "timestamp": 1769651422.7478588, "step": 634, "max_steps": 1050, "loss": 4.898697376251221, "elapsed_time": 54.686381816864014, "prnt": false}
{"event": "training_step", "timestamp": 1769651422.8263574, "step": 635, "max_steps": 1050, "loss": 4.8623504638671875, "elapsed_time": 54.764899015426636, "prnt": false}
{"event": "training_step", "timestamp": 1769651422.9047403, "step": 636, "max_steps": 1050, "loss": 4.881478309631348, "elapsed_time": 54.84325456619263, "prnt": false}
{"event": "training_step", "timestamp": 1769651422.983025, "step": 637, "max_steps": 1050, "loss": 4.861976146697998, "elapsed_time": 54.92178249359131, "prnt": false}
{"event": "training_step", "timestamp": 1769651423.0614707, "step": 638, "max_steps": 1050, "loss": 4.859935760498047, "elapsed_time": 54.99992489814758, "prnt": false}
{"event": "training_step", "timestamp": 1769651423.1400802, "step": 639, "max_steps": 1050, "loss": 4.909666061401367, "elapsed_time": 55.07850694656372, "prnt": false}
{"event": "training_step", "timestamp": 1769651423.218615, "step": 640, "max_steps": 1050, "loss": 4.838185787200928, "elapsed_time": 55.15701341629028, "prnt": false}
{"event": "training_step", "timestamp": 1769651423.2973812, "step": 641, "max_steps": 1050, "loss": 4.9316182136535645, "elapsed_time": 55.235591411590576, "prnt": false}
{"event": "training_step", "timestamp": 1769651423.375985, "step": 642, "max_steps": 1050, "loss": 4.891583442687988, "elapsed_time": 55.31426000595093, "prnt": false}
{"event": "training_step", "timestamp": 1769651423.4545012, "step": 643, "max_steps": 1050, "loss": 4.925757884979248, "elapsed_time": 55.39298486709595, "prnt": false}
{"event": "training_step", "timestamp": 1769651423.5329652, "step": 644, "max_steps": 1050, "loss": 4.857262134552002, "elapsed_time": 55.471452713012695, "prnt": false}
{"event": "training_step", "timestamp": 1769651423.6117022, "step": 645, "max_steps": 1050, "loss": 4.9418625831604, "elapsed_time": 55.54996061325073, "prnt": false}
{"event": "training_step", "timestamp": 1769651423.690226, "step": 646, "max_steps": 1050, "loss": 4.875792503356934, "elapsed_time": 55.62861347198486, "prnt": false}
{"event": "training_step", "timestamp": 1769651423.768911, "step": 647, "max_steps": 1050, "loss": 4.88474702835083, "elapsed_time": 55.707356691360474, "prnt": false}
{"event": "training_step", "timestamp": 1769651423.847471, "step": 648, "max_steps": 1050, "loss": 4.8903937339782715, "elapsed_time": 55.78572225570679, "prnt": false}
{"event": "training_step", "timestamp": 1769651423.9258804, "step": 649, "max_steps": 1050, "loss": 4.8449273109436035, "elapsed_time": 55.864606618881226, "prnt": false}
{"event": "training_step", "timestamp": 1769651424.0042295, "step": 650, "max_steps": 1050, "loss": 4.858303546905518, "elapsed_time": 55.9428277015686, "prnt": false}
{"event": "validation_step", "timestamp": 1769651424.4027505, "step": 650, "max_steps": 1050, "loss": 1.2996101352073435, "elapsed_time": 55.9428277015686}
{"event": "training_step", "timestamp": 1769651424.4819956, "step": 651, "max_steps": 1050, "loss": 4.838658809661865, "elapsed_time": 56.42050242424011, "prnt": false}
{"event": "training_step", "timestamp": 1769651424.5604742, "step": 652, "max_steps": 1050, "loss": 4.8260602951049805, "elapsed_time": 56.499048471450806, "prnt": false}
{"event": "training_step", "timestamp": 1769651424.6391034, "step": 653, "max_steps": 1050, "loss": 4.829159259796143, "elapsed_time": 56.57769441604614, "prnt": false}
{"event": "training_step", "timestamp": 1769651424.717844, "step": 654, "max_steps": 1050, "loss": 4.838265895843506, "elapsed_time": 56.65635275840759, "prnt": false}
{"event": "training_step", "timestamp": 1769651424.796493, "step": 655, "max_steps": 1050, "loss": 4.8419904708862305, "elapsed_time": 56.73496174812317, "prnt": false}
{"event": "training_step", "timestamp": 1769651424.875129, "step": 656, "max_steps": 1050, "loss": 4.776960372924805, "elapsed_time": 56.81341218948364, "prnt": false}
{"event": "training_step", "timestamp": 1769651424.9536989, "step": 657, "max_steps": 1050, "loss": 4.830767631530762, "elapsed_time": 56.892208099365234, "prnt": false}
{"event": "training_step", "timestamp": 1769651425.0321114, "step": 658, "max_steps": 1050, "loss": 4.823183059692383, "elapsed_time": 56.97063326835632, "prnt": false}
{"event": "training_step", "timestamp": 1769651425.1107697, "step": 659, "max_steps": 1050, "loss": 4.8057122230529785, "elapsed_time": 57.04919910430908, "prnt": false}
{"event": "training_step", "timestamp": 1769651425.1892385, "step": 660, "max_steps": 1050, "loss": 4.846268653869629, "elapsed_time": 57.127689599990845, "prnt": false}
{"event": "training_step", "timestamp": 1769651425.2678277, "step": 661, "max_steps": 1050, "loss": 4.876903533935547, "elapsed_time": 57.20620679855347, "prnt": false}
{"event": "training_step", "timestamp": 1769651425.346382, "step": 662, "max_steps": 1050, "loss": 4.861495494842529, "elapsed_time": 57.284680128097534, "prnt": false}
{"event": "training_step", "timestamp": 1769651425.4249077, "step": 663, "max_steps": 1050, "loss": 4.824782371520996, "elapsed_time": 57.363383531570435, "prnt": false}
{"event": "training_step", "timestamp": 1769651425.503532, "step": 664, "max_steps": 1050, "loss": 4.834110260009766, "elapsed_time": 57.44293713569641, "prnt": false}
{"event": "training_step", "timestamp": 1769651425.581956, "step": 665, "max_steps": 1050, "loss": 4.8424177169799805, "elapsed_time": 57.520646810531616, "prnt": false}
{"event": "training_step", "timestamp": 1769651425.6604373, "step": 666, "max_steps": 1050, "loss": 4.8337273597717285, "elapsed_time": 57.59886908531189, "prnt": false}
{"event": "training_step", "timestamp": 1769651425.7390964, "step": 667, "max_steps": 1050, "loss": 4.808938503265381, "elapsed_time": 57.67758798599243, "prnt": false}
{"event": "training_step", "timestamp": 1769651425.817804, "step": 668, "max_steps": 1050, "loss": 4.831962585449219, "elapsed_time": 57.75621461868286, "prnt": false}
{"event": "training_step", "timestamp": 1769651425.8968806, "step": 669, "max_steps": 1050, "loss": 4.787614822387695, "elapsed_time": 57.83506798744202, "prnt": false}
{"event": "training_step", "timestamp": 1769651425.975425, "step": 670, "max_steps": 1050, "loss": 4.817689418792725, "elapsed_time": 57.91385102272034, "prnt": false}
{"event": "training_step", "timestamp": 1769651426.0540042, "step": 671, "max_steps": 1050, "loss": 4.809613227844238, "elapsed_time": 57.99246382713318, "prnt": false}
{"event": "training_step", "timestamp": 1769651426.1324651, "step": 672, "max_steps": 1050, "loss": 4.801972389221191, "elapsed_time": 58.07078814506531, "prnt": false}
{"event": "training_step", "timestamp": 1769651426.2110188, "step": 673, "max_steps": 1050, "loss": 4.772221088409424, "elapsed_time": 58.14943552017212, "prnt": false}
{"event": "training_step", "timestamp": 1769651426.289674, "step": 674, "max_steps": 1050, "loss": 4.868603706359863, "elapsed_time": 58.22794318199158, "prnt": false}
{"event": "training_step", "timestamp": 1769651426.368675, "step": 675, "max_steps": 1050, "loss": 4.770046234130859, "elapsed_time": 58.307780742645264, "prnt": false}
{"event": "training_step", "timestamp": 1769651426.447305, "step": 676, "max_steps": 1050, "loss": 4.818542957305908, "elapsed_time": 58.385820388793945, "prnt": false}
{"event": "training_step", "timestamp": 1769651426.526005, "step": 677, "max_steps": 1050, "loss": 4.877425670623779, "elapsed_time": 58.464704275131226, "prnt": false}
{"event": "training_step", "timestamp": 1769651426.6043751, "step": 678, "max_steps": 1050, "loss": 4.831374645233154, "elapsed_time": 58.54290413856506, "prnt": false}
{"event": "training_step", "timestamp": 1769651426.682718, "step": 679, "max_steps": 1050, "loss": 4.834829330444336, "elapsed_time": 58.62156057357788, "prnt": false}
{"event": "training_step", "timestamp": 1769651426.7610955, "step": 680, "max_steps": 1050, "loss": 4.889541149139404, "elapsed_time": 58.69972205162048, "prnt": false}
{"event": "training_step", "timestamp": 1769651426.8396053, "step": 681, "max_steps": 1050, "loss": 4.8640031814575195, "elapsed_time": 58.778143644332886, "prnt": false}
{"event": "training_step", "timestamp": 1769651426.9181466, "step": 682, "max_steps": 1050, "loss": 4.864669322967529, "elapsed_time": 58.85650277137756, "prnt": false}
{"event": "training_step", "timestamp": 1769651426.9969144, "step": 683, "max_steps": 1050, "loss": 4.809255123138428, "elapsed_time": 58.93520784378052, "prnt": false}
{"event": "training_step", "timestamp": 1769651427.0754533, "step": 684, "max_steps": 1050, "loss": 4.776920795440674, "elapsed_time": 59.0137894153595, "prnt": false}
{"event": "training_step", "timestamp": 1769651427.154096, "step": 685, "max_steps": 1050, "loss": 4.804755687713623, "elapsed_time": 59.09241247177124, "prnt": false}
{"event": "training_step", "timestamp": 1769651427.2326045, "step": 686, "max_steps": 1050, "loss": 4.87622594833374, "elapsed_time": 59.17099380493164, "prnt": false}
{"event": "training_step", "timestamp": 1769651427.3113747, "step": 687, "max_steps": 1050, "loss": 4.833988666534424, "elapsed_time": 59.249558210372925, "prnt": false}
{"event": "training_step", "timestamp": 1769651427.389909, "step": 688, "max_steps": 1050, "loss": 4.802127838134766, "elapsed_time": 59.3283109664917, "prnt": false}
{"event": "training_step", "timestamp": 1769651427.468561, "step": 689, "max_steps": 1050, "loss": 4.826076984405518, "elapsed_time": 59.40685987472534, "prnt": false}
{"event": "training_step", "timestamp": 1769651427.5471723, "step": 690, "max_steps": 1050, "loss": 4.867259979248047, "elapsed_time": 59.485451459884644, "prnt": false}
{"event": "training_step", "timestamp": 1769651427.6258378, "step": 691, "max_steps": 1050, "loss": 4.806068420410156, "elapsed_time": 59.564269065856934, "prnt": false}
{"event": "training_step", "timestamp": 1769651427.7042842, "step": 692, "max_steps": 1050, "loss": 4.796420097351074, "elapsed_time": 59.64277768135071, "prnt": false}
{"event": "training_step", "timestamp": 1769651427.7828372, "step": 693, "max_steps": 1050, "loss": 4.834194660186768, "elapsed_time": 59.721527338027954, "prnt": false}
{"event": "training_step", "timestamp": 1769651427.8611655, "step": 694, "max_steps": 1050, "loss": 4.826362133026123, "elapsed_time": 59.79974055290222, "prnt": false}
{"event": "training_step", "timestamp": 1769651427.9397237, "step": 695, "max_steps": 1050, "loss": 4.792103290557861, "elapsed_time": 59.878127336502075, "prnt": false}
{"event": "training_step", "timestamp": 1769651428.0182822, "step": 696, "max_steps": 1050, "loss": 4.826079368591309, "elapsed_time": 59.95664834976196, "prnt": false}
{"event": "training_step", "timestamp": 1769651428.096991, "step": 697, "max_steps": 1050, "loss": 4.766994476318359, "elapsed_time": 60.03528666496277, "prnt": false}
{"event": "training_step", "timestamp": 1769651428.1756482, "step": 698, "max_steps": 1050, "loss": 4.821715354919434, "elapsed_time": 60.11390471458435, "prnt": false}
{"event": "training_step", "timestamp": 1769651428.2544763, "step": 699, "max_steps": 1050, "loss": 4.794840335845947, "elapsed_time": 60.192591190338135, "prnt": false}
{"event": "training_step", "timestamp": 1769651428.333122, "step": 700, "max_steps": 1050, "loss": 4.763899803161621, "elapsed_time": 60.27205228805542, "prnt": false}
{"event": "validation_step", "timestamp": 1769651428.732023, "step": 700, "max_steps": 1050, "loss": 1.2940882248891943, "elapsed_time": 60.27205228805542}
{"event": "training_step", "timestamp": 1769651428.8111615, "step": 701, "max_steps": 1050, "loss": 4.831148624420166, "elapsed_time": 60.74958777427673, "prnt": false}
{"event": "training_step", "timestamp": 1769651428.88972, "step": 702, "max_steps": 1050, "loss": 4.772315502166748, "elapsed_time": 60.82809019088745, "prnt": false}
{"event": "training_step", "timestamp": 1769651428.968397, "step": 703, "max_steps": 1050, "loss": 4.773657321929932, "elapsed_time": 60.906832456588745, "prnt": false}
{"event": "training_step", "timestamp": 1769651429.0471058, "step": 704, "max_steps": 1050, "loss": 4.832945823669434, "elapsed_time": 60.98562741279602, "prnt": false}
{"event": "training_step", "timestamp": 1769651429.1258442, "step": 705, "max_steps": 1050, "loss": 4.778069972991943, "elapsed_time": 61.06418061256409, "prnt": false}
{"event": "training_step", "timestamp": 1769651429.204238, "step": 706, "max_steps": 1050, "loss": 4.78693151473999, "elapsed_time": 61.142722606658936, "prnt": false}
{"event": "training_step", "timestamp": 1769651429.2828162, "step": 707, "max_steps": 1050, "loss": 4.781511306762695, "elapsed_time": 61.221269845962524, "prnt": false}
{"event": "training_step", "timestamp": 1769651429.3612728, "step": 708, "max_steps": 1050, "loss": 4.803360939025879, "elapsed_time": 61.29972743988037, "prnt": false}
{"event": "training_step", "timestamp": 1769651429.4396856, "step": 709, "max_steps": 1050, "loss": 4.730447769165039, "elapsed_time": 61.37821102142334, "prnt": false}
{"event": "training_step", "timestamp": 1769651429.518254, "step": 710, "max_steps": 1050, "loss": 4.775765895843506, "elapsed_time": 61.4565863609314, "prnt": false}
{"event": "training_step", "timestamp": 1769651429.5970097, "step": 711, "max_steps": 1050, "loss": 4.7786149978637695, "elapsed_time": 61.53527045249939, "prnt": false}
{"event": "training_step", "timestamp": 1769651429.6756856, "step": 712, "max_steps": 1050, "loss": 4.715882301330566, "elapsed_time": 61.61404275894165, "prnt": false}
{"event": "training_step", "timestamp": 1769651429.7544873, "step": 713, "max_steps": 1050, "loss": 4.802323818206787, "elapsed_time": 61.69281792640686, "prnt": false}
{"event": "training_step", "timestamp": 1769651429.833228, "step": 714, "max_steps": 1050, "loss": 4.848112106323242, "elapsed_time": 61.7713565826416, "prnt": false}
{"event": "training_step", "timestamp": 1769651429.91176, "step": 715, "max_steps": 1050, "loss": 4.751996994018555, "elapsed_time": 61.85016489028931, "prnt": false}
{"event": "training_step", "timestamp": 1769651429.9903584, "step": 716, "max_steps": 1050, "loss": 4.796732425689697, "elapsed_time": 61.9286527633667, "prnt": false}
{"event": "training_step", "timestamp": 1769651430.069102, "step": 717, "max_steps": 1050, "loss": 4.731623649597168, "elapsed_time": 62.007301330566406, "prnt": false}
{"event": "training_step", "timestamp": 1769651430.147697, "step": 718, "max_steps": 1050, "loss": 4.782474994659424, "elapsed_time": 62.08600211143494, "prnt": false}
{"event": "training_step", "timestamp": 1769651430.2264063, "step": 719, "max_steps": 1050, "loss": 4.752799987792969, "elapsed_time": 62.16471195220947, "prnt": false}
{"event": "training_step", "timestamp": 1769651430.3051465, "step": 720, "max_steps": 1050, "loss": 4.729522228240967, "elapsed_time": 62.24348425865173, "prnt": false}
{"event": "training_step", "timestamp": 1769651430.3839993, "step": 721, "max_steps": 1050, "loss": 4.730539321899414, "elapsed_time": 62.322672843933105, "prnt": false}
{"event": "training_step", "timestamp": 1769651430.46251, "step": 722, "max_steps": 1050, "loss": 4.769493579864502, "elapsed_time": 62.40120768547058, "prnt": false}
{"event": "training_step", "timestamp": 1769651430.541084, "step": 723, "max_steps": 1050, "loss": 4.745168685913086, "elapsed_time": 62.47963190078735, "prnt": false}
{"event": "training_step", "timestamp": 1769651430.619457, "step": 724, "max_steps": 1050, "loss": 4.722304821014404, "elapsed_time": 62.558011054992676, "prnt": false}
{"event": "training_step", "timestamp": 1769651430.6981003, "step": 725, "max_steps": 1050, "loss": 4.727353096008301, "elapsed_time": 62.63650584220886, "prnt": false}
{"event": "training_step", "timestamp": 1769651430.7767985, "step": 726, "max_steps": 1050, "loss": 4.702669143676758, "elapsed_time": 62.71488332748413, "prnt": false}
{"event": "training_step", "timestamp": 1769651430.8555932, "step": 727, "max_steps": 1050, "loss": 4.8328657150268555, "elapsed_time": 62.793980836868286, "prnt": false}
{"event": "training_step", "timestamp": 1769651430.9344876, "step": 728, "max_steps": 1050, "loss": 4.7506632804870605, "elapsed_time": 62.87309789657593, "prnt": false}
{"event": "training_step", "timestamp": 1769651431.0133467, "step": 729, "max_steps": 1050, "loss": 4.729930877685547, "elapsed_time": 62.951541900634766, "prnt": false}
{"event": "training_step", "timestamp": 1769651431.0919325, "step": 730, "max_steps": 1050, "loss": 4.755066871643066, "elapsed_time": 63.03026819229126, "prnt": false}
{"event": "training_step", "timestamp": 1769651431.1706471, "step": 731, "max_steps": 1050, "loss": 4.767312049865723, "elapsed_time": 63.10905385017395, "prnt": false}
{"event": "training_step", "timestamp": 1769651431.2492592, "step": 732, "max_steps": 1050, "loss": 4.741417407989502, "elapsed_time": 63.187544107437134, "prnt": false}
{"event": "training_step", "timestamp": 1769651431.3280294, "step": 733, "max_steps": 1050, "loss": 4.723354339599609, "elapsed_time": 63.26636219024658, "prnt": false}
{"event": "training_step", "timestamp": 1769651431.4067316, "step": 734, "max_steps": 1050, "loss": 4.817645072937012, "elapsed_time": 63.344852685928345, "prnt": false}
{"event": "training_step", "timestamp": 1769651431.4855037, "step": 735, "max_steps": 1050, "loss": 4.742371559143066, "elapsed_time": 63.423702239990234, "prnt": false}
{"event": "training_step", "timestamp": 1769651431.5640156, "step": 736, "max_steps": 1050, "loss": 4.721505641937256, "elapsed_time": 63.502286434173584, "prnt": false}
{"event": "training_step", "timestamp": 1769651431.6425471, "step": 737, "max_steps": 1050, "loss": 4.773149490356445, "elapsed_time": 63.5810124874115, "prnt": false}
{"event": "training_step", "timestamp": 1769651431.7210264, "step": 738, "max_steps": 1050, "loss": 4.7585344314575195, "elapsed_time": 63.65968680381775, "prnt": false}
{"event": "training_step", "timestamp": 1769651431.7995014, "step": 739, "max_steps": 1050, "loss": 4.7391510009765625, "elapsed_time": 63.73805785179138, "prnt": false}
{"event": "training_step", "timestamp": 1769651431.87804, "step": 740, "max_steps": 1050, "loss": 4.701959133148193, "elapsed_time": 63.81647205352783, "prnt": false}
{"event": "training_step", "timestamp": 1769651431.9567642, "step": 741, "max_steps": 1050, "loss": 4.733436107635498, "elapsed_time": 63.89508605003357, "prnt": false}
{"event": "training_step", "timestamp": 1769651432.0353963, "step": 742, "max_steps": 1050, "loss": 4.780977249145508, "elapsed_time": 63.973644971847534, "prnt": false}
{"event": "training_step", "timestamp": 1769651432.1142895, "step": 743, "max_steps": 1050, "loss": 4.824286460876465, "elapsed_time": 64.0523772239685, "prnt": false}
{"event": "training_step", "timestamp": 1769651432.1930869, "step": 744, "max_steps": 1050, "loss": 4.801976203918457, "elapsed_time": 64.13118553161621, "prnt": false}
{"event": "training_step", "timestamp": 1769651432.2716484, "step": 745, "max_steps": 1050, "loss": 4.7737555503845215, "elapsed_time": 64.20996499061584, "prnt": false}
{"event": "training_step", "timestamp": 1769651432.3503294, "step": 746, "max_steps": 1050, "loss": 4.782229900360107, "elapsed_time": 64.28879761695862, "prnt": false}
{"event": "training_step", "timestamp": 1769651432.4290655, "step": 747, "max_steps": 1050, "loss": 4.754223346710205, "elapsed_time": 64.36742091178894, "prnt": false}
{"event": "training_step", "timestamp": 1769651432.5077214, "step": 748, "max_steps": 1050, "loss": 4.71631383895874, "elapsed_time": 64.44598650932312, "prnt": false}
{"event": "training_step", "timestamp": 1769651432.5865517, "step": 749, "max_steps": 1050, "loss": 4.756779193878174, "elapsed_time": 64.52477049827576, "prnt": false}
{"event": "training_step", "timestamp": 1769651432.6652331, "step": 750, "max_steps": 1050, "loss": 4.7765793800354, "elapsed_time": 64.60345649719238, "prnt": false}
{"event": "validation_step", "timestamp": 1769651433.064551, "step": 750, "max_steps": 1050, "loss": 1.2890755289871307, "elapsed_time": 64.60345649719238}
{"event": "training_step", "timestamp": 1769651433.1438377, "step": 751, "max_steps": 1050, "loss": 4.793862819671631, "elapsed_time": 65.08243131637573, "prnt": false}
{"event": "training_step", "timestamp": 1769651433.2224221, "step": 752, "max_steps": 1050, "loss": 4.716263771057129, "elapsed_time": 65.16076993942261, "prnt": false}
{"event": "training_step", "timestamp": 1769651433.3010292, "step": 753, "max_steps": 1050, "loss": 4.726587295532227, "elapsed_time": 65.23945188522339, "prnt": false}
{"event": "training_step", "timestamp": 1769651433.3795142, "step": 754, "max_steps": 1050, "loss": 4.704225063323975, "elapsed_time": 65.31832885742188, "prnt": false}
{"event": "training_step", "timestamp": 1769651433.4581394, "step": 755, "max_steps": 1050, "loss": 4.721086502075195, "elapsed_time": 65.39661645889282, "prnt": false}
{"event": "training_step", "timestamp": 1769651433.5368807, "step": 756, "max_steps": 1050, "loss": 4.745303630828857, "elapsed_time": 65.47505402565002, "prnt": false}
{"event": "training_step", "timestamp": 1769651433.6157157, "step": 757, "max_steps": 1050, "loss": 4.710049629211426, "elapsed_time": 65.5539653301239, "prnt": false}
{"event": "training_step", "timestamp": 1769651433.694491, "step": 758, "max_steps": 1050, "loss": 4.719385147094727, "elapsed_time": 65.63260793685913, "prnt": false}
{"event": "training_step", "timestamp": 1769651433.77333, "step": 759, "max_steps": 1050, "loss": 4.756860733032227, "elapsed_time": 65.71150612831116, "prnt": false}
{"event": "training_step", "timestamp": 1769651433.8519564, "step": 760, "max_steps": 1050, "loss": 4.693310737609863, "elapsed_time": 65.7902193069458, "prnt": false}
{"event": "training_step", "timestamp": 1769651433.9306426, "step": 761, "max_steps": 1050, "loss": 4.762270927429199, "elapsed_time": 65.86904454231262, "prnt": false}
{"event": "training_step", "timestamp": 1769651434.009209, "step": 762, "max_steps": 1050, "loss": 4.730338096618652, "elapsed_time": 65.94752836227417, "prnt": false}
{"event": "training_step", "timestamp": 1769651434.0879893, "step": 763, "max_steps": 1050, "loss": 4.763188362121582, "elapsed_time": 66.02617931365967, "prnt": false}
{"event": "training_step", "timestamp": 1769651434.1668127, "step": 764, "max_steps": 1050, "loss": 4.715439319610596, "elapsed_time": 66.10502290725708, "prnt": false}
{"event": "training_step", "timestamp": 1769651434.2456388, "step": 765, "max_steps": 1050, "loss": 4.742426872253418, "elapsed_time": 66.18387651443481, "prnt": false}
{"event": "training_step", "timestamp": 1769651434.3243139, "step": 766, "max_steps": 1050, "loss": 4.703211784362793, "elapsed_time": 66.262526512146, "prnt": false}
{"event": "training_step", "timestamp": 1769651434.4032407, "step": 767, "max_steps": 1050, "loss": 4.7630510330200195, "elapsed_time": 66.34185028076172, "prnt": false}
{"event": "training_step", "timestamp": 1769651434.481882, "step": 768, "max_steps": 1050, "loss": 4.697255611419678, "elapsed_time": 66.42015051841736, "prnt": false}
{"event": "training_step", "timestamp": 1769651434.5603664, "step": 769, "max_steps": 1050, "loss": 4.741293907165527, "elapsed_time": 66.49889516830444, "prnt": false}
{"event": "training_step", "timestamp": 1769651434.6388988, "step": 770, "max_steps": 1050, "loss": 4.683684825897217, "elapsed_time": 66.57731342315674, "prnt": false}
{"event": "training_step", "timestamp": 1769651434.7175472, "step": 771, "max_steps": 1050, "loss": 4.6807355880737305, "elapsed_time": 66.65586543083191, "prnt": false}
{"event": "training_step", "timestamp": 1769651434.796138, "step": 772, "max_steps": 1050, "loss": 4.696457386016846, "elapsed_time": 66.73448705673218, "prnt": false}
{"event": "training_step", "timestamp": 1769651434.8749583, "step": 773, "max_steps": 1050, "loss": 4.718756675720215, "elapsed_time": 66.81310415267944, "prnt": false}
{"event": "training_step", "timestamp": 1769651434.9537568, "step": 774, "max_steps": 1050, "loss": 4.689681053161621, "elapsed_time": 66.891836643219, "prnt": false}
{"event": "training_step", "timestamp": 1769651435.0325842, "step": 775, "max_steps": 1050, "loss": 4.691158294677734, "elapsed_time": 66.97086119651794, "prnt": false}
{"event": "training_step", "timestamp": 1769651435.1112535, "step": 776, "max_steps": 1050, "loss": 4.726921558380127, "elapsed_time": 67.04944109916687, "prnt": false}
{"event": "training_step", "timestamp": 1769651435.1899188, "step": 777, "max_steps": 1050, "loss": 4.732522010803223, "elapsed_time": 67.12824296951294, "prnt": false}
{"event": "training_step", "timestamp": 1769651435.2684944, "step": 778, "max_steps": 1050, "loss": 4.755432605743408, "elapsed_time": 67.20677614212036, "prnt": false}
{"event": "training_step", "timestamp": 1769651435.347302, "step": 779, "max_steps": 1050, "loss": 4.792840480804443, "elapsed_time": 67.28539967536926, "prnt": false}
{"event": "training_step", "timestamp": 1769651435.4260824, "step": 780, "max_steps": 1050, "loss": 4.689972400665283, "elapsed_time": 67.36416745185852, "prnt": false}
{"event": "training_step", "timestamp": 1769651435.5048385, "step": 781, "max_steps": 1050, "loss": 4.794802188873291, "elapsed_time": 67.44300174713135, "prnt": false}
{"event": "training_step", "timestamp": 1769651435.58354, "step": 782, "max_steps": 1050, "loss": 4.766677379608154, "elapsed_time": 67.52171444892883, "prnt": false}
{"event": "training_step", "timestamp": 1769651435.6622891, "step": 783, "max_steps": 1050, "loss": 4.728762626647949, "elapsed_time": 67.60064148902893, "prnt": false}
{"event": "training_step", "timestamp": 1769651435.7408137, "step": 784, "max_steps": 1050, "loss": 4.7282586097717285, "elapsed_time": 67.67913317680359, "prnt": false}
{"event": "training_step", "timestamp": 1769651435.8194368, "step": 785, "max_steps": 1050, "loss": 4.720007419586182, "elapsed_time": 67.75785255432129, "prnt": false}
{"event": "training_step", "timestamp": 1769651435.8979435, "step": 786, "max_steps": 1050, "loss": 4.7753753662109375, "elapsed_time": 67.83633780479431, "prnt": false}
{"event": "training_step", "timestamp": 1769651435.97656, "step": 787, "max_steps": 1050, "loss": 4.669641971588135, "elapsed_time": 67.91490578651428, "prnt": false}
{"event": "training_step", "timestamp": 1769651436.0552747, "step": 788, "max_steps": 1050, "loss": 4.6932501792907715, "elapsed_time": 67.99346947669983, "prnt": false}
{"event": "training_step", "timestamp": 1769651436.1341236, "step": 789, "max_steps": 1050, "loss": 4.738027572631836, "elapsed_time": 68.0722119808197, "prnt": false}
{"event": "training_step", "timestamp": 1769651436.2128575, "step": 790, "max_steps": 1050, "loss": 4.679803848266602, "elapsed_time": 68.15100765228271, "prnt": false}
{"event": "training_step", "timestamp": 1769651436.2917209, "step": 791, "max_steps": 1050, "loss": 4.737544059753418, "elapsed_time": 68.2298309803009, "prnt": false}
{"event": "training_step", "timestamp": 1769651436.3703737, "step": 792, "max_steps": 1050, "loss": 4.658502578735352, "elapsed_time": 68.30857419967651, "prnt": false}
{"event": "training_step", "timestamp": 1769651436.449161, "step": 793, "max_steps": 1050, "loss": 4.68316650390625, "elapsed_time": 68.38795781135559, "prnt": false}
{"event": "training_step", "timestamp": 1769651436.5279036, "step": 794, "max_steps": 1050, "loss": 4.652129650115967, "elapsed_time": 68.46617412567139, "prnt": false}
{"event": "training_step", "timestamp": 1769651436.606808, "step": 795, "max_steps": 1050, "loss": 4.754199981689453, "elapsed_time": 68.54482531547546, "prnt": false}
{"event": "training_step", "timestamp": 1769651436.6855037, "step": 796, "max_steps": 1050, "loss": 4.686806678771973, "elapsed_time": 68.62374567985535, "prnt": false}
{"event": "training_step", "timestamp": 1769651436.7643304, "step": 797, "max_steps": 1050, "loss": 4.692349433898926, "elapsed_time": 68.70248317718506, "prnt": false}
{"event": "training_step", "timestamp": 1769651436.8431544, "step": 798, "max_steps": 1050, "loss": 4.721928119659424, "elapsed_time": 68.78146123886108, "prnt": false}
{"event": "training_step", "timestamp": 1769651436.9217563, "step": 799, "max_steps": 1050, "loss": 4.668179512023926, "elapsed_time": 68.86013317108154, "prnt": false}
{"event": "training_step", "timestamp": 1769651437.0003378, "step": 800, "max_steps": 1050, "loss": 4.698687553405762, "elapsed_time": 68.93864631652832, "prnt": false}
{"event": "validation_step", "timestamp": 1769651437.3998966, "step": 800, "max_steps": 1050, "loss": 1.286423035202375, "elapsed_time": 68.93864631652832}
{"event": "training_step", "timestamp": 1769651437.4791875, "step": 801, "max_steps": 1050, "loss": 4.757474422454834, "elapsed_time": 69.41718792915344, "prnt": false}
{"event": "training_step", "timestamp": 1769651437.5576363, "step": 802, "max_steps": 1050, "loss": 4.653258323669434, "elapsed_time": 69.49607849121094, "prnt": false}
{"event": "training_step", "timestamp": 1769651437.6363218, "step": 803, "max_steps": 1050, "loss": 4.68733024597168, "elapsed_time": 69.57464337348938, "prnt": false}
{"event": "training_step", "timestamp": 1769651437.7150705, "step": 804, "max_steps": 1050, "loss": 4.68308687210083, "elapsed_time": 69.65323853492737, "prnt": false}
{"event": "training_step", "timestamp": 1769651437.7939162, "step": 805, "max_steps": 1050, "loss": 4.765998840332031, "elapsed_time": 69.73207688331604, "prnt": false}
{"event": "training_step", "timestamp": 1769651437.872721, "step": 806, "max_steps": 1050, "loss": 4.709012031555176, "elapsed_time": 69.81077075004578, "prnt": false}
{"event": "training_step", "timestamp": 1769651437.9516194, "step": 807, "max_steps": 1050, "loss": 4.71491813659668, "elapsed_time": 69.88963842391968, "prnt": false}
{"event": "training_step", "timestamp": 1769651438.0302768, "step": 808, "max_steps": 1050, "loss": 4.7156829833984375, "elapsed_time": 69.96849083900452, "prnt": false}
{"event": "training_step", "timestamp": 1769651438.1090217, "step": 809, "max_steps": 1050, "loss": 4.733755111694336, "elapsed_time": 70.04729700088501, "prnt": false}
{"event": "training_step", "timestamp": 1769651438.187643, "step": 810, "max_steps": 1050, "loss": 4.6616129875183105, "elapsed_time": 70.12588310241699, "prnt": false}
{"event": "training_step", "timestamp": 1769651438.2663944, "step": 811, "max_steps": 1050, "loss": 4.706112861633301, "elapsed_time": 70.20461010932922, "prnt": false}
{"event": "training_step", "timestamp": 1769651438.3451416, "step": 812, "max_steps": 1050, "loss": 4.666837692260742, "elapsed_time": 70.28325343132019, "prnt": false}
{"event": "training_step", "timestamp": 1769651438.4242349, "step": 813, "max_steps": 1050, "loss": 4.718581676483154, "elapsed_time": 70.3630862236023, "prnt": false}
{"event": "training_step", "timestamp": 1769651438.5029278, "step": 814, "max_steps": 1050, "loss": 4.690847873687744, "elapsed_time": 70.44129586219788, "prnt": false}
{"event": "training_step", "timestamp": 1769651438.5816996, "step": 815, "max_steps": 1050, "loss": 4.716639041900635, "elapsed_time": 70.51995038986206, "prnt": false}
{"event": "training_step", "timestamp": 1769651438.6603212, "step": 816, "max_steps": 1050, "loss": 4.708014011383057, "elapsed_time": 70.59860038757324, "prnt": false}
{"event": "training_step", "timestamp": 1769651438.7388809, "step": 817, "max_steps": 1050, "loss": 4.701271057128906, "elapsed_time": 70.67730736732483, "prnt": false}
{"event": "training_step", "timestamp": 1769651438.8174124, "step": 818, "max_steps": 1050, "loss": 4.643427848815918, "elapsed_time": 70.7557315826416, "prnt": false}
{"event": "training_step", "timestamp": 1769651438.8961294, "step": 819, "max_steps": 1050, "loss": 4.651531219482422, "elapsed_time": 70.8344042301178, "prnt": false}
{"event": "training_step", "timestamp": 1769651438.9747934, "step": 820, "max_steps": 1050, "loss": 4.658638954162598, "elapsed_time": 70.91300225257874, "prnt": false}
{"event": "training_step", "timestamp": 1769651439.0536828, "step": 821, "max_steps": 1050, "loss": 4.689566135406494, "elapsed_time": 70.99181747436523, "prnt": false}
{"event": "training_step", "timestamp": 1769651439.132526, "step": 822, "max_steps": 1050, "loss": 4.633693218231201, "elapsed_time": 71.07055330276489, "prnt": false}
{"event": "training_step", "timestamp": 1769651439.2113733, "step": 823, "max_steps": 1050, "loss": 4.652731895446777, "elapsed_time": 71.14949870109558, "prnt": false}
{"event": "training_step", "timestamp": 1769651439.2901268, "step": 824, "max_steps": 1050, "loss": 4.725729465484619, "elapsed_time": 71.2282350063324, "prnt": false}
{"event": "training_step", "timestamp": 1769651439.3688223, "step": 825, "max_steps": 1050, "loss": 4.668869495391846, "elapsed_time": 71.30716133117676, "prnt": false}
{"event": "training_step", "timestamp": 1769651439.4475315, "step": 826, "max_steps": 1050, "loss": 4.701365947723389, "elapsed_time": 71.38568711280823, "prnt": false}
{"event": "training_step", "timestamp": 1769651439.5263712, "step": 827, "max_steps": 1050, "loss": 4.610475063323975, "elapsed_time": 71.46456956863403, "prnt": false}
{"event": "training_step", "timestamp": 1769651439.6051793, "step": 828, "max_steps": 1050, "loss": 4.7407708168029785, "elapsed_time": 71.54323291778564, "prnt": false}
{"event": "training_step", "timestamp": 1769651439.6839843, "step": 829, "max_steps": 1050, "loss": 4.699926376342773, "elapsed_time": 71.62227296829224, "prnt": false}
{"event": "training_step", "timestamp": 1769651439.76275, "step": 830, "max_steps": 1050, "loss": 4.693574905395508, "elapsed_time": 71.70090746879578, "prnt": false}
{"event": "training_step", "timestamp": 1769651439.8415096, "step": 831, "max_steps": 1050, "loss": 4.668759346008301, "elapsed_time": 71.77971291542053, "prnt": false}
{"event": "training_step", "timestamp": 1769651439.9201324, "step": 832, "max_steps": 1050, "loss": 4.722977638244629, "elapsed_time": 71.85858273506165, "prnt": false}
{"event": "training_step", "timestamp": 1769651439.9988146, "step": 833, "max_steps": 1050, "loss": 4.662927150726318, "elapsed_time": 71.93716263771057, "prnt": false}
{"event": "training_step", "timestamp": 1769651440.0773826, "step": 834, "max_steps": 1050, "loss": 4.631390571594238, "elapsed_time": 72.01567912101746, "prnt": false}
{"event": "training_step", "timestamp": 1769651440.156071, "step": 835, "max_steps": 1050, "loss": 4.682346343994141, "elapsed_time": 72.09442114830017, "prnt": false}
{"event": "training_step", "timestamp": 1769651440.2351227, "step": 836, "max_steps": 1050, "loss": 4.685831069946289, "elapsed_time": 72.17296528816223, "prnt": false}
{"event": "training_step", "timestamp": 1769651440.3140142, "step": 837, "max_steps": 1050, "loss": 4.659085273742676, "elapsed_time": 72.25200605392456, "prnt": false}
{"event": "training_step", "timestamp": 1769651440.392783, "step": 838, "max_steps": 1050, "loss": 4.631566047668457, "elapsed_time": 72.33092784881592, "prnt": false}
{"event": "training_step", "timestamp": 1769651440.471811, "step": 839, "max_steps": 1050, "loss": 4.644119739532471, "elapsed_time": 72.41043972969055, "prnt": false}
{"event": "training_step", "timestamp": 1769651440.5507236, "step": 840, "max_steps": 1050, "loss": 4.72239875793457, "elapsed_time": 72.48886013031006, "prnt": false}
{"event": "training_step", "timestamp": 1769651440.6296508, "step": 841, "max_steps": 1050, "loss": 4.685753345489502, "elapsed_time": 72.56787133216858, "prnt": false}
{"event": "training_step", "timestamp": 1769651440.708409, "step": 842, "max_steps": 1050, "loss": 4.665154457092285, "elapsed_time": 72.64651155471802, "prnt": false}
{"event": "training_step", "timestamp": 1769651440.787305, "step": 843, "max_steps": 1050, "loss": 4.670309066772461, "elapsed_time": 72.72536993026733, "prnt": false}
{"event": "training_step", "timestamp": 1769651440.8659728, "step": 844, "max_steps": 1050, "loss": 4.664695739746094, "elapsed_time": 72.80436444282532, "prnt": false}
{"event": "training_step", "timestamp": 1769651440.9448736, "step": 845, "max_steps": 1050, "loss": 4.638474941253662, "elapsed_time": 72.88293218612671, "prnt": false}
{"event": "training_step", "timestamp": 1769651441.0237553, "step": 846, "max_steps": 1050, "loss": 4.676480293273926, "elapsed_time": 72.96177315711975, "prnt": false}
{"event": "training_step", "timestamp": 1769651441.1025898, "step": 847, "max_steps": 1050, "loss": 4.671440124511719, "elapsed_time": 73.04072618484497, "prnt": false}
{"event": "training_step", "timestamp": 1769651441.1813881, "step": 848, "max_steps": 1050, "loss": 4.696978569030762, "elapsed_time": 73.11963510513306, "prnt": false}
{"event": "training_step", "timestamp": 1769651441.2600832, "step": 849, "max_steps": 1050, "loss": 4.6917548179626465, "elapsed_time": 73.19860744476318, "prnt": false}
{"event": "training_step", "timestamp": 1769651441.3386614, "step": 850, "max_steps": 1050, "loss": 4.64063024520874, "elapsed_time": 73.27718353271484, "prnt": false}
{"event": "validation_step", "timestamp": 1769651441.7383776, "step": 850, "max_steps": 1050, "loss": 1.2842746145470465, "elapsed_time": 73.27718353271484}
{"event": "training_step", "timestamp": 1769651441.8177032, "step": 851, "max_steps": 1050, "loss": 4.690812587738037, "elapsed_time": 73.75575733184814, "prnt": false}
{"event": "training_step", "timestamp": 1769651441.896406, "step": 852, "max_steps": 1050, "loss": 4.659389972686768, "elapsed_time": 73.83462977409363, "prnt": false}
{"event": "training_step", "timestamp": 1769651441.975063, "step": 853, "max_steps": 1050, "loss": 4.627545356750488, "elapsed_time": 73.913334608078, "prnt": false}
{"event": "training_step", "timestamp": 1769651442.0539088, "step": 854, "max_steps": 1050, "loss": 4.684368133544922, "elapsed_time": 73.99192380905151, "prnt": false}
{"event": "training_step", "timestamp": 1769651442.1328359, "step": 855, "max_steps": 1050, "loss": 4.648656368255615, "elapsed_time": 74.07099056243896, "prnt": false}
{"event": "training_step", "timestamp": 1769651442.2116554, "step": 856, "max_steps": 1050, "loss": 4.640645503997803, "elapsed_time": 74.14971280097961, "prnt": false}
{"event": "training_step", "timestamp": 1769651442.2905748, "step": 857, "max_steps": 1050, "loss": 4.672031402587891, "elapsed_time": 74.22865629196167, "prnt": false}
{"event": "training_step", "timestamp": 1769651442.3693476, "step": 858, "max_steps": 1050, "loss": 4.661026954650879, "elapsed_time": 74.3074460029602, "prnt": false}
{"event": "training_step", "timestamp": 1769651442.4481697, "step": 859, "max_steps": 1050, "loss": 4.647261142730713, "elapsed_time": 74.38665890693665, "prnt": false}
{"event": "training_step", "timestamp": 1769651442.5269513, "step": 860, "max_steps": 1050, "loss": 4.681447982788086, "elapsed_time": 74.46521091461182, "prnt": false}
{"event": "training_step", "timestamp": 1769651442.6058183, "step": 861, "max_steps": 1050, "loss": 4.622532844543457, "elapsed_time": 74.5440742969513, "prnt": false}
{"event": "training_step", "timestamp": 1769651442.6845531, "step": 862, "max_steps": 1050, "loss": 4.64434814453125, "elapsed_time": 74.62279987335205, "prnt": false}
{"event": "training_step", "timestamp": 1769651442.7634654, "step": 863, "max_steps": 1050, "loss": 4.726731300354004, "elapsed_time": 74.7017114162445, "prnt": false}
{"event": "training_step", "timestamp": 1769651442.84226, "step": 864, "max_steps": 1050, "loss": 4.673971176147461, "elapsed_time": 74.78030610084534, "prnt": false}
{"event": "training_step", "timestamp": 1769651442.9211545, "step": 865, "max_steps": 1050, "loss": 4.6277642250061035, "elapsed_time": 74.85956144332886, "prnt": false}
{"event": "training_step", "timestamp": 1769651442.9998033, "step": 866, "max_steps": 1050, "loss": 4.646932125091553, "elapsed_time": 74.93804264068604, "prnt": false}
{"event": "training_step", "timestamp": 1769651443.0785604, "step": 867, "max_steps": 1050, "loss": 4.63865852355957, "elapsed_time": 75.01694369316101, "prnt": false}
{"event": "training_step", "timestamp": 1769651443.1570137, "step": 868, "max_steps": 1050, "loss": 4.684055328369141, "elapsed_time": 75.09543633460999, "prnt": false}
{"event": "training_step", "timestamp": 1769651443.235746, "step": 869, "max_steps": 1050, "loss": 4.67161750793457, "elapsed_time": 75.17391014099121, "prnt": false}
{"event": "training_step", "timestamp": 1769651443.3144581, "step": 870, "max_steps": 1050, "loss": 4.64579439163208, "elapsed_time": 75.25257515907288, "prnt": false}
{"event": "training_step", "timestamp": 1769651443.3932607, "step": 871, "max_steps": 1050, "loss": 4.711302280426025, "elapsed_time": 75.33155870437622, "prnt": false}
{"event": "training_step", "timestamp": 1769651443.472136, "step": 872, "max_steps": 1050, "loss": 4.647332191467285, "elapsed_time": 75.41014862060547, "prnt": false}
{"event": "training_step", "timestamp": 1769651443.5510678, "step": 873, "max_steps": 1050, "loss": 4.676987648010254, "elapsed_time": 75.48920130729675, "prnt": false}
{"event": "training_step", "timestamp": 1769651443.6298082, "step": 874, "max_steps": 1050, "loss": 4.6463541984558105, "elapsed_time": 75.567941904068, "prnt": false}
{"event": "training_step", "timestamp": 1769651443.70878, "step": 875, "max_steps": 1050, "loss": 4.646463871002197, "elapsed_time": 75.64697360992432, "prnt": false}
{"event": "training_step", "timestamp": 1769651443.7876432, "step": 876, "max_steps": 1050, "loss": 4.679554462432861, "elapsed_time": 75.72574877738953, "prnt": false}
{"event": "training_step", "timestamp": 1769651443.866432, "step": 877, "max_steps": 1050, "loss": 4.650122165679932, "elapsed_time": 75.80478024482727, "prnt": false}
{"event": "training_step", "timestamp": 1769651443.9452283, "step": 878, "max_steps": 1050, "loss": 4.582150459289551, "elapsed_time": 75.88336277008057, "prnt": false}
{"event": "training_step", "timestamp": 1769651444.024108, "step": 879, "max_steps": 1050, "loss": 4.6851301193237305, "elapsed_time": 75.96223545074463, "prnt": false}
{"event": "training_step", "timestamp": 1769651444.1028454, "step": 880, "max_steps": 1050, "loss": 4.676380157470703, "elapsed_time": 76.04108667373657, "prnt": false}
{"event": "training_step", "timestamp": 1769651444.1817262, "step": 881, "max_steps": 1050, "loss": 4.685183525085449, "elapsed_time": 76.11993217468262, "prnt": false}
{"event": "training_step", "timestamp": 1769651444.2605686, "step": 882, "max_steps": 1050, "loss": 4.599165916442871, "elapsed_time": 76.19885993003845, "prnt": false}
{"event": "training_step", "timestamp": 1769651444.3392775, "step": 883, "max_steps": 1050, "loss": 4.6301116943359375, "elapsed_time": 76.27770376205444, "prnt": false}
{"event": "training_step", "timestamp": 1769651444.4179852, "step": 884, "max_steps": 1050, "loss": 4.652289867401123, "elapsed_time": 76.35619521141052, "prnt": false}
{"event": "training_step", "timestamp": 1769651444.4968903, "step": 885, "max_steps": 1050, "loss": 4.655837535858154, "elapsed_time": 76.43570470809937, "prnt": false}
{"event": "training_step", "timestamp": 1769651444.5754125, "step": 886, "max_steps": 1050, "loss": 4.648298740386963, "elapsed_time": 76.51389956474304, "prnt": false}
{"event": "training_step", "timestamp": 1769651444.6541536, "step": 887, "max_steps": 1050, "loss": 4.621819496154785, "elapsed_time": 76.59274244308472, "prnt": false}
{"event": "training_step", "timestamp": 1769651444.7329717, "step": 888, "max_steps": 1050, "loss": 4.737310409545898, "elapsed_time": 76.67106223106384, "prnt": false}
{"event": "training_step", "timestamp": 1769651444.8117738, "step": 889, "max_steps": 1050, "loss": 4.783919811248779, "elapsed_time": 76.74995970726013, "prnt": false}
{"event": "training_step", "timestamp": 1769651444.8907092, "step": 890, "max_steps": 1050, "loss": 4.682292461395264, "elapsed_time": 76.8289442062378, "prnt": false}
{"event": "training_step", "timestamp": 1769651444.9696546, "step": 891, "max_steps": 1050, "loss": 4.626025676727295, "elapsed_time": 76.90782451629639, "prnt": false}
{"event": "training_step", "timestamp": 1769651445.0484428, "step": 892, "max_steps": 1050, "loss": 4.686895370483398, "elapsed_time": 76.98669147491455, "prnt": false}
{"event": "training_step", "timestamp": 1769651445.1273186, "step": 893, "max_steps": 1050, "loss": 4.658200263977051, "elapsed_time": 77.06539845466614, "prnt": false}
{"event": "training_step", "timestamp": 1769651445.2061012, "step": 894, "max_steps": 1050, "loss": 4.645229339599609, "elapsed_time": 77.1442084312439, "prnt": false}
{"event": "training_step", "timestamp": 1769651445.2848506, "step": 895, "max_steps": 1050, "loss": 4.627279281616211, "elapsed_time": 77.22322988510132, "prnt": false}
{"event": "training_step", "timestamp": 1769651445.363639, "step": 896, "max_steps": 1050, "loss": 4.5788798332214355, "elapsed_time": 77.3016951084137, "prnt": false}
{"event": "training_step", "timestamp": 1769651445.4424913, "step": 897, "max_steps": 1050, "loss": 4.630355358123779, "elapsed_time": 77.38070058822632, "prnt": false}
{"event": "training_step", "timestamp": 1769651445.5211809, "step": 898, "max_steps": 1050, "loss": 4.603349208831787, "elapsed_time": 77.45942330360413, "prnt": false}
{"event": "training_step", "timestamp": 1769651445.5999703, "step": 899, "max_steps": 1050, "loss": 4.59701681137085, "elapsed_time": 77.53811049461365, "prnt": false}
{"event": "training_step", "timestamp": 1769651445.6787267, "step": 900, "max_steps": 1050, "loss": 4.66537618637085, "elapsed_time": 77.61696910858154, "prnt": false}
{"event": "validation_step", "timestamp": 1769651446.078467, "step": 900, "max_steps": 1050, "loss": 1.28228049108164, "elapsed_time": 77.61696910858154}
{"event": "training_step", "timestamp": 1769651446.1579275, "step": 901, "max_steps": 1050, "loss": 4.662353992462158, "elapsed_time": 78.09617257118225, "prnt": false}
{"event": "training_step", "timestamp": 1769651446.236587, "step": 902, "max_steps": 1050, "loss": 4.581231117248535, "elapsed_time": 78.17487406730652, "prnt": false}
{"event": "training_step", "timestamp": 1769651446.3152544, "step": 903, "max_steps": 1050, "loss": 4.655734539031982, "elapsed_time": 78.25364565849304, "prnt": false}
{"event": "training_step", "timestamp": 1769651446.3938508, "step": 904, "max_steps": 1050, "loss": 4.635576248168945, "elapsed_time": 78.33230996131897, "prnt": false}
{"event": "training_step", "timestamp": 1769651446.4727297, "step": 905, "max_steps": 1050, "loss": 4.608175277709961, "elapsed_time": 78.41100025177002, "prnt": false}
{"event": "training_step", "timestamp": 1769651446.5516422, "step": 906, "max_steps": 1050, "loss": 4.653633117675781, "elapsed_time": 78.49004650115967, "prnt": false}
{"event": "training_step", "timestamp": 1769651446.630517, "step": 907, "max_steps": 1050, "loss": 4.629624366760254, "elapsed_time": 78.56878232955933, "prnt": false}
{"event": "training_step", "timestamp": 1769651446.709394, "step": 908, "max_steps": 1050, "loss": 4.599135875701904, "elapsed_time": 78.64739727973938, "prnt": false}
{"event": "training_step", "timestamp": 1769651446.7884674, "step": 909, "max_steps": 1050, "loss": 4.690002918243408, "elapsed_time": 78.72674584388733, "prnt": false}
{"event": "training_step", "timestamp": 1769651446.867188, "step": 910, "max_steps": 1050, "loss": 4.6116719245910645, "elapsed_time": 78.8054347038269, "prnt": false}
{"event": "training_step", "timestamp": 1769651446.9460707, "step": 911, "max_steps": 1050, "loss": 4.683862686157227, "elapsed_time": 78.88418054580688, "prnt": false}
{"event": "training_step", "timestamp": 1769651447.0248632, "step": 912, "max_steps": 1050, "loss": 4.656215190887451, "elapsed_time": 78.96302485466003, "prnt": false}
{"event": "training_step", "timestamp": 1769651447.1037495, "step": 913, "max_steps": 1050, "loss": 4.587652206420898, "elapsed_time": 79.04193663597107, "prnt": false}
{"event": "training_step", "timestamp": 1769651447.1825469, "step": 914, "max_steps": 1050, "loss": 4.617649555206299, "elapsed_time": 79.1207025051117, "prnt": false}
{"event": "training_step", "timestamp": 1769651447.2615497, "step": 915, "max_steps": 1050, "loss": 4.575037479400635, "elapsed_time": 79.1996648311615, "prnt": false}
{"event": "training_step", "timestamp": 1769651447.3402288, "step": 916, "max_steps": 1050, "loss": 4.61270809173584, "elapsed_time": 79.27842617034912, "prnt": false}
{"event": "training_step", "timestamp": 1769651447.419468, "step": 917, "max_steps": 1050, "loss": 4.5848307609558105, "elapsed_time": 79.35749173164368, "prnt": false}
{"event": "training_step", "timestamp": 1769651447.498151, "step": 918, "max_steps": 1050, "loss": 4.670924663543701, "elapsed_time": 79.4363362789154, "prnt": false}
{"event": "training_step", "timestamp": 1769651447.576954, "step": 919, "max_steps": 1050, "loss": 4.614858150482178, "elapsed_time": 79.5152485370636, "prnt": false}
{"event": "training_step", "timestamp": 1769651447.6556728, "step": 920, "max_steps": 1050, "loss": 4.627903461456299, "elapsed_time": 79.59389781951904, "prnt": false}
{"event": "training_step", "timestamp": 1769651447.7344267, "step": 921, "max_steps": 1050, "loss": 4.650819301605225, "elapsed_time": 79.67289876937866, "prnt": false}
{"event": "training_step", "timestamp": 1769651447.8130896, "step": 922, "max_steps": 1050, "loss": 4.641518592834473, "elapsed_time": 79.75151872634888, "prnt": false}
{"event": "training_step", "timestamp": 1769651447.8919785, "step": 923, "max_steps": 1050, "loss": 4.609254360198975, "elapsed_time": 79.83017301559448, "prnt": false}
{"event": "training_step", "timestamp": 1769651447.9708688, "step": 924, "max_steps": 1050, "loss": 4.670121669769287, "elapsed_time": 79.90911436080933, "prnt": false}
{"event": "training_step", "timestamp": 1769651448.0498745, "step": 925, "max_steps": 1050, "loss": 4.6086812019348145, "elapsed_time": 79.988046169281, "prnt": false}
{"event": "training_step", "timestamp": 1769651448.1287003, "step": 926, "max_steps": 1050, "loss": 4.60136604309082, "elapsed_time": 80.06673288345337, "prnt": false}
{"event": "training_step", "timestamp": 1769651448.2076426, "step": 927, "max_steps": 1050, "loss": 4.574857711791992, "elapsed_time": 80.14583539962769, "prnt": false}
{"event": "training_step", "timestamp": 1769651448.2862837, "step": 928, "max_steps": 1050, "loss": 4.6160054206848145, "elapsed_time": 80.22455954551697, "prnt": false}
{"event": "training_step", "timestamp": 1769651448.3651712, "step": 929, "max_steps": 1050, "loss": 4.645159721374512, "elapsed_time": 80.3033230304718, "prnt": false}
{"event": "training_step", "timestamp": 1769651448.4439974, "step": 930, "max_steps": 1050, "loss": 4.632617473602295, "elapsed_time": 80.38209390640259, "prnt": false}
{"event": "training_step", "timestamp": 1769651448.5229962, "step": 931, "max_steps": 1050, "loss": 4.632748603820801, "elapsed_time": 80.46160078048706, "prnt": false}
{"event": "training_step", "timestamp": 1769651448.601838, "step": 932, "max_steps": 1050, "loss": 4.652116298675537, "elapsed_time": 80.54009008407593, "prnt": false}
{"event": "training_step", "timestamp": 1769651448.6807775, "step": 933, "max_steps": 1050, "loss": 4.592525005340576, "elapsed_time": 80.61888146400452, "prnt": false}
{"event": "training_step", "timestamp": 1769651448.7595594, "step": 934, "max_steps": 1050, "loss": 4.573766708374023, "elapsed_time": 80.69781064987183, "prnt": false}
{"event": "training_step", "timestamp": 1769651448.8384242, "step": 935, "max_steps": 1050, "loss": 4.641072750091553, "elapsed_time": 80.77664971351624, "prnt": false}
{"event": "training_step", "timestamp": 1769651448.917167, "step": 936, "max_steps": 1050, "loss": 4.629782676696777, "elapsed_time": 80.85539507865906, "prnt": false}
{"event": "training_step", "timestamp": 1769651448.9958806, "step": 937, "max_steps": 1050, "loss": 4.606673717498779, "elapsed_time": 80.93445491790771, "prnt": false}
{"event": "training_step", "timestamp": 1769651449.0745645, "step": 938, "max_steps": 1050, "loss": 4.61690092086792, "elapsed_time": 81.01286697387695, "prnt": false}
{"event": "training_step", "timestamp": 1769651449.1533017, "step": 939, "max_steps": 1050, "loss": 4.608826160430908, "elapsed_time": 81.09156322479248, "prnt": false}
{"event": "training_step", "timestamp": 1769651449.2320921, "step": 940, "max_steps": 1050, "loss": 4.635813236236572, "elapsed_time": 81.17036199569702, "prnt": false}
{"event": "training_step", "timestamp": 1769651449.3110013, "step": 941, "max_steps": 1050, "loss": 4.5843305587768555, "elapsed_time": 81.24914169311523, "prnt": false}
{"event": "training_step", "timestamp": 1769651449.3899486, "step": 942, "max_steps": 1050, "loss": 4.664225101470947, "elapsed_time": 81.32786846160889, "prnt": false}
{"event": "training_step", "timestamp": 1769651449.468874, "step": 943, "max_steps": 1050, "loss": 4.622828960418701, "elapsed_time": 81.40731501579285, "prnt": false}
{"event": "training_step", "timestamp": 1769651449.5477479, "step": 944, "max_steps": 1050, "loss": 4.593265533447266, "elapsed_time": 81.48575782775879, "prnt": false}
{"event": "training_step", "timestamp": 1769651449.6266418, "step": 945, "max_steps": 1050, "loss": 4.597471237182617, "elapsed_time": 81.56471014022827, "prnt": false}
{"event": "training_step", "timestamp": 1769651449.7053177, "step": 946, "max_steps": 1050, "loss": 4.639444351196289, "elapsed_time": 81.64359736442566, "prnt": false}
{"event": "training_step", "timestamp": 1769651449.7841692, "step": 947, "max_steps": 1050, "loss": 4.630070686340332, "elapsed_time": 81.72238063812256, "prnt": false}
{"event": "training_step", "timestamp": 1769651449.8630002, "step": 948, "max_steps": 1050, "loss": 4.627735614776611, "elapsed_time": 81.80107760429382, "prnt": false}
{"event": "training_step", "timestamp": 1769651449.9418526, "step": 949, "max_steps": 1050, "loss": 4.6195068359375, "elapsed_time": 81.88005089759827, "prnt": false}
{"event": "training_step", "timestamp": 1769651450.0207033, "step": 950, "max_steps": 1050, "loss": 4.612730979919434, "elapsed_time": 81.95866680145264, "prnt": false}
{"event": "validation_step", "timestamp": 1769651450.4206285, "step": 950, "max_steps": 1050, "loss": 1.281591368251351, "elapsed_time": 81.95866680145264}
{"event": "training_step", "timestamp": 1769651450.4998999, "step": 951, "max_steps": 1050, "loss": 4.609688758850098, "elapsed_time": 82.4379894733429, "prnt": false}
{"event": "training_step", "timestamp": 1769651450.578801, "step": 952, "max_steps": 1050, "loss": 4.584475040435791, "elapsed_time": 82.51746225357056, "prnt": false}
{"event": "training_step", "timestamp": 1769651450.6576557, "step": 953, "max_steps": 1050, "loss": 4.641788482666016, "elapsed_time": 82.59588885307312, "prnt": false}
{"event": "training_step", "timestamp": 1769651450.7364972, "step": 954, "max_steps": 1050, "loss": 4.694320201873779, "elapsed_time": 82.67492437362671, "prnt": false}
{"event": "training_step", "timestamp": 1769651450.8151739, "step": 955, "max_steps": 1050, "loss": 4.707877159118652, "elapsed_time": 82.75364708900452, "prnt": false}
{"event": "training_step", "timestamp": 1769651450.8938944, "step": 956, "max_steps": 1050, "loss": 4.615839958190918, "elapsed_time": 82.83220171928406, "prnt": false}
{"event": "training_step", "timestamp": 1769651450.9726472, "step": 957, "max_steps": 1050, "loss": 4.6399688720703125, "elapsed_time": 82.91095638275146, "prnt": false}
{"event": "training_step", "timestamp": 1769651451.051497, "step": 958, "max_steps": 1050, "loss": 4.653579235076904, "elapsed_time": 82.98954844474792, "prnt": false}
{"event": "training_step", "timestamp": 1769651451.1304455, "step": 959, "max_steps": 1050, "loss": 4.673482418060303, "elapsed_time": 83.06873488426208, "prnt": false}
{"event": "training_step", "timestamp": 1769651451.2097766, "step": 960, "max_steps": 1050, "loss": 4.6140007972717285, "elapsed_time": 83.14848637580872, "prnt": false}
{"event": "training_step", "timestamp": 1769651451.2889667, "step": 961, "max_steps": 1050, "loss": 4.581927299499512, "elapsed_time": 83.22795701026917, "prnt": false}
{"event": "training_step", "timestamp": 1769651451.3681512, "step": 962, "max_steps": 1050, "loss": 4.618373394012451, "elapsed_time": 83.30697464942932, "prnt": false}
{"event": "training_step", "timestamp": 1769651451.4474494, "step": 963, "max_steps": 1050, "loss": 4.5506978034973145, "elapsed_time": 83.38628125190735, "prnt": false}
{"event": "training_step", "timestamp": 1769651451.5264683, "step": 964, "max_steps": 1050, "loss": 4.620091438293457, "elapsed_time": 83.46537971496582, "prnt": false}
{"event": "training_step", "timestamp": 1769651451.6054692, "step": 965, "max_steps": 1050, "loss": 4.6401848793029785, "elapsed_time": 83.54399681091309, "prnt": false}
{"event": "training_step", "timestamp": 1769651451.6845279, "step": 966, "max_steps": 1050, "loss": 4.58461856842041, "elapsed_time": 83.62353181838989, "prnt": false}
{"event": "training_step", "timestamp": 1769651451.7636404, "step": 967, "max_steps": 1050, "loss": 4.604336261749268, "elapsed_time": 83.70293760299683, "prnt": false}
{"event": "training_step", "timestamp": 1769651451.842814, "step": 968, "max_steps": 1050, "loss": 4.576671600341797, "elapsed_time": 83.78195571899414, "prnt": false}
{"event": "training_step", "timestamp": 1769651451.9229143, "step": 969, "max_steps": 1050, "loss": 4.662049293518066, "elapsed_time": 83.8645703792572, "prnt": false}
{"event": "training_step", "timestamp": 1769651452.0019577, "step": 970, "max_steps": 1050, "loss": 4.666858673095703, "elapsed_time": 83.94052457809448, "prnt": false}
{"event": "training_step", "timestamp": 1769651452.0812662, "step": 971, "max_steps": 1050, "loss": 4.582839488983154, "elapsed_time": 84.02001929283142, "prnt": false}
{"event": "training_step", "timestamp": 1769651452.1602683, "step": 972, "max_steps": 1050, "loss": 4.611261367797852, "elapsed_time": 84.09889435768127, "prnt": false}
{"event": "training_step", "timestamp": 1769651452.2392905, "step": 973, "max_steps": 1050, "loss": 4.600347995758057, "elapsed_time": 84.1777548789978, "prnt": false}
{"event": "training_step", "timestamp": 1769651452.318277, "step": 974, "max_steps": 1050, "loss": 4.632857322692871, "elapsed_time": 84.25687766075134, "prnt": false}
{"event": "training_step", "timestamp": 1769651452.3973775, "step": 975, "max_steps": 1050, "loss": 4.64260196685791, "elapsed_time": 84.33620595932007, "prnt": false}
{"event": "training_step", "timestamp": 1769651452.4761999, "step": 976, "max_steps": 1050, "loss": 4.648200511932373, "elapsed_time": 84.41482067108154, "prnt": false}
{"event": "training_step", "timestamp": 1769651452.5552402, "step": 977, "max_steps": 1050, "loss": 4.578955173492432, "elapsed_time": 84.49423861503601, "prnt": false}
{"event": "training_step", "timestamp": 1769651452.6341615, "step": 978, "max_steps": 1050, "loss": 4.590845108032227, "elapsed_time": 84.57294940948486, "prnt": false}
{"event": "training_step", "timestamp": 1769651452.7130363, "step": 979, "max_steps": 1050, "loss": 4.515275001525879, "elapsed_time": 84.65199327468872, "prnt": false}
{"event": "training_step", "timestamp": 1769651452.791975, "step": 980, "max_steps": 1050, "loss": 4.641315937042236, "elapsed_time": 84.73070406913757, "prnt": false}
{"event": "training_step", "timestamp": 1769651452.8711271, "step": 981, "max_steps": 1050, "loss": 4.600396156311035, "elapsed_time": 84.81005430221558, "prnt": false}
{"event": "training_step", "timestamp": 1769651452.9500403, "step": 982, "max_steps": 1050, "loss": 4.593243598937988, "elapsed_time": 84.88858962059021, "prnt": false}
{"event": "training_step", "timestamp": 1769651453.029278, "step": 983, "max_steps": 1050, "loss": 4.635866641998291, "elapsed_time": 84.9678521156311, "prnt": false}
{"event": "training_step", "timestamp": 1769651453.1084092, "step": 984, "max_steps": 1050, "loss": 4.653109550476074, "elapsed_time": 85.04673171043396, "prnt": false}
{"event": "training_step", "timestamp": 1769651453.1876137, "step": 985, "max_steps": 1050, "loss": 4.690792083740234, "elapsed_time": 85.12613487243652, "prnt": false}
{"event": "training_step", "timestamp": 1769651453.266782, "step": 986, "max_steps": 1050, "loss": 4.552556037902832, "elapsed_time": 85.20535683631897, "prnt": false}
{"event": "training_step", "timestamp": 1769651453.3459363, "step": 987, "max_steps": 1050, "loss": 4.617763042449951, "elapsed_time": 85.28441572189331, "prnt": false}
{"event": "training_step", "timestamp": 1769651453.4247897, "step": 988, "max_steps": 1050, "loss": 4.612785816192627, "elapsed_time": 85.3633463382721, "prnt": false}
{"event": "training_step", "timestamp": 1769651453.503865, "step": 989, "max_steps": 1050, "loss": 4.623720645904541, "elapsed_time": 85.44228339195251, "prnt": false}
{"event": "training_step", "timestamp": 1769651453.582996, "step": 990, "max_steps": 1050, "loss": 4.6314191818237305, "elapsed_time": 85.52178907394409, "prnt": false}
{"event": "training_step", "timestamp": 1769651453.6621332, "step": 991, "max_steps": 1050, "loss": 4.582079887390137, "elapsed_time": 85.60102653503418, "prnt": false}
{"event": "training_step", "timestamp": 1769651453.7411747, "step": 992, "max_steps": 1050, "loss": 4.682939052581787, "elapsed_time": 85.67956590652466, "prnt": false}
{"event": "training_step", "timestamp": 1769651453.8201923, "step": 993, "max_steps": 1050, "loss": 4.623478412628174, "elapsed_time": 85.75851774215698, "prnt": false}
{"event": "training_step", "timestamp": 1769651453.899164, "step": 994, "max_steps": 1050, "loss": 4.603366374969482, "elapsed_time": 85.837641954422, "prnt": false}
{"event": "training_step", "timestamp": 1769651453.9783447, "step": 995, "max_steps": 1050, "loss": 4.6109747886657715, "elapsed_time": 85.9170229434967, "prnt": false}
{"event": "training_step", "timestamp": 1769651454.0573516, "step": 996, "max_steps": 1050, "loss": 4.562055587768555, "elapsed_time": 85.99589467048645, "prnt": false}
{"event": "training_step", "timestamp": 1769651454.1364121, "step": 997, "max_steps": 1050, "loss": 4.5854949951171875, "elapsed_time": 86.07532358169556, "prnt": false}
{"event": "training_step", "timestamp": 1769651454.216167, "step": 998, "max_steps": 1050, "loss": 4.633347511291504, "elapsed_time": 86.15725588798523, "prnt": false}
{"event": "training_step", "timestamp": 1769651454.2952676, "step": 999, "max_steps": 1050, "loss": 4.597280979156494, "elapsed_time": 86.23406982421875, "prnt": false}
{"event": "training_step", "timestamp": 1769651454.3740978, "step": 1000, "max_steps": 1050, "loss": 4.6330180168151855, "elapsed_time": 86.31298327445984, "prnt": false}
{"event": "validation_step", "timestamp": 1769651454.7745905, "step": 1000, "max_steps": 1050, "loss": 1.2808546702100434, "elapsed_time": 86.31298327445984}
{"event": "training_step", "timestamp": 1769651454.8540695, "step": 1001, "max_steps": 1050, "loss": 4.658890247344971, "elapsed_time": 86.79216194152832, "prnt": false}
{"event": "training_step", "timestamp": 1769651454.932893, "step": 1002, "max_steps": 1050, "loss": 4.655783176422119, "elapsed_time": 86.8708930015564, "prnt": false}
{"event": "training_step", "timestamp": 1769651455.0116773, "step": 1003, "max_steps": 1050, "loss": 4.6104350090026855, "elapsed_time": 86.94971036911011, "prnt": false}
{"event": "training_step", "timestamp": 1769651455.0907772, "step": 1004, "max_steps": 1050, "loss": 4.579585075378418, "elapsed_time": 87.02951550483704, "prnt": false}
{"event": "training_step", "timestamp": 1769651455.1700242, "step": 1005, "max_steps": 1050, "loss": 4.658867359161377, "elapsed_time": 87.10856056213379, "prnt": false}
{"event": "training_step", "timestamp": 1769651455.2490902, "step": 1006, "max_steps": 1050, "loss": 4.583454132080078, "elapsed_time": 87.18782806396484, "prnt": false}
{"event": "training_step", "timestamp": 1769651455.328316, "step": 1007, "max_steps": 1050, "loss": 4.637535095214844, "elapsed_time": 87.26682615280151, "prnt": false}
{"event": "training_step", "timestamp": 1769651455.4072897, "step": 1008, "max_steps": 1050, "loss": 4.593092441558838, "elapsed_time": 87.3451132774353, "prnt": false}
{"event": "training_step", "timestamp": 1769651455.4863796, "step": 1009, "max_steps": 1050, "loss": 4.606094837188721, "elapsed_time": 87.4247043132782, "prnt": false}
{"event": "training_step", "timestamp": 1769651455.5654733, "step": 1010, "max_steps": 1050, "loss": 4.592876434326172, "elapsed_time": 87.50381398200989, "prnt": false}
{"event": "training_step", "timestamp": 1769651455.6446152, "step": 1011, "max_steps": 1050, "loss": 4.656503677368164, "elapsed_time": 87.58310961723328, "prnt": false}
{"event": "training_step", "timestamp": 1769651455.7236722, "step": 1012, "max_steps": 1050, "loss": 4.59092903137207, "elapsed_time": 87.66249012947083, "prnt": false}
{"event": "training_step", "timestamp": 1769651455.8030064, "step": 1013, "max_steps": 1050, "loss": 4.597421646118164, "elapsed_time": 87.7420060634613, "prnt": false}
{"event": "training_step", "timestamp": 1769651455.8821166, "step": 1014, "max_steps": 1050, "loss": 4.585638999938965, "elapsed_time": 87.82082343101501, "prnt": false}
{"event": "training_step", "timestamp": 1769651455.961404, "step": 1015, "max_steps": 1050, "loss": 4.623591423034668, "elapsed_time": 87.9002377986908, "prnt": false}
{"event": "training_step", "timestamp": 1769651456.0406015, "step": 1016, "max_steps": 1050, "loss": 4.624590873718262, "elapsed_time": 87.9792423248291, "prnt": false}
{"event": "training_step", "timestamp": 1769651456.11991, "step": 1017, "max_steps": 1050, "loss": 4.619088172912598, "elapsed_time": 88.0587317943573, "prnt": false}
{"event": "training_step", "timestamp": 1769651456.1990294, "step": 1018, "max_steps": 1050, "loss": 4.601779460906982, "elapsed_time": 88.13775634765625, "prnt": false}
{"event": "training_step", "timestamp": 1769651456.2783656, "step": 1019, "max_steps": 1050, "loss": 4.650050163269043, "elapsed_time": 88.21699380874634, "prnt": false}
{"event": "training_step", "timestamp": 1769651456.3572671, "step": 1020, "max_steps": 1050, "loss": 4.552921772003174, "elapsed_time": 88.29519152641296, "prnt": false}
{"event": "training_step", "timestamp": 1769651456.4361253, "step": 1021, "max_steps": 1050, "loss": 4.597177505493164, "elapsed_time": 88.374107837677, "prnt": false}
{"event": "training_step", "timestamp": 1769651456.5149658, "step": 1022, "max_steps": 1050, "loss": 4.622162342071533, "elapsed_time": 88.45290613174438, "prnt": false}
{"event": "training_step", "timestamp": 1769651456.5939393, "step": 1023, "max_steps": 1050, "loss": 4.61131477355957, "elapsed_time": 88.53223061561584, "prnt": false}
{"event": "training_step", "timestamp": 1769651456.6726892, "step": 1024, "max_steps": 1050, "loss": 4.612980842590332, "elapsed_time": 88.61118650436401, "prnt": false}
{"event": "training_step", "timestamp": 1769651456.7516234, "step": 1025, "max_steps": 1050, "loss": 4.698354721069336, "elapsed_time": 88.69007182121277, "prnt": false}
{"event": "training_step", "timestamp": 1769651456.8304088, "step": 1026, "max_steps": 1050, "loss": 4.550847053527832, "elapsed_time": 88.7683675289154, "prnt": false}
{"event": "training_step", "timestamp": 1769651456.909331, "step": 1027, "max_steps": 1050, "loss": 4.6679301261901855, "elapsed_time": 88.8474051952362, "prnt": false}
{"event": "training_step", "timestamp": 1769651456.9882884, "step": 1028, "max_steps": 1050, "loss": 4.61027193069458, "elapsed_time": 88.92597603797913, "prnt": false}
{"event": "training_step", "timestamp": 1769651457.0672412, "step": 1029, "max_steps": 1050, "loss": 4.585936546325684, "elapsed_time": 89.00499200820923, "prnt": false}
{"event": "training_step", "timestamp": 1769651457.1461213, "step": 1030, "max_steps": 1050, "loss": 4.577311038970947, "elapsed_time": 89.08407092094421, "prnt": false}
{"event": "training_step", "timestamp": 1769651457.2251413, "step": 1031, "max_steps": 1050, "loss": 4.652097225189209, "elapsed_time": 89.16286754608154, "prnt": false}
{"event": "training_step", "timestamp": 1769651457.3039777, "step": 1032, "max_steps": 1050, "loss": 4.648370742797852, "elapsed_time": 89.24195289611816, "prnt": false}
{"event": "training_step", "timestamp": 1769651457.382782, "step": 1033, "max_steps": 1050, "loss": 4.567273139953613, "elapsed_time": 89.32070279121399, "prnt": false}
{"event": "training_step", "timestamp": 1769651457.4616024, "step": 1034, "max_steps": 1050, "loss": 4.670604705810547, "elapsed_time": 89.39940428733826, "prnt": false}
{"event": "training_step", "timestamp": 1769651457.5406146, "step": 1035, "max_steps": 1050, "loss": 4.6610846519470215, "elapsed_time": 89.47838640213013, "prnt": false}
{"event": "training_step", "timestamp": 1769651457.6194322, "step": 1036, "max_steps": 1050, "loss": 4.601490020751953, "elapsed_time": 89.5572919845581, "prnt": false}
{"event": "training_step", "timestamp": 1769651457.6984777, "step": 1037, "max_steps": 1050, "loss": 4.634400367736816, "elapsed_time": 89.63650155067444, "prnt": false}
{"event": "training_step", "timestamp": 1769651457.7774098, "step": 1038, "max_steps": 1050, "loss": 4.598464012145996, "elapsed_time": 89.71534037590027, "prnt": false}
{"event": "training_step", "timestamp": 1769651457.8563182, "step": 1039, "max_steps": 1050, "loss": 4.6250081062316895, "elapsed_time": 89.79421877861023, "prnt": false}
{"event": "training_step", "timestamp": 1769651457.9351263, "step": 1040, "max_steps": 1050, "loss": 4.671761512756348, "elapsed_time": 89.87301802635193, "prnt": false}
{"event": "training_step", "timestamp": 1769651458.0139596, "step": 1041, "max_steps": 1050, "loss": 4.615396499633789, "elapsed_time": 89.95189666748047, "prnt": false}
{"event": "training_step", "timestamp": 1769651458.0925846, "step": 1042, "max_steps": 1050, "loss": 4.551570892333984, "elapsed_time": 90.03068828582764, "prnt": false}
{"event": "training_step", "timestamp": 1769651458.1714303, "step": 1043, "max_steps": 1050, "loss": 4.596407890319824, "elapsed_time": 90.10936260223389, "prnt": false}
{"event": "training_step", "timestamp": 1769651458.250223, "step": 1044, "max_steps": 1050, "loss": 4.55410623550415, "elapsed_time": 90.18808960914612, "prnt": false}
{"event": "training_step", "timestamp": 1769651458.3292077, "step": 1045, "max_steps": 1050, "loss": 4.67910099029541, "elapsed_time": 90.26714754104614, "prnt": false}
{"event": "training_step", "timestamp": 1769651458.4081378, "step": 1046, "max_steps": 1050, "loss": 4.629272937774658, "elapsed_time": 90.34584283828735, "prnt": false}
{"event": "training_step", "timestamp": 1769651458.487175, "step": 1047, "max_steps": 1050, "loss": 4.693620681762695, "elapsed_time": 90.42490983009338, "prnt": false}
{"event": "training_step", "timestamp": 1769651458.5661163, "step": 1048, "max_steps": 1050, "loss": 4.539760112762451, "elapsed_time": 90.50400876998901, "prnt": false}
{"event": "training_step", "timestamp": 1769651458.6452236, "step": 1049, "max_steps": 1050, "loss": 4.5980987548828125, "elapsed_time": 90.58322501182556, "prnt": false}
{"event": "training_step", "timestamp": 1769651458.7241783, "step": 1050, "max_steps": 1050, "loss": 4.550731182098389, "elapsed_time": 90.66201639175415, "prnt": false}
{"event": "validation_step", "timestamp": 1769651459.1246479, "step": 1050, "max_steps": 1050, "loss": 1.2806970626760048, "elapsed_time": 90.66201639175415}
