{"event": "hyperparameters_configured", "timestamp": 1769667566.7892437, "block_size": 256, "vocab_size": 24000, "n_layer": 8, "n_head": 9, "d_model": 576, "dropout": 0.0, "mlp_ratio": 5.0, "activation": "gelu", "residual_scaling": true, "batch_size": 32, "lr": 0.0003, "weight_decay": 0.1, "evals_per_epoch": 3, "batch_mode": "random", "optimizer": "adamw", "scheduler": "warmup_cosine", "warmup_fraction": 0.05, "attention_type": "sparse", "attn_intermediate_dim": 288, "local_attn_ctx": 32, "normalizer": "lowercase", "pre_tokenizer": "whitespace", "eos_handling": "tokenize_append", "min_frequency": 2, "domain_tokens": true, "epochs": 7, "seed": 1337, "num_titles": 100000, "val_frac": 0.1, "log_file": "./logs/exp-sparse-b256.log"}
{"event": "device_info", "timestamp": 1769667566.806744, "device": "cuda"}
{"event": "dataset_info", "timestamp": 1769667578.354304, "titles_count": 90000, "epochs": 7, "batches_per_epoch": 117, "tokens_per_epoch": 965379, "vocab_size": 24000}
{"event": "model_info", "timestamp": 1769667579.0367918, "parameters_count": 45880704}
{"event": "training_step", "timestamp": 1769667579.782261, "step": 1, "max_steps": 819, "loss": 10.19801139831543, "elapsed_time": 0.24797582626342773, "prnt": false}
{"event": "validation_step", "timestamp": 1769667580.1770234, "step": 1, "max_steps": 819, "loss": 1.8797107954481538, "elapsed_time": 0.24797582626342773}
{"event": "training_step", "timestamp": 1769667580.2705505, "step": 2, "max_steps": 819, "loss": 10.195550918579102, "elapsed_time": 0.6498448848724365, "prnt": false}
{"event": "training_step", "timestamp": 1769667580.363932, "step": 3, "max_steps": 819, "loss": 10.023564338684082, "elapsed_time": 0.742725133895874, "prnt": false}
{"event": "training_step", "timestamp": 1769667580.4572926, "step": 4, "max_steps": 819, "loss": 9.744011878967285, "elapsed_time": 0.8360719680786133, "prnt": false}
{"event": "training_step", "timestamp": 1769667580.5508063, "step": 5, "max_steps": 819, "loss": 9.457549095153809, "elapsed_time": 0.9300391674041748, "prnt": false}
{"event": "training_step", "timestamp": 1769667580.6441882, "step": 6, "max_steps": 819, "loss": 9.283936500549316, "elapsed_time": 1.0231220722198486, "prnt": false}
{"event": "training_step", "timestamp": 1769667580.737338, "step": 7, "max_steps": 819, "loss": 9.143803596496582, "elapsed_time": 1.1163859367370605, "prnt": false}
{"event": "training_step", "timestamp": 1769667580.8306367, "step": 8, "max_steps": 819, "loss": 9.057029724121094, "elapsed_time": 1.2094967365264893, "prnt": false}
{"event": "training_step", "timestamp": 1769667580.9238865, "step": 9, "max_steps": 819, "loss": 9.016058921813965, "elapsed_time": 1.3027362823486328, "prnt": false}
{"event": "training_step", "timestamp": 1769667581.0172317, "step": 10, "max_steps": 819, "loss": 8.957529067993164, "elapsed_time": 1.3960940837860107, "prnt": false}
{"event": "training_step", "timestamp": 1769667581.1104822, "step": 11, "max_steps": 819, "loss": 8.893664360046387, "elapsed_time": 1.4892771244049072, "prnt": false}
{"event": "training_step", "timestamp": 1769667581.203858, "step": 12, "max_steps": 819, "loss": 8.86281967163086, "elapsed_time": 1.582632303237915, "prnt": false}
{"event": "training_step", "timestamp": 1769667581.2970886, "step": 13, "max_steps": 819, "loss": 8.79684829711914, "elapsed_time": 1.6759600639343262, "prnt": false}
{"event": "training_step", "timestamp": 1769667581.3909624, "step": 14, "max_steps": 819, "loss": 8.772467613220215, "elapsed_time": 1.7692222595214844, "prnt": false}
{"event": "training_step", "timestamp": 1769667581.484811, "step": 15, "max_steps": 819, "loss": 8.7153959274292, "elapsed_time": 1.863027572631836, "prnt": false}
{"event": "training_step", "timestamp": 1769667581.5786817, "step": 16, "max_steps": 819, "loss": 8.61171817779541, "elapsed_time": 1.957204818725586, "prnt": false}
{"event": "training_step", "timestamp": 1769667581.6724336, "step": 17, "max_steps": 819, "loss": 8.507487297058105, "elapsed_time": 2.050956964492798, "prnt": false}
{"event": "training_step", "timestamp": 1769667581.766094, "step": 18, "max_steps": 819, "loss": 8.441252708435059, "elapsed_time": 2.144796371459961, "prnt": false}
{"event": "training_step", "timestamp": 1769667581.8596582, "step": 19, "max_steps": 819, "loss": 8.38820743560791, "elapsed_time": 2.238168239593506, "prnt": false}
{"event": "training_step", "timestamp": 1769667581.9529917, "step": 20, "max_steps": 819, "loss": 8.323596000671387, "elapsed_time": 2.3318026065826416, "prnt": false}
{"event": "training_step", "timestamp": 1769667582.0462317, "step": 21, "max_steps": 819, "loss": 8.25246524810791, "elapsed_time": 2.4250595569610596, "prnt": false}
{"event": "training_step", "timestamp": 1769667582.1397114, "step": 22, "max_steps": 819, "loss": 8.166754722595215, "elapsed_time": 2.5184414386749268, "prnt": false}
{"event": "training_step", "timestamp": 1769667582.2330742, "step": 23, "max_steps": 819, "loss": 8.133445739746094, "elapsed_time": 2.6118364334106445, "prnt": false}
{"event": "training_step", "timestamp": 1769667582.3263562, "step": 24, "max_steps": 819, "loss": 8.004176139831543, "elapsed_time": 2.705244541168213, "prnt": false}
{"event": "training_step", "timestamp": 1769667582.4198287, "step": 25, "max_steps": 819, "loss": 7.967411994934082, "elapsed_time": 2.7984797954559326, "prnt": false}
{"event": "training_step", "timestamp": 1769667582.5133011, "step": 26, "max_steps": 819, "loss": 7.886648178100586, "elapsed_time": 2.892141342163086, "prnt": false}
{"event": "training_step", "timestamp": 1769667582.6067832, "step": 27, "max_steps": 819, "loss": 7.797104358673096, "elapsed_time": 2.9858784675598145, "prnt": false}
{"event": "training_step", "timestamp": 1769667582.700362, "step": 28, "max_steps": 819, "loss": 7.689582347869873, "elapsed_time": 3.078986644744873, "prnt": false}
{"event": "training_step", "timestamp": 1769667582.7937148, "step": 29, "max_steps": 819, "loss": 7.649816036224365, "elapsed_time": 3.172476291656494, "prnt": false}
{"event": "training_step", "timestamp": 1769667582.8871136, "step": 30, "max_steps": 819, "loss": 7.532493591308594, "elapsed_time": 3.265928268432617, "prnt": false}
{"event": "training_step", "timestamp": 1769667582.980483, "step": 31, "max_steps": 819, "loss": 7.482645034790039, "elapsed_time": 3.3592379093170166, "prnt": false}
{"event": "training_step", "timestamp": 1769667583.0739734, "step": 32, "max_steps": 819, "loss": 7.424666881561279, "elapsed_time": 3.4526824951171875, "prnt": false}
{"event": "training_step", "timestamp": 1769667583.1673694, "step": 33, "max_steps": 819, "loss": 7.44853401184082, "elapsed_time": 3.5461013317108154, "prnt": false}
{"event": "training_step", "timestamp": 1769667583.2608645, "step": 34, "max_steps": 819, "loss": 7.347572326660156, "elapsed_time": 3.639665126800537, "prnt": false}
{"event": "training_step", "timestamp": 1769667583.3543065, "step": 35, "max_steps": 819, "loss": 7.265626430511475, "elapsed_time": 3.732922315597534, "prnt": false}
{"event": "training_step", "timestamp": 1769667583.4477818, "step": 36, "max_steps": 819, "loss": 7.202824592590332, "elapsed_time": 3.826469898223877, "prnt": false}
{"event": "training_step", "timestamp": 1769667583.5412831, "step": 37, "max_steps": 819, "loss": 7.191655158996582, "elapsed_time": 3.919856548309326, "prnt": false}
{"event": "training_step", "timestamp": 1769667583.63509, "step": 38, "max_steps": 819, "loss": 7.139804363250732, "elapsed_time": 4.013561725616455, "prnt": false}
{"event": "training_step", "timestamp": 1769667583.7286024, "step": 39, "max_steps": 819, "loss": 7.1526031494140625, "elapsed_time": 4.107295751571655, "prnt": false}
{"event": "validation_step", "timestamp": 1769667584.1225743, "step": 39, "max_steps": 819, "loss": 1.3052493723236014, "elapsed_time": 4.107295751571655}
{"event": "training_step", "timestamp": 1769667584.2162197, "step": 40, "max_steps": 819, "loss": 7.116876125335693, "elapsed_time": 4.595049142837524, "prnt": false}
{"event": "training_step", "timestamp": 1769667584.309576, "step": 41, "max_steps": 819, "loss": 7.0069122314453125, "elapsed_time": 4.688442707061768, "prnt": false}
{"event": "training_step", "timestamp": 1769667584.403156, "step": 42, "max_steps": 819, "loss": 7.038602352142334, "elapsed_time": 4.781788110733032, "prnt": false}
{"event": "training_step", "timestamp": 1769667584.4965873, "step": 43, "max_steps": 819, "loss": 7.025160312652588, "elapsed_time": 4.87539529800415, "prnt": false}
{"event": "training_step", "timestamp": 1769667584.5902302, "step": 44, "max_steps": 819, "loss": 6.996892929077148, "elapsed_time": 4.969214677810669, "prnt": false}
{"event": "training_step", "timestamp": 1769667584.6838078, "step": 45, "max_steps": 819, "loss": 6.973274230957031, "elapsed_time": 5.062620401382446, "prnt": false}
{"event": "training_step", "timestamp": 1769667584.7774334, "step": 46, "max_steps": 819, "loss": 6.939490795135498, "elapsed_time": 5.156125545501709, "prnt": false}
{"event": "training_step", "timestamp": 1769667584.870945, "step": 47, "max_steps": 819, "loss": 6.923272132873535, "elapsed_time": 5.249613285064697, "prnt": false}
{"event": "training_step", "timestamp": 1769667584.964518, "step": 48, "max_steps": 819, "loss": 6.92237663269043, "elapsed_time": 5.343101263046265, "prnt": false}
{"event": "training_step", "timestamp": 1769667585.0580106, "step": 49, "max_steps": 819, "loss": 6.88037633895874, "elapsed_time": 5.436859369277954, "prnt": false}
{"event": "training_step", "timestamp": 1769667585.1515956, "step": 50, "max_steps": 819, "loss": 6.911587238311768, "elapsed_time": 5.530189037322998, "prnt": false}
{"event": "training_step", "timestamp": 1769667585.2450364, "step": 51, "max_steps": 819, "loss": 6.844672203063965, "elapsed_time": 5.623977422714233, "prnt": false}
{"event": "training_step", "timestamp": 1769667585.338613, "step": 52, "max_steps": 819, "loss": 6.931224822998047, "elapsed_time": 5.717299699783325, "prnt": false}
{"event": "training_step", "timestamp": 1769667585.4320903, "step": 53, "max_steps": 819, "loss": 6.862796783447266, "elapsed_time": 5.810838460922241, "prnt": false}
{"event": "training_step", "timestamp": 1769667585.5256443, "step": 54, "max_steps": 819, "loss": 6.911731719970703, "elapsed_time": 5.9043097496032715, "prnt": false}
{"event": "training_step", "timestamp": 1769667585.6191418, "step": 55, "max_steps": 819, "loss": 6.842925548553467, "elapsed_time": 5.997734785079956, "prnt": false}
{"event": "training_step", "timestamp": 1769667585.7128112, "step": 56, "max_steps": 819, "loss": 6.819270610809326, "elapsed_time": 6.091522216796875, "prnt": false}
{"event": "training_step", "timestamp": 1769667585.8064837, "step": 57, "max_steps": 819, "loss": 6.803499221801758, "elapsed_time": 6.1859941482543945, "prnt": false}
{"event": "training_step", "timestamp": 1769667585.9003303, "step": 58, "max_steps": 819, "loss": 6.792298316955566, "elapsed_time": 6.2796266078948975, "prnt": false}
{"event": "training_step", "timestamp": 1769667585.9941165, "step": 59, "max_steps": 819, "loss": 6.839134693145752, "elapsed_time": 6.373397350311279, "prnt": false}
{"event": "training_step", "timestamp": 1769667586.0879033, "step": 60, "max_steps": 819, "loss": 6.805862903594971, "elapsed_time": 6.467021465301514, "prnt": false}
{"event": "training_step", "timestamp": 1769667586.1815832, "step": 61, "max_steps": 819, "loss": 6.83103609085083, "elapsed_time": 6.560912370681763, "prnt": false}
{"event": "training_step", "timestamp": 1769667586.2754066, "step": 62, "max_steps": 819, "loss": 6.794875144958496, "elapsed_time": 6.654752016067505, "prnt": false}
{"event": "training_step", "timestamp": 1769667586.369011, "step": 63, "max_steps": 819, "loss": 6.788334369659424, "elapsed_time": 6.74835205078125, "prnt": false}
{"event": "training_step", "timestamp": 1769667586.463271, "step": 64, "max_steps": 819, "loss": 6.7873454093933105, "elapsed_time": 6.845568895339966, "prnt": false}
{"event": "training_step", "timestamp": 1769667586.556934, "step": 65, "max_steps": 819, "loss": 6.7810187339782715, "elapsed_time": 6.9360432624816895, "prnt": false}
{"event": "training_step", "timestamp": 1769667586.6507683, "step": 66, "max_steps": 819, "loss": 6.744637489318848, "elapsed_time": 7.029996395111084, "prnt": false}
{"event": "training_step", "timestamp": 1769667586.7443576, "step": 67, "max_steps": 819, "loss": 6.786124229431152, "elapsed_time": 7.123476266860962, "prnt": false}
{"event": "training_step", "timestamp": 1769667586.8382297, "step": 68, "max_steps": 819, "loss": 6.746110916137695, "elapsed_time": 7.217806100845337, "prnt": false}
{"event": "training_step", "timestamp": 1769667586.9319227, "step": 69, "max_steps": 819, "loss": 6.758433818817139, "elapsed_time": 7.3113439083099365, "prnt": false}
{"event": "training_step", "timestamp": 1769667587.0256982, "step": 70, "max_steps": 819, "loss": 6.755858898162842, "elapsed_time": 7.405053615570068, "prnt": false}
{"event": "training_step", "timestamp": 1769667587.1195326, "step": 71, "max_steps": 819, "loss": 6.733929634094238, "elapsed_time": 7.498902797698975, "prnt": false}
{"event": "training_step", "timestamp": 1769667587.2133312, "step": 72, "max_steps": 819, "loss": 6.73703670501709, "elapsed_time": 7.592638731002808, "prnt": false}
{"event": "training_step", "timestamp": 1769667587.306987, "step": 73, "max_steps": 819, "loss": 6.67762565612793, "elapsed_time": 7.686333894729614, "prnt": false}
{"event": "training_step", "timestamp": 1769667587.400914, "step": 74, "max_steps": 819, "loss": 6.677372932434082, "elapsed_time": 7.780274152755737, "prnt": false}
{"event": "training_step", "timestamp": 1769667587.4944685, "step": 75, "max_steps": 819, "loss": 6.637372016906738, "elapsed_time": 7.873820543289185, "prnt": false}
{"event": "training_step", "timestamp": 1769667587.5882437, "step": 76, "max_steps": 819, "loss": 6.727452754974365, "elapsed_time": 7.967472553253174, "prnt": false}
{"event": "training_step", "timestamp": 1769667587.682004, "step": 77, "max_steps": 819, "loss": 6.71006441116333, "elapsed_time": 8.06126618385315, "prnt": false}
{"event": "training_step", "timestamp": 1769667587.775934, "step": 78, "max_steps": 819, "loss": 6.691265106201172, "elapsed_time": 8.155420541763306, "prnt": false}
{"event": "validation_step", "timestamp": 1769667588.1717093, "step": 78, "max_steps": 819, "loss": 1.2396294242602641, "elapsed_time": 8.155420541763306}
{"event": "training_step", "timestamp": 1769667588.2655091, "step": 79, "max_steps": 819, "loss": 6.693575859069824, "elapsed_time": 8.644816875457764, "prnt": false}
{"event": "training_step", "timestamp": 1769667588.359312, "step": 80, "max_steps": 819, "loss": 6.748690128326416, "elapsed_time": 8.738379716873169, "prnt": false}
{"event": "training_step", "timestamp": 1769667588.4531019, "step": 81, "max_steps": 819, "loss": 6.63656759262085, "elapsed_time": 8.832419872283936, "prnt": false}
{"event": "training_step", "timestamp": 1769667588.5469484, "step": 82, "max_steps": 819, "loss": 6.632551193237305, "elapsed_time": 8.926419019699097, "prnt": false}
{"event": "training_step", "timestamp": 1769667588.640659, "step": 83, "max_steps": 819, "loss": 6.678304672241211, "elapsed_time": 9.020089626312256, "prnt": false}
{"event": "training_step", "timestamp": 1769667588.7349694, "step": 84, "max_steps": 819, "loss": 6.681009769439697, "elapsed_time": 9.116595029830933, "prnt": false}
{"event": "training_step", "timestamp": 1769667588.828813, "step": 85, "max_steps": 819, "loss": 6.598591327667236, "elapsed_time": 9.208152294158936, "prnt": false}
{"event": "training_step", "timestamp": 1769667588.9227185, "step": 86, "max_steps": 819, "loss": 6.6267876625061035, "elapsed_time": 9.301994323730469, "prnt": false}
{"event": "training_step", "timestamp": 1769667589.016514, "step": 87, "max_steps": 819, "loss": 6.569588661193848, "elapsed_time": 9.395748853683472, "prnt": false}
{"event": "training_step", "timestamp": 1769667589.1103225, "step": 88, "max_steps": 819, "loss": 6.576277256011963, "elapsed_time": 9.489710330963135, "prnt": false}
{"event": "training_step", "timestamp": 1769667589.2040908, "step": 89, "max_steps": 819, "loss": 6.588615417480469, "elapsed_time": 9.583309412002563, "prnt": false}
{"event": "training_step", "timestamp": 1769667589.2978823, "step": 90, "max_steps": 819, "loss": 6.613315105438232, "elapsed_time": 9.676892757415771, "prnt": false}
{"event": "training_step", "timestamp": 1769667589.3914707, "step": 91, "max_steps": 819, "loss": 6.6034674644470215, "elapsed_time": 9.770660877227783, "prnt": false}
{"event": "training_step", "timestamp": 1769667589.4852443, "step": 92, "max_steps": 819, "loss": 6.562955856323242, "elapsed_time": 9.863903522491455, "prnt": false}
{"event": "training_step", "timestamp": 1769667589.5788865, "step": 93, "max_steps": 819, "loss": 6.6235857009887695, "elapsed_time": 9.957509279251099, "prnt": false}
{"event": "training_step", "timestamp": 1769667589.6725883, "step": 94, "max_steps": 819, "loss": 6.5587968826293945, "elapsed_time": 10.051536798477173, "prnt": false}
{"event": "training_step", "timestamp": 1769667589.7661693, "step": 95, "max_steps": 819, "loss": 6.557342052459717, "elapsed_time": 10.144793033599854, "prnt": false}
{"event": "training_step", "timestamp": 1769667589.8600004, "step": 96, "max_steps": 819, "loss": 6.5178728103637695, "elapsed_time": 10.238525629043579, "prnt": false}
{"event": "training_step", "timestamp": 1769667589.9535708, "step": 97, "max_steps": 819, "loss": 6.568150043487549, "elapsed_time": 10.332221984863281, "prnt": false}
{"event": "training_step", "timestamp": 1769667590.0472362, "step": 98, "max_steps": 819, "loss": 6.582109451293945, "elapsed_time": 10.425867795944214, "prnt": false}
{"event": "training_step", "timestamp": 1769667590.140943, "step": 99, "max_steps": 819, "loss": 6.467035293579102, "elapsed_time": 10.519457578659058, "prnt": false}
{"event": "training_step", "timestamp": 1769667590.2347105, "step": 100, "max_steps": 819, "loss": 6.615396499633789, "elapsed_time": 10.613354206085205, "prnt": false}
{"event": "training_step", "timestamp": 1769667590.3283226, "step": 101, "max_steps": 819, "loss": 6.564042568206787, "elapsed_time": 10.706905603408813, "prnt": false}
{"event": "training_step", "timestamp": 1769667590.4220037, "step": 102, "max_steps": 819, "loss": 6.534657955169678, "elapsed_time": 10.800647497177124, "prnt": false}
{"event": "training_step", "timestamp": 1769667590.5156057, "step": 103, "max_steps": 819, "loss": 6.600179195404053, "elapsed_time": 10.894152164459229, "prnt": false}
{"event": "training_step", "timestamp": 1769667590.6092596, "step": 104, "max_steps": 819, "loss": 6.490278720855713, "elapsed_time": 10.98802375793457, "prnt": false}
{"event": "training_step", "timestamp": 1769667590.703029, "step": 105, "max_steps": 819, "loss": 6.540570259094238, "elapsed_time": 11.082115411758423, "prnt": false}
{"event": "training_step", "timestamp": 1769667590.7967634, "step": 106, "max_steps": 819, "loss": 6.455817699432373, "elapsed_time": 11.175519227981567, "prnt": false}
{"event": "training_step", "timestamp": 1769667590.8904521, "step": 107, "max_steps": 819, "loss": 6.472373962402344, "elapsed_time": 11.269145727157593, "prnt": false}
{"event": "training_step", "timestamp": 1769667590.9840791, "step": 108, "max_steps": 819, "loss": 6.519857883453369, "elapsed_time": 11.362939357757568, "prnt": false}
{"event": "training_step", "timestamp": 1769667591.0778067, "step": 109, "max_steps": 819, "loss": 6.583683490753174, "elapsed_time": 11.456301212310791, "prnt": false}
{"event": "training_step", "timestamp": 1769667591.1715927, "step": 110, "max_steps": 819, "loss": 6.46755838394165, "elapsed_time": 11.550277709960938, "prnt": false}
{"event": "training_step", "timestamp": 1769667591.2652981, "step": 111, "max_steps": 819, "loss": 6.548793315887451, "elapsed_time": 11.643798828125, "prnt": false}
{"event": "training_step", "timestamp": 1769667591.3590477, "step": 112, "max_steps": 819, "loss": 6.490362644195557, "elapsed_time": 11.737668752670288, "prnt": false}
{"event": "training_step", "timestamp": 1769667591.45268, "step": 113, "max_steps": 819, "loss": 6.422069072723389, "elapsed_time": 11.83126711845398, "prnt": false}
{"event": "training_step", "timestamp": 1769667591.546345, "step": 114, "max_steps": 819, "loss": 6.463245868682861, "elapsed_time": 11.925004720687866, "prnt": false}
{"event": "training_step", "timestamp": 1769667591.6402183, "step": 115, "max_steps": 819, "loss": 6.469053745269775, "elapsed_time": 12.018916130065918, "prnt": false}
{"event": "training_step", "timestamp": 1769667591.7339277, "step": 116, "max_steps": 819, "loss": 6.459571361541748, "elapsed_time": 12.112799167633057, "prnt": false}
{"event": "training_step", "timestamp": 1769667591.8276165, "step": 117, "max_steps": 819, "loss": 6.549435615539551, "elapsed_time": 12.206157207489014, "prnt": false}
{"event": "validation_step", "timestamp": 1769667592.2234402, "step": 117, "max_steps": 819, "loss": 1.210549047230232, "elapsed_time": 12.206157207489014}
{"event": "training_step", "timestamp": 1769667592.3174853, "step": 118, "max_steps": 819, "loss": 6.473629951477051, "elapsed_time": 12.696270942687988, "prnt": false}
{"event": "training_step", "timestamp": 1769667592.411157, "step": 119, "max_steps": 819, "loss": 6.500938415527344, "elapsed_time": 12.789737224578857, "prnt": false}
{"event": "training_step", "timestamp": 1769667592.504853, "step": 120, "max_steps": 819, "loss": 6.476916790008545, "elapsed_time": 12.883641481399536, "prnt": false}
{"event": "training_step", "timestamp": 1769667592.5985692, "step": 121, "max_steps": 819, "loss": 6.408880710601807, "elapsed_time": 12.977165222167969, "prnt": false}
{"event": "training_step", "timestamp": 1769667592.6924157, "step": 122, "max_steps": 819, "loss": 6.412327766418457, "elapsed_time": 13.071483850479126, "prnt": false}
{"event": "training_step", "timestamp": 1769667592.786019, "step": 123, "max_steps": 819, "loss": 6.40940523147583, "elapsed_time": 13.164845705032349, "prnt": false}
{"event": "training_step", "timestamp": 1769667592.8798258, "step": 124, "max_steps": 819, "loss": 6.483234882354736, "elapsed_time": 13.258341073989868, "prnt": false}
{"event": "training_step", "timestamp": 1769667592.9734464, "step": 125, "max_steps": 819, "loss": 6.506019592285156, "elapsed_time": 13.352370023727417, "prnt": false}
{"event": "training_step", "timestamp": 1769667593.067186, "step": 126, "max_steps": 819, "loss": 6.456849098205566, "elapsed_time": 13.445825576782227, "prnt": false}
{"event": "training_step", "timestamp": 1769667593.16092, "step": 127, "max_steps": 819, "loss": 6.437470436096191, "elapsed_time": 13.539478778839111, "prnt": false}
{"event": "training_step", "timestamp": 1769667593.25465, "step": 128, "max_steps": 819, "loss": 6.408596992492676, "elapsed_time": 13.63326644897461, "prnt": false}
{"event": "training_step", "timestamp": 1769667593.3483152, "step": 129, "max_steps": 819, "loss": 6.385989189147949, "elapsed_time": 13.726906538009644, "prnt": false}
{"event": "training_step", "timestamp": 1769667593.4421003, "step": 130, "max_steps": 819, "loss": 6.4030632972717285, "elapsed_time": 13.820706129074097, "prnt": false}
{"event": "training_step", "timestamp": 1769667593.535772, "step": 131, "max_steps": 819, "loss": 6.313110828399658, "elapsed_time": 13.914405822753906, "prnt": false}
{"event": "training_step", "timestamp": 1769667593.6295526, "step": 132, "max_steps": 819, "loss": 6.412740707397461, "elapsed_time": 14.00813889503479, "prnt": false}
{"event": "training_step", "timestamp": 1769667593.723162, "step": 133, "max_steps": 819, "loss": 6.357706546783447, "elapsed_time": 14.101882696151733, "prnt": false}
{"event": "training_step", "timestamp": 1769667593.816913, "step": 134, "max_steps": 819, "loss": 6.351367473602295, "elapsed_time": 14.195685386657715, "prnt": false}
{"event": "training_step", "timestamp": 1769667593.910607, "step": 135, "max_steps": 819, "loss": 6.374645709991455, "elapsed_time": 14.289271831512451, "prnt": false}
{"event": "training_step", "timestamp": 1769667594.0042422, "step": 136, "max_steps": 819, "loss": 6.335443019866943, "elapsed_time": 14.382946729660034, "prnt": false}
{"event": "training_step", "timestamp": 1769667594.0979517, "step": 137, "max_steps": 819, "loss": 6.433773517608643, "elapsed_time": 14.476482152938843, "prnt": false}
{"event": "training_step", "timestamp": 1769667594.191699, "step": 138, "max_steps": 819, "loss": 6.351231575012207, "elapsed_time": 14.5703604221344, "prnt": false}
{"event": "training_step", "timestamp": 1769667594.2853212, "step": 139, "max_steps": 819, "loss": 6.410456657409668, "elapsed_time": 14.663940906524658, "prnt": false}
{"event": "training_step", "timestamp": 1769667594.3791387, "step": 140, "max_steps": 819, "loss": 6.432554721832275, "elapsed_time": 14.757810592651367, "prnt": false}
{"event": "training_step", "timestamp": 1769667594.472846, "step": 141, "max_steps": 819, "loss": 6.4024577140808105, "elapsed_time": 14.851414918899536, "prnt": false}
{"event": "training_step", "timestamp": 1769667594.5664914, "step": 142, "max_steps": 819, "loss": 6.404562950134277, "elapsed_time": 14.945160865783691, "prnt": false}
{"event": "training_step", "timestamp": 1769667594.6603026, "step": 143, "max_steps": 819, "loss": 6.328484535217285, "elapsed_time": 15.0390145778656, "prnt": false}
{"event": "training_step", "timestamp": 1769667594.754213, "step": 144, "max_steps": 819, "loss": 6.41529655456543, "elapsed_time": 15.133170127868652, "prnt": false}
{"event": "training_step", "timestamp": 1769667594.847857, "step": 145, "max_steps": 819, "loss": 6.283829689025879, "elapsed_time": 15.226584672927856, "prnt": false}
{"event": "training_step", "timestamp": 1769667594.941618, "step": 146, "max_steps": 819, "loss": 6.328249454498291, "elapsed_time": 15.320222616195679, "prnt": false}
{"event": "training_step", "timestamp": 1769667595.0353086, "step": 147, "max_steps": 819, "loss": 6.315609931945801, "elapsed_time": 15.413917779922485, "prnt": false}
{"event": "training_step", "timestamp": 1769667595.1291015, "step": 148, "max_steps": 819, "loss": 6.452571392059326, "elapsed_time": 15.507631301879883, "prnt": false}
{"event": "training_step", "timestamp": 1769667595.222851, "step": 149, "max_steps": 819, "loss": 6.326423168182373, "elapsed_time": 15.60152292251587, "prnt": false}
{"event": "training_step", "timestamp": 1769667595.3167565, "step": 150, "max_steps": 819, "loss": 6.421695232391357, "elapsed_time": 15.695552110671997, "prnt": false}
{"event": "training_step", "timestamp": 1769667595.4104707, "step": 151, "max_steps": 819, "loss": 6.291183948516846, "elapsed_time": 15.789326667785645, "prnt": false}
{"event": "training_step", "timestamp": 1769667595.5042691, "step": 152, "max_steps": 819, "loss": 6.403599262237549, "elapsed_time": 15.882782220840454, "prnt": false}
{"event": "training_step", "timestamp": 1769667595.5980277, "step": 153, "max_steps": 819, "loss": 6.346182346343994, "elapsed_time": 15.976649761199951, "prnt": false}
{"event": "training_step", "timestamp": 1769667595.691874, "step": 154, "max_steps": 819, "loss": 6.235162734985352, "elapsed_time": 16.070550680160522, "prnt": false}
{"event": "training_step", "timestamp": 1769667595.7855406, "step": 155, "max_steps": 819, "loss": 6.326440334320068, "elapsed_time": 16.16422200202942, "prnt": false}
{"event": "training_step", "timestamp": 1769667595.879446, "step": 156, "max_steps": 819, "loss": 6.249056816101074, "elapsed_time": 16.25796890258789, "prnt": false}
{"event": "validation_step", "timestamp": 1769667596.2756197, "step": 156, "max_steps": 819, "loss": 1.1907896764370058, "elapsed_time": 16.25796890258789}
{"event": "training_step", "timestamp": 1769667596.3696187, "step": 157, "max_steps": 819, "loss": 6.344194412231445, "elapsed_time": 16.748927116394043, "prnt": false}
{"event": "training_step", "timestamp": 1769667596.4634583, "step": 158, "max_steps": 819, "loss": 6.307684898376465, "elapsed_time": 16.842057466506958, "prnt": false}
{"event": "training_step", "timestamp": 1769667596.5572267, "step": 159, "max_steps": 819, "loss": 6.297394752502441, "elapsed_time": 16.93609881401062, "prnt": false}
{"event": "training_step", "timestamp": 1769667596.6511412, "step": 160, "max_steps": 819, "loss": 6.336819171905518, "elapsed_time": 17.03013777732849, "prnt": false}
{"event": "training_step", "timestamp": 1769667596.745012, "step": 161, "max_steps": 819, "loss": 6.272979736328125, "elapsed_time": 17.12430500984192, "prnt": false}
{"event": "training_step", "timestamp": 1769667596.8388958, "step": 162, "max_steps": 819, "loss": 6.394968509674072, "elapsed_time": 17.217695236206055, "prnt": false}
{"event": "training_step", "timestamp": 1769667596.9325428, "step": 163, "max_steps": 819, "loss": 6.212672233581543, "elapsed_time": 17.311168909072876, "prnt": false}
{"event": "training_step", "timestamp": 1769667597.0263462, "step": 164, "max_steps": 819, "loss": 6.333157539367676, "elapsed_time": 17.40494990348816, "prnt": false}
{"event": "training_step", "timestamp": 1769667597.120117, "step": 165, "max_steps": 819, "loss": 6.195150852203369, "elapsed_time": 17.49892520904541, "prnt": false}
{"event": "training_step", "timestamp": 1769667597.2138617, "step": 166, "max_steps": 819, "loss": 6.2914509773254395, "elapsed_time": 17.592616081237793, "prnt": false}
{"event": "training_step", "timestamp": 1769667597.3075972, "step": 167, "max_steps": 819, "loss": 6.2459635734558105, "elapsed_time": 17.68628239631653, "prnt": false}
{"event": "training_step", "timestamp": 1769667597.4014304, "step": 168, "max_steps": 819, "loss": 6.273000240325928, "elapsed_time": 17.780105590820312, "prnt": false}
{"event": "training_step", "timestamp": 1769667597.4951794, "step": 169, "max_steps": 819, "loss": 6.251681804656982, "elapsed_time": 17.87369394302368, "prnt": false}
{"event": "training_step", "timestamp": 1769667597.5890467, "step": 170, "max_steps": 819, "loss": 6.213219165802002, "elapsed_time": 17.968059062957764, "prnt": false}
{"event": "training_step", "timestamp": 1769667597.682784, "step": 171, "max_steps": 819, "loss": 6.2546706199646, "elapsed_time": 18.06162166595459, "prnt": false}
{"event": "training_step", "timestamp": 1769667597.776658, "step": 172, "max_steps": 819, "loss": 6.2479448318481445, "elapsed_time": 18.155492305755615, "prnt": false}
{"event": "training_step", "timestamp": 1769667597.8705473, "step": 173, "max_steps": 819, "loss": 6.197694778442383, "elapsed_time": 18.249096393585205, "prnt": false}
{"event": "training_step", "timestamp": 1769667597.9646685, "step": 174, "max_steps": 819, "loss": 6.286347389221191, "elapsed_time": 18.34289050102234, "prnt": false}
{"event": "training_step", "timestamp": 1769667598.0585284, "step": 175, "max_steps": 819, "loss": 6.227736949920654, "elapsed_time": 18.437114238739014, "prnt": false}
{"event": "training_step", "timestamp": 1769667598.1523786, "step": 176, "max_steps": 819, "loss": 6.141665458679199, "elapsed_time": 18.530938386917114, "prnt": false}
{"event": "training_step", "timestamp": 1769667598.2461295, "step": 177, "max_steps": 819, "loss": 6.22719144821167, "elapsed_time": 18.624632835388184, "prnt": false}
{"event": "training_step", "timestamp": 1769667598.3400106, "step": 178, "max_steps": 819, "loss": 6.298003673553467, "elapsed_time": 18.71861457824707, "prnt": false}
{"event": "training_step", "timestamp": 1769667598.4337926, "step": 179, "max_steps": 819, "loss": 6.318004608154297, "elapsed_time": 18.812302827835083, "prnt": false}
{"event": "training_step", "timestamp": 1769667598.527661, "step": 180, "max_steps": 819, "loss": 6.230317115783691, "elapsed_time": 18.906656503677368, "prnt": false}
{"event": "training_step", "timestamp": 1769667598.6214604, "step": 181, "max_steps": 819, "loss": 6.250056743621826, "elapsed_time": 19.00025773048401, "prnt": false}
{"event": "training_step", "timestamp": 1769667598.7154653, "step": 182, "max_steps": 819, "loss": 6.240283489227295, "elapsed_time": 19.09454655647278, "prnt": false}
{"event": "training_step", "timestamp": 1769667598.8092394, "step": 183, "max_steps": 819, "loss": 6.212573528289795, "elapsed_time": 19.188132762908936, "prnt": false}
{"event": "training_step", "timestamp": 1769667598.903087, "step": 184, "max_steps": 819, "loss": 6.15172815322876, "elapsed_time": 19.281606197357178, "prnt": false}
{"event": "training_step", "timestamp": 1769667598.996892, "step": 185, "max_steps": 819, "loss": 6.164239406585693, "elapsed_time": 19.375247716903687, "prnt": false}
{"event": "training_step", "timestamp": 1769667599.090736, "step": 186, "max_steps": 819, "loss": 6.189929962158203, "elapsed_time": 19.46917700767517, "prnt": false}
{"event": "training_step", "timestamp": 1769667599.1845534, "step": 187, "max_steps": 819, "loss": 6.135420322418213, "elapsed_time": 19.563157320022583, "prnt": false}
{"event": "training_step", "timestamp": 1769667599.278645, "step": 188, "max_steps": 819, "loss": 6.240737438201904, "elapsed_time": 19.657689094543457, "prnt": false}
{"event": "training_step", "timestamp": 1769667599.3724184, "step": 189, "max_steps": 819, "loss": 6.210292816162109, "elapsed_time": 19.751147985458374, "prnt": false}
{"event": "training_step", "timestamp": 1769667599.4662256, "step": 190, "max_steps": 819, "loss": 6.155184268951416, "elapsed_time": 19.844899892807007, "prnt": false}
{"event": "training_step", "timestamp": 1769667599.5601227, "step": 191, "max_steps": 819, "loss": 6.1648030281066895, "elapsed_time": 19.93844962120056, "prnt": false}
{"event": "training_step", "timestamp": 1769667599.6539524, "step": 192, "max_steps": 819, "loss": 6.187808990478516, "elapsed_time": 20.03261423110962, "prnt": false}
{"event": "training_step", "timestamp": 1769667599.7477512, "step": 193, "max_steps": 819, "loss": 6.255565643310547, "elapsed_time": 20.126195192337036, "prnt": false}
{"event": "training_step", "timestamp": 1769667599.8415256, "step": 194, "max_steps": 819, "loss": 6.223618030548096, "elapsed_time": 20.220077753067017, "prnt": false}
{"event": "training_step", "timestamp": 1769667599.9352996, "step": 195, "max_steps": 819, "loss": 6.217632293701172, "elapsed_time": 20.313682079315186, "prnt": false}
{"event": "validation_step", "timestamp": 1769667600.3315675, "step": 195, "max_steps": 819, "loss": 1.1754910895496713, "elapsed_time": 20.313682079315186}
{"event": "training_step", "timestamp": 1769667600.4256146, "step": 196, "max_steps": 819, "loss": 6.250491142272949, "elapsed_time": 20.804157257080078, "prnt": false}
{"event": "training_step", "timestamp": 1769667600.5195956, "step": 197, "max_steps": 819, "loss": 6.204839706420898, "elapsed_time": 20.898263692855835, "prnt": false}
{"event": "training_step", "timestamp": 1769667600.6136873, "step": 198, "max_steps": 819, "loss": 6.216925621032715, "elapsed_time": 20.99255347251892, "prnt": false}
{"event": "training_step", "timestamp": 1769667600.707621, "step": 199, "max_steps": 819, "loss": 6.11778450012207, "elapsed_time": 21.086305141448975, "prnt": false}
{"event": "training_step", "timestamp": 1769667600.8015985, "step": 200, "max_steps": 819, "loss": 6.151037693023682, "elapsed_time": 21.180429458618164, "prnt": false}
{"event": "training_step", "timestamp": 1769667600.8954976, "step": 201, "max_steps": 819, "loss": 6.234019756317139, "elapsed_time": 21.274086236953735, "prnt": false}
{"event": "training_step", "timestamp": 1769667600.9893746, "step": 202, "max_steps": 819, "loss": 6.207287311553955, "elapsed_time": 21.3678879737854, "prnt": false}
{"event": "training_step", "timestamp": 1769667601.0831573, "step": 203, "max_steps": 819, "loss": 6.135813236236572, "elapsed_time": 21.46157693862915, "prnt": false}
{"event": "training_step", "timestamp": 1769667601.177122, "step": 204, "max_steps": 819, "loss": 6.18263578414917, "elapsed_time": 21.555733919143677, "prnt": false}
{"event": "training_step", "timestamp": 1769667601.2710052, "step": 205, "max_steps": 819, "loss": 6.209236145019531, "elapsed_time": 21.64959406852722, "prnt": false}
{"event": "training_step", "timestamp": 1769667601.3648517, "step": 206, "max_steps": 819, "loss": 6.144859313964844, "elapsed_time": 21.74333143234253, "prnt": false}
{"event": "training_step", "timestamp": 1769667601.4587128, "step": 207, "max_steps": 819, "loss": 6.070748329162598, "elapsed_time": 21.83709454536438, "prnt": false}
{"event": "training_step", "timestamp": 1769667601.5526175, "step": 208, "max_steps": 819, "loss": 6.252184867858887, "elapsed_time": 21.931124687194824, "prnt": false}
{"event": "training_step", "timestamp": 1769667601.6464531, "step": 209, "max_steps": 819, "loss": 6.1185078620910645, "elapsed_time": 22.025036334991455, "prnt": false}
{"event": "training_step", "timestamp": 1769667601.7404087, "step": 210, "max_steps": 819, "loss": 6.1162614822387695, "elapsed_time": 22.118940591812134, "prnt": false}
{"event": "training_step", "timestamp": 1769667601.834253, "step": 211, "max_steps": 819, "loss": 6.1141533851623535, "elapsed_time": 22.212674140930176, "prnt": false}
{"event": "training_step", "timestamp": 1769667601.9282055, "step": 212, "max_steps": 819, "loss": 6.1763129234313965, "elapsed_time": 22.306634426116943, "prnt": false}
{"event": "training_step", "timestamp": 1769667602.0220556, "step": 213, "max_steps": 819, "loss": 6.110140800476074, "elapsed_time": 22.40047526359558, "prnt": false}
{"event": "training_step", "timestamp": 1769667602.1160915, "step": 214, "max_steps": 819, "loss": 6.111262798309326, "elapsed_time": 22.49446678161621, "prnt": false}
{"event": "training_step", "timestamp": 1769667602.2100165, "step": 215, "max_steps": 819, "loss": 6.119012832641602, "elapsed_time": 22.588526725769043, "prnt": false}
{"event": "training_step", "timestamp": 1769667602.3040085, "step": 216, "max_steps": 819, "loss": 6.065784454345703, "elapsed_time": 22.682367086410522, "prnt": false}
{"event": "training_step", "timestamp": 1769667602.3980353, "step": 217, "max_steps": 819, "loss": 6.113214015960693, "elapsed_time": 22.776199102401733, "prnt": false}
{"event": "training_step", "timestamp": 1769667602.4921107, "step": 218, "max_steps": 819, "loss": 6.1216888427734375, "elapsed_time": 22.870368003845215, "prnt": false}
{"event": "training_step", "timestamp": 1769667602.585934, "step": 219, "max_steps": 819, "loss": 6.179441928863525, "elapsed_time": 22.964364767074585, "prnt": false}
{"event": "training_step", "timestamp": 1769667602.6799662, "step": 220, "max_steps": 819, "loss": 6.092889308929443, "elapsed_time": 23.05870032310486, "prnt": false}
{"event": "training_step", "timestamp": 1769667602.7739182, "step": 221, "max_steps": 819, "loss": 6.151498317718506, "elapsed_time": 23.152693510055542, "prnt": false}
{"event": "training_step", "timestamp": 1769667602.8679762, "step": 222, "max_steps": 819, "loss": 6.166513919830322, "elapsed_time": 23.246376991271973, "prnt": false}
{"event": "training_step", "timestamp": 1769667602.961897, "step": 223, "max_steps": 819, "loss": 6.143253326416016, "elapsed_time": 23.340375900268555, "prnt": false}
{"event": "training_step", "timestamp": 1769667603.0559204, "step": 224, "max_steps": 819, "loss": 6.042328357696533, "elapsed_time": 23.434420108795166, "prnt": false}
{"event": "training_step", "timestamp": 1769667603.1500592, "step": 225, "max_steps": 819, "loss": 6.10917329788208, "elapsed_time": 23.52903985977173, "prnt": false}
{"event": "training_step", "timestamp": 1769667603.2441099, "step": 226, "max_steps": 819, "loss": 6.146709442138672, "elapsed_time": 23.62246060371399, "prnt": false}
{"event": "training_step", "timestamp": 1769667603.338058, "step": 227, "max_steps": 819, "loss": 6.032293319702148, "elapsed_time": 23.71642565727234, "prnt": false}
{"event": "training_step", "timestamp": 1769667603.4320107, "step": 228, "max_steps": 819, "loss": 6.149467468261719, "elapsed_time": 23.810386419296265, "prnt": false}
{"event": "training_step", "timestamp": 1769667603.5258048, "step": 229, "max_steps": 819, "loss": 6.103629112243652, "elapsed_time": 23.904308319091797, "prnt": false}
{"event": "training_step", "timestamp": 1769667603.6197703, "step": 230, "max_steps": 819, "loss": 5.979562282562256, "elapsed_time": 23.998162508010864, "prnt": false}
{"event": "training_step", "timestamp": 1769667603.7137377, "step": 231, "max_steps": 819, "loss": 6.100801467895508, "elapsed_time": 24.09223771095276, "prnt": false}
{"event": "training_step", "timestamp": 1769667603.8077276, "step": 232, "max_steps": 819, "loss": 6.084028720855713, "elapsed_time": 24.186086177825928, "prnt": false}
{"event": "training_step", "timestamp": 1769667603.90166, "step": 233, "max_steps": 819, "loss": 6.074954032897949, "elapsed_time": 24.279921531677246, "prnt": false}
{"event": "training_step", "timestamp": 1769667603.9956985, "step": 234, "max_steps": 819, "loss": 6.103742599487305, "elapsed_time": 24.374000549316406, "prnt": false}
{"event": "validation_step", "timestamp": 1769667604.3925917, "step": 234, "max_steps": 819, "loss": 1.1631700253671962, "elapsed_time": 24.374000549316406}
{"event": "training_step", "timestamp": 1769667604.4867423, "step": 235, "max_steps": 819, "loss": 6.093945026397705, "elapsed_time": 24.86517357826233, "prnt": false}
{"event": "training_step", "timestamp": 1769667604.5805752, "step": 236, "max_steps": 819, "loss": 6.04446268081665, "elapsed_time": 24.95896339416504, "prnt": false}
{"event": "training_step", "timestamp": 1769667604.6745954, "step": 237, "max_steps": 819, "loss": 6.047683238983154, "elapsed_time": 25.05306577682495, "prnt": false}
{"event": "training_step", "timestamp": 1769667604.7685163, "step": 238, "max_steps": 819, "loss": 6.084860324859619, "elapsed_time": 25.14757513999939, "prnt": false}
{"event": "training_step", "timestamp": 1769667604.8624873, "step": 239, "max_steps": 819, "loss": 6.047722339630127, "elapsed_time": 25.2409029006958, "prnt": false}
{"event": "training_step", "timestamp": 1769667604.9564219, "step": 240, "max_steps": 819, "loss": 6.056540012359619, "elapsed_time": 25.334769010543823, "prnt": false}
{"event": "training_step", "timestamp": 1769667605.0503442, "step": 241, "max_steps": 819, "loss": 6.07117223739624, "elapsed_time": 25.428749561309814, "prnt": false}
{"event": "training_step", "timestamp": 1769667605.1444151, "step": 242, "max_steps": 819, "loss": 6.034582138061523, "elapsed_time": 25.522748947143555, "prnt": false}
{"event": "training_step", "timestamp": 1769667605.2384388, "step": 243, "max_steps": 819, "loss": 6.066063404083252, "elapsed_time": 25.616788864135742, "prnt": false}
{"event": "training_step", "timestamp": 1769667605.3323994, "step": 244, "max_steps": 819, "loss": 6.167423248291016, "elapsed_time": 25.710978746414185, "prnt": false}
{"event": "training_step", "timestamp": 1769667605.4264758, "step": 245, "max_steps": 819, "loss": 6.056458950042725, "elapsed_time": 25.804744243621826, "prnt": false}
{"event": "training_step", "timestamp": 1769667605.5203488, "step": 246, "max_steps": 819, "loss": 6.13045072555542, "elapsed_time": 25.898695468902588, "prnt": false}
{"event": "training_step", "timestamp": 1769667605.6142933, "step": 247, "max_steps": 819, "loss": 6.115478515625, "elapsed_time": 25.992700815200806, "prnt": false}
{"event": "training_step", "timestamp": 1769667605.7082589, "step": 248, "max_steps": 819, "loss": 6.0711669921875, "elapsed_time": 26.0867280960083, "prnt": false}
{"event": "training_step", "timestamp": 1769667605.8023088, "step": 249, "max_steps": 819, "loss": 6.12034797668457, "elapsed_time": 26.180647611618042, "prnt": false}
{"event": "training_step", "timestamp": 1769667605.8963068, "step": 250, "max_steps": 819, "loss": 5.985793590545654, "elapsed_time": 26.274556875228882, "prnt": false}
{"event": "training_step", "timestamp": 1769667605.9903312, "step": 251, "max_steps": 819, "loss": 6.036149024963379, "elapsed_time": 26.36868667602539, "prnt": false}
{"event": "training_step", "timestamp": 1769667606.0842142, "step": 252, "max_steps": 819, "loss": 6.066049575805664, "elapsed_time": 26.462566137313843, "prnt": false}
{"event": "training_step", "timestamp": 1769667606.1783984, "step": 253, "max_steps": 819, "loss": 6.06062650680542, "elapsed_time": 26.556785821914673, "prnt": false}
{"event": "training_step", "timestamp": 1769667606.2723696, "step": 254, "max_steps": 819, "loss": 6.05900239944458, "elapsed_time": 26.650726795196533, "prnt": false}
{"event": "training_step", "timestamp": 1769667606.366365, "step": 255, "max_steps": 819, "loss": 6.055417537689209, "elapsed_time": 26.74478816986084, "prnt": false}
{"event": "training_step", "timestamp": 1769667606.4603543, "step": 256, "max_steps": 819, "loss": 6.04981803894043, "elapsed_time": 26.8386287689209, "prnt": false}
{"event": "training_step", "timestamp": 1769667606.5544496, "step": 257, "max_steps": 819, "loss": 6.051604270935059, "elapsed_time": 26.932701349258423, "prnt": false}
{"event": "training_step", "timestamp": 1769667606.648488, "step": 258, "max_steps": 819, "loss": 6.066272258758545, "elapsed_time": 27.026885747909546, "prnt": false}
{"event": "training_step", "timestamp": 1769667606.7425046, "step": 259, "max_steps": 819, "loss": 6.018881797790527, "elapsed_time": 27.12082266807556, "prnt": false}
{"event": "training_step", "timestamp": 1769667606.8366675, "step": 260, "max_steps": 819, "loss": 5.993995666503906, "elapsed_time": 27.215140104293823, "prnt": false}
{"event": "training_step", "timestamp": 1769667606.930765, "step": 261, "max_steps": 819, "loss": 6.001040935516357, "elapsed_time": 27.309322834014893, "prnt": false}
{"event": "training_step", "timestamp": 1769667607.0246913, "step": 262, "max_steps": 819, "loss": 6.0262579917907715, "elapsed_time": 27.40301012992859, "prnt": false}
{"event": "training_step", "timestamp": 1769667607.118754, "step": 263, "max_steps": 819, "loss": 6.084411144256592, "elapsed_time": 27.497016668319702, "prnt": false}
{"event": "training_step", "timestamp": 1769667607.212772, "step": 264, "max_steps": 819, "loss": 6.133268356323242, "elapsed_time": 27.591082096099854, "prnt": false}
{"event": "training_step", "timestamp": 1769667607.3068855, "step": 265, "max_steps": 819, "loss": 5.98921537399292, "elapsed_time": 27.685109615325928, "prnt": false}
{"event": "training_step", "timestamp": 1769667607.4008985, "step": 266, "max_steps": 819, "loss": 5.986912727355957, "elapsed_time": 27.779164791107178, "prnt": false}
{"event": "training_step", "timestamp": 1769667607.494976, "step": 267, "max_steps": 819, "loss": 5.999707221984863, "elapsed_time": 27.873156785964966, "prnt": false}
{"event": "training_step", "timestamp": 1769667607.5889401, "step": 268, "max_steps": 819, "loss": 6.082075595855713, "elapsed_time": 27.967220783233643, "prnt": false}
{"event": "training_step", "timestamp": 1769667607.683004, "step": 269, "max_steps": 819, "loss": 5.974817752838135, "elapsed_time": 28.061508893966675, "prnt": false}
{"event": "training_step", "timestamp": 1769667607.7770877, "step": 270, "max_steps": 819, "loss": 6.089550018310547, "elapsed_time": 28.155463218688965, "prnt": false}
{"event": "training_step", "timestamp": 1769667607.8712177, "step": 271, "max_steps": 819, "loss": 6.001280307769775, "elapsed_time": 28.24951720237732, "prnt": false}
{"event": "training_step", "timestamp": 1769667607.9652798, "step": 272, "max_steps": 819, "loss": 5.921580791473389, "elapsed_time": 28.34347701072693, "prnt": false}
{"event": "training_step", "timestamp": 1769667608.0592515, "step": 273, "max_steps": 819, "loss": 5.91649866104126, "elapsed_time": 28.43758773803711, "prnt": false}
{"event": "validation_step", "timestamp": 1769667608.4564445, "step": 273, "max_steps": 819, "loss": 1.1531664217793223, "elapsed_time": 28.43758773803711}
{"event": "training_step", "timestamp": 1769667608.5506344, "step": 274, "max_steps": 819, "loss": 5.984146595001221, "elapsed_time": 28.929007053375244, "prnt": false}
{"event": "training_step", "timestamp": 1769667608.6448076, "step": 275, "max_steps": 819, "loss": 5.9779229164123535, "elapsed_time": 29.023151636123657, "prnt": false}
{"event": "training_step", "timestamp": 1769667608.7388155, "step": 276, "max_steps": 819, "loss": 6.065887928009033, "elapsed_time": 29.11707353591919, "prnt": false}
{"event": "training_step", "timestamp": 1769667608.8332548, "step": 277, "max_steps": 819, "loss": 5.993663311004639, "elapsed_time": 29.211779832839966, "prnt": false}
{"event": "training_step", "timestamp": 1769667608.927275, "step": 278, "max_steps": 819, "loss": 6.039953708648682, "elapsed_time": 29.305524349212646, "prnt": false}
{"event": "training_step", "timestamp": 1769667609.0213263, "step": 279, "max_steps": 819, "loss": 6.026449203491211, "elapsed_time": 29.399640321731567, "prnt": false}
{"event": "training_step", "timestamp": 1769667609.1154695, "step": 280, "max_steps": 819, "loss": 5.9994893074035645, "elapsed_time": 29.49360752105713, "prnt": false}
{"event": "training_step", "timestamp": 1769667609.209521, "step": 281, "max_steps": 819, "loss": 6.011967182159424, "elapsed_time": 29.587809324264526, "prnt": false}
{"event": "training_step", "timestamp": 1769667609.303624, "step": 282, "max_steps": 819, "loss": 5.958374977111816, "elapsed_time": 29.68175172805786, "prnt": false}
{"event": "training_step", "timestamp": 1769667609.3977485, "step": 283, "max_steps": 819, "loss": 5.937353610992432, "elapsed_time": 29.77585458755493, "prnt": false}
{"event": "training_step", "timestamp": 1769667609.4918666, "step": 284, "max_steps": 819, "loss": 5.934075355529785, "elapsed_time": 29.870010137557983, "prnt": false}
{"event": "training_step", "timestamp": 1769667609.586042, "step": 285, "max_steps": 819, "loss": 5.9674811363220215, "elapsed_time": 29.96423888206482, "prnt": false}
{"event": "training_step", "timestamp": 1769667609.680156, "step": 286, "max_steps": 819, "loss": 5.929967880249023, "elapsed_time": 30.05843186378479, "prnt": false}
{"event": "training_step", "timestamp": 1769667609.7743015, "step": 287, "max_steps": 819, "loss": 5.991252899169922, "elapsed_time": 30.152494192123413, "prnt": false}
{"event": "training_step", "timestamp": 1769667609.86832, "step": 288, "max_steps": 819, "loss": 6.0150065422058105, "elapsed_time": 30.246598482131958, "prnt": false}
{"event": "training_step", "timestamp": 1769667609.9625173, "step": 289, "max_steps": 819, "loss": 5.950200080871582, "elapsed_time": 30.34100580215454, "prnt": false}
{"event": "training_step", "timestamp": 1769667610.0566998, "step": 290, "max_steps": 819, "loss": 5.882210731506348, "elapsed_time": 30.434905767440796, "prnt": false}
{"event": "training_step", "timestamp": 1769667610.1509223, "step": 291, "max_steps": 819, "loss": 5.882742881774902, "elapsed_time": 30.529122591018677, "prnt": false}
{"event": "training_step", "timestamp": 1769667610.2449887, "step": 292, "max_steps": 819, "loss": 5.862957000732422, "elapsed_time": 30.623377561569214, "prnt": false}
{"event": "training_step", "timestamp": 1769667610.3391433, "step": 293, "max_steps": 819, "loss": 6.004974365234375, "elapsed_time": 30.717304706573486, "prnt": false}
{"event": "training_step", "timestamp": 1769667610.4332259, "step": 294, "max_steps": 819, "loss": 5.913536071777344, "elapsed_time": 30.811439514160156, "prnt": false}
{"event": "training_step", "timestamp": 1769667610.5273793, "step": 295, "max_steps": 819, "loss": 5.956355571746826, "elapsed_time": 30.9055495262146, "prnt": false}
{"event": "training_step", "timestamp": 1769667610.6214564, "step": 296, "max_steps": 819, "loss": 5.9794440269470215, "elapsed_time": 30.999651432037354, "prnt": false}
{"event": "training_step", "timestamp": 1769667610.7157393, "step": 297, "max_steps": 819, "loss": 5.944680690765381, "elapsed_time": 31.09390640258789, "prnt": false}
{"event": "training_step", "timestamp": 1769667610.8098197, "step": 298, "max_steps": 819, "loss": 5.966186046600342, "elapsed_time": 31.188108205795288, "prnt": false}
{"event": "training_step", "timestamp": 1769667610.9040506, "step": 299, "max_steps": 819, "loss": 5.948116302490234, "elapsed_time": 31.282541036605835, "prnt": false}
{"event": "training_step", "timestamp": 1769667610.998092, "step": 300, "max_steps": 819, "loss": 5.991082191467285, "elapsed_time": 31.376445531845093, "prnt": false}
{"event": "training_step", "timestamp": 1769667611.092237, "step": 301, "max_steps": 819, "loss": 5.885097503662109, "elapsed_time": 31.470496892929077, "prnt": false}
{"event": "training_step", "timestamp": 1769667611.1863399, "step": 302, "max_steps": 819, "loss": 5.931649208068848, "elapsed_time": 31.564520835876465, "prnt": false}
{"event": "training_step", "timestamp": 1769667611.2805808, "step": 303, "max_steps": 819, "loss": 5.913079738616943, "elapsed_time": 31.658814430236816, "prnt": false}
{"event": "training_step", "timestamp": 1769667611.3747067, "step": 304, "max_steps": 819, "loss": 5.86686372756958, "elapsed_time": 31.752985954284668, "prnt": false}
{"event": "training_step", "timestamp": 1769667611.4687836, "step": 305, "max_steps": 819, "loss": 5.897253513336182, "elapsed_time": 31.846989393234253, "prnt": false}
{"event": "training_step", "timestamp": 1769667611.562879, "step": 306, "max_steps": 819, "loss": 5.867735862731934, "elapsed_time": 31.941404342651367, "prnt": false}
{"event": "training_step", "timestamp": 1769667611.6571405, "step": 307, "max_steps": 819, "loss": 5.893256187438965, "elapsed_time": 32.035510301589966, "prnt": false}
{"event": "training_step", "timestamp": 1769667611.7512615, "step": 308, "max_steps": 819, "loss": 5.964305877685547, "elapsed_time": 32.129395723342896, "prnt": false}
{"event": "training_step", "timestamp": 1769667611.8454597, "step": 309, "max_steps": 819, "loss": 5.9470295906066895, "elapsed_time": 32.223649740219116, "prnt": false}
{"event": "training_step", "timestamp": 1769667611.9395921, "step": 310, "max_steps": 819, "loss": 5.918234348297119, "elapsed_time": 32.31763768196106, "prnt": false}
{"event": "training_step", "timestamp": 1769667612.033819, "step": 311, "max_steps": 819, "loss": 5.890829563140869, "elapsed_time": 32.411957025527954, "prnt": false}
{"event": "training_step", "timestamp": 1769667612.127845, "step": 312, "max_steps": 819, "loss": 5.916354179382324, "elapsed_time": 32.50607657432556, "prnt": false}
{"event": "validation_step", "timestamp": 1769667612.525812, "step": 312, "max_steps": 819, "loss": 1.1442748081875298, "elapsed_time": 32.50607657432556}
{"event": "training_step", "timestamp": 1769667612.6201339, "step": 313, "max_steps": 819, "loss": 5.819270133972168, "elapsed_time": 32.998615741729736, "prnt": false}
{"event": "training_step", "timestamp": 1769667612.714419, "step": 314, "max_steps": 819, "loss": 5.941163539886475, "elapsed_time": 33.09248208999634, "prnt": false}
{"event": "training_step", "timestamp": 1769667612.8086975, "step": 315, "max_steps": 819, "loss": 5.973168849945068, "elapsed_time": 33.18679976463318, "prnt": false}
{"event": "training_step", "timestamp": 1769667612.9029374, "step": 316, "max_steps": 819, "loss": 5.890598773956299, "elapsed_time": 33.28155779838562, "prnt": false}
{"event": "training_step", "timestamp": 1769667612.9971473, "step": 317, "max_steps": 819, "loss": 5.928442001342773, "elapsed_time": 33.37527871131897, "prnt": false}
{"event": "training_step", "timestamp": 1769667613.0913448, "step": 318, "max_steps": 819, "loss": 5.815437316894531, "elapsed_time": 33.46936321258545, "prnt": false}
{"event": "training_step", "timestamp": 1769667613.1855543, "step": 319, "max_steps": 819, "loss": 5.886255264282227, "elapsed_time": 33.56370210647583, "prnt": false}
{"event": "training_step", "timestamp": 1769667613.2797058, "step": 320, "max_steps": 819, "loss": 5.9447832107543945, "elapsed_time": 33.657941579818726, "prnt": false}
{"event": "training_step", "timestamp": 1769667613.3740177, "step": 321, "max_steps": 819, "loss": 5.779672145843506, "elapsed_time": 33.75223135948181, "prnt": false}
{"event": "training_step", "timestamp": 1769667613.4681733, "step": 322, "max_steps": 819, "loss": 5.877505779266357, "elapsed_time": 33.84631371498108, "prnt": false}
{"event": "training_step", "timestamp": 1769667613.562369, "step": 323, "max_steps": 819, "loss": 5.920767784118652, "elapsed_time": 33.9406054019928, "prnt": false}
{"event": "training_step", "timestamp": 1769667613.656684, "step": 324, "max_steps": 819, "loss": 5.870561599731445, "elapsed_time": 34.034961462020874, "prnt": false}
{"event": "training_step", "timestamp": 1769667613.7509828, "step": 325, "max_steps": 819, "loss": 5.861135482788086, "elapsed_time": 34.12915015220642, "prnt": false}
{"event": "training_step", "timestamp": 1769667613.8451216, "step": 326, "max_steps": 819, "loss": 5.828970432281494, "elapsed_time": 34.22328329086304, "prnt": false}
{"event": "training_step", "timestamp": 1769667613.9393277, "step": 327, "max_steps": 819, "loss": 5.909961223602295, "elapsed_time": 34.317423582077026, "prnt": false}
{"event": "training_step", "timestamp": 1769667614.0336812, "step": 328, "max_steps": 819, "loss": 5.910775661468506, "elapsed_time": 34.41163635253906, "prnt": false}
{"event": "training_step", "timestamp": 1769667614.127937, "step": 329, "max_steps": 819, "loss": 5.850708961486816, "elapsed_time": 34.506022453308105, "prnt": false}
{"event": "training_step", "timestamp": 1769667614.2221217, "step": 330, "max_steps": 819, "loss": 5.882314205169678, "elapsed_time": 34.600115060806274, "prnt": false}
{"event": "training_step", "timestamp": 1769667614.316453, "step": 331, "max_steps": 819, "loss": 5.753548622131348, "elapsed_time": 34.694544315338135, "prnt": false}
{"event": "training_step", "timestamp": 1769667614.410664, "step": 332, "max_steps": 819, "loss": 5.865471363067627, "elapsed_time": 34.78864932060242, "prnt": false}
{"event": "training_step", "timestamp": 1769667614.5050097, "step": 333, "max_steps": 819, "loss": 5.896886825561523, "elapsed_time": 34.883037090301514, "prnt": false}
{"event": "training_step", "timestamp": 1769667614.599175, "step": 334, "max_steps": 819, "loss": 5.896795749664307, "elapsed_time": 34.977226972579956, "prnt": false}
{"event": "training_step", "timestamp": 1769667614.6935406, "step": 335, "max_steps": 819, "loss": 5.7594499588012695, "elapsed_time": 35.07162952423096, "prnt": false}
{"event": "training_step", "timestamp": 1769667614.787651, "step": 336, "max_steps": 819, "loss": 5.79943323135376, "elapsed_time": 35.165844678878784, "prnt": false}
{"event": "training_step", "timestamp": 1769667614.8820467, "step": 337, "max_steps": 819, "loss": 5.892715930938721, "elapsed_time": 35.26062846183777, "prnt": false}
{"event": "training_step", "timestamp": 1769667614.9763088, "step": 338, "max_steps": 819, "loss": 5.8190436363220215, "elapsed_time": 35.35428047180176, "prnt": false}
{"event": "training_step", "timestamp": 1769667615.0706005, "step": 339, "max_steps": 819, "loss": 5.804950714111328, "elapsed_time": 35.448862075805664, "prnt": false}
{"event": "training_step", "timestamp": 1769667615.1648052, "step": 340, "max_steps": 819, "loss": 5.9208574295043945, "elapsed_time": 35.542871952056885, "prnt": false}
{"event": "training_step", "timestamp": 1769667615.258989, "step": 341, "max_steps": 819, "loss": 5.922626972198486, "elapsed_time": 35.63727045059204, "prnt": false}
{"event": "training_step", "timestamp": 1769667615.3532207, "step": 342, "max_steps": 819, "loss": 5.82178258895874, "elapsed_time": 35.73125219345093, "prnt": false}
{"event": "training_step", "timestamp": 1769667615.4474273, "step": 343, "max_steps": 819, "loss": 5.908165454864502, "elapsed_time": 35.825796127319336, "prnt": false}
{"event": "training_step", "timestamp": 1769667615.5416255, "step": 344, "max_steps": 819, "loss": 5.789752006530762, "elapsed_time": 35.91975474357605, "prnt": false}
{"event": "training_step", "timestamp": 1769667615.636124, "step": 345, "max_steps": 819, "loss": 5.8267502784729, "elapsed_time": 36.014047384262085, "prnt": false}
{"event": "training_step", "timestamp": 1769667615.7303503, "step": 346, "max_steps": 819, "loss": 5.782618045806885, "elapsed_time": 36.10840392112732, "prnt": false}
{"event": "training_step", "timestamp": 1769667615.8248754, "step": 347, "max_steps": 819, "loss": 5.840035438537598, "elapsed_time": 36.20349669456482, "prnt": false}
{"event": "training_step", "timestamp": 1769667615.919133, "step": 348, "max_steps": 819, "loss": 5.842364311218262, "elapsed_time": 36.29777216911316, "prnt": false}
{"event": "training_step", "timestamp": 1769667616.0136468, "step": 349, "max_steps": 819, "loss": 5.77640962600708, "elapsed_time": 36.39160132408142, "prnt": false}
{"event": "training_step", "timestamp": 1769667616.1080267, "step": 350, "max_steps": 819, "loss": 5.762711524963379, "elapsed_time": 36.486149311065674, "prnt": false}
{"event": "training_step", "timestamp": 1769667616.2023098, "step": 351, "max_steps": 819, "loss": 5.760744094848633, "elapsed_time": 36.58051371574402, "prnt": false}
{"event": "validation_step", "timestamp": 1769667616.599912, "step": 351, "max_steps": 819, "loss": 1.1381714564318872, "elapsed_time": 36.58051371574402}
{"event": "training_step", "timestamp": 1769667616.6947541, "step": 352, "max_steps": 819, "loss": 5.84735631942749, "elapsed_time": 37.07361316680908, "prnt": false}
{"event": "training_step", "timestamp": 1769667616.789168, "step": 353, "max_steps": 819, "loss": 5.874611854553223, "elapsed_time": 37.168126344680786, "prnt": false}
{"event": "training_step", "timestamp": 1769667616.8834736, "step": 354, "max_steps": 819, "loss": 5.857738494873047, "elapsed_time": 37.262266397476196, "prnt": false}
{"event": "training_step", "timestamp": 1769667616.9776537, "step": 355, "max_steps": 819, "loss": 5.809030055999756, "elapsed_time": 37.35585045814514, "prnt": false}
{"event": "training_step", "timestamp": 1769667617.0719378, "step": 356, "max_steps": 819, "loss": 5.79742431640625, "elapsed_time": 37.450175523757935, "prnt": false}
{"event": "training_step", "timestamp": 1769667617.1659682, "step": 357, "max_steps": 819, "loss": 5.726416110992432, "elapsed_time": 37.54429769515991, "prnt": false}
{"event": "training_step", "timestamp": 1769667617.2601418, "step": 358, "max_steps": 819, "loss": 5.899469375610352, "elapsed_time": 37.638341426849365, "prnt": false}
{"event": "training_step", "timestamp": 1769667617.3544085, "step": 359, "max_steps": 819, "loss": 5.803766250610352, "elapsed_time": 37.732523679733276, "prnt": false}
{"event": "training_step", "timestamp": 1769667617.4486122, "step": 360, "max_steps": 819, "loss": 5.81346321105957, "elapsed_time": 37.82684779167175, "prnt": false}
{"event": "training_step", "timestamp": 1769667617.5427644, "step": 361, "max_steps": 819, "loss": 5.718305587768555, "elapsed_time": 37.92087936401367, "prnt": false}
{"event": "training_step", "timestamp": 1769667617.63707, "step": 362, "max_steps": 819, "loss": 5.786202907562256, "elapsed_time": 38.01536560058594, "prnt": false}
{"event": "training_step", "timestamp": 1769667617.731207, "step": 363, "max_steps": 819, "loss": 5.8226118087768555, "elapsed_time": 38.1094765663147, "prnt": false}
{"event": "training_step", "timestamp": 1769667617.825459, "step": 364, "max_steps": 819, "loss": 5.8170166015625, "elapsed_time": 38.20375299453735, "prnt": false}
{"event": "training_step", "timestamp": 1769667617.9196131, "step": 365, "max_steps": 819, "loss": 5.791498184204102, "elapsed_time": 38.297736167907715, "prnt": false}
{"event": "training_step", "timestamp": 1769667618.013948, "step": 366, "max_steps": 819, "loss": 5.771904945373535, "elapsed_time": 38.391930103302, "prnt": false}
{"event": "training_step", "timestamp": 1769667618.108323, "step": 367, "max_steps": 819, "loss": 5.746227741241455, "elapsed_time": 38.48695969581604, "prnt": false}
{"event": "training_step", "timestamp": 1769667618.2026668, "step": 368, "max_steps": 819, "loss": 5.741465091705322, "elapsed_time": 38.58157134056091, "prnt": false}
{"event": "training_step", "timestamp": 1769667618.2969847, "step": 369, "max_steps": 819, "loss": 5.768121719360352, "elapsed_time": 38.67579197883606, "prnt": false}
{"event": "training_step", "timestamp": 1769667618.3914392, "step": 370, "max_steps": 819, "loss": 5.738916873931885, "elapsed_time": 38.770331144332886, "prnt": false}
{"event": "training_step", "timestamp": 1769667618.4855893, "step": 371, "max_steps": 819, "loss": 5.728688716888428, "elapsed_time": 38.86400866508484, "prnt": false}
{"event": "training_step", "timestamp": 1769667618.5799148, "step": 372, "max_steps": 819, "loss": 5.726744651794434, "elapsed_time": 38.958178997039795, "prnt": false}
{"event": "training_step", "timestamp": 1769667618.6743698, "step": 373, "max_steps": 819, "loss": 5.759397506713867, "elapsed_time": 39.05307626724243, "prnt": false}
{"event": "training_step", "timestamp": 1769667618.7688696, "step": 374, "max_steps": 819, "loss": 5.766406059265137, "elapsed_time": 39.14755201339722, "prnt": false}
{"event": "training_step", "timestamp": 1769667618.8633451, "step": 375, "max_steps": 819, "loss": 5.778677940368652, "elapsed_time": 39.24215841293335, "prnt": false}
{"event": "training_step", "timestamp": 1769667618.9578507, "step": 376, "max_steps": 819, "loss": 5.733089447021484, "elapsed_time": 39.336639404296875, "prnt": false}
{"event": "training_step", "timestamp": 1769667619.0525017, "step": 377, "max_steps": 819, "loss": 5.8380022048950195, "elapsed_time": 39.43113946914673, "prnt": false}
{"event": "training_step", "timestamp": 1769667619.1472178, "step": 378, "max_steps": 819, "loss": 5.676835060119629, "elapsed_time": 39.525779724121094, "prnt": false}
{"event": "training_step", "timestamp": 1769667619.2416108, "step": 379, "max_steps": 819, "loss": 5.768008232116699, "elapsed_time": 39.62044668197632, "prnt": false}
{"event": "training_step", "timestamp": 1769667619.3360474, "step": 380, "max_steps": 819, "loss": 5.7846269607543945, "elapsed_time": 39.71482467651367, "prnt": false}
{"event": "training_step", "timestamp": 1769667619.43059, "step": 381, "max_steps": 819, "loss": 5.726268291473389, "elapsed_time": 39.80933380126953, "prnt": false}
{"event": "training_step", "timestamp": 1769667619.525148, "step": 382, "max_steps": 819, "loss": 5.74851131439209, "elapsed_time": 39.90384888648987, "prnt": false}
{"event": "training_step", "timestamp": 1769667619.619513, "step": 383, "max_steps": 819, "loss": 5.688090801239014, "elapsed_time": 39.99820804595947, "prnt": false}
{"event": "training_step", "timestamp": 1769667619.7140465, "step": 384, "max_steps": 819, "loss": 5.698755741119385, "elapsed_time": 40.092557191848755, "prnt": false}
{"event": "training_step", "timestamp": 1769667619.808363, "step": 385, "max_steps": 819, "loss": 5.781820774078369, "elapsed_time": 40.186643838882446, "prnt": false}
{"event": "training_step", "timestamp": 1769667619.9029005, "step": 386, "max_steps": 819, "loss": 5.80247688293457, "elapsed_time": 40.28160071372986, "prnt": false}
{"event": "training_step", "timestamp": 1769667619.997325, "step": 387, "max_steps": 819, "loss": 5.701694011688232, "elapsed_time": 40.37583255767822, "prnt": false}
{"event": "training_step", "timestamp": 1769667620.0922601, "step": 388, "max_steps": 819, "loss": 5.784489631652832, "elapsed_time": 40.473881483078, "prnt": false}
{"event": "training_step", "timestamp": 1769667620.1866252, "step": 389, "max_steps": 819, "loss": 5.773044109344482, "elapsed_time": 40.565550565719604, "prnt": false}
{"event": "training_step", "timestamp": 1769667620.2811277, "step": 390, "max_steps": 819, "loss": 5.759423732757568, "elapsed_time": 40.65980124473572, "prnt": false}
{"event": "validation_step", "timestamp": 1769667620.679095, "step": 390, "max_steps": 819, "loss": 1.129970401129337, "elapsed_time": 40.65980124473572}
{"event": "training_step", "timestamp": 1769667620.7737937, "step": 391, "max_steps": 819, "loss": 5.778164863586426, "elapsed_time": 41.15215182304382, "prnt": false}
{"event": "training_step", "timestamp": 1769667620.8683758, "step": 392, "max_steps": 819, "loss": 5.753296852111816, "elapsed_time": 41.246803998947144, "prnt": false}
{"event": "training_step", "timestamp": 1769667620.962936, "step": 393, "max_steps": 819, "loss": 5.7393598556518555, "elapsed_time": 41.34134125709534, "prnt": false}
{"event": "training_step", "timestamp": 1769667621.05741, "step": 394, "max_steps": 819, "loss": 5.730684757232666, "elapsed_time": 41.435996294021606, "prnt": false}
{"event": "training_step", "timestamp": 1769667621.15192, "step": 395, "max_steps": 819, "loss": 5.671401500701904, "elapsed_time": 41.530481576919556, "prnt": false}
{"event": "training_step", "timestamp": 1769667621.246368, "step": 396, "max_steps": 819, "loss": 5.675660133361816, "elapsed_time": 41.625102281570435, "prnt": false}
{"event": "training_step", "timestamp": 1769667621.3406713, "step": 397, "max_steps": 819, "loss": 5.826484680175781, "elapsed_time": 41.719080448150635, "prnt": false}
{"event": "training_step", "timestamp": 1769667621.4351804, "step": 398, "max_steps": 819, "loss": 5.75278902053833, "elapsed_time": 41.813802003860474, "prnt": false}
{"event": "training_step", "timestamp": 1769667621.5294747, "step": 399, "max_steps": 819, "loss": 5.76039981842041, "elapsed_time": 41.90781283378601, "prnt": false}
{"event": "training_step", "timestamp": 1769667621.6238241, "step": 400, "max_steps": 819, "loss": 5.756204128265381, "elapsed_time": 42.00239276885986, "prnt": false}
{"event": "training_step", "timestamp": 1769667621.718204, "step": 401, "max_steps": 819, "loss": 5.661921501159668, "elapsed_time": 42.096818923950195, "prnt": false}
{"event": "training_step", "timestamp": 1769667621.812808, "step": 402, "max_steps": 819, "loss": 5.7321295738220215, "elapsed_time": 42.191336154937744, "prnt": false}
{"event": "training_step", "timestamp": 1769667621.9071107, "step": 403, "max_steps": 819, "loss": 5.686326503753662, "elapsed_time": 42.285423278808594, "prnt": false}
{"event": "training_step", "timestamp": 1769667622.0014784, "step": 404, "max_steps": 819, "loss": 5.698609828948975, "elapsed_time": 42.379772901535034, "prnt": false}
{"event": "training_step", "timestamp": 1769667622.0958261, "step": 405, "max_steps": 819, "loss": 5.634889125823975, "elapsed_time": 42.474311113357544, "prnt": false}
{"event": "training_step", "timestamp": 1769667622.1904106, "step": 406, "max_steps": 819, "loss": 5.721088886260986, "elapsed_time": 42.5686674118042, "prnt": false}
{"event": "training_step", "timestamp": 1769667622.284751, "step": 407, "max_steps": 819, "loss": 5.665767669677734, "elapsed_time": 42.66337442398071, "prnt": false}
{"event": "training_step", "timestamp": 1769667622.3794856, "step": 408, "max_steps": 819, "loss": 5.676550388336182, "elapsed_time": 42.760493993759155, "prnt": false}
{"event": "training_step", "timestamp": 1769667622.4739554, "step": 409, "max_steps": 819, "loss": 5.728336811065674, "elapsed_time": 42.85222625732422, "prnt": false}
{"event": "training_step", "timestamp": 1769667622.5684621, "step": 410, "max_steps": 819, "loss": 5.771510601043701, "elapsed_time": 42.94702672958374, "prnt": false}
{"event": "training_step", "timestamp": 1769667622.6628826, "step": 411, "max_steps": 819, "loss": 5.729931354522705, "elapsed_time": 43.04158973693848, "prnt": false}
{"event": "training_step", "timestamp": 1769667622.7574315, "step": 412, "max_steps": 819, "loss": 5.615342140197754, "elapsed_time": 43.13603162765503, "prnt": false}
{"event": "training_step", "timestamp": 1769667622.8520722, "step": 413, "max_steps": 819, "loss": 5.686462879180908, "elapsed_time": 43.23033404350281, "prnt": false}
{"event": "training_step", "timestamp": 1769667622.946487, "step": 414, "max_steps": 819, "loss": 5.815778732299805, "elapsed_time": 43.3251166343689, "prnt": false}
{"event": "training_step", "timestamp": 1769667623.0408926, "step": 415, "max_steps": 819, "loss": 5.669323444366455, "elapsed_time": 43.418972969055176, "prnt": false}
{"event": "training_step", "timestamp": 1769667623.1352363, "step": 416, "max_steps": 819, "loss": 5.734018802642822, "elapsed_time": 43.513179302215576, "prnt": false}
{"event": "training_step", "timestamp": 1769667623.2295258, "step": 417, "max_steps": 819, "loss": 5.664764404296875, "elapsed_time": 43.60746693611145, "prnt": false}
{"event": "training_step", "timestamp": 1769667623.3241203, "step": 418, "max_steps": 819, "loss": 5.63511848449707, "elapsed_time": 43.70262122154236, "prnt": false}
{"event": "training_step", "timestamp": 1769667623.418351, "step": 419, "max_steps": 819, "loss": 5.63374662399292, "elapsed_time": 43.796833515167236, "prnt": false}
{"event": "training_step", "timestamp": 1769667623.5130033, "step": 420, "max_steps": 819, "loss": 5.654112339019775, "elapsed_time": 43.89158844947815, "prnt": false}
{"event": "training_step", "timestamp": 1769667623.6072717, "step": 421, "max_steps": 819, "loss": 5.635616779327393, "elapsed_time": 43.98560118675232, "prnt": false}
{"event": "training_step", "timestamp": 1769667623.70161, "step": 422, "max_steps": 819, "loss": 5.707723617553711, "elapsed_time": 44.079631090164185, "prnt": false}
{"event": "training_step", "timestamp": 1769667623.795976, "step": 423, "max_steps": 819, "loss": 5.718059539794922, "elapsed_time": 44.17378067970276, "prnt": false}
{"event": "training_step", "timestamp": 1769667623.8907046, "step": 424, "max_steps": 819, "loss": 5.603147029876709, "elapsed_time": 44.269142150878906, "prnt": false}
{"event": "training_step", "timestamp": 1769667623.9852443, "step": 425, "max_steps": 819, "loss": 5.7075371742248535, "elapsed_time": 44.364407777786255, "prnt": false}
{"event": "training_step", "timestamp": 1769667624.0798187, "step": 426, "max_steps": 819, "loss": 5.631191253662109, "elapsed_time": 44.458688497543335, "prnt": false}
{"event": "training_step", "timestamp": 1769667624.1742141, "step": 427, "max_steps": 819, "loss": 5.63074254989624, "elapsed_time": 44.55287480354309, "prnt": false}
{"event": "training_step", "timestamp": 1769667624.2687542, "step": 428, "max_steps": 819, "loss": 5.64059591293335, "elapsed_time": 44.64771842956543, "prnt": false}
{"event": "training_step", "timestamp": 1769667624.3631487, "step": 429, "max_steps": 819, "loss": 5.638122081756592, "elapsed_time": 44.742027044296265, "prnt": false}
{"event": "validation_step", "timestamp": 1769667624.761514, "step": 429, "max_steps": 819, "loss": 1.126343399162114, "elapsed_time": 44.742027044296265}
{"event": "training_step", "timestamp": 1769667624.8561149, "step": 430, "max_steps": 819, "loss": 5.6741814613342285, "elapsed_time": 45.23475670814514, "prnt": false}
{"event": "training_step", "timestamp": 1769667624.9506848, "step": 431, "max_steps": 819, "loss": 5.66157341003418, "elapsed_time": 45.32925629615784, "prnt": false}
{"event": "training_step", "timestamp": 1769667625.0450618, "step": 432, "max_steps": 819, "loss": 5.673167705535889, "elapsed_time": 45.42370414733887, "prnt": false}
{"event": "training_step", "timestamp": 1769667625.1395414, "step": 433, "max_steps": 819, "loss": 5.60699987411499, "elapsed_time": 45.51814889907837, "prnt": false}
{"event": "training_step", "timestamp": 1769667625.2341645, "step": 434, "max_steps": 819, "loss": 5.57803201675415, "elapsed_time": 45.61254954338074, "prnt": false}
{"event": "training_step", "timestamp": 1769667625.3288894, "step": 435, "max_steps": 819, "loss": 5.79182243347168, "elapsed_time": 45.71067214012146, "prnt": false}
{"event": "training_step", "timestamp": 1769667625.4234517, "step": 436, "max_steps": 819, "loss": 5.564115047454834, "elapsed_time": 45.80192804336548, "prnt": false}
{"event": "training_step", "timestamp": 1769667625.517848, "step": 437, "max_steps": 819, "loss": 5.675069332122803, "elapsed_time": 45.89643621444702, "prnt": false}
{"event": "training_step", "timestamp": 1769667625.6123688, "step": 438, "max_steps": 819, "loss": 5.611342430114746, "elapsed_time": 45.990644454956055, "prnt": false}
{"event": "training_step", "timestamp": 1769667625.7067661, "step": 439, "max_steps": 819, "loss": 5.628729343414307, "elapsed_time": 46.08509278297424, "prnt": false}
{"event": "training_step", "timestamp": 1769667625.8013144, "step": 440, "max_steps": 819, "loss": 5.703917026519775, "elapsed_time": 46.17991781234741, "prnt": false}
{"event": "training_step", "timestamp": 1769667625.8956738, "step": 441, "max_steps": 819, "loss": 5.7338409423828125, "elapsed_time": 46.274200677871704, "prnt": false}
{"event": "training_step", "timestamp": 1769667625.9902909, "step": 442, "max_steps": 819, "loss": 5.6280903816223145, "elapsed_time": 46.369056701660156, "prnt": false}
{"event": "training_step", "timestamp": 1769667626.0846374, "step": 443, "max_steps": 819, "loss": 5.684357643127441, "elapsed_time": 46.46303415298462, "prnt": false}
{"event": "training_step", "timestamp": 1769667626.1792173, "step": 444, "max_steps": 819, "loss": 5.669717311859131, "elapsed_time": 46.55770182609558, "prnt": false}
{"event": "training_step", "timestamp": 1769667626.2736561, "step": 445, "max_steps": 819, "loss": 5.612582683563232, "elapsed_time": 46.652352809906006, "prnt": false}
{"event": "training_step", "timestamp": 1769667626.3682566, "step": 446, "max_steps": 819, "loss": 5.692192077636719, "elapsed_time": 46.7465705871582, "prnt": false}
{"event": "training_step", "timestamp": 1769667626.462669, "step": 447, "max_steps": 819, "loss": 5.649609565734863, "elapsed_time": 46.84095525741577, "prnt": false}
{"event": "training_step", "timestamp": 1769667626.5571682, "step": 448, "max_steps": 819, "loss": 5.715067386627197, "elapsed_time": 46.93572235107422, "prnt": false}
{"event": "training_step", "timestamp": 1769667626.6519105, "step": 449, "max_steps": 819, "loss": 5.605824947357178, "elapsed_time": 47.03022050857544, "prnt": false}
{"event": "training_step", "timestamp": 1769667626.7463858, "step": 450, "max_steps": 819, "loss": 5.562262535095215, "elapsed_time": 47.12488794326782, "prnt": false}
{"event": "training_step", "timestamp": 1769667626.8408053, "step": 451, "max_steps": 819, "loss": 5.634375095367432, "elapsed_time": 47.21913146972656, "prnt": false}
{"event": "training_step", "timestamp": 1769667626.935421, "step": 452, "max_steps": 819, "loss": 5.697513103485107, "elapsed_time": 47.31389284133911, "prnt": false}
{"event": "training_step", "timestamp": 1769667627.0301046, "step": 453, "max_steps": 819, "loss": 5.7595343589782715, "elapsed_time": 47.408469676971436, "prnt": false}
{"event": "training_step", "timestamp": 1769667627.124686, "step": 454, "max_steps": 819, "loss": 5.581718444824219, "elapsed_time": 47.502819299697876, "prnt": false}
{"event": "training_step", "timestamp": 1769667627.2189646, "step": 455, "max_steps": 819, "loss": 5.614614009857178, "elapsed_time": 47.59713935852051, "prnt": false}
{"event": "training_step", "timestamp": 1769667627.3134737, "step": 456, "max_steps": 819, "loss": 5.656920909881592, "elapsed_time": 47.691871643066406, "prnt": false}
{"event": "training_step", "timestamp": 1769667627.407951, "step": 457, "max_steps": 819, "loss": 5.666102886199951, "elapsed_time": 47.786396503448486, "prnt": false}
{"event": "training_step", "timestamp": 1769667627.5024538, "step": 458, "max_steps": 819, "loss": 5.5805816650390625, "elapsed_time": 47.88079023361206, "prnt": false}
{"event": "training_step", "timestamp": 1769667627.5971296, "step": 459, "max_steps": 819, "loss": 5.707283973693848, "elapsed_time": 47.978190183639526, "prnt": false}
{"event": "training_step", "timestamp": 1769667627.6917984, "step": 460, "max_steps": 819, "loss": 5.595842361450195, "elapsed_time": 48.07001280784607, "prnt": false}
{"event": "training_step", "timestamp": 1769667627.7863154, "step": 461, "max_steps": 819, "loss": 5.562076568603516, "elapsed_time": 48.164715051651, "prnt": false}
{"event": "training_step", "timestamp": 1769667627.880891, "step": 462, "max_steps": 819, "loss": 5.649673938751221, "elapsed_time": 48.25944471359253, "prnt": false}
{"event": "training_step", "timestamp": 1769667627.9753823, "step": 463, "max_steps": 819, "loss": 5.552794933319092, "elapsed_time": 48.35379219055176, "prnt": false}
{"event": "training_step", "timestamp": 1769667628.070096, "step": 464, "max_steps": 819, "loss": 5.641122341156006, "elapsed_time": 48.448469400405884, "prnt": false}
{"event": "training_step", "timestamp": 1769667628.164484, "step": 465, "max_steps": 819, "loss": 5.633955001831055, "elapsed_time": 48.542617321014404, "prnt": false}
{"event": "training_step", "timestamp": 1769667628.2589388, "step": 466, "max_steps": 819, "loss": 5.636549949645996, "elapsed_time": 48.63679909706116, "prnt": false}
{"event": "training_step", "timestamp": 1769667628.353259, "step": 467, "max_steps": 819, "loss": 5.670433044433594, "elapsed_time": 48.73112607002258, "prnt": false}
{"event": "training_step", "timestamp": 1769667628.447982, "step": 468, "max_steps": 819, "loss": 5.706191539764404, "elapsed_time": 48.826380014419556, "prnt": false}
{"event": "validation_step", "timestamp": 1769667628.8465493, "step": 468, "max_steps": 819, "loss": 1.121043853153838, "elapsed_time": 48.826380014419556}
{"event": "training_step", "timestamp": 1769667628.9412787, "step": 469, "max_steps": 819, "loss": 5.565887928009033, "elapsed_time": 49.319756269454956, "prnt": false}
{"event": "training_step", "timestamp": 1769667629.0358465, "step": 470, "max_steps": 819, "loss": 5.570845603942871, "elapsed_time": 49.41437315940857, "prnt": false}
{"event": "training_step", "timestamp": 1769667629.130719, "step": 471, "max_steps": 819, "loss": 5.525202751159668, "elapsed_time": 49.50906562805176, "prnt": false}
{"event": "training_step", "timestamp": 1769667629.2253828, "step": 472, "max_steps": 819, "loss": 5.630970478057861, "elapsed_time": 49.603790521621704, "prnt": false}
{"event": "training_step", "timestamp": 1769667629.3200696, "step": 473, "max_steps": 819, "loss": 5.61981201171875, "elapsed_time": 49.698625564575195, "prnt": false}
{"event": "training_step", "timestamp": 1769667629.4145186, "step": 474, "max_steps": 819, "loss": 5.625566005706787, "elapsed_time": 49.79343104362488, "prnt": false}
{"event": "training_step", "timestamp": 1769667629.5092883, "step": 475, "max_steps": 819, "loss": 5.67742919921875, "elapsed_time": 49.887840032577515, "prnt": false}
{"event": "training_step", "timestamp": 1769667629.6037967, "step": 476, "max_steps": 819, "loss": 5.623036861419678, "elapsed_time": 49.982489824295044, "prnt": false}
{"event": "training_step", "timestamp": 1769667629.6984954, "step": 477, "max_steps": 819, "loss": 5.653676509857178, "elapsed_time": 50.07713985443115, "prnt": false}
{"event": "training_step", "timestamp": 1769667629.7928324, "step": 478, "max_steps": 819, "loss": 5.5251994132995605, "elapsed_time": 50.170801639556885, "prnt": false}
{"event": "training_step", "timestamp": 1769667629.8872602, "step": 479, "max_steps": 819, "loss": 5.556326866149902, "elapsed_time": 50.265058755874634, "prnt": false}
{"event": "training_step", "timestamp": 1769667629.981571, "step": 480, "max_steps": 819, "loss": 5.622344017028809, "elapsed_time": 50.35932683944702, "prnt": false}
{"event": "training_step", "timestamp": 1769667630.0762494, "step": 481, "max_steps": 819, "loss": 5.538198471069336, "elapsed_time": 50.45477104187012, "prnt": false}
{"event": "training_step", "timestamp": 1769667630.1709042, "step": 482, "max_steps": 819, "loss": 5.570682525634766, "elapsed_time": 50.549240589141846, "prnt": false}
{"event": "training_step", "timestamp": 1769667630.2655396, "step": 483, "max_steps": 819, "loss": 5.518014430999756, "elapsed_time": 50.64395523071289, "prnt": false}
{"event": "training_step", "timestamp": 1769667630.360006, "step": 484, "max_steps": 819, "loss": 5.583244323730469, "elapsed_time": 50.7383177280426, "prnt": false}
{"event": "training_step", "timestamp": 1769667630.4545584, "step": 485, "max_steps": 819, "loss": 5.576042652130127, "elapsed_time": 50.832969427108765, "prnt": false}
{"event": "training_step", "timestamp": 1769667630.549326, "step": 486, "max_steps": 819, "loss": 5.648642063140869, "elapsed_time": 50.92772722244263, "prnt": false}
{"event": "training_step", "timestamp": 1769667630.6441154, "step": 487, "max_steps": 819, "loss": 5.575908184051514, "elapsed_time": 51.022846698760986, "prnt": false}
{"event": "training_step", "timestamp": 1769667630.7391086, "step": 488, "max_steps": 819, "loss": 5.618227958679199, "elapsed_time": 51.12067627906799, "prnt": false}
{"event": "training_step", "timestamp": 1769667630.8339574, "step": 489, "max_steps": 819, "loss": 5.639066696166992, "elapsed_time": 51.21573805809021, "prnt": false}
{"event": "training_step", "timestamp": 1769667630.9286637, "step": 490, "max_steps": 819, "loss": 5.630371570587158, "elapsed_time": 51.3072235584259, "prnt": false}
{"event": "training_step", "timestamp": 1769667631.0232282, "step": 491, "max_steps": 819, "loss": 5.61316442489624, "elapsed_time": 51.40176844596863, "prnt": false}
{"event": "training_step", "timestamp": 1769667631.117574, "step": 492, "max_steps": 819, "loss": 5.463468074798584, "elapsed_time": 51.49583649635315, "prnt": false}
{"event": "training_step", "timestamp": 1769667631.2121506, "step": 493, "max_steps": 819, "loss": 5.621518611907959, "elapsed_time": 51.59047341346741, "prnt": false}
{"event": "training_step", "timestamp": 1769667631.306686, "step": 494, "max_steps": 819, "loss": 5.603788375854492, "elapsed_time": 51.68507361412048, "prnt": false}
{"event": "training_step", "timestamp": 1769667631.4012675, "step": 495, "max_steps": 819, "loss": 5.622507572174072, "elapsed_time": 51.7796049118042, "prnt": false}
{"event": "training_step", "timestamp": 1769667631.4957516, "step": 496, "max_steps": 819, "loss": 5.593934059143066, "elapsed_time": 51.874295234680176, "prnt": false}
{"event": "training_step", "timestamp": 1769667631.590409, "step": 497, "max_steps": 819, "loss": 5.66057014465332, "elapsed_time": 51.968841552734375, "prnt": false}
{"event": "training_step", "timestamp": 1769667631.6849613, "step": 498, "max_steps": 819, "loss": 5.591336727142334, "elapsed_time": 52.06345510482788, "prnt": false}
{"event": "training_step", "timestamp": 1769667631.7797158, "step": 499, "max_steps": 819, "loss": 5.5342864990234375, "elapsed_time": 52.15816330909729, "prnt": false}
{"event": "training_step", "timestamp": 1769667631.8742101, "step": 500, "max_steps": 819, "loss": 5.486860275268555, "elapsed_time": 52.25248622894287, "prnt": false}
{"event": "training_step", "timestamp": 1769667631.968939, "step": 501, "max_steps": 819, "loss": 5.572858810424805, "elapsed_time": 52.3472945690155, "prnt": false}
{"event": "training_step", "timestamp": 1769667632.0634952, "step": 502, "max_steps": 819, "loss": 5.587306976318359, "elapsed_time": 52.44196391105652, "prnt": false}
{"event": "training_step", "timestamp": 1769667632.1582086, "step": 503, "max_steps": 819, "loss": 5.576852798461914, "elapsed_time": 52.536630392074585, "prnt": false}
{"event": "training_step", "timestamp": 1769667632.2526333, "step": 504, "max_steps": 819, "loss": 5.6274943351745605, "elapsed_time": 52.63104295730591, "prnt": false}
{"event": "training_step", "timestamp": 1769667632.3472652, "step": 505, "max_steps": 819, "loss": 5.5529022216796875, "elapsed_time": 52.725460052490234, "prnt": false}
{"event": "training_step", "timestamp": 1769667632.4416916, "step": 506, "max_steps": 819, "loss": 5.483452320098877, "elapsed_time": 52.820292234420776, "prnt": false}
{"event": "training_step", "timestamp": 1769667632.536448, "step": 507, "max_steps": 819, "loss": 5.530519485473633, "elapsed_time": 52.9148895740509, "prnt": false}
{"event": "validation_step", "timestamp": 1769667632.9349566, "step": 507, "max_steps": 819, "loss": 1.1178959868786162, "elapsed_time": 52.9148895740509}
{"event": "training_step", "timestamp": 1769667633.0298238, "step": 508, "max_steps": 819, "loss": 5.6378092765808105, "elapsed_time": 53.40796160697937, "prnt": false}
{"event": "training_step", "timestamp": 1769667633.1247323, "step": 509, "max_steps": 819, "loss": 5.571920871734619, "elapsed_time": 53.505943059921265, "prnt": false}
{"event": "training_step", "timestamp": 1769667633.2193134, "step": 510, "max_steps": 819, "loss": 5.501047134399414, "elapsed_time": 53.59772610664368, "prnt": false}
{"event": "training_step", "timestamp": 1769667633.3140023, "step": 511, "max_steps": 819, "loss": 5.628030300140381, "elapsed_time": 53.69272184371948, "prnt": false}
{"event": "training_step", "timestamp": 1769667633.408714, "step": 512, "max_steps": 819, "loss": 5.5685200691223145, "elapsed_time": 53.78715443611145, "prnt": false}
{"event": "training_step", "timestamp": 1769667633.5033839, "step": 513, "max_steps": 819, "loss": 5.517560958862305, "elapsed_time": 53.881972789764404, "prnt": false}
{"event": "training_step", "timestamp": 1769667633.5979228, "step": 514, "max_steps": 819, "loss": 5.580628395080566, "elapsed_time": 53.976439237594604, "prnt": false}
{"event": "training_step", "timestamp": 1769667633.6925755, "step": 515, "max_steps": 819, "loss": 5.503754615783691, "elapsed_time": 54.07115364074707, "prnt": false}
{"event": "training_step", "timestamp": 1769667633.787319, "step": 516, "max_steps": 819, "loss": 5.507933139801025, "elapsed_time": 54.165013551712036, "prnt": false}
{"event": "training_step", "timestamp": 1769667633.8819404, "step": 517, "max_steps": 819, "loss": 5.639341831207275, "elapsed_time": 54.260419845581055, "prnt": false}
{"event": "training_step", "timestamp": 1769667633.9765685, "step": 518, "max_steps": 819, "loss": 5.477571964263916, "elapsed_time": 54.355103731155396, "prnt": false}
{"event": "training_step", "timestamp": 1769667634.0711513, "step": 519, "max_steps": 819, "loss": 5.571676254272461, "elapsed_time": 54.44942665100098, "prnt": false}
{"event": "training_step", "timestamp": 1769667634.1658514, "step": 520, "max_steps": 819, "loss": 5.429786205291748, "elapsed_time": 54.54430031776428, "prnt": false}
{"event": "training_step", "timestamp": 1769667634.260606, "step": 521, "max_steps": 819, "loss": 5.568650245666504, "elapsed_time": 54.63889813423157, "prnt": false}
{"event": "training_step", "timestamp": 1769667634.3549955, "step": 522, "max_steps": 819, "loss": 5.5064496994018555, "elapsed_time": 54.732654333114624, "prnt": false}
{"event": "training_step", "timestamp": 1769667634.4495482, "step": 523, "max_steps": 819, "loss": 5.559897422790527, "elapsed_time": 54.82721924781799, "prnt": false}
{"event": "training_step", "timestamp": 1769667634.5442474, "step": 524, "max_steps": 819, "loss": 5.565154075622559, "elapsed_time": 54.922576665878296, "prnt": false}
{"event": "training_step", "timestamp": 1769667634.6389215, "step": 525, "max_steps": 819, "loss": 5.371976852416992, "elapsed_time": 55.01747012138367, "prnt": false}
{"event": "training_step", "timestamp": 1769667634.7335334, "step": 526, "max_steps": 819, "loss": 5.538662910461426, "elapsed_time": 55.11201047897339, "prnt": false}
{"event": "training_step", "timestamp": 1769667634.8284256, "step": 527, "max_steps": 819, "loss": 5.438786029815674, "elapsed_time": 55.20693826675415, "prnt": false}
{"event": "training_step", "timestamp": 1769667634.9231255, "step": 528, "max_steps": 819, "loss": 5.483028888702393, "elapsed_time": 55.301586866378784, "prnt": false}
{"event": "training_step", "timestamp": 1769667635.0178947, "step": 529, "max_steps": 819, "loss": 5.56038761138916, "elapsed_time": 55.396612882614136, "prnt": false}
{"event": "training_step", "timestamp": 1769667635.1124275, "step": 530, "max_steps": 819, "loss": 5.660496711730957, "elapsed_time": 55.491095542907715, "prnt": false}
{"event": "training_step", "timestamp": 1769667635.2072544, "step": 531, "max_steps": 819, "loss": 5.559910297393799, "elapsed_time": 55.58551526069641, "prnt": false}
{"event": "training_step", "timestamp": 1769667635.3016565, "step": 532, "max_steps": 819, "loss": 5.6223063468933105, "elapsed_time": 55.679508209228516, "prnt": false}
{"event": "training_step", "timestamp": 1769667635.3961513, "step": 533, "max_steps": 819, "loss": 5.579293727874756, "elapsed_time": 55.773940324783325, "prnt": false}
{"event": "training_step", "timestamp": 1769667635.490655, "step": 534, "max_steps": 819, "loss": 5.534547805786133, "elapsed_time": 55.86832332611084, "prnt": false}
{"event": "training_step", "timestamp": 1769667635.5850575, "step": 535, "max_steps": 819, "loss": 5.574023246765137, "elapsed_time": 55.96280336380005, "prnt": false}
{"event": "training_step", "timestamp": 1769667635.6796699, "step": 536, "max_steps": 819, "loss": 5.604823112487793, "elapsed_time": 56.057467222213745, "prnt": false}
{"event": "training_step", "timestamp": 1769667635.7742443, "step": 537, "max_steps": 819, "loss": 5.508139133453369, "elapsed_time": 56.15188217163086, "prnt": false}
{"event": "training_step", "timestamp": 1769667635.868897, "step": 538, "max_steps": 819, "loss": 5.497938632965088, "elapsed_time": 56.24630570411682, "prnt": false}
{"event": "training_step", "timestamp": 1769667635.9637117, "step": 539, "max_steps": 819, "loss": 5.518423557281494, "elapsed_time": 56.34219837188721, "prnt": false}
{"event": "training_step", "timestamp": 1769667636.05838, "step": 540, "max_steps": 819, "loss": 5.512970924377441, "elapsed_time": 56.437036991119385, "prnt": false}
{"event": "training_step", "timestamp": 1769667636.152996, "step": 541, "max_steps": 819, "loss": 5.4613518714904785, "elapsed_time": 56.53154516220093, "prnt": false}
{"event": "training_step", "timestamp": 1769667636.2476618, "step": 542, "max_steps": 819, "loss": 5.486656665802002, "elapsed_time": 56.6258442401886, "prnt": false}
{"event": "training_step", "timestamp": 1769667636.3422897, "step": 543, "max_steps": 819, "loss": 5.542854309082031, "elapsed_time": 56.720537185668945, "prnt": false}
{"event": "training_step", "timestamp": 1769667636.4369612, "step": 544, "max_steps": 819, "loss": 5.505281448364258, "elapsed_time": 56.81526756286621, "prnt": false}
{"event": "training_step", "timestamp": 1769667636.5316498, "step": 545, "max_steps": 819, "loss": 5.541883945465088, "elapsed_time": 56.91001534461975, "prnt": false}
{"event": "training_step", "timestamp": 1769667636.626663, "step": 546, "max_steps": 819, "loss": 5.518470287322998, "elapsed_time": 57.00791621208191, "prnt": false}
{"event": "validation_step", "timestamp": 1769667637.0258758, "step": 546, "max_steps": 819, "loss": 1.1144211655317362, "elapsed_time": 57.00791621208191}
{"event": "training_step", "timestamp": 1769667637.1206012, "step": 547, "max_steps": 819, "loss": 5.547828197479248, "elapsed_time": 57.499305725097656, "prnt": false}
{"event": "training_step", "timestamp": 1769667637.2151136, "step": 548, "max_steps": 819, "loss": 5.537516117095947, "elapsed_time": 57.59356641769409, "prnt": false}
{"event": "training_step", "timestamp": 1769667637.3098097, "step": 549, "max_steps": 819, "loss": 5.4670634269714355, "elapsed_time": 57.68879199028015, "prnt": false}
{"event": "training_step", "timestamp": 1769667637.404583, "step": 550, "max_steps": 819, "loss": 5.584758758544922, "elapsed_time": 57.783037424087524, "prnt": false}
{"event": "training_step", "timestamp": 1769667637.4992845, "step": 551, "max_steps": 819, "loss": 5.5392327308654785, "elapsed_time": 57.87792158126831, "prnt": false}
{"event": "training_step", "timestamp": 1769667637.594023, "step": 552, "max_steps": 819, "loss": 5.4518303871154785, "elapsed_time": 57.97297930717468, "prnt": false}
{"event": "training_step", "timestamp": 1769667637.6889775, "step": 553, "max_steps": 819, "loss": 5.528895378112793, "elapsed_time": 58.06722569465637, "prnt": false}
{"event": "training_step", "timestamp": 1769667637.7836065, "step": 554, "max_steps": 819, "loss": 5.476820468902588, "elapsed_time": 58.161986351013184, "prnt": false}
{"event": "training_step", "timestamp": 1769667637.8783295, "step": 555, "max_steps": 819, "loss": 5.499577522277832, "elapsed_time": 58.25624871253967, "prnt": false}
{"event": "training_step", "timestamp": 1769667637.9729614, "step": 556, "max_steps": 819, "loss": 5.543107986450195, "elapsed_time": 58.35147762298584, "prnt": false}
{"event": "training_step", "timestamp": 1769667638.0678344, "step": 557, "max_steps": 819, "loss": 5.516965389251709, "elapsed_time": 58.44610023498535, "prnt": false}
{"event": "training_step", "timestamp": 1769667638.1623554, "step": 558, "max_steps": 819, "loss": 5.50874662399292, "elapsed_time": 58.540682792663574, "prnt": false}
{"event": "training_step", "timestamp": 1769667638.2570224, "step": 559, "max_steps": 819, "loss": 5.468679904937744, "elapsed_time": 58.635294675827026, "prnt": false}
{"event": "training_step", "timestamp": 1769667638.3516815, "step": 560, "max_steps": 819, "loss": 5.533280372619629, "elapsed_time": 58.730154514312744, "prnt": false}
{"event": "training_step", "timestamp": 1769667638.4465373, "step": 561, "max_steps": 819, "loss": 5.5390706062316895, "elapsed_time": 58.824960231781006, "prnt": false}
{"event": "training_step", "timestamp": 1769667638.5410135, "step": 562, "max_steps": 819, "loss": 5.487264633178711, "elapsed_time": 58.91899228096008, "prnt": false}
{"event": "training_step", "timestamp": 1769667638.635826, "step": 563, "max_steps": 819, "loss": 5.534788608551025, "elapsed_time": 59.014206886291504, "prnt": false}
{"event": "training_step", "timestamp": 1769667638.7304971, "step": 564, "max_steps": 819, "loss": 5.537992477416992, "elapsed_time": 59.10877871513367, "prnt": false}
{"event": "training_step", "timestamp": 1769667638.825357, "step": 565, "max_steps": 819, "loss": 5.426244735717773, "elapsed_time": 59.20350646972656, "prnt": false}
{"event": "training_step", "timestamp": 1769667638.9202316, "step": 566, "max_steps": 819, "loss": 5.5391669273376465, "elapsed_time": 59.300960302352905, "prnt": false}
{"event": "training_step", "timestamp": 1769667639.015167, "step": 567, "max_steps": 819, "loss": 5.5275492668151855, "elapsed_time": 59.39609241485596, "prnt": false}
{"event": "training_step", "timestamp": 1769667639.1097605, "step": 568, "max_steps": 819, "loss": 5.435957431793213, "elapsed_time": 59.48788905143738, "prnt": false}
{"event": "training_step", "timestamp": 1769667639.204701, "step": 569, "max_steps": 819, "loss": 5.5597028732299805, "elapsed_time": 59.58276915550232, "prnt": false}
{"event": "training_step", "timestamp": 1769667639.2995274, "step": 570, "max_steps": 819, "loss": 5.476833820343018, "elapsed_time": 59.67769980430603, "prnt": false}
{"event": "training_step", "timestamp": 1769667639.3941913, "step": 571, "max_steps": 819, "loss": 5.457005977630615, "elapsed_time": 59.77253580093384, "prnt": false}
{"event": "training_step", "timestamp": 1769667639.4888542, "step": 572, "max_steps": 819, "loss": 5.466799736022949, "elapsed_time": 59.86704111099243, "prnt": false}
{"event": "training_step", "timestamp": 1769667639.5834343, "step": 573, "max_steps": 819, "loss": 5.439506530761719, "elapsed_time": 59.96124505996704, "prnt": false}
{"event": "training_step", "timestamp": 1769667639.6779604, "step": 574, "max_steps": 819, "loss": 5.453465938568115, "elapsed_time": 60.055882930755615, "prnt": false}
{"event": "training_step", "timestamp": 1769667639.772596, "step": 575, "max_steps": 819, "loss": 5.505769729614258, "elapsed_time": 60.15090346336365, "prnt": false}
{"event": "training_step", "timestamp": 1769667639.8672807, "step": 576, "max_steps": 819, "loss": 5.457890510559082, "elapsed_time": 60.24537539482117, "prnt": false}
{"event": "training_step", "timestamp": 1769667639.9621499, "step": 577, "max_steps": 819, "loss": 5.493884086608887, "elapsed_time": 60.34044170379639, "prnt": false}
{"event": "training_step", "timestamp": 1769667640.0567496, "step": 578, "max_steps": 819, "loss": 5.517820358276367, "elapsed_time": 60.43509340286255, "prnt": false}
{"event": "training_step", "timestamp": 1769667640.151273, "step": 579, "max_steps": 819, "loss": 5.455324172973633, "elapsed_time": 60.529006481170654, "prnt": false}
{"event": "training_step", "timestamp": 1769667640.2458642, "step": 580, "max_steps": 819, "loss": 5.490598678588867, "elapsed_time": 60.623427629470825, "prnt": false}
{"event": "training_step", "timestamp": 1769667640.3404474, "step": 581, "max_steps": 819, "loss": 5.465913772583008, "elapsed_time": 60.718032360076904, "prnt": false}
{"event": "training_step", "timestamp": 1769667640.4351976, "step": 582, "max_steps": 819, "loss": 5.487057209014893, "elapsed_time": 60.81379842758179, "prnt": false}
{"event": "training_step", "timestamp": 1769667640.529991, "step": 583, "max_steps": 819, "loss": 5.534626483917236, "elapsed_time": 60.908560037612915, "prnt": false}
{"event": "training_step", "timestamp": 1769667640.624846, "step": 584, "max_steps": 819, "loss": 5.441827774047852, "elapsed_time": 61.00315737724304, "prnt": false}
{"event": "training_step", "timestamp": 1769667640.7196841, "step": 585, "max_steps": 819, "loss": 5.483577728271484, "elapsed_time": 61.09828853607178, "prnt": false}
{"event": "validation_step", "timestamp": 1769667641.1191578, "step": 585, "max_steps": 819, "loss": 1.1122287509890019, "elapsed_time": 61.09828853607178}
{"event": "training_step", "timestamp": 1769667641.213985, "step": 586, "max_steps": 819, "loss": 5.426513671875, "elapsed_time": 61.59223198890686, "prnt": false}
{"event": "training_step", "timestamp": 1769667641.308474, "step": 587, "max_steps": 819, "loss": 5.441364765167236, "elapsed_time": 61.68624424934387, "prnt": false}
{"event": "training_step", "timestamp": 1769667641.4030197, "step": 588, "max_steps": 819, "loss": 5.450453281402588, "elapsed_time": 61.780773878097534, "prnt": false}
{"event": "training_step", "timestamp": 1769667641.497474, "step": 589, "max_steps": 819, "loss": 5.486606121063232, "elapsed_time": 61.875086545944214, "prnt": false}
{"event": "training_step", "timestamp": 1769667641.5920699, "step": 590, "max_steps": 819, "loss": 5.396841526031494, "elapsed_time": 61.969868183135986, "prnt": false}
{"event": "training_step", "timestamp": 1769667641.6866426, "step": 591, "max_steps": 819, "loss": 5.477777481079102, "elapsed_time": 62.06442308425903, "prnt": false}
{"event": "training_step", "timestamp": 1769667641.7812345, "step": 592, "max_steps": 819, "loss": 5.466732501983643, "elapsed_time": 62.158891439437866, "prnt": false}
{"event": "training_step", "timestamp": 1769667641.8756921, "step": 593, "max_steps": 819, "loss": 5.480466365814209, "elapsed_time": 62.253419637680054, "prnt": false}
{"event": "training_step", "timestamp": 1769667641.9702291, "step": 594, "max_steps": 819, "loss": 5.429133892059326, "elapsed_time": 62.34787631034851, "prnt": false}
{"event": "training_step", "timestamp": 1769667642.064817, "step": 595, "max_steps": 819, "loss": 5.386429309844971, "elapsed_time": 62.442410469055176, "prnt": false}
{"event": "training_step", "timestamp": 1769667642.159368, "step": 596, "max_steps": 819, "loss": 5.438841819763184, "elapsed_time": 62.53703999519348, "prnt": false}
{"event": "training_step", "timestamp": 1769667642.2538476, "step": 597, "max_steps": 819, "loss": 5.475877285003662, "elapsed_time": 62.63167715072632, "prnt": false}
{"event": "training_step", "timestamp": 1769667642.348366, "step": 598, "max_steps": 819, "loss": 5.431919097900391, "elapsed_time": 62.726051807403564, "prnt": false}
{"event": "training_step", "timestamp": 1769667642.4429548, "step": 599, "max_steps": 819, "loss": 5.4184675216674805, "elapsed_time": 62.82054376602173, "prnt": false}
{"event": "training_step", "timestamp": 1769667642.537485, "step": 600, "max_steps": 819, "loss": 5.434957504272461, "elapsed_time": 62.91516923904419, "prnt": false}
{"event": "training_step", "timestamp": 1769667642.6322074, "step": 601, "max_steps": 819, "loss": 5.450807094573975, "elapsed_time": 63.010852575302124, "prnt": false}
{"event": "training_step", "timestamp": 1769667642.7270224, "step": 602, "max_steps": 819, "loss": 5.450342178344727, "elapsed_time": 63.10527467727661, "prnt": false}
{"event": "training_step", "timestamp": 1769667642.8217127, "step": 603, "max_steps": 819, "loss": 5.430588245391846, "elapsed_time": 63.199960231781006, "prnt": false}
{"event": "training_step", "timestamp": 1769667642.916554, "step": 604, "max_steps": 819, "loss": 5.407889366149902, "elapsed_time": 63.29486799240112, "prnt": false}
{"event": "training_step", "timestamp": 1769667643.0111153, "step": 605, "max_steps": 819, "loss": 5.354029655456543, "elapsed_time": 63.38928413391113, "prnt": false}
{"event": "training_step", "timestamp": 1769667643.106015, "step": 606, "max_steps": 819, "loss": 5.411335468292236, "elapsed_time": 63.48422050476074, "prnt": false}
{"event": "training_step", "timestamp": 1769667643.2006252, "step": 607, "max_steps": 819, "loss": 5.479565143585205, "elapsed_time": 63.5789315700531, "prnt": false}
{"event": "training_step", "timestamp": 1769667643.2958336, "step": 608, "max_steps": 819, "loss": 5.355698108673096, "elapsed_time": 63.67720437049866, "prnt": false}
{"event": "training_step", "timestamp": 1769667643.3904383, "step": 609, "max_steps": 819, "loss": 5.39603328704834, "elapsed_time": 63.76893162727356, "prnt": false}
{"event": "training_step", "timestamp": 1769667643.485243, "step": 610, "max_steps": 819, "loss": 5.453868389129639, "elapsed_time": 63.863677978515625, "prnt": false}
{"event": "training_step", "timestamp": 1769667643.5797777, "step": 611, "max_steps": 819, "loss": 5.426545143127441, "elapsed_time": 63.958089113235474, "prnt": false}
{"event": "training_step", "timestamp": 1769667643.6744747, "step": 612, "max_steps": 819, "loss": 5.513168811798096, "elapsed_time": 64.05282092094421, "prnt": false}
{"event": "training_step", "timestamp": 1769667643.7692032, "step": 613, "max_steps": 819, "loss": 5.377956390380859, "elapsed_time": 64.1475465297699, "prnt": false}
{"event": "training_step", "timestamp": 1769667643.8641288, "step": 614, "max_steps": 819, "loss": 5.43465518951416, "elapsed_time": 64.24236726760864, "prnt": false}
{"event": "training_step", "timestamp": 1769667643.958889, "step": 615, "max_steps": 819, "loss": 5.4766154289245605, "elapsed_time": 64.33746790885925, "prnt": false}
{"event": "training_step", "timestamp": 1769667644.053633, "step": 616, "max_steps": 819, "loss": 5.415497303009033, "elapsed_time": 64.43204402923584, "prnt": false}
{"event": "training_step", "timestamp": 1769667644.1482854, "step": 617, "max_steps": 819, "loss": 5.484705448150635, "elapsed_time": 64.52675080299377, "prnt": false}
{"event": "training_step", "timestamp": 1769667644.2432144, "step": 618, "max_steps": 819, "loss": 5.48091983795166, "elapsed_time": 64.62158131599426, "prnt": false}
{"event": "training_step", "timestamp": 1769667644.3378153, "step": 619, "max_steps": 819, "loss": 5.384260654449463, "elapsed_time": 64.71588587760925, "prnt": false}
{"event": "training_step", "timestamp": 1769667644.4325638, "step": 620, "max_steps": 819, "loss": 5.4743452072143555, "elapsed_time": 64.81081128120422, "prnt": false}
{"event": "training_step", "timestamp": 1769667644.527277, "step": 621, "max_steps": 819, "loss": 5.44492769241333, "elapsed_time": 64.90530705451965, "prnt": false}
{"event": "training_step", "timestamp": 1769667644.6222494, "step": 622, "max_steps": 819, "loss": 5.413080215454102, "elapsed_time": 65.00049924850464, "prnt": false}
{"event": "training_step", "timestamp": 1769667644.7170122, "step": 623, "max_steps": 819, "loss": 5.510221481323242, "elapsed_time": 65.0953061580658, "prnt": false}
{"event": "training_step", "timestamp": 1769667644.8117726, "step": 624, "max_steps": 819, "loss": 5.502354621887207, "elapsed_time": 65.18994951248169, "prnt": false}
{"event": "validation_step", "timestamp": 1769667645.21129, "step": 624, "max_steps": 819, "loss": 1.1106169063551108, "elapsed_time": 65.18994951248169}
{"event": "training_step", "timestamp": 1769667645.3062906, "step": 625, "max_steps": 819, "loss": 5.394535064697266, "elapsed_time": 65.68439817428589, "prnt": false}
{"event": "training_step", "timestamp": 1769667645.401191, "step": 626, "max_steps": 819, "loss": 5.460840702056885, "elapsed_time": 65.77939224243164, "prnt": false}
{"event": "training_step", "timestamp": 1769667645.4958353, "step": 627, "max_steps": 819, "loss": 5.470868110656738, "elapsed_time": 65.87408995628357, "prnt": false}
{"event": "training_step", "timestamp": 1769667645.590857, "step": 628, "max_steps": 819, "loss": 5.362840175628662, "elapsed_time": 65.97172951698303, "prnt": false}
{"event": "training_step", "timestamp": 1769667645.6856966, "step": 629, "max_steps": 819, "loss": 5.386016368865967, "elapsed_time": 66.06372952461243, "prnt": false}
{"event": "training_step", "timestamp": 1769667645.7805934, "step": 630, "max_steps": 819, "loss": 5.386707305908203, "elapsed_time": 66.15874671936035, "prnt": false}
{"event": "training_step", "timestamp": 1769667645.8755171, "step": 631, "max_steps": 819, "loss": 5.442094326019287, "elapsed_time": 66.25379300117493, "prnt": false}
{"event": "training_step", "timestamp": 1769667645.9703572, "step": 632, "max_steps": 819, "loss": 5.416495323181152, "elapsed_time": 66.3485677242279, "prnt": false}
{"event": "training_step", "timestamp": 1769667646.0651577, "step": 633, "max_steps": 819, "loss": 5.386414527893066, "elapsed_time": 66.44321322441101, "prnt": false}
{"event": "training_step", "timestamp": 1769667646.15988, "step": 634, "max_steps": 819, "loss": 5.442471981048584, "elapsed_time": 66.53780913352966, "prnt": false}
{"event": "training_step", "timestamp": 1769667646.2544694, "step": 635, "max_steps": 819, "loss": 5.368948936462402, "elapsed_time": 66.63208389282227, "prnt": false}
{"event": "training_step", "timestamp": 1769667646.3491564, "step": 636, "max_steps": 819, "loss": 5.378310680389404, "elapsed_time": 66.7267701625824, "prnt": false}
{"event": "training_step", "timestamp": 1769667646.444097, "step": 637, "max_steps": 819, "loss": 5.408462047576904, "elapsed_time": 66.82210350036621, "prnt": false}
{"event": "training_step", "timestamp": 1769667646.538853, "step": 638, "max_steps": 819, "loss": 5.384209632873535, "elapsed_time": 66.91683435440063, "prnt": false}
{"event": "training_step", "timestamp": 1769667646.6337054, "step": 639, "max_steps": 819, "loss": 5.427919387817383, "elapsed_time": 67.01206111907959, "prnt": false}
{"event": "training_step", "timestamp": 1769667646.7285028, "step": 640, "max_steps": 819, "loss": 5.405468940734863, "elapsed_time": 67.10666346549988, "prnt": false}
{"event": "training_step", "timestamp": 1769667646.8231683, "step": 641, "max_steps": 819, "loss": 5.446747303009033, "elapsed_time": 67.2007987499237, "prnt": false}
{"event": "training_step", "timestamp": 1769667646.9177208, "step": 642, "max_steps": 819, "loss": 5.436276435852051, "elapsed_time": 67.2953999042511, "prnt": false}
{"event": "training_step", "timestamp": 1769667647.012466, "step": 643, "max_steps": 819, "loss": 5.3921990394592285, "elapsed_time": 67.39025092124939, "prnt": false}
{"event": "training_step", "timestamp": 1769667647.1073437, "step": 644, "max_steps": 819, "loss": 5.437792778015137, "elapsed_time": 67.485675573349, "prnt": false}
{"event": "training_step", "timestamp": 1769667647.202269, "step": 645, "max_steps": 819, "loss": 5.4787726402282715, "elapsed_time": 67.58053374290466, "prnt": false}
{"event": "training_step", "timestamp": 1769667647.2971425, "step": 646, "max_steps": 819, "loss": 5.363029479980469, "elapsed_time": 67.67567896842957, "prnt": false}
{"event": "training_step", "timestamp": 1769667647.392051, "step": 647, "max_steps": 819, "loss": 5.4438934326171875, "elapsed_time": 67.77022242546082, "prnt": false}
{"event": "training_step", "timestamp": 1769667647.4872317, "step": 648, "max_steps": 819, "loss": 5.400458812713623, "elapsed_time": 67.86534285545349, "prnt": false}
{"event": "training_step", "timestamp": 1769667647.5820274, "step": 649, "max_steps": 819, "loss": 5.351513862609863, "elapsed_time": 67.96023368835449, "prnt": false}
{"event": "training_step", "timestamp": 1769667647.6769698, "step": 650, "max_steps": 819, "loss": 5.343717098236084, "elapsed_time": 68.05514335632324, "prnt": false}
{"event": "training_step", "timestamp": 1769667647.7715755, "step": 651, "max_steps": 819, "loss": 5.372854232788086, "elapsed_time": 68.14933657646179, "prnt": false}
{"event": "training_step", "timestamp": 1769667647.866325, "step": 652, "max_steps": 819, "loss": 5.37711238861084, "elapsed_time": 68.24381422996521, "prnt": false}
{"event": "training_step", "timestamp": 1769667647.96089, "step": 653, "max_steps": 819, "loss": 5.36776065826416, "elapsed_time": 68.33845686912537, "prnt": false}
{"event": "training_step", "timestamp": 1769667648.0554624, "step": 654, "max_steps": 819, "loss": 5.4042181968688965, "elapsed_time": 68.4331111907959, "prnt": false}
{"event": "training_step", "timestamp": 1769667648.1502924, "step": 655, "max_steps": 819, "loss": 5.49781608581543, "elapsed_time": 68.52756118774414, "prnt": false}
{"event": "training_step", "timestamp": 1769667648.2450447, "step": 656, "max_steps": 819, "loss": 5.439510345458984, "elapsed_time": 68.62266635894775, "prnt": false}
{"event": "training_step", "timestamp": 1769667648.3396928, "step": 657, "max_steps": 819, "loss": 5.3623576164245605, "elapsed_time": 68.71710348129272, "prnt": false}
{"event": "training_step", "timestamp": 1769667648.4343555, "step": 658, "max_steps": 819, "loss": 5.552690029144287, "elapsed_time": 68.81192517280579, "prnt": false}
{"event": "training_step", "timestamp": 1769667648.5289335, "step": 659, "max_steps": 819, "loss": 5.400552272796631, "elapsed_time": 68.90641283988953, "prnt": false}
{"event": "training_step", "timestamp": 1769667648.6236622, "step": 660, "max_steps": 819, "loss": 5.344401836395264, "elapsed_time": 69.00112771987915, "prnt": false}
{"event": "training_step", "timestamp": 1769667648.718176, "step": 661, "max_steps": 819, "loss": 5.350686073303223, "elapsed_time": 69.09582662582397, "prnt": false}
{"event": "training_step", "timestamp": 1769667648.812888, "step": 662, "max_steps": 819, "loss": 5.344612121582031, "elapsed_time": 69.19051504135132, "prnt": false}
{"event": "training_step", "timestamp": 1769667648.9073696, "step": 663, "max_steps": 819, "loss": 5.386168479919434, "elapsed_time": 69.28495454788208, "prnt": false}
{"event": "validation_step", "timestamp": 1769667649.306652, "step": 663, "max_steps": 819, "loss": 1.1086394444668388, "elapsed_time": 69.28495454788208}
{"event": "training_step", "timestamp": 1769667649.4016047, "step": 664, "max_steps": 819, "loss": 5.45423698425293, "elapsed_time": 69.77932024002075, "prnt": false}
{"event": "training_step", "timestamp": 1769667649.4962466, "step": 665, "max_steps": 819, "loss": 5.43492317199707, "elapsed_time": 69.87384462356567, "prnt": false}
{"event": "training_step", "timestamp": 1769667649.5910456, "step": 666, "max_steps": 819, "loss": 5.388491153717041, "elapsed_time": 69.96844244003296, "prnt": false}
{"event": "training_step", "timestamp": 1769667649.6856732, "step": 667, "max_steps": 819, "loss": 5.429950714111328, "elapsed_time": 70.06329441070557, "prnt": false}
{"event": "training_step", "timestamp": 1769667649.780337, "step": 668, "max_steps": 819, "loss": 5.378164768218994, "elapsed_time": 70.1579909324646, "prnt": false}
{"event": "training_step", "timestamp": 1769667649.874924, "step": 669, "max_steps": 819, "loss": 5.382462501525879, "elapsed_time": 70.25245308876038, "prnt": false}
{"event": "training_step", "timestamp": 1769667649.9695818, "step": 670, "max_steps": 819, "loss": 5.41057014465332, "elapsed_time": 70.3471794128418, "prnt": false}
{"event": "training_step", "timestamp": 1769667650.0642676, "step": 671, "max_steps": 819, "loss": 5.3550920486450195, "elapsed_time": 70.4416708946228, "prnt": false}
{"event": "training_step", "timestamp": 1769667650.1589622, "step": 672, "max_steps": 819, "loss": 5.4030961990356445, "elapsed_time": 70.53646397590637, "prnt": false}
{"event": "training_step", "timestamp": 1769667650.2535422, "step": 673, "max_steps": 819, "loss": 5.421268939971924, "elapsed_time": 70.63111448287964, "prnt": false}
{"event": "training_step", "timestamp": 1769667650.3481789, "step": 674, "max_steps": 819, "loss": 5.3786540031433105, "elapsed_time": 70.72569704055786, "prnt": false}
{"event": "training_step", "timestamp": 1769667650.442874, "step": 675, "max_steps": 819, "loss": 5.448904514312744, "elapsed_time": 70.82025265693665, "prnt": false}
{"event": "training_step", "timestamp": 1769667650.5374725, "step": 676, "max_steps": 819, "loss": 5.482072830200195, "elapsed_time": 70.91504645347595, "prnt": false}
{"event": "training_step", "timestamp": 1769667650.6320484, "step": 677, "max_steps": 819, "loss": 5.401655673980713, "elapsed_time": 71.00972127914429, "prnt": false}
{"event": "training_step", "timestamp": 1769667650.7266212, "step": 678, "max_steps": 819, "loss": 5.4054718017578125, "elapsed_time": 71.1042914390564, "prnt": false}
{"event": "training_step", "timestamp": 1769667650.821347, "step": 679, "max_steps": 819, "loss": 5.378112316131592, "elapsed_time": 71.19886088371277, "prnt": false}
{"event": "training_step", "timestamp": 1769667650.9164555, "step": 680, "max_steps": 819, "loss": 5.313735485076904, "elapsed_time": 71.2946126461029, "prnt": false}
{"event": "training_step", "timestamp": 1769667651.0112042, "step": 681, "max_steps": 819, "loss": 5.487926483154297, "elapsed_time": 71.38931632041931, "prnt": false}
{"event": "training_step", "timestamp": 1769667651.1060321, "step": 682, "max_steps": 819, "loss": 5.340819835662842, "elapsed_time": 71.4842586517334, "prnt": false}
{"event": "training_step", "timestamp": 1769667651.2009344, "step": 683, "max_steps": 819, "loss": 5.347980499267578, "elapsed_time": 71.57894897460938, "prnt": false}
{"event": "training_step", "timestamp": 1769667651.2957942, "step": 684, "max_steps": 819, "loss": 5.286551475524902, "elapsed_time": 71.67416548728943, "prnt": false}
{"event": "training_step", "timestamp": 1769667651.3906503, "step": 685, "max_steps": 819, "loss": 5.360974311828613, "elapsed_time": 71.76886653900146, "prnt": false}
{"event": "training_step", "timestamp": 1769667651.485497, "step": 686, "max_steps": 819, "loss": 5.522632598876953, "elapsed_time": 71.8637056350708, "prnt": false}
{"event": "training_step", "timestamp": 1769667651.5806558, "step": 687, "max_steps": 819, "loss": 5.395834445953369, "elapsed_time": 71.96192383766174, "prnt": false}
{"event": "training_step", "timestamp": 1769667651.6755538, "step": 688, "max_steps": 819, "loss": 5.325284957885742, "elapsed_time": 72.0538215637207, "prnt": false}
{"event": "training_step", "timestamp": 1769667651.7702942, "step": 689, "max_steps": 819, "loss": 5.439476490020752, "elapsed_time": 72.14821124076843, "prnt": false}
{"event": "training_step", "timestamp": 1769667651.8651803, "step": 690, "max_steps": 819, "loss": 5.401196002960205, "elapsed_time": 72.24307703971863, "prnt": false}
{"event": "training_step", "timestamp": 1769667651.9599345, "step": 691, "max_steps": 819, "loss": 5.3645243644714355, "elapsed_time": 72.33780717849731, "prnt": false}
{"event": "training_step", "timestamp": 1769667652.0548377, "step": 692, "max_steps": 819, "loss": 5.380741119384766, "elapsed_time": 72.43310236930847, "prnt": false}
{"event": "training_step", "timestamp": 1769667652.1495352, "step": 693, "max_steps": 819, "loss": 5.383636951446533, "elapsed_time": 72.52765798568726, "prnt": false}
{"event": "training_step", "timestamp": 1769667652.2443614, "step": 694, "max_steps": 819, "loss": 5.488861083984375, "elapsed_time": 72.62263441085815, "prnt": false}
{"event": "training_step", "timestamp": 1769667652.339139, "step": 695, "max_steps": 819, "loss": 5.409970760345459, "elapsed_time": 72.71719980239868, "prnt": false}
{"event": "training_step", "timestamp": 1769667652.4340262, "step": 696, "max_steps": 819, "loss": 5.435065269470215, "elapsed_time": 72.81220126152039, "prnt": false}
{"event": "training_step", "timestamp": 1769667652.5288363, "step": 697, "max_steps": 819, "loss": 5.408683776855469, "elapsed_time": 72.90710735321045, "prnt": false}
{"event": "training_step", "timestamp": 1769667652.6237116, "step": 698, "max_steps": 819, "loss": 5.317568778991699, "elapsed_time": 73.0018413066864, "prnt": false}
{"event": "training_step", "timestamp": 1769667652.7184975, "step": 699, "max_steps": 819, "loss": 5.3652448654174805, "elapsed_time": 73.09652805328369, "prnt": false}
{"event": "training_step", "timestamp": 1769667652.8133707, "step": 700, "max_steps": 819, "loss": 5.348855018615723, "elapsed_time": 73.1915078163147, "prnt": false}
{"event": "training_step", "timestamp": 1769667652.908233, "step": 701, "max_steps": 819, "loss": 5.555102348327637, "elapsed_time": 73.28652691841125, "prnt": false}
{"event": "training_step", "timestamp": 1769667653.0031593, "step": 702, "max_steps": 819, "loss": 5.330104827880859, "elapsed_time": 73.38115978240967, "prnt": false}
{"event": "validation_step", "timestamp": 1769667653.4028084, "step": 702, "max_steps": 819, "loss": 1.1075895160991702, "elapsed_time": 73.38115978240967}
{"event": "training_step", "timestamp": 1769667653.4977908, "step": 703, "max_steps": 819, "loss": 5.385157585144043, "elapsed_time": 73.87602066993713, "prnt": false}
{"event": "training_step", "timestamp": 1769667653.592594, "step": 704, "max_steps": 819, "loss": 5.397490978240967, "elapsed_time": 73.97082877159119, "prnt": false}
{"event": "training_step", "timestamp": 1769667653.687417, "step": 705, "max_steps": 819, "loss": 5.407331943511963, "elapsed_time": 74.0656909942627, "prnt": false}
{"event": "training_step", "timestamp": 1769667653.7821062, "step": 706, "max_steps": 819, "loss": 5.52890682220459, "elapsed_time": 74.16055917739868, "prnt": false}
{"event": "training_step", "timestamp": 1769667653.8773131, "step": 707, "max_steps": 819, "loss": 5.40238094329834, "elapsed_time": 74.25800061225891, "prnt": false}
{"event": "training_step", "timestamp": 1769667653.9721994, "step": 708, "max_steps": 819, "loss": 5.390651702880859, "elapsed_time": 74.35027837753296, "prnt": false}
{"event": "training_step", "timestamp": 1769667654.067032, "step": 709, "max_steps": 819, "loss": 5.371967792510986, "elapsed_time": 74.44518947601318, "prnt": false}
{"event": "training_step", "timestamp": 1769667654.1619546, "step": 710, "max_steps": 819, "loss": 5.371011734008789, "elapsed_time": 74.5399661064148, "prnt": false}
{"event": "training_step", "timestamp": 1769667654.2568173, "step": 711, "max_steps": 819, "loss": 5.357859134674072, "elapsed_time": 74.63497948646545, "prnt": false}
{"event": "training_step", "timestamp": 1769667654.3515792, "step": 712, "max_steps": 819, "loss": 5.414041519165039, "elapsed_time": 74.7296850681305, "prnt": false}
{"event": "training_step", "timestamp": 1769667654.4463944, "step": 713, "max_steps": 819, "loss": 5.430307865142822, "elapsed_time": 74.82417225837708, "prnt": false}
{"event": "training_step", "timestamp": 1769667654.5411634, "step": 714, "max_steps": 819, "loss": 5.38467264175415, "elapsed_time": 74.91857671737671, "prnt": false}
{"event": "training_step", "timestamp": 1769667654.6359303, "step": 715, "max_steps": 819, "loss": 5.366656303405762, "elapsed_time": 75.01348352432251, "prnt": false}
{"event": "training_step", "timestamp": 1769667654.7307107, "step": 716, "max_steps": 819, "loss": 5.327105522155762, "elapsed_time": 75.1088297367096, "prnt": false}
{"event": "training_step", "timestamp": 1769667654.8256233, "step": 717, "max_steps": 819, "loss": 5.389467239379883, "elapsed_time": 75.20370316505432, "prnt": false}
{"event": "training_step", "timestamp": 1769667654.9205859, "step": 718, "max_steps": 819, "loss": 5.346450328826904, "elapsed_time": 75.29878163337708, "prnt": false}
{"event": "training_step", "timestamp": 1769667655.01552, "step": 719, "max_steps": 819, "loss": 5.304093837738037, "elapsed_time": 75.39353775978088, "prnt": false}
{"event": "training_step", "timestamp": 1769667655.1101794, "step": 720, "max_steps": 819, "loss": 5.450407028198242, "elapsed_time": 75.4877359867096, "prnt": false}
{"event": "training_step", "timestamp": 1769667655.2048633, "step": 721, "max_steps": 819, "loss": 5.340549468994141, "elapsed_time": 75.58243727684021, "prnt": false}
{"event": "training_step", "timestamp": 1769667655.3001406, "step": 722, "max_steps": 819, "loss": 5.370241165161133, "elapsed_time": 75.67802906036377, "prnt": false}
{"event": "training_step", "timestamp": 1769667655.395082, "step": 723, "max_steps": 819, "loss": 5.401830196380615, "elapsed_time": 75.77346277236938, "prnt": false}
{"event": "training_step", "timestamp": 1769667655.4899988, "step": 724, "max_steps": 819, "loss": 5.340124130249023, "elapsed_time": 75.86817598342896, "prnt": false}
{"event": "training_step", "timestamp": 1769667655.5849624, "step": 725, "max_steps": 819, "loss": 5.292603969573975, "elapsed_time": 75.96337890625, "prnt": false}
{"event": "training_step", "timestamp": 1769667655.679894, "step": 726, "max_steps": 819, "loss": 5.421500205993652, "elapsed_time": 76.05809354782104, "prnt": false}
{"event": "training_step", "timestamp": 1769667655.7750528, "step": 727, "max_steps": 819, "loss": 5.501031875610352, "elapsed_time": 76.15313196182251, "prnt": false}
{"event": "training_step", "timestamp": 1769667655.8699436, "step": 728, "max_steps": 819, "loss": 5.378555774688721, "elapsed_time": 76.24822092056274, "prnt": false}
{"event": "training_step", "timestamp": 1769667655.9648306, "step": 729, "max_steps": 819, "loss": 5.3498663902282715, "elapsed_time": 76.3428864479065, "prnt": false}
{"event": "training_step", "timestamp": 1769667656.0595586, "step": 730, "max_steps": 819, "loss": 5.3620405197143555, "elapsed_time": 76.4370288848877, "prnt": false}
{"event": "training_step", "timestamp": 1769667656.1543214, "step": 731, "max_steps": 819, "loss": 5.301346778869629, "elapsed_time": 76.53187561035156, "prnt": false}
{"event": "training_step", "timestamp": 1769667656.2489326, "step": 732, "max_steps": 819, "loss": 5.345641613006592, "elapsed_time": 76.62641191482544, "prnt": false}
{"event": "training_step", "timestamp": 1769667656.34375, "step": 733, "max_steps": 819, "loss": 5.230105400085449, "elapsed_time": 76.72114300727844, "prnt": false}
{"event": "training_step", "timestamp": 1769667656.4383023, "step": 734, "max_steps": 819, "loss": 5.406793594360352, "elapsed_time": 76.81588625907898, "prnt": false}
{"event": "training_step", "timestamp": 1769667656.5330322, "step": 735, "max_steps": 819, "loss": 5.357734203338623, "elapsed_time": 76.91045880317688, "prnt": false}
{"event": "training_step", "timestamp": 1769667656.6276987, "step": 736, "max_steps": 819, "loss": 5.371480464935303, "elapsed_time": 77.00538539886475, "prnt": false}
{"event": "training_step", "timestamp": 1769667656.722383, "step": 737, "max_steps": 819, "loss": 5.325238227844238, "elapsed_time": 77.09997320175171, "prnt": false}
{"event": "training_step", "timestamp": 1769667656.8170795, "step": 738, "max_steps": 819, "loss": 5.401505470275879, "elapsed_time": 77.1945571899414, "prnt": false}
{"event": "training_step", "timestamp": 1769667656.9118533, "step": 739, "max_steps": 819, "loss": 5.329226016998291, "elapsed_time": 77.28923535346985, "prnt": false}
{"event": "training_step", "timestamp": 1769667657.0064723, "step": 740, "max_steps": 819, "loss": 5.36248779296875, "elapsed_time": 77.38397812843323, "prnt": false}
{"event": "training_step", "timestamp": 1769667657.1013172, "step": 741, "max_steps": 819, "loss": 5.3251471519470215, "elapsed_time": 77.47865080833435, "prnt": false}
{"event": "validation_step", "timestamp": 1769667657.5011382, "step": 741, "max_steps": 819, "loss": 1.1072961478375074, "elapsed_time": 77.47865080833435}
{"event": "training_step", "timestamp": 1769667657.5959666, "step": 742, "max_steps": 819, "loss": 5.381013870239258, "elapsed_time": 77.97378253936768, "prnt": false}
{"event": "training_step", "timestamp": 1769667657.690798, "step": 743, "max_steps": 819, "loss": 5.351359844207764, "elapsed_time": 78.06848216056824, "prnt": false}
{"event": "training_step", "timestamp": 1769667657.7854507, "step": 744, "max_steps": 819, "loss": 5.337092876434326, "elapsed_time": 78.16307377815247, "prnt": false}
{"event": "training_step", "timestamp": 1769667657.8803375, "step": 745, "max_steps": 819, "loss": 5.375508785247803, "elapsed_time": 78.2577395439148, "prnt": false}
{"event": "training_step", "timestamp": 1769667657.9750326, "step": 746, "max_steps": 819, "loss": 5.3117265701293945, "elapsed_time": 78.35252976417542, "prnt": false}
{"event": "training_step", "timestamp": 1769667658.0697305, "step": 747, "max_steps": 819, "loss": 5.306838035583496, "elapsed_time": 78.44723415374756, "prnt": false}
{"event": "training_step", "timestamp": 1769667658.1643746, "step": 748, "max_steps": 819, "loss": 5.376046657562256, "elapsed_time": 78.54180765151978, "prnt": false}
{"event": "training_step", "timestamp": 1769667658.2590542, "step": 749, "max_steps": 819, "loss": 5.309334754943848, "elapsed_time": 78.63651418685913, "prnt": false}
{"event": "training_step", "timestamp": 1769667658.353629, "step": 750, "max_steps": 819, "loss": 5.425682544708252, "elapsed_time": 78.73105192184448, "prnt": false}
{"event": "training_step", "timestamp": 1769667658.4484766, "step": 751, "max_steps": 819, "loss": 5.327520370483398, "elapsed_time": 78.8258204460144, "prnt": false}
{"event": "training_step", "timestamp": 1769667658.5433466, "step": 752, "max_steps": 819, "loss": 5.436527729034424, "elapsed_time": 78.9206178188324, "prnt": false}
{"event": "training_step", "timestamp": 1769667658.6381853, "step": 753, "max_steps": 819, "loss": 5.39454984664917, "elapsed_time": 79.01570963859558, "prnt": false}
{"event": "training_step", "timestamp": 1769667658.7328904, "step": 754, "max_steps": 819, "loss": 5.233076095581055, "elapsed_time": 79.11019515991211, "prnt": false}
{"event": "training_step", "timestamp": 1769667658.8275886, "step": 755, "max_steps": 819, "loss": 5.384250640869141, "elapsed_time": 79.2050929069519, "prnt": false}
{"event": "training_step", "timestamp": 1769667658.9223092, "step": 756, "max_steps": 819, "loss": 5.349762439727783, "elapsed_time": 79.29977512359619, "prnt": false}
{"event": "training_step", "timestamp": 1769667659.0171707, "step": 757, "max_steps": 819, "loss": 5.319869041442871, "elapsed_time": 79.39459276199341, "prnt": false}
{"event": "training_step", "timestamp": 1769667659.1118288, "step": 758, "max_steps": 819, "loss": 5.2937517166137695, "elapsed_time": 79.4893708229065, "prnt": false}
{"event": "training_step", "timestamp": 1769667659.2065353, "step": 759, "max_steps": 819, "loss": 5.382635593414307, "elapsed_time": 79.58400225639343, "prnt": false}
{"event": "training_step", "timestamp": 1769667659.3013794, "step": 760, "max_steps": 819, "loss": 5.441998481750488, "elapsed_time": 79.67915368080139, "prnt": false}
{"event": "training_step", "timestamp": 1769667659.3961387, "step": 761, "max_steps": 819, "loss": 5.427208423614502, "elapsed_time": 79.77376937866211, "prnt": false}
{"event": "training_step", "timestamp": 1769667659.4908285, "step": 762, "max_steps": 819, "loss": 5.3660407066345215, "elapsed_time": 79.86839056015015, "prnt": false}
{"event": "training_step", "timestamp": 1769667659.5855184, "step": 763, "max_steps": 819, "loss": 5.4127678871154785, "elapsed_time": 79.96303367614746, "prnt": false}
{"event": "training_step", "timestamp": 1769667659.6803112, "step": 764, "max_steps": 819, "loss": 5.349641799926758, "elapsed_time": 80.05773329734802, "prnt": false}
{"event": "training_step", "timestamp": 1769667659.775199, "step": 765, "max_steps": 819, "loss": 5.3933305740356445, "elapsed_time": 80.15249443054199, "prnt": false}
{"event": "training_step", "timestamp": 1769667659.8699658, "step": 766, "max_steps": 819, "loss": 5.358850479125977, "elapsed_time": 80.2473292350769, "prnt": false}
{"event": "training_step", "timestamp": 1769667659.96466, "step": 767, "max_steps": 819, "loss": 5.390540599822998, "elapsed_time": 80.34208679199219, "prnt": false}
{"event": "training_step", "timestamp": 1769667660.0595853, "step": 768, "max_steps": 819, "loss": 5.395431995391846, "elapsed_time": 80.43673896789551, "prnt": false}
{"event": "training_step", "timestamp": 1769667660.1543958, "step": 769, "max_steps": 819, "loss": 5.440175533294678, "elapsed_time": 80.53191566467285, "prnt": false}
{"event": "training_step", "timestamp": 1769667660.2490895, "step": 770, "max_steps": 819, "loss": 5.361654281616211, "elapsed_time": 80.62652826309204, "prnt": false}
{"event": "training_step", "timestamp": 1769667660.3438869, "step": 771, "max_steps": 819, "loss": 5.316299915313721, "elapsed_time": 80.72123074531555, "prnt": false}
{"event": "training_step", "timestamp": 1769667660.4385924, "step": 772, "max_steps": 819, "loss": 5.3425679206848145, "elapsed_time": 80.81595945358276, "prnt": false}
{"event": "training_step", "timestamp": 1769667660.533275, "step": 773, "max_steps": 819, "loss": 5.356822490692139, "elapsed_time": 80.91076898574829, "prnt": false}
{"event": "training_step", "timestamp": 1769667660.6280487, "step": 774, "max_steps": 819, "loss": 5.381110191345215, "elapsed_time": 81.00549936294556, "prnt": false}
{"event": "training_step", "timestamp": 1769667660.722913, "step": 775, "max_steps": 819, "loss": 5.408580303192139, "elapsed_time": 81.10089540481567, "prnt": false}
{"event": "training_step", "timestamp": 1769667660.8175738, "step": 776, "max_steps": 819, "loss": 5.356729984283447, "elapsed_time": 81.19508719444275, "prnt": false}
{"event": "training_step", "timestamp": 1769667660.912369, "step": 777, "max_steps": 819, "loss": 5.394162654876709, "elapsed_time": 81.28989696502686, "prnt": false}
{"event": "training_step", "timestamp": 1769667661.0069928, "step": 778, "max_steps": 819, "loss": 5.362860679626465, "elapsed_time": 81.38449668884277, "prnt": false}
{"event": "training_step", "timestamp": 1769667661.1018128, "step": 779, "max_steps": 819, "loss": 5.37288761138916, "elapsed_time": 81.47923374176025, "prnt": false}
{"event": "training_step", "timestamp": 1769667661.1964836, "step": 780, "max_steps": 819, "loss": 5.342329025268555, "elapsed_time": 81.57385897636414, "prnt": false}
{"event": "validation_step", "timestamp": 1769667661.596275, "step": 780, "max_steps": 819, "loss": 1.1069427026891479, "elapsed_time": 81.57385897636414}
{"event": "training_step", "timestamp": 1769667661.6912143, "step": 781, "max_steps": 819, "loss": 5.4068732261657715, "elapsed_time": 82.06910562515259, "prnt": false}
{"event": "training_step", "timestamp": 1769667661.7858694, "step": 782, "max_steps": 819, "loss": 5.5149149894714355, "elapsed_time": 82.16349649429321, "prnt": false}
{"event": "training_step", "timestamp": 1769667661.8807712, "step": 783, "max_steps": 819, "loss": 5.354103088378906, "elapsed_time": 82.25804662704468, "prnt": false}
{"event": "training_step", "timestamp": 1769667661.9754226, "step": 784, "max_steps": 819, "loss": 5.375837802886963, "elapsed_time": 82.35289287567139, "prnt": false}
{"event": "training_step", "timestamp": 1769667662.0702243, "step": 785, "max_steps": 819, "loss": 5.415361404418945, "elapsed_time": 82.44759964942932, "prnt": false}
{"event": "training_step", "timestamp": 1769667662.1648955, "step": 786, "max_steps": 819, "loss": 5.358425140380859, "elapsed_time": 82.54236173629761, "prnt": false}
{"event": "training_step", "timestamp": 1769667662.2598243, "step": 787, "max_steps": 819, "loss": 5.366906642913818, "elapsed_time": 82.63705253601074, "prnt": false}
{"event": "training_step", "timestamp": 1769667662.354875, "step": 788, "max_steps": 819, "loss": 5.424877643585205, "elapsed_time": 82.73301935195923, "prnt": false}
{"event": "training_step", "timestamp": 1769667662.450016, "step": 789, "max_steps": 819, "loss": 5.3230814933776855, "elapsed_time": 82.82798171043396, "prnt": false}
{"event": "training_step", "timestamp": 1769667662.5448742, "step": 790, "max_steps": 819, "loss": 5.332170486450195, "elapsed_time": 82.92302989959717, "prnt": false}
{"event": "training_step", "timestamp": 1769667662.639976, "step": 791, "max_steps": 819, "loss": 5.334982395172119, "elapsed_time": 83.01788854598999, "prnt": false}
{"event": "training_step", "timestamp": 1769667662.7346687, "step": 792, "max_steps": 819, "loss": 5.357707977294922, "elapsed_time": 83.11269116401672, "prnt": false}
{"event": "training_step", "timestamp": 1769667662.8296046, "step": 793, "max_steps": 819, "loss": 5.3440704345703125, "elapsed_time": 83.20769453048706, "prnt": false}
{"event": "training_step", "timestamp": 1769667662.9244177, "step": 794, "max_steps": 819, "loss": 5.326901435852051, "elapsed_time": 83.30252718925476, "prnt": false}
{"event": "training_step", "timestamp": 1769667663.0195582, "step": 795, "max_steps": 819, "loss": 5.369934558868408, "elapsed_time": 83.39820837974548, "prnt": false}
{"event": "training_step", "timestamp": 1769667663.1145155, "step": 796, "max_steps": 819, "loss": 5.31209659576416, "elapsed_time": 83.49281740188599, "prnt": false}
{"event": "training_step", "timestamp": 1769667663.2095098, "step": 797, "max_steps": 819, "loss": 5.409123420715332, "elapsed_time": 83.58756136894226, "prnt": false}
{"event": "training_step", "timestamp": 1769667663.3042939, "step": 798, "max_steps": 819, "loss": 5.350196361541748, "elapsed_time": 83.68232750892639, "prnt": false}
{"event": "training_step", "timestamp": 1769667663.3994281, "step": 799, "max_steps": 819, "loss": 5.322506904602051, "elapsed_time": 83.77740263938904, "prnt": false}
{"event": "training_step", "timestamp": 1769667663.4943395, "step": 800, "max_steps": 819, "loss": 5.36613130569458, "elapsed_time": 83.87247109413147, "prnt": false}
{"event": "training_step", "timestamp": 1769667663.5893452, "step": 801, "max_steps": 819, "loss": 5.3371405601501465, "elapsed_time": 83.96750164031982, "prnt": false}
{"event": "training_step", "timestamp": 1769667663.6843295, "step": 802, "max_steps": 819, "loss": 5.370586395263672, "elapsed_time": 84.06258630752563, "prnt": false}
{"event": "training_step", "timestamp": 1769667663.7793815, "step": 803, "max_steps": 819, "loss": 5.313843727111816, "elapsed_time": 84.15734672546387, "prnt": false}
{"event": "training_step", "timestamp": 1769667663.8742578, "step": 804, "max_steps": 819, "loss": 5.44624137878418, "elapsed_time": 84.2522873878479, "prnt": false}
{"event": "training_step", "timestamp": 1769667663.9692688, "step": 805, "max_steps": 819, "loss": 5.296502590179443, "elapsed_time": 84.34742259979248, "prnt": false}
{"event": "training_step", "timestamp": 1769667664.0640223, "step": 806, "max_steps": 819, "loss": 5.293667316436768, "elapsed_time": 84.44201564788818, "prnt": false}
{"event": "training_step", "timestamp": 1769667664.1590607, "step": 807, "max_steps": 819, "loss": 5.324843406677246, "elapsed_time": 84.5370626449585, "prnt": false}
{"event": "training_step", "timestamp": 1769667664.2539654, "step": 808, "max_steps": 819, "loss": 5.40746545791626, "elapsed_time": 84.63178491592407, "prnt": false}
{"event": "training_step", "timestamp": 1769667664.3490005, "step": 809, "max_steps": 819, "loss": 5.277166843414307, "elapsed_time": 84.7272891998291, "prnt": false}
{"event": "training_step", "timestamp": 1769667664.4437256, "step": 810, "max_steps": 819, "loss": 5.334004878997803, "elapsed_time": 84.82170152664185, "prnt": false}
{"event": "training_step", "timestamp": 1769667664.5387406, "step": 811, "max_steps": 819, "loss": 5.333512306213379, "elapsed_time": 84.91653442382812, "prnt": false}
{"event": "training_step", "timestamp": 1769667664.6337056, "step": 812, "max_steps": 819, "loss": 5.3508687019348145, "elapsed_time": 85.01170492172241, "prnt": false}
{"event": "training_step", "timestamp": 1769667664.7288435, "step": 813, "max_steps": 819, "loss": 5.458621501922607, "elapsed_time": 85.10685682296753, "prnt": false}
{"event": "training_step", "timestamp": 1769667664.823641, "step": 814, "max_steps": 819, "loss": 5.289019584655762, "elapsed_time": 85.20147490501404, "prnt": false}
{"event": "training_step", "timestamp": 1769667664.9186313, "step": 815, "max_steps": 819, "loss": 5.425967693328857, "elapsed_time": 85.29628491401672, "prnt": false}
{"event": "training_step", "timestamp": 1769667665.0134826, "step": 816, "max_steps": 819, "loss": 5.371570587158203, "elapsed_time": 85.3915286064148, "prnt": false}
{"event": "training_step", "timestamp": 1769667665.1084976, "step": 817, "max_steps": 819, "loss": 5.372304916381836, "elapsed_time": 85.48651456832886, "prnt": false}
{"event": "training_step", "timestamp": 1769667665.2033925, "step": 818, "max_steps": 819, "loss": 5.388298511505127, "elapsed_time": 85.58140468597412, "prnt": false}
{"event": "training_step", "timestamp": 1769667665.2987087, "step": 819, "max_steps": 819, "loss": 5.3376359939575195, "elapsed_time": 85.67917895317078, "prnt": false}
{"event": "validation_step", "timestamp": 1769667665.6987684, "step": 819, "max_steps": 819, "loss": 1.10685877228301, "elapsed_time": 85.67917895317078}
