{"event": "hyperparameters_configured", "timestamp": 1769648422.7667823, "block_size": 64, "vocab_size": 16000, "n_layer": 8, "n_head": 9, "d_model": 576, "dropout": 0.0, "mlp_ratio": 5.0, "activation": "gelu", "residual_scaling": true, "batch_size": 128, "lr": 0.0003, "weight_decay": 0.1, "evals_per_epoch": 3, "batch_mode": "random", "optimizer": "adamw", "scheduler": "warmup_cosine", "warmup_fraction": 0.05, "normalizer": "nfkc", "pre_tokenizer": "bytelevel", "eos_handling": "string_join", "min_frequency": 1, "domain_tokens": false, "epochs": 7, "seed": 1337, "num_titles": 100000, "val_frac": 0.1, "log_file": "./logs/exp-nfkc.log"}
{"event": "device_info", "timestamp": 1769648422.784293, "device": "cuda"}
{"event": "dataset_info", "timestamp": 1769648432.827651, "titles_count": 90000, "epochs": 7, "batches_per_epoch": 134, "tokens_per_epoch": 1101872, "vocab_size": 16000}
{"event": "model_info", "timestamp": 1769648433.216181, "parameters_count": 46477440}
{"event": "training_step", "timestamp": 1769648433.8339987, "step": 1, "max_steps": 938, "loss": 9.783288955688477, "elapsed_time": 0.1907947063446045, "prnt": false}
{"event": "validation_step", "timestamp": 1769648434.2154799, "step": 1, "max_steps": 938, "loss": 2.104589135907613, "elapsed_time": 0.1907947063446045}
{"event": "training_step", "timestamp": 1769648434.3002877, "step": 2, "max_steps": 938, "loss": 9.792112350463867, "elapsed_time": 0.5802967548370361, "prnt": false}
{"event": "training_step", "timestamp": 1769648434.3849692, "step": 3, "max_steps": 938, "loss": 9.638980865478516, "elapsed_time": 0.6642990112304688, "prnt": false}
{"event": "training_step", "timestamp": 1769648434.4695125, "step": 4, "max_steps": 938, "loss": 9.403509140014648, "elapsed_time": 0.7488677501678467, "prnt": false}
{"event": "training_step", "timestamp": 1769648434.553955, "step": 5, "max_steps": 938, "loss": 9.192026138305664, "elapsed_time": 0.8334205150604248, "prnt": false}
{"event": "training_step", "timestamp": 1769648434.6383288, "step": 6, "max_steps": 938, "loss": 9.04782485961914, "elapsed_time": 0.9179954528808594, "prnt": false}
{"event": "training_step", "timestamp": 1769648434.722654, "step": 7, "max_steps": 938, "loss": 8.96496868133545, "elapsed_time": 1.0025348663330078, "prnt": false}
{"event": "training_step", "timestamp": 1769648434.807079, "step": 8, "max_steps": 938, "loss": 8.898521423339844, "elapsed_time": 1.0867137908935547, "prnt": false}
{"event": "training_step", "timestamp": 1769648434.8914359, "step": 9, "max_steps": 938, "loss": 8.880546569824219, "elapsed_time": 1.1709177494049072, "prnt": false}
{"event": "training_step", "timestamp": 1769648434.975903, "step": 10, "max_steps": 938, "loss": 8.841531753540039, "elapsed_time": 1.2554652690887451, "prnt": false}
{"event": "training_step", "timestamp": 1769648435.0600893, "step": 11, "max_steps": 938, "loss": 8.755865097045898, "elapsed_time": 1.3397982120513916, "prnt": false}
{"event": "training_step", "timestamp": 1769648435.1443293, "step": 12, "max_steps": 938, "loss": 8.751413345336914, "elapsed_time": 1.4242277145385742, "prnt": false}
{"event": "training_step", "timestamp": 1769648435.2288692, "step": 13, "max_steps": 938, "loss": 8.734600067138672, "elapsed_time": 1.508232593536377, "prnt": false}
{"event": "training_step", "timestamp": 1769648435.3140879, "step": 14, "max_steps": 938, "loss": 8.687332153320312, "elapsed_time": 1.5930955410003662, "prnt": false}
{"event": "training_step", "timestamp": 1769648435.3989277, "step": 15, "max_steps": 938, "loss": 8.62405014038086, "elapsed_time": 1.678570032119751, "prnt": false}
{"event": "training_step", "timestamp": 1769648435.4836686, "step": 16, "max_steps": 938, "loss": 8.565276145935059, "elapsed_time": 1.7629308700561523, "prnt": false}
{"event": "training_step", "timestamp": 1769648435.5684447, "step": 17, "max_steps": 938, "loss": 8.526056289672852, "elapsed_time": 1.8477957248687744, "prnt": false}
{"event": "training_step", "timestamp": 1769648435.6534343, "step": 18, "max_steps": 938, "loss": 8.452844619750977, "elapsed_time": 1.9325404167175293, "prnt": false}
{"event": "training_step", "timestamp": 1769648435.738166, "step": 19, "max_steps": 938, "loss": 8.413774490356445, "elapsed_time": 2.017787456512451, "prnt": false}
{"event": "training_step", "timestamp": 1769648435.8228047, "step": 20, "max_steps": 938, "loss": 8.380803108215332, "elapsed_time": 2.102280855178833, "prnt": false}
{"event": "training_step", "timestamp": 1769648435.9071984, "step": 21, "max_steps": 938, "loss": 8.254827499389648, "elapsed_time": 2.1868085861206055, "prnt": false}
{"event": "training_step", "timestamp": 1769648435.9916174, "step": 22, "max_steps": 938, "loss": 8.232590675354004, "elapsed_time": 2.271289587020874, "prnt": false}
{"event": "training_step", "timestamp": 1769648436.075913, "step": 23, "max_steps": 938, "loss": 8.11294937133789, "elapsed_time": 2.3554635047912598, "prnt": false}
{"event": "training_step", "timestamp": 1769648436.1605806, "step": 24, "max_steps": 938, "loss": 8.07866382598877, "elapsed_time": 2.4407541751861572, "prnt": false}
{"event": "training_step", "timestamp": 1769648436.2448876, "step": 25, "max_steps": 938, "loss": 8.04910945892334, "elapsed_time": 2.5247039794921875, "prnt": false}
{"event": "training_step", "timestamp": 1769648436.3294673, "step": 26, "max_steps": 938, "loss": 7.965319633483887, "elapsed_time": 2.6092748641967773, "prnt": false}
{"event": "training_step", "timestamp": 1769648436.4140222, "step": 27, "max_steps": 938, "loss": 7.968221187591553, "elapsed_time": 2.6934807300567627, "prnt": false}
{"event": "training_step", "timestamp": 1769648436.4983413, "step": 28, "max_steps": 938, "loss": 7.897899627685547, "elapsed_time": 2.777940273284912, "prnt": false}
{"event": "training_step", "timestamp": 1769648436.5826435, "step": 29, "max_steps": 938, "loss": 7.8081955909729, "elapsed_time": 2.862258195877075, "prnt": false}
{"event": "training_step", "timestamp": 1769648436.6672778, "step": 30, "max_steps": 938, "loss": 7.819581031799316, "elapsed_time": 2.9469852447509766, "prnt": false}
{"event": "training_step", "timestamp": 1769648436.7517328, "step": 31, "max_steps": 938, "loss": 7.6926727294921875, "elapsed_time": 3.0315020084381104, "prnt": false}
{"event": "training_step", "timestamp": 1769648436.836166, "step": 32, "max_steps": 938, "loss": 7.715571880340576, "elapsed_time": 3.1157479286193848, "prnt": false}
{"event": "training_step", "timestamp": 1769648436.9204025, "step": 33, "max_steps": 938, "loss": 7.70356559753418, "elapsed_time": 3.199967384338379, "prnt": false}
{"event": "training_step", "timestamp": 1769648437.0049524, "step": 34, "max_steps": 938, "loss": 7.615243911743164, "elapsed_time": 3.284569501876831, "prnt": false}
{"event": "training_step", "timestamp": 1769648437.0892723, "step": 35, "max_steps": 938, "loss": 7.578855037689209, "elapsed_time": 3.3687586784362793, "prnt": false}
{"event": "training_step", "timestamp": 1769648437.1738465, "step": 36, "max_steps": 938, "loss": 7.572813510894775, "elapsed_time": 3.4533138275146484, "prnt": false}
{"event": "training_step", "timestamp": 1769648437.2580912, "step": 37, "max_steps": 938, "loss": 7.46566915512085, "elapsed_time": 3.5378365516662598, "prnt": false}
{"event": "training_step", "timestamp": 1769648437.342769, "step": 38, "max_steps": 938, "loss": 7.485054016113281, "elapsed_time": 3.622699737548828, "prnt": false}
{"event": "training_step", "timestamp": 1769648437.4270794, "step": 39, "max_steps": 938, "loss": 7.441551208496094, "elapsed_time": 3.70670223236084, "prnt": false}
{"event": "training_step", "timestamp": 1769648437.511719, "step": 40, "max_steps": 938, "loss": 7.4090094566345215, "elapsed_time": 3.7911434173583984, "prnt": false}
{"event": "training_step", "timestamp": 1769648437.5961404, "step": 41, "max_steps": 938, "loss": 7.466331481933594, "elapsed_time": 3.875615358352661, "prnt": false}
{"event": "training_step", "timestamp": 1769648437.680626, "step": 42, "max_steps": 938, "loss": 7.442124366760254, "elapsed_time": 3.960069417953491, "prnt": false}
{"event": "training_step", "timestamp": 1769648437.7649887, "step": 43, "max_steps": 938, "loss": 7.325506210327148, "elapsed_time": 4.044501781463623, "prnt": false}
{"event": "training_step", "timestamp": 1769648437.849644, "step": 44, "max_steps": 938, "loss": 7.31698751449585, "elapsed_time": 4.12899112701416, "prnt": false}
{"event": "validation_step", "timestamp": 1769648438.2323472, "step": 44, "max_steps": 938, "loss": 1.5889671972435437, "elapsed_time": 4.12899112701416}
{"event": "training_step", "timestamp": 1769648438.3174121, "step": 45, "max_steps": 938, "loss": 7.369945049285889, "elapsed_time": 4.596767902374268, "prnt": false}
{"event": "training_step", "timestamp": 1769648438.4018998, "step": 46, "max_steps": 938, "loss": 7.370538711547852, "elapsed_time": 4.681398868560791, "prnt": false}
{"event": "training_step", "timestamp": 1769648438.4862876, "step": 47, "max_steps": 938, "loss": 7.346682071685791, "elapsed_time": 4.765713214874268, "prnt": false}
{"event": "training_step", "timestamp": 1769648438.570876, "step": 48, "max_steps": 938, "loss": 7.282895565032959, "elapsed_time": 4.8503639698028564, "prnt": false}
{"event": "training_step", "timestamp": 1769648438.6553628, "step": 49, "max_steps": 938, "loss": 7.390615940093994, "elapsed_time": 4.9347193241119385, "prnt": false}
{"event": "training_step", "timestamp": 1769648438.739898, "step": 50, "max_steps": 938, "loss": 7.322963714599609, "elapsed_time": 5.019354343414307, "prnt": false}
{"event": "training_step", "timestamp": 1769648438.8243942, "step": 51, "max_steps": 938, "loss": 7.315385818481445, "elapsed_time": 5.103724479675293, "prnt": false}
{"event": "training_step", "timestamp": 1769648438.9092624, "step": 52, "max_steps": 938, "loss": 7.263567924499512, "elapsed_time": 5.188502311706543, "prnt": false}
{"event": "training_step", "timestamp": 1769648438.9939659, "step": 53, "max_steps": 938, "loss": 7.270796298980713, "elapsed_time": 5.273351669311523, "prnt": false}
{"event": "training_step", "timestamp": 1769648439.0785508, "step": 54, "max_steps": 938, "loss": 7.288782119750977, "elapsed_time": 5.357877969741821, "prnt": false}
{"event": "training_step", "timestamp": 1769648439.1629522, "step": 55, "max_steps": 938, "loss": 7.248720169067383, "elapsed_time": 5.442294597625732, "prnt": false}
{"event": "training_step", "timestamp": 1769648439.2477577, "step": 56, "max_steps": 938, "loss": 7.284882545471191, "elapsed_time": 5.527296304702759, "prnt": false}
{"event": "training_step", "timestamp": 1769648439.3325071, "step": 57, "max_steps": 938, "loss": 7.243208408355713, "elapsed_time": 5.611730575561523, "prnt": false}
{"event": "training_step", "timestamp": 1769648439.4171898, "step": 58, "max_steps": 938, "loss": 7.210658550262451, "elapsed_time": 5.6966331005096436, "prnt": false}
{"event": "training_step", "timestamp": 1769648439.5016088, "step": 59, "max_steps": 938, "loss": 7.181973934173584, "elapsed_time": 5.781060695648193, "prnt": false}
{"event": "training_step", "timestamp": 1769648439.5862327, "step": 60, "max_steps": 938, "loss": 7.218413352966309, "elapsed_time": 5.86568546295166, "prnt": false}
{"event": "training_step", "timestamp": 1769648439.670827, "step": 61, "max_steps": 938, "loss": 7.1841535568237305, "elapsed_time": 5.950138568878174, "prnt": false}
{"event": "training_step", "timestamp": 1769648439.7555323, "step": 62, "max_steps": 938, "loss": 7.221390724182129, "elapsed_time": 6.03479790687561, "prnt": false}
{"event": "training_step", "timestamp": 1769648439.8400204, "step": 63, "max_steps": 938, "loss": 7.136959075927734, "elapsed_time": 6.11937952041626, "prnt": false}
{"event": "training_step", "timestamp": 1769648439.9246197, "step": 64, "max_steps": 938, "loss": 7.127790451049805, "elapsed_time": 6.203889608383179, "prnt": false}
{"event": "training_step", "timestamp": 1769648440.0092335, "step": 65, "max_steps": 938, "loss": 7.141945838928223, "elapsed_time": 6.288423776626587, "prnt": false}
{"event": "training_step", "timestamp": 1769648440.0940459, "step": 66, "max_steps": 938, "loss": 7.199912071228027, "elapsed_time": 6.373163938522339, "prnt": false}
{"event": "training_step", "timestamp": 1769648440.1787343, "step": 67, "max_steps": 938, "loss": 7.122463226318359, "elapsed_time": 6.45861291885376, "prnt": false}
{"event": "training_step", "timestamp": 1769648440.2634256, "step": 68, "max_steps": 938, "loss": 7.179846286773682, "elapsed_time": 6.5429840087890625, "prnt": false}
{"event": "training_step", "timestamp": 1769648440.3478765, "step": 69, "max_steps": 938, "loss": 7.081203937530518, "elapsed_time": 6.62735915184021, "prnt": false}
{"event": "training_step", "timestamp": 1769648440.4327273, "step": 70, "max_steps": 938, "loss": 7.066456317901611, "elapsed_time": 6.71195387840271, "prnt": false}
{"event": "training_step", "timestamp": 1769648440.5171523, "step": 71, "max_steps": 938, "loss": 7.055230617523193, "elapsed_time": 6.796504259109497, "prnt": false}
{"event": "training_step", "timestamp": 1769648440.6018267, "step": 72, "max_steps": 938, "loss": 7.189150810241699, "elapsed_time": 6.881262540817261, "prnt": false}
{"event": "training_step", "timestamp": 1769648440.6864436, "step": 73, "max_steps": 938, "loss": 7.068029880523682, "elapsed_time": 6.965632200241089, "prnt": false}
{"event": "training_step", "timestamp": 1769648440.7713783, "step": 74, "max_steps": 938, "loss": 6.9786787033081055, "elapsed_time": 7.050347566604614, "prnt": false}
{"event": "training_step", "timestamp": 1769648440.855986, "step": 75, "max_steps": 938, "loss": 7.044749736785889, "elapsed_time": 7.135267972946167, "prnt": false}
{"event": "training_step", "timestamp": 1769648440.9405553, "step": 76, "max_steps": 938, "loss": 7.048746585845947, "elapsed_time": 7.219898700714111, "prnt": false}
{"event": "training_step", "timestamp": 1769648441.0253139, "step": 77, "max_steps": 938, "loss": 7.0401225090026855, "elapsed_time": 7.304382801055908, "prnt": false}
{"event": "training_step", "timestamp": 1769648441.1101108, "step": 78, "max_steps": 938, "loss": 7.045407295227051, "elapsed_time": 7.389242172241211, "prnt": false}
{"event": "training_step", "timestamp": 1769648441.1947715, "step": 79, "max_steps": 938, "loss": 7.056716442108154, "elapsed_time": 7.474151134490967, "prnt": false}
{"event": "training_step", "timestamp": 1769648441.2794547, "step": 80, "max_steps": 938, "loss": 7.081282615661621, "elapsed_time": 7.558805704116821, "prnt": false}
{"event": "training_step", "timestamp": 1769648441.3640492, "step": 81, "max_steps": 938, "loss": 6.900333404541016, "elapsed_time": 7.643204212188721, "prnt": false}
{"event": "training_step", "timestamp": 1769648441.4487863, "step": 82, "max_steps": 938, "loss": 6.965593338012695, "elapsed_time": 7.728032350540161, "prnt": false}
{"event": "training_step", "timestamp": 1769648441.5335505, "step": 83, "max_steps": 938, "loss": 7.039991855621338, "elapsed_time": 7.812574625015259, "prnt": false}
{"event": "training_step", "timestamp": 1769648441.6182384, "step": 84, "max_steps": 938, "loss": 6.953705787658691, "elapsed_time": 7.897460460662842, "prnt": false}
{"event": "training_step", "timestamp": 1769648441.7027664, "step": 85, "max_steps": 938, "loss": 6.958658218383789, "elapsed_time": 7.982146501541138, "prnt": false}
{"event": "training_step", "timestamp": 1769648441.7876906, "step": 86, "max_steps": 938, "loss": 6.920412540435791, "elapsed_time": 8.066823959350586, "prnt": false}
{"event": "training_step", "timestamp": 1769648441.8725579, "step": 87, "max_steps": 938, "loss": 6.906667709350586, "elapsed_time": 8.151713609695435, "prnt": false}
{"event": "training_step", "timestamp": 1769648441.9572997, "step": 88, "max_steps": 938, "loss": 6.910314083099365, "elapsed_time": 8.236476182937622, "prnt": false}
{"event": "validation_step", "timestamp": 1769648442.341415, "step": 88, "max_steps": 938, "loss": 1.4952420028531066, "elapsed_time": 8.236476182937622}
{"event": "training_step", "timestamp": 1769648442.426581, "step": 89, "max_steps": 938, "loss": 6.849313735961914, "elapsed_time": 8.70585298538208, "prnt": false}
{"event": "training_step", "timestamp": 1769648442.5116353, "step": 90, "max_steps": 938, "loss": 6.89773416519165, "elapsed_time": 8.791092872619629, "prnt": false}
{"event": "training_step", "timestamp": 1769648442.596315, "step": 91, "max_steps": 938, "loss": 6.867001533508301, "elapsed_time": 8.875603437423706, "prnt": false}
{"event": "training_step", "timestamp": 1769648442.6810186, "step": 92, "max_steps": 938, "loss": 6.791808605194092, "elapsed_time": 8.960283517837524, "prnt": false}
{"event": "training_step", "timestamp": 1769648442.7657099, "step": 93, "max_steps": 938, "loss": 6.86590051651001, "elapsed_time": 9.044946193695068, "prnt": false}
{"event": "training_step", "timestamp": 1769648442.8506322, "step": 94, "max_steps": 938, "loss": 6.900400638580322, "elapsed_time": 9.129942655563354, "prnt": false}
{"event": "training_step", "timestamp": 1769648442.9352503, "step": 95, "max_steps": 938, "loss": 6.854064464569092, "elapsed_time": 9.214436769485474, "prnt": false}
{"event": "training_step", "timestamp": 1769648443.0201416, "step": 96, "max_steps": 938, "loss": 6.868890285491943, "elapsed_time": 9.299088478088379, "prnt": false}
{"event": "training_step", "timestamp": 1769648443.1049445, "step": 97, "max_steps": 938, "loss": 6.842850685119629, "elapsed_time": 9.384042978286743, "prnt": false}
{"event": "training_step", "timestamp": 1769648443.1897285, "step": 98, "max_steps": 938, "loss": 6.787583351135254, "elapsed_time": 9.468907594680786, "prnt": false}
{"event": "training_step", "timestamp": 1769648443.2744277, "step": 99, "max_steps": 938, "loss": 6.808797836303711, "elapsed_time": 9.553645133972168, "prnt": false}
{"event": "training_step", "timestamp": 1769648443.3591921, "step": 100, "max_steps": 938, "loss": 6.8008036613464355, "elapsed_time": 9.638472318649292, "prnt": false}
{"event": "training_step", "timestamp": 1769648443.4440172, "step": 101, "max_steps": 938, "loss": 6.954869270324707, "elapsed_time": 9.7230544090271, "prnt": false}
{"event": "training_step", "timestamp": 1769648443.5288925, "step": 102, "max_steps": 938, "loss": 6.849912643432617, "elapsed_time": 9.807934999465942, "prnt": false}
{"event": "training_step", "timestamp": 1769648443.6135378, "step": 103, "max_steps": 938, "loss": 6.808506011962891, "elapsed_time": 9.892640352249146, "prnt": false}
{"event": "training_step", "timestamp": 1769648443.698142, "step": 104, "max_steps": 938, "loss": 6.808558940887451, "elapsed_time": 9.977635145187378, "prnt": false}
{"event": "training_step", "timestamp": 1769648443.78284, "step": 105, "max_steps": 938, "loss": 6.75610876083374, "elapsed_time": 10.062112092971802, "prnt": false}
{"event": "training_step", "timestamp": 1769648443.8675935, "step": 106, "max_steps": 938, "loss": 6.783456325531006, "elapsed_time": 10.146972894668579, "prnt": false}
{"event": "training_step", "timestamp": 1769648443.9522367, "step": 107, "max_steps": 938, "loss": 6.807375431060791, "elapsed_time": 10.231393098831177, "prnt": false}
{"event": "training_step", "timestamp": 1769648444.0367389, "step": 108, "max_steps": 938, "loss": 6.712377071380615, "elapsed_time": 10.316036701202393, "prnt": false}
{"event": "training_step", "timestamp": 1769648444.1213162, "step": 109, "max_steps": 938, "loss": 6.734055042266846, "elapsed_time": 10.400582313537598, "prnt": false}
{"event": "training_step", "timestamp": 1769648444.2062387, "step": 110, "max_steps": 938, "loss": 6.711156368255615, "elapsed_time": 10.486146211624146, "prnt": false}
{"event": "training_step", "timestamp": 1769648444.2909617, "step": 111, "max_steps": 938, "loss": 6.770893573760986, "elapsed_time": 10.570521354675293, "prnt": false}
{"event": "training_step", "timestamp": 1769648444.375582, "step": 112, "max_steps": 938, "loss": 6.752933502197266, "elapsed_time": 10.655089139938354, "prnt": false}
{"event": "training_step", "timestamp": 1769648444.460099, "step": 113, "max_steps": 938, "loss": 6.797847270965576, "elapsed_time": 10.739688158035278, "prnt": false}
{"event": "training_step", "timestamp": 1769648444.5446763, "step": 114, "max_steps": 938, "loss": 6.743777751922607, "elapsed_time": 10.823964357376099, "prnt": false}
{"event": "training_step", "timestamp": 1769648444.6294672, "step": 115, "max_steps": 938, "loss": 6.692980766296387, "elapsed_time": 10.90849781036377, "prnt": false}
{"event": "training_step", "timestamp": 1769648444.7142894, "step": 116, "max_steps": 938, "loss": 6.7384796142578125, "elapsed_time": 10.993602514266968, "prnt": false}
{"event": "training_step", "timestamp": 1769648444.7988548, "step": 117, "max_steps": 938, "loss": 6.720171928405762, "elapsed_time": 11.07828402519226, "prnt": false}
{"event": "training_step", "timestamp": 1769648444.8835106, "step": 118, "max_steps": 938, "loss": 6.636094093322754, "elapsed_time": 11.16293716430664, "prnt": false}
{"event": "training_step", "timestamp": 1769648444.9681358, "step": 119, "max_steps": 938, "loss": 6.611113548278809, "elapsed_time": 11.24729299545288, "prnt": false}
{"event": "training_step", "timestamp": 1769648445.0528464, "step": 120, "max_steps": 938, "loss": 6.673632621765137, "elapsed_time": 11.332089900970459, "prnt": false}
{"event": "training_step", "timestamp": 1769648445.137425, "step": 121, "max_steps": 938, "loss": 6.661341190338135, "elapsed_time": 11.416690349578857, "prnt": false}
{"event": "training_step", "timestamp": 1769648445.221954, "step": 122, "max_steps": 938, "loss": 6.728474140167236, "elapsed_time": 11.501340866088867, "prnt": false}
{"event": "training_step", "timestamp": 1769648445.3068106, "step": 123, "max_steps": 938, "loss": 6.600447177886963, "elapsed_time": 11.585992336273193, "prnt": false}
{"event": "training_step", "timestamp": 1769648445.391759, "step": 124, "max_steps": 938, "loss": 6.699636936187744, "elapsed_time": 11.670894384384155, "prnt": false}
{"event": "training_step", "timestamp": 1769648445.4764118, "step": 125, "max_steps": 938, "loss": 6.6549787521362305, "elapsed_time": 11.755587816238403, "prnt": false}
{"event": "training_step", "timestamp": 1769648445.5610628, "step": 126, "max_steps": 938, "loss": 6.7114105224609375, "elapsed_time": 11.840394258499146, "prnt": false}
{"event": "training_step", "timestamp": 1769648445.645763, "step": 127, "max_steps": 938, "loss": 6.672499656677246, "elapsed_time": 11.924829721450806, "prnt": false}
{"event": "training_step", "timestamp": 1769648445.7306497, "step": 128, "max_steps": 938, "loss": 6.6420440673828125, "elapsed_time": 12.009766578674316, "prnt": false}
{"event": "training_step", "timestamp": 1769648445.8152084, "step": 129, "max_steps": 938, "loss": 6.562393665313721, "elapsed_time": 12.09444808959961, "prnt": false}
{"event": "training_step", "timestamp": 1769648445.8998578, "step": 130, "max_steps": 938, "loss": 6.596559047698975, "elapsed_time": 12.17916202545166, "prnt": false}
{"event": "training_step", "timestamp": 1769648445.9844773, "step": 131, "max_steps": 938, "loss": 6.630758285522461, "elapsed_time": 12.263733386993408, "prnt": false}
{"event": "training_step", "timestamp": 1769648446.0692766, "step": 132, "max_steps": 938, "loss": 6.595424652099609, "elapsed_time": 12.348549604415894, "prnt": false}
{"event": "validation_step", "timestamp": 1769648446.4534664, "step": 132, "max_steps": 938, "loss": 1.4375364577279017, "elapsed_time": 12.348549604415894}
{"event": "training_step", "timestamp": 1769648446.5387473, "step": 133, "max_steps": 938, "loss": 6.612058639526367, "elapsed_time": 12.81782341003418, "prnt": false}
{"event": "training_step", "timestamp": 1769648446.6234984, "step": 134, "max_steps": 938, "loss": 6.613026142120361, "elapsed_time": 12.902708768844604, "prnt": false}
{"event": "training_step", "timestamp": 1769648446.7083383, "step": 135, "max_steps": 938, "loss": 6.543202877044678, "elapsed_time": 12.987431287765503, "prnt": false}
{"event": "training_step", "timestamp": 1769648446.793113, "step": 136, "max_steps": 938, "loss": 6.535886764526367, "elapsed_time": 13.072184801101685, "prnt": false}
{"event": "training_step", "timestamp": 1769648446.8777459, "step": 137, "max_steps": 938, "loss": 6.605910301208496, "elapsed_time": 13.157039880752563, "prnt": false}
{"event": "training_step", "timestamp": 1769648446.9623275, "step": 138, "max_steps": 938, "loss": 6.618578910827637, "elapsed_time": 13.24181842803955, "prnt": false}
{"event": "training_step", "timestamp": 1769648447.047064, "step": 139, "max_steps": 938, "loss": 6.647411823272705, "elapsed_time": 13.326335191726685, "prnt": false}
{"event": "training_step", "timestamp": 1769648447.1318448, "step": 140, "max_steps": 938, "loss": 6.5385942459106445, "elapsed_time": 13.410877466201782, "prnt": false}
{"event": "training_step", "timestamp": 1769648447.2165298, "step": 141, "max_steps": 938, "loss": 6.557158946990967, "elapsed_time": 13.495780229568481, "prnt": false}
{"event": "training_step", "timestamp": 1769648447.3011312, "step": 142, "max_steps": 938, "loss": 6.543127059936523, "elapsed_time": 13.580484390258789, "prnt": false}
{"event": "training_step", "timestamp": 1769648447.3861024, "step": 143, "max_steps": 938, "loss": 6.585708141326904, "elapsed_time": 13.665210962295532, "prnt": false}
{"event": "training_step", "timestamp": 1769648447.4709125, "step": 144, "max_steps": 938, "loss": 6.548742771148682, "elapsed_time": 13.749867677688599, "prnt": false}
{"event": "training_step", "timestamp": 1769648447.5557027, "step": 145, "max_steps": 938, "loss": 6.48560094833374, "elapsed_time": 13.83511734008789, "prnt": false}
{"event": "training_step", "timestamp": 1769648447.640295, "step": 146, "max_steps": 938, "loss": 6.52128791809082, "elapsed_time": 13.919642210006714, "prnt": false}
{"event": "training_step", "timestamp": 1769648447.725142, "step": 147, "max_steps": 938, "loss": 6.4716901779174805, "elapsed_time": 14.00425934791565, "prnt": false}
{"event": "training_step", "timestamp": 1769648447.8100178, "step": 148, "max_steps": 938, "loss": 6.523983001708984, "elapsed_time": 14.088955879211426, "prnt": false}
{"event": "training_step", "timestamp": 1769648447.8947487, "step": 149, "max_steps": 938, "loss": 6.482099533081055, "elapsed_time": 14.173953771591187, "prnt": false}
{"event": "training_step", "timestamp": 1769648447.9794064, "step": 150, "max_steps": 938, "loss": 6.471246719360352, "elapsed_time": 14.258599519729614, "prnt": false}
{"event": "training_step", "timestamp": 1769648448.064298, "step": 151, "max_steps": 938, "loss": 6.472760200500488, "elapsed_time": 14.343292713165283, "prnt": false}
{"event": "training_step", "timestamp": 1769648448.1490924, "step": 152, "max_steps": 938, "loss": 6.520798683166504, "elapsed_time": 14.428063869476318, "prnt": false}
{"event": "training_step", "timestamp": 1769648448.2340617, "step": 153, "max_steps": 938, "loss": 6.501017093658447, "elapsed_time": 14.5135178565979, "prnt": false}
{"event": "training_step", "timestamp": 1769648448.3187463, "step": 154, "max_steps": 938, "loss": 6.515430927276611, "elapsed_time": 14.59813117980957, "prnt": false}
{"event": "training_step", "timestamp": 1769648448.403896, "step": 155, "max_steps": 938, "loss": 6.53663444519043, "elapsed_time": 14.683611869812012, "prnt": false}
{"event": "training_step", "timestamp": 1769648448.4887917, "step": 156, "max_steps": 938, "loss": 6.46742057800293, "elapsed_time": 14.767826080322266, "prnt": false}
{"event": "training_step", "timestamp": 1769648448.5736122, "step": 157, "max_steps": 938, "loss": 6.513565540313721, "elapsed_time": 14.852663516998291, "prnt": false}
{"event": "training_step", "timestamp": 1769648448.6582086, "step": 158, "max_steps": 938, "loss": 6.430346488952637, "elapsed_time": 14.937436819076538, "prnt": false}
{"event": "training_step", "timestamp": 1769648448.7429872, "step": 159, "max_steps": 938, "loss": 6.53823184967041, "elapsed_time": 15.02206802368164, "prnt": false}
{"event": "training_step", "timestamp": 1769648448.8277872, "step": 160, "max_steps": 938, "loss": 6.471391677856445, "elapsed_time": 15.1068594455719, "prnt": false}
{"event": "training_step", "timestamp": 1769648448.9126794, "step": 161, "max_steps": 938, "loss": 6.533848762512207, "elapsed_time": 15.191691398620605, "prnt": false}
{"event": "training_step", "timestamp": 1769648448.9973116, "step": 162, "max_steps": 938, "loss": 6.515143871307373, "elapsed_time": 15.276517868041992, "prnt": false}
{"event": "training_step", "timestamp": 1769648449.0820496, "step": 163, "max_steps": 938, "loss": 6.423779487609863, "elapsed_time": 15.361267805099487, "prnt": false}
{"event": "training_step", "timestamp": 1769648449.1667461, "step": 164, "max_steps": 938, "loss": 6.446935653686523, "elapsed_time": 15.445898532867432, "prnt": false}
{"event": "training_step", "timestamp": 1769648449.2516634, "step": 165, "max_steps": 938, "loss": 6.398539066314697, "elapsed_time": 15.53078842163086, "prnt": false}
{"event": "training_step", "timestamp": 1769648449.3363628, "step": 166, "max_steps": 938, "loss": 6.4380340576171875, "elapsed_time": 15.615563869476318, "prnt": false}
{"event": "training_step", "timestamp": 1769648449.421045, "step": 167, "max_steps": 938, "loss": 6.416631698608398, "elapsed_time": 15.700377941131592, "prnt": false}
{"event": "training_step", "timestamp": 1769648449.5058045, "step": 168, "max_steps": 938, "loss": 6.48099946975708, "elapsed_time": 15.784836769104004, "prnt": false}
{"event": "training_step", "timestamp": 1769648449.590773, "step": 169, "max_steps": 938, "loss": 6.472959518432617, "elapsed_time": 15.870069742202759, "prnt": false}
{"event": "training_step", "timestamp": 1769648449.6754239, "step": 170, "max_steps": 938, "loss": 6.402251243591309, "elapsed_time": 15.95458459854126, "prnt": false}
{"event": "training_step", "timestamp": 1769648449.760095, "step": 171, "max_steps": 938, "loss": 6.451082229614258, "elapsed_time": 16.03934955596924, "prnt": false}
{"event": "training_step", "timestamp": 1769648449.844953, "step": 172, "max_steps": 938, "loss": 6.476141452789307, "elapsed_time": 16.1239116191864, "prnt": false}
{"event": "training_step", "timestamp": 1769648449.9298947, "step": 173, "max_steps": 938, "loss": 6.467137336730957, "elapsed_time": 16.20907163619995, "prnt": false}
{"event": "training_step", "timestamp": 1769648450.0145624, "step": 174, "max_steps": 938, "loss": 6.461703300476074, "elapsed_time": 16.29368543624878, "prnt": false}
{"event": "training_step", "timestamp": 1769648450.0992913, "step": 175, "max_steps": 938, "loss": 6.451896667480469, "elapsed_time": 16.378545999526978, "prnt": false}
{"event": "training_step", "timestamp": 1769648450.1843019, "step": 176, "max_steps": 938, "loss": 6.304606914520264, "elapsed_time": 16.46312189102173, "prnt": false}
{"event": "validation_step", "timestamp": 1769648450.5690312, "step": 176, "max_steps": 938, "loss": 1.4026652415391119, "elapsed_time": 16.46312189102173}
{"event": "training_step", "timestamp": 1769648450.654141, "step": 177, "max_steps": 938, "loss": 6.371078014373779, "elapsed_time": 16.933371543884277, "prnt": false}
{"event": "training_step", "timestamp": 1769648450.7388802, "step": 178, "max_steps": 938, "loss": 6.408731460571289, "elapsed_time": 17.01807141304016, "prnt": false}
{"event": "training_step", "timestamp": 1769648450.8238566, "step": 179, "max_steps": 938, "loss": 6.404415130615234, "elapsed_time": 17.10289716720581, "prnt": false}
{"event": "training_step", "timestamp": 1769648450.9087994, "step": 180, "max_steps": 938, "loss": 6.405051231384277, "elapsed_time": 17.187668085098267, "prnt": false}
{"event": "training_step", "timestamp": 1769648450.993589, "step": 181, "max_steps": 938, "loss": 6.414710998535156, "elapsed_time": 17.27263569831848, "prnt": false}
{"event": "training_step", "timestamp": 1769648451.0782518, "step": 182, "max_steps": 938, "loss": 6.35866641998291, "elapsed_time": 17.357381582260132, "prnt": false}
{"event": "training_step", "timestamp": 1769648451.1631846, "step": 183, "max_steps": 938, "loss": 6.413318634033203, "elapsed_time": 17.442188024520874, "prnt": false}
{"event": "training_step", "timestamp": 1769648451.2481005, "step": 184, "max_steps": 938, "loss": 6.423640727996826, "elapsed_time": 17.526978969573975, "prnt": false}
{"event": "training_step", "timestamp": 1769648451.33303, "step": 185, "max_steps": 938, "loss": 6.394063472747803, "elapsed_time": 17.612210512161255, "prnt": false}
{"event": "training_step", "timestamp": 1769648451.4178252, "step": 186, "max_steps": 938, "loss": 6.346508026123047, "elapsed_time": 17.696889638900757, "prnt": false}
{"event": "training_step", "timestamp": 1769648451.5027525, "step": 187, "max_steps": 938, "loss": 6.373044967651367, "elapsed_time": 17.7817120552063, "prnt": false}
{"event": "training_step", "timestamp": 1769648451.5881143, "step": 188, "max_steps": 938, "loss": 6.352494716644287, "elapsed_time": 17.86777114868164, "prnt": false}
{"event": "training_step", "timestamp": 1769648451.6732616, "step": 189, "max_steps": 938, "loss": 6.339560508728027, "elapsed_time": 17.953282356262207, "prnt": false}
{"event": "training_step", "timestamp": 1769648451.7582297, "step": 190, "max_steps": 938, "loss": 6.344884395599365, "elapsed_time": 18.038115978240967, "prnt": false}
{"event": "training_step", "timestamp": 1769648451.8434625, "step": 191, "max_steps": 938, "loss": 6.392423152923584, "elapsed_time": 18.1231472492218, "prnt": false}
{"event": "training_step", "timestamp": 1769648451.9286668, "step": 192, "max_steps": 938, "loss": 6.291294097900391, "elapsed_time": 18.208226680755615, "prnt": false}
{"event": "training_step", "timestamp": 1769648452.0137606, "step": 193, "max_steps": 938, "loss": 6.318504333496094, "elapsed_time": 18.293830156326294, "prnt": false}
{"event": "training_step", "timestamp": 1769648452.0987432, "step": 194, "max_steps": 938, "loss": 6.3860883712768555, "elapsed_time": 18.378660917282104, "prnt": false}
{"event": "training_step", "timestamp": 1769648452.1839926, "step": 195, "max_steps": 938, "loss": 6.340545654296875, "elapsed_time": 18.463586568832397, "prnt": false}
{"event": "training_step", "timestamp": 1769648452.2700374, "step": 196, "max_steps": 938, "loss": 6.319404602050781, "elapsed_time": 18.552905797958374, "prnt": false}
{"event": "training_step", "timestamp": 1769648452.356024, "step": 197, "max_steps": 938, "loss": 6.265736103057861, "elapsed_time": 18.638360023498535, "prnt": false}
{"event": "training_step", "timestamp": 1769648452.441038, "step": 198, "max_steps": 938, "loss": 6.290968418121338, "elapsed_time": 18.720765590667725, "prnt": false}
{"event": "training_step", "timestamp": 1769648452.5262299, "step": 199, "max_steps": 938, "loss": 6.353682994842529, "elapsed_time": 18.805988550186157, "prnt": false}
{"event": "training_step", "timestamp": 1769648452.6113477, "step": 200, "max_steps": 938, "loss": 6.365993499755859, "elapsed_time": 18.890934944152832, "prnt": false}
{"event": "training_step", "timestamp": 1769648452.6966631, "step": 201, "max_steps": 938, "loss": 6.310605049133301, "elapsed_time": 18.97673535346985, "prnt": false}
{"event": "training_step", "timestamp": 1769648452.7817035, "step": 202, "max_steps": 938, "loss": 6.296308517456055, "elapsed_time": 19.06140637397766, "prnt": false}
{"event": "training_step", "timestamp": 1769648452.8669946, "step": 203, "max_steps": 938, "loss": 6.315629005432129, "elapsed_time": 19.1468026638031, "prnt": false}
{"event": "training_step", "timestamp": 1769648452.9521961, "step": 204, "max_steps": 938, "loss": 6.300538539886475, "elapsed_time": 19.231860399246216, "prnt": false}
{"event": "training_step", "timestamp": 1769648453.0372546, "step": 205, "max_steps": 938, "loss": 6.33864164352417, "elapsed_time": 19.31712532043457, "prnt": false}
{"event": "training_step", "timestamp": 1769648453.1224897, "step": 206, "max_steps": 938, "loss": 6.287116050720215, "elapsed_time": 19.40204930305481, "prnt": false}
{"event": "training_step", "timestamp": 1769648453.2078955, "step": 207, "max_steps": 938, "loss": 6.214282512664795, "elapsed_time": 19.487772941589355, "prnt": false}
{"event": "training_step", "timestamp": 1769648453.2929265, "step": 208, "max_steps": 938, "loss": 6.2742838859558105, "elapsed_time": 19.572539567947388, "prnt": false}
{"event": "training_step", "timestamp": 1769648453.3781555, "step": 209, "max_steps": 938, "loss": 6.271507740020752, "elapsed_time": 19.657856225967407, "prnt": false}
{"event": "training_step", "timestamp": 1769648453.46339, "step": 210, "max_steps": 938, "loss": 6.2962965965271, "elapsed_time": 19.742805004119873, "prnt": false}
{"event": "training_step", "timestamp": 1769648453.5487292, "step": 211, "max_steps": 938, "loss": 6.223659992218018, "elapsed_time": 19.828382968902588, "prnt": false}
{"event": "training_step", "timestamp": 1769648453.63392, "step": 212, "max_steps": 938, "loss": 6.269457817077637, "elapsed_time": 19.91379404067993, "prnt": false}
{"event": "training_step", "timestamp": 1769648453.71897, "step": 213, "max_steps": 938, "loss": 6.212574005126953, "elapsed_time": 19.99866819381714, "prnt": false}
{"event": "training_step", "timestamp": 1769648453.804194, "step": 214, "max_steps": 938, "loss": 6.222803592681885, "elapsed_time": 20.083396673202515, "prnt": false}
{"event": "training_step", "timestamp": 1769648453.8895023, "step": 215, "max_steps": 938, "loss": 6.297351837158203, "elapsed_time": 20.16915726661682, "prnt": false}
{"event": "training_step", "timestamp": 1769648453.9747164, "step": 216, "max_steps": 938, "loss": 6.269392490386963, "elapsed_time": 20.254469633102417, "prnt": false}
{"event": "training_step", "timestamp": 1769648454.059766, "step": 217, "max_steps": 938, "loss": 6.273324966430664, "elapsed_time": 20.339520692825317, "prnt": false}
{"event": "training_step", "timestamp": 1769648454.1448007, "step": 218, "max_steps": 938, "loss": 6.231806755065918, "elapsed_time": 20.42413902282715, "prnt": false}
{"event": "training_step", "timestamp": 1769648454.2300494, "step": 219, "max_steps": 938, "loss": 6.301852703094482, "elapsed_time": 20.509639263153076, "prnt": false}
{"event": "training_step", "timestamp": 1769648454.3152246, "step": 220, "max_steps": 938, "loss": 6.175868988037109, "elapsed_time": 20.594895124435425, "prnt": false}
{"event": "validation_step", "timestamp": 1769648454.700727, "step": 220, "max_steps": 938, "loss": 1.3791176799210112, "elapsed_time": 20.594895124435425}
{"event": "training_step", "timestamp": 1769648454.786404, "step": 221, "max_steps": 938, "loss": 6.206608772277832, "elapsed_time": 21.065840005874634, "prnt": false}
{"event": "training_step", "timestamp": 1769648454.8716743, "step": 222, "max_steps": 938, "loss": 6.2381768226623535, "elapsed_time": 21.151230812072754, "prnt": false}
{"event": "training_step", "timestamp": 1769648454.9568138, "step": 223, "max_steps": 938, "loss": 6.255486488342285, "elapsed_time": 21.2363383769989, "prnt": false}
{"event": "training_step", "timestamp": 1769648455.041983, "step": 224, "max_steps": 938, "loss": 6.24224853515625, "elapsed_time": 21.32168960571289, "prnt": false}
{"event": "training_step", "timestamp": 1769648455.1274033, "step": 225, "max_steps": 938, "loss": 6.202548027038574, "elapsed_time": 21.406578302383423, "prnt": false}
{"event": "training_step", "timestamp": 1769648455.2123463, "step": 226, "max_steps": 938, "loss": 6.197500228881836, "elapsed_time": 21.491474151611328, "prnt": false}
{"event": "training_step", "timestamp": 1769648455.2975214, "step": 227, "max_steps": 938, "loss": 6.289185523986816, "elapsed_time": 21.576751232147217, "prnt": false}
{"event": "training_step", "timestamp": 1769648455.3825102, "step": 228, "max_steps": 938, "loss": 6.202681541442871, "elapsed_time": 21.661330699920654, "prnt": false}
{"event": "training_step", "timestamp": 1769648455.468102, "step": 229, "max_steps": 938, "loss": 6.1629133224487305, "elapsed_time": 21.747782230377197, "prnt": false}
{"event": "training_step", "timestamp": 1769648455.5531747, "step": 230, "max_steps": 938, "loss": 6.191930294036865, "elapsed_time": 21.832496643066406, "prnt": false}
{"event": "training_step", "timestamp": 1769648455.6382494, "step": 231, "max_steps": 938, "loss": 6.180909633636475, "elapsed_time": 21.918307065963745, "prnt": false}
{"event": "training_step", "timestamp": 1769648455.7235374, "step": 232, "max_steps": 938, "loss": 6.178661346435547, "elapsed_time": 22.002888679504395, "prnt": false}
{"event": "training_step", "timestamp": 1769648455.8086112, "step": 233, "max_steps": 938, "loss": 6.200050354003906, "elapsed_time": 22.087607622146606, "prnt": false}
{"event": "training_step", "timestamp": 1769648455.8935354, "step": 234, "max_steps": 938, "loss": 6.244146347045898, "elapsed_time": 22.172451734542847, "prnt": false}
{"event": "training_step", "timestamp": 1769648455.9785037, "step": 235, "max_steps": 938, "loss": 6.152866363525391, "elapsed_time": 22.25784730911255, "prnt": false}
{"event": "training_step", "timestamp": 1769648456.063854, "step": 236, "max_steps": 938, "loss": 6.198276996612549, "elapsed_time": 22.343188524246216, "prnt": false}
{"event": "training_step", "timestamp": 1769648456.1492999, "step": 237, "max_steps": 938, "loss": 6.236736297607422, "elapsed_time": 22.428938150405884, "prnt": false}
{"event": "training_step", "timestamp": 1769648456.2347417, "step": 238, "max_steps": 938, "loss": 6.181236743927002, "elapsed_time": 22.51429581642151, "prnt": false}
{"event": "training_step", "timestamp": 1769648456.3202796, "step": 239, "max_steps": 938, "loss": 6.223004341125488, "elapsed_time": 22.59988045692444, "prnt": false}
{"event": "training_step", "timestamp": 1769648456.4055882, "step": 240, "max_steps": 938, "loss": 6.175647258758545, "elapsed_time": 22.685558557510376, "prnt": false}
{"event": "training_step", "timestamp": 1769648456.490873, "step": 241, "max_steps": 938, "loss": 6.1565260887146, "elapsed_time": 22.770962476730347, "prnt": false}
{"event": "training_step", "timestamp": 1769648456.5762415, "step": 242, "max_steps": 938, "loss": 6.169384479522705, "elapsed_time": 22.856611728668213, "prnt": false}
{"event": "training_step", "timestamp": 1769648456.6614676, "step": 243, "max_steps": 938, "loss": 6.152676105499268, "elapsed_time": 22.941709995269775, "prnt": false}
{"event": "training_step", "timestamp": 1769648456.7467315, "step": 244, "max_steps": 938, "loss": 6.1697096824646, "elapsed_time": 23.02579164505005, "prnt": false}
{"event": "training_step", "timestamp": 1769648456.8317523, "step": 245, "max_steps": 938, "loss": 6.202629089355469, "elapsed_time": 23.110926866531372, "prnt": false}
{"event": "training_step", "timestamp": 1769648456.9166136, "step": 246, "max_steps": 938, "loss": 6.2355475425720215, "elapsed_time": 23.196006536483765, "prnt": false}
{"event": "training_step", "timestamp": 1769648457.001513, "step": 247, "max_steps": 938, "loss": 6.176342010498047, "elapsed_time": 23.28070306777954, "prnt": false}
{"event": "training_step", "timestamp": 1769648457.0867376, "step": 248, "max_steps": 938, "loss": 6.240876197814941, "elapsed_time": 23.365675926208496, "prnt": false}
{"event": "training_step", "timestamp": 1769648457.1717553, "step": 249, "max_steps": 938, "loss": 6.158221244812012, "elapsed_time": 23.450921535491943, "prnt": false}
{"event": "training_step", "timestamp": 1769648457.256825, "step": 250, "max_steps": 938, "loss": 6.153226375579834, "elapsed_time": 23.536094665527344, "prnt": false}
{"event": "training_step", "timestamp": 1769648457.3421986, "step": 251, "max_steps": 938, "loss": 6.157410144805908, "elapsed_time": 23.621013641357422, "prnt": false}
{"event": "training_step", "timestamp": 1769648457.4273715, "step": 252, "max_steps": 938, "loss": 6.1508612632751465, "elapsed_time": 23.706274271011353, "prnt": false}
{"event": "training_step", "timestamp": 1769648457.5124116, "step": 253, "max_steps": 938, "loss": 6.119052410125732, "elapsed_time": 23.79175877571106, "prnt": false}
{"event": "training_step", "timestamp": 1769648457.5974166, "step": 254, "max_steps": 938, "loss": 6.11530876159668, "elapsed_time": 23.87656879425049, "prnt": false}
{"event": "training_step", "timestamp": 1769648457.68249, "step": 255, "max_steps": 938, "loss": 6.150450706481934, "elapsed_time": 23.96151113510132, "prnt": false}
{"event": "training_step", "timestamp": 1769648457.7676077, "step": 256, "max_steps": 938, "loss": 6.085219383239746, "elapsed_time": 24.046466827392578, "prnt": false}
{"event": "training_step", "timestamp": 1769648457.8526697, "step": 257, "max_steps": 938, "loss": 6.180001735687256, "elapsed_time": 24.13201332092285, "prnt": false}
{"event": "training_step", "timestamp": 1769648457.9377484, "step": 258, "max_steps": 938, "loss": 6.109795093536377, "elapsed_time": 24.21673846244812, "prnt": false}
{"event": "training_step", "timestamp": 1769648458.02292, "step": 259, "max_steps": 938, "loss": 6.128751754760742, "elapsed_time": 24.301870346069336, "prnt": false}
{"event": "training_step", "timestamp": 1769648458.1080177, "step": 260, "max_steps": 938, "loss": 6.193227291107178, "elapsed_time": 24.386926412582397, "prnt": false}
{"event": "training_step", "timestamp": 1769648458.1929963, "step": 261, "max_steps": 938, "loss": 6.192339897155762, "elapsed_time": 24.47217583656311, "prnt": false}
{"event": "training_step", "timestamp": 1769648458.2782362, "step": 262, "max_steps": 938, "loss": 6.153197288513184, "elapsed_time": 24.557053327560425, "prnt": false}
{"event": "training_step", "timestamp": 1769648458.363487, "step": 263, "max_steps": 938, "loss": 6.107821941375732, "elapsed_time": 24.643191814422607, "prnt": false}
{"event": "training_step", "timestamp": 1769648458.448588, "step": 264, "max_steps": 938, "loss": 6.103680610656738, "elapsed_time": 24.727656602859497, "prnt": false}
{"event": "validation_step", "timestamp": 1769648458.8340282, "step": 264, "max_steps": 938, "loss": 1.357612205139154, "elapsed_time": 24.727656602859497}
{"event": "training_step", "timestamp": 1769648458.9198391, "step": 265, "max_steps": 938, "loss": 6.093387603759766, "elapsed_time": 25.198426485061646, "prnt": false}
{"event": "training_step", "timestamp": 1769648459.005042, "step": 266, "max_steps": 938, "loss": 6.133884429931641, "elapsed_time": 25.283838033676147, "prnt": false}
{"event": "training_step", "timestamp": 1769648459.090242, "step": 267, "max_steps": 938, "loss": 6.106776237487793, "elapsed_time": 25.369174003601074, "prnt": false}
{"event": "training_step", "timestamp": 1769648459.1753008, "step": 268, "max_steps": 938, "loss": 6.102950096130371, "elapsed_time": 25.454379320144653, "prnt": false}
{"event": "training_step", "timestamp": 1769648459.2607567, "step": 269, "max_steps": 938, "loss": 6.11923885345459, "elapsed_time": 25.539926767349243, "prnt": false}
{"event": "training_step", "timestamp": 1769648459.3460593, "step": 270, "max_steps": 938, "loss": 6.097969055175781, "elapsed_time": 25.624971389770508, "prnt": false}
{"event": "training_step", "timestamp": 1769648459.4311175, "step": 271, "max_steps": 938, "loss": 6.092177867889404, "elapsed_time": 25.71026349067688, "prnt": false}
{"event": "training_step", "timestamp": 1769648459.5162172, "step": 272, "max_steps": 938, "loss": 6.149909973144531, "elapsed_time": 25.795193672180176, "prnt": false}
{"event": "training_step", "timestamp": 1769648459.6014163, "step": 273, "max_steps": 938, "loss": 6.052249908447266, "elapsed_time": 25.88029408454895, "prnt": false}
{"event": "training_step", "timestamp": 1769648459.6866405, "step": 274, "max_steps": 938, "loss": 6.082778453826904, "elapsed_time": 25.965511798858643, "prnt": false}
{"event": "training_step", "timestamp": 1769648459.771647, "step": 275, "max_steps": 938, "loss": 6.069962501525879, "elapsed_time": 26.050710678100586, "prnt": false}
{"event": "training_step", "timestamp": 1769648459.8567104, "step": 276, "max_steps": 938, "loss": 6.0861101150512695, "elapsed_time": 26.13564968109131, "prnt": false}
{"event": "training_step", "timestamp": 1769648459.9419692, "step": 277, "max_steps": 938, "loss": 6.038401126861572, "elapsed_time": 26.220967769622803, "prnt": false}
{"event": "training_step", "timestamp": 1769648460.0275304, "step": 278, "max_steps": 938, "loss": 6.168875694274902, "elapsed_time": 26.306025981903076, "prnt": false}
{"event": "training_step", "timestamp": 1769648460.1126804, "step": 279, "max_steps": 938, "loss": 6.030346393585205, "elapsed_time": 26.391769886016846, "prnt": false}
{"event": "training_step", "timestamp": 1769648460.1976504, "step": 280, "max_steps": 938, "loss": 6.045090198516846, "elapsed_time": 26.476760625839233, "prnt": false}
{"event": "training_step", "timestamp": 1769648460.2828522, "step": 281, "max_steps": 938, "loss": 6.155871391296387, "elapsed_time": 26.561972856521606, "prnt": false}
{"event": "training_step", "timestamp": 1769648460.3682306, "step": 282, "max_steps": 938, "loss": 6.140166282653809, "elapsed_time": 26.647661447525024, "prnt": false}
{"event": "training_step", "timestamp": 1769648460.453347, "step": 283, "max_steps": 938, "loss": 6.0991034507751465, "elapsed_time": 26.732682466506958, "prnt": false}
{"event": "training_step", "timestamp": 1769648460.538346, "step": 284, "max_steps": 938, "loss": 6.060779094696045, "elapsed_time": 26.81749701499939, "prnt": false}
{"event": "training_step", "timestamp": 1769648460.6235223, "step": 285, "max_steps": 938, "loss": 6.126439094543457, "elapsed_time": 26.902647495269775, "prnt": false}
{"event": "training_step", "timestamp": 1769648460.7086284, "step": 286, "max_steps": 938, "loss": 6.1337056159973145, "elapsed_time": 26.987738847732544, "prnt": false}
{"event": "training_step", "timestamp": 1769648460.7937021, "step": 287, "max_steps": 938, "loss": 6.064545154571533, "elapsed_time": 27.07273006439209, "prnt": false}
{"event": "training_step", "timestamp": 1769648460.8788888, "step": 288, "max_steps": 938, "loss": 6.061825275421143, "elapsed_time": 27.15782117843628, "prnt": false}
{"event": "training_step", "timestamp": 1769648460.9642096, "step": 289, "max_steps": 938, "loss": 6.01255989074707, "elapsed_time": 27.243383169174194, "prnt": false}
{"event": "training_step", "timestamp": 1769648461.0494866, "step": 290, "max_steps": 938, "loss": 6.053463935852051, "elapsed_time": 27.328734159469604, "prnt": false}
{"event": "training_step", "timestamp": 1769648461.134705, "step": 291, "max_steps": 938, "loss": 6.0392327308654785, "elapsed_time": 27.413718461990356, "prnt": false}
{"event": "training_step", "timestamp": 1769648461.2199252, "step": 292, "max_steps": 938, "loss": 6.095787525177002, "elapsed_time": 27.498711347579956, "prnt": false}
{"event": "training_step", "timestamp": 1769648461.3053348, "step": 293, "max_steps": 938, "loss": 6.069091796875, "elapsed_time": 27.584089994430542, "prnt": false}
{"event": "training_step", "timestamp": 1769648461.3904798, "step": 294, "max_steps": 938, "loss": 6.025764465332031, "elapsed_time": 27.66943049430847, "prnt": false}
{"event": "training_step", "timestamp": 1769648461.4756756, "step": 295, "max_steps": 938, "loss": 6.041203022003174, "elapsed_time": 27.754631757736206, "prnt": false}
{"event": "training_step", "timestamp": 1769648461.5611398, "step": 296, "max_steps": 938, "loss": 6.008608341217041, "elapsed_time": 27.839895486831665, "prnt": false}
{"event": "training_step", "timestamp": 1769648461.6464827, "step": 297, "max_steps": 938, "loss": 6.018881320953369, "elapsed_time": 27.92530131340027, "prnt": false}
{"event": "training_step", "timestamp": 1769648461.7316065, "step": 298, "max_steps": 938, "loss": 5.987339496612549, "elapsed_time": 28.01111912727356, "prnt": false}
{"event": "training_step", "timestamp": 1769648461.8167403, "step": 299, "max_steps": 938, "loss": 5.994750499725342, "elapsed_time": 28.095805883407593, "prnt": false}
{"event": "training_step", "timestamp": 1769648461.9020486, "step": 300, "max_steps": 938, "loss": 6.001563549041748, "elapsed_time": 28.18112015724182, "prnt": false}
{"event": "training_step", "timestamp": 1769648461.987259, "step": 301, "max_steps": 938, "loss": 6.105319499969482, "elapsed_time": 28.26619815826416, "prnt": false}
{"event": "training_step", "timestamp": 1769648462.0722811, "step": 302, "max_steps": 938, "loss": 6.001555442810059, "elapsed_time": 28.351322650909424, "prnt": false}
{"event": "training_step", "timestamp": 1769648462.157342, "step": 303, "max_steps": 938, "loss": 5.965768814086914, "elapsed_time": 28.436671495437622, "prnt": false}
{"event": "training_step", "timestamp": 1769648462.2424245, "step": 304, "max_steps": 938, "loss": 6.033783435821533, "elapsed_time": 28.52141571044922, "prnt": false}
{"event": "training_step", "timestamp": 1769648462.3277204, "step": 305, "max_steps": 938, "loss": 6.023637294769287, "elapsed_time": 28.606666326522827, "prnt": false}
{"event": "training_step", "timestamp": 1769648462.4131384, "step": 306, "max_steps": 938, "loss": 5.969711780548096, "elapsed_time": 28.69246816635132, "prnt": false}
{"event": "training_step", "timestamp": 1769648462.4983344, "step": 307, "max_steps": 938, "loss": 5.984429359436035, "elapsed_time": 28.777435302734375, "prnt": false}
{"event": "training_step", "timestamp": 1769648462.5835931, "step": 308, "max_steps": 938, "loss": 5.990755081176758, "elapsed_time": 28.862568378448486, "prnt": false}
{"event": "validation_step", "timestamp": 1769648462.9697206, "step": 308, "max_steps": 938, "loss": 1.3401892488577263, "elapsed_time": 28.862568378448486}
{"event": "training_step", "timestamp": 1769648463.0555084, "step": 309, "max_steps": 938, "loss": 5.964838027954102, "elapsed_time": 29.333966970443726, "prnt": false}
{"event": "training_step", "timestamp": 1769648463.1406736, "step": 310, "max_steps": 938, "loss": 5.975274085998535, "elapsed_time": 29.419621467590332, "prnt": false}
{"event": "training_step", "timestamp": 1769648463.2261143, "step": 311, "max_steps": 938, "loss": 6.050671577453613, "elapsed_time": 29.504867792129517, "prnt": false}
{"event": "training_step", "timestamp": 1769648463.3113275, "step": 312, "max_steps": 938, "loss": 6.037082195281982, "elapsed_time": 29.590354204177856, "prnt": false}
{"event": "training_step", "timestamp": 1769648463.3965518, "step": 313, "max_steps": 938, "loss": 5.979378700256348, "elapsed_time": 29.675696849822998, "prnt": false}
{"event": "training_step", "timestamp": 1769648463.481861, "step": 314, "max_steps": 938, "loss": 6.005023956298828, "elapsed_time": 29.760727882385254, "prnt": false}
{"event": "training_step", "timestamp": 1769648463.5671153, "step": 315, "max_steps": 938, "loss": 5.95166540145874, "elapsed_time": 29.845956325531006, "prnt": false}
{"event": "training_step", "timestamp": 1769648463.652318, "step": 316, "max_steps": 938, "loss": 5.975632190704346, "elapsed_time": 29.931177139282227, "prnt": false}
{"event": "training_step", "timestamp": 1769648463.7375329, "step": 317, "max_steps": 938, "loss": 6.023112773895264, "elapsed_time": 30.016544818878174, "prnt": false}
{"event": "training_step", "timestamp": 1769648463.8227694, "step": 318, "max_steps": 938, "loss": 5.959354400634766, "elapsed_time": 30.10151243209839, "prnt": false}
{"event": "training_step", "timestamp": 1769648463.9080853, "step": 319, "max_steps": 938, "loss": 5.996565341949463, "elapsed_time": 30.18714189529419, "prnt": false}
{"event": "training_step", "timestamp": 1769648463.9932642, "step": 320, "max_steps": 938, "loss": 5.988104820251465, "elapsed_time": 30.272109508514404, "prnt": false}
{"event": "training_step", "timestamp": 1769648464.0784914, "step": 321, "max_steps": 938, "loss": 5.95419979095459, "elapsed_time": 30.357494592666626, "prnt": false}
{"event": "training_step", "timestamp": 1769648464.1638317, "step": 322, "max_steps": 938, "loss": 5.972963333129883, "elapsed_time": 30.4426908493042, "prnt": false}
{"event": "training_step", "timestamp": 1769648464.2491014, "step": 323, "max_steps": 938, "loss": 6.016930103302002, "elapsed_time": 30.529209852218628, "prnt": false}
{"event": "training_step", "timestamp": 1769648464.3344243, "step": 324, "max_steps": 938, "loss": 5.9911980628967285, "elapsed_time": 30.6133029460907, "prnt": false}
{"event": "training_step", "timestamp": 1769648464.4199834, "step": 325, "max_steps": 938, "loss": 6.021528244018555, "elapsed_time": 30.699135303497314, "prnt": false}
{"event": "training_step", "timestamp": 1769648464.5055554, "step": 326, "max_steps": 938, "loss": 5.969204902648926, "elapsed_time": 30.783984184265137, "prnt": false}
{"event": "training_step", "timestamp": 1769648464.5908158, "step": 327, "max_steps": 938, "loss": 5.891557693481445, "elapsed_time": 30.869793176651, "prnt": false}
{"event": "training_step", "timestamp": 1769648464.6759968, "step": 328, "max_steps": 938, "loss": 5.9243011474609375, "elapsed_time": 30.956281423568726, "prnt": false}
{"event": "training_step", "timestamp": 1769648464.7612529, "step": 329, "max_steps": 938, "loss": 5.937837600708008, "elapsed_time": 31.04019284248352, "prnt": false}
{"event": "training_step", "timestamp": 1769648464.846518, "step": 330, "max_steps": 938, "loss": 5.890713691711426, "elapsed_time": 31.12528157234192, "prnt": false}
{"event": "training_step", "timestamp": 1769648464.9317267, "step": 331, "max_steps": 938, "loss": 5.952912330627441, "elapsed_time": 31.2107253074646, "prnt": false}
{"event": "training_step", "timestamp": 1769648465.0170088, "step": 332, "max_steps": 938, "loss": 5.891774654388428, "elapsed_time": 31.295883178710938, "prnt": false}
{"event": "training_step", "timestamp": 1769648465.102272, "step": 333, "max_steps": 938, "loss": 5.982600212097168, "elapsed_time": 31.381327867507935, "prnt": false}
{"event": "training_step", "timestamp": 1769648465.187495, "step": 334, "max_steps": 938, "loss": 5.987782001495361, "elapsed_time": 31.466315746307373, "prnt": false}
{"event": "training_step", "timestamp": 1769648465.272745, "step": 335, "max_steps": 938, "loss": 5.867451190948486, "elapsed_time": 31.551676511764526, "prnt": false}
{"event": "training_step", "timestamp": 1769648465.3579562, "step": 336, "max_steps": 938, "loss": 5.91959285736084, "elapsed_time": 31.63676905632019, "prnt": false}
{"event": "training_step", "timestamp": 1769648465.4434743, "step": 337, "max_steps": 938, "loss": 5.8501296043396, "elapsed_time": 31.722084283828735, "prnt": false}
{"event": "training_step", "timestamp": 1769648465.528725, "step": 338, "max_steps": 938, "loss": 6.026508808135986, "elapsed_time": 31.80757164955139, "prnt": false}
{"event": "training_step", "timestamp": 1769648465.614052, "step": 339, "max_steps": 938, "loss": 5.959914684295654, "elapsed_time": 31.892935752868652, "prnt": false}
{"event": "training_step", "timestamp": 1769648465.6994092, "step": 340, "max_steps": 938, "loss": 5.946030139923096, "elapsed_time": 31.978163480758667, "prnt": false}
{"event": "training_step", "timestamp": 1769648465.784855, "step": 341, "max_steps": 938, "loss": 5.957442283630371, "elapsed_time": 32.06350636482239, "prnt": false}
{"event": "training_step", "timestamp": 1769648465.8699787, "step": 342, "max_steps": 938, "loss": 5.978272914886475, "elapsed_time": 32.148804903030396, "prnt": false}
{"event": "training_step", "timestamp": 1769648465.9550877, "step": 343, "max_steps": 938, "loss": 5.931613922119141, "elapsed_time": 32.23414063453674, "prnt": false}
{"event": "training_step", "timestamp": 1769648466.0404208, "step": 344, "max_steps": 938, "loss": 5.959118843078613, "elapsed_time": 32.319101095199585, "prnt": false}
{"event": "training_step", "timestamp": 1769648466.125843, "step": 345, "max_steps": 938, "loss": 5.837209701538086, "elapsed_time": 32.404770612716675, "prnt": false}
{"event": "training_step", "timestamp": 1769648466.2110343, "step": 346, "max_steps": 938, "loss": 6.003724098205566, "elapsed_time": 32.489885330200195, "prnt": false}
{"event": "training_step", "timestamp": 1769648466.2962277, "step": 347, "max_steps": 938, "loss": 5.914847373962402, "elapsed_time": 32.57514476776123, "prnt": false}
{"event": "training_step", "timestamp": 1769648466.3813658, "step": 348, "max_steps": 938, "loss": 5.915179252624512, "elapsed_time": 32.66029906272888, "prnt": false}
{"event": "training_step", "timestamp": 1769648466.4668324, "step": 349, "max_steps": 938, "loss": 5.876075267791748, "elapsed_time": 32.74614977836609, "prnt": false}
{"event": "training_step", "timestamp": 1769648466.5520208, "step": 350, "max_steps": 938, "loss": 5.9103312492370605, "elapsed_time": 32.83094382286072, "prnt": false}
{"event": "training_step", "timestamp": 1769648466.6373727, "step": 351, "max_steps": 938, "loss": 5.932502269744873, "elapsed_time": 32.91612768173218, "prnt": false}
{"event": "training_step", "timestamp": 1769648466.7227726, "step": 352, "max_steps": 938, "loss": 5.895293235778809, "elapsed_time": 33.00145125389099, "prnt": false}
{"event": "validation_step", "timestamp": 1769648467.1091452, "step": 352, "max_steps": 938, "loss": 1.326422721452061, "elapsed_time": 33.00145125389099}
{"event": "training_step", "timestamp": 1769648467.1949565, "step": 353, "max_steps": 938, "loss": 5.91766881942749, "elapsed_time": 33.47357702255249, "prnt": false}
{"event": "training_step", "timestamp": 1769648467.2803776, "step": 354, "max_steps": 938, "loss": 5.838754653930664, "elapsed_time": 33.55905604362488, "prnt": false}
{"event": "training_step", "timestamp": 1769648467.365768, "step": 355, "max_steps": 938, "loss": 5.871026039123535, "elapsed_time": 33.6446099281311, "prnt": false}
{"event": "training_step", "timestamp": 1769648467.4510338, "step": 356, "max_steps": 938, "loss": 5.878066539764404, "elapsed_time": 33.72987127304077, "prnt": false}
{"event": "training_step", "timestamp": 1769648467.5364726, "step": 357, "max_steps": 938, "loss": 5.970583915710449, "elapsed_time": 33.81539511680603, "prnt": false}
{"event": "training_step", "timestamp": 1769648467.6219797, "step": 358, "max_steps": 938, "loss": 5.885996341705322, "elapsed_time": 33.900747299194336, "prnt": false}
{"event": "training_step", "timestamp": 1769648467.7073593, "step": 359, "max_steps": 938, "loss": 5.88806676864624, "elapsed_time": 33.9860999584198, "prnt": false}
{"event": "training_step", "timestamp": 1769648467.7926397, "step": 360, "max_steps": 938, "loss": 5.864957332611084, "elapsed_time": 34.071364641189575, "prnt": false}
{"event": "training_step", "timestamp": 1769648467.8781302, "step": 361, "max_steps": 938, "loss": 5.8694562911987305, "elapsed_time": 34.15686631202698, "prnt": false}
{"event": "training_step", "timestamp": 1769648467.9636292, "step": 362, "max_steps": 938, "loss": 5.845980167388916, "elapsed_time": 34.242159366607666, "prnt": false}
{"event": "training_step", "timestamp": 1769648468.049006, "step": 363, "max_steps": 938, "loss": 5.878029823303223, "elapsed_time": 34.32790732383728, "prnt": false}
{"event": "training_step", "timestamp": 1769648468.1342552, "step": 364, "max_steps": 938, "loss": 5.792945384979248, "elapsed_time": 34.413007497787476, "prnt": false}
{"event": "training_step", "timestamp": 1769648468.2197404, "step": 365, "max_steps": 938, "loss": 5.921927452087402, "elapsed_time": 34.498350620269775, "prnt": false}
{"event": "training_step", "timestamp": 1769648468.305102, "step": 366, "max_steps": 938, "loss": 5.858756065368652, "elapsed_time": 34.58384418487549, "prnt": false}
{"event": "training_step", "timestamp": 1769648468.3904655, "step": 367, "max_steps": 938, "loss": 5.847996711730957, "elapsed_time": 34.669360399246216, "prnt": false}
{"event": "training_step", "timestamp": 1769648468.4758759, "step": 368, "max_steps": 938, "loss": 5.845945835113525, "elapsed_time": 34.75516319274902, "prnt": false}
{"event": "training_step", "timestamp": 1769648468.5613394, "step": 369, "max_steps": 938, "loss": 5.8187336921691895, "elapsed_time": 34.840038537979126, "prnt": false}
{"event": "training_step", "timestamp": 1769648468.6468363, "step": 370, "max_steps": 938, "loss": 5.8586859703063965, "elapsed_time": 34.92594528198242, "prnt": false}
{"event": "training_step", "timestamp": 1769648468.7321775, "step": 371, "max_steps": 938, "loss": 5.841076374053955, "elapsed_time": 35.01108956336975, "prnt": false}
{"event": "training_step", "timestamp": 1769648468.8175976, "step": 372, "max_steps": 938, "loss": 5.888769626617432, "elapsed_time": 35.096686601638794, "prnt": false}
{"event": "training_step", "timestamp": 1769648468.9031985, "step": 373, "max_steps": 938, "loss": 5.8251752853393555, "elapsed_time": 35.181915521621704, "prnt": false}
{"event": "training_step", "timestamp": 1769648468.9884417, "step": 374, "max_steps": 938, "loss": 5.814696311950684, "elapsed_time": 35.26725196838379, "prnt": false}
{"event": "training_step", "timestamp": 1769648469.0739255, "step": 375, "max_steps": 938, "loss": 5.788464546203613, "elapsed_time": 35.35265302658081, "prnt": false}
{"event": "training_step", "timestamp": 1769648469.1592963, "step": 376, "max_steps": 938, "loss": 5.849613189697266, "elapsed_time": 35.437989711761475, "prnt": false}
{"event": "training_step", "timestamp": 1769648469.2447147, "step": 377, "max_steps": 938, "loss": 5.843888759613037, "elapsed_time": 35.52349376678467, "prnt": false}
{"event": "training_step", "timestamp": 1769648469.3301399, "step": 378, "max_steps": 938, "loss": 5.841879844665527, "elapsed_time": 35.60887265205383, "prnt": false}
{"event": "training_step", "timestamp": 1769648469.415638, "step": 379, "max_steps": 938, "loss": 5.76941442489624, "elapsed_time": 35.694252014160156, "prnt": false}
{"event": "training_step", "timestamp": 1769648469.5010366, "step": 380, "max_steps": 938, "loss": 5.777337074279785, "elapsed_time": 35.77976727485657, "prnt": false}
{"event": "training_step", "timestamp": 1769648469.5864062, "step": 381, "max_steps": 938, "loss": 5.885433673858643, "elapsed_time": 35.86519169807434, "prnt": false}
{"event": "training_step", "timestamp": 1769648469.6716716, "step": 382, "max_steps": 938, "loss": 5.768152713775635, "elapsed_time": 35.95042681694031, "prnt": false}
{"event": "training_step", "timestamp": 1769648469.757174, "step": 383, "max_steps": 938, "loss": 5.855900287628174, "elapsed_time": 36.035768032073975, "prnt": false}
{"event": "training_step", "timestamp": 1769648469.8426747, "step": 384, "max_steps": 938, "loss": 5.885030746459961, "elapsed_time": 36.12111306190491, "prnt": false}
{"event": "training_step", "timestamp": 1769648469.9281418, "step": 385, "max_steps": 938, "loss": 5.790013790130615, "elapsed_time": 36.207117795944214, "prnt": false}
{"event": "training_step", "timestamp": 1769648470.0134351, "step": 386, "max_steps": 938, "loss": 5.876635551452637, "elapsed_time": 36.29218602180481, "prnt": false}
{"event": "training_step", "timestamp": 1769648470.098903, "step": 387, "max_steps": 938, "loss": 5.824591159820557, "elapsed_time": 36.37756276130676, "prnt": false}
{"event": "training_step", "timestamp": 1769648470.1844006, "step": 388, "max_steps": 938, "loss": 5.816174507141113, "elapsed_time": 36.46293783187866, "prnt": false}
{"event": "training_step", "timestamp": 1769648470.2697523, "step": 389, "max_steps": 938, "loss": 5.8432936668396, "elapsed_time": 36.548500061035156, "prnt": false}
{"event": "training_step", "timestamp": 1769648470.3551328, "step": 390, "max_steps": 938, "loss": 5.769286632537842, "elapsed_time": 36.63398265838623, "prnt": false}
{"event": "training_step", "timestamp": 1769648470.4407852, "step": 391, "max_steps": 938, "loss": 5.8120832443237305, "elapsed_time": 36.71963334083557, "prnt": false}
{"event": "training_step", "timestamp": 1769648470.5262177, "step": 392, "max_steps": 938, "loss": 5.815410614013672, "elapsed_time": 36.80501699447632, "prnt": false}
{"event": "training_step", "timestamp": 1769648470.611549, "step": 393, "max_steps": 938, "loss": 5.793144226074219, "elapsed_time": 36.89032006263733, "prnt": false}
{"event": "training_step", "timestamp": 1769648470.6970034, "step": 394, "max_steps": 938, "loss": 5.722278594970703, "elapsed_time": 36.975616693496704, "prnt": false}
{"event": "training_step", "timestamp": 1769648470.7826066, "step": 395, "max_steps": 938, "loss": 5.824698448181152, "elapsed_time": 37.061176776885986, "prnt": false}
{"event": "training_step", "timestamp": 1769648470.867936, "step": 396, "max_steps": 938, "loss": 5.746829032897949, "elapsed_time": 37.146647214889526, "prnt": false}
{"event": "validation_step", "timestamp": 1769648471.2550921, "step": 396, "max_steps": 938, "loss": 1.3124480012317996, "elapsed_time": 37.146647214889526}
{"event": "training_step", "timestamp": 1769648471.3409774, "step": 397, "max_steps": 938, "loss": 5.790891647338867, "elapsed_time": 37.619619607925415, "prnt": false}
{"event": "training_step", "timestamp": 1769648471.4264858, "step": 398, "max_steps": 938, "loss": 5.769041061401367, "elapsed_time": 37.70514917373657, "prnt": false}
{"event": "training_step", "timestamp": 1769648471.5118876, "step": 399, "max_steps": 938, "loss": 5.764246940612793, "elapsed_time": 37.79060220718384, "prnt": false}
{"event": "training_step", "timestamp": 1769648471.5973842, "step": 400, "max_steps": 938, "loss": 5.831484317779541, "elapsed_time": 37.876007318496704, "prnt": false}
{"event": "training_step", "timestamp": 1769648471.6832628, "step": 401, "max_steps": 938, "loss": 5.725679397583008, "elapsed_time": 37.961466789245605, "prnt": false}
{"event": "training_step", "timestamp": 1769648471.7687974, "step": 402, "max_steps": 938, "loss": 5.76865816116333, "elapsed_time": 38.04731583595276, "prnt": false}
{"event": "training_step", "timestamp": 1769648471.8543005, "step": 403, "max_steps": 938, "loss": 5.765193462371826, "elapsed_time": 38.13306927680969, "prnt": false}
{"event": "training_step", "timestamp": 1769648471.939733, "step": 404, "max_steps": 938, "loss": 5.769113063812256, "elapsed_time": 38.21827816963196, "prnt": false}
{"event": "training_step", "timestamp": 1769648472.0251667, "step": 405, "max_steps": 938, "loss": 5.7574543952941895, "elapsed_time": 38.30389046669006, "prnt": false}
{"event": "training_step", "timestamp": 1769648472.1104648, "step": 406, "max_steps": 938, "loss": 5.72395133972168, "elapsed_time": 38.38910913467407, "prnt": false}
{"event": "training_step", "timestamp": 1769648472.1958654, "step": 407, "max_steps": 938, "loss": 5.843326091766357, "elapsed_time": 38.47458839416504, "prnt": false}
{"event": "training_step", "timestamp": 1769648472.2814937, "step": 408, "max_steps": 938, "loss": 5.774396896362305, "elapsed_time": 38.55990695953369, "prnt": false}
{"event": "training_step", "timestamp": 1769648472.3669631, "step": 409, "max_steps": 938, "loss": 5.709522724151611, "elapsed_time": 38.64578413963318, "prnt": false}
{"event": "training_step", "timestamp": 1769648472.452469, "step": 410, "max_steps": 938, "loss": 5.764323711395264, "elapsed_time": 38.73113822937012, "prnt": false}
{"event": "training_step", "timestamp": 1769648472.5379603, "step": 411, "max_steps": 938, "loss": 5.7541184425354, "elapsed_time": 38.816943883895874, "prnt": false}
{"event": "training_step", "timestamp": 1769648472.6235316, "step": 412, "max_steps": 938, "loss": 5.719588279724121, "elapsed_time": 38.90210747718811, "prnt": false}
{"event": "training_step", "timestamp": 1769648472.7089007, "step": 413, "max_steps": 938, "loss": 5.741170406341553, "elapsed_time": 38.98759698867798, "prnt": false}
{"event": "training_step", "timestamp": 1769648472.794291, "step": 414, "max_steps": 938, "loss": 5.725731372833252, "elapsed_time": 39.0728645324707, "prnt": false}
{"event": "training_step", "timestamp": 1769648472.8798268, "step": 415, "max_steps": 938, "loss": 5.7519707679748535, "elapsed_time": 39.15843319892883, "prnt": false}
{"event": "training_step", "timestamp": 1769648472.9653082, "step": 416, "max_steps": 938, "loss": 5.729948043823242, "elapsed_time": 39.24380302429199, "prnt": false}
{"event": "training_step", "timestamp": 1769648473.0508113, "step": 417, "max_steps": 938, "loss": 5.739136219024658, "elapsed_time": 39.329407930374146, "prnt": false}
{"event": "training_step", "timestamp": 1769648473.1363509, "step": 418, "max_steps": 938, "loss": 5.704500198364258, "elapsed_time": 39.41494417190552, "prnt": false}
{"event": "training_step", "timestamp": 1769648473.2220714, "step": 419, "max_steps": 938, "loss": 5.712810516357422, "elapsed_time": 39.50048303604126, "prnt": false}
{"event": "training_step", "timestamp": 1769648473.3075287, "step": 420, "max_steps": 938, "loss": 5.846010684967041, "elapsed_time": 39.58613324165344, "prnt": false}
{"event": "training_step", "timestamp": 1769648473.3930824, "step": 421, "max_steps": 938, "loss": 5.791698932647705, "elapsed_time": 39.671666622161865, "prnt": false}
{"event": "training_step", "timestamp": 1769648473.478571, "step": 422, "max_steps": 938, "loss": 5.6510772705078125, "elapsed_time": 39.75711369514465, "prnt": false}
{"event": "training_step", "timestamp": 1769648473.5640945, "step": 423, "max_steps": 938, "loss": 5.779082298278809, "elapsed_time": 39.842734575271606, "prnt": false}
{"event": "training_step", "timestamp": 1769648473.6494339, "step": 424, "max_steps": 938, "loss": 5.672301769256592, "elapsed_time": 39.92804741859436, "prnt": false}
{"event": "training_step", "timestamp": 1769648473.7350383, "step": 425, "max_steps": 938, "loss": 5.743414402008057, "elapsed_time": 40.01356077194214, "prnt": false}
{"event": "training_step", "timestamp": 1769648473.8206081, "step": 426, "max_steps": 938, "loss": 5.657698154449463, "elapsed_time": 40.099021911621094, "prnt": false}
{"event": "training_step", "timestamp": 1769648473.9060998, "step": 427, "max_steps": 938, "loss": 5.748833179473877, "elapsed_time": 40.184797525405884, "prnt": false}
{"event": "training_step", "timestamp": 1769648473.9915226, "step": 428, "max_steps": 938, "loss": 5.746414661407471, "elapsed_time": 40.270087480545044, "prnt": false}
{"event": "training_step", "timestamp": 1769648474.0769184, "step": 429, "max_steps": 938, "loss": 5.731758117675781, "elapsed_time": 40.35563540458679, "prnt": false}
{"event": "training_step", "timestamp": 1769648474.1624987, "step": 430, "max_steps": 938, "loss": 5.629528999328613, "elapsed_time": 40.440913438797, "prnt": false}
{"event": "training_step", "timestamp": 1769648474.248078, "step": 431, "max_steps": 938, "loss": 5.712583065032959, "elapsed_time": 40.52650547027588, "prnt": false}
{"event": "training_step", "timestamp": 1769648474.3332887, "step": 432, "max_steps": 938, "loss": 5.6870574951171875, "elapsed_time": 40.61216187477112, "prnt": false}
{"event": "training_step", "timestamp": 1769648474.418614, "step": 433, "max_steps": 938, "loss": 5.734968185424805, "elapsed_time": 40.69742941856384, "prnt": false}
{"event": "training_step", "timestamp": 1769648474.5042138, "step": 434, "max_steps": 938, "loss": 5.700352191925049, "elapsed_time": 40.78344941139221, "prnt": false}
{"event": "training_step", "timestamp": 1769648474.5895224, "step": 435, "max_steps": 938, "loss": 5.697375297546387, "elapsed_time": 40.86856198310852, "prnt": false}
{"event": "training_step", "timestamp": 1769648474.67472, "step": 436, "max_steps": 938, "loss": 5.747008800506592, "elapsed_time": 40.95362901687622, "prnt": false}
{"event": "training_step", "timestamp": 1769648474.7601936, "step": 437, "max_steps": 938, "loss": 5.67976713180542, "elapsed_time": 41.038806438446045, "prnt": false}
{"event": "training_step", "timestamp": 1769648474.8456151, "step": 438, "max_steps": 938, "loss": 5.650874137878418, "elapsed_time": 41.12421417236328, "prnt": false}
{"event": "training_step", "timestamp": 1769648474.931109, "step": 439, "max_steps": 938, "loss": 5.67836332321167, "elapsed_time": 41.20989394187927, "prnt": false}
{"event": "training_step", "timestamp": 1769648475.0166333, "step": 440, "max_steps": 938, "loss": 5.68117618560791, "elapsed_time": 41.29512143135071, "prnt": false}
{"event": "validation_step", "timestamp": 1769648475.4035697, "step": 440, "max_steps": 938, "loss": 1.3030538012359243, "elapsed_time": 41.29512143135071}
{"event": "training_step", "timestamp": 1769648475.48963, "step": 441, "max_steps": 938, "loss": 5.662055015563965, "elapsed_time": 41.76805830001831, "prnt": false}
{"event": "training_step", "timestamp": 1769648475.5749612, "step": 442, "max_steps": 938, "loss": 5.684823036193848, "elapsed_time": 41.853864908218384, "prnt": false}
{"event": "training_step", "timestamp": 1769648475.6604815, "step": 443, "max_steps": 938, "loss": 5.65519905090332, "elapsed_time": 41.93912625312805, "prnt": false}
{"event": "training_step", "timestamp": 1769648475.7457812, "step": 444, "max_steps": 938, "loss": 5.6766204833984375, "elapsed_time": 42.02446460723877, "prnt": false}
{"event": "training_step", "timestamp": 1769648475.831261, "step": 445, "max_steps": 938, "loss": 5.696160316467285, "elapsed_time": 42.109997034072876, "prnt": false}
{"event": "training_step", "timestamp": 1769648475.9167337, "step": 446, "max_steps": 938, "loss": 5.697222709655762, "elapsed_time": 42.1953399181366, "prnt": false}
{"event": "training_step", "timestamp": 1769648476.002237, "step": 447, "max_steps": 938, "loss": 5.694733619689941, "elapsed_time": 42.2809271812439, "prnt": false}
{"event": "training_step", "timestamp": 1769648476.087465, "step": 448, "max_steps": 938, "loss": 5.638808727264404, "elapsed_time": 42.3662748336792, "prnt": false}
{"event": "training_step", "timestamp": 1769648476.1729488, "step": 449, "max_steps": 938, "loss": 5.685796737670898, "elapsed_time": 42.451693296432495, "prnt": false}
{"event": "training_step", "timestamp": 1769648476.258286, "step": 450, "max_steps": 938, "loss": 5.615174293518066, "elapsed_time": 42.53700256347656, "prnt": false}
{"event": "training_step", "timestamp": 1769648476.343738, "step": 451, "max_steps": 938, "loss": 5.603727340698242, "elapsed_time": 42.62242317199707, "prnt": false}
{"event": "training_step", "timestamp": 1769648476.4290745, "step": 452, "max_steps": 938, "loss": 5.697650909423828, "elapsed_time": 42.70780301094055, "prnt": false}
{"event": "training_step", "timestamp": 1769648476.5146885, "step": 453, "max_steps": 938, "loss": 5.710201263427734, "elapsed_time": 42.79377579689026, "prnt": false}
{"event": "training_step", "timestamp": 1769648476.6000364, "step": 454, "max_steps": 938, "loss": 5.68643045425415, "elapsed_time": 42.878793716430664, "prnt": false}
{"event": "training_step", "timestamp": 1769648476.6854684, "step": 455, "max_steps": 938, "loss": 5.686529159545898, "elapsed_time": 42.96423316001892, "prnt": false}
{"event": "training_step", "timestamp": 1769648476.770527, "step": 456, "max_steps": 938, "loss": 5.675054550170898, "elapsed_time": 43.04956531524658, "prnt": false}
{"event": "training_step", "timestamp": 1769648476.8560197, "step": 457, "max_steps": 938, "loss": 5.638805389404297, "elapsed_time": 43.13462829589844, "prnt": false}
{"event": "training_step", "timestamp": 1769648476.9415119, "step": 458, "max_steps": 938, "loss": 5.672264575958252, "elapsed_time": 43.22003984451294, "prnt": false}
{"event": "training_step", "timestamp": 1769648477.0269346, "step": 459, "max_steps": 938, "loss": 5.637228012084961, "elapsed_time": 43.30567908287048, "prnt": false}
{"event": "training_step", "timestamp": 1769648477.112258, "step": 460, "max_steps": 938, "loss": 5.655400276184082, "elapsed_time": 43.391376972198486, "prnt": false}
{"event": "training_step", "timestamp": 1769648477.1976247, "step": 461, "max_steps": 938, "loss": 5.70663595199585, "elapsed_time": 43.476415157318115, "prnt": false}
{"event": "training_step", "timestamp": 1769648477.283024, "step": 462, "max_steps": 938, "loss": 5.742931842803955, "elapsed_time": 43.56167411804199, "prnt": false}
{"event": "training_step", "timestamp": 1769648477.3684337, "step": 463, "max_steps": 938, "loss": 5.627981662750244, "elapsed_time": 43.647231101989746, "prnt": false}
{"event": "training_step", "timestamp": 1769648477.4539084, "step": 464, "max_steps": 938, "loss": 5.583357810974121, "elapsed_time": 43.73254060745239, "prnt": false}
{"event": "training_step", "timestamp": 1769648477.5398514, "step": 465, "max_steps": 938, "loss": 5.676464080810547, "elapsed_time": 43.81857967376709, "prnt": false}
{"event": "training_step", "timestamp": 1769648477.6252766, "step": 466, "max_steps": 938, "loss": 5.551882266998291, "elapsed_time": 43.904048204422, "prnt": false}
{"event": "training_step", "timestamp": 1769648477.7107525, "step": 467, "max_steps": 938, "loss": 5.588138580322266, "elapsed_time": 43.989593267440796, "prnt": false}
{"event": "training_step", "timestamp": 1769648477.7962525, "step": 468, "max_steps": 938, "loss": 5.600589275360107, "elapsed_time": 44.074973344802856, "prnt": false}
{"event": "training_step", "timestamp": 1769648477.881783, "step": 469, "max_steps": 938, "loss": 5.631098747253418, "elapsed_time": 44.16060996055603, "prnt": false}
{"event": "training_step", "timestamp": 1769648477.967147, "step": 470, "max_steps": 938, "loss": 5.677483558654785, "elapsed_time": 44.245908975601196, "prnt": false}
{"event": "training_step", "timestamp": 1769648478.0525813, "step": 471, "max_steps": 938, "loss": 5.708638668060303, "elapsed_time": 44.331382036209106, "prnt": false}
{"event": "training_step", "timestamp": 1769648478.1380343, "step": 472, "max_steps": 938, "loss": 5.673050403594971, "elapsed_time": 44.41673016548157, "prnt": false}
{"event": "training_step", "timestamp": 1769648478.2235906, "step": 473, "max_steps": 938, "loss": 5.636476993560791, "elapsed_time": 44.50226330757141, "prnt": false}
{"event": "training_step", "timestamp": 1769648478.3089838, "step": 474, "max_steps": 938, "loss": 5.556612491607666, "elapsed_time": 44.587655544281006, "prnt": false}
{"event": "training_step", "timestamp": 1769648478.3946357, "step": 475, "max_steps": 938, "loss": 5.6204023361206055, "elapsed_time": 44.673436641693115, "prnt": false}
{"event": "training_step", "timestamp": 1769648478.4804425, "step": 476, "max_steps": 938, "loss": 5.648501873016357, "elapsed_time": 44.75960373878479, "prnt": false}
{"event": "training_step", "timestamp": 1769648478.5662367, "step": 477, "max_steps": 938, "loss": 5.561105251312256, "elapsed_time": 44.845120429992676, "prnt": false}
{"event": "training_step", "timestamp": 1769648478.6515415, "step": 478, "max_steps": 938, "loss": 5.616555213928223, "elapsed_time": 44.93030047416687, "prnt": false}
{"event": "training_step", "timestamp": 1769648478.7369359, "step": 479, "max_steps": 938, "loss": 5.517824649810791, "elapsed_time": 45.015594244003296, "prnt": false}
{"event": "training_step", "timestamp": 1769648478.8225293, "step": 480, "max_steps": 938, "loss": 5.671801567077637, "elapsed_time": 45.101110219955444, "prnt": false}
{"event": "training_step", "timestamp": 1769648478.9080153, "step": 481, "max_steps": 938, "loss": 5.6094255447387695, "elapsed_time": 45.186747550964355, "prnt": false}
{"event": "training_step", "timestamp": 1769648478.9934835, "step": 482, "max_steps": 938, "loss": 5.593715667724609, "elapsed_time": 45.27219319343567, "prnt": false}
{"event": "training_step", "timestamp": 1769648479.0790849, "step": 483, "max_steps": 938, "loss": 5.5920233726501465, "elapsed_time": 45.35757112503052, "prnt": false}
{"event": "training_step", "timestamp": 1769648479.1644766, "step": 484, "max_steps": 938, "loss": 5.665407180786133, "elapsed_time": 45.44318604469299, "prnt": false}
{"event": "validation_step", "timestamp": 1769648479.5515957, "step": 484, "max_steps": 938, "loss": 1.294082710090257, "elapsed_time": 45.44318604469299}
{"event": "training_step", "timestamp": 1769648479.6374652, "step": 485, "max_steps": 938, "loss": 5.6251540184021, "elapsed_time": 45.916067123413086, "prnt": false}
{"event": "training_step", "timestamp": 1769648479.7230287, "step": 486, "max_steps": 938, "loss": 5.492956638336182, "elapsed_time": 46.00154495239258, "prnt": false}
{"event": "training_step", "timestamp": 1769648479.8085473, "step": 487, "max_steps": 938, "loss": 5.620105266571045, "elapsed_time": 46.087122678756714, "prnt": false}
{"event": "training_step", "timestamp": 1769648479.89403, "step": 488, "max_steps": 938, "loss": 5.558254241943359, "elapsed_time": 46.17250633239746, "prnt": false}
{"event": "training_step", "timestamp": 1769648479.9796646, "step": 489, "max_steps": 938, "loss": 5.6463189125061035, "elapsed_time": 46.25823760032654, "prnt": false}
{"event": "training_step", "timestamp": 1769648480.065094, "step": 490, "max_steps": 938, "loss": 5.587163925170898, "elapsed_time": 46.34395885467529, "prnt": false}
{"event": "training_step", "timestamp": 1769648480.150446, "step": 491, "max_steps": 938, "loss": 5.621986389160156, "elapsed_time": 46.429200887680054, "prnt": false}
{"event": "training_step", "timestamp": 1769648480.2358992, "step": 492, "max_steps": 938, "loss": 5.532858848571777, "elapsed_time": 46.51448607444763, "prnt": false}
{"event": "training_step", "timestamp": 1769648480.3215113, "step": 493, "max_steps": 938, "loss": 5.494517803192139, "elapsed_time": 46.600151777267456, "prnt": false}
{"event": "training_step", "timestamp": 1769648480.4068856, "step": 494, "max_steps": 938, "loss": 5.541801929473877, "elapsed_time": 46.685757875442505, "prnt": false}
{"event": "training_step", "timestamp": 1769648480.492539, "step": 495, "max_steps": 938, "loss": 5.575952053070068, "elapsed_time": 46.77106714248657, "prnt": false}
{"event": "training_step", "timestamp": 1769648480.5782843, "step": 496, "max_steps": 938, "loss": 5.5853400230407715, "elapsed_time": 46.857027769088745, "prnt": false}
{"event": "training_step", "timestamp": 1769648480.6638744, "step": 497, "max_steps": 938, "loss": 5.547113418579102, "elapsed_time": 46.94276714324951, "prnt": false}
{"event": "training_step", "timestamp": 1769648480.7492635, "step": 498, "max_steps": 938, "loss": 5.619554042816162, "elapsed_time": 47.027939796447754, "prnt": false}
{"event": "training_step", "timestamp": 1769648480.8349144, "step": 499, "max_steps": 938, "loss": 5.575389385223389, "elapsed_time": 47.11355447769165, "prnt": false}
{"event": "training_step", "timestamp": 1769648480.920477, "step": 500, "max_steps": 938, "loss": 5.558960914611816, "elapsed_time": 47.19899892807007, "prnt": false}
{"event": "training_step", "timestamp": 1769648481.0059454, "step": 501, "max_steps": 938, "loss": 5.610089302062988, "elapsed_time": 47.28469204902649, "prnt": false}
{"event": "training_step", "timestamp": 1769648481.0913806, "step": 502, "max_steps": 938, "loss": 5.64114236831665, "elapsed_time": 47.36995840072632, "prnt": false}
{"event": "training_step", "timestamp": 1769648481.1769216, "step": 503, "max_steps": 938, "loss": 5.57444429397583, "elapsed_time": 47.45541262626648, "prnt": false}
{"event": "training_step", "timestamp": 1769648481.2625694, "step": 504, "max_steps": 938, "loss": 5.522105693817139, "elapsed_time": 47.541239738464355, "prnt": false}
{"event": "training_step", "timestamp": 1769648481.3480775, "step": 505, "max_steps": 938, "loss": 5.531719207763672, "elapsed_time": 47.626771450042725, "prnt": false}
{"event": "training_step", "timestamp": 1769648481.4337208, "step": 506, "max_steps": 938, "loss": 5.501488208770752, "elapsed_time": 47.71211242675781, "prnt": false}
{"event": "training_step", "timestamp": 1769648481.5193825, "step": 507, "max_steps": 938, "loss": 5.563554763793945, "elapsed_time": 47.79781675338745, "prnt": false}
{"event": "training_step", "timestamp": 1769648481.6047926, "step": 508, "max_steps": 938, "loss": 5.575908184051514, "elapsed_time": 47.883469343185425, "prnt": false}
{"event": "training_step", "timestamp": 1769648481.6902544, "step": 509, "max_steps": 938, "loss": 5.526610851287842, "elapsed_time": 47.96899962425232, "prnt": false}
{"event": "training_step", "timestamp": 1769648481.7757847, "step": 510, "max_steps": 938, "loss": 5.515561580657959, "elapsed_time": 48.05423426628113, "prnt": false}
{"event": "training_step", "timestamp": 1769648481.861364, "step": 511, "max_steps": 938, "loss": 5.612842559814453, "elapsed_time": 48.139915466308594, "prnt": false}
{"event": "training_step", "timestamp": 1769648481.9468453, "step": 512, "max_steps": 938, "loss": 5.579648494720459, "elapsed_time": 48.22545123100281, "prnt": false}
{"event": "training_step", "timestamp": 1769648482.0323472, "step": 513, "max_steps": 938, "loss": 5.49976921081543, "elapsed_time": 48.31101083755493, "prnt": false}
{"event": "training_step", "timestamp": 1769648482.1178827, "step": 514, "max_steps": 938, "loss": 5.5236992835998535, "elapsed_time": 48.396312952041626, "prnt": false}
{"event": "training_step", "timestamp": 1769648482.2034352, "step": 515, "max_steps": 938, "loss": 5.550853729248047, "elapsed_time": 48.482003927230835, "prnt": false}
{"event": "training_step", "timestamp": 1769648482.2888772, "step": 516, "max_steps": 938, "loss": 5.6045026779174805, "elapsed_time": 48.56763529777527, "prnt": false}
{"event": "training_step", "timestamp": 1769648482.3744967, "step": 517, "max_steps": 938, "loss": 5.507157325744629, "elapsed_time": 48.65310287475586, "prnt": false}
{"event": "training_step", "timestamp": 1769648482.460038, "step": 518, "max_steps": 938, "loss": 5.556055545806885, "elapsed_time": 48.73853540420532, "prnt": false}
{"event": "training_step", "timestamp": 1769648482.5458035, "step": 519, "max_steps": 938, "loss": 5.477315425872803, "elapsed_time": 48.82506442070007, "prnt": false}
{"event": "training_step", "timestamp": 1769648482.6314318, "step": 520, "max_steps": 938, "loss": 5.523284912109375, "elapsed_time": 48.91021275520325, "prnt": false}
{"event": "training_step", "timestamp": 1769648482.7170696, "step": 521, "max_steps": 938, "loss": 5.534313201904297, "elapsed_time": 48.995760679244995, "prnt": false}
{"event": "training_step", "timestamp": 1769648482.8026848, "step": 522, "max_steps": 938, "loss": 5.561249732971191, "elapsed_time": 49.08118748664856, "prnt": false}
{"event": "training_step", "timestamp": 1769648482.8882244, "step": 523, "max_steps": 938, "loss": 5.524020671844482, "elapsed_time": 49.16717267036438, "prnt": false}
{"event": "training_step", "timestamp": 1769648482.9736624, "step": 524, "max_steps": 938, "loss": 5.532159805297852, "elapsed_time": 49.252296686172485, "prnt": false}
{"event": "training_step", "timestamp": 1769648483.0592995, "step": 525, "max_steps": 938, "loss": 5.50254487991333, "elapsed_time": 49.33780884742737, "prnt": false}
{"event": "training_step", "timestamp": 1769648483.1448, "step": 526, "max_steps": 938, "loss": 5.529140949249268, "elapsed_time": 49.423335313797, "prnt": false}
{"event": "training_step", "timestamp": 1769648483.2303927, "step": 527, "max_steps": 938, "loss": 5.561947345733643, "elapsed_time": 49.50885629653931, "prnt": false}
{"event": "training_step", "timestamp": 1769648483.3157196, "step": 528, "max_steps": 938, "loss": 5.452005863189697, "elapsed_time": 49.59462094306946, "prnt": false}
{"event": "validation_step", "timestamp": 1769648483.7033894, "step": 528, "max_steps": 938, "loss": 1.2852955774036965, "elapsed_time": 49.59462094306946}
{"event": "training_step", "timestamp": 1769648483.7894373, "step": 529, "max_steps": 938, "loss": 5.437205791473389, "elapsed_time": 50.06786608695984, "prnt": false}
{"event": "training_step", "timestamp": 1769648483.8748417, "step": 530, "max_steps": 938, "loss": 5.516388893127441, "elapsed_time": 50.153409481048584, "prnt": false}
{"event": "training_step", "timestamp": 1769648483.9605253, "step": 531, "max_steps": 938, "loss": 5.509016036987305, "elapsed_time": 50.23902916908264, "prnt": false}
{"event": "training_step", "timestamp": 1769648484.0459177, "step": 532, "max_steps": 938, "loss": 5.4949140548706055, "elapsed_time": 50.32453274726868, "prnt": false}
{"event": "training_step", "timestamp": 1769648484.131426, "step": 533, "max_steps": 938, "loss": 5.511425971984863, "elapsed_time": 50.41002535820007, "prnt": false}
{"event": "training_step", "timestamp": 1769648484.2171013, "step": 534, "max_steps": 938, "loss": 5.545340061187744, "elapsed_time": 50.49567198753357, "prnt": false}
{"event": "training_step", "timestamp": 1769648484.302699, "step": 535, "max_steps": 938, "loss": 5.509705543518066, "elapsed_time": 50.58141088485718, "prnt": false}
{"event": "training_step", "timestamp": 1769648484.3880951, "step": 536, "max_steps": 938, "loss": 5.45448112487793, "elapsed_time": 50.66666102409363, "prnt": false}
{"event": "training_step", "timestamp": 1769648484.4739347, "step": 537, "max_steps": 938, "loss": 5.4686689376831055, "elapsed_time": 50.75221371650696, "prnt": false}
{"event": "training_step", "timestamp": 1769648484.5595868, "step": 538, "max_steps": 938, "loss": 5.495879650115967, "elapsed_time": 50.83815264701843, "prnt": false}
{"event": "training_step", "timestamp": 1769648484.645155, "step": 539, "max_steps": 938, "loss": 5.5246500968933105, "elapsed_time": 50.92408847808838, "prnt": false}
{"event": "training_step", "timestamp": 1769648484.7305841, "step": 540, "max_steps": 938, "loss": 5.509052276611328, "elapsed_time": 51.00929498672485, "prnt": false}
{"event": "training_step", "timestamp": 1769648484.8164513, "step": 541, "max_steps": 938, "loss": 5.476683616638184, "elapsed_time": 51.09491682052612, "prnt": false}
{"event": "training_step", "timestamp": 1769648484.9020855, "step": 542, "max_steps": 938, "loss": 5.489146709442139, "elapsed_time": 51.180508613586426, "prnt": false}
{"event": "training_step", "timestamp": 1769648484.9875653, "step": 543, "max_steps": 938, "loss": 5.417086601257324, "elapsed_time": 51.2663197517395, "prnt": false}
{"event": "training_step", "timestamp": 1769648485.073083, "step": 544, "max_steps": 938, "loss": 5.508689880371094, "elapsed_time": 51.35157799720764, "prnt": false}
{"event": "training_step", "timestamp": 1769648485.1587687, "step": 545, "max_steps": 938, "loss": 5.496234893798828, "elapsed_time": 51.43719124794006, "prnt": false}
{"event": "training_step", "timestamp": 1769648485.244328, "step": 546, "max_steps": 938, "loss": 5.527366638183594, "elapsed_time": 51.52291131019592, "prnt": false}
{"event": "training_step", "timestamp": 1769648485.3298714, "step": 547, "max_steps": 938, "loss": 5.50015115737915, "elapsed_time": 51.608460664749146, "prnt": false}
{"event": "training_step", "timestamp": 1769648485.4153626, "step": 548, "max_steps": 938, "loss": 5.43208122253418, "elapsed_time": 51.69395399093628, "prnt": false}
{"event": "training_step", "timestamp": 1769648485.5010056, "step": 549, "max_steps": 938, "loss": 5.491687297821045, "elapsed_time": 51.77957558631897, "prnt": false}
{"event": "training_step", "timestamp": 1769648485.586487, "step": 550, "max_steps": 938, "loss": 5.48213005065918, "elapsed_time": 51.86501145362854, "prnt": false}
{"event": "training_step", "timestamp": 1769648485.6721437, "step": 551, "max_steps": 938, "loss": 5.451603889465332, "elapsed_time": 51.950626373291016, "prnt": false}
{"event": "training_step", "timestamp": 1769648485.75794, "step": 552, "max_steps": 938, "loss": 5.458022594451904, "elapsed_time": 52.0362753868103, "prnt": false}
{"event": "training_step", "timestamp": 1769648485.8436382, "step": 553, "max_steps": 938, "loss": 5.545541286468506, "elapsed_time": 52.122194051742554, "prnt": false}
{"event": "training_step", "timestamp": 1769648485.9292362, "step": 554, "max_steps": 938, "loss": 5.447758197784424, "elapsed_time": 52.207724809646606, "prnt": false}
{"event": "training_step", "timestamp": 1769648486.0150063, "step": 555, "max_steps": 938, "loss": 5.476099014282227, "elapsed_time": 52.2937445640564, "prnt": false}
{"event": "training_step", "timestamp": 1769648486.1005702, "step": 556, "max_steps": 938, "loss": 5.456851482391357, "elapsed_time": 52.37915897369385, "prnt": false}
{"event": "training_step", "timestamp": 1769648486.1862128, "step": 557, "max_steps": 938, "loss": 5.4175591468811035, "elapsed_time": 52.464701652526855, "prnt": false}
{"event": "training_step", "timestamp": 1769648486.271882, "step": 558, "max_steps": 938, "loss": 5.449156284332275, "elapsed_time": 52.550339221954346, "prnt": false}
{"event": "training_step", "timestamp": 1769648486.3576472, "step": 559, "max_steps": 938, "loss": 5.432627201080322, "elapsed_time": 52.63605570793152, "prnt": false}
{"event": "training_step", "timestamp": 1769648486.4431891, "step": 560, "max_steps": 938, "loss": 5.39832878112793, "elapsed_time": 52.721843004226685, "prnt": false}
{"event": "training_step", "timestamp": 1769648486.5287156, "step": 561, "max_steps": 938, "loss": 5.477468013763428, "elapsed_time": 52.80730628967285, "prnt": false}
{"event": "training_step", "timestamp": 1769648486.6145363, "step": 562, "max_steps": 938, "loss": 5.534826755523682, "elapsed_time": 52.893335580825806, "prnt": false}
{"event": "training_step", "timestamp": 1769648486.700253, "step": 563, "max_steps": 938, "loss": 5.437000751495361, "elapsed_time": 52.97902989387512, "prnt": false}
{"event": "training_step", "timestamp": 1769648486.7857256, "step": 564, "max_steps": 938, "loss": 5.457252502441406, "elapsed_time": 53.06426525115967, "prnt": false}
{"event": "training_step", "timestamp": 1769648486.871555, "step": 565, "max_steps": 938, "loss": 5.432545185089111, "elapsed_time": 53.149967670440674, "prnt": false}
{"event": "training_step", "timestamp": 1769648486.9572117, "step": 566, "max_steps": 938, "loss": 5.462527275085449, "elapsed_time": 53.235519886016846, "prnt": false}
{"event": "training_step", "timestamp": 1769648487.0427778, "step": 567, "max_steps": 938, "loss": 5.453039169311523, "elapsed_time": 53.32144117355347, "prnt": false}
{"event": "training_step", "timestamp": 1769648487.1282568, "step": 568, "max_steps": 938, "loss": 5.502126693725586, "elapsed_time": 53.4067964553833, "prnt": false}
{"event": "training_step", "timestamp": 1769648487.2139287, "step": 569, "max_steps": 938, "loss": 5.521045207977295, "elapsed_time": 53.492326974868774, "prnt": false}
{"event": "training_step", "timestamp": 1769648487.299666, "step": 570, "max_steps": 938, "loss": 5.4727582931518555, "elapsed_time": 53.57801556587219, "prnt": false}
{"event": "training_step", "timestamp": 1769648487.3851905, "step": 571, "max_steps": 938, "loss": 5.445064067840576, "elapsed_time": 53.66380333900452, "prnt": false}
{"event": "training_step", "timestamp": 1769648487.4705367, "step": 572, "max_steps": 938, "loss": 5.503031253814697, "elapsed_time": 53.74924969673157, "prnt": false}
{"event": "validation_step", "timestamp": 1769648487.858505, "step": 572, "max_steps": 938, "loss": 1.2798505666723226, "elapsed_time": 53.74924969673157}
{"event": "training_step", "timestamp": 1769648487.944718, "step": 573, "max_steps": 938, "loss": 5.413759708404541, "elapsed_time": 54.223180055618286, "prnt": false}
{"event": "training_step", "timestamp": 1769648488.0302691, "step": 574, "max_steps": 938, "loss": 5.465904712677002, "elapsed_time": 54.30875611305237, "prnt": false}
{"event": "training_step", "timestamp": 1769648488.116064, "step": 575, "max_steps": 938, "loss": 5.4104323387146, "elapsed_time": 54.394365310668945, "prnt": false}
{"event": "training_step", "timestamp": 1769648488.2017121, "step": 576, "max_steps": 938, "loss": 5.381659984588623, "elapsed_time": 54.480117321014404, "prnt": false}
{"event": "training_step", "timestamp": 1769648488.2872722, "step": 577, "max_steps": 938, "loss": 5.464138984680176, "elapsed_time": 54.56591868400574, "prnt": false}
{"event": "training_step", "timestamp": 1769648488.372997, "step": 578, "max_steps": 938, "loss": 5.430628776550293, "elapsed_time": 54.651500940322876, "prnt": false}
{"event": "training_step", "timestamp": 1769648488.458732, "step": 579, "max_steps": 938, "loss": 5.440271377563477, "elapsed_time": 54.737175703048706, "prnt": false}
{"event": "training_step", "timestamp": 1769648488.544392, "step": 580, "max_steps": 938, "loss": 5.415096759796143, "elapsed_time": 54.822728395462036, "prnt": false}
{"event": "training_step", "timestamp": 1769648488.630214, "step": 581, "max_steps": 938, "loss": 5.39649772644043, "elapsed_time": 54.90906620025635, "prnt": false}
{"event": "training_step", "timestamp": 1769648488.7159257, "step": 582, "max_steps": 938, "loss": 5.390385627746582, "elapsed_time": 54.994357109069824, "prnt": false}
{"event": "training_step", "timestamp": 1769648488.801503, "step": 583, "max_steps": 938, "loss": 5.427235126495361, "elapsed_time": 55.08000612258911, "prnt": false}
{"event": "training_step", "timestamp": 1769648488.8868234, "step": 584, "max_steps": 938, "loss": 5.3938307762146, "elapsed_time": 55.16561532020569, "prnt": false}
{"event": "training_step", "timestamp": 1769648488.9725595, "step": 585, "max_steps": 938, "loss": 5.369202613830566, "elapsed_time": 55.25097703933716, "prnt": false}
{"event": "training_step", "timestamp": 1769648489.058251, "step": 586, "max_steps": 938, "loss": 5.4181036949157715, "elapsed_time": 55.336679220199585, "prnt": false}
{"event": "training_step", "timestamp": 1769648489.14382, "step": 587, "max_steps": 938, "loss": 5.4434003829956055, "elapsed_time": 55.42239475250244, "prnt": false}
{"event": "training_step", "timestamp": 1769648489.229412, "step": 588, "max_steps": 938, "loss": 5.431821823120117, "elapsed_time": 55.50794434547424, "prnt": false}
{"event": "training_step", "timestamp": 1769648489.3152072, "step": 589, "max_steps": 938, "loss": 5.344120979309082, "elapsed_time": 55.593636989593506, "prnt": false}
{"event": "training_step", "timestamp": 1769648489.4008799, "step": 590, "max_steps": 938, "loss": 5.482447624206543, "elapsed_time": 55.679235219955444, "prnt": false}
{"event": "training_step", "timestamp": 1769648489.4864664, "step": 591, "max_steps": 938, "loss": 5.447532653808594, "elapsed_time": 55.764931201934814, "prnt": false}
{"event": "training_step", "timestamp": 1769648489.5721753, "step": 592, "max_steps": 938, "loss": 5.382736682891846, "elapsed_time": 55.85075306892395, "prnt": false}
{"event": "training_step", "timestamp": 1769648489.6574574, "step": 593, "max_steps": 938, "loss": 5.480452060699463, "elapsed_time": 55.93623113632202, "prnt": false}
{"event": "training_step", "timestamp": 1769648489.743008, "step": 594, "max_steps": 938, "loss": 5.478607177734375, "elapsed_time": 56.02141523361206, "prnt": false}
{"event": "training_step", "timestamp": 1769648489.8286886, "step": 595, "max_steps": 938, "loss": 5.420400619506836, "elapsed_time": 56.10719347000122, "prnt": false}
{"event": "training_step", "timestamp": 1769648489.9145243, "step": 596, "max_steps": 938, "loss": 5.441562175750732, "elapsed_time": 56.19278383255005, "prnt": false}
{"event": "training_step", "timestamp": 1769648490.0002573, "step": 597, "max_steps": 938, "loss": 5.46245002746582, "elapsed_time": 56.27868056297302, "prnt": false}
{"event": "training_step", "timestamp": 1769648490.0857353, "step": 598, "max_steps": 938, "loss": 5.367359638214111, "elapsed_time": 56.36439752578735, "prnt": false}
{"event": "training_step", "timestamp": 1769648490.1712313, "step": 599, "max_steps": 938, "loss": 5.44053840637207, "elapsed_time": 56.449902057647705, "prnt": false}
{"event": "training_step", "timestamp": 1769648490.2569225, "step": 600, "max_steps": 938, "loss": 5.3685808181762695, "elapsed_time": 56.53527092933655, "prnt": false}
{"event": "training_step", "timestamp": 1769648490.3425932, "step": 601, "max_steps": 938, "loss": 5.4561920166015625, "elapsed_time": 56.621026039123535, "prnt": false}
{"event": "training_step", "timestamp": 1769648490.4281723, "step": 602, "max_steps": 938, "loss": 5.371962070465088, "elapsed_time": 56.70688557624817, "prnt": false}
{"event": "training_step", "timestamp": 1769648490.5138245, "step": 603, "max_steps": 938, "loss": 5.410843372344971, "elapsed_time": 56.792325019836426, "prnt": false}
{"event": "training_step", "timestamp": 1769648490.5996106, "step": 604, "max_steps": 938, "loss": 5.329555988311768, "elapsed_time": 56.87801241874695, "prnt": false}
{"event": "training_step", "timestamp": 1769648490.685559, "step": 605, "max_steps": 938, "loss": 5.430277347564697, "elapsed_time": 56.96450066566467, "prnt": false}
{"event": "training_step", "timestamp": 1769648490.7712023, "step": 606, "max_steps": 938, "loss": 5.441343307495117, "elapsed_time": 57.04991579055786, "prnt": false}
{"event": "training_step", "timestamp": 1769648490.8570707, "step": 607, "max_steps": 938, "loss": 5.34151029586792, "elapsed_time": 57.135470151901245, "prnt": false}
{"event": "training_step", "timestamp": 1769648490.9425712, "step": 608, "max_steps": 938, "loss": 5.354561805725098, "elapsed_time": 57.2210488319397, "prnt": false}
{"event": "training_step", "timestamp": 1769648491.0282412, "step": 609, "max_steps": 938, "loss": 5.354068279266357, "elapsed_time": 57.30673670768738, "prnt": false}
{"event": "training_step", "timestamp": 1769648491.1140494, "step": 610, "max_steps": 938, "loss": 5.431943893432617, "elapsed_time": 57.392295360565186, "prnt": false}
{"event": "training_step", "timestamp": 1769648491.1998677, "step": 611, "max_steps": 938, "loss": 5.367768287658691, "elapsed_time": 57.47843551635742, "prnt": false}
{"event": "training_step", "timestamp": 1769648491.285401, "step": 612, "max_steps": 938, "loss": 5.416763782501221, "elapsed_time": 57.563892126083374, "prnt": false}
{"event": "training_step", "timestamp": 1769648491.37112, "step": 613, "max_steps": 938, "loss": 5.41324520111084, "elapsed_time": 57.6495578289032, "prnt": false}
{"event": "training_step", "timestamp": 1769648491.4568627, "step": 614, "max_steps": 938, "loss": 5.345728874206543, "elapsed_time": 57.735119104385376, "prnt": false}
{"event": "training_step", "timestamp": 1769648491.5425153, "step": 615, "max_steps": 938, "loss": 5.381384372711182, "elapsed_time": 57.82108211517334, "prnt": false}
{"event": "training_step", "timestamp": 1769648491.6282282, "step": 616, "max_steps": 938, "loss": 5.359261512756348, "elapsed_time": 57.906606674194336, "prnt": false}
{"event": "validation_step", "timestamp": 1769648492.0159526, "step": 616, "max_steps": 938, "loss": 1.2747042778786049, "elapsed_time": 57.906606674194336}
{"event": "training_step", "timestamp": 1769648492.1020203, "step": 617, "max_steps": 938, "loss": 5.301945209503174, "elapsed_time": 58.38030695915222, "prnt": false}
{"event": "training_step", "timestamp": 1769648492.1876662, "step": 618, "max_steps": 938, "loss": 5.424321174621582, "elapsed_time": 58.46618628501892, "prnt": false}
{"event": "training_step", "timestamp": 1769648492.2734337, "step": 619, "max_steps": 938, "loss": 5.394552230834961, "elapsed_time": 58.55195212364197, "prnt": false}
{"event": "training_step", "timestamp": 1769648492.3591597, "step": 620, "max_steps": 938, "loss": 5.404365539550781, "elapsed_time": 58.637492179870605, "prnt": false}
{"event": "training_step", "timestamp": 1769648492.4447641, "step": 621, "max_steps": 938, "loss": 5.328369617462158, "elapsed_time": 58.72329568862915, "prnt": false}
{"event": "training_step", "timestamp": 1769648492.5305345, "step": 622, "max_steps": 938, "loss": 5.382546901702881, "elapsed_time": 58.80908560752869, "prnt": false}
{"event": "training_step", "timestamp": 1769648492.6163173, "step": 623, "max_steps": 938, "loss": 5.411276817321777, "elapsed_time": 58.894566774368286, "prnt": false}
{"event": "training_step", "timestamp": 1769648492.7021353, "step": 624, "max_steps": 938, "loss": 5.402434825897217, "elapsed_time": 58.98087978363037, "prnt": false}
{"event": "training_step", "timestamp": 1769648492.787853, "step": 625, "max_steps": 938, "loss": 5.438799858093262, "elapsed_time": 59.066303968429565, "prnt": false}
{"event": "training_step", "timestamp": 1769648492.8735807, "step": 626, "max_steps": 938, "loss": 5.395597457885742, "elapsed_time": 59.15190315246582, "prnt": false}
{"event": "training_step", "timestamp": 1769648492.9593055, "step": 627, "max_steps": 938, "loss": 5.36215353012085, "elapsed_time": 59.23772859573364, "prnt": false}
{"event": "training_step", "timestamp": 1769648493.0449986, "step": 628, "max_steps": 938, "loss": 5.353744029998779, "elapsed_time": 59.32323384284973, "prnt": false}
{"event": "training_step", "timestamp": 1769648493.130464, "step": 629, "max_steps": 938, "loss": 5.3155903816223145, "elapsed_time": 59.409085512161255, "prnt": false}
{"event": "training_step", "timestamp": 1769648493.2164655, "step": 630, "max_steps": 938, "loss": 5.348386764526367, "elapsed_time": 59.494471073150635, "prnt": false}
{"event": "training_step", "timestamp": 1769648493.3021066, "step": 631, "max_steps": 938, "loss": 5.326557159423828, "elapsed_time": 59.58057618141174, "prnt": false}
{"event": "training_step", "timestamp": 1769648493.3878167, "step": 632, "max_steps": 938, "loss": 5.295785427093506, "elapsed_time": 59.66626453399658, "prnt": false}
{"event": "training_step", "timestamp": 1769648493.4736426, "step": 633, "max_steps": 938, "loss": 5.397745132446289, "elapsed_time": 59.75205636024475, "prnt": false}
{"event": "training_step", "timestamp": 1769648493.5593781, "step": 634, "max_steps": 938, "loss": 5.366170883178711, "elapsed_time": 59.83770537376404, "prnt": false}
{"event": "training_step", "timestamp": 1769648493.6451185, "step": 635, "max_steps": 938, "loss": 5.3198466300964355, "elapsed_time": 59.923476457595825, "prnt": false}
{"event": "training_step", "timestamp": 1769648493.7308378, "step": 636, "max_steps": 938, "loss": 5.298525810241699, "elapsed_time": 60.009268283843994, "prnt": false}
{"event": "training_step", "timestamp": 1769648493.8166478, "step": 637, "max_steps": 938, "loss": 5.409160137176514, "elapsed_time": 60.09493041038513, "prnt": false}
{"event": "training_step", "timestamp": 1769648493.9022865, "step": 638, "max_steps": 938, "loss": 5.335061073303223, "elapsed_time": 60.18059253692627, "prnt": false}
{"event": "training_step", "timestamp": 1769648493.988045, "step": 639, "max_steps": 938, "loss": 5.326292991638184, "elapsed_time": 60.266334533691406, "prnt": false}
{"event": "training_step", "timestamp": 1769648494.0738056, "step": 640, "max_steps": 938, "loss": 5.2877116203308105, "elapsed_time": 60.35203003883362, "prnt": false}
{"event": "training_step", "timestamp": 1769648494.1595685, "step": 641, "max_steps": 938, "loss": 5.361757755279541, "elapsed_time": 60.43787360191345, "prnt": false}
{"event": "training_step", "timestamp": 1769648494.2451649, "step": 642, "max_steps": 938, "loss": 5.351156234741211, "elapsed_time": 60.52357029914856, "prnt": false}
{"event": "training_step", "timestamp": 1769648494.330995, "step": 643, "max_steps": 938, "loss": 5.3272480964660645, "elapsed_time": 60.6094388961792, "prnt": false}
{"event": "training_step", "timestamp": 1769648494.4167397, "step": 644, "max_steps": 938, "loss": 5.330156326293945, "elapsed_time": 60.695093393325806, "prnt": false}
{"event": "training_step", "timestamp": 1769648494.502428, "step": 645, "max_steps": 938, "loss": 5.32173490524292, "elapsed_time": 60.780904054641724, "prnt": false}
{"event": "training_step", "timestamp": 1769648494.5880065, "step": 646, "max_steps": 938, "loss": 5.373755931854248, "elapsed_time": 60.866541385650635, "prnt": false}
{"event": "training_step", "timestamp": 1769648494.6740744, "step": 647, "max_steps": 938, "loss": 5.354039669036865, "elapsed_time": 60.95289421081543, "prnt": false}
{"event": "training_step", "timestamp": 1769648494.7597919, "step": 648, "max_steps": 938, "loss": 5.321330547332764, "elapsed_time": 61.03849458694458, "prnt": false}
{"event": "training_step", "timestamp": 1769648494.8453941, "step": 649, "max_steps": 938, "loss": 5.334690570831299, "elapsed_time": 61.12395143508911, "prnt": false}
{"event": "training_step", "timestamp": 1769648494.931182, "step": 650, "max_steps": 938, "loss": 5.314680099487305, "elapsed_time": 61.209524154663086, "prnt": false}
{"event": "training_step", "timestamp": 1769648495.0169704, "step": 651, "max_steps": 938, "loss": 5.312771320343018, "elapsed_time": 61.29527711868286, "prnt": false}
{"event": "training_step", "timestamp": 1769648495.1025667, "step": 652, "max_steps": 938, "loss": 5.349926948547363, "elapsed_time": 61.381054162979126, "prnt": false}
{"event": "training_step", "timestamp": 1769648495.1882954, "step": 653, "max_steps": 938, "loss": 5.387726783752441, "elapsed_time": 61.46679091453552, "prnt": false}
{"event": "training_step", "timestamp": 1769648495.2740629, "step": 654, "max_steps": 938, "loss": 5.410703659057617, "elapsed_time": 61.552241802215576, "prnt": false}
{"event": "training_step", "timestamp": 1769648495.3597496, "step": 655, "max_steps": 938, "loss": 5.347186088562012, "elapsed_time": 61.63814854621887, "prnt": false}
{"event": "training_step", "timestamp": 1769648495.4453166, "step": 656, "max_steps": 938, "loss": 5.2790846824646, "elapsed_time": 61.723793029785156, "prnt": false}
{"event": "training_step", "timestamp": 1769648495.5311682, "step": 657, "max_steps": 938, "loss": 5.312099456787109, "elapsed_time": 61.80943584442139, "prnt": false}
{"event": "training_step", "timestamp": 1769648495.6169193, "step": 658, "max_steps": 938, "loss": 5.305007457733154, "elapsed_time": 61.89511585235596, "prnt": false}
{"event": "training_step", "timestamp": 1769648495.7025752, "step": 659, "max_steps": 938, "loss": 5.341531276702881, "elapsed_time": 61.980992555618286, "prnt": false}
{"event": "training_step", "timestamp": 1769648495.7882385, "step": 660, "max_steps": 938, "loss": 5.386107444763184, "elapsed_time": 62.06660985946655, "prnt": false}
{"event": "validation_step", "timestamp": 1769648496.1764603, "step": 660, "max_steps": 938, "loss": 1.2714335114161757, "elapsed_time": 62.06660985946655}
{"event": "training_step", "timestamp": 1769648496.2628481, "step": 661, "max_steps": 938, "loss": 5.333648204803467, "elapsed_time": 62.54084873199463, "prnt": false}
{"event": "training_step", "timestamp": 1769648496.3487096, "step": 662, "max_steps": 938, "loss": 5.244964122772217, "elapsed_time": 62.62699794769287, "prnt": false}
{"event": "training_step", "timestamp": 1769648496.434568, "step": 663, "max_steps": 938, "loss": 5.325656890869141, "elapsed_time": 62.712774991989136, "prnt": false}
{"event": "training_step", "timestamp": 1769648496.520239, "step": 664, "max_steps": 938, "loss": 5.326064109802246, "elapsed_time": 62.79864311218262, "prnt": false}
{"event": "training_step", "timestamp": 1769648496.6059504, "step": 665, "max_steps": 938, "loss": 5.320666790008545, "elapsed_time": 62.88431692123413, "prnt": false}
{"event": "training_step", "timestamp": 1769648496.6921685, "step": 666, "max_steps": 938, "loss": 5.359890937805176, "elapsed_time": 62.97083020210266, "prnt": false}
{"event": "training_step", "timestamp": 1769648496.7780025, "step": 667, "max_steps": 938, "loss": 5.279029369354248, "elapsed_time": 63.056443214416504, "prnt": false}
{"event": "training_step", "timestamp": 1769648496.8637154, "step": 668, "max_steps": 938, "loss": 5.2687087059021, "elapsed_time": 63.14204978942871, "prnt": false}
{"event": "training_step", "timestamp": 1769648496.9496174, "step": 669, "max_steps": 938, "loss": 5.249011993408203, "elapsed_time": 63.227912187576294, "prnt": false}
{"event": "training_step", "timestamp": 1769648497.0353742, "step": 670, "max_steps": 938, "loss": 5.3253984451293945, "elapsed_time": 63.313674449920654, "prnt": false}
{"event": "training_step", "timestamp": 1769648497.1213112, "step": 671, "max_steps": 938, "loss": 5.323216915130615, "elapsed_time": 63.400355100631714, "prnt": false}
{"event": "training_step", "timestamp": 1769648497.2070243, "step": 672, "max_steps": 938, "loss": 5.301614284515381, "elapsed_time": 63.48544406890869, "prnt": false}
{"event": "training_step", "timestamp": 1769648497.2928693, "step": 673, "max_steps": 938, "loss": 5.360651969909668, "elapsed_time": 63.571144104003906, "prnt": false}
{"event": "training_step", "timestamp": 1769648497.3786447, "step": 674, "max_steps": 938, "loss": 5.366159915924072, "elapsed_time": 63.656925439834595, "prnt": false}
{"event": "training_step", "timestamp": 1769648497.4643662, "step": 675, "max_steps": 938, "loss": 5.355545520782471, "elapsed_time": 63.742908239364624, "prnt": false}
{"event": "training_step", "timestamp": 1769648497.5503726, "step": 676, "max_steps": 938, "loss": 5.262692451477051, "elapsed_time": 63.82925295829773, "prnt": false}
{"event": "training_step", "timestamp": 1769648497.6362107, "step": 677, "max_steps": 938, "loss": 5.267163276672363, "elapsed_time": 63.914632081985474, "prnt": false}
{"event": "training_step", "timestamp": 1769648497.721959, "step": 678, "max_steps": 938, "loss": 5.309863090515137, "elapsed_time": 64.00026559829712, "prnt": false}
{"event": "training_step", "timestamp": 1769648497.807656, "step": 679, "max_steps": 938, "loss": 5.222926139831543, "elapsed_time": 64.08615636825562, "prnt": false}
{"event": "training_step", "timestamp": 1769648497.893472, "step": 680, "max_steps": 938, "loss": 5.320889472961426, "elapsed_time": 64.17174339294434, "prnt": false}
{"event": "training_step", "timestamp": 1769648497.9791303, "step": 681, "max_steps": 938, "loss": 5.309655666351318, "elapsed_time": 64.25751185417175, "prnt": false}
{"event": "training_step", "timestamp": 1769648498.064791, "step": 682, "max_steps": 938, "loss": 5.252506732940674, "elapsed_time": 64.34316611289978, "prnt": false}
{"event": "training_step", "timestamp": 1769648498.1504345, "step": 683, "max_steps": 938, "loss": 5.347260475158691, "elapsed_time": 64.42888498306274, "prnt": false}
{"event": "training_step", "timestamp": 1769648498.2362669, "step": 684, "max_steps": 938, "loss": 5.250349521636963, "elapsed_time": 64.51443362236023, "prnt": false}
{"event": "training_step", "timestamp": 1769648498.3219802, "step": 685, "max_steps": 938, "loss": 5.320883274078369, "elapsed_time": 64.60034489631653, "prnt": false}
{"event": "training_step", "timestamp": 1769648498.4078603, "step": 686, "max_steps": 938, "loss": 5.293364524841309, "elapsed_time": 64.68608045578003, "prnt": false}
{"event": "training_step", "timestamp": 1769648498.4937723, "step": 687, "max_steps": 938, "loss": 5.335113525390625, "elapsed_time": 64.77187061309814, "prnt": false}
{"event": "training_step", "timestamp": 1769648498.5794163, "step": 688, "max_steps": 938, "loss": 5.334194183349609, "elapsed_time": 64.85792136192322, "prnt": false}
{"event": "training_step", "timestamp": 1769648498.665145, "step": 689, "max_steps": 938, "loss": 5.324519634246826, "elapsed_time": 64.94359040260315, "prnt": false}
{"event": "training_step", "timestamp": 1769648498.7510405, "step": 690, "max_steps": 938, "loss": 5.319586277008057, "elapsed_time": 65.02972483634949, "prnt": false}
{"event": "training_step", "timestamp": 1769648498.836962, "step": 691, "max_steps": 938, "loss": 5.334433078765869, "elapsed_time": 65.11528491973877, "prnt": false}
{"event": "training_step", "timestamp": 1769648498.922722, "step": 692, "max_steps": 938, "loss": 5.257035732269287, "elapsed_time": 65.201016664505, "prnt": false}
{"event": "training_step", "timestamp": 1769648499.0086935, "step": 693, "max_steps": 938, "loss": 5.317910194396973, "elapsed_time": 65.28692936897278, "prnt": false}
{"event": "training_step", "timestamp": 1769648499.0945158, "step": 694, "max_steps": 938, "loss": 5.3013763427734375, "elapsed_time": 65.37267851829529, "prnt": false}
{"event": "training_step", "timestamp": 1769648499.1802363, "step": 695, "max_steps": 938, "loss": 5.265651226043701, "elapsed_time": 65.45867252349854, "prnt": false}
{"event": "training_step", "timestamp": 1769648499.265937, "step": 696, "max_steps": 938, "loss": 5.314846038818359, "elapsed_time": 65.54421710968018, "prnt": false}
{"event": "training_step", "timestamp": 1769648499.351736, "step": 697, "max_steps": 938, "loss": 5.272918701171875, "elapsed_time": 65.63027358055115, "prnt": false}
{"event": "training_step", "timestamp": 1769648499.437607, "step": 698, "max_steps": 938, "loss": 5.332573413848877, "elapsed_time": 65.7159035205841, "prnt": false}
{"event": "training_step", "timestamp": 1769648499.5233254, "step": 699, "max_steps": 938, "loss": 5.277561187744141, "elapsed_time": 65.80168128013611, "prnt": false}
{"event": "training_step", "timestamp": 1769648499.609166, "step": 700, "max_steps": 938, "loss": 5.27182674407959, "elapsed_time": 65.88738536834717, "prnt": false}
{"event": "training_step", "timestamp": 1769648499.6950526, "step": 701, "max_steps": 938, "loss": 5.2867255210876465, "elapsed_time": 65.9733772277832, "prnt": false}
{"event": "training_step", "timestamp": 1769648499.7807655, "step": 702, "max_steps": 938, "loss": 5.271556377410889, "elapsed_time": 66.05901622772217, "prnt": false}
{"event": "training_step", "timestamp": 1769648499.8665087, "step": 703, "max_steps": 938, "loss": 5.335576057434082, "elapsed_time": 66.14481902122498, "prnt": false}
{"event": "training_step", "timestamp": 1769648499.9523442, "step": 704, "max_steps": 938, "loss": 5.290162086486816, "elapsed_time": 66.23052430152893, "prnt": false}
{"event": "validation_step", "timestamp": 1769648500.3411376, "step": 704, "max_steps": 938, "loss": 1.2684757116243817, "elapsed_time": 66.23052430152893}
{"event": "training_step", "timestamp": 1769648500.4274585, "step": 705, "max_steps": 938, "loss": 5.267179012298584, "elapsed_time": 66.70581364631653, "prnt": false}
{"event": "training_step", "timestamp": 1769648500.5132885, "step": 706, "max_steps": 938, "loss": 5.230161666870117, "elapsed_time": 66.7915666103363, "prnt": false}
{"event": "training_step", "timestamp": 1769648500.5990968, "step": 707, "max_steps": 938, "loss": 5.317655563354492, "elapsed_time": 66.87739086151123, "prnt": false}
{"event": "training_step", "timestamp": 1769648500.6848538, "step": 708, "max_steps": 938, "loss": 5.261949062347412, "elapsed_time": 66.96305513381958, "prnt": false}
{"event": "training_step", "timestamp": 1769648500.7710161, "step": 709, "max_steps": 938, "loss": 5.249771595001221, "elapsed_time": 67.04971051216125, "prnt": false}
{"event": "training_step", "timestamp": 1769648500.8568454, "step": 710, "max_steps": 938, "loss": 5.2574849128723145, "elapsed_time": 67.13518476486206, "prnt": false}
{"event": "training_step", "timestamp": 1769648500.9426262, "step": 711, "max_steps": 938, "loss": 5.208254337310791, "elapsed_time": 67.22111916542053, "prnt": false}
{"event": "training_step", "timestamp": 1769648501.0284326, "step": 712, "max_steps": 938, "loss": 5.31612491607666, "elapsed_time": 67.30661058425903, "prnt": false}
{"event": "training_step", "timestamp": 1769648501.114364, "step": 713, "max_steps": 938, "loss": 5.248469829559326, "elapsed_time": 67.39248657226562, "prnt": false}
{"event": "training_step", "timestamp": 1769648501.2000527, "step": 714, "max_steps": 938, "loss": 5.262523174285889, "elapsed_time": 67.47841954231262, "prnt": false}
{"event": "training_step", "timestamp": 1769648501.2857952, "step": 715, "max_steps": 938, "loss": 5.217144012451172, "elapsed_time": 67.56418037414551, "prnt": false}
{"event": "training_step", "timestamp": 1769648501.3716974, "step": 716, "max_steps": 938, "loss": 5.2570061683654785, "elapsed_time": 67.64979362487793, "prnt": false}
{"event": "training_step", "timestamp": 1769648501.4575, "step": 717, "max_steps": 938, "loss": 5.274491310119629, "elapsed_time": 67.73578310012817, "prnt": false}
{"event": "training_step", "timestamp": 1769648501.5431714, "step": 718, "max_steps": 938, "loss": 5.321410655975342, "elapsed_time": 67.82151651382446, "prnt": false}
{"event": "training_step", "timestamp": 1769648501.6290753, "step": 719, "max_steps": 938, "loss": 5.22182559967041, "elapsed_time": 67.90729427337646, "prnt": false}
{"event": "training_step", "timestamp": 1769648501.7149153, "step": 720, "max_steps": 938, "loss": 5.237418174743652, "elapsed_time": 67.9930031299591, "prnt": false}
{"event": "training_step", "timestamp": 1769648501.8007705, "step": 721, "max_steps": 938, "loss": 5.278929710388184, "elapsed_time": 68.07920408248901, "prnt": false}
{"event": "training_step", "timestamp": 1769648501.8865538, "step": 722, "max_steps": 938, "loss": 5.2416534423828125, "elapsed_time": 68.16483998298645, "prnt": false}
{"event": "training_step", "timestamp": 1769648501.9725976, "step": 723, "max_steps": 938, "loss": 5.337156772613525, "elapsed_time": 68.25090765953064, "prnt": false}
{"event": "training_step", "timestamp": 1769648502.0583704, "step": 724, "max_steps": 938, "loss": 5.242982387542725, "elapsed_time": 68.33662104606628, "prnt": false}
{"event": "training_step", "timestamp": 1769648502.1441672, "step": 725, "max_steps": 938, "loss": 5.314195156097412, "elapsed_time": 68.42245626449585, "prnt": false}
{"event": "training_step", "timestamp": 1769648502.2298548, "step": 726, "max_steps": 938, "loss": 5.2610368728637695, "elapsed_time": 68.50817370414734, "prnt": false}
{"event": "training_step", "timestamp": 1769648502.3157496, "step": 727, "max_steps": 938, "loss": 5.275635719299316, "elapsed_time": 68.59403824806213, "prnt": false}
{"event": "training_step", "timestamp": 1769648502.4014957, "step": 728, "max_steps": 938, "loss": 5.309176921844482, "elapsed_time": 68.67978501319885, "prnt": false}
{"event": "training_step", "timestamp": 1769648502.4872422, "step": 729, "max_steps": 938, "loss": 5.233852863311768, "elapsed_time": 68.76559829711914, "prnt": false}
{"event": "training_step", "timestamp": 1769648502.573122, "step": 730, "max_steps": 938, "loss": 5.183013916015625, "elapsed_time": 68.85158777236938, "prnt": false}
{"event": "training_step", "timestamp": 1769648502.6588585, "step": 731, "max_steps": 938, "loss": 5.2494354248046875, "elapsed_time": 68.93722224235535, "prnt": false}
{"event": "training_step", "timestamp": 1769648502.7448494, "step": 732, "max_steps": 938, "loss": 5.276894569396973, "elapsed_time": 69.0235333442688, "prnt": false}
{"event": "training_step", "timestamp": 1769648502.8308284, "step": 733, "max_steps": 938, "loss": 5.2187724113464355, "elapsed_time": 69.10919547080994, "prnt": false}
{"event": "training_step", "timestamp": 1769648502.9167902, "step": 734, "max_steps": 938, "loss": 5.255489826202393, "elapsed_time": 69.19527459144592, "prnt": false}
{"event": "training_step", "timestamp": 1769648503.0025349, "step": 735, "max_steps": 938, "loss": 5.266711711883545, "elapsed_time": 69.28091549873352, "prnt": false}
{"event": "training_step", "timestamp": 1769648503.088238, "step": 736, "max_steps": 938, "loss": 5.243685722351074, "elapsed_time": 69.36655807495117, "prnt": false}
{"event": "training_step", "timestamp": 1769648503.1741657, "step": 737, "max_steps": 938, "loss": 5.259524345397949, "elapsed_time": 69.45236253738403, "prnt": false}
{"event": "training_step", "timestamp": 1769648503.259827, "step": 738, "max_steps": 938, "loss": 5.267089366912842, "elapsed_time": 69.5381166934967, "prnt": false}
{"event": "training_step", "timestamp": 1769648503.3457165, "step": 739, "max_steps": 938, "loss": 5.249049663543701, "elapsed_time": 69.62423706054688, "prnt": false}
{"event": "training_step", "timestamp": 1769648503.4316585, "step": 740, "max_steps": 938, "loss": 5.3264689445495605, "elapsed_time": 69.70981955528259, "prnt": false}
{"event": "training_step", "timestamp": 1769648503.5175517, "step": 741, "max_steps": 938, "loss": 5.224222183227539, "elapsed_time": 69.79603362083435, "prnt": false}
{"event": "training_step", "timestamp": 1769648503.603271, "step": 742, "max_steps": 938, "loss": 5.258031845092773, "elapsed_time": 69.88152885437012, "prnt": false}
{"event": "training_step", "timestamp": 1769648503.689101, "step": 743, "max_steps": 938, "loss": 5.261137962341309, "elapsed_time": 69.9674379825592, "prnt": false}
{"event": "training_step", "timestamp": 1769648503.774862, "step": 744, "max_steps": 938, "loss": 5.262068271636963, "elapsed_time": 70.0531358718872, "prnt": false}
{"event": "training_step", "timestamp": 1769648503.860733, "step": 745, "max_steps": 938, "loss": 5.343779563903809, "elapsed_time": 70.13901925086975, "prnt": false}
{"event": "training_step", "timestamp": 1769648503.9465597, "step": 746, "max_steps": 938, "loss": 5.289445877075195, "elapsed_time": 70.2247416973114, "prnt": false}
{"event": "training_step", "timestamp": 1769648504.0324519, "step": 747, "max_steps": 938, "loss": 5.2507004737854, "elapsed_time": 70.31072950363159, "prnt": false}
{"event": "training_step", "timestamp": 1769648504.1181526, "step": 748, "max_steps": 938, "loss": 5.255962371826172, "elapsed_time": 70.39644885063171, "prnt": false}
{"event": "validation_step", "timestamp": 1769648504.5066106, "step": 748, "max_steps": 938, "loss": 1.2664282857596847, "elapsed_time": 70.39644885063171}
{"event": "training_step", "timestamp": 1769648504.592786, "step": 749, "max_steps": 938, "loss": 5.22202730178833, "elapsed_time": 70.870920419693, "prnt": false}
{"event": "training_step", "timestamp": 1769648504.6785502, "step": 750, "max_steps": 938, "loss": 5.232658863067627, "elapsed_time": 70.95694470405579, "prnt": false}
{"event": "training_step", "timestamp": 1769648504.7648144, "step": 751, "max_steps": 938, "loss": 5.227735996246338, "elapsed_time": 71.04372334480286, "prnt": false}
{"event": "training_step", "timestamp": 1769648504.850806, "step": 752, "max_steps": 938, "loss": 5.242006778717041, "elapsed_time": 71.12907528877258, "prnt": false}
{"event": "training_step", "timestamp": 1769648504.9366138, "step": 753, "max_steps": 938, "loss": 5.23834753036499, "elapsed_time": 71.21485257148743, "prnt": false}
{"event": "training_step", "timestamp": 1769648505.0224323, "step": 754, "max_steps": 938, "loss": 5.240417003631592, "elapsed_time": 71.30083966255188, "prnt": false}
{"event": "training_step", "timestamp": 1769648505.1083019, "step": 755, "max_steps": 938, "loss": 5.24034309387207, "elapsed_time": 71.38659381866455, "prnt": false}
{"event": "training_step", "timestamp": 1769648505.194101, "step": 756, "max_steps": 938, "loss": 5.295292377471924, "elapsed_time": 71.47231936454773, "prnt": false}
{"event": "training_step", "timestamp": 1769648505.2799768, "step": 757, "max_steps": 938, "loss": 5.300687789916992, "elapsed_time": 71.55825805664062, "prnt": false}
{"event": "training_step", "timestamp": 1769648505.3658445, "step": 758, "max_steps": 938, "loss": 5.287412643432617, "elapsed_time": 71.64395809173584, "prnt": false}
{"event": "training_step", "timestamp": 1769648505.4517968, "step": 759, "max_steps": 938, "loss": 5.290681838989258, "elapsed_time": 71.72999572753906, "prnt": false}
{"event": "training_step", "timestamp": 1769648505.537556, "step": 760, "max_steps": 938, "loss": 5.261418342590332, "elapsed_time": 71.8158667087555, "prnt": false}
{"event": "training_step", "timestamp": 1769648505.623397, "step": 761, "max_steps": 938, "loss": 5.170334339141846, "elapsed_time": 71.90172266960144, "prnt": false}
{"event": "training_step", "timestamp": 1769648505.709293, "step": 762, "max_steps": 938, "loss": 5.179304122924805, "elapsed_time": 71.98740530014038, "prnt": false}
{"event": "training_step", "timestamp": 1769648505.795134, "step": 763, "max_steps": 938, "loss": 5.165055274963379, "elapsed_time": 72.07361340522766, "prnt": false}
{"event": "training_step", "timestamp": 1769648505.881026, "step": 764, "max_steps": 938, "loss": 5.242919445037842, "elapsed_time": 72.15945315361023, "prnt": false}
{"event": "training_step", "timestamp": 1769648505.9669204, "step": 765, "max_steps": 938, "loss": 5.221342086791992, "elapsed_time": 72.24528384208679, "prnt": false}
{"event": "training_step", "timestamp": 1769648506.052856, "step": 766, "max_steps": 938, "loss": 5.190229892730713, "elapsed_time": 72.33124685287476, "prnt": false}
{"event": "training_step", "timestamp": 1769648506.1386929, "step": 767, "max_steps": 938, "loss": 5.229493141174316, "elapsed_time": 72.41699051856995, "prnt": false}
{"event": "training_step", "timestamp": 1769648506.2245996, "step": 768, "max_steps": 938, "loss": 5.1983323097229, "elapsed_time": 72.50304460525513, "prnt": false}
{"event": "training_step", "timestamp": 1769648506.3106618, "step": 769, "max_steps": 938, "loss": 5.18968391418457, "elapsed_time": 72.58894777297974, "prnt": false}
{"event": "training_step", "timestamp": 1769648506.3963773, "step": 770, "max_steps": 938, "loss": 5.196177959442139, "elapsed_time": 72.67465043067932, "prnt": false}
{"event": "training_step", "timestamp": 1769648506.4822476, "step": 771, "max_steps": 938, "loss": 5.29211950302124, "elapsed_time": 72.76047015190125, "prnt": false}
{"event": "training_step", "timestamp": 1769648506.568045, "step": 772, "max_steps": 938, "loss": 5.172236442565918, "elapsed_time": 72.84625053405762, "prnt": false}
{"event": "training_step", "timestamp": 1769648506.6539433, "step": 773, "max_steps": 938, "loss": 5.138086795806885, "elapsed_time": 72.93223237991333, "prnt": false}
{"event": "training_step", "timestamp": 1769648506.7397585, "step": 774, "max_steps": 938, "loss": 5.258369445800781, "elapsed_time": 73.01794743537903, "prnt": false}
{"event": "training_step", "timestamp": 1769648506.8258786, "step": 775, "max_steps": 938, "loss": 5.251731872558594, "elapsed_time": 73.10460638999939, "prnt": false}
{"event": "training_step", "timestamp": 1769648506.9117978, "step": 776, "max_steps": 938, "loss": 5.191346645355225, "elapsed_time": 73.19008374214172, "prnt": false}
{"event": "training_step", "timestamp": 1769648506.9975817, "step": 777, "max_steps": 938, "loss": 5.224358081817627, "elapsed_time": 73.27592754364014, "prnt": false}
{"event": "training_step", "timestamp": 1769648507.0833654, "step": 778, "max_steps": 938, "loss": 5.244295597076416, "elapsed_time": 73.36170196533203, "prnt": false}
{"event": "training_step", "timestamp": 1769648507.1693568, "step": 779, "max_steps": 938, "loss": 5.198670864105225, "elapsed_time": 73.44748020172119, "prnt": false}
{"event": "training_step", "timestamp": 1769648507.2552068, "step": 780, "max_steps": 938, "loss": 5.225182056427002, "elapsed_time": 73.53333353996277, "prnt": false}
{"event": "training_step", "timestamp": 1769648507.3410528, "step": 781, "max_steps": 938, "loss": 5.217323303222656, "elapsed_time": 73.61938524246216, "prnt": false}
{"event": "training_step", "timestamp": 1769648507.4270089, "step": 782, "max_steps": 938, "loss": 5.277141094207764, "elapsed_time": 73.7050986289978, "prnt": false}
{"event": "training_step", "timestamp": 1769648507.5131927, "step": 783, "max_steps": 938, "loss": 5.234074115753174, "elapsed_time": 73.79115128517151, "prnt": false}
{"event": "training_step", "timestamp": 1769648507.5989318, "step": 784, "max_steps": 938, "loss": 5.205678939819336, "elapsed_time": 73.8772394657135, "prnt": false}
{"event": "training_step", "timestamp": 1769648507.6848722, "step": 785, "max_steps": 938, "loss": 5.2198286056518555, "elapsed_time": 73.96301126480103, "prnt": false}
{"event": "training_step", "timestamp": 1769648507.7708478, "step": 786, "max_steps": 938, "loss": 5.201563835144043, "elapsed_time": 74.04895234107971, "prnt": false}
{"event": "training_step", "timestamp": 1769648507.8566585, "step": 787, "max_steps": 938, "loss": 5.135248184204102, "elapsed_time": 74.13489007949829, "prnt": false}
{"event": "training_step", "timestamp": 1769648507.9423246, "step": 788, "max_steps": 938, "loss": 5.286169052124023, "elapsed_time": 74.22066688537598, "prnt": false}
{"event": "training_step", "timestamp": 1769648508.028241, "step": 789, "max_steps": 938, "loss": 5.155137538909912, "elapsed_time": 74.3064386844635, "prnt": false}
{"event": "training_step", "timestamp": 1769648508.1140363, "step": 790, "max_steps": 938, "loss": 5.188431262969971, "elapsed_time": 74.3922803401947, "prnt": false}
{"event": "training_step", "timestamp": 1769648508.1996167, "step": 791, "max_steps": 938, "loss": 5.154189109802246, "elapsed_time": 74.4780809879303, "prnt": false}
{"event": "training_step", "timestamp": 1769648508.2854643, "step": 792, "max_steps": 938, "loss": 5.217422962188721, "elapsed_time": 74.56372952461243, "prnt": false}
{"event": "validation_step", "timestamp": 1769648508.6747139, "step": 792, "max_steps": 938, "loss": 1.2664517877381574, "elapsed_time": 74.56372952461243}
{"event": "training_step", "timestamp": 1769648508.7612946, "step": 793, "max_steps": 938, "loss": 5.233345985412598, "elapsed_time": 75.03969264030457, "prnt": false}
{"event": "training_step", "timestamp": 1769648508.8473377, "step": 794, "max_steps": 938, "loss": 5.188978672027588, "elapsed_time": 75.12575459480286, "prnt": false}
{"event": "training_step", "timestamp": 1769648508.9332507, "step": 795, "max_steps": 938, "loss": 5.160182952880859, "elapsed_time": 75.21174883842468, "prnt": false}
{"event": "training_step", "timestamp": 1769648509.0190792, "step": 796, "max_steps": 938, "loss": 5.248245716094971, "elapsed_time": 75.29731941223145, "prnt": false}
{"event": "training_step", "timestamp": 1769648509.1050537, "step": 797, "max_steps": 938, "loss": 5.199552536010742, "elapsed_time": 75.3832688331604, "prnt": false}
{"event": "training_step", "timestamp": 1769648509.190996, "step": 798, "max_steps": 938, "loss": 5.17101526260376, "elapsed_time": 75.46913647651672, "prnt": false}
{"event": "training_step", "timestamp": 1769648509.2768886, "step": 799, "max_steps": 938, "loss": 5.202978134155273, "elapsed_time": 75.55522537231445, "prnt": false}
{"event": "training_step", "timestamp": 1769648509.3627665, "step": 800, "max_steps": 938, "loss": 5.272511959075928, "elapsed_time": 75.64105939865112, "prnt": false}
{"event": "training_step", "timestamp": 1769648509.44874, "step": 801, "max_steps": 938, "loss": 5.201264381408691, "elapsed_time": 75.7268579006195, "prnt": false}
{"event": "training_step", "timestamp": 1769648509.5345454, "step": 802, "max_steps": 938, "loss": 5.185432434082031, "elapsed_time": 75.81273984909058, "prnt": false}
{"event": "training_step", "timestamp": 1769648509.620407, "step": 803, "max_steps": 938, "loss": 5.215380668640137, "elapsed_time": 75.89870381355286, "prnt": false}
{"event": "training_step", "timestamp": 1769648509.7063425, "step": 804, "max_steps": 938, "loss": 5.197789192199707, "elapsed_time": 75.98441290855408, "prnt": false}
{"event": "training_step", "timestamp": 1769648509.792424, "step": 805, "max_steps": 938, "loss": 5.195121765136719, "elapsed_time": 76.07063269615173, "prnt": false}
{"event": "training_step", "timestamp": 1769648509.8782773, "step": 806, "max_steps": 938, "loss": 5.255273342132568, "elapsed_time": 76.15646195411682, "prnt": false}
{"event": "training_step", "timestamp": 1769648509.9641876, "step": 807, "max_steps": 938, "loss": 5.223062992095947, "elapsed_time": 76.24239683151245, "prnt": false}
{"event": "training_step", "timestamp": 1769648510.0501041, "step": 808, "max_steps": 938, "loss": 5.194736480712891, "elapsed_time": 76.32813549041748, "prnt": false}
{"event": "training_step", "timestamp": 1769648510.135928, "step": 809, "max_steps": 938, "loss": 5.298412322998047, "elapsed_time": 76.41424512863159, "prnt": false}
{"event": "training_step", "timestamp": 1769648510.22177, "step": 810, "max_steps": 938, "loss": 5.25532341003418, "elapsed_time": 76.49998164176941, "prnt": false}
{"event": "training_step", "timestamp": 1769648510.307788, "step": 811, "max_steps": 938, "loss": 5.234959125518799, "elapsed_time": 76.58595252037048, "prnt": false}
{"event": "training_step", "timestamp": 1769648510.3936486, "step": 812, "max_steps": 938, "loss": 5.263248443603516, "elapsed_time": 76.67186713218689, "prnt": false}
{"event": "training_step", "timestamp": 1769648510.4794822, "step": 813, "max_steps": 938, "loss": 5.214252948760986, "elapsed_time": 76.75776743888855, "prnt": false}
{"event": "training_step", "timestamp": 1769648510.565323, "step": 814, "max_steps": 938, "loss": 5.221498012542725, "elapsed_time": 76.84351634979248, "prnt": false}
{"event": "training_step", "timestamp": 1769648510.6513042, "step": 815, "max_steps": 938, "loss": 5.203278541564941, "elapsed_time": 76.92944169044495, "prnt": false}
{"event": "training_step", "timestamp": 1769648510.737139, "step": 816, "max_steps": 938, "loss": 5.299365997314453, "elapsed_time": 77.01539254188538, "prnt": false}
{"event": "training_step", "timestamp": 1769648510.823383, "step": 817, "max_steps": 938, "loss": 5.201019287109375, "elapsed_time": 77.10225653648376, "prnt": false}
{"event": "training_step", "timestamp": 1769648510.9094272, "step": 818, "max_steps": 938, "loss": 5.238555908203125, "elapsed_time": 77.18762135505676, "prnt": false}
{"event": "training_step", "timestamp": 1769648510.995199, "step": 819, "max_steps": 938, "loss": 5.211240768432617, "elapsed_time": 77.27367424964905, "prnt": false}
{"event": "training_step", "timestamp": 1769648511.080958, "step": 820, "max_steps": 938, "loss": 5.2508392333984375, "elapsed_time": 77.35926175117493, "prnt": false}
{"event": "training_step", "timestamp": 1769648511.166815, "step": 821, "max_steps": 938, "loss": 5.136889934539795, "elapsed_time": 77.44515585899353, "prnt": false}
{"event": "training_step", "timestamp": 1769648511.252652, "step": 822, "max_steps": 938, "loss": 5.243091106414795, "elapsed_time": 77.53071689605713, "prnt": false}
{"event": "training_step", "timestamp": 1769648511.3385398, "step": 823, "max_steps": 938, "loss": 5.271114349365234, "elapsed_time": 77.61659908294678, "prnt": false}
{"event": "training_step", "timestamp": 1769648511.4245315, "step": 824, "max_steps": 938, "loss": 5.205459117889404, "elapsed_time": 77.7023663520813, "prnt": false}
{"event": "training_step", "timestamp": 1769648511.5105429, "step": 825, "max_steps": 938, "loss": 5.258261680603027, "elapsed_time": 77.78845381736755, "prnt": false}
{"event": "training_step", "timestamp": 1769648511.5963676, "step": 826, "max_steps": 938, "loss": 5.239604473114014, "elapsed_time": 77.87434315681458, "prnt": false}
{"event": "training_step", "timestamp": 1769648511.6822479, "step": 827, "max_steps": 938, "loss": 5.235720634460449, "elapsed_time": 77.96021509170532, "prnt": false}
{"event": "training_step", "timestamp": 1769648511.768199, "step": 828, "max_steps": 938, "loss": 5.190071105957031, "elapsed_time": 78.04601097106934, "prnt": false}
{"event": "training_step", "timestamp": 1769648511.8540344, "step": 829, "max_steps": 938, "loss": 5.173010349273682, "elapsed_time": 78.13221168518066, "prnt": false}
{"event": "training_step", "timestamp": 1769648511.939967, "step": 830, "max_steps": 938, "loss": 5.182897090911865, "elapsed_time": 78.21809101104736, "prnt": false}
{"event": "training_step", "timestamp": 1769648512.0260472, "step": 831, "max_steps": 938, "loss": 5.235278606414795, "elapsed_time": 78.30421209335327, "prnt": false}
{"event": "training_step", "timestamp": 1769648512.111957, "step": 832, "max_steps": 938, "loss": 5.255970478057861, "elapsed_time": 78.39012002944946, "prnt": false}
{"event": "training_step", "timestamp": 1769648512.1979406, "step": 833, "max_steps": 938, "loss": 5.232273578643799, "elapsed_time": 78.47625207901001, "prnt": false}
{"event": "training_step", "timestamp": 1769648512.2837613, "step": 834, "max_steps": 938, "loss": 5.094089031219482, "elapsed_time": 78.56202006340027, "prnt": false}
{"event": "training_step", "timestamp": 1769648512.369857, "step": 835, "max_steps": 938, "loss": 5.238308429718018, "elapsed_time": 78.64795923233032, "prnt": false}
{"event": "training_step", "timestamp": 1769648512.4556632, "step": 836, "max_steps": 938, "loss": 5.16198205947876, "elapsed_time": 78.73388695716858, "prnt": false}
{"event": "validation_step", "timestamp": 1769648512.8447711, "step": 836, "max_steps": 938, "loss": 1.264809710581008, "elapsed_time": 78.73388695716858}
{"event": "training_step", "timestamp": 1769648512.9313095, "step": 837, "max_steps": 938, "loss": 5.243173122406006, "elapsed_time": 79.2097897529602, "prnt": false}
{"event": "training_step", "timestamp": 1769648513.0171561, "step": 838, "max_steps": 938, "loss": 5.2159318923950195, "elapsed_time": 79.29544258117676, "prnt": false}
{"event": "training_step", "timestamp": 1769648513.1031425, "step": 839, "max_steps": 938, "loss": 5.2237162590026855, "elapsed_time": 79.38123989105225, "prnt": false}
{"event": "training_step", "timestamp": 1769648513.1891134, "step": 840, "max_steps": 938, "loss": 5.233437538146973, "elapsed_time": 79.4671585559845, "prnt": false}
{"event": "training_step", "timestamp": 1769648513.2751129, "step": 841, "max_steps": 938, "loss": 5.14929723739624, "elapsed_time": 79.55336284637451, "prnt": false}
{"event": "training_step", "timestamp": 1769648513.3610878, "step": 842, "max_steps": 938, "loss": 5.17352819442749, "elapsed_time": 79.63956379890442, "prnt": false}
{"event": "training_step", "timestamp": 1769648513.447113, "step": 843, "max_steps": 938, "loss": 5.153030872344971, "elapsed_time": 79.72529339790344, "prnt": false}
{"event": "training_step", "timestamp": 1769648513.533016, "step": 844, "max_steps": 938, "loss": 5.191623210906982, "elapsed_time": 79.81119632720947, "prnt": false}
{"event": "training_step", "timestamp": 1769648513.6189954, "step": 845, "max_steps": 938, "loss": 5.226707935333252, "elapsed_time": 79.8972737789154, "prnt": false}
{"event": "training_step", "timestamp": 1769648513.7048578, "step": 846, "max_steps": 938, "loss": 5.230396270751953, "elapsed_time": 79.98297572135925, "prnt": false}
{"event": "training_step", "timestamp": 1769648513.7908278, "step": 847, "max_steps": 938, "loss": 5.175435543060303, "elapsed_time": 80.06894159317017, "prnt": false}
{"event": "training_step", "timestamp": 1769648513.8767266, "step": 848, "max_steps": 938, "loss": 5.177698135375977, "elapsed_time": 80.15483927726746, "prnt": false}
{"event": "training_step", "timestamp": 1769648513.9626455, "step": 849, "max_steps": 938, "loss": 5.181542873382568, "elapsed_time": 80.24090361595154, "prnt": false}
{"event": "training_step", "timestamp": 1769648514.048717, "step": 850, "max_steps": 938, "loss": 5.173600196838379, "elapsed_time": 80.32666087150574, "prnt": false}
{"event": "training_step", "timestamp": 1769648514.1346462, "step": 851, "max_steps": 938, "loss": 5.196146488189697, "elapsed_time": 80.41284584999084, "prnt": false}
{"event": "training_step", "timestamp": 1769648514.220517, "step": 852, "max_steps": 938, "loss": 5.1920599937438965, "elapsed_time": 80.49867510795593, "prnt": false}
{"event": "training_step", "timestamp": 1769648514.3065977, "step": 853, "max_steps": 938, "loss": 5.200598239898682, "elapsed_time": 80.58470702171326, "prnt": false}
{"event": "training_step", "timestamp": 1769648514.3925006, "step": 854, "max_steps": 938, "loss": 5.167642593383789, "elapsed_time": 80.67069506645203, "prnt": false}
{"event": "training_step", "timestamp": 1769648514.478411, "step": 855, "max_steps": 938, "loss": 5.18325662612915, "elapsed_time": 80.7566454410553, "prnt": false}
{"event": "training_step", "timestamp": 1769648514.564351, "step": 856, "max_steps": 938, "loss": 5.149377822875977, "elapsed_time": 80.84271121025085, "prnt": false}
{"event": "training_step", "timestamp": 1769648514.6503704, "step": 857, "max_steps": 938, "loss": 5.2173542976379395, "elapsed_time": 80.92846894264221, "prnt": false}
{"event": "training_step", "timestamp": 1769648514.7364538, "step": 858, "max_steps": 938, "loss": 5.2791619300842285, "elapsed_time": 81.01430916786194, "prnt": false}
{"event": "training_step", "timestamp": 1769648514.8225505, "step": 859, "max_steps": 938, "loss": 5.2077202796936035, "elapsed_time": 81.10109782218933, "prnt": false}
{"event": "training_step", "timestamp": 1769648514.908848, "step": 860, "max_steps": 938, "loss": 5.1989898681640625, "elapsed_time": 81.18704724311829, "prnt": false}
{"event": "training_step", "timestamp": 1769648514.994773, "step": 861, "max_steps": 938, "loss": 5.156944751739502, "elapsed_time": 81.27326107025146, "prnt": false}
{"event": "training_step", "timestamp": 1769648515.080601, "step": 862, "max_steps": 938, "loss": 5.160436153411865, "elapsed_time": 81.35882067680359, "prnt": false}
{"event": "training_step", "timestamp": 1769648515.166603, "step": 863, "max_steps": 938, "loss": 5.199615001678467, "elapsed_time": 81.44468212127686, "prnt": false}
{"event": "training_step", "timestamp": 1769648515.252553, "step": 864, "max_steps": 938, "loss": 5.177270889282227, "elapsed_time": 81.5307104587555, "prnt": false}
{"event": "training_step", "timestamp": 1769648515.33844, "step": 865, "max_steps": 938, "loss": 5.212209701538086, "elapsed_time": 81.61680626869202, "prnt": false}
{"event": "training_step", "timestamp": 1769648515.4244318, "step": 866, "max_steps": 938, "loss": 5.196055889129639, "elapsed_time": 81.7025625705719, "prnt": false}
{"event": "training_step", "timestamp": 1769648515.51047, "step": 867, "max_steps": 938, "loss": 5.1783857345581055, "elapsed_time": 81.78856372833252, "prnt": false}
{"event": "training_step", "timestamp": 1769648515.5964172, "step": 868, "max_steps": 938, "loss": 5.198971748352051, "elapsed_time": 81.87469458580017, "prnt": false}
{"event": "training_step", "timestamp": 1769648515.6823895, "step": 869, "max_steps": 938, "loss": 5.1542181968688965, "elapsed_time": 81.9605073928833, "prnt": false}
{"event": "training_step", "timestamp": 1769648515.768391, "step": 870, "max_steps": 938, "loss": 5.194892883300781, "elapsed_time": 82.04645204544067, "prnt": false}
{"event": "training_step", "timestamp": 1769648515.8543475, "step": 871, "max_steps": 938, "loss": 5.196479320526123, "elapsed_time": 82.13264679908752, "prnt": false}
{"event": "training_step", "timestamp": 1769648515.9403865, "step": 872, "max_steps": 938, "loss": 5.2488017082214355, "elapsed_time": 82.21844696998596, "prnt": false}
{"event": "training_step", "timestamp": 1769648516.026393, "step": 873, "max_steps": 938, "loss": 5.210727691650391, "elapsed_time": 82.30441761016846, "prnt": false}
{"event": "training_step", "timestamp": 1769648516.1122992, "step": 874, "max_steps": 938, "loss": 5.086423873901367, "elapsed_time": 82.39050149917603, "prnt": false}
{"event": "training_step", "timestamp": 1769648516.1981986, "step": 875, "max_steps": 938, "loss": 5.261142253875732, "elapsed_time": 82.47637820243835, "prnt": false}
{"event": "training_step", "timestamp": 1769648516.2840867, "step": 876, "max_steps": 938, "loss": 5.233521461486816, "elapsed_time": 82.5622718334198, "prnt": false}
{"event": "training_step", "timestamp": 1769648516.370129, "step": 877, "max_steps": 938, "loss": 5.157059669494629, "elapsed_time": 82.64817810058594, "prnt": false}
{"event": "training_step", "timestamp": 1769648516.4560044, "step": 878, "max_steps": 938, "loss": 5.150118827819824, "elapsed_time": 82.73416090011597, "prnt": false}
{"event": "training_step", "timestamp": 1769648516.542168, "step": 879, "max_steps": 938, "loss": 5.157102584838867, "elapsed_time": 82.82009696960449, "prnt": false}
{"event": "training_step", "timestamp": 1769648516.6285243, "step": 880, "max_steps": 938, "loss": 5.123269081115723, "elapsed_time": 82.90745806694031, "prnt": false}
{"event": "validation_step", "timestamp": 1769648517.0186746, "step": 880, "max_steps": 938, "loss": 1.2644072474389068, "elapsed_time": 82.90745806694031}
{"event": "training_step", "timestamp": 1769648517.1052463, "step": 881, "max_steps": 938, "loss": 5.16657829284668, "elapsed_time": 83.38509130477905, "prnt": false}
{"event": "training_step", "timestamp": 1769648517.1915498, "step": 882, "max_steps": 938, "loss": 5.176196575164795, "elapsed_time": 83.47041535377502, "prnt": false}
{"event": "training_step", "timestamp": 1769648517.2787855, "step": 883, "max_steps": 938, "loss": 5.226141452789307, "elapsed_time": 83.560875415802, "prnt": false}
{"event": "training_step", "timestamp": 1769648517.3659139, "step": 884, "max_steps": 938, "loss": 5.223060607910156, "elapsed_time": 83.64648056030273, "prnt": false}
{"event": "training_step", "timestamp": 1769648517.4522257, "step": 885, "max_steps": 938, "loss": 5.167403221130371, "elapsed_time": 83.73147130012512, "prnt": false}
{"event": "training_step", "timestamp": 1769648517.5385225, "step": 886, "max_steps": 938, "loss": 5.191036701202393, "elapsed_time": 83.81746172904968, "prnt": false}
{"event": "training_step", "timestamp": 1769648517.6247983, "step": 887, "max_steps": 938, "loss": 5.202475070953369, "elapsed_time": 83.90364718437195, "prnt": false}
{"event": "training_step", "timestamp": 1769648517.7112525, "step": 888, "max_steps": 938, "loss": 5.152357578277588, "elapsed_time": 83.99023008346558, "prnt": false}
{"event": "training_step", "timestamp": 1769648517.79753, "step": 889, "max_steps": 938, "loss": 5.171547889709473, "elapsed_time": 84.07639598846436, "prnt": false}
{"event": "training_step", "timestamp": 1769648517.8837583, "step": 890, "max_steps": 938, "loss": 5.21735954284668, "elapsed_time": 84.16288375854492, "prnt": false}
{"event": "training_step", "timestamp": 1769648517.9703605, "step": 891, "max_steps": 938, "loss": 5.21303129196167, "elapsed_time": 84.24921298027039, "prnt": false}
{"event": "training_step", "timestamp": 1769648518.056518, "step": 892, "max_steps": 938, "loss": 5.211373805999756, "elapsed_time": 84.33550882339478, "prnt": false}
{"event": "training_step", "timestamp": 1769648518.1430557, "step": 893, "max_steps": 938, "loss": 5.195611000061035, "elapsed_time": 84.42187643051147, "prnt": false}
{"event": "training_step", "timestamp": 1769648518.2294824, "step": 894, "max_steps": 938, "loss": 5.144121170043945, "elapsed_time": 84.50848507881165, "prnt": false}
{"event": "training_step", "timestamp": 1769648518.3158126, "step": 895, "max_steps": 938, "loss": 5.193896293640137, "elapsed_time": 84.59500575065613, "prnt": false}
{"event": "training_step", "timestamp": 1769648518.4021316, "step": 896, "max_steps": 938, "loss": 5.173506259918213, "elapsed_time": 84.68116641044617, "prnt": false}
{"event": "training_step", "timestamp": 1769648518.4885054, "step": 897, "max_steps": 938, "loss": 5.156528949737549, "elapsed_time": 84.76731276512146, "prnt": false}
{"event": "training_step", "timestamp": 1769648518.574645, "step": 898, "max_steps": 938, "loss": 5.13566780090332, "elapsed_time": 84.85357284545898, "prnt": false}
{"event": "training_step", "timestamp": 1769648518.661112, "step": 899, "max_steps": 938, "loss": 5.133960723876953, "elapsed_time": 84.94000506401062, "prnt": false}
{"event": "training_step", "timestamp": 1769648518.7473946, "step": 900, "max_steps": 938, "loss": 5.208650588989258, "elapsed_time": 85.02607989311218, "prnt": false}
{"event": "training_step", "timestamp": 1769648518.8335645, "step": 901, "max_steps": 938, "loss": 5.187756538391113, "elapsed_time": 85.11247038841248, "prnt": false}
{"event": "training_step", "timestamp": 1769648518.9198658, "step": 902, "max_steps": 938, "loss": 5.128609657287598, "elapsed_time": 85.19871854782104, "prnt": false}
{"event": "training_step", "timestamp": 1769648519.0063643, "step": 903, "max_steps": 938, "loss": 5.237222671508789, "elapsed_time": 85.28514313697815, "prnt": false}
{"event": "training_step", "timestamp": 1769648519.0924168, "step": 904, "max_steps": 938, "loss": 5.185029983520508, "elapsed_time": 85.3712387084961, "prnt": false}
{"event": "training_step", "timestamp": 1769648519.1785789, "step": 905, "max_steps": 938, "loss": 5.172719478607178, "elapsed_time": 85.45695471763611, "prnt": false}
{"event": "training_step", "timestamp": 1769648519.2648041, "step": 906, "max_steps": 938, "loss": 5.217682361602783, "elapsed_time": 85.54327273368835, "prnt": false}
{"event": "training_step", "timestamp": 1769648519.3512044, "step": 907, "max_steps": 938, "loss": 5.122002601623535, "elapsed_time": 85.63021898269653, "prnt": false}
{"event": "training_step", "timestamp": 1769648519.437366, "step": 908, "max_steps": 938, "loss": 5.2132978439331055, "elapsed_time": 85.71622896194458, "prnt": false}
{"event": "training_step", "timestamp": 1769648519.5238554, "step": 909, "max_steps": 938, "loss": 5.187870979309082, "elapsed_time": 85.80274248123169, "prnt": false}
{"event": "training_step", "timestamp": 1769648519.6109347, "step": 910, "max_steps": 938, "loss": 5.1996612548828125, "elapsed_time": 85.89232134819031, "prnt": false}
{"event": "training_step", "timestamp": 1769648519.697392, "step": 911, "max_steps": 938, "loss": 5.27855920791626, "elapsed_time": 85.9762442111969, "prnt": false}
{"event": "training_step", "timestamp": 1769648519.7836738, "step": 912, "max_steps": 938, "loss": 5.220536708831787, "elapsed_time": 86.06238555908203, "prnt": false}
{"event": "training_step", "timestamp": 1769648519.870111, "step": 913, "max_steps": 938, "loss": 5.163441181182861, "elapsed_time": 86.14921927452087, "prnt": false}
{"event": "training_step", "timestamp": 1769648519.9564066, "step": 914, "max_steps": 938, "loss": 5.1429829597473145, "elapsed_time": 86.2356448173523, "prnt": false}
{"event": "training_step", "timestamp": 1769648520.042967, "step": 915, "max_steps": 938, "loss": 5.237826824188232, "elapsed_time": 86.32168579101562, "prnt": false}
{"event": "training_step", "timestamp": 1769648520.1292264, "step": 916, "max_steps": 938, "loss": 5.227821350097656, "elapsed_time": 86.40813851356506, "prnt": false}
{"event": "training_step", "timestamp": 1769648520.215341, "step": 917, "max_steps": 938, "loss": 5.196751594543457, "elapsed_time": 86.49376964569092, "prnt": false}
{"event": "training_step", "timestamp": 1769648520.301438, "step": 918, "max_steps": 938, "loss": 5.159985065460205, "elapsed_time": 86.57960247993469, "prnt": false}
{"event": "training_step", "timestamp": 1769648520.3876064, "step": 919, "max_steps": 938, "loss": 5.170419216156006, "elapsed_time": 86.66574096679688, "prnt": false}
{"event": "training_step", "timestamp": 1769648520.473725, "step": 920, "max_steps": 938, "loss": 5.198637962341309, "elapsed_time": 86.75262808799744, "prnt": false}
{"event": "training_step", "timestamp": 1769648520.5600505, "step": 921, "max_steps": 938, "loss": 5.25832462310791, "elapsed_time": 86.83855509757996, "prnt": false}
{"event": "training_step", "timestamp": 1769648520.6464684, "step": 922, "max_steps": 938, "loss": 5.225852966308594, "elapsed_time": 86.92533469200134, "prnt": false}
{"event": "training_step", "timestamp": 1769648520.7328424, "step": 923, "max_steps": 938, "loss": 5.1049652099609375, "elapsed_time": 87.01185369491577, "prnt": false}
{"event": "training_step", "timestamp": 1769648520.8187923, "step": 924, "max_steps": 938, "loss": 5.16455078125, "elapsed_time": 87.09703373908997, "prnt": false}
{"event": "validation_step", "timestamp": 1769648521.2087705, "step": 924, "max_steps": 938, "loss": 1.2644011906809771, "elapsed_time": 87.09703373908997}
{"event": "training_step", "timestamp": 1769648521.2957642, "step": 925, "max_steps": 938, "loss": 5.2190632820129395, "elapsed_time": 87.57424783706665, "prnt": false}
{"event": "training_step", "timestamp": 1769648521.3820374, "step": 926, "max_steps": 938, "loss": 5.181952953338623, "elapsed_time": 87.6610152721405, "prnt": false}
{"event": "training_step", "timestamp": 1769648521.468611, "step": 927, "max_steps": 938, "loss": 5.199306488037109, "elapsed_time": 87.74777245521545, "prnt": false}
{"event": "training_step", "timestamp": 1769648521.5550048, "step": 928, "max_steps": 938, "loss": 5.207417964935303, "elapsed_time": 87.83392715454102, "prnt": false}
{"event": "training_step", "timestamp": 1769648521.6415138, "step": 929, "max_steps": 938, "loss": 5.20461893081665, "elapsed_time": 87.92056846618652, "prnt": false}
{"event": "training_step", "timestamp": 1769648521.727623, "step": 930, "max_steps": 938, "loss": 5.142319679260254, "elapsed_time": 88.00570273399353, "prnt": false}
{"event": "training_step", "timestamp": 1769648521.8140848, "step": 931, "max_steps": 938, "loss": 5.149811744689941, "elapsed_time": 88.09295105934143, "prnt": false}
{"event": "training_step", "timestamp": 1769648521.9004002, "step": 932, "max_steps": 938, "loss": 5.198554515838623, "elapsed_time": 88.1784029006958, "prnt": false}
{"event": "training_step", "timestamp": 1769648521.9866097, "step": 933, "max_steps": 938, "loss": 5.145777702331543, "elapsed_time": 88.26480746269226, "prnt": false}
{"event": "training_step", "timestamp": 1769648522.0725553, "step": 934, "max_steps": 938, "loss": 5.154959678649902, "elapsed_time": 88.35075378417969, "prnt": false}
{"event": "training_step", "timestamp": 1769648522.1586127, "step": 935, "max_steps": 938, "loss": 5.197680473327637, "elapsed_time": 88.43673753738403, "prnt": false}
{"event": "training_step", "timestamp": 1769648522.2446952, "step": 936, "max_steps": 938, "loss": 5.173330783843994, "elapsed_time": 88.5226879119873, "prnt": false}
{"event": "training_step", "timestamp": 1769648522.3306677, "step": 937, "max_steps": 938, "loss": 5.1940765380859375, "elapsed_time": 88.60901236534119, "prnt": false}
{"event": "training_step", "timestamp": 1769648522.4166698, "step": 938, "max_steps": 938, "loss": 5.2364583015441895, "elapsed_time": 88.69480776786804, "prnt": false}
{"event": "validation_step", "timestamp": 1769648522.8059552, "step": 938, "max_steps": 938, "loss": 1.2643921897674393, "elapsed_time": 88.69480776786804}
