{"event": "hyperparameters_configured", "timestamp": 1769667769.0842025, "block_size": 64, "vocab_size": 24000, "n_layer": 8, "n_head": 9, "d_model": 576, "dropout": 0.0, "mlp_ratio": 5.0, "activation": "gelu", "residual_scaling": true, "batch_size": 128, "lr": 0.0003, "weight_decay": 0.1, "evals_per_epoch": 3, "batch_mode": "random", "optimizer": "adamw", "scheduler": "warmup_cosine", "warmup_fraction": 0.05, "attention_type": "causal", "attn_intermediate_dim": 288, "local_attn_ctx": 16, "normalizer": "lowercase", "pre_tokenizer": "whitespace", "eos_handling": "tokenize_append", "min_frequency": 2, "domain_tokens": true, "epochs": 7, "seed": 1337, "num_titles": 100000, "val_frac": 0.1, "log_file": "./logs/exp-bottleneck-b64.log"}
{"event": "device_info", "timestamp": 1769667769.1017287, "device": "cuda"}
{"event": "dataset_info", "timestamp": 1769667779.3860831, "titles_count": 90000, "epochs": 7, "batches_per_epoch": 117, "tokens_per_epoch": 965379, "vocab_size": 24000}
{"event": "model_info", "timestamp": 1769667779.8377304, "parameters_count": 45770112}
{"event": "training_step", "timestamp": 1769667780.495927, "step": 1, "max_steps": 819, "loss": 10.191465377807617, "elapsed_time": 0.2257699966430664, "prnt": false}
{"event": "validation_step", "timestamp": 1769667780.8276563, "step": 1, "max_steps": 819, "loss": 1.8796877255721212, "elapsed_time": 0.2257699966430664}
{"event": "training_step", "timestamp": 1769667780.9086413, "step": 2, "max_steps": 819, "loss": 10.192134857177734, "elapsed_time": 0.5656082630157471, "prnt": false}
{"event": "training_step", "timestamp": 1769667780.9891362, "step": 3, "max_steps": 819, "loss": 10.024505615234375, "elapsed_time": 0.6461677551269531, "prnt": false}
{"event": "training_step", "timestamp": 1769667781.0698066, "step": 4, "max_steps": 819, "loss": 9.747922897338867, "elapsed_time": 0.7262260913848877, "prnt": false}
{"event": "training_step", "timestamp": 1769667781.150355, "step": 5, "max_steps": 819, "loss": 9.46911907196045, "elapsed_time": 0.8066890239715576, "prnt": false}
{"event": "training_step", "timestamp": 1769667781.2309117, "step": 6, "max_steps": 819, "loss": 9.276453018188477, "elapsed_time": 0.8872971534729004, "prnt": false}
{"event": "training_step", "timestamp": 1769667781.3114367, "step": 7, "max_steps": 819, "loss": 9.166313171386719, "elapsed_time": 0.9678215980529785, "prnt": false}
{"event": "training_step", "timestamp": 1769667781.3921049, "step": 8, "max_steps": 819, "loss": 9.052901268005371, "elapsed_time": 1.0486867427825928, "prnt": false}
{"event": "training_step", "timestamp": 1769667781.472613, "step": 9, "max_steps": 819, "loss": 9.009468078613281, "elapsed_time": 1.128965139389038, "prnt": false}
{"event": "training_step", "timestamp": 1769667781.5531335, "step": 10, "max_steps": 819, "loss": 8.941278457641602, "elapsed_time": 1.2096076011657715, "prnt": false}
{"event": "training_step", "timestamp": 1769667781.6338356, "step": 11, "max_steps": 819, "loss": 8.90052604675293, "elapsed_time": 1.2902705669403076, "prnt": false}
{"event": "training_step", "timestamp": 1769667781.714571, "step": 12, "max_steps": 819, "loss": 8.837329864501953, "elapsed_time": 1.3708586692810059, "prnt": false}
{"event": "training_step", "timestamp": 1769667781.7949624, "step": 13, "max_steps": 819, "loss": 8.794936180114746, "elapsed_time": 1.451406478881836, "prnt": false}
{"event": "training_step", "timestamp": 1769667781.8756323, "step": 14, "max_steps": 819, "loss": 8.725641250610352, "elapsed_time": 1.532517910003662, "prnt": false}
{"event": "training_step", "timestamp": 1769667781.9560542, "step": 15, "max_steps": 819, "loss": 8.693161010742188, "elapsed_time": 1.6125209331512451, "prnt": false}
{"event": "training_step", "timestamp": 1769667782.0364492, "step": 16, "max_steps": 819, "loss": 8.597330093383789, "elapsed_time": 1.692995309829712, "prnt": false}
{"event": "training_step", "timestamp": 1769667782.1167421, "step": 17, "max_steps": 819, "loss": 8.552525520324707, "elapsed_time": 1.7732923030853271, "prnt": false}
{"event": "training_step", "timestamp": 1769667782.1968777, "step": 18, "max_steps": 819, "loss": 8.46544075012207, "elapsed_time": 1.8537452220916748, "prnt": false}
{"event": "training_step", "timestamp": 1769667782.2771795, "step": 19, "max_steps": 819, "loss": 8.396472930908203, "elapsed_time": 1.9336893558502197, "prnt": false}
{"event": "training_step", "timestamp": 1769667782.3575878, "step": 20, "max_steps": 819, "loss": 8.319695472717285, "elapsed_time": 2.014200210571289, "prnt": false}
{"event": "training_step", "timestamp": 1769667782.437838, "step": 21, "max_steps": 819, "loss": 8.264972686767578, "elapsed_time": 2.094815254211426, "prnt": false}
{"event": "training_step", "timestamp": 1769667782.5182626, "step": 22, "max_steps": 819, "loss": 8.214010238647461, "elapsed_time": 2.174928665161133, "prnt": false}
{"event": "training_step", "timestamp": 1769667782.5986392, "step": 23, "max_steps": 819, "loss": 8.1592378616333, "elapsed_time": 2.255200147628784, "prnt": false}
{"event": "training_step", "timestamp": 1769667782.6791034, "step": 24, "max_steps": 819, "loss": 8.070009231567383, "elapsed_time": 2.33573317527771, "prnt": false}
{"event": "training_step", "timestamp": 1769667782.759412, "step": 25, "max_steps": 819, "loss": 7.959622859954834, "elapsed_time": 2.4159464836120605, "prnt": false}
{"event": "training_step", "timestamp": 1769667782.8398576, "step": 26, "max_steps": 819, "loss": 7.911174297332764, "elapsed_time": 2.4963743686676025, "prnt": false}
{"event": "training_step", "timestamp": 1769667782.9201088, "step": 27, "max_steps": 819, "loss": 7.856133937835693, "elapsed_time": 2.57669997215271, "prnt": false}
{"event": "training_step", "timestamp": 1769667783.0004966, "step": 28, "max_steps": 819, "loss": 7.730657577514648, "elapsed_time": 2.657073497772217, "prnt": false}
{"event": "training_step", "timestamp": 1769667783.080926, "step": 29, "max_steps": 819, "loss": 7.666049957275391, "elapsed_time": 2.7374465465545654, "prnt": false}
{"event": "training_step", "timestamp": 1769667783.1613474, "step": 30, "max_steps": 819, "loss": 7.637895107269287, "elapsed_time": 2.817969799041748, "prnt": false}
{"event": "training_step", "timestamp": 1769667783.241749, "step": 31, "max_steps": 819, "loss": 7.540900707244873, "elapsed_time": 2.898205280303955, "prnt": false}
{"event": "training_step", "timestamp": 1769667783.3222065, "step": 32, "max_steps": 819, "loss": 7.410054683685303, "elapsed_time": 2.978976011276245, "prnt": false}
{"event": "training_step", "timestamp": 1769667783.4025433, "step": 33, "max_steps": 819, "loss": 7.384317398071289, "elapsed_time": 3.0591366291046143, "prnt": false}
{"event": "training_step", "timestamp": 1769667783.4830656, "step": 34, "max_steps": 819, "loss": 7.289529800415039, "elapsed_time": 3.139589786529541, "prnt": false}
{"event": "training_step", "timestamp": 1769667783.5632849, "step": 35, "max_steps": 819, "loss": 7.303013801574707, "elapsed_time": 3.2199363708496094, "prnt": false}
{"event": "training_step", "timestamp": 1769667783.643784, "step": 36, "max_steps": 819, "loss": 7.212133407592773, "elapsed_time": 3.3010737895965576, "prnt": false}
{"event": "training_step", "timestamp": 1769667783.7241483, "step": 37, "max_steps": 819, "loss": 7.131732940673828, "elapsed_time": 3.380772352218628, "prnt": false}
{"event": "training_step", "timestamp": 1769667783.804645, "step": 38, "max_steps": 819, "loss": 7.122193813323975, "elapsed_time": 3.4613471031188965, "prnt": false}
{"event": "training_step", "timestamp": 1769667783.8849044, "step": 39, "max_steps": 819, "loss": 7.102681636810303, "elapsed_time": 3.542052984237671, "prnt": false}
{"event": "validation_step", "timestamp": 1769667784.2158005, "step": 39, "max_steps": 819, "loss": 1.3124956643280599, "elapsed_time": 3.542052984237671}
{"event": "training_step", "timestamp": 1769667784.2965455, "step": 40, "max_steps": 819, "loss": 7.144368648529053, "elapsed_time": 3.9530601501464844, "prnt": false}
{"event": "training_step", "timestamp": 1769667784.3768415, "step": 41, "max_steps": 819, "loss": 7.032330513000488, "elapsed_time": 4.0336456298828125, "prnt": false}
{"event": "training_step", "timestamp": 1769667784.4572575, "step": 42, "max_steps": 819, "loss": 7.044613838195801, "elapsed_time": 4.113805294036865, "prnt": false}
{"event": "training_step", "timestamp": 1769667784.5375876, "step": 43, "max_steps": 819, "loss": 7.00022554397583, "elapsed_time": 4.194405555725098, "prnt": false}
{"event": "training_step", "timestamp": 1769667784.618012, "step": 44, "max_steps": 819, "loss": 7.02637243270874, "elapsed_time": 4.274954319000244, "prnt": false}
{"event": "training_step", "timestamp": 1769667784.698403, "step": 45, "max_steps": 819, "loss": 7.009033679962158, "elapsed_time": 4.35491156578064, "prnt": false}
{"event": "training_step", "timestamp": 1769667784.778971, "step": 46, "max_steps": 819, "loss": 6.9680023193359375, "elapsed_time": 4.435444593429565, "prnt": false}
{"event": "training_step", "timestamp": 1769667784.8594463, "step": 47, "max_steps": 819, "loss": 7.027298927307129, "elapsed_time": 4.5158185958862305, "prnt": false}
{"event": "training_step", "timestamp": 1769667784.9399147, "step": 48, "max_steps": 819, "loss": 6.999995708465576, "elapsed_time": 4.5966713428497314, "prnt": false}
{"event": "training_step", "timestamp": 1769667785.0203588, "step": 49, "max_steps": 819, "loss": 6.963016033172607, "elapsed_time": 4.676894664764404, "prnt": false}
{"event": "training_step", "timestamp": 1769667785.10106, "step": 50, "max_steps": 819, "loss": 6.83067512512207, "elapsed_time": 4.7572901248931885, "prnt": false}
{"event": "training_step", "timestamp": 1769667785.1815095, "step": 51, "max_steps": 819, "loss": 6.934538841247559, "elapsed_time": 4.837945222854614, "prnt": false}
{"event": "training_step", "timestamp": 1769667785.2619417, "step": 52, "max_steps": 819, "loss": 6.838822364807129, "elapsed_time": 4.9184277057647705, "prnt": false}
{"event": "training_step", "timestamp": 1769667785.3423345, "step": 53, "max_steps": 819, "loss": 6.89572286605835, "elapsed_time": 4.998834133148193, "prnt": false}
{"event": "training_step", "timestamp": 1769667785.4229798, "step": 54, "max_steps": 819, "loss": 6.843477725982666, "elapsed_time": 5.0793163776397705, "prnt": false}
{"event": "training_step", "timestamp": 1769667785.503476, "step": 55, "max_steps": 819, "loss": 6.866305351257324, "elapsed_time": 5.159794807434082, "prnt": false}
{"event": "training_step", "timestamp": 1769667785.583835, "step": 56, "max_steps": 819, "loss": 6.787961959838867, "elapsed_time": 5.240504026412964, "prnt": false}
{"event": "training_step", "timestamp": 1769667785.6642137, "step": 57, "max_steps": 819, "loss": 6.9155378341674805, "elapsed_time": 5.320915222167969, "prnt": false}
{"event": "training_step", "timestamp": 1769667785.7448223, "step": 58, "max_steps": 819, "loss": 6.879856109619141, "elapsed_time": 5.401547431945801, "prnt": false}
{"event": "training_step", "timestamp": 1769667785.8252037, "step": 59, "max_steps": 819, "loss": 6.859516620635986, "elapsed_time": 5.481674671173096, "prnt": false}
{"event": "training_step", "timestamp": 1769667785.9058254, "step": 60, "max_steps": 819, "loss": 6.849221706390381, "elapsed_time": 5.562863111495972, "prnt": false}
{"event": "training_step", "timestamp": 1769667785.9862797, "step": 61, "max_steps": 819, "loss": 6.881080627441406, "elapsed_time": 5.6427695751190186, "prnt": false}
{"event": "training_step", "timestamp": 1769667786.066811, "step": 62, "max_steps": 819, "loss": 6.845163345336914, "elapsed_time": 5.723379611968994, "prnt": false}
{"event": "training_step", "timestamp": 1769667786.14739, "step": 63, "max_steps": 819, "loss": 6.795628070831299, "elapsed_time": 5.803817272186279, "prnt": false}
{"event": "training_step", "timestamp": 1769667786.2279186, "step": 64, "max_steps": 819, "loss": 6.796574115753174, "elapsed_time": 5.8843817710876465, "prnt": false}
{"event": "training_step", "timestamp": 1769667786.3083541, "step": 65, "max_steps": 819, "loss": 6.780421257019043, "elapsed_time": 5.964831113815308, "prnt": false}
{"event": "training_step", "timestamp": 1769667786.388994, "step": 66, "max_steps": 819, "loss": 6.760234832763672, "elapsed_time": 6.045356750488281, "prnt": false}
{"event": "training_step", "timestamp": 1769667786.469744, "step": 67, "max_steps": 819, "loss": 6.7666401863098145, "elapsed_time": 6.125919818878174, "prnt": false}
{"event": "training_step", "timestamp": 1769667786.5505657, "step": 68, "max_steps": 819, "loss": 6.805037021636963, "elapsed_time": 6.206805467605591, "prnt": false}
{"event": "training_step", "timestamp": 1769667786.6312351, "step": 69, "max_steps": 819, "loss": 6.747025966644287, "elapsed_time": 6.2875354290008545, "prnt": false}
{"event": "training_step", "timestamp": 1769667786.7121994, "step": 70, "max_steps": 819, "loss": 6.683582305908203, "elapsed_time": 6.368184804916382, "prnt": false}
{"event": "training_step", "timestamp": 1769667786.7930396, "step": 71, "max_steps": 819, "loss": 6.722056865692139, "elapsed_time": 6.44922399520874, "prnt": false}
{"event": "training_step", "timestamp": 1769667786.8738744, "step": 72, "max_steps": 819, "loss": 6.70255184173584, "elapsed_time": 6.530225038528442, "prnt": false}
{"event": "training_step", "timestamp": 1769667786.9545946, "step": 73, "max_steps": 819, "loss": 6.713388442993164, "elapsed_time": 6.610826253890991, "prnt": false}
{"event": "training_step", "timestamp": 1769667787.035154, "step": 74, "max_steps": 819, "loss": 6.664621829986572, "elapsed_time": 6.691551208496094, "prnt": false}
{"event": "training_step", "timestamp": 1769667787.1156197, "step": 75, "max_steps": 819, "loss": 6.771781921386719, "elapsed_time": 6.771988868713379, "prnt": false}
{"event": "training_step", "timestamp": 1769667787.1962268, "step": 76, "max_steps": 819, "loss": 6.677458763122559, "elapsed_time": 6.852741479873657, "prnt": false}
{"event": "training_step", "timestamp": 1769667787.276678, "step": 77, "max_steps": 819, "loss": 6.684247970581055, "elapsed_time": 6.93311071395874, "prnt": false}
{"event": "training_step", "timestamp": 1769667787.3573797, "step": 78, "max_steps": 819, "loss": 6.742800235748291, "elapsed_time": 7.0140745639801025, "prnt": false}
{"event": "validation_step", "timestamp": 1769667787.68935, "step": 78, "max_steps": 819, "loss": 1.2421588933537195, "elapsed_time": 7.0140745639801025}
{"event": "training_step", "timestamp": 1769667787.7706704, "step": 79, "max_steps": 819, "loss": 6.697028636932373, "elapsed_time": 7.426723003387451, "prnt": false}
{"event": "training_step", "timestamp": 1769667787.8515944, "step": 80, "max_steps": 819, "loss": 6.729753494262695, "elapsed_time": 7.5079569816589355, "prnt": false}
{"event": "training_step", "timestamp": 1769667787.932027, "step": 81, "max_steps": 819, "loss": 6.613514423370361, "elapsed_time": 7.588935613632202, "prnt": false}
{"event": "training_step", "timestamp": 1769667788.012868, "step": 82, "max_steps": 819, "loss": 6.652164459228516, "elapsed_time": 7.669337272644043, "prnt": false}
{"event": "training_step", "timestamp": 1769667788.0936162, "step": 83, "max_steps": 819, "loss": 6.628409385681152, "elapsed_time": 7.749779224395752, "prnt": false}
{"event": "training_step", "timestamp": 1769667788.1742976, "step": 84, "max_steps": 819, "loss": 6.716347694396973, "elapsed_time": 7.83052134513855, "prnt": false}
{"event": "training_step", "timestamp": 1769667788.2551758, "step": 85, "max_steps": 819, "loss": 6.603662014007568, "elapsed_time": 7.911235332489014, "prnt": false}
{"event": "training_step", "timestamp": 1769667788.3357077, "step": 86, "max_steps": 819, "loss": 6.65979528427124, "elapsed_time": 7.992117166519165, "prnt": false}
{"event": "training_step", "timestamp": 1769667788.4162996, "step": 87, "max_steps": 819, "loss": 6.646111011505127, "elapsed_time": 8.072635650634766, "prnt": false}
{"event": "training_step", "timestamp": 1769667788.496965, "step": 88, "max_steps": 819, "loss": 6.639693260192871, "elapsed_time": 8.1532621383667, "prnt": false}
{"event": "training_step", "timestamp": 1769667788.5776196, "step": 89, "max_steps": 819, "loss": 6.620462894439697, "elapsed_time": 8.233851909637451, "prnt": false}
{"event": "training_step", "timestamp": 1769667788.6585958, "step": 90, "max_steps": 819, "loss": 6.586741924285889, "elapsed_time": 8.315590620040894, "prnt": false}
{"event": "training_step", "timestamp": 1769667788.739347, "step": 91, "max_steps": 819, "loss": 6.653399467468262, "elapsed_time": 8.39575743675232, "prnt": false}
{"event": "training_step", "timestamp": 1769667788.820199, "step": 92, "max_steps": 819, "loss": 6.5345139503479, "elapsed_time": 8.476749658584595, "prnt": false}
{"event": "training_step", "timestamp": 1769667788.9009202, "step": 93, "max_steps": 819, "loss": 6.618556499481201, "elapsed_time": 8.557225704193115, "prnt": false}
{"event": "training_step", "timestamp": 1769667788.9815545, "step": 94, "max_steps": 819, "loss": 6.561686992645264, "elapsed_time": 8.638224124908447, "prnt": false}
{"event": "training_step", "timestamp": 1769667789.0620565, "step": 95, "max_steps": 819, "loss": 6.609640598297119, "elapsed_time": 8.718673944473267, "prnt": false}
{"event": "training_step", "timestamp": 1769667789.1428323, "step": 96, "max_steps": 819, "loss": 6.581620693206787, "elapsed_time": 8.79941987991333, "prnt": false}
{"event": "training_step", "timestamp": 1769667789.2239935, "step": 97, "max_steps": 819, "loss": 6.5859479904174805, "elapsed_time": 8.879944324493408, "prnt": false}
{"event": "training_step", "timestamp": 1769667789.3047736, "step": 98, "max_steps": 819, "loss": 6.575344085693359, "elapsed_time": 8.96119236946106, "prnt": false}
{"event": "training_step", "timestamp": 1769667789.3853364, "step": 99, "max_steps": 819, "loss": 6.504729270935059, "elapsed_time": 9.041815042495728, "prnt": false}
{"event": "training_step", "timestamp": 1769667789.4660735, "step": 100, "max_steps": 819, "loss": 6.557363033294678, "elapsed_time": 9.122517108917236, "prnt": false}
{"event": "training_step", "timestamp": 1769667789.546725, "step": 101, "max_steps": 819, "loss": 6.506712913513184, "elapsed_time": 9.203128576278687, "prnt": false}
{"event": "training_step", "timestamp": 1769667789.6276033, "step": 102, "max_steps": 819, "loss": 6.59478759765625, "elapsed_time": 9.284398317337036, "prnt": false}
{"event": "training_step", "timestamp": 1769667789.7083251, "step": 103, "max_steps": 819, "loss": 6.569379806518555, "elapsed_time": 9.364766836166382, "prnt": false}
{"event": "training_step", "timestamp": 1769667789.7892337, "step": 104, "max_steps": 819, "loss": 6.4798583984375, "elapsed_time": 9.445589065551758, "prnt": false}
{"event": "training_step", "timestamp": 1769667789.869953, "step": 105, "max_steps": 819, "loss": 6.604434013366699, "elapsed_time": 9.52639651298523, "prnt": false}
{"event": "training_step", "timestamp": 1769667789.9509964, "step": 106, "max_steps": 819, "loss": 6.507676124572754, "elapsed_time": 9.607695817947388, "prnt": false}
{"event": "training_step", "timestamp": 1769667790.031965, "step": 107, "max_steps": 819, "loss": 6.559405326843262, "elapsed_time": 9.688081502914429, "prnt": false}
{"event": "training_step", "timestamp": 1769667790.1129131, "step": 108, "max_steps": 819, "loss": 6.5294671058654785, "elapsed_time": 9.769266128540039, "prnt": false}
{"event": "training_step", "timestamp": 1769667790.1935222, "step": 109, "max_steps": 819, "loss": 6.441127777099609, "elapsed_time": 9.850203275680542, "prnt": false}
{"event": "training_step", "timestamp": 1769667790.2742136, "step": 110, "max_steps": 819, "loss": 6.541599750518799, "elapsed_time": 9.930742502212524, "prnt": false}
{"event": "training_step", "timestamp": 1769667790.354853, "step": 111, "max_steps": 819, "loss": 6.500030040740967, "elapsed_time": 10.011237859725952, "prnt": false}
{"event": "training_step", "timestamp": 1769667790.435595, "step": 112, "max_steps": 819, "loss": 6.522422790527344, "elapsed_time": 10.091883182525635, "prnt": false}
{"event": "training_step", "timestamp": 1769667790.5162518, "step": 113, "max_steps": 819, "loss": 6.536102771759033, "elapsed_time": 10.172597408294678, "prnt": false}
{"event": "training_step", "timestamp": 1769667790.5970936, "step": 114, "max_steps": 819, "loss": 6.565675258636475, "elapsed_time": 10.253384113311768, "prnt": false}
{"event": "training_step", "timestamp": 1769667790.6778595, "step": 115, "max_steps": 819, "loss": 6.469655990600586, "elapsed_time": 10.334288835525513, "prnt": false}
{"event": "training_step", "timestamp": 1769667790.7586737, "step": 116, "max_steps": 819, "loss": 6.432227611541748, "elapsed_time": 10.415018320083618, "prnt": false}
{"event": "training_step", "timestamp": 1769667790.8394568, "step": 117, "max_steps": 819, "loss": 6.477352619171143, "elapsed_time": 10.495731115341187, "prnt": false}
{"event": "validation_step", "timestamp": 1769667791.1725862, "step": 117, "max_steps": 819, "loss": 1.2155315545516587, "elapsed_time": 10.495731115341187}
{"event": "training_step", "timestamp": 1769667791.2536144, "step": 118, "max_steps": 819, "loss": 6.4330902099609375, "elapsed_time": 10.910121202468872, "prnt": false}
{"event": "training_step", "timestamp": 1769667791.3343046, "step": 119, "max_steps": 819, "loss": 6.4724507331848145, "elapsed_time": 10.990845680236816, "prnt": false}
{"event": "training_step", "timestamp": 1769667791.4150326, "step": 120, "max_steps": 819, "loss": 6.454926490783691, "elapsed_time": 11.071453094482422, "prnt": false}
{"event": "training_step", "timestamp": 1769667791.4960527, "step": 121, "max_steps": 819, "loss": 6.491331577301025, "elapsed_time": 11.152072429656982, "prnt": false}
{"event": "training_step", "timestamp": 1769667791.576834, "step": 122, "max_steps": 819, "loss": 6.51351261138916, "elapsed_time": 11.233384132385254, "prnt": false}
{"event": "training_step", "timestamp": 1769667791.657565, "step": 123, "max_steps": 819, "loss": 6.486027717590332, "elapsed_time": 11.313971281051636, "prnt": false}
{"event": "training_step", "timestamp": 1769667791.738429, "step": 124, "max_steps": 819, "loss": 6.40981388092041, "elapsed_time": 11.394972085952759, "prnt": false}
{"event": "training_step", "timestamp": 1769667791.8191934, "step": 125, "max_steps": 819, "loss": 6.520981311798096, "elapsed_time": 11.47544550895691, "prnt": false}
{"event": "training_step", "timestamp": 1769667791.900099, "step": 126, "max_steps": 819, "loss": 6.5019612312316895, "elapsed_time": 11.556926012039185, "prnt": false}
{"event": "training_step", "timestamp": 1769667791.9806995, "step": 127, "max_steps": 819, "loss": 6.429374694824219, "elapsed_time": 11.637362003326416, "prnt": false}
{"event": "training_step", "timestamp": 1769667792.0613675, "step": 128, "max_steps": 819, "loss": 6.438098907470703, "elapsed_time": 11.717891216278076, "prnt": false}
{"event": "training_step", "timestamp": 1769667792.142009, "step": 129, "max_steps": 819, "loss": 6.443802356719971, "elapsed_time": 11.798490762710571, "prnt": false}
{"event": "training_step", "timestamp": 1769667792.2227283, "step": 130, "max_steps": 819, "loss": 6.4101881980896, "elapsed_time": 11.87912893295288, "prnt": false}
{"event": "training_step", "timestamp": 1769667792.3035903, "step": 131, "max_steps": 819, "loss": 6.46298360824585, "elapsed_time": 11.959856271743774, "prnt": false}
{"event": "training_step", "timestamp": 1769667792.384566, "step": 132, "max_steps": 819, "loss": 6.399552345275879, "elapsed_time": 12.040820360183716, "prnt": false}
{"event": "training_step", "timestamp": 1769667792.4652143, "step": 133, "max_steps": 819, "loss": 6.429843902587891, "elapsed_time": 12.121626138687134, "prnt": false}
{"event": "training_step", "timestamp": 1769667792.546119, "step": 134, "max_steps": 819, "loss": 6.4067769050598145, "elapsed_time": 12.202362775802612, "prnt": false}
{"event": "training_step", "timestamp": 1769667792.626917, "step": 135, "max_steps": 819, "loss": 6.402827262878418, "elapsed_time": 12.283602952957153, "prnt": false}
{"event": "training_step", "timestamp": 1769667792.7077885, "step": 136, "max_steps": 819, "loss": 6.39679479598999, "elapsed_time": 12.364224433898926, "prnt": false}
{"event": "training_step", "timestamp": 1769667792.788664, "step": 137, "max_steps": 819, "loss": 6.38287353515625, "elapsed_time": 12.44503927230835, "prnt": false}
{"event": "training_step", "timestamp": 1769667792.869592, "step": 138, "max_steps": 819, "loss": 6.346908092498779, "elapsed_time": 12.525829553604126, "prnt": false}
{"event": "training_step", "timestamp": 1769667792.9505775, "step": 139, "max_steps": 819, "loss": 6.388611316680908, "elapsed_time": 12.606821060180664, "prnt": false}
{"event": "training_step", "timestamp": 1769667793.031412, "step": 140, "max_steps": 819, "loss": 6.392645359039307, "elapsed_time": 12.687900066375732, "prnt": false}
{"event": "training_step", "timestamp": 1769667793.1123319, "step": 141, "max_steps": 819, "loss": 6.365943431854248, "elapsed_time": 12.768525838851929, "prnt": false}
{"event": "training_step", "timestamp": 1769667793.1930845, "step": 142, "max_steps": 819, "loss": 6.37699031829834, "elapsed_time": 12.849565982818604, "prnt": false}
{"event": "training_step", "timestamp": 1769667793.2737498, "step": 143, "max_steps": 819, "loss": 6.377684593200684, "elapsed_time": 12.93014121055603, "prnt": false}
{"event": "training_step", "timestamp": 1769667793.3545113, "step": 144, "max_steps": 819, "loss": 6.319113731384277, "elapsed_time": 13.011038541793823, "prnt": false}
{"event": "training_step", "timestamp": 1769667793.435251, "step": 145, "max_steps": 819, "loss": 6.379935264587402, "elapsed_time": 13.091540813446045, "prnt": false}
{"event": "training_step", "timestamp": 1769667793.5162282, "step": 146, "max_steps": 819, "loss": 6.439046859741211, "elapsed_time": 13.172544717788696, "prnt": false}
{"event": "training_step", "timestamp": 1769667793.5970318, "step": 147, "max_steps": 819, "loss": 6.37730073928833, "elapsed_time": 13.253321886062622, "prnt": false}
{"event": "training_step", "timestamp": 1769667793.6779778, "step": 148, "max_steps": 819, "loss": 6.268229007720947, "elapsed_time": 13.334599494934082, "prnt": false}
{"event": "training_step", "timestamp": 1769667793.7587461, "step": 149, "max_steps": 819, "loss": 6.331526279449463, "elapsed_time": 13.415291786193848, "prnt": false}
{"event": "training_step", "timestamp": 1769667793.839703, "step": 150, "max_steps": 819, "loss": 6.398097515106201, "elapsed_time": 13.495945930480957, "prnt": false}
{"event": "training_step", "timestamp": 1769667793.9205322, "step": 151, "max_steps": 819, "loss": 6.344502925872803, "elapsed_time": 13.577213764190674, "prnt": false}
{"event": "training_step", "timestamp": 1769667794.0012536, "step": 152, "max_steps": 819, "loss": 6.3309326171875, "elapsed_time": 13.657974481582642, "prnt": false}
{"event": "training_step", "timestamp": 1769667794.0818663, "step": 153, "max_steps": 819, "loss": 6.379444599151611, "elapsed_time": 13.73861312866211, "prnt": false}
{"event": "training_step", "timestamp": 1769667794.1626596, "step": 154, "max_steps": 819, "loss": 6.298673152923584, "elapsed_time": 13.819019317626953, "prnt": false}
{"event": "training_step", "timestamp": 1769667794.243375, "step": 155, "max_steps": 819, "loss": 6.346005439758301, "elapsed_time": 13.899681329727173, "prnt": false}
{"event": "training_step", "timestamp": 1769667794.3241491, "step": 156, "max_steps": 819, "loss": 6.296974182128906, "elapsed_time": 13.980555057525635, "prnt": false}
{"event": "validation_step", "timestamp": 1769667794.6576548, "step": 156, "max_steps": 819, "loss": 1.1924996669149328, "elapsed_time": 13.980555057525635}
{"event": "training_step", "timestamp": 1769667794.7387893, "step": 157, "max_steps": 819, "loss": 6.316104412078857, "elapsed_time": 14.39542841911316, "prnt": false}
{"event": "training_step", "timestamp": 1769667794.8197124, "step": 158, "max_steps": 819, "loss": 6.252233028411865, "elapsed_time": 14.476466655731201, "prnt": false}
{"event": "training_step", "timestamp": 1769667794.9005287, "step": 159, "max_steps": 819, "loss": 6.299679279327393, "elapsed_time": 14.55684208869934, "prnt": false}
{"event": "training_step", "timestamp": 1769667794.9812782, "step": 160, "max_steps": 819, "loss": 6.267114162445068, "elapsed_time": 14.637847661972046, "prnt": false}
{"event": "training_step", "timestamp": 1769667795.0618665, "step": 161, "max_steps": 819, "loss": 6.308157920837402, "elapsed_time": 14.71836805343628, "prnt": false}
{"event": "training_step", "timestamp": 1769667795.1427727, "step": 162, "max_steps": 819, "loss": 6.250617980957031, "elapsed_time": 14.799108028411865, "prnt": false}
{"event": "training_step", "timestamp": 1769667795.2234602, "step": 163, "max_steps": 819, "loss": 6.3449015617370605, "elapsed_time": 14.879956483840942, "prnt": false}
{"event": "training_step", "timestamp": 1769667795.3042367, "step": 164, "max_steps": 819, "loss": 6.355608940124512, "elapsed_time": 14.960748672485352, "prnt": false}
{"event": "training_step", "timestamp": 1769667795.385508, "step": 165, "max_steps": 819, "loss": 6.263534069061279, "elapsed_time": 15.04147982597351, "prnt": false}
{"event": "training_step", "timestamp": 1769667795.4667244, "step": 166, "max_steps": 819, "loss": 6.294416427612305, "elapsed_time": 15.122767925262451, "prnt": false}
{"event": "training_step", "timestamp": 1769667795.547806, "step": 167, "max_steps": 819, "loss": 6.252340316772461, "elapsed_time": 15.20391321182251, "prnt": false}
{"event": "training_step", "timestamp": 1769667795.6288695, "step": 168, "max_steps": 819, "loss": 6.3080830574035645, "elapsed_time": 15.285258769989014, "prnt": false}
{"event": "training_step", "timestamp": 1769667795.7098832, "step": 169, "max_steps": 819, "loss": 6.287358283996582, "elapsed_time": 15.366007804870605, "prnt": false}
{"event": "training_step", "timestamp": 1769667795.7910564, "step": 170, "max_steps": 819, "loss": 6.238467216491699, "elapsed_time": 15.447407484054565, "prnt": false}
{"event": "training_step", "timestamp": 1769667795.8719206, "step": 171, "max_steps": 819, "loss": 6.204903602600098, "elapsed_time": 15.528187990188599, "prnt": false}
{"event": "training_step", "timestamp": 1769667795.9529934, "step": 172, "max_steps": 819, "loss": 6.300868034362793, "elapsed_time": 15.609930515289307, "prnt": false}
{"event": "training_step", "timestamp": 1769667796.0339618, "step": 173, "max_steps": 819, "loss": 6.290108680725098, "elapsed_time": 15.69014286994934, "prnt": false}
{"event": "training_step", "timestamp": 1769667796.11489, "step": 174, "max_steps": 819, "loss": 6.19818639755249, "elapsed_time": 15.771074771881104, "prnt": false}
{"event": "training_step", "timestamp": 1769667796.1958425, "step": 175, "max_steps": 819, "loss": 6.221839427947998, "elapsed_time": 15.852027654647827, "prnt": false}
{"event": "training_step", "timestamp": 1769667796.2767794, "step": 176, "max_steps": 819, "loss": 6.250679016113281, "elapsed_time": 15.933108806610107, "prnt": false}
{"event": "training_step", "timestamp": 1769667796.3576417, "step": 177, "max_steps": 819, "loss": 6.2089362144470215, "elapsed_time": 16.013846397399902, "prnt": false}
{"event": "training_step", "timestamp": 1769667796.4385538, "step": 178, "max_steps": 819, "loss": 6.307018756866455, "elapsed_time": 16.09474229812622, "prnt": false}
{"event": "training_step", "timestamp": 1769667796.5194337, "step": 179, "max_steps": 819, "loss": 6.227965354919434, "elapsed_time": 16.175631284713745, "prnt": false}
{"event": "training_step", "timestamp": 1769667796.6004539, "step": 180, "max_steps": 819, "loss": 6.270320892333984, "elapsed_time": 16.256837606430054, "prnt": false}
{"event": "training_step", "timestamp": 1769667796.6811965, "step": 181, "max_steps": 819, "loss": 6.219664573669434, "elapsed_time": 16.338062286376953, "prnt": false}
{"event": "training_step", "timestamp": 1769667796.7619264, "step": 182, "max_steps": 819, "loss": 6.235273838043213, "elapsed_time": 16.41831922531128, "prnt": false}
{"event": "training_step", "timestamp": 1769667796.8426921, "step": 183, "max_steps": 819, "loss": 6.189512729644775, "elapsed_time": 16.49881601333618, "prnt": false}
{"event": "training_step", "timestamp": 1769667796.92403, "step": 184, "max_steps": 819, "loss": 6.213542938232422, "elapsed_time": 16.579580068588257, "prnt": false}
{"event": "training_step", "timestamp": 1769667797.0049717, "step": 185, "max_steps": 819, "loss": 6.217591285705566, "elapsed_time": 16.660849809646606, "prnt": false}
{"event": "training_step", "timestamp": 1769667797.0857918, "step": 186, "max_steps": 819, "loss": 6.231886863708496, "elapsed_time": 16.741951942443848, "prnt": false}
{"event": "training_step", "timestamp": 1769667797.1667564, "step": 187, "max_steps": 819, "loss": 6.270917892456055, "elapsed_time": 16.823145866394043, "prnt": false}
{"event": "training_step", "timestamp": 1769667797.2478776, "step": 188, "max_steps": 819, "loss": 6.301851749420166, "elapsed_time": 16.90368890762329, "prnt": false}
{"event": "training_step", "timestamp": 1769667797.3287776, "step": 189, "max_steps": 819, "loss": 6.1463775634765625, "elapsed_time": 16.98472833633423, "prnt": false}
{"event": "training_step", "timestamp": 1769667797.4097116, "step": 190, "max_steps": 819, "loss": 6.162038326263428, "elapsed_time": 17.0658757686615, "prnt": false}
{"event": "training_step", "timestamp": 1769667797.4906101, "step": 191, "max_steps": 819, "loss": 6.223695278167725, "elapsed_time": 17.14653754234314, "prnt": false}
{"event": "training_step", "timestamp": 1769667797.5715353, "step": 192, "max_steps": 819, "loss": 6.227808952331543, "elapsed_time": 17.22791290283203, "prnt": false}
{"event": "training_step", "timestamp": 1769667797.65227, "step": 193, "max_steps": 819, "loss": 6.148281097412109, "elapsed_time": 17.30846858024597, "prnt": false}
{"event": "training_step", "timestamp": 1769667797.7330358, "step": 194, "max_steps": 819, "loss": 6.11879825592041, "elapsed_time": 17.389194011688232, "prnt": false}
{"event": "training_step", "timestamp": 1769667797.8139756, "step": 195, "max_steps": 819, "loss": 6.1913981437683105, "elapsed_time": 17.470158100128174, "prnt": false}
{"event": "validation_step", "timestamp": 1769667798.1470516, "step": 195, "max_steps": 819, "loss": 1.1785752390244222, "elapsed_time": 17.470158100128174}
{"event": "training_step", "timestamp": 1769667798.2284737, "step": 196, "max_steps": 819, "loss": 6.242884635925293, "elapsed_time": 17.88446307182312, "prnt": false}
{"event": "training_step", "timestamp": 1769667798.3094745, "step": 197, "max_steps": 819, "loss": 6.140326499938965, "elapsed_time": 17.965430974960327, "prnt": false}
{"event": "training_step", "timestamp": 1769667798.3903933, "step": 198, "max_steps": 819, "loss": 6.2645769119262695, "elapsed_time": 18.04642677307129, "prnt": false}
{"event": "training_step", "timestamp": 1769667798.4712563, "step": 199, "max_steps": 819, "loss": 6.166929721832275, "elapsed_time": 18.127341985702515, "prnt": false}
{"event": "training_step", "timestamp": 1769667798.552112, "step": 200, "max_steps": 819, "loss": 6.246905326843262, "elapsed_time": 18.208225965499878, "prnt": false}
{"event": "training_step", "timestamp": 1769667798.633287, "step": 201, "max_steps": 819, "loss": 6.134253978729248, "elapsed_time": 18.289448976516724, "prnt": false}
{"event": "training_step", "timestamp": 1769667798.714148, "step": 202, "max_steps": 819, "loss": 6.171871662139893, "elapsed_time": 18.37027668952942, "prnt": false}
{"event": "training_step", "timestamp": 1769667798.7949488, "step": 203, "max_steps": 819, "loss": 6.246589660644531, "elapsed_time": 18.450973510742188, "prnt": false}
{"event": "training_step", "timestamp": 1769667798.8758984, "step": 204, "max_steps": 819, "loss": 6.162199020385742, "elapsed_time": 18.53223466873169, "prnt": false}
{"event": "training_step", "timestamp": 1769667798.9567187, "step": 205, "max_steps": 819, "loss": 6.187056541442871, "elapsed_time": 18.612812519073486, "prnt": false}
{"event": "training_step", "timestamp": 1769667799.037628, "step": 206, "max_steps": 819, "loss": 6.147947788238525, "elapsed_time": 18.693692445755005, "prnt": false}
{"event": "training_step", "timestamp": 1769667799.11836, "step": 207, "max_steps": 819, "loss": 6.098959445953369, "elapsed_time": 18.77448797225952, "prnt": false}
{"event": "training_step", "timestamp": 1769667799.1991012, "step": 208, "max_steps": 819, "loss": 6.215646266937256, "elapsed_time": 18.855285167694092, "prnt": false}
{"event": "training_step", "timestamp": 1769667799.279862, "step": 209, "max_steps": 819, "loss": 6.177466869354248, "elapsed_time": 18.935962677001953, "prnt": false}
{"event": "training_step", "timestamp": 1769667799.3605354, "step": 210, "max_steps": 819, "loss": 6.21396017074585, "elapsed_time": 19.0168354511261, "prnt": false}
{"event": "training_step", "timestamp": 1769667799.4413466, "step": 211, "max_steps": 819, "loss": 6.2030348777771, "elapsed_time": 19.097347259521484, "prnt": false}
{"event": "training_step", "timestamp": 1769667799.5223472, "step": 212, "max_steps": 819, "loss": 6.188426971435547, "elapsed_time": 19.178441047668457, "prnt": false}
{"event": "training_step", "timestamp": 1769667799.6033275, "step": 213, "max_steps": 819, "loss": 6.174210071563721, "elapsed_time": 19.259302616119385, "prnt": false}
{"event": "training_step", "timestamp": 1769667799.6841788, "step": 214, "max_steps": 819, "loss": 6.126625061035156, "elapsed_time": 19.340451955795288, "prnt": false}
{"event": "training_step", "timestamp": 1769667799.7650902, "step": 215, "max_steps": 819, "loss": 6.094759941101074, "elapsed_time": 19.42107629776001, "prnt": false}
{"event": "training_step", "timestamp": 1769667799.8461092, "step": 216, "max_steps": 819, "loss": 6.135461807250977, "elapsed_time": 19.501978874206543, "prnt": false}
{"event": "training_step", "timestamp": 1769667799.927179, "step": 217, "max_steps": 819, "loss": 6.0985188484191895, "elapsed_time": 19.58297848701477, "prnt": false}
{"event": "training_step", "timestamp": 1769667800.0085347, "step": 218, "max_steps": 819, "loss": 6.144937992095947, "elapsed_time": 19.66457772254944, "prnt": false}
{"event": "training_step", "timestamp": 1769667800.0895138, "step": 219, "max_steps": 819, "loss": 6.0871076583862305, "elapsed_time": 19.74545168876648, "prnt": false}
{"event": "training_step", "timestamp": 1769667800.1705189, "step": 220, "max_steps": 819, "loss": 6.073675155639648, "elapsed_time": 19.82645320892334, "prnt": false}
{"event": "training_step", "timestamp": 1769667800.2512853, "step": 221, "max_steps": 819, "loss": 6.1018242835998535, "elapsed_time": 19.907499074935913, "prnt": false}
{"event": "training_step", "timestamp": 1769667800.3321314, "step": 222, "max_steps": 819, "loss": 6.18082332611084, "elapsed_time": 19.988206148147583, "prnt": false}
{"event": "training_step", "timestamp": 1769667800.4129739, "step": 223, "max_steps": 819, "loss": 6.170739650726318, "elapsed_time": 20.06894040107727, "prnt": false}
{"event": "training_step", "timestamp": 1769667800.493887, "step": 224, "max_steps": 819, "loss": 6.189278602600098, "elapsed_time": 20.149953603744507, "prnt": false}
{"event": "training_step", "timestamp": 1769667800.5748017, "step": 225, "max_steps": 819, "loss": 6.160892486572266, "elapsed_time": 20.2308292388916, "prnt": false}
{"event": "training_step", "timestamp": 1769667800.6557784, "step": 226, "max_steps": 819, "loss": 6.071156978607178, "elapsed_time": 20.311835765838623, "prnt": false}
{"event": "training_step", "timestamp": 1769667800.736647, "step": 227, "max_steps": 819, "loss": 6.153992652893066, "elapsed_time": 20.39272713661194, "prnt": false}
{"event": "training_step", "timestamp": 1769667800.817597, "step": 228, "max_steps": 819, "loss": 6.124427795410156, "elapsed_time": 20.47362732887268, "prnt": false}
{"event": "training_step", "timestamp": 1769667800.8984118, "step": 229, "max_steps": 819, "loss": 6.138487339019775, "elapsed_time": 20.55444025993347, "prnt": false}
{"event": "training_step", "timestamp": 1769667800.9792686, "step": 230, "max_steps": 819, "loss": 6.114130020141602, "elapsed_time": 20.63546061515808, "prnt": false}
{"event": "training_step", "timestamp": 1769667801.059916, "step": 231, "max_steps": 819, "loss": 6.153432369232178, "elapsed_time": 20.716344833374023, "prnt": false}
{"event": "training_step", "timestamp": 1769667801.1406467, "step": 232, "max_steps": 819, "loss": 6.061290740966797, "elapsed_time": 20.79682159423828, "prnt": false}
{"event": "training_step", "timestamp": 1769667801.2215207, "step": 233, "max_steps": 819, "loss": 6.089432716369629, "elapsed_time": 20.877460956573486, "prnt": false}
{"event": "training_step", "timestamp": 1769667801.3026633, "step": 234, "max_steps": 819, "loss": 6.042734146118164, "elapsed_time": 20.95884346961975, "prnt": false}
{"event": "validation_step", "timestamp": 1769667801.6360738, "step": 234, "max_steps": 819, "loss": 1.1665243413997142, "elapsed_time": 20.95884346961975}
{"event": "training_step", "timestamp": 1769667801.7173755, "step": 235, "max_steps": 819, "loss": 6.133301258087158, "elapsed_time": 21.373501777648926, "prnt": false}
{"event": "training_step", "timestamp": 1769667801.7981052, "step": 236, "max_steps": 819, "loss": 6.070837497711182, "elapsed_time": 21.4543879032135, "prnt": false}
{"event": "training_step", "timestamp": 1769667801.878971, "step": 237, "max_steps": 819, "loss": 6.080848217010498, "elapsed_time": 21.535078525543213, "prnt": false}
{"event": "training_step", "timestamp": 1769667801.9600735, "step": 238, "max_steps": 819, "loss": 6.08623743057251, "elapsed_time": 21.61584186553955, "prnt": false}
{"event": "training_step", "timestamp": 1769667802.0412936, "step": 239, "max_steps": 819, "loss": 6.1184468269348145, "elapsed_time": 21.697412729263306, "prnt": false}
{"event": "training_step", "timestamp": 1769667802.1220682, "step": 240, "max_steps": 819, "loss": 6.019986152648926, "elapsed_time": 21.77815580368042, "prnt": false}
{"event": "training_step", "timestamp": 1769667802.2029495, "step": 241, "max_steps": 819, "loss": 6.163687705993652, "elapsed_time": 21.85899829864502, "prnt": false}
{"event": "training_step", "timestamp": 1769667802.2839673, "step": 242, "max_steps": 819, "loss": 6.044439315795898, "elapsed_time": 21.93979287147522, "prnt": false}
{"event": "training_step", "timestamp": 1769667802.3650067, "step": 243, "max_steps": 819, "loss": 6.004118919372559, "elapsed_time": 22.02089524269104, "prnt": false}
{"event": "training_step", "timestamp": 1769667802.445903, "step": 244, "max_steps": 819, "loss": 6.102604389190674, "elapsed_time": 22.101853609085083, "prnt": false}
{"event": "training_step", "timestamp": 1769667802.527023, "step": 245, "max_steps": 819, "loss": 6.0811028480529785, "elapsed_time": 22.18285870552063, "prnt": false}
{"event": "training_step", "timestamp": 1769667802.608175, "step": 246, "max_steps": 819, "loss": 6.031266689300537, "elapsed_time": 22.26398205757141, "prnt": false}
{"event": "training_step", "timestamp": 1769667802.6892252, "step": 247, "max_steps": 819, "loss": 6.069002628326416, "elapsed_time": 22.345226764678955, "prnt": false}
{"event": "training_step", "timestamp": 1769667802.7700179, "step": 248, "max_steps": 819, "loss": 6.061277866363525, "elapsed_time": 22.426655054092407, "prnt": false}
{"event": "training_step", "timestamp": 1769667802.8509216, "step": 249, "max_steps": 819, "loss": 6.0695319175720215, "elapsed_time": 22.506962299346924, "prnt": false}
{"event": "training_step", "timestamp": 1769667802.9318607, "step": 250, "max_steps": 819, "loss": 6.023714065551758, "elapsed_time": 22.587775468826294, "prnt": false}
{"event": "training_step", "timestamp": 1769667803.0128307, "step": 251, "max_steps": 819, "loss": 6.049887180328369, "elapsed_time": 22.66879177093506, "prnt": false}
{"event": "training_step", "timestamp": 1769667803.0937364, "step": 252, "max_steps": 819, "loss": 5.9867424964904785, "elapsed_time": 22.749685764312744, "prnt": false}
{"event": "training_step", "timestamp": 1769667803.1746352, "step": 253, "max_steps": 819, "loss": 6.0802788734436035, "elapsed_time": 22.8307843208313, "prnt": false}
{"event": "training_step", "timestamp": 1769667803.2555366, "step": 254, "max_steps": 819, "loss": 6.069467067718506, "elapsed_time": 22.911479234695435, "prnt": false}
{"event": "training_step", "timestamp": 1769667803.3365874, "step": 255, "max_steps": 819, "loss": 6.000317573547363, "elapsed_time": 22.992554187774658, "prnt": false}
{"event": "training_step", "timestamp": 1769667803.4177234, "step": 256, "max_steps": 819, "loss": 6.058436393737793, "elapsed_time": 23.074503183364868, "prnt": false}
{"event": "training_step", "timestamp": 1769667803.4988298, "step": 257, "max_steps": 819, "loss": 6.142280101776123, "elapsed_time": 23.15485167503357, "prnt": false}
{"event": "training_step", "timestamp": 1769667803.5799432, "step": 258, "max_steps": 819, "loss": 6.022324562072754, "elapsed_time": 23.235766649246216, "prnt": false}
{"event": "training_step", "timestamp": 1769667803.660919, "step": 259, "max_steps": 819, "loss": 5.974938869476318, "elapsed_time": 23.317221641540527, "prnt": false}
{"event": "training_step", "timestamp": 1769667803.74176, "step": 260, "max_steps": 819, "loss": 5.93980073928833, "elapsed_time": 23.397835731506348, "prnt": false}
{"event": "training_step", "timestamp": 1769667803.8227582, "step": 261, "max_steps": 819, "loss": 6.038522243499756, "elapsed_time": 23.47887086868286, "prnt": false}
{"event": "training_step", "timestamp": 1769667803.9037676, "step": 262, "max_steps": 819, "loss": 6.026394844055176, "elapsed_time": 23.55965256690979, "prnt": false}
{"event": "training_step", "timestamp": 1769667803.9851458, "step": 263, "max_steps": 819, "loss": 6.037514686584473, "elapsed_time": 23.64115881919861, "prnt": false}
{"event": "training_step", "timestamp": 1769667804.0663257, "step": 264, "max_steps": 819, "loss": 6.088732719421387, "elapsed_time": 23.722514867782593, "prnt": false}
{"event": "training_step", "timestamp": 1769667804.1474457, "step": 265, "max_steps": 819, "loss": 6.047111988067627, "elapsed_time": 23.80333924293518, "prnt": false}
{"event": "training_step", "timestamp": 1769667804.2285452, "step": 266, "max_steps": 819, "loss": 6.0518012046813965, "elapsed_time": 23.884387969970703, "prnt": false}
{"event": "training_step", "timestamp": 1769667804.309261, "step": 267, "max_steps": 819, "loss": 6.072818756103516, "elapsed_time": 23.965798377990723, "prnt": false}
{"event": "training_step", "timestamp": 1769667804.3902318, "step": 268, "max_steps": 819, "loss": 5.98551607131958, "elapsed_time": 24.04607343673706, "prnt": false}
{"event": "training_step", "timestamp": 1769667804.4712799, "step": 269, "max_steps": 819, "loss": 5.980379104614258, "elapsed_time": 24.127309322357178, "prnt": false}
{"event": "training_step", "timestamp": 1769667804.5522668, "step": 270, "max_steps": 819, "loss": 5.981602191925049, "elapsed_time": 24.208375215530396, "prnt": false}
{"event": "training_step", "timestamp": 1769667804.6334343, "step": 271, "max_steps": 819, "loss": 6.028568744659424, "elapsed_time": 24.28945755958557, "prnt": false}
{"event": "training_step", "timestamp": 1769667804.7144802, "step": 272, "max_steps": 819, "loss": 5.975306987762451, "elapsed_time": 24.370328903198242, "prnt": false}
{"event": "training_step", "timestamp": 1769667804.7954764, "step": 273, "max_steps": 819, "loss": 6.013309001922607, "elapsed_time": 24.451517820358276, "prnt": false}
{"event": "validation_step", "timestamp": 1769667805.1292853, "step": 273, "max_steps": 819, "loss": 1.1581213331347517, "elapsed_time": 24.451517820358276}
{"event": "training_step", "timestamp": 1769667805.210392, "step": 274, "max_steps": 819, "loss": 5.996559143066406, "elapsed_time": 24.86659073829651, "prnt": false}
{"event": "training_step", "timestamp": 1769667805.291414, "step": 275, "max_steps": 819, "loss": 6.007065296173096, "elapsed_time": 24.947688341140747, "prnt": false}
{"event": "training_step", "timestamp": 1769667805.372335, "step": 276, "max_steps": 819, "loss": 5.932960510253906, "elapsed_time": 25.028318166732788, "prnt": false}
{"event": "training_step", "timestamp": 1769667805.4534626, "step": 277, "max_steps": 819, "loss": 5.975386619567871, "elapsed_time": 25.10937762260437, "prnt": false}
{"event": "training_step", "timestamp": 1769667805.5344462, "step": 278, "max_steps": 819, "loss": 5.9382500648498535, "elapsed_time": 25.190449476242065, "prnt": false}
{"event": "training_step", "timestamp": 1769667805.615516, "step": 279, "max_steps": 819, "loss": 6.028065204620361, "elapsed_time": 25.271426677703857, "prnt": false}
{"event": "training_step", "timestamp": 1769667805.6966949, "step": 280, "max_steps": 819, "loss": 5.942280292510986, "elapsed_time": 25.352599143981934, "prnt": false}
{"event": "training_step", "timestamp": 1769667805.7775352, "step": 281, "max_steps": 819, "loss": 5.9811110496521, "elapsed_time": 25.43363857269287, "prnt": false}
{"event": "training_step", "timestamp": 1769667805.8585305, "step": 282, "max_steps": 819, "loss": 5.953311443328857, "elapsed_time": 25.51458740234375, "prnt": false}
{"event": "training_step", "timestamp": 1769667805.9395237, "step": 283, "max_steps": 819, "loss": 6.003819942474365, "elapsed_time": 25.59547257423401, "prnt": false}
{"event": "training_step", "timestamp": 1769667806.0209823, "step": 284, "max_steps": 819, "loss": 6.013636589050293, "elapsed_time": 25.676504135131836, "prnt": false}
{"event": "training_step", "timestamp": 1769667806.1023955, "step": 285, "max_steps": 819, "loss": 5.9367523193359375, "elapsed_time": 25.758552312850952, "prnt": false}
{"event": "training_step", "timestamp": 1769667806.1834474, "step": 286, "max_steps": 819, "loss": 5.973264217376709, "elapsed_time": 25.839289665222168, "prnt": false}
{"event": "training_step", "timestamp": 1769667806.264727, "step": 287, "max_steps": 819, "loss": 6.037110328674316, "elapsed_time": 25.920531511306763, "prnt": false}
{"event": "training_step", "timestamp": 1769667806.3459914, "step": 288, "max_steps": 819, "loss": 5.9007158279418945, "elapsed_time": 26.001557111740112, "prnt": false}
{"event": "training_step", "timestamp": 1769667806.4272106, "step": 289, "max_steps": 819, "loss": 5.920699119567871, "elapsed_time": 26.083012342453003, "prnt": false}
{"event": "training_step", "timestamp": 1769667806.5082014, "step": 290, "max_steps": 819, "loss": 6.006725311279297, "elapsed_time": 26.16414213180542, "prnt": false}
{"event": "training_step", "timestamp": 1769667806.589271, "step": 291, "max_steps": 819, "loss": 5.946505546569824, "elapsed_time": 26.245161533355713, "prnt": false}
{"event": "training_step", "timestamp": 1769667806.6702933, "step": 292, "max_steps": 819, "loss": 5.910599231719971, "elapsed_time": 26.326329708099365, "prnt": false}
{"event": "training_step", "timestamp": 1769667806.7513664, "step": 293, "max_steps": 819, "loss": 5.922790050506592, "elapsed_time": 26.407472610473633, "prnt": false}
{"event": "training_step", "timestamp": 1769667806.8324056, "step": 294, "max_steps": 819, "loss": 5.945245742797852, "elapsed_time": 26.48831582069397, "prnt": false}
{"event": "training_step", "timestamp": 1769667806.9134905, "step": 295, "max_steps": 819, "loss": 5.905033111572266, "elapsed_time": 26.569397687911987, "prnt": false}
{"event": "training_step", "timestamp": 1769667806.9945025, "step": 296, "max_steps": 819, "loss": 5.984940052032471, "elapsed_time": 26.650352478027344, "prnt": false}
{"event": "training_step", "timestamp": 1769667807.07576, "step": 297, "max_steps": 819, "loss": 5.917275428771973, "elapsed_time": 26.731517791748047, "prnt": false}
{"event": "training_step", "timestamp": 1769667807.156541, "step": 298, "max_steps": 819, "loss": 5.967906475067139, "elapsed_time": 26.812599182128906, "prnt": false}
{"event": "training_step", "timestamp": 1769667807.2375634, "step": 299, "max_steps": 819, "loss": 5.9061102867126465, "elapsed_time": 26.893632411956787, "prnt": false}
{"event": "training_step", "timestamp": 1769667807.3185573, "step": 300, "max_steps": 819, "loss": 5.905433654785156, "elapsed_time": 26.97447896003723, "prnt": false}
{"event": "training_step", "timestamp": 1769667807.3996186, "step": 301, "max_steps": 819, "loss": 5.933256149291992, "elapsed_time": 27.055456399917603, "prnt": false}
{"event": "training_step", "timestamp": 1769667807.480558, "step": 302, "max_steps": 819, "loss": 6.023031234741211, "elapsed_time": 27.13655948638916, "prnt": false}
{"event": "training_step", "timestamp": 1769667807.5616233, "step": 303, "max_steps": 819, "loss": 5.982748031616211, "elapsed_time": 27.217621088027954, "prnt": false}
{"event": "training_step", "timestamp": 1769667807.642715, "step": 304, "max_steps": 819, "loss": 5.938810348510742, "elapsed_time": 27.298839807510376, "prnt": false}
{"event": "training_step", "timestamp": 1769667807.7240815, "step": 305, "max_steps": 819, "loss": 5.867839813232422, "elapsed_time": 27.379798650741577, "prnt": false}
{"event": "training_step", "timestamp": 1769667807.805226, "step": 306, "max_steps": 819, "loss": 5.918335437774658, "elapsed_time": 27.46106719970703, "prnt": false}
{"event": "training_step", "timestamp": 1769667807.8866348, "step": 307, "max_steps": 819, "loss": 5.949655532836914, "elapsed_time": 27.542238473892212, "prnt": false}
{"event": "training_step", "timestamp": 1769667807.9679272, "step": 308, "max_steps": 819, "loss": 5.919489860534668, "elapsed_time": 27.623515605926514, "prnt": false}
{"event": "training_step", "timestamp": 1769667808.0491226, "step": 309, "max_steps": 819, "loss": 5.848643779754639, "elapsed_time": 27.70526909828186, "prnt": false}
{"event": "training_step", "timestamp": 1769667808.1301122, "step": 310, "max_steps": 819, "loss": 5.900667190551758, "elapsed_time": 27.786160945892334, "prnt": false}
{"event": "training_step", "timestamp": 1769667808.2112396, "step": 311, "max_steps": 819, "loss": 5.890684127807617, "elapsed_time": 27.867117166519165, "prnt": false}
{"event": "training_step", "timestamp": 1769667808.2922955, "step": 312, "max_steps": 819, "loss": 5.931840419769287, "elapsed_time": 27.948126077651978, "prnt": false}
{"event": "validation_step", "timestamp": 1769667808.6264944, "step": 312, "max_steps": 819, "loss": 1.1488606820879097, "elapsed_time": 27.948126077651978}
{"event": "training_step", "timestamp": 1769667808.7077794, "step": 313, "max_steps": 819, "loss": 5.9137067794799805, "elapsed_time": 28.363706588745117, "prnt": false}
{"event": "training_step", "timestamp": 1769667808.788861, "step": 314, "max_steps": 819, "loss": 5.889366149902344, "elapsed_time": 28.444790840148926, "prnt": false}
{"event": "training_step", "timestamp": 1769667808.8700347, "step": 315, "max_steps": 819, "loss": 5.80253791809082, "elapsed_time": 28.525826454162598, "prnt": false}
{"event": "training_step", "timestamp": 1769667808.9512014, "step": 316, "max_steps": 819, "loss": 5.879613876342773, "elapsed_time": 28.60710597038269, "prnt": false}
{"event": "training_step", "timestamp": 1769667809.0322673, "step": 317, "max_steps": 819, "loss": 5.897749423980713, "elapsed_time": 28.68815016746521, "prnt": false}
{"event": "training_step", "timestamp": 1769667809.1133454, "step": 318, "max_steps": 819, "loss": 5.941610813140869, "elapsed_time": 28.769076347351074, "prnt": false}
{"event": "training_step", "timestamp": 1769667809.1944435, "step": 319, "max_steps": 819, "loss": 5.8605241775512695, "elapsed_time": 28.85049033164978, "prnt": false}
{"event": "training_step", "timestamp": 1769667809.2755172, "step": 320, "max_steps": 819, "loss": 5.842447757720947, "elapsed_time": 28.9313383102417, "prnt": false}
{"event": "training_step", "timestamp": 1769667809.3566322, "step": 321, "max_steps": 819, "loss": 5.9377617835998535, "elapsed_time": 29.012545108795166, "prnt": false}
{"event": "training_step", "timestamp": 1769667809.4376051, "step": 322, "max_steps": 819, "loss": 5.8463287353515625, "elapsed_time": 29.093456029891968, "prnt": false}
{"event": "training_step", "timestamp": 1769667809.5187032, "step": 323, "max_steps": 819, "loss": 5.8604631423950195, "elapsed_time": 29.1746244430542, "prnt": false}
{"event": "training_step", "timestamp": 1769667809.5998728, "step": 324, "max_steps": 819, "loss": 5.8473944664001465, "elapsed_time": 29.2555935382843, "prnt": false}
{"event": "training_step", "timestamp": 1769667809.6810908, "step": 325, "max_steps": 819, "loss": 5.8958210945129395, "elapsed_time": 29.337084531784058, "prnt": false}
{"event": "training_step", "timestamp": 1769667809.7621999, "step": 326, "max_steps": 819, "loss": 5.784356117248535, "elapsed_time": 29.418010473251343, "prnt": false}
{"event": "training_step", "timestamp": 1769667809.8435154, "step": 327, "max_steps": 819, "loss": 5.824812412261963, "elapsed_time": 29.499197959899902, "prnt": false}
{"event": "training_step", "timestamp": 1769667809.9247224, "step": 328, "max_steps": 819, "loss": 5.898503303527832, "elapsed_time": 29.580371856689453, "prnt": false}
{"event": "training_step", "timestamp": 1769667810.0060225, "step": 329, "max_steps": 819, "loss": 5.924283981323242, "elapsed_time": 29.661624908447266, "prnt": false}
{"event": "training_step", "timestamp": 1769667810.0873837, "step": 330, "max_steps": 819, "loss": 5.944424152374268, "elapsed_time": 29.743412494659424, "prnt": false}
{"event": "training_step", "timestamp": 1769667810.1686225, "step": 331, "max_steps": 819, "loss": 5.818783760070801, "elapsed_time": 29.824514389038086, "prnt": false}
{"event": "training_step", "timestamp": 1769667810.249741, "step": 332, "max_steps": 819, "loss": 5.801208972930908, "elapsed_time": 29.905571699142456, "prnt": false}
{"event": "training_step", "timestamp": 1769667810.331022, "step": 333, "max_steps": 819, "loss": 5.887794017791748, "elapsed_time": 29.986981868743896, "prnt": false}
{"event": "training_step", "timestamp": 1769667810.4122782, "step": 334, "max_steps": 819, "loss": 5.787154674530029, "elapsed_time": 30.067957639694214, "prnt": false}
{"event": "training_step", "timestamp": 1769667810.493429, "step": 335, "max_steps": 819, "loss": 5.885745525360107, "elapsed_time": 30.149254083633423, "prnt": false}
{"event": "training_step", "timestamp": 1769667810.5746338, "step": 336, "max_steps": 819, "loss": 5.8033037185668945, "elapsed_time": 30.230356693267822, "prnt": false}
{"event": "training_step", "timestamp": 1769667810.6557684, "step": 337, "max_steps": 819, "loss": 5.896399974822998, "elapsed_time": 30.311627864837646, "prnt": false}
{"event": "training_step", "timestamp": 1769667810.736841, "step": 338, "max_steps": 819, "loss": 5.848627090454102, "elapsed_time": 30.39269495010376, "prnt": false}
{"event": "training_step", "timestamp": 1769667810.8178782, "step": 339, "max_steps": 819, "loss": 5.908320426940918, "elapsed_time": 30.47377920150757, "prnt": false}
{"event": "training_step", "timestamp": 1769667810.8988373, "step": 340, "max_steps": 819, "loss": 5.829459190368652, "elapsed_time": 30.55466055870056, "prnt": false}
{"event": "training_step", "timestamp": 1769667810.980317, "step": 341, "max_steps": 819, "loss": 5.818744659423828, "elapsed_time": 30.636590003967285, "prnt": false}
{"event": "training_step", "timestamp": 1769667811.0615346, "step": 342, "max_steps": 819, "loss": 5.915820121765137, "elapsed_time": 30.717588424682617, "prnt": false}
{"event": "training_step", "timestamp": 1769667811.1427264, "step": 343, "max_steps": 819, "loss": 5.922390937805176, "elapsed_time": 30.798699617385864, "prnt": false}
{"event": "training_step", "timestamp": 1769667811.2239387, "step": 344, "max_steps": 819, "loss": 5.825113773345947, "elapsed_time": 30.879550457000732, "prnt": false}
{"event": "training_step", "timestamp": 1769667811.305422, "step": 345, "max_steps": 819, "loss": 5.848564624786377, "elapsed_time": 30.960925102233887, "prnt": false}
{"event": "training_step", "timestamp": 1769667811.3867633, "step": 346, "max_steps": 819, "loss": 5.921853542327881, "elapsed_time": 31.042224645614624, "prnt": false}
{"event": "training_step", "timestamp": 1769667811.4679708, "step": 347, "max_steps": 819, "loss": 5.822885990142822, "elapsed_time": 31.12370800971985, "prnt": false}
{"event": "training_step", "timestamp": 1769667811.549182, "step": 348, "max_steps": 819, "loss": 5.855027675628662, "elapsed_time": 31.205095052719116, "prnt": false}
{"event": "training_step", "timestamp": 1769667811.6304338, "step": 349, "max_steps": 819, "loss": 5.790353298187256, "elapsed_time": 31.286445140838623, "prnt": false}
{"event": "training_step", "timestamp": 1769667811.7115493, "step": 350, "max_steps": 819, "loss": 5.80853796005249, "elapsed_time": 31.367290019989014, "prnt": false}
{"event": "training_step", "timestamp": 1769667811.7927854, "step": 351, "max_steps": 819, "loss": 5.771559238433838, "elapsed_time": 31.448488473892212, "prnt": false}
{"event": "validation_step", "timestamp": 1769667812.1272998, "step": 351, "max_steps": 819, "loss": 1.1417460861186315, "elapsed_time": 31.448488473892212}
{"event": "training_step", "timestamp": 1769667812.2089455, "step": 352, "max_steps": 819, "loss": 5.82619047164917, "elapsed_time": 31.86492896080017, "prnt": false}
{"event": "training_step", "timestamp": 1769667812.2900887, "step": 353, "max_steps": 819, "loss": 5.786706924438477, "elapsed_time": 31.94587516784668, "prnt": false}
{"event": "training_step", "timestamp": 1769667812.3713613, "step": 354, "max_steps": 819, "loss": 5.860621929168701, "elapsed_time": 32.027095317840576, "prnt": false}
{"event": "training_step", "timestamp": 1769667812.4526098, "step": 355, "max_steps": 819, "loss": 5.823596000671387, "elapsed_time": 32.10821890830994, "prnt": false}
{"event": "training_step", "timestamp": 1769667812.5338106, "step": 356, "max_steps": 819, "loss": 5.767908573150635, "elapsed_time": 32.18957328796387, "prnt": false}
{"event": "training_step", "timestamp": 1769667812.6148531, "step": 357, "max_steps": 819, "loss": 5.792982578277588, "elapsed_time": 32.27064275741577, "prnt": false}
{"event": "training_step", "timestamp": 1769667812.696191, "step": 358, "max_steps": 819, "loss": 5.814032554626465, "elapsed_time": 32.35204076766968, "prnt": false}
{"event": "training_step", "timestamp": 1769667812.7772806, "step": 359, "max_steps": 819, "loss": 5.816219806671143, "elapsed_time": 32.43305230140686, "prnt": false}
{"event": "training_step", "timestamp": 1769667812.8584409, "step": 360, "max_steps": 819, "loss": 5.854124546051025, "elapsed_time": 32.51437020301819, "prnt": false}
{"event": "training_step", "timestamp": 1769667812.939578, "step": 361, "max_steps": 819, "loss": 5.792426586151123, "elapsed_time": 32.59529972076416, "prnt": false}
{"event": "training_step", "timestamp": 1769667813.0209968, "step": 362, "max_steps": 819, "loss": 5.820866107940674, "elapsed_time": 32.676661014556885, "prnt": false}
{"event": "training_step", "timestamp": 1769667813.1024404, "step": 363, "max_steps": 819, "loss": 5.791209697723389, "elapsed_time": 32.758203983306885, "prnt": false}
{"event": "training_step", "timestamp": 1769667813.183833, "step": 364, "max_steps": 819, "loss": 5.757093906402588, "elapsed_time": 32.83938145637512, "prnt": false}
{"event": "training_step", "timestamp": 1769667813.2654157, "step": 365, "max_steps": 819, "loss": 5.839489936828613, "elapsed_time": 32.921030044555664, "prnt": false}
{"event": "training_step", "timestamp": 1769667813.3468058, "step": 366, "max_steps": 819, "loss": 5.790677070617676, "elapsed_time": 33.002633810043335, "prnt": false}
{"event": "training_step", "timestamp": 1769667813.4279375, "step": 367, "max_steps": 819, "loss": 5.704868793487549, "elapsed_time": 33.0840060710907, "prnt": false}
{"event": "training_step", "timestamp": 1769667813.5092347, "step": 368, "max_steps": 819, "loss": 5.783661842346191, "elapsed_time": 33.16503286361694, "prnt": false}
{"event": "training_step", "timestamp": 1769667813.5905237, "step": 369, "max_steps": 819, "loss": 5.846683025360107, "elapsed_time": 33.2461359500885, "prnt": false}
{"event": "training_step", "timestamp": 1769667813.6719477, "step": 370, "max_steps": 819, "loss": 5.855751991271973, "elapsed_time": 33.327980756759644, "prnt": false}
{"event": "training_step", "timestamp": 1769667813.7531312, "step": 371, "max_steps": 819, "loss": 5.6448540687561035, "elapsed_time": 33.40894556045532, "prnt": false}
{"event": "training_step", "timestamp": 1769667813.8344388, "step": 372, "max_steps": 819, "loss": 5.736458778381348, "elapsed_time": 33.49013638496399, "prnt": false}
{"event": "training_step", "timestamp": 1769667813.9154825, "step": 373, "max_steps": 819, "loss": 5.85091495513916, "elapsed_time": 33.571553468704224, "prnt": false}
{"event": "training_step", "timestamp": 1769667813.9966567, "step": 374, "max_steps": 819, "loss": 5.73192834854126, "elapsed_time": 33.65243124961853, "prnt": false}
{"event": "training_step", "timestamp": 1769667814.0777638, "step": 375, "max_steps": 819, "loss": 5.774299621582031, "elapsed_time": 33.7335467338562, "prnt": false}
{"event": "training_step", "timestamp": 1769667814.1591055, "step": 376, "max_steps": 819, "loss": 5.743311405181885, "elapsed_time": 33.815171241760254, "prnt": false}
{"event": "training_step", "timestamp": 1769667814.2402892, "step": 377, "max_steps": 819, "loss": 5.74599027633667, "elapsed_time": 33.896076917648315, "prnt": false}
{"event": "training_step", "timestamp": 1769667814.3213558, "step": 378, "max_steps": 819, "loss": 5.858033180236816, "elapsed_time": 33.97723197937012, "prnt": false}
{"event": "training_step", "timestamp": 1769667814.4027154, "step": 379, "max_steps": 819, "loss": 5.734785079956055, "elapsed_time": 34.05821514129639, "prnt": false}
{"event": "training_step", "timestamp": 1769667814.484393, "step": 380, "max_steps": 819, "loss": 5.713390827178955, "elapsed_time": 34.13978052139282, "prnt": false}
{"event": "training_step", "timestamp": 1769667814.565774, "step": 381, "max_steps": 819, "loss": 5.75957727432251, "elapsed_time": 34.22126126289368, "prnt": false}
{"event": "training_step", "timestamp": 1769667814.6475315, "step": 382, "max_steps": 819, "loss": 5.818234920501709, "elapsed_time": 34.3031210899353, "prnt": false}
{"event": "training_step", "timestamp": 1769667814.7287674, "step": 383, "max_steps": 819, "loss": 5.762599945068359, "elapsed_time": 34.384501695632935, "prnt": false}
{"event": "training_step", "timestamp": 1769667814.8100662, "step": 384, "max_steps": 819, "loss": 5.826696395874023, "elapsed_time": 34.46583652496338, "prnt": false}
{"event": "training_step", "timestamp": 1769667814.8912919, "step": 385, "max_steps": 819, "loss": 5.658794403076172, "elapsed_time": 34.546947717666626, "prnt": false}
{"event": "training_step", "timestamp": 1769667814.9727132, "step": 386, "max_steps": 819, "loss": 5.663508415222168, "elapsed_time": 34.628209829330444, "prnt": false}
{"event": "training_step", "timestamp": 1769667815.0540335, "step": 387, "max_steps": 819, "loss": 5.764517307281494, "elapsed_time": 34.70987892150879, "prnt": false}
{"event": "training_step", "timestamp": 1769667815.1351964, "step": 388, "max_steps": 819, "loss": 5.816648960113525, "elapsed_time": 34.7909996509552, "prnt": false}
{"event": "training_step", "timestamp": 1769667815.2162628, "step": 389, "max_steps": 819, "loss": 5.787054061889648, "elapsed_time": 34.87210988998413, "prnt": false}
{"event": "training_step", "timestamp": 1769667815.297238, "step": 390, "max_steps": 819, "loss": 5.755298137664795, "elapsed_time": 34.95323061943054, "prnt": false}
{"event": "validation_step", "timestamp": 1769667815.6318882, "step": 390, "max_steps": 819, "loss": 1.135910733084786, "elapsed_time": 34.95323061943054}
{"event": "training_step", "timestamp": 1769667815.7135217, "step": 391, "max_steps": 819, "loss": 5.753520488739014, "elapsed_time": 35.36906957626343, "prnt": false}
{"event": "training_step", "timestamp": 1769667815.7949052, "step": 392, "max_steps": 819, "loss": 5.778762340545654, "elapsed_time": 35.450594902038574, "prnt": false}
{"event": "training_step", "timestamp": 1769667815.876024, "step": 393, "max_steps": 819, "loss": 5.725368976593018, "elapsed_time": 35.53177094459534, "prnt": false}
{"event": "training_step", "timestamp": 1769667815.9572983, "step": 394, "max_steps": 819, "loss": 5.726259231567383, "elapsed_time": 35.61311340332031, "prnt": false}
{"event": "training_step", "timestamp": 1769667816.0386906, "step": 395, "max_steps": 819, "loss": 5.730810642242432, "elapsed_time": 35.69414782524109, "prnt": false}
{"event": "training_step", "timestamp": 1769667816.1201532, "step": 396, "max_steps": 819, "loss": 5.796699523925781, "elapsed_time": 35.77580904960632, "prnt": false}
{"event": "training_step", "timestamp": 1769667816.201593, "step": 397, "max_steps": 819, "loss": 5.761959075927734, "elapsed_time": 35.85730290412903, "prnt": false}
{"event": "training_step", "timestamp": 1769667816.283193, "step": 398, "max_steps": 819, "loss": 5.71665096282959, "elapsed_time": 35.93860721588135, "prnt": false}
{"event": "training_step", "timestamp": 1769667816.3647509, "step": 399, "max_steps": 819, "loss": 5.710330963134766, "elapsed_time": 36.020336389541626, "prnt": false}
{"event": "training_step", "timestamp": 1769667816.4460566, "step": 400, "max_steps": 819, "loss": 5.779214382171631, "elapsed_time": 36.10180425643921, "prnt": false}
{"event": "training_step", "timestamp": 1769667816.5271811, "step": 401, "max_steps": 819, "loss": 5.764588832855225, "elapsed_time": 36.18296694755554, "prnt": false}
{"event": "training_step", "timestamp": 1769667816.608429, "step": 402, "max_steps": 819, "loss": 5.714413166046143, "elapsed_time": 36.26415228843689, "prnt": false}
{"event": "training_step", "timestamp": 1769667816.689754, "step": 403, "max_steps": 819, "loss": 5.800808906555176, "elapsed_time": 36.34537649154663, "prnt": false}
{"event": "training_step", "timestamp": 1769667816.7711582, "step": 404, "max_steps": 819, "loss": 5.776960372924805, "elapsed_time": 36.42681908607483, "prnt": false}
{"event": "training_step", "timestamp": 1769667816.8525093, "step": 405, "max_steps": 819, "loss": 5.744671821594238, "elapsed_time": 36.50801634788513, "prnt": false}
{"event": "training_step", "timestamp": 1769667816.93386, "step": 406, "max_steps": 819, "loss": 5.73548698425293, "elapsed_time": 36.58986759185791, "prnt": false}
{"event": "training_step", "timestamp": 1769667817.0151381, "step": 407, "max_steps": 819, "loss": 5.722122669219971, "elapsed_time": 36.670891523361206, "prnt": false}
{"event": "training_step", "timestamp": 1769667817.0964549, "step": 408, "max_steps": 819, "loss": 5.772693157196045, "elapsed_time": 36.752070903778076, "prnt": false}
{"event": "training_step", "timestamp": 1769667817.177862, "step": 409, "max_steps": 819, "loss": 5.673293590545654, "elapsed_time": 36.83337593078613, "prnt": false}
{"event": "training_step", "timestamp": 1769667817.259164, "step": 410, "max_steps": 819, "loss": 5.702445030212402, "elapsed_time": 36.914806604385376, "prnt": false}
{"event": "training_step", "timestamp": 1769667817.34044, "step": 411, "max_steps": 819, "loss": 5.708858489990234, "elapsed_time": 36.99608135223389, "prnt": false}
{"event": "training_step", "timestamp": 1769667817.4221385, "step": 412, "max_steps": 819, "loss": 5.684270858764648, "elapsed_time": 37.077497720718384, "prnt": false}
{"event": "training_step", "timestamp": 1769667817.503725, "step": 413, "max_steps": 819, "loss": 5.65218448638916, "elapsed_time": 37.15902042388916, "prnt": false}
{"event": "training_step", "timestamp": 1769667817.5851095, "step": 414, "max_steps": 819, "loss": 5.656884670257568, "elapsed_time": 37.240694761276245, "prnt": false}
{"event": "training_step", "timestamp": 1769667817.666489, "step": 415, "max_steps": 819, "loss": 5.692988395690918, "elapsed_time": 37.3220956325531, "prnt": false}
{"event": "training_step", "timestamp": 1769667817.747899, "step": 416, "max_steps": 819, "loss": 5.711127758026123, "elapsed_time": 37.4037127494812, "prnt": false}
{"event": "training_step", "timestamp": 1769667817.8291924, "step": 417, "max_steps": 819, "loss": 5.7163543701171875, "elapsed_time": 37.48491287231445, "prnt": false}
{"event": "training_step", "timestamp": 1769667817.910505, "step": 418, "max_steps": 819, "loss": 5.725157737731934, "elapsed_time": 37.566198110580444, "prnt": false}
{"event": "training_step", "timestamp": 1769667817.9916844, "step": 419, "max_steps": 819, "loss": 5.6569504737854, "elapsed_time": 37.64747357368469, "prnt": false}
{"event": "training_step", "timestamp": 1769667818.073029, "step": 420, "max_steps": 819, "loss": 5.682608604431152, "elapsed_time": 37.72866630554199, "prnt": false}
{"event": "training_step", "timestamp": 1769667818.1545508, "step": 421, "max_steps": 819, "loss": 5.757466793060303, "elapsed_time": 37.81041145324707, "prnt": false}
{"event": "training_step", "timestamp": 1769667818.235667, "step": 422, "max_steps": 819, "loss": 5.675579071044922, "elapsed_time": 37.89163684844971, "prnt": false}
{"event": "training_step", "timestamp": 1769667818.3167758, "step": 423, "max_steps": 819, "loss": 5.612414360046387, "elapsed_time": 37.97262167930603, "prnt": false}
{"event": "training_step", "timestamp": 1769667818.3981373, "step": 424, "max_steps": 819, "loss": 5.737699031829834, "elapsed_time": 38.053795337677, "prnt": false}
{"event": "training_step", "timestamp": 1769667818.4795246, "step": 425, "max_steps": 819, "loss": 5.697992324829102, "elapsed_time": 38.135003328323364, "prnt": false}
{"event": "training_step", "timestamp": 1769667818.5612137, "step": 426, "max_steps": 819, "loss": 5.726943016052246, "elapsed_time": 38.216495990753174, "prnt": false}
{"event": "training_step", "timestamp": 1769667818.6427495, "step": 427, "max_steps": 819, "loss": 5.680361270904541, "elapsed_time": 38.29841637611389, "prnt": false}
{"event": "training_step", "timestamp": 1769667818.7243662, "step": 428, "max_steps": 819, "loss": 5.610854148864746, "elapsed_time": 38.37985324859619, "prnt": false}
{"event": "training_step", "timestamp": 1769667818.8057718, "step": 429, "max_steps": 819, "loss": 5.673285007476807, "elapsed_time": 38.46132445335388, "prnt": false}
{"event": "validation_step", "timestamp": 1769667819.1407328, "step": 429, "max_steps": 819, "loss": 1.1299584707077317, "elapsed_time": 38.46132445335388}
{"event": "training_step", "timestamp": 1769667819.2225246, "step": 430, "max_steps": 819, "loss": 5.689942359924316, "elapsed_time": 38.877859592437744, "prnt": false}
{"event": "training_step", "timestamp": 1769667819.3040352, "step": 431, "max_steps": 819, "loss": 5.709751129150391, "elapsed_time": 38.959431886672974, "prnt": false}
{"event": "training_step", "timestamp": 1769667819.3856256, "step": 432, "max_steps": 819, "loss": 5.660741806030273, "elapsed_time": 39.041072607040405, "prnt": false}
{"event": "training_step", "timestamp": 1769667819.4668682, "step": 433, "max_steps": 819, "loss": 5.606197357177734, "elapsed_time": 39.122562408447266, "prnt": false}
{"event": "training_step", "timestamp": 1769667819.5482576, "step": 434, "max_steps": 819, "loss": 5.658235549926758, "elapsed_time": 39.20386242866516, "prnt": false}
{"event": "training_step", "timestamp": 1769667819.6297362, "step": 435, "max_steps": 819, "loss": 5.625265121459961, "elapsed_time": 39.28571605682373, "prnt": false}
{"event": "training_step", "timestamp": 1769667819.7110844, "step": 436, "max_steps": 819, "loss": 5.670105934143066, "elapsed_time": 39.366830348968506, "prnt": false}
{"event": "training_step", "timestamp": 1769667819.7924466, "step": 437, "max_steps": 819, "loss": 5.702314853668213, "elapsed_time": 39.44799327850342, "prnt": false}
{"event": "training_step", "timestamp": 1769667819.873919, "step": 438, "max_steps": 819, "loss": 5.625781536102295, "elapsed_time": 39.52965259552002, "prnt": false}
{"event": "training_step", "timestamp": 1769667819.955153, "step": 439, "max_steps": 819, "loss": 5.64208459854126, "elapsed_time": 39.61078858375549, "prnt": false}
{"event": "training_step", "timestamp": 1769667820.0364275, "step": 440, "max_steps": 819, "loss": 5.657698154449463, "elapsed_time": 39.69215750694275, "prnt": false}
{"event": "training_step", "timestamp": 1769667820.1176963, "step": 441, "max_steps": 819, "loss": 5.622802734375, "elapsed_time": 39.77350354194641, "prnt": false}
{"event": "training_step", "timestamp": 1769667820.1995397, "step": 442, "max_steps": 819, "loss": 5.626944541931152, "elapsed_time": 39.85507273674011, "prnt": false}
{"event": "training_step", "timestamp": 1769667820.2810311, "step": 443, "max_steps": 819, "loss": 5.6808905601501465, "elapsed_time": 39.93649387359619, "prnt": false}
{"event": "training_step", "timestamp": 1769667820.3626683, "step": 444, "max_steps": 819, "loss": 5.669610023498535, "elapsed_time": 40.01808834075928, "prnt": false}
{"event": "training_step", "timestamp": 1769667820.444031, "step": 445, "max_steps": 819, "loss": 5.608367443084717, "elapsed_time": 40.099772214889526, "prnt": false}
{"event": "training_step", "timestamp": 1769667820.525458, "step": 446, "max_steps": 819, "loss": 5.637139320373535, "elapsed_time": 40.181161403656006, "prnt": false}
{"event": "training_step", "timestamp": 1769667820.6067753, "step": 447, "max_steps": 819, "loss": 5.587536811828613, "elapsed_time": 40.26236605644226, "prnt": false}
{"event": "training_step", "timestamp": 1769667820.6883366, "step": 448, "max_steps": 819, "loss": 5.66951847076416, "elapsed_time": 40.34394645690918, "prnt": false}
{"event": "training_step", "timestamp": 1769667820.7697027, "step": 449, "max_steps": 819, "loss": 5.685500144958496, "elapsed_time": 40.42533087730408, "prnt": false}
{"event": "training_step", "timestamp": 1769667820.8511748, "step": 450, "max_steps": 819, "loss": 5.617232799530029, "elapsed_time": 40.50691795349121, "prnt": false}
{"event": "training_step", "timestamp": 1769667820.9325237, "step": 451, "max_steps": 819, "loss": 5.662848949432373, "elapsed_time": 40.58809804916382, "prnt": false}
{"event": "training_step", "timestamp": 1769667821.013963, "step": 452, "max_steps": 819, "loss": 5.633172512054443, "elapsed_time": 40.669511795043945, "prnt": false}
{"event": "training_step", "timestamp": 1769667821.0953057, "step": 453, "max_steps": 819, "loss": 5.662073612213135, "elapsed_time": 40.75098896026611, "prnt": false}
{"event": "training_step", "timestamp": 1769667821.1766992, "step": 454, "max_steps": 819, "loss": 5.62592887878418, "elapsed_time": 40.83222842216492, "prnt": false}
{"event": "training_step", "timestamp": 1769667821.2579782, "step": 455, "max_steps": 819, "loss": 5.772860050201416, "elapsed_time": 40.91359090805054, "prnt": false}
{"event": "training_step", "timestamp": 1769667821.3395655, "step": 456, "max_steps": 819, "loss": 5.633920669555664, "elapsed_time": 40.99492573738098, "prnt": false}
{"event": "training_step", "timestamp": 1769667821.4211872, "step": 457, "max_steps": 819, "loss": 5.66301155090332, "elapsed_time": 41.07636833190918, "prnt": false}
{"event": "training_step", "timestamp": 1769667821.502895, "step": 458, "max_steps": 819, "loss": 5.62575626373291, "elapsed_time": 41.158196449279785, "prnt": false}
{"event": "training_step", "timestamp": 1769667821.5844457, "step": 459, "max_steps": 819, "loss": 5.613439559936523, "elapsed_time": 41.239776849746704, "prnt": false}
{"event": "training_step", "timestamp": 1769667821.6655254, "step": 460, "max_steps": 819, "loss": 5.650472164154053, "elapsed_time": 41.32181644439697, "prnt": false}
{"event": "training_step", "timestamp": 1769667821.746784, "step": 461, "max_steps": 819, "loss": 5.643646717071533, "elapsed_time": 41.40246272087097, "prnt": false}
{"event": "training_step", "timestamp": 1769667821.8282242, "step": 462, "max_steps": 819, "loss": 5.61790657043457, "elapsed_time": 41.4837372303009, "prnt": false}
{"event": "training_step", "timestamp": 1769667821.909683, "step": 463, "max_steps": 819, "loss": 5.697029113769531, "elapsed_time": 41.56508994102478, "prnt": false}
{"event": "training_step", "timestamp": 1769667821.9910436, "step": 464, "max_steps": 819, "loss": 5.617652893066406, "elapsed_time": 41.64658212661743, "prnt": false}
{"event": "training_step", "timestamp": 1769667822.0723279, "step": 465, "max_steps": 819, "loss": 5.641567230224609, "elapsed_time": 41.72813105583191, "prnt": false}
{"event": "training_step", "timestamp": 1769667822.1537344, "step": 466, "max_steps": 819, "loss": 5.572230815887451, "elapsed_time": 41.80928421020508, "prnt": false}
{"event": "training_step", "timestamp": 1769667822.2350457, "step": 467, "max_steps": 819, "loss": 5.568638801574707, "elapsed_time": 41.8909797668457, "prnt": false}
{"event": "training_step", "timestamp": 1769667822.3164093, "step": 468, "max_steps": 819, "loss": 5.6741862297058105, "elapsed_time": 41.97217082977295, "prnt": false}
{"event": "validation_step", "timestamp": 1769667822.6515348, "step": 468, "max_steps": 819, "loss": 1.1263961083360208, "elapsed_time": 41.97217082977295}
{"event": "training_step", "timestamp": 1769667822.733362, "step": 469, "max_steps": 819, "loss": 5.589589595794678, "elapsed_time": 42.388922452926636, "prnt": false}
{"event": "training_step", "timestamp": 1769667822.8149066, "step": 470, "max_steps": 819, "loss": 5.574932098388672, "elapsed_time": 42.47030687332153, "prnt": false}
{"event": "training_step", "timestamp": 1769667822.896774, "step": 471, "max_steps": 819, "loss": 5.600086688995361, "elapsed_time": 42.55187201499939, "prnt": false}
{"event": "training_step", "timestamp": 1769667822.978271, "step": 472, "max_steps": 819, "loss": 5.563041687011719, "elapsed_time": 42.63370323181152, "prnt": false}
{"event": "training_step", "timestamp": 1769667823.0597985, "step": 473, "max_steps": 819, "loss": 5.543610095977783, "elapsed_time": 42.715242862701416, "prnt": false}
{"event": "training_step", "timestamp": 1769667823.14154, "step": 474, "max_steps": 819, "loss": 5.581221580505371, "elapsed_time": 42.796637773513794, "prnt": false}
{"event": "training_step", "timestamp": 1769667823.2231278, "step": 475, "max_steps": 819, "loss": 5.56941032409668, "elapsed_time": 42.87850999832153, "prnt": false}
{"event": "training_step", "timestamp": 1769667823.304599, "step": 476, "max_steps": 819, "loss": 5.537623882293701, "elapsed_time": 42.96006441116333, "prnt": false}
{"event": "training_step", "timestamp": 1769667823.3860836, "step": 477, "max_steps": 819, "loss": 5.559084415435791, "elapsed_time": 43.04161763191223, "prnt": false}
{"event": "training_step", "timestamp": 1769667823.4674757, "step": 478, "max_steps": 819, "loss": 5.591784477233887, "elapsed_time": 43.12298560142517, "prnt": false}
{"event": "training_step", "timestamp": 1769667823.548914, "step": 479, "max_steps": 819, "loss": 5.575110912322998, "elapsed_time": 43.20459842681885, "prnt": false}
{"event": "training_step", "timestamp": 1769667823.6303074, "step": 480, "max_steps": 819, "loss": 5.589449882507324, "elapsed_time": 43.2860426902771, "prnt": false}
{"event": "training_step", "timestamp": 1769667823.711734, "step": 481, "max_steps": 819, "loss": 5.5607008934021, "elapsed_time": 43.367273807525635, "prnt": false}
{"event": "training_step", "timestamp": 1769667823.793053, "step": 482, "max_steps": 819, "loss": 5.614157199859619, "elapsed_time": 43.44859504699707, "prnt": false}
{"event": "training_step", "timestamp": 1769667823.874445, "step": 483, "max_steps": 819, "loss": 5.575748920440674, "elapsed_time": 43.52994418144226, "prnt": false}
{"event": "training_step", "timestamp": 1769667823.9557827, "step": 484, "max_steps": 819, "loss": 5.524082660675049, "elapsed_time": 43.61140704154968, "prnt": false}
{"event": "training_step", "timestamp": 1769667824.0371974, "step": 485, "max_steps": 819, "loss": 5.604671478271484, "elapsed_time": 43.69271779060364, "prnt": false}
{"event": "training_step", "timestamp": 1769667824.1186986, "step": 486, "max_steps": 819, "loss": 5.615690231323242, "elapsed_time": 43.774017333984375, "prnt": false}
{"event": "training_step", "timestamp": 1769667824.200674, "step": 487, "max_steps": 819, "loss": 5.618651866912842, "elapsed_time": 43.85577178001404, "prnt": false}
{"event": "training_step", "timestamp": 1769667824.282431, "step": 488, "max_steps": 819, "loss": 5.560939311981201, "elapsed_time": 43.93782067298889, "prnt": false}
{"event": "training_step", "timestamp": 1769667824.3642805, "step": 489, "max_steps": 819, "loss": 5.646193027496338, "elapsed_time": 44.01954889297485, "prnt": false}
{"event": "training_step", "timestamp": 1769667824.4457211, "step": 490, "max_steps": 819, "loss": 5.5273823738098145, "elapsed_time": 44.101242542266846, "prnt": false}
{"event": "training_step", "timestamp": 1769667824.5272887, "step": 491, "max_steps": 819, "loss": 5.580602169036865, "elapsed_time": 44.18265891075134, "prnt": false}
{"event": "training_step", "timestamp": 1769667824.6087346, "step": 492, "max_steps": 819, "loss": 5.525361061096191, "elapsed_time": 44.264281034469604, "prnt": false}
{"event": "training_step", "timestamp": 1769667824.6901548, "step": 493, "max_steps": 819, "loss": 5.625004768371582, "elapsed_time": 44.34587097167969, "prnt": false}
{"event": "training_step", "timestamp": 1769667824.7715826, "step": 494, "max_steps": 819, "loss": 5.553167819976807, "elapsed_time": 44.427273988723755, "prnt": false}
{"event": "training_step", "timestamp": 1769667824.853058, "step": 495, "max_steps": 819, "loss": 5.604940414428711, "elapsed_time": 44.508583784103394, "prnt": false}
{"event": "training_step", "timestamp": 1769667824.9343736, "step": 496, "max_steps": 819, "loss": 5.564369201660156, "elapsed_time": 44.589985609054565, "prnt": false}
{"event": "training_step", "timestamp": 1769667825.0157604, "step": 497, "max_steps": 819, "loss": 5.642838478088379, "elapsed_time": 44.671361684799194, "prnt": false}
{"event": "training_step", "timestamp": 1769667825.097187, "step": 498, "max_steps": 819, "loss": 5.605684280395508, "elapsed_time": 44.752646923065186, "prnt": false}
{"event": "training_step", "timestamp": 1769667825.1788938, "step": 499, "max_steps": 819, "loss": 5.537161827087402, "elapsed_time": 44.83449363708496, "prnt": false}
{"event": "training_step", "timestamp": 1769667825.2605724, "step": 500, "max_steps": 819, "loss": 5.514296531677246, "elapsed_time": 44.915730714797974, "prnt": false}
{"event": "training_step", "timestamp": 1769667825.3425932, "step": 501, "max_steps": 819, "loss": 5.543272495269775, "elapsed_time": 44.99751281738281, "prnt": false}
{"event": "training_step", "timestamp": 1769667825.4240973, "step": 502, "max_steps": 819, "loss": 5.4230170249938965, "elapsed_time": 45.07943797111511, "prnt": false}
{"event": "training_step", "timestamp": 1769667825.505556, "step": 503, "max_steps": 819, "loss": 5.586954593658447, "elapsed_time": 45.16101956367493, "prnt": false}
{"event": "training_step", "timestamp": 1769667825.5871038, "step": 504, "max_steps": 819, "loss": 5.51797342300415, "elapsed_time": 45.24265670776367, "prnt": false}
{"event": "training_step", "timestamp": 1769667825.6686156, "step": 505, "max_steps": 819, "loss": 5.6071696281433105, "elapsed_time": 45.32420992851257, "prnt": false}
{"event": "training_step", "timestamp": 1769667825.7499604, "step": 506, "max_steps": 819, "loss": 5.586297512054443, "elapsed_time": 45.405498027801514, "prnt": false}
{"event": "training_step", "timestamp": 1769667825.8313692, "step": 507, "max_steps": 819, "loss": 5.540765762329102, "elapsed_time": 45.48702526092529, "prnt": false}
{"event": "validation_step", "timestamp": 1769667826.1670136, "step": 507, "max_steps": 819, "loss": 1.1235204592742132, "elapsed_time": 45.48702526092529}
{"event": "training_step", "timestamp": 1769667826.2488778, "step": 508, "max_steps": 819, "loss": 5.467123031616211, "elapsed_time": 45.904386043548584, "prnt": false}
{"event": "training_step", "timestamp": 1769667826.3304813, "step": 509, "max_steps": 819, "loss": 5.486348628997803, "elapsed_time": 45.986128091812134, "prnt": false}
{"event": "training_step", "timestamp": 1769667826.411721, "step": 510, "max_steps": 819, "loss": 5.574782848358154, "elapsed_time": 46.06734848022461, "prnt": false}
{"event": "training_step", "timestamp": 1769667826.4931746, "step": 511, "max_steps": 819, "loss": 5.532066345214844, "elapsed_time": 46.14903235435486, "prnt": false}
{"event": "training_step", "timestamp": 1769667826.5745368, "step": 512, "max_steps": 819, "loss": 5.4978742599487305, "elapsed_time": 46.23003363609314, "prnt": false}
{"event": "training_step", "timestamp": 1769667826.6559982, "step": 513, "max_steps": 819, "loss": 5.484996795654297, "elapsed_time": 46.31174445152283, "prnt": false}
{"event": "training_step", "timestamp": 1769667826.7375412, "step": 514, "max_steps": 819, "loss": 5.596128463745117, "elapsed_time": 46.3930344581604, "prnt": false}
{"event": "training_step", "timestamp": 1769667826.8192852, "step": 515, "max_steps": 819, "loss": 5.610097408294678, "elapsed_time": 46.47453808784485, "prnt": false}
{"event": "training_step", "timestamp": 1769667826.901194, "step": 516, "max_steps": 819, "loss": 5.543648719787598, "elapsed_time": 46.55635094642639, "prnt": false}
{"event": "training_step", "timestamp": 1769667826.9827604, "step": 517, "max_steps": 819, "loss": 5.527641296386719, "elapsed_time": 46.63808226585388, "prnt": false}
{"event": "training_step", "timestamp": 1769667827.0642185, "step": 518, "max_steps": 819, "loss": 5.551998138427734, "elapsed_time": 46.71990704536438, "prnt": false}
{"event": "training_step", "timestamp": 1769667827.1457143, "step": 519, "max_steps": 819, "loss": 5.53670072555542, "elapsed_time": 46.801220417022705, "prnt": false}
{"event": "training_step", "timestamp": 1769667827.2272363, "step": 520, "max_steps": 819, "loss": 5.562991619110107, "elapsed_time": 46.88253688812256, "prnt": false}
{"event": "training_step", "timestamp": 1769667827.3090882, "step": 521, "max_steps": 819, "loss": 5.589359760284424, "elapsed_time": 46.96447467803955, "prnt": false}
{"event": "training_step", "timestamp": 1769667827.39045, "step": 522, "max_steps": 819, "loss": 5.5759172439575195, "elapsed_time": 47.04599070549011, "prnt": false}
{"event": "training_step", "timestamp": 1769667827.4718926, "step": 523, "max_steps": 819, "loss": 5.491246700286865, "elapsed_time": 47.127814054489136, "prnt": false}
{"event": "training_step", "timestamp": 1769667827.553309, "step": 524, "max_steps": 819, "loss": 5.499926567077637, "elapsed_time": 47.20887517929077, "prnt": false}
{"event": "training_step", "timestamp": 1769667827.6349614, "step": 525, "max_steps": 819, "loss": 5.517002582550049, "elapsed_time": 47.290377140045166, "prnt": false}
{"event": "training_step", "timestamp": 1769667827.7164452, "step": 526, "max_steps": 819, "loss": 5.541671276092529, "elapsed_time": 47.371906042099, "prnt": false}
{"event": "training_step", "timestamp": 1769667827.7981582, "step": 527, "max_steps": 819, "loss": 5.500106334686279, "elapsed_time": 47.45358347892761, "prnt": false}
{"event": "training_step", "timestamp": 1769667827.8801308, "step": 528, "max_steps": 819, "loss": 5.4608001708984375, "elapsed_time": 47.53536295890808, "prnt": false}
{"event": "training_step", "timestamp": 1769667827.9617682, "step": 529, "max_steps": 819, "loss": 5.598759174346924, "elapsed_time": 47.61712646484375, "prnt": false}
{"event": "training_step", "timestamp": 1769667828.0432773, "step": 530, "max_steps": 819, "loss": 5.454370021820068, "elapsed_time": 47.69861197471619, "prnt": false}
{"event": "training_step", "timestamp": 1769667828.1248853, "step": 531, "max_steps": 819, "loss": 5.505259990692139, "elapsed_time": 47.78026866912842, "prnt": false}
{"event": "training_step", "timestamp": 1769667828.2064316, "step": 532, "max_steps": 819, "loss": 5.554010391235352, "elapsed_time": 47.861738443374634, "prnt": false}
{"event": "training_step", "timestamp": 1769667828.288172, "step": 533, "max_steps": 819, "loss": 5.510715484619141, "elapsed_time": 47.94425010681152, "prnt": false}
{"event": "training_step", "timestamp": 1769667828.3696003, "step": 534, "max_steps": 819, "loss": 5.502955913543701, "elapsed_time": 48.025084018707275, "prnt": false}
{"event": "training_step", "timestamp": 1769667828.4510121, "step": 535, "max_steps": 819, "loss": 5.5137200355529785, "elapsed_time": 48.10652303695679, "prnt": false}
{"event": "training_step", "timestamp": 1769667828.532479, "step": 536, "max_steps": 819, "loss": 5.432474613189697, "elapsed_time": 48.18815803527832, "prnt": false}
{"event": "training_step", "timestamp": 1769667828.6141243, "step": 537, "max_steps": 819, "loss": 5.53269100189209, "elapsed_time": 48.26976680755615, "prnt": false}
{"event": "training_step", "timestamp": 1769667828.6957042, "step": 538, "max_steps": 819, "loss": 5.54576301574707, "elapsed_time": 48.35146379470825, "prnt": false}
{"event": "training_step", "timestamp": 1769667828.777293, "step": 539, "max_steps": 819, "loss": 5.39611291885376, "elapsed_time": 48.43276524543762, "prnt": false}
{"event": "training_step", "timestamp": 1769667828.8591263, "step": 540, "max_steps": 819, "loss": 5.5133562088012695, "elapsed_time": 48.514429569244385, "prnt": false}
{"event": "training_step", "timestamp": 1769667828.9409995, "step": 541, "max_steps": 819, "loss": 5.46288537979126, "elapsed_time": 48.59628224372864, "prnt": false}
{"event": "training_step", "timestamp": 1769667829.022623, "step": 542, "max_steps": 819, "loss": 5.524995803833008, "elapsed_time": 48.677902698516846, "prnt": false}
{"event": "training_step", "timestamp": 1769667829.1041381, "step": 543, "max_steps": 819, "loss": 5.468163013458252, "elapsed_time": 48.759613275527954, "prnt": false}
{"event": "training_step", "timestamp": 1769667829.185701, "step": 544, "max_steps": 819, "loss": 5.4604692459106445, "elapsed_time": 48.84099221229553, "prnt": false}
{"event": "training_step", "timestamp": 1769667829.2672613, "step": 545, "max_steps": 819, "loss": 5.452050685882568, "elapsed_time": 48.922658920288086, "prnt": false}
{"event": "training_step", "timestamp": 1769667829.3488526, "step": 546, "max_steps": 819, "loss": 5.5142388343811035, "elapsed_time": 49.00418949127197, "prnt": false}
{"event": "validation_step", "timestamp": 1769667829.684689, "step": 546, "max_steps": 819, "loss": 1.1198603831609064, "elapsed_time": 49.00418949127197}
{"event": "training_step", "timestamp": 1769667829.766559, "step": 547, "max_steps": 819, "loss": 5.509479999542236, "elapsed_time": 49.422072649002075, "prnt": false}
{"event": "training_step", "timestamp": 1769667829.848032, "step": 548, "max_steps": 819, "loss": 5.486654758453369, "elapsed_time": 49.503467082977295, "prnt": false}
{"event": "training_step", "timestamp": 1769667829.929614, "step": 549, "max_steps": 819, "loss": 5.498520851135254, "elapsed_time": 49.584980726242065, "prnt": false}
{"event": "training_step", "timestamp": 1769667830.0110557, "step": 550, "max_steps": 819, "loss": 5.522899627685547, "elapsed_time": 49.6666419506073, "prnt": false}
{"event": "training_step", "timestamp": 1769667830.092412, "step": 551, "max_steps": 819, "loss": 5.526337146759033, "elapsed_time": 49.74803900718689, "prnt": false}
{"event": "training_step", "timestamp": 1769667830.1738188, "step": 552, "max_steps": 819, "loss": 5.501185894012451, "elapsed_time": 49.829275369644165, "prnt": false}
{"event": "training_step", "timestamp": 1769667830.2552922, "step": 553, "max_steps": 819, "loss": 5.494496822357178, "elapsed_time": 49.9107551574707, "prnt": false}
{"event": "training_step", "timestamp": 1769667830.3370638, "step": 554, "max_steps": 819, "loss": 5.409914016723633, "elapsed_time": 49.992371797561646, "prnt": false}
{"event": "training_step", "timestamp": 1769667830.418881, "step": 555, "max_steps": 819, "loss": 5.427694320678711, "elapsed_time": 50.07408380508423, "prnt": false}
{"event": "training_step", "timestamp": 1769667830.5007753, "step": 556, "max_steps": 819, "loss": 5.494530200958252, "elapsed_time": 50.15573835372925, "prnt": false}
{"event": "training_step", "timestamp": 1769667830.5824602, "step": 557, "max_steps": 819, "loss": 5.487238883972168, "elapsed_time": 50.23788356781006, "prnt": false}
{"event": "training_step", "timestamp": 1769667830.6640575, "step": 558, "max_steps": 819, "loss": 5.461093425750732, "elapsed_time": 50.319849491119385, "prnt": false}
{"event": "training_step", "timestamp": 1769667830.7457097, "step": 559, "max_steps": 819, "loss": 5.502377033233643, "elapsed_time": 50.401161670684814, "prnt": false}
{"event": "training_step", "timestamp": 1769667830.8272083, "step": 560, "max_steps": 819, "loss": 5.487246990203857, "elapsed_time": 50.48255181312561, "prnt": false}
{"event": "training_step", "timestamp": 1769667830.9087453, "step": 561, "max_steps": 819, "loss": 5.532978534698486, "elapsed_time": 50.56416153907776, "prnt": false}
{"event": "training_step", "timestamp": 1769667830.9901855, "step": 562, "max_steps": 819, "loss": 5.443230628967285, "elapsed_time": 50.64579105377197, "prnt": false}
{"event": "training_step", "timestamp": 1769667831.071457, "step": 563, "max_steps": 819, "loss": 5.386360168457031, "elapsed_time": 50.727084159851074, "prnt": false}
{"event": "training_step", "timestamp": 1769667831.1528132, "step": 564, "max_steps": 819, "loss": 5.500688552856445, "elapsed_time": 50.8083016872406, "prnt": false}
{"event": "training_step", "timestamp": 1769667831.234379, "step": 565, "max_steps": 819, "loss": 5.489781379699707, "elapsed_time": 50.88983488082886, "prnt": false}
{"event": "training_step", "timestamp": 1769667831.3161128, "step": 566, "max_steps": 819, "loss": 5.5269551277160645, "elapsed_time": 50.9712119102478, "prnt": false}
{"event": "training_step", "timestamp": 1769667831.3979218, "step": 567, "max_steps": 819, "loss": 5.523223876953125, "elapsed_time": 51.05302286148071, "prnt": false}
{"event": "training_step", "timestamp": 1769667831.4798317, "step": 568, "max_steps": 819, "loss": 5.490688323974609, "elapsed_time": 51.13485383987427, "prnt": false}
{"event": "training_step", "timestamp": 1769667831.5616987, "step": 569, "max_steps": 819, "loss": 5.436372756958008, "elapsed_time": 51.21684551239014, "prnt": false}
{"event": "training_step", "timestamp": 1769667831.6432464, "step": 570, "max_steps": 819, "loss": 5.439734935760498, "elapsed_time": 51.29869890213013, "prnt": false}
{"event": "training_step", "timestamp": 1769667831.7249136, "step": 571, "max_steps": 819, "loss": 5.507270812988281, "elapsed_time": 51.38014554977417, "prnt": false}
{"event": "training_step", "timestamp": 1769667831.8065517, "step": 572, "max_steps": 819, "loss": 5.480021953582764, "elapsed_time": 51.46203660964966, "prnt": false}
{"event": "training_step", "timestamp": 1769667831.8881018, "step": 573, "max_steps": 819, "loss": 5.463865280151367, "elapsed_time": 51.54340386390686, "prnt": false}
{"event": "training_step", "timestamp": 1769667831.9696908, "step": 574, "max_steps": 819, "loss": 5.42002534866333, "elapsed_time": 51.624886989593506, "prnt": false}
{"event": "training_step", "timestamp": 1769667832.0512128, "step": 575, "max_steps": 819, "loss": 5.471756458282471, "elapsed_time": 51.70679473876953, "prnt": false}
{"event": "training_step", "timestamp": 1769667832.1325383, "step": 576, "max_steps": 819, "loss": 5.4343767166137695, "elapsed_time": 51.788026332855225, "prnt": false}
{"event": "training_step", "timestamp": 1769667832.21413, "step": 577, "max_steps": 819, "loss": 5.453985691070557, "elapsed_time": 51.86973524093628, "prnt": false}
{"event": "training_step", "timestamp": 1769667832.2960033, "step": 578, "max_steps": 819, "loss": 5.465178489685059, "elapsed_time": 51.951679706573486, "prnt": false}
{"event": "training_step", "timestamp": 1769667832.3782115, "step": 579, "max_steps": 819, "loss": 5.477959632873535, "elapsed_time": 52.034085273742676, "prnt": false}
{"event": "training_step", "timestamp": 1769667832.4601808, "step": 580, "max_steps": 819, "loss": 5.49432897567749, "elapsed_time": 52.116079807281494, "prnt": false}
{"event": "training_step", "timestamp": 1769667832.5421321, "step": 581, "max_steps": 819, "loss": 5.449110507965088, "elapsed_time": 52.198054790496826, "prnt": false}
{"event": "training_step", "timestamp": 1769667832.6239505, "step": 582, "max_steps": 819, "loss": 5.470285892486572, "elapsed_time": 52.27984118461609, "prnt": false}
{"event": "training_step", "timestamp": 1769667832.705921, "step": 583, "max_steps": 819, "loss": 5.529740810394287, "elapsed_time": 52.36186718940735, "prnt": false}
{"event": "training_step", "timestamp": 1769667832.7875009, "step": 584, "max_steps": 819, "loss": 5.4575371742248535, "elapsed_time": 52.443313121795654, "prnt": false}
{"event": "training_step", "timestamp": 1769667832.869349, "step": 585, "max_steps": 819, "loss": 5.358966827392578, "elapsed_time": 52.52546834945679, "prnt": false}
{"event": "validation_step", "timestamp": 1769667833.2059639, "step": 585, "max_steps": 819, "loss": 1.1183804103326795, "elapsed_time": 52.52546834945679}
{"event": "training_step", "timestamp": 1769667833.288132, "step": 586, "max_steps": 819, "loss": 5.459610939025879, "elapsed_time": 52.94390153884888, "prnt": false}
{"event": "training_step", "timestamp": 1769667833.369743, "step": 587, "max_steps": 819, "loss": 5.45746374130249, "elapsed_time": 53.0255823135376, "prnt": false}
{"event": "training_step", "timestamp": 1769667833.4512362, "step": 588, "max_steps": 819, "loss": 5.4126105308532715, "elapsed_time": 53.10720181465149, "prnt": false}
{"event": "training_step", "timestamp": 1769667833.5328684, "step": 589, "max_steps": 819, "loss": 5.481356620788574, "elapsed_time": 53.18903088569641, "prnt": false}
{"event": "training_step", "timestamp": 1769667833.6146004, "step": 590, "max_steps": 819, "loss": 5.441851615905762, "elapsed_time": 53.270487546920776, "prnt": false}
{"event": "training_step", "timestamp": 1769667833.6966503, "step": 591, "max_steps": 819, "loss": 5.37355899810791, "elapsed_time": 53.352601766586304, "prnt": false}
{"event": "training_step", "timestamp": 1769667833.7787485, "step": 592, "max_steps": 819, "loss": 5.426267623901367, "elapsed_time": 53.434717416763306, "prnt": false}
{"event": "training_step", "timestamp": 1769667833.8607519, "step": 593, "max_steps": 819, "loss": 5.432283878326416, "elapsed_time": 53.51631045341492, "prnt": false}
{"event": "training_step", "timestamp": 1769667833.94255, "step": 594, "max_steps": 819, "loss": 5.445143222808838, "elapsed_time": 53.59849262237549, "prnt": false}
{"event": "training_step", "timestamp": 1769667834.0244606, "step": 595, "max_steps": 819, "loss": 5.456620693206787, "elapsed_time": 53.68042302131653, "prnt": false}
{"event": "training_step", "timestamp": 1769667834.1061697, "step": 596, "max_steps": 819, "loss": 5.395740509033203, "elapsed_time": 53.7619194984436, "prnt": false}
{"event": "training_step", "timestamp": 1769667834.1878774, "step": 597, "max_steps": 819, "loss": 5.425597190856934, "elapsed_time": 53.843740940093994, "prnt": false}
{"event": "training_step", "timestamp": 1769667834.2695794, "step": 598, "max_steps": 819, "loss": 5.395115375518799, "elapsed_time": 53.92555809020996, "prnt": false}
{"event": "training_step", "timestamp": 1769667834.3513336, "step": 599, "max_steps": 819, "loss": 5.414875030517578, "elapsed_time": 54.00730276107788, "prnt": false}
{"event": "training_step", "timestamp": 1769667834.4331408, "step": 600, "max_steps": 819, "loss": 5.420446872711182, "elapsed_time": 54.089261054992676, "prnt": false}
{"event": "training_step", "timestamp": 1769667834.5149956, "step": 601, "max_steps": 819, "loss": 5.395585536956787, "elapsed_time": 54.170623540878296, "prnt": false}
{"event": "training_step", "timestamp": 1769667834.597107, "step": 602, "max_steps": 819, "loss": 5.404585361480713, "elapsed_time": 54.252644777297974, "prnt": false}
{"event": "training_step", "timestamp": 1769667834.679295, "step": 603, "max_steps": 819, "loss": 5.439798355102539, "elapsed_time": 54.334956645965576, "prnt": false}
{"event": "training_step", "timestamp": 1769667834.7614057, "step": 604, "max_steps": 819, "loss": 5.365083694458008, "elapsed_time": 54.41741156578064, "prnt": false}
{"event": "training_step", "timestamp": 1769667834.8432953, "step": 605, "max_steps": 819, "loss": 5.37594747543335, "elapsed_time": 54.499239444732666, "prnt": false}
{"event": "training_step", "timestamp": 1769667834.9251552, "step": 606, "max_steps": 819, "loss": 5.414860725402832, "elapsed_time": 54.580679416656494, "prnt": false}
{"event": "training_step", "timestamp": 1769667835.0067596, "step": 607, "max_steps": 819, "loss": 5.374945163726807, "elapsed_time": 54.66250801086426, "prnt": false}
{"event": "training_step", "timestamp": 1769667835.0885708, "step": 608, "max_steps": 819, "loss": 5.397449970245361, "elapsed_time": 54.74460530281067, "prnt": false}
{"event": "training_step", "timestamp": 1769667835.170161, "step": 609, "max_steps": 819, "loss": 5.410714626312256, "elapsed_time": 54.826273679733276, "prnt": false}
{"event": "training_step", "timestamp": 1769667835.2518811, "step": 610, "max_steps": 819, "loss": 5.458701133728027, "elapsed_time": 54.90797686576843, "prnt": false}
{"event": "training_step", "timestamp": 1769667835.3344202, "step": 611, "max_steps": 819, "loss": 5.412550926208496, "elapsed_time": 54.992876052856445, "prnt": false}
{"event": "training_step", "timestamp": 1769667835.4172354, "step": 612, "max_steps": 819, "loss": 5.475849151611328, "elapsed_time": 55.07573390007019, "prnt": false}
{"event": "training_step", "timestamp": 1769667835.499418, "step": 613, "max_steps": 819, "loss": 5.496878147125244, "elapsed_time": 55.15546941757202, "prnt": false}
{"event": "training_step", "timestamp": 1769667835.5815103, "step": 614, "max_steps": 819, "loss": 5.351866245269775, "elapsed_time": 55.23758244514465, "prnt": false}
{"event": "training_step", "timestamp": 1769667835.6632676, "step": 615, "max_steps": 819, "loss": 5.388815879821777, "elapsed_time": 55.31935405731201, "prnt": false}
{"event": "training_step", "timestamp": 1769667835.7451909, "step": 616, "max_steps": 819, "loss": 5.41301965713501, "elapsed_time": 55.4011766910553, "prnt": false}
{"event": "training_step", "timestamp": 1769667835.8268936, "step": 617, "max_steps": 819, "loss": 5.4128923416137695, "elapsed_time": 55.4828462600708, "prnt": false}
{"event": "training_step", "timestamp": 1769667835.9085803, "step": 618, "max_steps": 819, "loss": 5.368664264678955, "elapsed_time": 55.56480526924133, "prnt": false}
{"event": "training_step", "timestamp": 1769667835.9902074, "step": 619, "max_steps": 819, "loss": 5.436668872833252, "elapsed_time": 55.645753622055054, "prnt": false}
{"event": "training_step", "timestamp": 1769667836.071936, "step": 620, "max_steps": 819, "loss": 5.486443519592285, "elapsed_time": 55.72722029685974, "prnt": false}
{"event": "training_step", "timestamp": 1769667836.1534321, "step": 621, "max_steps": 819, "loss": 5.399507999420166, "elapsed_time": 55.80884003639221, "prnt": false}
{"event": "training_step", "timestamp": 1769667836.235169, "step": 622, "max_steps": 819, "loss": 5.442307472229004, "elapsed_time": 55.890435457229614, "prnt": false}
{"event": "training_step", "timestamp": 1769667836.3174498, "step": 623, "max_steps": 819, "loss": 5.370553493499756, "elapsed_time": 55.973071813583374, "prnt": false}
{"event": "training_step", "timestamp": 1769667836.399535, "step": 624, "max_steps": 819, "loss": 5.430333137512207, "elapsed_time": 56.05546975135803, "prnt": false}
{"event": "validation_step", "timestamp": 1769667836.7360218, "step": 624, "max_steps": 819, "loss": 1.1165259072217764, "elapsed_time": 56.05546975135803}
{"event": "training_step", "timestamp": 1769667836.8182986, "step": 625, "max_steps": 819, "loss": 5.393074989318848, "elapsed_time": 56.473862171173096, "prnt": false}
{"event": "training_step", "timestamp": 1769667836.9004836, "step": 626, "max_steps": 819, "loss": 5.432992458343506, "elapsed_time": 56.556373834609985, "prnt": false}
{"event": "training_step", "timestamp": 1769667836.9823742, "step": 627, "max_steps": 819, "loss": 5.386180877685547, "elapsed_time": 56.63819098472595, "prnt": false}
{"event": "training_step", "timestamp": 1769667837.0643554, "step": 628, "max_steps": 819, "loss": 5.4180803298950195, "elapsed_time": 56.720112562179565, "prnt": false}
{"event": "training_step", "timestamp": 1769667837.1461773, "step": 629, "max_steps": 819, "loss": 5.456737041473389, "elapsed_time": 56.80223345756531, "prnt": false}
{"event": "training_step", "timestamp": 1769667837.2280538, "step": 630, "max_steps": 819, "loss": 5.350364685058594, "elapsed_time": 56.88447427749634, "prnt": false}
{"event": "training_step", "timestamp": 1769667837.3099163, "step": 631, "max_steps": 819, "loss": 5.417125701904297, "elapsed_time": 56.96614909172058, "prnt": false}
{"event": "training_step", "timestamp": 1769667837.3919911, "step": 632, "max_steps": 819, "loss": 5.289975166320801, "elapsed_time": 57.04817581176758, "prnt": false}
{"event": "training_step", "timestamp": 1769667837.4738774, "step": 633, "max_steps": 819, "loss": 5.408759593963623, "elapsed_time": 57.129701137542725, "prnt": false}
{"event": "training_step", "timestamp": 1769667837.555878, "step": 634, "max_steps": 819, "loss": 5.415139198303223, "elapsed_time": 57.211039304733276, "prnt": false}
{"event": "training_step", "timestamp": 1769667837.6379635, "step": 635, "max_steps": 819, "loss": 5.386162281036377, "elapsed_time": 57.29311418533325, "prnt": false}
{"event": "training_step", "timestamp": 1769667837.7197301, "step": 636, "max_steps": 819, "loss": 5.371946811676025, "elapsed_time": 57.374921560287476, "prnt": false}
{"event": "training_step", "timestamp": 1769667837.8014703, "step": 637, "max_steps": 819, "loss": 5.321719646453857, "elapsed_time": 57.45673727989197, "prnt": false}
{"event": "training_step", "timestamp": 1769667837.8832, "step": 638, "max_steps": 819, "loss": 5.337908744812012, "elapsed_time": 57.53844475746155, "prnt": false}
{"event": "training_step", "timestamp": 1769667837.9648504, "step": 639, "max_steps": 819, "loss": 5.348350524902344, "elapsed_time": 57.62003827095032, "prnt": false}
{"event": "training_step", "timestamp": 1769667838.046656, "step": 640, "max_steps": 819, "loss": 5.4212446212768555, "elapsed_time": 57.701833963394165, "prnt": false}
{"event": "training_step", "timestamp": 1769667838.128243, "step": 641, "max_steps": 819, "loss": 5.427962303161621, "elapsed_time": 57.78351974487305, "prnt": false}
{"event": "training_step", "timestamp": 1769667838.2097015, "step": 642, "max_steps": 819, "loss": 5.3306403160095215, "elapsed_time": 57.86519408226013, "prnt": false}
{"event": "training_step", "timestamp": 1769667838.2913067, "step": 643, "max_steps": 819, "loss": 5.394039154052734, "elapsed_time": 57.94656276702881, "prnt": false}
{"event": "training_step", "timestamp": 1769667838.3731127, "step": 644, "max_steps": 819, "loss": 5.436126232147217, "elapsed_time": 58.02857303619385, "prnt": false}
{"event": "training_step", "timestamp": 1769667838.4548576, "step": 645, "max_steps": 819, "loss": 5.390777587890625, "elapsed_time": 58.110053062438965, "prnt": false}
{"event": "training_step", "timestamp": 1769667838.5367503, "step": 646, "max_steps": 819, "loss": 5.363674163818359, "elapsed_time": 58.19192624092102, "prnt": false}
{"event": "training_step", "timestamp": 1769667838.6188593, "step": 647, "max_steps": 819, "loss": 5.375828266143799, "elapsed_time": 58.27436542510986, "prnt": false}
{"event": "training_step", "timestamp": 1769667838.7008126, "step": 648, "max_steps": 819, "loss": 5.4005656242370605, "elapsed_time": 58.35617661476135, "prnt": false}
{"event": "training_step", "timestamp": 1769667838.7824223, "step": 649, "max_steps": 819, "loss": 5.482380390167236, "elapsed_time": 58.43783140182495, "prnt": false}
{"event": "training_step", "timestamp": 1769667838.8642013, "step": 650, "max_steps": 819, "loss": 5.3891119956970215, "elapsed_time": 58.51964592933655, "prnt": false}
{"event": "training_step", "timestamp": 1769667838.9457672, "step": 651, "max_steps": 819, "loss": 5.309504985809326, "elapsed_time": 58.60122466087341, "prnt": false}
{"event": "training_step", "timestamp": 1769667839.027503, "step": 652, "max_steps": 819, "loss": 5.363778114318848, "elapsed_time": 58.68296813964844, "prnt": false}
{"event": "training_step", "timestamp": 1769667839.1090615, "step": 653, "max_steps": 819, "loss": 5.392988204956055, "elapsed_time": 58.76458191871643, "prnt": false}
{"event": "training_step", "timestamp": 1769667839.1905723, "step": 654, "max_steps": 819, "loss": 5.37293815612793, "elapsed_time": 58.84615921974182, "prnt": false}
{"event": "training_step", "timestamp": 1769667839.2721791, "step": 655, "max_steps": 819, "loss": 5.383823394775391, "elapsed_time": 58.927590131759644, "prnt": false}
{"event": "training_step", "timestamp": 1769667839.3538797, "step": 656, "max_steps": 819, "loss": 5.400753021240234, "elapsed_time": 59.009315490722656, "prnt": false}
{"event": "training_step", "timestamp": 1769667839.4357514, "step": 657, "max_steps": 819, "loss": 5.337787628173828, "elapsed_time": 59.09081792831421, "prnt": false}
{"event": "training_step", "timestamp": 1769667839.517702, "step": 658, "max_steps": 819, "loss": 5.321412086486816, "elapsed_time": 59.17283773422241, "prnt": false}
{"event": "training_step", "timestamp": 1769667839.5995626, "step": 659, "max_steps": 819, "loss": 5.35179328918457, "elapsed_time": 59.25474953651428, "prnt": false}
{"event": "training_step", "timestamp": 1769667839.6814325, "step": 660, "max_steps": 819, "loss": 5.385753154754639, "elapsed_time": 59.33692026138306, "prnt": false}
{"event": "training_step", "timestamp": 1769667839.7630618, "step": 661, "max_steps": 819, "loss": 5.45358943939209, "elapsed_time": 59.418418169021606, "prnt": false}
{"event": "training_step", "timestamp": 1769667839.8447459, "step": 662, "max_steps": 819, "loss": 5.45247745513916, "elapsed_time": 59.50020480155945, "prnt": false}
{"event": "training_step", "timestamp": 1769667839.9262946, "step": 663, "max_steps": 819, "loss": 5.348336219787598, "elapsed_time": 59.58171486854553, "prnt": false}
{"event": "validation_step", "timestamp": 1769667840.2629256, "step": 663, "max_steps": 819, "loss": 1.1164165413618417, "elapsed_time": 59.58171486854553}
{"event": "training_step", "timestamp": 1769667840.3449214, "step": 664, "max_steps": 819, "loss": 5.437938690185547, "elapsed_time": 60.00017189979553, "prnt": false}
{"event": "training_step", "timestamp": 1769667840.4267917, "step": 665, "max_steps": 819, "loss": 5.395927906036377, "elapsed_time": 60.08253788948059, "prnt": false}
{"event": "training_step", "timestamp": 1769667840.5082805, "step": 666, "max_steps": 819, "loss": 5.343419551849365, "elapsed_time": 60.163992404937744, "prnt": false}
{"event": "training_step", "timestamp": 1769667840.5897605, "step": 667, "max_steps": 819, "loss": 5.320243835449219, "elapsed_time": 60.2454936504364, "prnt": false}
{"event": "training_step", "timestamp": 1769667840.6714337, "step": 668, "max_steps": 819, "loss": 5.382986545562744, "elapsed_time": 60.32707953453064, "prnt": false}
{"event": "training_step", "timestamp": 1769667840.7532232, "step": 669, "max_steps": 819, "loss": 5.321685314178467, "elapsed_time": 60.4084415435791, "prnt": false}
{"event": "training_step", "timestamp": 1769667840.8350608, "step": 670, "max_steps": 819, "loss": 5.337813377380371, "elapsed_time": 60.4903929233551, "prnt": false}
{"event": "training_step", "timestamp": 1769667840.9169931, "step": 671, "max_steps": 819, "loss": 5.425252914428711, "elapsed_time": 60.57204270362854, "prnt": false}
{"event": "training_step", "timestamp": 1769667840.9988766, "step": 672, "max_steps": 819, "loss": 5.371892929077148, "elapsed_time": 60.65414023399353, "prnt": false}
{"event": "training_step", "timestamp": 1769667841.0808845, "step": 673, "max_steps": 819, "loss": 5.3989458084106445, "elapsed_time": 60.737141132354736, "prnt": false}
{"event": "training_step", "timestamp": 1769667841.1627696, "step": 674, "max_steps": 819, "loss": 5.403077602386475, "elapsed_time": 60.81819748878479, "prnt": false}
{"event": "training_step", "timestamp": 1769667841.2444272, "step": 675, "max_steps": 819, "loss": 5.311177730560303, "elapsed_time": 60.899869203567505, "prnt": false}
{"event": "training_step", "timestamp": 1769667841.32609, "step": 676, "max_steps": 819, "loss": 5.361446857452393, "elapsed_time": 60.981547594070435, "prnt": false}
{"event": "training_step", "timestamp": 1769667841.4077327, "step": 677, "max_steps": 819, "loss": 5.363292694091797, "elapsed_time": 61.06312084197998, "prnt": false}
{"event": "training_step", "timestamp": 1769667841.4894307, "step": 678, "max_steps": 819, "loss": 5.376889705657959, "elapsed_time": 61.144821882247925, "prnt": false}
{"event": "training_step", "timestamp": 1769667841.5709713, "step": 679, "max_steps": 819, "loss": 5.409010410308838, "elapsed_time": 61.22658061981201, "prnt": false}
{"event": "training_step", "timestamp": 1769667841.6528492, "step": 680, "max_steps": 819, "loss": 5.432787895202637, "elapsed_time": 61.308083295822144, "prnt": false}
{"event": "training_step", "timestamp": 1769667841.7348285, "step": 681, "max_steps": 819, "loss": 5.352983474731445, "elapsed_time": 61.38991355895996, "prnt": false}
{"event": "training_step", "timestamp": 1769667841.8167267, "step": 682, "max_steps": 819, "loss": 5.410317897796631, "elapsed_time": 61.47195816040039, "prnt": false}
{"event": "training_step", "timestamp": 1769667841.898476, "step": 683, "max_steps": 819, "loss": 5.355845928192139, "elapsed_time": 61.553828954696655, "prnt": false}
{"event": "training_step", "timestamp": 1769667841.9802332, "step": 684, "max_steps": 819, "loss": 5.337528705596924, "elapsed_time": 61.635576486587524, "prnt": false}
{"event": "training_step", "timestamp": 1769667842.0618842, "step": 685, "max_steps": 819, "loss": 5.3741559982299805, "elapsed_time": 61.71728801727295, "prnt": false}
{"event": "training_step", "timestamp": 1769667842.1436706, "step": 686, "max_steps": 819, "loss": 5.375998020172119, "elapsed_time": 61.79901313781738, "prnt": false}
{"event": "training_step", "timestamp": 1769667842.2253122, "step": 687, "max_steps": 819, "loss": 5.3140716552734375, "elapsed_time": 61.88068747520447, "prnt": false}
{"event": "training_step", "timestamp": 1769667842.3069317, "step": 688, "max_steps": 819, "loss": 5.455316543579102, "elapsed_time": 61.96235775947571, "prnt": false}
{"event": "training_step", "timestamp": 1769667842.3887694, "step": 689, "max_steps": 819, "loss": 5.413498878479004, "elapsed_time": 62.04470610618591, "prnt": false}
{"event": "training_step", "timestamp": 1769667842.4705873, "step": 690, "max_steps": 819, "loss": 5.3599772453308105, "elapsed_time": 62.12605881690979, "prnt": false}
{"event": "training_step", "timestamp": 1769667842.5522752, "step": 691, "max_steps": 819, "loss": 5.3592119216918945, "elapsed_time": 62.20760536193848, "prnt": false}
{"event": "training_step", "timestamp": 1769667842.6342006, "step": 692, "max_steps": 819, "loss": 5.345690727233887, "elapsed_time": 62.289581537246704, "prnt": false}
{"event": "training_step", "timestamp": 1769667842.7163177, "step": 693, "max_steps": 819, "loss": 5.354528427124023, "elapsed_time": 62.37126636505127, "prnt": false}
{"event": "training_step", "timestamp": 1769667842.7982018, "step": 694, "max_steps": 819, "loss": 5.413527488708496, "elapsed_time": 62.45346212387085, "prnt": false}
{"event": "training_step", "timestamp": 1769667842.8798835, "step": 695, "max_steps": 819, "loss": 5.447347164154053, "elapsed_time": 62.53524112701416, "prnt": false}
{"event": "training_step", "timestamp": 1769667842.9617314, "step": 696, "max_steps": 819, "loss": 5.377072811126709, "elapsed_time": 62.616894483566284, "prnt": false}
{"event": "training_step", "timestamp": 1769667843.043485, "step": 697, "max_steps": 819, "loss": 5.396195411682129, "elapsed_time": 62.698938608169556, "prnt": false}
{"event": "training_step", "timestamp": 1769667843.1253314, "step": 698, "max_steps": 819, "loss": 5.2966532707214355, "elapsed_time": 62.780604124069214, "prnt": false}
{"event": "training_step", "timestamp": 1769667843.206895, "step": 699, "max_steps": 819, "loss": 5.3091912269592285, "elapsed_time": 62.862470626831055, "prnt": false}
{"event": "training_step", "timestamp": 1769667843.2884967, "step": 700, "max_steps": 819, "loss": 5.309554576873779, "elapsed_time": 62.94434690475464, "prnt": false}
{"event": "training_step", "timestamp": 1769667843.3699653, "step": 701, "max_steps": 819, "loss": 5.344363689422607, "elapsed_time": 63.0257465839386, "prnt": false}
{"event": "training_step", "timestamp": 1769667843.4517674, "step": 702, "max_steps": 819, "loss": 5.310428619384766, "elapsed_time": 63.107158184051514, "prnt": false}
{"event": "validation_step", "timestamp": 1769667843.7882729, "step": 702, "max_steps": 819, "loss": 1.115016024116179, "elapsed_time": 63.107158184051514}
{"event": "training_step", "timestamp": 1769667843.8705072, "step": 703, "max_steps": 819, "loss": 5.383483409881592, "elapsed_time": 63.52618098258972, "prnt": false}
{"event": "training_step", "timestamp": 1769667843.952367, "step": 704, "max_steps": 819, "loss": 5.356235027313232, "elapsed_time": 63.607770681381226, "prnt": false}
{"event": "training_step", "timestamp": 1769667844.034375, "step": 705, "max_steps": 819, "loss": 5.354650020599365, "elapsed_time": 63.68956208229065, "prnt": false}
{"event": "training_step", "timestamp": 1769667844.1163664, "step": 706, "max_steps": 819, "loss": 5.3025383949279785, "elapsed_time": 63.771454095840454, "prnt": false}
{"event": "training_step", "timestamp": 1769667844.1978772, "step": 707, "max_steps": 819, "loss": 5.299594402313232, "elapsed_time": 63.85333824157715, "prnt": false}
{"event": "training_step", "timestamp": 1769667844.279579, "step": 708, "max_steps": 819, "loss": 5.368618011474609, "elapsed_time": 63.934916257858276, "prnt": false}
{"event": "training_step", "timestamp": 1769667844.3613892, "step": 709, "max_steps": 819, "loss": 5.309680938720703, "elapsed_time": 64.01670432090759, "prnt": false}
{"event": "training_step", "timestamp": 1769667844.4432087, "step": 710, "max_steps": 819, "loss": 5.330084323883057, "elapsed_time": 64.09889149665833, "prnt": false}
{"event": "training_step", "timestamp": 1769667844.5251522, "step": 711, "max_steps": 819, "loss": 5.324928283691406, "elapsed_time": 64.18038296699524, "prnt": false}
{"event": "training_step", "timestamp": 1769667844.60675, "step": 712, "max_steps": 819, "loss": 5.336618900299072, "elapsed_time": 64.26226878166199, "prnt": false}
{"event": "training_step", "timestamp": 1769667844.688313, "step": 713, "max_steps": 819, "loss": 5.307926177978516, "elapsed_time": 64.34401249885559, "prnt": false}
{"event": "training_step", "timestamp": 1769667844.769916, "step": 714, "max_steps": 819, "loss": 5.364559650421143, "elapsed_time": 64.42538475990295, "prnt": false}
{"event": "training_step", "timestamp": 1769667844.851705, "step": 715, "max_steps": 819, "loss": 5.351919174194336, "elapsed_time": 64.50719809532166, "prnt": false}
{"event": "training_step", "timestamp": 1769667844.9336033, "step": 716, "max_steps": 819, "loss": 5.3114848136901855, "elapsed_time": 64.58885169029236, "prnt": false}
{"event": "training_step", "timestamp": 1769667845.0162601, "step": 717, "max_steps": 819, "loss": 5.364835262298584, "elapsed_time": 64.67078042030334, "prnt": false}
{"event": "training_step", "timestamp": 1769667845.0981278, "step": 718, "max_steps": 819, "loss": 5.329339981079102, "elapsed_time": 64.7535753250122, "prnt": false}
{"event": "training_step", "timestamp": 1769667845.1794543, "step": 719, "max_steps": 819, "loss": 5.342439651489258, "elapsed_time": 64.83529376983643, "prnt": false}
{"event": "training_step", "timestamp": 1769667845.2611694, "step": 720, "max_steps": 819, "loss": 5.348474979400635, "elapsed_time": 64.9164879322052, "prnt": false}
{"event": "training_step", "timestamp": 1769667845.3429809, "step": 721, "max_steps": 819, "loss": 5.2441725730896, "elapsed_time": 64.998375415802, "prnt": false}
{"event": "training_step", "timestamp": 1769667845.4247494, "step": 722, "max_steps": 819, "loss": 5.311160564422607, "elapsed_time": 65.08011221885681, "prnt": false}
{"event": "training_step", "timestamp": 1769667845.5066593, "step": 723, "max_steps": 819, "loss": 5.383488178253174, "elapsed_time": 65.16201496124268, "prnt": false}
{"event": "training_step", "timestamp": 1769667845.5881872, "step": 724, "max_steps": 819, "loss": 5.388859748840332, "elapsed_time": 65.24385070800781, "prnt": false}
{"event": "training_step", "timestamp": 1769667845.6698775, "step": 725, "max_steps": 819, "loss": 5.422176837921143, "elapsed_time": 65.32544994354248, "prnt": false}
{"event": "training_step", "timestamp": 1769667845.7515974, "step": 726, "max_steps": 819, "loss": 5.427062511444092, "elapsed_time": 65.40697479248047, "prnt": false}
{"event": "training_step", "timestamp": 1769667845.8336573, "step": 727, "max_steps": 819, "loss": 5.341030120849609, "elapsed_time": 65.48874616622925, "prnt": false}
{"event": "training_step", "timestamp": 1769667845.915445, "step": 728, "max_steps": 819, "loss": 5.394580364227295, "elapsed_time": 65.57075524330139, "prnt": false}
{"event": "training_step", "timestamp": 1769667845.997512, "step": 729, "max_steps": 819, "loss": 5.443991661071777, "elapsed_time": 65.6526448726654, "prnt": false}
{"event": "training_step", "timestamp": 1769667846.0791528, "step": 730, "max_steps": 819, "loss": 5.339812755584717, "elapsed_time": 65.73451972007751, "prnt": false}
{"event": "training_step", "timestamp": 1769667846.1610448, "step": 731, "max_steps": 819, "loss": 5.403225898742676, "elapsed_time": 65.81634950637817, "prnt": false}
{"event": "training_step", "timestamp": 1769667846.242667, "step": 732, "max_steps": 819, "loss": 5.353468418121338, "elapsed_time": 65.89803266525269, "prnt": false}
{"event": "training_step", "timestamp": 1769667846.3244455, "step": 733, "max_steps": 819, "loss": 5.340325832366943, "elapsed_time": 65.98020505905151, "prnt": false}
{"event": "training_step", "timestamp": 1769667846.4060884, "step": 734, "max_steps": 819, "loss": 5.292325973510742, "elapsed_time": 66.06154084205627, "prnt": false}
{"event": "training_step", "timestamp": 1769667846.487888, "step": 735, "max_steps": 819, "loss": 5.373215198516846, "elapsed_time": 66.14375805854797, "prnt": false}
{"event": "training_step", "timestamp": 1769667846.5694466, "step": 736, "max_steps": 819, "loss": 5.370121955871582, "elapsed_time": 66.2250771522522, "prnt": false}
{"event": "training_step", "timestamp": 1769667846.651377, "step": 737, "max_steps": 819, "loss": 5.264408111572266, "elapsed_time": 66.30675053596497, "prnt": false}
{"event": "training_step", "timestamp": 1769667846.7333806, "step": 738, "max_steps": 819, "loss": 5.428314208984375, "elapsed_time": 66.3887197971344, "prnt": false}
{"event": "training_step", "timestamp": 1769667846.815388, "step": 739, "max_steps": 819, "loss": 5.347821235656738, "elapsed_time": 66.47044444084167, "prnt": false}
{"event": "training_step", "timestamp": 1769667846.8971708, "step": 740, "max_steps": 819, "loss": 5.337996006011963, "elapsed_time": 66.55238056182861, "prnt": false}
{"event": "training_step", "timestamp": 1769667846.9790282, "step": 741, "max_steps": 819, "loss": 5.292861461639404, "elapsed_time": 66.6342339515686, "prnt": false}
{"event": "validation_step", "timestamp": 1769667847.3156598, "step": 741, "max_steps": 819, "loss": 1.1144623617389373, "elapsed_time": 66.6342339515686}
{"event": "training_step", "timestamp": 1769667847.3976548, "step": 742, "max_steps": 819, "loss": 5.369016647338867, "elapsed_time": 67.05301547050476, "prnt": false}
{"event": "training_step", "timestamp": 1769667847.479573, "step": 743, "max_steps": 819, "loss": 5.417295932769775, "elapsed_time": 67.13493013381958, "prnt": false}
{"event": "training_step", "timestamp": 1769667847.5614564, "step": 744, "max_steps": 819, "loss": 5.410455703735352, "elapsed_time": 67.21661591529846, "prnt": false}
{"event": "training_step", "timestamp": 1769667847.643303, "step": 745, "max_steps": 819, "loss": 5.389736175537109, "elapsed_time": 67.29889583587646, "prnt": false}
{"event": "training_step", "timestamp": 1769667847.7248976, "step": 746, "max_steps": 819, "loss": 5.3485589027404785, "elapsed_time": 67.38030886650085, "prnt": false}
{"event": "training_step", "timestamp": 1769667847.8067524, "step": 747, "max_steps": 819, "loss": 5.318935394287109, "elapsed_time": 67.46228265762329, "prnt": false}
{"event": "training_step", "timestamp": 1769667847.8885326, "step": 748, "max_steps": 819, "loss": 5.319615364074707, "elapsed_time": 67.54397463798523, "prnt": false}
{"event": "training_step", "timestamp": 1769667847.9703412, "step": 749, "max_steps": 819, "loss": 5.346473217010498, "elapsed_time": 67.62568259239197, "prnt": false}
{"event": "training_step", "timestamp": 1769667848.0521457, "step": 750, "max_steps": 819, "loss": 5.3364763259887695, "elapsed_time": 67.70740580558777, "prnt": false}
{"event": "training_step", "timestamp": 1769667848.134226, "step": 751, "max_steps": 819, "loss": 5.30604887008667, "elapsed_time": 67.78936648368835, "prnt": false}
{"event": "training_step", "timestamp": 1769667848.2161725, "step": 752, "max_steps": 819, "loss": 5.322118759155273, "elapsed_time": 67.87139821052551, "prnt": false}
{"event": "training_step", "timestamp": 1769667848.2982197, "step": 753, "max_steps": 819, "loss": 5.316345691680908, "elapsed_time": 67.95336747169495, "prnt": false}
{"event": "training_step", "timestamp": 1769667848.379972, "step": 754, "max_steps": 819, "loss": 5.403807163238525, "elapsed_time": 68.03527021408081, "prnt": false}
{"event": "training_step", "timestamp": 1769667848.4619954, "step": 755, "max_steps": 819, "loss": 5.379384517669678, "elapsed_time": 68.11773753166199, "prnt": false}
{"event": "training_step", "timestamp": 1769667848.5438077, "step": 756, "max_steps": 819, "loss": 5.328321933746338, "elapsed_time": 68.19924211502075, "prnt": false}
{"event": "training_step", "timestamp": 1769667848.6254985, "step": 757, "max_steps": 819, "loss": 5.344888210296631, "elapsed_time": 68.28150272369385, "prnt": false}
{"event": "training_step", "timestamp": 1769667848.7072847, "step": 758, "max_steps": 819, "loss": 5.341585159301758, "elapsed_time": 68.36262702941895, "prnt": false}
{"event": "training_step", "timestamp": 1769667848.7892327, "step": 759, "max_steps": 819, "loss": 5.351374626159668, "elapsed_time": 68.44445395469666, "prnt": false}
{"event": "training_step", "timestamp": 1769667848.8713791, "step": 760, "max_steps": 819, "loss": 5.317385196685791, "elapsed_time": 68.52626919746399, "prnt": false}
{"event": "training_step", "timestamp": 1769667848.9533553, "step": 761, "max_steps": 819, "loss": 5.349734306335449, "elapsed_time": 68.60849380493164, "prnt": false}
{"event": "training_step", "timestamp": 1769667849.035286, "step": 762, "max_steps": 819, "loss": 5.35459566116333, "elapsed_time": 68.69037914276123, "prnt": false}
{"event": "training_step", "timestamp": 1769667849.1170614, "step": 763, "max_steps": 819, "loss": 5.34583854675293, "elapsed_time": 68.77240514755249, "prnt": false}
{"event": "training_step", "timestamp": 1769667849.1987882, "step": 764, "max_steps": 819, "loss": 5.36473274230957, "elapsed_time": 68.8540415763855, "prnt": false}
{"event": "training_step", "timestamp": 1769667849.2806075, "step": 765, "max_steps": 819, "loss": 5.294445037841797, "elapsed_time": 68.93607115745544, "prnt": false}
{"event": "training_step", "timestamp": 1769667849.362289, "step": 766, "max_steps": 819, "loss": 5.3669514656066895, "elapsed_time": 69.01756858825684, "prnt": false}
{"event": "training_step", "timestamp": 1769667849.4440813, "step": 767, "max_steps": 819, "loss": 5.278637886047363, "elapsed_time": 69.0993754863739, "prnt": false}
{"event": "training_step", "timestamp": 1769667849.5255492, "step": 768, "max_steps": 819, "loss": 5.336074352264404, "elapsed_time": 69.18115091323853, "prnt": false}
{"event": "training_step", "timestamp": 1769667849.6071928, "step": 769, "max_steps": 819, "loss": 5.2676520347595215, "elapsed_time": 69.26272487640381, "prnt": false}
{"event": "training_step", "timestamp": 1769667849.6889253, "step": 770, "max_steps": 819, "loss": 5.427192211151123, "elapsed_time": 69.34443521499634, "prnt": false}
{"event": "training_step", "timestamp": 1769667849.7706847, "step": 771, "max_steps": 819, "loss": 5.34304141998291, "elapsed_time": 69.42614698410034, "prnt": false}
{"event": "training_step", "timestamp": 1769667849.852655, "step": 772, "max_steps": 819, "loss": 5.331538677215576, "elapsed_time": 69.50768995285034, "prnt": false}
{"event": "training_step", "timestamp": 1769667849.9346795, "step": 773, "max_steps": 819, "loss": 5.405228614807129, "elapsed_time": 69.58999419212341, "prnt": false}
{"event": "training_step", "timestamp": 1769667850.0166056, "step": 774, "max_steps": 819, "loss": 5.338010787963867, "elapsed_time": 69.67184615135193, "prnt": false}
{"event": "training_step", "timestamp": 1769667850.0984733, "step": 775, "max_steps": 819, "loss": 5.329472541809082, "elapsed_time": 69.75365900993347, "prnt": false}
{"event": "training_step", "timestamp": 1769667850.180216, "step": 776, "max_steps": 819, "loss": 5.379932403564453, "elapsed_time": 69.83553695678711, "prnt": false}
{"event": "training_step", "timestamp": 1769667850.2621484, "step": 777, "max_steps": 819, "loss": 5.307186126708984, "elapsed_time": 69.91746711730957, "prnt": false}
{"event": "training_step", "timestamp": 1769667850.3437572, "step": 778, "max_steps": 819, "loss": 5.298897743225098, "elapsed_time": 69.99926137924194, "prnt": false}
{"event": "training_step", "timestamp": 1769667850.4254236, "step": 779, "max_steps": 819, "loss": 5.299602508544922, "elapsed_time": 70.08088207244873, "prnt": false}
{"event": "training_step", "timestamp": 1769667850.5072038, "step": 780, "max_steps": 819, "loss": 5.347472667694092, "elapsed_time": 70.16307950019836, "prnt": false}
{"event": "validation_step", "timestamp": 1769667850.8439443, "step": 780, "max_steps": 819, "loss": 1.114248844543428, "elapsed_time": 70.16307950019836}
{"event": "training_step", "timestamp": 1769667850.9260662, "step": 781, "max_steps": 819, "loss": 5.313330173492432, "elapsed_time": 70.58145785331726, "prnt": false}
{"event": "training_step", "timestamp": 1769667851.0077457, "step": 782, "max_steps": 819, "loss": 5.366544246673584, "elapsed_time": 70.66323781013489, "prnt": false}
{"event": "training_step", "timestamp": 1769667851.089536, "step": 783, "max_steps": 819, "loss": 5.237654685974121, "elapsed_time": 70.74487733840942, "prnt": false}
{"event": "training_step", "timestamp": 1769667851.1716976, "step": 784, "max_steps": 819, "loss": 5.298362731933594, "elapsed_time": 70.8266544342041, "prnt": false}
{"event": "training_step", "timestamp": 1769667851.2538097, "step": 785, "max_steps": 819, "loss": 5.380743980407715, "elapsed_time": 70.90891909599304, "prnt": false}
{"event": "training_step", "timestamp": 1769667851.335632, "step": 786, "max_steps": 819, "loss": 5.332722187042236, "elapsed_time": 70.99098467826843, "prnt": false}
{"event": "training_step", "timestamp": 1769667851.4174695, "step": 787, "max_steps": 819, "loss": 5.28728723526001, "elapsed_time": 71.07281041145325, "prnt": false}
{"event": "training_step", "timestamp": 1769667851.4992347, "step": 788, "max_steps": 819, "loss": 5.362254619598389, "elapsed_time": 71.1545057296753, "prnt": false}
{"event": "training_step", "timestamp": 1769667851.5811481, "step": 789, "max_steps": 819, "loss": 5.3025054931640625, "elapsed_time": 71.23660731315613, "prnt": false}
{"event": "training_step", "timestamp": 1769667851.6628087, "step": 790, "max_steps": 819, "loss": 5.317018985748291, "elapsed_time": 71.31825351715088, "prnt": false}
{"event": "training_step", "timestamp": 1769667851.7444737, "step": 791, "max_steps": 819, "loss": 5.285348892211914, "elapsed_time": 71.39998984336853, "prnt": false}
{"event": "training_step", "timestamp": 1769667851.8262553, "step": 792, "max_steps": 819, "loss": 5.290002346038818, "elapsed_time": 71.48159432411194, "prnt": false}
{"event": "training_step", "timestamp": 1769667851.9082296, "step": 793, "max_steps": 819, "loss": 5.336360931396484, "elapsed_time": 71.56343078613281, "prnt": false}
{"event": "training_step", "timestamp": 1769667851.9900303, "step": 794, "max_steps": 819, "loss": 5.245342254638672, "elapsed_time": 71.64508700370789, "prnt": false}
{"event": "training_step", "timestamp": 1769667852.072107, "step": 795, "max_steps": 819, "loss": 5.293915748596191, "elapsed_time": 71.72690558433533, "prnt": false}
{"event": "training_step", "timestamp": 1769667852.1542222, "step": 796, "max_steps": 819, "loss": 5.343858242034912, "elapsed_time": 71.80927991867065, "prnt": false}
{"event": "training_step", "timestamp": 1769667852.236157, "step": 797, "max_steps": 819, "loss": 5.3533477783203125, "elapsed_time": 71.89122366905212, "prnt": false}
{"event": "training_step", "timestamp": 1769667852.3179414, "step": 798, "max_steps": 819, "loss": 5.300013542175293, "elapsed_time": 71.97294640541077, "prnt": false}
{"event": "training_step", "timestamp": 1769667852.399798, "step": 799, "max_steps": 819, "loss": 5.359161853790283, "elapsed_time": 72.05496501922607, "prnt": false}
{"event": "training_step", "timestamp": 1769667852.4818892, "step": 800, "max_steps": 819, "loss": 5.268745422363281, "elapsed_time": 72.13760614395142, "prnt": false}
{"event": "training_step", "timestamp": 1769667852.5637543, "step": 801, "max_steps": 819, "loss": 5.402174949645996, "elapsed_time": 72.21907472610474, "prnt": false}
{"event": "training_step", "timestamp": 1769667852.6456072, "step": 802, "max_steps": 819, "loss": 5.298642635345459, "elapsed_time": 72.30070757865906, "prnt": false}
{"event": "training_step", "timestamp": 1769667852.7273388, "step": 803, "max_steps": 819, "loss": 5.390274524688721, "elapsed_time": 72.38256049156189, "prnt": false}
{"event": "training_step", "timestamp": 1769667852.8090658, "step": 804, "max_steps": 819, "loss": 5.345627784729004, "elapsed_time": 72.46421408653259, "prnt": false}
{"event": "training_step", "timestamp": 1769667852.8912287, "step": 805, "max_steps": 819, "loss": 5.267332077026367, "elapsed_time": 72.54600715637207, "prnt": false}
{"event": "training_step", "timestamp": 1769667852.9732575, "step": 806, "max_steps": 819, "loss": 5.347609519958496, "elapsed_time": 72.62808895111084, "prnt": false}
{"event": "training_step", "timestamp": 1769667853.0555222, "step": 807, "max_steps": 819, "loss": 5.254247188568115, "elapsed_time": 72.71022176742554, "prnt": false}
{"event": "training_step", "timestamp": 1769667853.1372707, "step": 808, "max_steps": 819, "loss": 5.339499473571777, "elapsed_time": 72.79231452941895, "prnt": false}
{"event": "training_step", "timestamp": 1769667853.2191107, "step": 809, "max_steps": 819, "loss": 5.28694486618042, "elapsed_time": 72.87436604499817, "prnt": false}
{"event": "training_step", "timestamp": 1769667853.3009973, "step": 810, "max_steps": 819, "loss": 5.3629608154296875, "elapsed_time": 72.9559440612793, "prnt": false}
{"event": "training_step", "timestamp": 1769667853.3828835, "step": 811, "max_steps": 819, "loss": 5.301324844360352, "elapsed_time": 73.03819489479065, "prnt": false}
{"event": "training_step", "timestamp": 1769667853.4646742, "step": 812, "max_steps": 819, "loss": 5.286319732666016, "elapsed_time": 73.11971187591553, "prnt": false}
{"event": "training_step", "timestamp": 1769667853.546689, "step": 813, "max_steps": 819, "loss": 5.322716236114502, "elapsed_time": 73.20168352127075, "prnt": false}
{"event": "training_step", "timestamp": 1769667853.62853, "step": 814, "max_steps": 819, "loss": 5.361489772796631, "elapsed_time": 73.28389883041382, "prnt": false}
{"event": "training_step", "timestamp": 1769667853.7103434, "step": 815, "max_steps": 819, "loss": 5.300339698791504, "elapsed_time": 73.36561965942383, "prnt": false}
{"event": "training_step", "timestamp": 1769667853.7923899, "step": 816, "max_steps": 819, "loss": 5.348085403442383, "elapsed_time": 73.44718861579895, "prnt": false}
{"event": "training_step", "timestamp": 1769667853.8744688, "step": 817, "max_steps": 819, "loss": 5.3666253089904785, "elapsed_time": 73.52943468093872, "prnt": false}
{"event": "training_step", "timestamp": 1769667853.9563122, "step": 818, "max_steps": 819, "loss": 5.413171768188477, "elapsed_time": 73.61127281188965, "prnt": false}
{"event": "training_step", "timestamp": 1769667854.038344, "step": 819, "max_steps": 819, "loss": 5.3340325355529785, "elapsed_time": 73.69326114654541, "prnt": false}
{"event": "validation_step", "timestamp": 1769667854.3753355, "step": 819, "max_steps": 819, "loss": 1.1141815537431146, "elapsed_time": 73.69326114654541}
