{"event": "hyperparameters_configured", "timestamp": 1769651652.097404, "block_size": 64, "vocab_size": 24000, "n_layer": 8, "n_head": 9, "d_model": 576, "dropout": 0.0, "mlp_ratio": 5.0, "activation": "gelu", "residual_scaling": true, "batch_size": 128, "lr": 0.0003, "weight_decay": 0.1, "evals_per_epoch": 3, "batch_mode": "random", "optimizer": "adamw", "scheduler": "warmup_cosine", "warmup_fraction": 0.05, "normalizer": "none", "pre_tokenizer": "bytelevel", "eos_handling": "string_join", "min_frequency": 1, "domain_tokens": false, "epochs": 7, "seed": 1337, "num_titles": 100000, "val_frac": 0.1, "log_file": "./logs/exp-vocab-24000.log"}
{"event": "device_info", "timestamp": 1769651652.1149912, "device": "cuda"}
{"event": "dataset_info", "timestamp": 1769651661.980343, "titles_count": 90000, "epochs": 7, "batches_per_epoch": 127, "tokens_per_epoch": 1046384, "vocab_size": 24000}
{"event": "model_info", "timestamp": 1769651662.4822268, "parameters_count": 51085440}
{"event": "training_step", "timestamp": 1769651663.1235216, "step": 1, "max_steps": 889, "loss": 10.196821212768555, "elapsed_time": 0.2170562744140625, "prnt": false}
{"event": "validation_step", "timestamp": 1769651663.5466821, "step": 1, "max_steps": 889, "loss": 2.193411263911648, "elapsed_time": 0.2170562744140625}
{"event": "training_step", "timestamp": 1769651663.6392486, "step": 2, "max_steps": 889, "loss": 10.205232620239258, "elapsed_time": 0.6487839221954346, "prnt": false}
{"event": "training_step", "timestamp": 1769651663.7316103, "step": 3, "max_steps": 889, "loss": 10.047260284423828, "elapsed_time": 0.7405238151550293, "prnt": false}
{"event": "training_step", "timestamp": 1769651663.8240988, "step": 4, "max_steps": 889, "loss": 9.81684398651123, "elapsed_time": 0.8327922821044922, "prnt": false}
{"event": "training_step", "timestamp": 1769651663.9165294, "step": 5, "max_steps": 889, "loss": 9.570879936218262, "elapsed_time": 0.9250955581665039, "prnt": false}
{"event": "training_step", "timestamp": 1769651664.0089803, "step": 6, "max_steps": 889, "loss": 9.422825813293457, "elapsed_time": 1.018244743347168, "prnt": false}
{"event": "training_step", "timestamp": 1769651664.1010935, "step": 7, "max_steps": 889, "loss": 9.3411283493042, "elapsed_time": 1.1099457740783691, "prnt": false}
{"event": "training_step", "timestamp": 1769651664.1935682, "step": 8, "max_steps": 889, "loss": 9.26798152923584, "elapsed_time": 1.2020752429962158, "prnt": false}
{"event": "training_step", "timestamp": 1769651664.285841, "step": 9, "max_steps": 889, "loss": 9.203974723815918, "elapsed_time": 1.2944707870483398, "prnt": false}
{"event": "training_step", "timestamp": 1769651664.3781025, "step": 10, "max_steps": 889, "loss": 9.152630805969238, "elapsed_time": 1.3870136737823486, "prnt": false}
{"event": "training_step", "timestamp": 1769651664.470214, "step": 11, "max_steps": 889, "loss": 9.093965530395508, "elapsed_time": 1.4789490699768066, "prnt": false}
{"event": "training_step", "timestamp": 1769651664.5625937, "step": 12, "max_steps": 889, "loss": 9.086206436157227, "elapsed_time": 1.5713016986846924, "prnt": false}
{"event": "training_step", "timestamp": 1769651664.654812, "step": 13, "max_steps": 889, "loss": 9.06204891204834, "elapsed_time": 1.663487434387207, "prnt": false}
{"event": "training_step", "timestamp": 1769651664.7472622, "step": 14, "max_steps": 889, "loss": 9.000937461853027, "elapsed_time": 1.7561299800872803, "prnt": false}
{"event": "training_step", "timestamp": 1769651664.8394468, "step": 15, "max_steps": 889, "loss": 8.952255249023438, "elapsed_time": 1.8482489585876465, "prnt": false}
{"event": "training_step", "timestamp": 1769651664.9318686, "step": 16, "max_steps": 889, "loss": 8.903365135192871, "elapsed_time": 1.9406275749206543, "prnt": false}
{"event": "training_step", "timestamp": 1769651665.0239685, "step": 17, "max_steps": 889, "loss": 8.807252883911133, "elapsed_time": 2.0327658653259277, "prnt": false}
{"event": "training_step", "timestamp": 1769651665.1163442, "step": 18, "max_steps": 889, "loss": 8.7732572555542, "elapsed_time": 2.1250264644622803, "prnt": false}
{"event": "training_step", "timestamp": 1769651665.2084951, "step": 19, "max_steps": 889, "loss": 8.71653938293457, "elapsed_time": 2.2172627449035645, "prnt": false}
{"event": "training_step", "timestamp": 1769651665.3007622, "step": 20, "max_steps": 889, "loss": 8.654820442199707, "elapsed_time": 2.3095955848693848, "prnt": false}
{"event": "training_step", "timestamp": 1769651665.3931344, "step": 21, "max_steps": 889, "loss": 8.578166961669922, "elapsed_time": 2.4017527103424072, "prnt": false}
{"event": "training_step", "timestamp": 1769651665.4852035, "step": 22, "max_steps": 889, "loss": 8.554455757141113, "elapsed_time": 2.4941911697387695, "prnt": false}
{"event": "training_step", "timestamp": 1769651665.5775871, "step": 23, "max_steps": 889, "loss": 8.485774993896484, "elapsed_time": 2.586174964904785, "prnt": false}
{"event": "training_step", "timestamp": 1769651665.6699135, "step": 24, "max_steps": 889, "loss": 8.405097961425781, "elapsed_time": 2.67873215675354, "prnt": false}
{"event": "training_step", "timestamp": 1769651665.7621093, "step": 25, "max_steps": 889, "loss": 8.306082725524902, "elapsed_time": 2.770857095718384, "prnt": false}
{"event": "training_step", "timestamp": 1769651665.854571, "step": 26, "max_steps": 889, "loss": 8.264126777648926, "elapsed_time": 2.8634517192840576, "prnt": false}
{"event": "training_step", "timestamp": 1769651665.9471269, "step": 27, "max_steps": 889, "loss": 8.217141151428223, "elapsed_time": 2.955935001373291, "prnt": false}
{"event": "training_step", "timestamp": 1769651666.0395715, "step": 28, "max_steps": 889, "loss": 8.13700008392334, "elapsed_time": 3.0493650436401367, "prnt": false}
{"event": "training_step", "timestamp": 1769651666.1319575, "step": 29, "max_steps": 889, "loss": 8.127157211303711, "elapsed_time": 3.1406164169311523, "prnt": false}
{"event": "training_step", "timestamp": 1769651666.2245033, "step": 30, "max_steps": 889, "loss": 8.029515266418457, "elapsed_time": 3.2330236434936523, "prnt": false}
{"event": "training_step", "timestamp": 1769651666.316769, "step": 31, "max_steps": 889, "loss": 8.015265464782715, "elapsed_time": 3.325449228286743, "prnt": false}
{"event": "training_step", "timestamp": 1769651666.409108, "step": 32, "max_steps": 889, "loss": 7.94875955581665, "elapsed_time": 3.417797565460205, "prnt": false}
{"event": "training_step", "timestamp": 1769651666.501362, "step": 33, "max_steps": 889, "loss": 7.821813583374023, "elapsed_time": 3.5099680423736572, "prnt": false}
{"event": "training_step", "timestamp": 1769651666.593826, "step": 34, "max_steps": 889, "loss": 7.830724716186523, "elapsed_time": 3.602468252182007, "prnt": false}
{"event": "training_step", "timestamp": 1769651666.6861358, "step": 35, "max_steps": 889, "loss": 7.8050713539123535, "elapsed_time": 3.6946640014648438, "prnt": false}
{"event": "training_step", "timestamp": 1769651666.7784643, "step": 36, "max_steps": 889, "loss": 7.730600833892822, "elapsed_time": 3.7873013019561768, "prnt": false}
{"event": "training_step", "timestamp": 1769651666.8710093, "step": 37, "max_steps": 889, "loss": 7.686691761016846, "elapsed_time": 3.8798611164093018, "prnt": false}
{"event": "training_step", "timestamp": 1769651666.963611, "step": 38, "max_steps": 889, "loss": 7.653694152832031, "elapsed_time": 3.972115993499756, "prnt": false}
{"event": "training_step", "timestamp": 1769651667.055984, "step": 39, "max_steps": 889, "loss": 7.5787353515625, "elapsed_time": 4.064541816711426, "prnt": false}
{"event": "training_step", "timestamp": 1769651667.1483986, "step": 40, "max_steps": 889, "loss": 7.538939952850342, "elapsed_time": 4.15709662437439, "prnt": false}
{"event": "training_step", "timestamp": 1769651667.2405138, "step": 41, "max_steps": 889, "loss": 7.463993072509766, "elapsed_time": 4.24934720993042, "prnt": false}
{"event": "training_step", "timestamp": 1769651667.3330457, "step": 42, "max_steps": 889, "loss": 7.466557025909424, "elapsed_time": 4.3415327072143555, "prnt": false}
{"event": "validation_step", "timestamp": 1769651667.7572863, "step": 42, "max_steps": 889, "loss": 1.6202781456588908, "elapsed_time": 4.3415327072143555}
{"event": "training_step", "timestamp": 1769651667.8501368, "step": 43, "max_steps": 889, "loss": 7.572307109832764, "elapsed_time": 4.858668327331543, "prnt": false}
{"event": "training_step", "timestamp": 1769651667.9427283, "step": 44, "max_steps": 889, "loss": 7.57174015045166, "elapsed_time": 4.9512364864349365, "prnt": false}
{"event": "training_step", "timestamp": 1769651668.0354037, "step": 45, "max_steps": 889, "loss": 7.489358425140381, "elapsed_time": 5.044464349746704, "prnt": false}
{"event": "training_step", "timestamp": 1769651668.128092, "step": 46, "max_steps": 889, "loss": 7.39675235748291, "elapsed_time": 5.136678218841553, "prnt": false}
{"event": "training_step", "timestamp": 1769651668.2204382, "step": 47, "max_steps": 889, "loss": 7.447516441345215, "elapsed_time": 5.229078054428101, "prnt": false}
{"event": "training_step", "timestamp": 1769651668.3130748, "step": 48, "max_steps": 889, "loss": 7.4578046798706055, "elapsed_time": 5.321402549743652, "prnt": false}
{"event": "training_step", "timestamp": 1769651668.4055068, "step": 49, "max_steps": 889, "loss": 7.4429168701171875, "elapsed_time": 5.4139649868011475, "prnt": false}
{"event": "training_step", "timestamp": 1769651668.4979925, "step": 50, "max_steps": 889, "loss": 7.411256790161133, "elapsed_time": 5.5065224170684814, "prnt": false}
{"event": "training_step", "timestamp": 1769651668.5905752, "step": 51, "max_steps": 889, "loss": 7.382772922515869, "elapsed_time": 5.598968267440796, "prnt": false}
{"event": "training_step", "timestamp": 1769651668.6832495, "step": 52, "max_steps": 889, "loss": 7.3804097175598145, "elapsed_time": 5.691941261291504, "prnt": false}
{"event": "training_step", "timestamp": 1769651668.7757716, "step": 53, "max_steps": 889, "loss": 7.333189010620117, "elapsed_time": 5.784192323684692, "prnt": false}
{"event": "training_step", "timestamp": 1769651668.8683543, "step": 54, "max_steps": 889, "loss": 7.288830757141113, "elapsed_time": 5.876903533935547, "prnt": false}
{"event": "training_step", "timestamp": 1769651668.960893, "step": 55, "max_steps": 889, "loss": 7.372430324554443, "elapsed_time": 5.969332933425903, "prnt": false}
{"event": "training_step", "timestamp": 1769651669.0535913, "step": 56, "max_steps": 889, "loss": 7.307014465332031, "elapsed_time": 6.062160015106201, "prnt": false}
{"event": "training_step", "timestamp": 1769651669.146205, "step": 57, "max_steps": 889, "loss": 7.332953453063965, "elapsed_time": 6.15464973449707, "prnt": false}
{"event": "training_step", "timestamp": 1769651669.2387753, "step": 58, "max_steps": 889, "loss": 7.402779579162598, "elapsed_time": 6.247326135635376, "prnt": false}
{"event": "training_step", "timestamp": 1769651669.3313372, "step": 59, "max_steps": 889, "loss": 7.304623603820801, "elapsed_time": 6.339736223220825, "prnt": false}
{"event": "training_step", "timestamp": 1769651669.4239557, "step": 60, "max_steps": 889, "loss": 7.343270301818848, "elapsed_time": 6.432378053665161, "prnt": false}
{"event": "training_step", "timestamp": 1769651669.5165474, "step": 61, "max_steps": 889, "loss": 7.235357761383057, "elapsed_time": 6.524860143661499, "prnt": false}
{"event": "training_step", "timestamp": 1769651669.6091561, "step": 62, "max_steps": 889, "loss": 7.283168315887451, "elapsed_time": 6.617675542831421, "prnt": false}
{"event": "training_step", "timestamp": 1769651669.7016602, "step": 63, "max_steps": 889, "loss": 7.273801326751709, "elapsed_time": 6.710547924041748, "prnt": false}
{"event": "training_step", "timestamp": 1769651669.794347, "step": 64, "max_steps": 889, "loss": 7.259748458862305, "elapsed_time": 6.8027284145355225, "prnt": false}
{"event": "training_step", "timestamp": 1769651669.8871083, "step": 65, "max_steps": 889, "loss": 7.205235958099365, "elapsed_time": 6.895327568054199, "prnt": false}
{"event": "training_step", "timestamp": 1769651669.9796576, "step": 66, "max_steps": 889, "loss": 7.232388973236084, "elapsed_time": 6.988101959228516, "prnt": false}
{"event": "training_step", "timestamp": 1769651670.072545, "step": 67, "max_steps": 889, "loss": 7.194026470184326, "elapsed_time": 7.081223487854004, "prnt": false}
{"event": "training_step", "timestamp": 1769651670.1652462, "step": 68, "max_steps": 889, "loss": 7.171070575714111, "elapsed_time": 7.173625230789185, "prnt": false}
{"event": "training_step", "timestamp": 1769651670.2577229, "step": 69, "max_steps": 889, "loss": 7.247747421264648, "elapsed_time": 7.266115665435791, "prnt": false}
{"event": "training_step", "timestamp": 1769651670.3505, "step": 70, "max_steps": 889, "loss": 7.1923699378967285, "elapsed_time": 7.358704090118408, "prnt": false}
{"event": "training_step", "timestamp": 1769651670.4429924, "step": 71, "max_steps": 889, "loss": 7.1356120109558105, "elapsed_time": 7.45144510269165, "prnt": false}
{"event": "training_step", "timestamp": 1769651670.5357258, "step": 72, "max_steps": 889, "loss": 7.180581569671631, "elapsed_time": 7.544188737869263, "prnt": false}
{"event": "training_step", "timestamp": 1769651670.6283321, "step": 73, "max_steps": 889, "loss": 7.164374351501465, "elapsed_time": 7.636787176132202, "prnt": false}
{"event": "training_step", "timestamp": 1769651670.7211962, "step": 74, "max_steps": 889, "loss": 7.100489616394043, "elapsed_time": 7.729489326477051, "prnt": false}
{"event": "training_step", "timestamp": 1769651670.8138049, "step": 75, "max_steps": 889, "loss": 7.126978874206543, "elapsed_time": 7.822094440460205, "prnt": false}
{"event": "training_step", "timestamp": 1769651670.9067152, "step": 76, "max_steps": 889, "loss": 7.04545783996582, "elapsed_time": 7.915095090866089, "prnt": false}
{"event": "training_step", "timestamp": 1769651670.9991543, "step": 77, "max_steps": 889, "loss": 7.132170677185059, "elapsed_time": 8.00770878791809, "prnt": false}
{"event": "training_step", "timestamp": 1769651671.0920148, "step": 78, "max_steps": 889, "loss": 7.090662002563477, "elapsed_time": 8.100157260894775, "prnt": false}
{"event": "training_step", "timestamp": 1769651671.1847212, "step": 79, "max_steps": 889, "loss": 7.05014705657959, "elapsed_time": 8.192970514297485, "prnt": false}
{"event": "training_step", "timestamp": 1769651671.277475, "step": 80, "max_steps": 889, "loss": 7.1576385498046875, "elapsed_time": 8.285869121551514, "prnt": false}
{"event": "training_step", "timestamp": 1769651671.3703017, "step": 81, "max_steps": 889, "loss": 7.1008620262146, "elapsed_time": 8.378561735153198, "prnt": false}
{"event": "training_step", "timestamp": 1769651671.4630437, "step": 82, "max_steps": 889, "loss": 6.955141067504883, "elapsed_time": 8.4713134765625, "prnt": false}
{"event": "training_step", "timestamp": 1769651671.555826, "step": 83, "max_steps": 889, "loss": 7.064925670623779, "elapsed_time": 8.564220428466797, "prnt": false}
{"event": "training_step", "timestamp": 1769651671.6486933, "step": 84, "max_steps": 889, "loss": 7.0068254470825195, "elapsed_time": 8.656915426254272, "prnt": false}
{"event": "validation_step", "timestamp": 1769651672.0741444, "step": 84, "max_steps": 889, "loss": 1.5296639936272654, "elapsed_time": 8.656915426254272}
{"event": "training_step", "timestamp": 1769651672.167454, "step": 85, "max_steps": 889, "loss": 7.070399761199951, "elapsed_time": 9.175994157791138, "prnt": false}
{"event": "training_step", "timestamp": 1769651672.2602444, "step": 86, "max_steps": 889, "loss": 6.9663872718811035, "elapsed_time": 9.268898248672485, "prnt": false}
{"event": "training_step", "timestamp": 1769651672.3530796, "step": 87, "max_steps": 889, "loss": 7.0558366775512695, "elapsed_time": 9.36128306388855, "prnt": false}
{"event": "training_step", "timestamp": 1769651672.4460812, "step": 88, "max_steps": 889, "loss": 7.007031440734863, "elapsed_time": 9.454378604888916, "prnt": false}
{"event": "training_step", "timestamp": 1769651672.5385468, "step": 89, "max_steps": 889, "loss": 6.96750545501709, "elapsed_time": 9.547008991241455, "prnt": false}
{"event": "training_step", "timestamp": 1769651672.6314619, "step": 90, "max_steps": 889, "loss": 7.060787677764893, "elapsed_time": 9.63966989517212, "prnt": false}
{"event": "training_step", "timestamp": 1769651672.7242384, "step": 91, "max_steps": 889, "loss": 7.036957263946533, "elapsed_time": 9.732449531555176, "prnt": false}
{"event": "training_step", "timestamp": 1769651672.817024, "step": 92, "max_steps": 889, "loss": 7.053227424621582, "elapsed_time": 9.825613021850586, "prnt": false}
{"event": "training_step", "timestamp": 1769651672.9098377, "step": 93, "max_steps": 889, "loss": 6.994152069091797, "elapsed_time": 9.91800045967102, "prnt": false}
{"event": "training_step", "timestamp": 1769651673.002833, "step": 94, "max_steps": 889, "loss": 6.940783977508545, "elapsed_time": 10.010929107666016, "prnt": false}
{"event": "training_step", "timestamp": 1769651673.095551, "step": 95, "max_steps": 889, "loss": 6.9928436279296875, "elapsed_time": 10.103817462921143, "prnt": false}
{"event": "training_step", "timestamp": 1769651673.1883757, "step": 96, "max_steps": 889, "loss": 6.967009544372559, "elapsed_time": 10.196603775024414, "prnt": false}
{"event": "training_step", "timestamp": 1769651673.2810895, "step": 97, "max_steps": 889, "loss": 6.922419548034668, "elapsed_time": 10.289491891860962, "prnt": false}
{"event": "training_step", "timestamp": 1769651673.3739552, "step": 98, "max_steps": 889, "loss": 6.960803031921387, "elapsed_time": 10.382165431976318, "prnt": false}
{"event": "training_step", "timestamp": 1769651673.4666824, "step": 99, "max_steps": 889, "loss": 6.946852207183838, "elapsed_time": 10.474924564361572, "prnt": false}
{"event": "training_step", "timestamp": 1769651673.5593581, "step": 100, "max_steps": 889, "loss": 6.928001403808594, "elapsed_time": 10.567775249481201, "prnt": false}
{"event": "training_step", "timestamp": 1769651673.6522477, "step": 101, "max_steps": 889, "loss": 6.918848514556885, "elapsed_time": 10.660407781600952, "prnt": false}
{"event": "training_step", "timestamp": 1769651673.7451105, "step": 102, "max_steps": 889, "loss": 6.887607574462891, "elapsed_time": 10.753366231918335, "prnt": false}
{"event": "training_step", "timestamp": 1769651673.8376276, "step": 103, "max_steps": 889, "loss": 6.919442653656006, "elapsed_time": 10.846011638641357, "prnt": false}
{"event": "training_step", "timestamp": 1769651673.930526, "step": 104, "max_steps": 889, "loss": 6.819655895233154, "elapsed_time": 10.938743591308594, "prnt": false}
{"event": "training_step", "timestamp": 1769651674.0234833, "step": 105, "max_steps": 889, "loss": 6.907395839691162, "elapsed_time": 11.031610250473022, "prnt": false}
{"event": "training_step", "timestamp": 1769651674.1163535, "step": 106, "max_steps": 889, "loss": 6.80795431137085, "elapsed_time": 11.125074625015259, "prnt": false}
{"event": "training_step", "timestamp": 1769651674.2091298, "step": 107, "max_steps": 889, "loss": 6.84181547164917, "elapsed_time": 11.217501640319824, "prnt": false}
{"event": "training_step", "timestamp": 1769651674.3016195, "step": 108, "max_steps": 889, "loss": 6.932328224182129, "elapsed_time": 11.310200214385986, "prnt": false}
{"event": "training_step", "timestamp": 1769651674.39432, "step": 109, "max_steps": 889, "loss": 6.895298004150391, "elapsed_time": 11.402611494064331, "prnt": false}
{"event": "training_step", "timestamp": 1769651674.4872007, "step": 110, "max_steps": 889, "loss": 6.815600872039795, "elapsed_time": 11.4953031539917, "prnt": false}
{"event": "training_step", "timestamp": 1769651674.5798736, "step": 111, "max_steps": 889, "loss": 6.809617042541504, "elapsed_time": 11.58806324005127, "prnt": false}
{"event": "training_step", "timestamp": 1769651674.6729467, "step": 112, "max_steps": 889, "loss": 6.871121883392334, "elapsed_time": 11.68122124671936, "prnt": false}
{"event": "training_step", "timestamp": 1769651674.7656927, "step": 113, "max_steps": 889, "loss": 6.780529975891113, "elapsed_time": 11.77385401725769, "prnt": false}
{"event": "training_step", "timestamp": 1769651674.8584864, "step": 114, "max_steps": 889, "loss": 6.892213344573975, "elapsed_time": 11.867130041122437, "prnt": false}
{"event": "training_step", "timestamp": 1769651674.951402, "step": 115, "max_steps": 889, "loss": 6.893718242645264, "elapsed_time": 11.959447860717773, "prnt": false}
{"event": "training_step", "timestamp": 1769651675.044418, "step": 116, "max_steps": 889, "loss": 6.834165096282959, "elapsed_time": 12.052725315093994, "prnt": false}
{"event": "training_step", "timestamp": 1769651675.1370919, "step": 117, "max_steps": 889, "loss": 6.823016166687012, "elapsed_time": 12.145271301269531, "prnt": false}
{"event": "training_step", "timestamp": 1769651675.2300565, "step": 118, "max_steps": 889, "loss": 6.703189373016357, "elapsed_time": 12.238182067871094, "prnt": false}
{"event": "training_step", "timestamp": 1769651675.3230674, "step": 119, "max_steps": 889, "loss": 6.77842903137207, "elapsed_time": 12.330971717834473, "prnt": false}
{"event": "training_step", "timestamp": 1769651675.4159107, "step": 120, "max_steps": 889, "loss": 6.832975387573242, "elapsed_time": 12.424230575561523, "prnt": false}
{"event": "training_step", "timestamp": 1769651675.5088155, "step": 121, "max_steps": 889, "loss": 6.762293338775635, "elapsed_time": 12.516858339309692, "prnt": false}
{"event": "training_step", "timestamp": 1769651675.6018183, "step": 122, "max_steps": 889, "loss": 6.878230571746826, "elapsed_time": 12.61003851890564, "prnt": false}
{"event": "training_step", "timestamp": 1769651675.6947274, "step": 123, "max_steps": 889, "loss": 6.783384799957275, "elapsed_time": 12.702788591384888, "prnt": false}
{"event": "training_step", "timestamp": 1769651675.7877107, "step": 124, "max_steps": 889, "loss": 6.773802757263184, "elapsed_time": 12.795814514160156, "prnt": false}
{"event": "training_step", "timestamp": 1769651675.8805547, "step": 125, "max_steps": 889, "loss": 6.7653937339782715, "elapsed_time": 12.888837575912476, "prnt": false}
{"event": "training_step", "timestamp": 1769651675.9734585, "step": 126, "max_steps": 889, "loss": 6.741110324859619, "elapsed_time": 12.981668710708618, "prnt": false}
{"event": "validation_step", "timestamp": 1769651676.399861, "step": 126, "max_steps": 889, "loss": 1.4739274807308678, "elapsed_time": 12.981668710708618}
{"event": "training_step", "timestamp": 1769651676.4930549, "step": 127, "max_steps": 889, "loss": 6.791701793670654, "elapsed_time": 13.50160837173462, "prnt": false}
{"event": "training_step", "timestamp": 1769651676.586024, "step": 128, "max_steps": 889, "loss": 6.72001838684082, "elapsed_time": 13.594454765319824, "prnt": false}
{"event": "training_step", "timestamp": 1769651676.6786768, "step": 129, "max_steps": 889, "loss": 6.727604866027832, "elapsed_time": 13.687118291854858, "prnt": false}
{"event": "training_step", "timestamp": 1769651676.7715693, "step": 130, "max_steps": 889, "loss": 6.6243743896484375, "elapsed_time": 13.779804944992065, "prnt": false}
{"event": "training_step", "timestamp": 1769651676.8644085, "step": 131, "max_steps": 889, "loss": 6.705183982849121, "elapsed_time": 13.872946739196777, "prnt": false}
{"event": "training_step", "timestamp": 1769651676.9571686, "step": 132, "max_steps": 889, "loss": 6.704643726348877, "elapsed_time": 13.965621948242188, "prnt": false}
{"event": "training_step", "timestamp": 1769651677.050028, "step": 133, "max_steps": 889, "loss": 6.745075702667236, "elapsed_time": 14.058216094970703, "prnt": false}
{"event": "training_step", "timestamp": 1769651677.1429567, "step": 134, "max_steps": 889, "loss": 6.769538402557373, "elapsed_time": 14.151321649551392, "prnt": false}
{"event": "training_step", "timestamp": 1769651677.2357109, "step": 135, "max_steps": 889, "loss": 6.707213401794434, "elapsed_time": 14.243972063064575, "prnt": false}
{"event": "training_step", "timestamp": 1769651677.3287346, "step": 136, "max_steps": 889, "loss": 6.682629585266113, "elapsed_time": 14.336918830871582, "prnt": false}
{"event": "training_step", "timestamp": 1769651677.4216015, "step": 137, "max_steps": 889, "loss": 6.681315898895264, "elapsed_time": 14.429620027542114, "prnt": false}
{"event": "training_step", "timestamp": 1769651677.5146368, "step": 138, "max_steps": 889, "loss": 6.690001010894775, "elapsed_time": 14.523080825805664, "prnt": false}
{"event": "training_step", "timestamp": 1769651677.6075203, "step": 139, "max_steps": 889, "loss": 6.698626518249512, "elapsed_time": 14.615636587142944, "prnt": false}
{"event": "training_step", "timestamp": 1769651677.7004106, "step": 140, "max_steps": 889, "loss": 6.745269298553467, "elapsed_time": 14.708542346954346, "prnt": false}
{"event": "training_step", "timestamp": 1769651677.7934651, "step": 141, "max_steps": 889, "loss": 6.7111735343933105, "elapsed_time": 14.801315069198608, "prnt": false}
{"event": "training_step", "timestamp": 1769651677.8866925, "step": 142, "max_steps": 889, "loss": 6.671143054962158, "elapsed_time": 14.894727230072021, "prnt": false}
{"event": "training_step", "timestamp": 1769651677.97946, "step": 143, "max_steps": 889, "loss": 6.732790470123291, "elapsed_time": 14.987658262252808, "prnt": false}
{"event": "training_step", "timestamp": 1769651678.072527, "step": 144, "max_steps": 889, "loss": 6.672913551330566, "elapsed_time": 15.080563306808472, "prnt": false}
{"event": "training_step", "timestamp": 1769651678.1652946, "step": 145, "max_steps": 889, "loss": 6.64189338684082, "elapsed_time": 15.1737642288208, "prnt": false}
{"event": "training_step", "timestamp": 1769651678.2581625, "step": 146, "max_steps": 889, "loss": 6.7301435470581055, "elapsed_time": 15.266403913497925, "prnt": false}
{"event": "training_step", "timestamp": 1769651678.3509905, "step": 147, "max_steps": 889, "loss": 6.671016693115234, "elapsed_time": 15.359065294265747, "prnt": false}
{"event": "training_step", "timestamp": 1769651678.4438899, "step": 148, "max_steps": 889, "loss": 6.60984468460083, "elapsed_time": 15.452015161514282, "prnt": false}
{"event": "training_step", "timestamp": 1769651678.5364985, "step": 149, "max_steps": 889, "loss": 6.6333770751953125, "elapsed_time": 15.545006275177002, "prnt": false}
{"event": "training_step", "timestamp": 1769651678.6294768, "step": 150, "max_steps": 889, "loss": 6.661532878875732, "elapsed_time": 15.637537956237793, "prnt": false}
{"event": "training_step", "timestamp": 1769651678.722435, "step": 151, "max_steps": 889, "loss": 6.622507095336914, "elapsed_time": 15.730443000793457, "prnt": false}
{"event": "training_step", "timestamp": 1769651678.81528, "step": 152, "max_steps": 889, "loss": 6.583011150360107, "elapsed_time": 15.823647499084473, "prnt": false}
{"event": "training_step", "timestamp": 1769651678.9082687, "step": 153, "max_steps": 889, "loss": 6.581704139709473, "elapsed_time": 15.916318893432617, "prnt": false}
{"event": "training_step", "timestamp": 1769651679.0012116, "step": 154, "max_steps": 889, "loss": 6.613768100738525, "elapsed_time": 16.00929594039917, "prnt": false}
{"event": "training_step", "timestamp": 1769651679.0941727, "step": 155, "max_steps": 889, "loss": 6.591394901275635, "elapsed_time": 16.10216450691223, "prnt": false}
{"event": "training_step", "timestamp": 1769651679.1872232, "step": 156, "max_steps": 889, "loss": 6.649105072021484, "elapsed_time": 16.195080757141113, "prnt": false}
{"event": "training_step", "timestamp": 1769651679.2799406, "step": 157, "max_steps": 889, "loss": 6.611062049865723, "elapsed_time": 16.288182497024536, "prnt": false}
{"event": "training_step", "timestamp": 1769651679.3728652, "step": 158, "max_steps": 889, "loss": 6.626781940460205, "elapsed_time": 16.38092803955078, "prnt": false}
{"event": "training_step", "timestamp": 1769651679.4655576, "step": 159, "max_steps": 889, "loss": 6.653192043304443, "elapsed_time": 16.473843097686768, "prnt": false}
{"event": "training_step", "timestamp": 1769651679.5583217, "step": 160, "max_steps": 889, "loss": 6.63212776184082, "elapsed_time": 16.566595792770386, "prnt": false}
{"event": "training_step", "timestamp": 1769651679.65112, "step": 161, "max_steps": 889, "loss": 6.601419925689697, "elapsed_time": 16.659253358840942, "prnt": false}
{"event": "training_step", "timestamp": 1769651679.7440689, "step": 162, "max_steps": 889, "loss": 6.553932189941406, "elapsed_time": 16.75240993499756, "prnt": false}
{"event": "training_step", "timestamp": 1769651679.83677, "step": 163, "max_steps": 889, "loss": 6.592094421386719, "elapsed_time": 16.845082998275757, "prnt": false}
{"event": "training_step", "timestamp": 1769651679.9298165, "step": 164, "max_steps": 889, "loss": 6.55840539932251, "elapsed_time": 16.93802309036255, "prnt": false}
{"event": "training_step", "timestamp": 1769651680.0227644, "step": 165, "max_steps": 889, "loss": 6.596381187438965, "elapsed_time": 17.030783653259277, "prnt": false}
{"event": "training_step", "timestamp": 1769651680.115651, "step": 166, "max_steps": 889, "loss": 6.544928550720215, "elapsed_time": 17.12408137321472, "prnt": false}
{"event": "training_step", "timestamp": 1769651680.2085013, "step": 167, "max_steps": 889, "loss": 6.513439655303955, "elapsed_time": 17.216712474822998, "prnt": false}
{"event": "training_step", "timestamp": 1769651680.3015149, "step": 168, "max_steps": 889, "loss": 6.570351600646973, "elapsed_time": 17.309671640396118, "prnt": false}
{"event": "validation_step", "timestamp": 1769651680.727877, "step": 168, "max_steps": 889, "loss": 1.439728967479648, "elapsed_time": 17.309671640396118}
{"event": "training_step", "timestamp": 1769651680.8215823, "step": 169, "max_steps": 889, "loss": 6.520321846008301, "elapsed_time": 17.829219341278076, "prnt": false}
{"event": "training_step", "timestamp": 1769651680.9145052, "step": 170, "max_steps": 889, "loss": 6.590860843658447, "elapsed_time": 17.922661066055298, "prnt": false}
{"event": "training_step", "timestamp": 1769651681.0073738, "step": 171, "max_steps": 889, "loss": 6.543573379516602, "elapsed_time": 18.01541566848755, "prnt": false}
{"event": "training_step", "timestamp": 1769651681.1005847, "step": 172, "max_steps": 889, "loss": 6.4680585861206055, "elapsed_time": 18.10855793952942, "prnt": false}
{"event": "training_step", "timestamp": 1769651681.193535, "step": 173, "max_steps": 889, "loss": 6.552831649780273, "elapsed_time": 18.201568365097046, "prnt": false}
{"event": "training_step", "timestamp": 1769651681.2865698, "step": 174, "max_steps": 889, "loss": 6.542074203491211, "elapsed_time": 18.294496059417725, "prnt": false}
{"event": "training_step", "timestamp": 1769651681.3794153, "step": 175, "max_steps": 889, "loss": 6.5556464195251465, "elapsed_time": 18.387507915496826, "prnt": false}
{"event": "training_step", "timestamp": 1769651681.4724944, "step": 176, "max_steps": 889, "loss": 6.4763898849487305, "elapsed_time": 18.48045778274536, "prnt": false}
{"event": "training_step", "timestamp": 1769651681.5654302, "step": 177, "max_steps": 889, "loss": 6.57560920715332, "elapsed_time": 18.57346749305725, "prnt": false}
{"event": "training_step", "timestamp": 1769651681.6583562, "step": 178, "max_steps": 889, "loss": 6.478562355041504, "elapsed_time": 18.66667866706848, "prnt": false}
{"event": "training_step", "timestamp": 1769651681.7513509, "step": 179, "max_steps": 889, "loss": 6.520435810089111, "elapsed_time": 18.75948452949524, "prnt": false}
{"event": "training_step", "timestamp": 1769651681.8442726, "step": 180, "max_steps": 889, "loss": 6.5198798179626465, "elapsed_time": 18.85260558128357, "prnt": false}
{"event": "training_step", "timestamp": 1769651681.937081, "step": 181, "max_steps": 889, "loss": 6.4723801612854, "elapsed_time": 18.945342779159546, "prnt": false}
{"event": "training_step", "timestamp": 1769651682.0301375, "step": 182, "max_steps": 889, "loss": 6.535630226135254, "elapsed_time": 19.038078784942627, "prnt": false}
{"event": "training_step", "timestamp": 1769651682.1232023, "step": 183, "max_steps": 889, "loss": 6.503921031951904, "elapsed_time": 19.131717443466187, "prnt": false}
{"event": "training_step", "timestamp": 1769651682.216014, "step": 184, "max_steps": 889, "loss": 6.568848133087158, "elapsed_time": 19.224583387374878, "prnt": false}
{"event": "training_step", "timestamp": 1769651682.309008, "step": 185, "max_steps": 889, "loss": 6.484329700469971, "elapsed_time": 19.316988706588745, "prnt": false}
{"event": "training_step", "timestamp": 1769651682.4021266, "step": 186, "max_steps": 889, "loss": 6.499969959259033, "elapsed_time": 19.410026788711548, "prnt": false}
{"event": "training_step", "timestamp": 1769651682.494908, "step": 187, "max_steps": 889, "loss": 6.450740814208984, "elapsed_time": 19.503088235855103, "prnt": false}
{"event": "training_step", "timestamp": 1769651682.5880773, "step": 188, "max_steps": 889, "loss": 6.412991523742676, "elapsed_time": 19.59589409828186, "prnt": false}
{"event": "training_step", "timestamp": 1769651682.6811852, "step": 189, "max_steps": 889, "loss": 6.451874732971191, "elapsed_time": 19.68911123275757, "prnt": false}
{"event": "training_step", "timestamp": 1769651682.7741747, "step": 190, "max_steps": 889, "loss": 6.464353084564209, "elapsed_time": 19.782196283340454, "prnt": false}
{"event": "training_step", "timestamp": 1769651682.8672948, "step": 191, "max_steps": 889, "loss": 6.475526809692383, "elapsed_time": 19.875316619873047, "prnt": false}
{"event": "training_step", "timestamp": 1769651682.9603152, "step": 192, "max_steps": 889, "loss": 6.4493727684021, "elapsed_time": 19.968284130096436, "prnt": false}
{"event": "training_step", "timestamp": 1769651683.0533466, "step": 193, "max_steps": 889, "loss": 6.465167999267578, "elapsed_time": 20.06133770942688, "prnt": false}
{"event": "training_step", "timestamp": 1769651683.1461182, "step": 194, "max_steps": 889, "loss": 6.489210605621338, "elapsed_time": 20.154422283172607, "prnt": false}
{"event": "training_step", "timestamp": 1769651683.2391539, "step": 195, "max_steps": 889, "loss": 6.4847259521484375, "elapsed_time": 20.246991634368896, "prnt": false}
{"event": "training_step", "timestamp": 1769651683.3322508, "step": 196, "max_steps": 889, "loss": 6.464449882507324, "elapsed_time": 20.34019422531128, "prnt": false}
{"event": "training_step", "timestamp": 1769651683.4250112, "step": 197, "max_steps": 889, "loss": 6.49062442779541, "elapsed_time": 20.43324303627014, "prnt": false}
{"event": "training_step", "timestamp": 1769651683.5181177, "step": 198, "max_steps": 889, "loss": 6.412924766540527, "elapsed_time": 20.526140451431274, "prnt": false}
{"event": "training_step", "timestamp": 1769651683.6110709, "step": 199, "max_steps": 889, "loss": 6.440131664276123, "elapsed_time": 20.61891222000122, "prnt": false}
{"event": "training_step", "timestamp": 1769651683.7041268, "step": 200, "max_steps": 889, "loss": 6.420658588409424, "elapsed_time": 20.712326049804688, "prnt": false}
{"event": "training_step", "timestamp": 1769651683.7972355, "step": 201, "max_steps": 889, "loss": 6.481302261352539, "elapsed_time": 20.804928302764893, "prnt": false}
{"event": "training_step", "timestamp": 1769651683.8903275, "step": 202, "max_steps": 889, "loss": 6.414985179901123, "elapsed_time": 20.898303747177124, "prnt": false}
{"event": "training_step", "timestamp": 1769651683.9830756, "step": 203, "max_steps": 889, "loss": 6.382286071777344, "elapsed_time": 20.991418600082397, "prnt": false}
{"event": "training_step", "timestamp": 1769651684.076266, "step": 204, "max_steps": 889, "loss": 6.451196670532227, "elapsed_time": 21.084320306777954, "prnt": false}
{"event": "training_step", "timestamp": 1769651684.1694646, "step": 205, "max_steps": 889, "loss": 6.441866397857666, "elapsed_time": 21.177849531173706, "prnt": false}
{"event": "training_step", "timestamp": 1769651684.2624547, "step": 206, "max_steps": 889, "loss": 6.385524272918701, "elapsed_time": 21.27085852622986, "prnt": false}
{"event": "training_step", "timestamp": 1769651684.3552792, "step": 207, "max_steps": 889, "loss": 6.493991851806641, "elapsed_time": 21.36345601081848, "prnt": false}
{"event": "training_step", "timestamp": 1769651684.4483578, "step": 208, "max_steps": 889, "loss": 6.433743476867676, "elapsed_time": 21.45636558532715, "prnt": false}
{"event": "training_step", "timestamp": 1769651684.5413814, "step": 209, "max_steps": 889, "loss": 6.405320167541504, "elapsed_time": 21.549511671066284, "prnt": false}
{"event": "training_step", "timestamp": 1769651684.6342657, "step": 210, "max_steps": 889, "loss": 6.383638858795166, "elapsed_time": 21.64260482788086, "prnt": false}
{"event": "validation_step", "timestamp": 1769651685.0618207, "step": 210, "max_steps": 889, "loss": 1.4158289567459306, "elapsed_time": 21.64260482788086}
{"event": "training_step", "timestamp": 1769651685.155105, "step": 211, "max_steps": 889, "loss": 6.433631420135498, "elapsed_time": 22.163116216659546, "prnt": false}
{"event": "training_step", "timestamp": 1769651685.2481697, "step": 212, "max_steps": 889, "loss": 6.479526042938232, "elapsed_time": 22.256137371063232, "prnt": false}
{"event": "training_step", "timestamp": 1769651685.3413734, "step": 213, "max_steps": 889, "loss": 6.370981216430664, "elapsed_time": 22.34911870956421, "prnt": false}
{"event": "training_step", "timestamp": 1769651685.4343762, "step": 214, "max_steps": 889, "loss": 6.403622627258301, "elapsed_time": 22.44242787361145, "prnt": false}
{"event": "training_step", "timestamp": 1769651685.5274293, "step": 215, "max_steps": 889, "loss": 6.379942417144775, "elapsed_time": 22.535454034805298, "prnt": false}
{"event": "training_step", "timestamp": 1769651685.6204343, "step": 216, "max_steps": 889, "loss": 6.399010181427002, "elapsed_time": 22.628455877304077, "prnt": false}
{"event": "training_step", "timestamp": 1769651685.7133663, "step": 217, "max_steps": 889, "loss": 6.305333137512207, "elapsed_time": 22.721386194229126, "prnt": false}
{"event": "training_step", "timestamp": 1769651685.8063996, "step": 218, "max_steps": 889, "loss": 6.401362419128418, "elapsed_time": 22.814594507217407, "prnt": false}
{"event": "training_step", "timestamp": 1769651685.8989613, "step": 219, "max_steps": 889, "loss": 6.3311662673950195, "elapsed_time": 22.90727138519287, "prnt": false}
{"event": "training_step", "timestamp": 1769651685.9921343, "step": 220, "max_steps": 889, "loss": 6.377329349517822, "elapsed_time": 23.000126361846924, "prnt": false}
{"event": "training_step", "timestamp": 1769651686.0850165, "step": 221, "max_steps": 889, "loss": 6.36962366104126, "elapsed_time": 23.093137979507446, "prnt": false}
{"event": "training_step", "timestamp": 1769651686.1787608, "step": 222, "max_steps": 889, "loss": 6.4026288986206055, "elapsed_time": 23.18699884414673, "prnt": false}
{"event": "training_step", "timestamp": 1769651686.2718897, "step": 223, "max_steps": 889, "loss": 6.4006500244140625, "elapsed_time": 23.279783487319946, "prnt": false}
{"event": "training_step", "timestamp": 1769651686.3648078, "step": 224, "max_steps": 889, "loss": 6.33230447769165, "elapsed_time": 23.37288808822632, "prnt": false}
{"event": "training_step", "timestamp": 1769651686.4580758, "step": 225, "max_steps": 889, "loss": 6.279581069946289, "elapsed_time": 23.465789556503296, "prnt": false}
{"event": "training_step", "timestamp": 1769651686.551184, "step": 226, "max_steps": 889, "loss": 6.280733108520508, "elapsed_time": 23.55904793739319, "prnt": false}
{"event": "training_step", "timestamp": 1769651686.644076, "step": 227, "max_steps": 889, "loss": 6.338675498962402, "elapsed_time": 23.65249729156494, "prnt": false}
{"event": "training_step", "timestamp": 1769651686.7374167, "step": 228, "max_steps": 889, "loss": 6.336862087249756, "elapsed_time": 23.745150089263916, "prnt": false}
{"event": "training_step", "timestamp": 1769651686.830574, "step": 229, "max_steps": 889, "loss": 6.319662570953369, "elapsed_time": 23.83868908882141, "prnt": false}
{"event": "training_step", "timestamp": 1769651686.9234557, "step": 230, "max_steps": 889, "loss": 6.3206400871276855, "elapsed_time": 23.931683778762817, "prnt": false}
{"event": "training_step", "timestamp": 1769651687.0165968, "step": 231, "max_steps": 889, "loss": 6.22193717956543, "elapsed_time": 24.02443814277649, "prnt": false}
{"event": "training_step", "timestamp": 1769651687.109792, "step": 232, "max_steps": 889, "loss": 6.300623893737793, "elapsed_time": 24.117819786071777, "prnt": false}
{"event": "training_step", "timestamp": 1769651687.2027967, "step": 233, "max_steps": 889, "loss": 6.319026947021484, "elapsed_time": 24.211079120635986, "prnt": false}
{"event": "training_step", "timestamp": 1769651687.2958183, "step": 234, "max_steps": 889, "loss": 6.239130973815918, "elapsed_time": 24.30386757850647, "prnt": false}
{"event": "training_step", "timestamp": 1769651687.3888571, "step": 235, "max_steps": 889, "loss": 6.247461318969727, "elapsed_time": 24.396785736083984, "prnt": false}
{"event": "training_step", "timestamp": 1769651687.481962, "step": 236, "max_steps": 889, "loss": 6.286661148071289, "elapsed_time": 24.489867687225342, "prnt": false}
{"event": "training_step", "timestamp": 1769651687.5749056, "step": 237, "max_steps": 889, "loss": 6.299191474914551, "elapsed_time": 24.583032369613647, "prnt": false}
{"event": "training_step", "timestamp": 1769651687.6681151, "step": 238, "max_steps": 889, "loss": 6.33848762512207, "elapsed_time": 24.676141023635864, "prnt": false}
{"event": "training_step", "timestamp": 1769651687.7613623, "step": 239, "max_steps": 889, "loss": 6.322597503662109, "elapsed_time": 24.769204139709473, "prnt": false}
{"event": "training_step", "timestamp": 1769651687.8542943, "step": 240, "max_steps": 889, "loss": 6.275504112243652, "elapsed_time": 24.862468481063843, "prnt": false}
{"event": "training_step", "timestamp": 1769651687.947432, "step": 241, "max_steps": 889, "loss": 6.279935836791992, "elapsed_time": 24.95535945892334, "prnt": false}
{"event": "training_step", "timestamp": 1769651688.0408099, "step": 242, "max_steps": 889, "loss": 6.254709720611572, "elapsed_time": 25.04874324798584, "prnt": false}
{"event": "training_step", "timestamp": 1769651688.1339006, "step": 243, "max_steps": 889, "loss": 6.292319297790527, "elapsed_time": 25.14178991317749, "prnt": false}
{"event": "training_step", "timestamp": 1769651688.2273588, "step": 244, "max_steps": 889, "loss": 6.2855634689331055, "elapsed_time": 25.235570907592773, "prnt": false}
{"event": "training_step", "timestamp": 1769651688.3202598, "step": 245, "max_steps": 889, "loss": 6.271762371063232, "elapsed_time": 25.328234672546387, "prnt": false}
{"event": "training_step", "timestamp": 1769651688.4135299, "step": 246, "max_steps": 889, "loss": 6.306457042694092, "elapsed_time": 25.421395301818848, "prnt": false}
{"event": "training_step", "timestamp": 1769651688.506642, "step": 247, "max_steps": 889, "loss": 6.317554473876953, "elapsed_time": 25.5144944190979, "prnt": false}
{"event": "training_step", "timestamp": 1769651688.5997694, "step": 248, "max_steps": 889, "loss": 6.318754196166992, "elapsed_time": 25.607691526412964, "prnt": false}
{"event": "training_step", "timestamp": 1769651688.6931312, "step": 249, "max_steps": 889, "loss": 6.274886608123779, "elapsed_time": 25.700771808624268, "prnt": false}
{"event": "training_step", "timestamp": 1769651688.7864597, "step": 250, "max_steps": 889, "loss": 6.325064182281494, "elapsed_time": 25.794060468673706, "prnt": false}
{"event": "training_step", "timestamp": 1769651688.8793051, "step": 251, "max_steps": 889, "loss": 6.2815399169921875, "elapsed_time": 25.887457609176636, "prnt": false}
{"event": "training_step", "timestamp": 1769651688.9724288, "step": 252, "max_steps": 889, "loss": 6.272499084472656, "elapsed_time": 25.980305671691895, "prnt": false}
{"event": "validation_step", "timestamp": 1769651689.4000685, "step": 252, "max_steps": 889, "loss": 1.3964546771119644, "elapsed_time": 25.980305671691895}
{"event": "training_step", "timestamp": 1769651689.4936833, "step": 253, "max_steps": 889, "loss": 6.211070537567139, "elapsed_time": 26.501527070999146, "prnt": false}
{"event": "training_step", "timestamp": 1769651689.5869353, "step": 254, "max_steps": 889, "loss": 6.251006126403809, "elapsed_time": 26.59472417831421, "prnt": false}
{"event": "training_step", "timestamp": 1769651689.6803265, "step": 255, "max_steps": 889, "loss": 6.264038562774658, "elapsed_time": 26.688202619552612, "prnt": false}
{"event": "training_step", "timestamp": 1769651689.7733297, "step": 256, "max_steps": 889, "loss": 6.253092288970947, "elapsed_time": 26.781495332717896, "prnt": false}
{"event": "training_step", "timestamp": 1769651689.8666947, "step": 257, "max_steps": 889, "loss": 6.281278133392334, "elapsed_time": 26.874731302261353, "prnt": false}
{"event": "training_step", "timestamp": 1769651689.9599009, "step": 258, "max_steps": 889, "loss": 6.162831783294678, "elapsed_time": 26.96768856048584, "prnt": false}
{"event": "training_step", "timestamp": 1769651690.0530088, "step": 259, "max_steps": 889, "loss": 6.288051128387451, "elapsed_time": 27.06104588508606, "prnt": false}
{"event": "training_step", "timestamp": 1769651690.146348, "step": 260, "max_steps": 889, "loss": 6.287595272064209, "elapsed_time": 27.154345512390137, "prnt": false}
{"event": "training_step", "timestamp": 1769651690.239885, "step": 261, "max_steps": 889, "loss": 6.216498851776123, "elapsed_time": 27.2480571269989, "prnt": false}
{"event": "training_step", "timestamp": 1769651690.3329384, "step": 262, "max_steps": 889, "loss": 6.277944564819336, "elapsed_time": 27.340951681137085, "prnt": false}
{"event": "training_step", "timestamp": 1769651690.4262576, "step": 263, "max_steps": 889, "loss": 6.330322265625, "elapsed_time": 27.434178590774536, "prnt": false}
{"event": "training_step", "timestamp": 1769651690.5195212, "step": 264, "max_steps": 889, "loss": 6.258803844451904, "elapsed_time": 27.527166843414307, "prnt": false}
{"event": "training_step", "timestamp": 1769651690.6126413, "step": 265, "max_steps": 889, "loss": 6.179149150848389, "elapsed_time": 27.620603799819946, "prnt": false}
{"event": "training_step", "timestamp": 1769651690.7059064, "step": 266, "max_steps": 889, "loss": 6.179434776306152, "elapsed_time": 27.71355414390564, "prnt": false}
{"event": "training_step", "timestamp": 1769651690.7992125, "step": 267, "max_steps": 889, "loss": 6.2168426513671875, "elapsed_time": 27.80697989463806, "prnt": false}
{"event": "training_step", "timestamp": 1769651690.892242, "step": 268, "max_steps": 889, "loss": 6.172905921936035, "elapsed_time": 27.90015435218811, "prnt": false}
{"event": "training_step", "timestamp": 1769651690.9855924, "step": 269, "max_steps": 889, "loss": 6.177295684814453, "elapsed_time": 27.993324279785156, "prnt": false}
{"event": "training_step", "timestamp": 1769651691.078759, "step": 270, "max_steps": 889, "loss": 6.145938873291016, "elapsed_time": 28.086557865142822, "prnt": false}
{"event": "training_step", "timestamp": 1769651691.1720135, "step": 271, "max_steps": 889, "loss": 6.227570533752441, "elapsed_time": 28.17991328239441, "prnt": false}
{"event": "training_step", "timestamp": 1769651691.2652647, "step": 272, "max_steps": 889, "loss": 6.125315189361572, "elapsed_time": 28.27293848991394, "prnt": false}
{"event": "training_step", "timestamp": 1769651691.3584793, "step": 273, "max_steps": 889, "loss": 6.183344841003418, "elapsed_time": 28.366481065750122, "prnt": false}
{"event": "training_step", "timestamp": 1769651691.451607, "step": 274, "max_steps": 889, "loss": 6.323059558868408, "elapsed_time": 28.459596395492554, "prnt": false}
{"event": "training_step", "timestamp": 1769651691.545005, "step": 275, "max_steps": 889, "loss": 6.114562511444092, "elapsed_time": 28.55286455154419, "prnt": false}
{"event": "training_step", "timestamp": 1769651691.6380823, "step": 276, "max_steps": 889, "loss": 6.187493801116943, "elapsed_time": 28.64594030380249, "prnt": false}
{"event": "training_step", "timestamp": 1769651691.731293, "step": 277, "max_steps": 889, "loss": 6.202239513397217, "elapsed_time": 28.73946762084961, "prnt": false}
{"event": "training_step", "timestamp": 1769651691.8245792, "step": 278, "max_steps": 889, "loss": 6.207123279571533, "elapsed_time": 28.83273458480835, "prnt": false}
{"event": "training_step", "timestamp": 1769651691.9180455, "step": 279, "max_steps": 889, "loss": 6.209723472595215, "elapsed_time": 28.925692319869995, "prnt": false}
{"event": "training_step", "timestamp": 1769651692.0111952, "step": 280, "max_steps": 889, "loss": 6.195520877838135, "elapsed_time": 29.019004106521606, "prnt": false}
{"event": "training_step", "timestamp": 1769651692.1043324, "step": 281, "max_steps": 889, "loss": 6.282709121704102, "elapsed_time": 29.112385034561157, "prnt": false}
{"event": "training_step", "timestamp": 1769651692.198093, "step": 282, "max_steps": 889, "loss": 6.190130233764648, "elapsed_time": 29.20536231994629, "prnt": false}
{"event": "training_step", "timestamp": 1769651692.2914164, "step": 283, "max_steps": 889, "loss": 6.207709789276123, "elapsed_time": 29.299846410751343, "prnt": false}
{"event": "training_step", "timestamp": 1769651692.3845274, "step": 284, "max_steps": 889, "loss": 6.224489212036133, "elapsed_time": 29.39238667488098, "prnt": false}
{"event": "training_step", "timestamp": 1769651692.4782453, "step": 285, "max_steps": 889, "loss": 6.201563358306885, "elapsed_time": 29.485528707504272, "prnt": false}
{"event": "training_step", "timestamp": 1769651692.5713902, "step": 286, "max_steps": 889, "loss": 6.237326622009277, "elapsed_time": 29.57921051979065, "prnt": false}
{"event": "training_step", "timestamp": 1769651692.6645572, "step": 287, "max_steps": 889, "loss": 6.113600730895996, "elapsed_time": 29.672335624694824, "prnt": false}
{"event": "training_step", "timestamp": 1769651692.7579257, "step": 288, "max_steps": 889, "loss": 6.216917037963867, "elapsed_time": 29.76553511619568, "prnt": false}
{"event": "training_step", "timestamp": 1769651692.8511856, "step": 289, "max_steps": 889, "loss": 6.150559902191162, "elapsed_time": 29.85898208618164, "prnt": false}
{"event": "training_step", "timestamp": 1769651692.9443922, "step": 290, "max_steps": 889, "loss": 6.266426086425781, "elapsed_time": 29.95210862159729, "prnt": false}
{"event": "training_step", "timestamp": 1769651693.037996, "step": 291, "max_steps": 889, "loss": 6.171835422515869, "elapsed_time": 30.04537010192871, "prnt": false}
{"event": "training_step", "timestamp": 1769651693.1310759, "step": 292, "max_steps": 889, "loss": 6.247777938842773, "elapsed_time": 30.138944149017334, "prnt": false}
{"event": "training_step", "timestamp": 1769651693.2242208, "step": 293, "max_steps": 889, "loss": 6.098662853240967, "elapsed_time": 30.232072114944458, "prnt": false}
{"event": "training_step", "timestamp": 1769651693.317553, "step": 294, "max_steps": 889, "loss": 6.156879425048828, "elapsed_time": 30.325164079666138, "prnt": false}
{"event": "validation_step", "timestamp": 1769651693.7456384, "step": 294, "max_steps": 889, "loss": 1.3804368959940265, "elapsed_time": 30.325164079666138}
{"event": "training_step", "timestamp": 1769651693.8395493, "step": 295, "max_steps": 889, "loss": 6.098503112792969, "elapsed_time": 30.846924304962158, "prnt": false}
{"event": "training_step", "timestamp": 1769651693.932614, "step": 296, "max_steps": 889, "loss": 6.151706218719482, "elapsed_time": 30.940448760986328, "prnt": false}
{"event": "training_step", "timestamp": 1769651694.025907, "step": 297, "max_steps": 889, "loss": 6.146021842956543, "elapsed_time": 31.033668994903564, "prnt": false}
{"event": "training_step", "timestamp": 1769651694.1191654, "step": 298, "max_steps": 889, "loss": 6.190248012542725, "elapsed_time": 31.1268892288208, "prnt": false}
{"event": "training_step", "timestamp": 1769651694.212303, "step": 299, "max_steps": 889, "loss": 6.112493515014648, "elapsed_time": 31.22026515007019, "prnt": false}
{"event": "training_step", "timestamp": 1769651694.3056984, "step": 300, "max_steps": 889, "loss": 6.126461982727051, "elapsed_time": 31.31383991241455, "prnt": false}
{"event": "training_step", "timestamp": 1769651694.3988814, "step": 301, "max_steps": 889, "loss": 6.11102819442749, "elapsed_time": 31.406792402267456, "prnt": false}
{"event": "training_step", "timestamp": 1769651694.4919653, "step": 302, "max_steps": 889, "loss": 6.136361122131348, "elapsed_time": 31.49981188774109, "prnt": false}
{"event": "training_step", "timestamp": 1769651694.5853045, "step": 303, "max_steps": 889, "loss": 6.190675258636475, "elapsed_time": 31.593067169189453, "prnt": false}
{"event": "training_step", "timestamp": 1769651694.6785665, "step": 304, "max_steps": 889, "loss": 6.119044780731201, "elapsed_time": 31.686301469802856, "prnt": false}
{"event": "training_step", "timestamp": 1769651694.771682, "step": 305, "max_steps": 889, "loss": 6.117570400238037, "elapsed_time": 31.779619693756104, "prnt": false}
{"event": "training_step", "timestamp": 1769651694.864946, "step": 306, "max_steps": 889, "loss": 6.134720802307129, "elapsed_time": 31.87264633178711, "prnt": false}
{"event": "training_step", "timestamp": 1769651694.958359, "step": 307, "max_steps": 889, "loss": 6.1627583503723145, "elapsed_time": 31.965909242630005, "prnt": false}
{"event": "training_step", "timestamp": 1769651695.0513685, "step": 308, "max_steps": 889, "loss": 6.012847423553467, "elapsed_time": 32.05940556526184, "prnt": false}
{"event": "training_step", "timestamp": 1769651695.1447477, "step": 309, "max_steps": 889, "loss": 6.202094078063965, "elapsed_time": 32.15240788459778, "prnt": false}
{"event": "training_step", "timestamp": 1769651695.23809, "step": 310, "max_steps": 889, "loss": 6.048856258392334, "elapsed_time": 32.245585441589355, "prnt": false}
{"event": "training_step", "timestamp": 1769651695.3311796, "step": 311, "max_steps": 889, "loss": 6.164729595184326, "elapsed_time": 32.339115858078, "prnt": false}
{"event": "training_step", "timestamp": 1769651695.424465, "step": 312, "max_steps": 889, "loss": 6.138789176940918, "elapsed_time": 32.432241678237915, "prnt": false}
{"event": "training_step", "timestamp": 1769651695.5179863, "step": 313, "max_steps": 889, "loss": 6.076103210449219, "elapsed_time": 32.525548696517944, "prnt": false}
{"event": "training_step", "timestamp": 1769651695.6110756, "step": 314, "max_steps": 889, "loss": 6.104043006896973, "elapsed_time": 32.61891222000122, "prnt": false}
{"event": "training_step", "timestamp": 1769651695.7044055, "step": 315, "max_steps": 889, "loss": 6.044795989990234, "elapsed_time": 32.71209716796875, "prnt": false}
{"event": "training_step", "timestamp": 1769651695.7976315, "step": 316, "max_steps": 889, "loss": 6.115844249725342, "elapsed_time": 32.80536222457886, "prnt": false}
{"event": "training_step", "timestamp": 1769651695.8909495, "step": 317, "max_steps": 889, "loss": 6.055441379547119, "elapsed_time": 32.898789405822754, "prnt": false}
{"event": "training_step", "timestamp": 1769651695.9843135, "step": 318, "max_steps": 889, "loss": 6.157597064971924, "elapsed_time": 32.99206495285034, "prnt": false}
{"event": "training_step", "timestamp": 1769651696.077984, "step": 319, "max_steps": 889, "loss": 6.040379047393799, "elapsed_time": 33.08660960197449, "prnt": false}
{"event": "training_step", "timestamp": 1769651696.1710882, "step": 320, "max_steps": 889, "loss": 6.127814292907715, "elapsed_time": 33.17909002304077, "prnt": false}
{"event": "training_step", "timestamp": 1769651696.2645926, "step": 321, "max_steps": 889, "loss": 6.128981590270996, "elapsed_time": 33.27254009246826, "prnt": false}
{"event": "training_step", "timestamp": 1769651696.3578005, "step": 322, "max_steps": 889, "loss": 6.079015731811523, "elapsed_time": 33.36564922332764, "prnt": false}
{"event": "training_step", "timestamp": 1769651696.450884, "step": 323, "max_steps": 889, "loss": 5.960783958435059, "elapsed_time": 33.45884084701538, "prnt": false}
{"event": "training_step", "timestamp": 1769651696.5442023, "step": 324, "max_steps": 889, "loss": 6.053505897521973, "elapsed_time": 33.5517852306366, "prnt": false}
{"event": "training_step", "timestamp": 1769651696.637576, "step": 325, "max_steps": 889, "loss": 6.088351249694824, "elapsed_time": 33.645238399505615, "prnt": false}
{"event": "training_step", "timestamp": 1769651696.7306957, "step": 326, "max_steps": 889, "loss": 6.108482837677002, "elapsed_time": 33.73858094215393, "prnt": false}
{"event": "training_step", "timestamp": 1769651696.8241282, "step": 327, "max_steps": 889, "loss": 6.080929279327393, "elapsed_time": 33.83179593086243, "prnt": false}
{"event": "training_step", "timestamp": 1769651696.9175518, "step": 328, "max_steps": 889, "loss": 6.051098346710205, "elapsed_time": 33.92512583732605, "prnt": false}
{"event": "training_step", "timestamp": 1769651697.0107896, "step": 329, "max_steps": 889, "loss": 6.066132545471191, "elapsed_time": 34.01856851577759, "prnt": false}
{"event": "training_step", "timestamp": 1769651697.1041389, "step": 330, "max_steps": 889, "loss": 6.096163749694824, "elapsed_time": 34.111905097961426, "prnt": false}
{"event": "training_step", "timestamp": 1769651697.1977267, "step": 331, "max_steps": 889, "loss": 6.102373123168945, "elapsed_time": 34.20522952079773, "prnt": false}
{"event": "training_step", "timestamp": 1769651697.2908828, "step": 332, "max_steps": 889, "loss": 6.0466413497924805, "elapsed_time": 34.29887795448303, "prnt": false}
{"event": "training_step", "timestamp": 1769651697.3843164, "step": 333, "max_steps": 889, "loss": 6.132391929626465, "elapsed_time": 34.392062187194824, "prnt": false}
{"event": "training_step", "timestamp": 1769651697.477595, "step": 334, "max_steps": 889, "loss": 6.055744647979736, "elapsed_time": 34.485350608825684, "prnt": false}
{"event": "training_step", "timestamp": 1769651697.5708737, "step": 335, "max_steps": 889, "loss": 6.091845989227295, "elapsed_time": 34.57879185676575, "prnt": false}
{"event": "training_step", "timestamp": 1769651697.6641662, "step": 336, "max_steps": 889, "loss": 6.039899826049805, "elapsed_time": 34.67177963256836, "prnt": false}
{"event": "validation_step", "timestamp": 1769651698.0924258, "step": 336, "max_steps": 889, "loss": 1.3684328924697113, "elapsed_time": 34.67177963256836}
{"event": "training_step", "timestamp": 1769651698.1861446, "step": 337, "max_steps": 889, "loss": 6.025854587554932, "elapsed_time": 35.19388294219971, "prnt": false}
{"event": "training_step", "timestamp": 1769651698.27957, "step": 338, "max_steps": 889, "loss": 6.050120830535889, "elapsed_time": 35.287827014923096, "prnt": false}
{"event": "training_step", "timestamp": 1769651698.3728378, "step": 339, "max_steps": 889, "loss": 5.969812393188477, "elapsed_time": 35.380863666534424, "prnt": false}
{"event": "training_step", "timestamp": 1769651698.4660935, "step": 340, "max_steps": 889, "loss": 6.023794174194336, "elapsed_time": 35.473846197128296, "prnt": false}
{"event": "training_step", "timestamp": 1769651698.5593092, "step": 341, "max_steps": 889, "loss": 6.07559061050415, "elapsed_time": 35.56700539588928, "prnt": false}
{"event": "training_step", "timestamp": 1769651698.6525834, "step": 342, "max_steps": 889, "loss": 6.058607578277588, "elapsed_time": 35.66022491455078, "prnt": false}
{"event": "training_step", "timestamp": 1769651698.7459114, "step": 343, "max_steps": 889, "loss": 6.080158710479736, "elapsed_time": 35.75362730026245, "prnt": false}
{"event": "training_step", "timestamp": 1769651698.8392582, "step": 344, "max_steps": 889, "loss": 6.072610378265381, "elapsed_time": 35.84690713882446, "prnt": false}
{"event": "training_step", "timestamp": 1769651698.932662, "step": 345, "max_steps": 889, "loss": 6.038008689880371, "elapsed_time": 35.940605878829956, "prnt": false}
{"event": "training_step", "timestamp": 1769651699.0260205, "step": 346, "max_steps": 889, "loss": 5.952104568481445, "elapsed_time": 36.033788442611694, "prnt": false}
{"event": "training_step", "timestamp": 1769651699.1194148, "step": 347, "max_steps": 889, "loss": 6.128157615661621, "elapsed_time": 36.12711954116821, "prnt": false}
{"event": "training_step", "timestamp": 1769651699.2125738, "step": 348, "max_steps": 889, "loss": 6.097132205963135, "elapsed_time": 36.22039794921875, "prnt": false}
{"event": "training_step", "timestamp": 1769651699.3062565, "step": 349, "max_steps": 889, "loss": 6.012993335723877, "elapsed_time": 36.313632011413574, "prnt": false}
{"event": "training_step", "timestamp": 1769651699.3994784, "step": 350, "max_steps": 889, "loss": 5.9644455909729, "elapsed_time": 36.40717148780823, "prnt": false}
{"event": "training_step", "timestamp": 1769651699.4927504, "step": 351, "max_steps": 889, "loss": 6.063307762145996, "elapsed_time": 36.50052499771118, "prnt": false}
{"event": "training_step", "timestamp": 1769651699.5860052, "step": 352, "max_steps": 889, "loss": 6.008121490478516, "elapsed_time": 36.59376263618469, "prnt": false}
{"event": "training_step", "timestamp": 1769651699.679346, "step": 353, "max_steps": 889, "loss": 6.031280040740967, "elapsed_time": 36.68720054626465, "prnt": false}
{"event": "training_step", "timestamp": 1769651699.7725453, "step": 354, "max_steps": 889, "loss": 6.057994365692139, "elapsed_time": 36.7802529335022, "prnt": false}
{"event": "training_step", "timestamp": 1769651699.8659792, "step": 355, "max_steps": 889, "loss": 5.916457653045654, "elapsed_time": 36.87365913391113, "prnt": false}
{"event": "training_step", "timestamp": 1769651699.9593446, "step": 356, "max_steps": 889, "loss": 5.92371940612793, "elapsed_time": 36.96709370613098, "prnt": false}
{"event": "training_step", "timestamp": 1769651700.0530505, "step": 357, "max_steps": 889, "loss": 5.99544095993042, "elapsed_time": 37.06045460700989, "prnt": false}
{"event": "training_step", "timestamp": 1769651700.1464024, "step": 358, "max_steps": 889, "loss": 5.990443229675293, "elapsed_time": 37.15416669845581, "prnt": false}
{"event": "training_step", "timestamp": 1769651700.2397788, "step": 359, "max_steps": 889, "loss": 5.8649725914001465, "elapsed_time": 37.247563123703, "prnt": false}
{"event": "training_step", "timestamp": 1769651700.333291, "step": 360, "max_steps": 889, "loss": 5.996227264404297, "elapsed_time": 37.341330766677856, "prnt": false}
{"event": "training_step", "timestamp": 1769651700.4268317, "step": 361, "max_steps": 889, "loss": 5.963245391845703, "elapsed_time": 37.43472599983215, "prnt": false}
{"event": "training_step", "timestamp": 1769651700.5201015, "step": 362, "max_steps": 889, "loss": 5.986464977264404, "elapsed_time": 37.52779936790466, "prnt": false}
{"event": "training_step", "timestamp": 1769651700.6135356, "step": 363, "max_steps": 889, "loss": 6.015890598297119, "elapsed_time": 37.621209383010864, "prnt": false}
{"event": "training_step", "timestamp": 1769651700.7068427, "step": 364, "max_steps": 889, "loss": 5.954558372497559, "elapsed_time": 37.7144820690155, "prnt": false}
{"event": "training_step", "timestamp": 1769651700.8002212, "step": 365, "max_steps": 889, "loss": 6.03973388671875, "elapsed_time": 37.80793118476868, "prnt": false}
{"event": "training_step", "timestamp": 1769651700.8935828, "step": 366, "max_steps": 889, "loss": 5.965572357177734, "elapsed_time": 37.9014356136322, "prnt": false}
{"event": "training_step", "timestamp": 1769651700.9870956, "step": 367, "max_steps": 889, "loss": 5.911177635192871, "elapsed_time": 37.994723081588745, "prnt": false}
{"event": "training_step", "timestamp": 1769651701.0804749, "step": 368, "max_steps": 889, "loss": 5.900937080383301, "elapsed_time": 38.08834481239319, "prnt": false}
{"event": "training_step", "timestamp": 1769651701.1736386, "step": 369, "max_steps": 889, "loss": 5.9662957191467285, "elapsed_time": 38.181636095047, "prnt": false}
{"event": "training_step", "timestamp": 1769651701.2669544, "step": 370, "max_steps": 889, "loss": 5.93776273727417, "elapsed_time": 38.27461123466492, "prnt": false}
{"event": "training_step", "timestamp": 1769651701.3604422, "step": 371, "max_steps": 889, "loss": 6.006780624389648, "elapsed_time": 38.36796236038208, "prnt": false}
{"event": "training_step", "timestamp": 1769651701.4536796, "step": 372, "max_steps": 889, "loss": 5.963284015655518, "elapsed_time": 38.461429834365845, "prnt": false}
{"event": "training_step", "timestamp": 1769651701.5470674, "step": 373, "max_steps": 889, "loss": 5.997047424316406, "elapsed_time": 38.5547251701355, "prnt": false}
{"event": "training_step", "timestamp": 1769651701.6404102, "step": 374, "max_steps": 889, "loss": 6.014763355255127, "elapsed_time": 38.648014307022095, "prnt": false}
{"event": "training_step", "timestamp": 1769651701.7339811, "step": 375, "max_steps": 889, "loss": 5.906935214996338, "elapsed_time": 38.74136829376221, "prnt": false}
{"event": "training_step", "timestamp": 1769651701.8275886, "step": 376, "max_steps": 889, "loss": 5.949052810668945, "elapsed_time": 38.83559226989746, "prnt": false}
{"event": "training_step", "timestamp": 1769651701.9213076, "step": 377, "max_steps": 889, "loss": 6.025259494781494, "elapsed_time": 38.92880940437317, "prnt": false}
{"event": "training_step", "timestamp": 1769651702.0148792, "step": 378, "max_steps": 889, "loss": 5.975160121917725, "elapsed_time": 39.022345542907715, "prnt": false}
{"event": "validation_step", "timestamp": 1769651702.4438279, "step": 378, "max_steps": 889, "loss": 1.3596602974669365, "elapsed_time": 39.022345542907715}
{"event": "training_step", "timestamp": 1769651702.537879, "step": 379, "max_steps": 889, "loss": 5.977732181549072, "elapsed_time": 39.54571294784546, "prnt": false}
{"event": "training_step", "timestamp": 1769651702.6312175, "step": 380, "max_steps": 889, "loss": 5.878714561462402, "elapsed_time": 39.63903331756592, "prnt": false}
{"event": "training_step", "timestamp": 1769651702.724737, "step": 381, "max_steps": 889, "loss": 5.92078971862793, "elapsed_time": 39.73224234580994, "prnt": false}
{"event": "training_step", "timestamp": 1769651702.8184001, "step": 382, "max_steps": 889, "loss": 5.965362071990967, "elapsed_time": 39.82621669769287, "prnt": false}
{"event": "training_step", "timestamp": 1769651702.9117334, "step": 383, "max_steps": 889, "loss": 6.050500869750977, "elapsed_time": 39.9195339679718, "prnt": false}
{"event": "training_step", "timestamp": 1769651703.005227, "step": 384, "max_steps": 889, "loss": 6.002542495727539, "elapsed_time": 40.01287627220154, "prnt": false}
{"event": "training_step", "timestamp": 1769651703.0986104, "step": 385, "max_steps": 889, "loss": 5.934718608856201, "elapsed_time": 40.10624814033508, "prnt": false}
{"event": "training_step", "timestamp": 1769651703.1919162, "step": 386, "max_steps": 889, "loss": 5.93804407119751, "elapsed_time": 40.199668884277344, "prnt": false}
{"event": "training_step", "timestamp": 1769651703.2852802, "step": 387, "max_steps": 889, "loss": 5.9632568359375, "elapsed_time": 40.29273271560669, "prnt": false}
{"event": "training_step", "timestamp": 1769651703.378711, "step": 388, "max_steps": 889, "loss": 5.911780834197998, "elapsed_time": 40.386239528656006, "prnt": false}
{"event": "training_step", "timestamp": 1769651703.4719443, "step": 389, "max_steps": 889, "loss": 5.881776332855225, "elapsed_time": 40.47955536842346, "prnt": false}
{"event": "training_step", "timestamp": 1769651703.5653706, "step": 390, "max_steps": 889, "loss": 5.971022605895996, "elapsed_time": 40.572864055633545, "prnt": false}
{"event": "training_step", "timestamp": 1769651703.658718, "step": 391, "max_steps": 889, "loss": 5.9328999519348145, "elapsed_time": 40.66628623008728, "prnt": false}
{"event": "training_step", "timestamp": 1769651703.7522528, "step": 392, "max_steps": 889, "loss": 5.8763957023620605, "elapsed_time": 40.75973415374756, "prnt": false}
{"event": "training_step", "timestamp": 1769651703.8456078, "step": 393, "max_steps": 889, "loss": 5.899020195007324, "elapsed_time": 40.85332155227661, "prnt": false}
{"event": "training_step", "timestamp": 1769651703.9390576, "step": 394, "max_steps": 889, "loss": 5.942373752593994, "elapsed_time": 40.94686460494995, "prnt": false}
{"event": "training_step", "timestamp": 1769651704.0325139, "step": 395, "max_steps": 889, "loss": 5.9222412109375, "elapsed_time": 41.04000473022461, "prnt": false}
{"event": "training_step", "timestamp": 1769651704.1259422, "step": 396, "max_steps": 889, "loss": 5.927338123321533, "elapsed_time": 41.13369131088257, "prnt": false}
{"event": "training_step", "timestamp": 1769651704.2193527, "step": 397, "max_steps": 889, "loss": 5.9839324951171875, "elapsed_time": 41.22685098648071, "prnt": false}
{"event": "training_step", "timestamp": 1769651704.3128808, "step": 398, "max_steps": 889, "loss": 5.856367111206055, "elapsed_time": 41.320380449295044, "prnt": false}
{"event": "training_step", "timestamp": 1769651704.4064865, "step": 399, "max_steps": 889, "loss": 5.908475875854492, "elapsed_time": 41.41437220573425, "prnt": false}
{"event": "training_step", "timestamp": 1769651704.500045, "step": 400, "max_steps": 889, "loss": 5.950185775756836, "elapsed_time": 41.507497787475586, "prnt": false}
{"event": "training_step", "timestamp": 1769651704.5934303, "step": 401, "max_steps": 889, "loss": 5.934123992919922, "elapsed_time": 41.60103988647461, "prnt": false}
{"event": "training_step", "timestamp": 1769651704.6870122, "step": 402, "max_steps": 889, "loss": 5.864566326141357, "elapsed_time": 41.6944580078125, "prnt": false}
{"event": "training_step", "timestamp": 1769651704.780616, "step": 403, "max_steps": 889, "loss": 5.987405300140381, "elapsed_time": 41.788110971450806, "prnt": false}
{"event": "training_step", "timestamp": 1769651704.8741078, "step": 404, "max_steps": 889, "loss": 5.891363143920898, "elapsed_time": 41.88164925575256, "prnt": false}
{"event": "training_step", "timestamp": 1769651704.9674785, "step": 405, "max_steps": 889, "loss": 5.9442033767700195, "elapsed_time": 41.97504925727844, "prnt": false}
{"event": "training_step", "timestamp": 1769651705.0611103, "step": 406, "max_steps": 889, "loss": 5.920230865478516, "elapsed_time": 42.06860852241516, "prnt": false}
{"event": "training_step", "timestamp": 1769651705.1545236, "step": 407, "max_steps": 889, "loss": 5.975245475769043, "elapsed_time": 42.162068128585815, "prnt": false}
{"event": "training_step", "timestamp": 1769651705.2479107, "step": 408, "max_steps": 889, "loss": 5.880967617034912, "elapsed_time": 42.25563621520996, "prnt": false}
{"event": "training_step", "timestamp": 1769651705.341341, "step": 409, "max_steps": 889, "loss": 5.834242820739746, "elapsed_time": 42.34879493713379, "prnt": false}
{"event": "training_step", "timestamp": 1769651705.4348729, "step": 410, "max_steps": 889, "loss": 5.858311176300049, "elapsed_time": 42.44241452217102, "prnt": false}
{"event": "training_step", "timestamp": 1769651705.5281074, "step": 411, "max_steps": 889, "loss": 5.917671203613281, "elapsed_time": 42.5359103679657, "prnt": false}
{"event": "training_step", "timestamp": 1769651705.6216285, "step": 412, "max_steps": 889, "loss": 5.888761520385742, "elapsed_time": 42.629127979278564, "prnt": false}
{"event": "training_step", "timestamp": 1769651705.7151024, "step": 413, "max_steps": 889, "loss": 5.858150005340576, "elapsed_time": 42.722452878952026, "prnt": false}
{"event": "training_step", "timestamp": 1769651705.8084316, "step": 414, "max_steps": 889, "loss": 5.856595993041992, "elapsed_time": 42.816152572631836, "prnt": false}
{"event": "training_step", "timestamp": 1769651705.9019215, "step": 415, "max_steps": 889, "loss": 5.889923095703125, "elapsed_time": 42.90947771072388, "prnt": false}
{"event": "training_step", "timestamp": 1769651705.9955828, "step": 416, "max_steps": 889, "loss": 5.789964199066162, "elapsed_time": 43.0029559135437, "prnt": false}
{"event": "training_step", "timestamp": 1769651706.0890596, "step": 417, "max_steps": 889, "loss": 5.870574474334717, "elapsed_time": 43.096726417541504, "prnt": false}
{"event": "training_step", "timestamp": 1769651706.1825726, "step": 418, "max_steps": 889, "loss": 5.875413417816162, "elapsed_time": 43.19009733200073, "prnt": false}
{"event": "training_step", "timestamp": 1769651706.276138, "step": 419, "max_steps": 889, "loss": 5.813010215759277, "elapsed_time": 43.283724546432495, "prnt": false}
{"event": "training_step", "timestamp": 1769651706.3696954, "step": 420, "max_steps": 889, "loss": 5.829645156860352, "elapsed_time": 43.377792835235596, "prnt": false}
{"event": "validation_step", "timestamp": 1769651706.7989478, "step": 420, "max_steps": 889, "loss": 1.3519762710432424, "elapsed_time": 43.377792835235596}
{"event": "training_step", "timestamp": 1769651706.8932633, "step": 421, "max_steps": 889, "loss": 5.8734331130981445, "elapsed_time": 43.90071415901184, "prnt": false}
{"event": "training_step", "timestamp": 1769651706.9868727, "step": 422, "max_steps": 889, "loss": 5.88206672668457, "elapsed_time": 43.99448490142822, "prnt": false}
{"event": "training_step", "timestamp": 1769651707.080557, "step": 423, "max_steps": 889, "loss": 5.863060474395752, "elapsed_time": 44.08791470527649, "prnt": false}
{"event": "training_step", "timestamp": 1769651707.1740057, "step": 424, "max_steps": 889, "loss": 5.904829502105713, "elapsed_time": 44.18167495727539, "prnt": false}
{"event": "training_step", "timestamp": 1769651707.2673838, "step": 425, "max_steps": 889, "loss": 5.856690406799316, "elapsed_time": 44.27494430541992, "prnt": false}
{"event": "training_step", "timestamp": 1769651707.3609817, "step": 426, "max_steps": 889, "loss": 5.818869113922119, "elapsed_time": 44.368457078933716, "prnt": false}
{"event": "training_step", "timestamp": 1769651707.4544625, "step": 427, "max_steps": 889, "loss": 5.873167037963867, "elapsed_time": 44.4618034362793, "prnt": false}
{"event": "training_step", "timestamp": 1769651707.5478454, "step": 428, "max_steps": 889, "loss": 5.7855682373046875, "elapsed_time": 44.55548882484436, "prnt": false}
{"event": "training_step", "timestamp": 1769651707.6412745, "step": 429, "max_steps": 889, "loss": 5.879424095153809, "elapsed_time": 44.648786306381226, "prnt": false}
{"event": "training_step", "timestamp": 1769651707.7349598, "step": 430, "max_steps": 889, "loss": 5.94113826751709, "elapsed_time": 44.742600202560425, "prnt": false}
{"event": "training_step", "timestamp": 1769651707.828277, "step": 431, "max_steps": 889, "loss": 5.812920093536377, "elapsed_time": 44.836042165756226, "prnt": false}
{"event": "training_step", "timestamp": 1769651707.9218986, "step": 432, "max_steps": 889, "loss": 5.837223529815674, "elapsed_time": 44.929627418518066, "prnt": false}
{"event": "training_step", "timestamp": 1769651708.0154767, "step": 433, "max_steps": 889, "loss": 5.78638219833374, "elapsed_time": 45.02293252944946, "prnt": false}
{"event": "training_step", "timestamp": 1769651708.1089373, "step": 434, "max_steps": 889, "loss": 5.772182464599609, "elapsed_time": 45.116523027420044, "prnt": false}
{"event": "training_step", "timestamp": 1769651708.2023883, "step": 435, "max_steps": 889, "loss": 5.758798599243164, "elapsed_time": 45.209909200668335, "prnt": false}
{"event": "training_step", "timestamp": 1769651708.2959142, "step": 436, "max_steps": 889, "loss": 5.779812812805176, "elapsed_time": 45.30335831642151, "prnt": false}
{"event": "training_step", "timestamp": 1769651708.3893874, "step": 437, "max_steps": 889, "loss": 5.814908504486084, "elapsed_time": 45.397470474243164, "prnt": false}
{"event": "training_step", "timestamp": 1769651708.482906, "step": 438, "max_steps": 889, "loss": 5.8045735359191895, "elapsed_time": 45.49061703681946, "prnt": false}
{"event": "training_step", "timestamp": 1769651708.576312, "step": 439, "max_steps": 889, "loss": 5.79768705368042, "elapsed_time": 45.583871364593506, "prnt": false}
{"event": "training_step", "timestamp": 1769651708.6696599, "step": 440, "max_steps": 889, "loss": 5.788499355316162, "elapsed_time": 45.67731833457947, "prnt": false}
{"event": "training_step", "timestamp": 1769651708.7631285, "step": 441, "max_steps": 889, "loss": 5.821612358093262, "elapsed_time": 45.77070617675781, "prnt": false}
{"event": "training_step", "timestamp": 1769651708.8564684, "step": 442, "max_steps": 889, "loss": 5.765791893005371, "elapsed_time": 45.86418533325195, "prnt": false}
{"event": "training_step", "timestamp": 1769651708.9498682, "step": 443, "max_steps": 889, "loss": 5.7830491065979, "elapsed_time": 45.95753335952759, "prnt": false}
{"event": "training_step", "timestamp": 1769651709.0433934, "step": 444, "max_steps": 889, "loss": 5.800015449523926, "elapsed_time": 46.05091381072998, "prnt": false}
{"event": "training_step", "timestamp": 1769651709.1368868, "step": 445, "max_steps": 889, "loss": 5.862501621246338, "elapsed_time": 46.144349575042725, "prnt": false}
{"event": "training_step", "timestamp": 1769651709.2303429, "step": 446, "max_steps": 889, "loss": 5.808803558349609, "elapsed_time": 46.23799681663513, "prnt": false}
{"event": "training_step", "timestamp": 1769651709.323808, "step": 447, "max_steps": 889, "loss": 5.825969219207764, "elapsed_time": 46.33134341239929, "prnt": false}
{"event": "training_step", "timestamp": 1769651709.4173322, "step": 448, "max_steps": 889, "loss": 5.804180145263672, "elapsed_time": 46.4249382019043, "prnt": false}
{"event": "training_step", "timestamp": 1769651709.5106256, "step": 449, "max_steps": 889, "loss": 5.753628730773926, "elapsed_time": 46.51828742027283, "prnt": false}
{"event": "training_step", "timestamp": 1769651709.6041844, "step": 450, "max_steps": 889, "loss": 5.805592060089111, "elapsed_time": 46.61172342300415, "prnt": false}
{"event": "training_step", "timestamp": 1769651709.6976225, "step": 451, "max_steps": 889, "loss": 5.82495641708374, "elapsed_time": 46.70512795448303, "prnt": false}
{"event": "training_step", "timestamp": 1769651709.7912686, "step": 452, "max_steps": 889, "loss": 5.8347272872924805, "elapsed_time": 46.798752307891846, "prnt": false}
{"event": "training_step", "timestamp": 1769651709.8850276, "step": 453, "max_steps": 889, "loss": 5.794536113739014, "elapsed_time": 46.8928656578064, "prnt": false}
{"event": "training_step", "timestamp": 1769651709.9786825, "step": 454, "max_steps": 889, "loss": 5.782927989959717, "elapsed_time": 46.98626446723938, "prnt": false}
{"event": "training_step", "timestamp": 1769651710.0722923, "step": 455, "max_steps": 889, "loss": 5.773411273956299, "elapsed_time": 47.079678773880005, "prnt": false}
{"event": "training_step", "timestamp": 1769651710.1658082, "step": 456, "max_steps": 889, "loss": 5.779720306396484, "elapsed_time": 47.173495292663574, "prnt": false}
{"event": "training_step", "timestamp": 1769651710.2593734, "step": 457, "max_steps": 889, "loss": 5.773987293243408, "elapsed_time": 47.26684784889221, "prnt": false}
{"event": "training_step", "timestamp": 1769651710.3530324, "step": 458, "max_steps": 889, "loss": 5.8364996910095215, "elapsed_time": 47.360480070114136, "prnt": false}
{"event": "training_step", "timestamp": 1769651710.4464455, "step": 459, "max_steps": 889, "loss": 5.745014667510986, "elapsed_time": 47.454590797424316, "prnt": false}
{"event": "training_step", "timestamp": 1769651710.540025, "step": 460, "max_steps": 889, "loss": 5.8327436447143555, "elapsed_time": 47.54755091667175, "prnt": false}
{"event": "training_step", "timestamp": 1769651710.6336353, "step": 461, "max_steps": 889, "loss": 5.792839527130127, "elapsed_time": 47.64109206199646, "prnt": false}
{"event": "training_step", "timestamp": 1769651710.7271526, "step": 462, "max_steps": 889, "loss": 5.773783206939697, "elapsed_time": 47.73470091819763, "prnt": false}
{"event": "validation_step", "timestamp": 1769651711.1563337, "step": 462, "max_steps": 889, "loss": 1.3460500373453688, "elapsed_time": 47.73470091819763}
{"event": "training_step", "timestamp": 1769651711.2504716, "step": 463, "max_steps": 889, "loss": 5.813089370727539, "elapsed_time": 48.25789165496826, "prnt": false}
{"event": "training_step", "timestamp": 1769651711.3439891, "step": 464, "max_steps": 889, "loss": 5.734549522399902, "elapsed_time": 48.3516788482666, "prnt": false}
{"event": "training_step", "timestamp": 1769651711.4375114, "step": 465, "max_steps": 889, "loss": 5.825618743896484, "elapsed_time": 48.44500994682312, "prnt": false}
{"event": "training_step", "timestamp": 1769651711.5314162, "step": 466, "max_steps": 889, "loss": 5.791369915008545, "elapsed_time": 48.5397527217865, "prnt": false}
{"event": "training_step", "timestamp": 1769651711.6252348, "step": 467, "max_steps": 889, "loss": 5.805172920227051, "elapsed_time": 48.633238315582275, "prnt": false}
{"event": "training_step", "timestamp": 1769651711.7192202, "step": 468, "max_steps": 889, "loss": 5.7592997550964355, "elapsed_time": 48.727235555648804, "prnt": false}
{"event": "training_step", "timestamp": 1769651711.8130643, "step": 469, "max_steps": 889, "loss": 5.728762149810791, "elapsed_time": 48.82087802886963, "prnt": false}
{"event": "training_step", "timestamp": 1769651711.9067636, "step": 470, "max_steps": 889, "loss": 5.771279335021973, "elapsed_time": 48.915064096450806, "prnt": false}
{"event": "training_step", "timestamp": 1769651712.000635, "step": 471, "max_steps": 889, "loss": 5.7523040771484375, "elapsed_time": 49.00892663002014, "prnt": false}
{"event": "training_step", "timestamp": 1769651712.0944936, "step": 472, "max_steps": 889, "loss": 5.758204936981201, "elapsed_time": 49.10269570350647, "prnt": false}
{"event": "training_step", "timestamp": 1769651712.1892724, "step": 473, "max_steps": 889, "loss": 5.738364219665527, "elapsed_time": 49.20040011405945, "prnt": false}
{"event": "training_step", "timestamp": 1769651712.284222, "step": 474, "max_steps": 889, "loss": 5.765048503875732, "elapsed_time": 49.29527163505554, "prnt": false}
{"event": "training_step", "timestamp": 1769651712.3781502, "step": 475, "max_steps": 889, "loss": 5.818806171417236, "elapsed_time": 49.3861780166626, "prnt": false}
{"event": "training_step", "timestamp": 1769651712.4721174, "step": 476, "max_steps": 889, "loss": 5.721111297607422, "elapsed_time": 49.480310678482056, "prnt": false}
{"event": "training_step", "timestamp": 1769651712.565707, "step": 477, "max_steps": 889, "loss": 5.80460786819458, "elapsed_time": 49.573779582977295, "prnt": false}
{"event": "training_step", "timestamp": 1769651712.6599004, "step": 478, "max_steps": 889, "loss": 5.778120517730713, "elapsed_time": 49.668317556381226, "prnt": false}
{"event": "training_step", "timestamp": 1769651712.7538242, "step": 479, "max_steps": 889, "loss": 5.8203582763671875, "elapsed_time": 49.76173424720764, "prnt": false}
{"event": "training_step", "timestamp": 1769651712.8479652, "step": 480, "max_steps": 889, "loss": 5.768051624298096, "elapsed_time": 49.856812715530396, "prnt": false}
{"event": "training_step", "timestamp": 1769651712.941786, "step": 481, "max_steps": 889, "loss": 5.813765525817871, "elapsed_time": 49.949684858322144, "prnt": false}
{"event": "training_step", "timestamp": 1769651713.0357044, "step": 482, "max_steps": 889, "loss": 5.747520446777344, "elapsed_time": 50.04386281967163, "prnt": false}
{"event": "training_step", "timestamp": 1769651713.1294327, "step": 483, "max_steps": 889, "loss": 5.701881408691406, "elapsed_time": 50.1375572681427, "prnt": false}
{"event": "training_step", "timestamp": 1769651713.2233715, "step": 484, "max_steps": 889, "loss": 5.754312992095947, "elapsed_time": 50.231436252593994, "prnt": false}
{"event": "training_step", "timestamp": 1769651713.3171663, "step": 485, "max_steps": 889, "loss": 5.75421142578125, "elapsed_time": 50.324984550476074, "prnt": false}
{"event": "training_step", "timestamp": 1769651713.410933, "step": 486, "max_steps": 889, "loss": 5.734169960021973, "elapsed_time": 50.4185905456543, "prnt": false}
{"event": "training_step", "timestamp": 1769651713.504809, "step": 487, "max_steps": 889, "loss": 5.748631000518799, "elapsed_time": 50.51286458969116, "prnt": false}
{"event": "training_step", "timestamp": 1769651713.5986645, "step": 488, "max_steps": 889, "loss": 5.747533798217773, "elapsed_time": 50.6067852973938, "prnt": false}
{"event": "training_step", "timestamp": 1769651713.6925912, "step": 489, "max_steps": 889, "loss": 5.7641282081604, "elapsed_time": 50.70021343231201, "prnt": false}
{"event": "training_step", "timestamp": 1769651713.7862706, "step": 490, "max_steps": 889, "loss": 5.711121559143066, "elapsed_time": 50.794307708740234, "prnt": false}
{"event": "training_step", "timestamp": 1769651713.8800743, "step": 491, "max_steps": 889, "loss": 5.738650321960449, "elapsed_time": 50.888163805007935, "prnt": false}
{"event": "training_step", "timestamp": 1769651713.9738588, "step": 492, "max_steps": 889, "loss": 5.630286693572998, "elapsed_time": 50.982022285461426, "prnt": false}
{"event": "training_step", "timestamp": 1769651714.0673726, "step": 493, "max_steps": 889, "loss": 5.757744789123535, "elapsed_time": 51.075117349624634, "prnt": false}
{"event": "training_step", "timestamp": 1769651714.1611943, "step": 494, "max_steps": 889, "loss": 5.680125713348389, "elapsed_time": 51.16893720626831, "prnt": false}
{"event": "training_step", "timestamp": 1769651714.2549658, "step": 495, "max_steps": 889, "loss": 5.79478645324707, "elapsed_time": 51.26296091079712, "prnt": false}
{"event": "training_step", "timestamp": 1769651714.3488002, "step": 496, "max_steps": 889, "loss": 5.714869499206543, "elapsed_time": 51.35693168640137, "prnt": false}
{"event": "training_step", "timestamp": 1769651714.4432535, "step": 497, "max_steps": 889, "loss": 5.731396675109863, "elapsed_time": 51.4537718296051, "prnt": false}
{"event": "training_step", "timestamp": 1769651714.5380545, "step": 498, "max_steps": 889, "loss": 5.726510047912598, "elapsed_time": 51.548574447631836, "prnt": false}
{"event": "training_step", "timestamp": 1769651714.6316268, "step": 499, "max_steps": 889, "loss": 5.757027626037598, "elapsed_time": 51.639557123184204, "prnt": false}
{"event": "training_step", "timestamp": 1769651714.725564, "step": 500, "max_steps": 889, "loss": 5.777703285217285, "elapsed_time": 51.733691930770874, "prnt": false}
{"event": "training_step", "timestamp": 1769651714.819343, "step": 501, "max_steps": 889, "loss": 5.720948219299316, "elapsed_time": 51.827529430389404, "prnt": false}
{"event": "training_step", "timestamp": 1769651714.913103, "step": 502, "max_steps": 889, "loss": 5.690805912017822, "elapsed_time": 51.92139220237732, "prnt": false}
{"event": "training_step", "timestamp": 1769651715.0069082, "step": 503, "max_steps": 889, "loss": 5.675017833709717, "elapsed_time": 52.01473331451416, "prnt": false}
{"event": "training_step", "timestamp": 1769651715.1005733, "step": 504, "max_steps": 889, "loss": 5.720695495605469, "elapsed_time": 52.10797333717346, "prnt": false}
{"event": "validation_step", "timestamp": 1769651715.5297995, "step": 504, "max_steps": 889, "loss": 1.3408678327827421, "elapsed_time": 52.10797333717346}
{"event": "training_step", "timestamp": 1769651715.623868, "step": 505, "max_steps": 889, "loss": 5.76281213760376, "elapsed_time": 52.63168025016785, "prnt": false}
{"event": "training_step", "timestamp": 1769651715.7176719, "step": 506, "max_steps": 889, "loss": 5.6590776443481445, "elapsed_time": 52.724796533584595, "prnt": false}
{"event": "training_step", "timestamp": 1769651715.811319, "step": 507, "max_steps": 889, "loss": 5.676377773284912, "elapsed_time": 52.818705558776855, "prnt": false}
{"event": "training_step", "timestamp": 1769651715.9048364, "step": 508, "max_steps": 889, "loss": 5.705123424530029, "elapsed_time": 52.91262245178223, "prnt": false}
{"event": "training_step", "timestamp": 1769651715.999131, "step": 509, "max_steps": 889, "loss": 5.683956146240234, "elapsed_time": 53.00753927230835, "prnt": false}
{"event": "training_step", "timestamp": 1769651716.0932195, "step": 510, "max_steps": 889, "loss": 5.7204976081848145, "elapsed_time": 53.10217022895813, "prnt": false}
{"event": "training_step", "timestamp": 1769651716.1873171, "step": 511, "max_steps": 889, "loss": 5.698829650878906, "elapsed_time": 53.19589066505432, "prnt": false}
{"event": "training_step", "timestamp": 1769651716.2814865, "step": 512, "max_steps": 889, "loss": 5.644960403442383, "elapsed_time": 53.289639711380005, "prnt": false}
{"event": "training_step", "timestamp": 1769651716.3755577, "step": 513, "max_steps": 889, "loss": 5.669480323791504, "elapsed_time": 53.38394618034363, "prnt": false}
{"event": "training_step", "timestamp": 1769651716.4697216, "step": 514, "max_steps": 889, "loss": 5.6919121742248535, "elapsed_time": 53.47796654701233, "prnt": false}
{"event": "training_step", "timestamp": 1769651716.5637643, "step": 515, "max_steps": 889, "loss": 5.6974592208862305, "elapsed_time": 53.57193732261658, "prnt": false}
{"event": "training_step", "timestamp": 1769651716.6574817, "step": 516, "max_steps": 889, "loss": 5.644667148590088, "elapsed_time": 53.664934158325195, "prnt": false}
{"event": "training_step", "timestamp": 1769651716.7513528, "step": 517, "max_steps": 889, "loss": 5.667896270751953, "elapsed_time": 53.75867700576782, "prnt": false}
{"event": "training_step", "timestamp": 1769651716.8448644, "step": 518, "max_steps": 889, "loss": 5.69707727432251, "elapsed_time": 53.85243535041809, "prnt": false}
{"event": "training_step", "timestamp": 1769651716.9386468, "step": 519, "max_steps": 889, "loss": 5.669005393981934, "elapsed_time": 53.946107625961304, "prnt": false}
{"event": "training_step", "timestamp": 1769651717.032238, "step": 520, "max_steps": 889, "loss": 5.636507034301758, "elapsed_time": 54.03963351249695, "prnt": false}
{"event": "training_step", "timestamp": 1769651717.1256952, "step": 521, "max_steps": 889, "loss": 5.672048091888428, "elapsed_time": 54.13327741622925, "prnt": false}
{"event": "training_step", "timestamp": 1769651717.219199, "step": 522, "max_steps": 889, "loss": 5.648696422576904, "elapsed_time": 54.22662806510925, "prnt": false}
{"event": "training_step", "timestamp": 1769651717.312767, "step": 523, "max_steps": 889, "loss": 5.70495080947876, "elapsed_time": 54.32023096084595, "prnt": false}
{"event": "training_step", "timestamp": 1769651717.406118, "step": 524, "max_steps": 889, "loss": 5.587696075439453, "elapsed_time": 54.41381287574768, "prnt": false}
{"event": "training_step", "timestamp": 1769651717.499775, "step": 525, "max_steps": 889, "loss": 5.6698479652404785, "elapsed_time": 54.50719594955444, "prnt": false}
{"event": "training_step", "timestamp": 1769651717.593314, "step": 526, "max_steps": 889, "loss": 5.649742603302002, "elapsed_time": 54.60065221786499, "prnt": false}
{"event": "training_step", "timestamp": 1769651717.6868231, "step": 527, "max_steps": 889, "loss": 5.5759806632995605, "elapsed_time": 54.69431447982788, "prnt": false}
{"event": "training_step", "timestamp": 1769651717.7804642, "step": 528, "max_steps": 889, "loss": 5.608053684234619, "elapsed_time": 54.787880420684814, "prnt": false}
{"event": "training_step", "timestamp": 1769651717.8740451, "step": 529, "max_steps": 889, "loss": 5.5811381340026855, "elapsed_time": 54.88168716430664, "prnt": false}
{"event": "training_step", "timestamp": 1769651717.9674282, "step": 530, "max_steps": 889, "loss": 5.5613179206848145, "elapsed_time": 54.97496247291565, "prnt": false}
{"event": "training_step", "timestamp": 1769651718.0610907, "step": 531, "max_steps": 889, "loss": 5.5739426612854, "elapsed_time": 55.068397998809814, "prnt": false}
{"event": "training_step", "timestamp": 1769651718.154672, "step": 532, "max_steps": 889, "loss": 5.676923751831055, "elapsed_time": 55.16220164299011, "prnt": false}
{"event": "training_step", "timestamp": 1769651718.248437, "step": 533, "max_steps": 889, "loss": 5.704869270324707, "elapsed_time": 55.255690574645996, "prnt": false}
{"event": "training_step", "timestamp": 1769651718.3419762, "step": 534, "max_steps": 889, "loss": 5.665682792663574, "elapsed_time": 55.34941339492798, "prnt": false}
{"event": "training_step", "timestamp": 1769651718.4357843, "step": 535, "max_steps": 889, "loss": 5.665464878082275, "elapsed_time": 55.44298052787781, "prnt": false}
{"event": "training_step", "timestamp": 1769651718.5298367, "step": 536, "max_steps": 889, "loss": 5.67853307723999, "elapsed_time": 55.53755164146423, "prnt": false}
{"event": "training_step", "timestamp": 1769651718.6234512, "step": 537, "max_steps": 889, "loss": 5.624174118041992, "elapsed_time": 55.630982637405396, "prnt": false}
{"event": "training_step", "timestamp": 1769651718.7171366, "step": 538, "max_steps": 889, "loss": 5.635994911193848, "elapsed_time": 55.724514961242676, "prnt": false}
{"event": "training_step", "timestamp": 1769651718.81109, "step": 539, "max_steps": 889, "loss": 5.604431629180908, "elapsed_time": 55.818215131759644, "prnt": false}
{"event": "training_step", "timestamp": 1769651718.9047558, "step": 540, "max_steps": 889, "loss": 5.7214555740356445, "elapsed_time": 55.912171840667725, "prnt": false}
{"event": "training_step", "timestamp": 1769651718.9985018, "step": 541, "max_steps": 889, "loss": 5.604536056518555, "elapsed_time": 56.0058228969574, "prnt": false}
{"event": "training_step", "timestamp": 1769651719.0921474, "step": 542, "max_steps": 889, "loss": 5.571985721588135, "elapsed_time": 56.0996835231781, "prnt": false}
{"event": "training_step", "timestamp": 1769651719.1859415, "step": 543, "max_steps": 889, "loss": 5.669595241546631, "elapsed_time": 56.1932532787323, "prnt": false}
{"event": "training_step", "timestamp": 1769651719.2796361, "step": 544, "max_steps": 889, "loss": 5.6443190574646, "elapsed_time": 56.28686833381653, "prnt": false}
{"event": "training_step", "timestamp": 1769651719.3732252, "step": 545, "max_steps": 889, "loss": 5.678731918334961, "elapsed_time": 56.3807315826416, "prnt": false}
{"event": "training_step", "timestamp": 1769651719.4669032, "step": 546, "max_steps": 889, "loss": 5.634191036224365, "elapsed_time": 56.474079608917236, "prnt": false}
{"event": "validation_step", "timestamp": 1769651719.896676, "step": 546, "max_steps": 889, "loss": 1.3384434524674427, "elapsed_time": 56.474079608917236}
{"event": "training_step", "timestamp": 1769651719.9909382, "step": 547, "max_steps": 889, "loss": 5.685561656951904, "elapsed_time": 56.99819326400757, "prnt": false}
{"event": "training_step", "timestamp": 1769651720.0843768, "step": 548, "max_steps": 889, "loss": 5.570570468902588, "elapsed_time": 57.09191393852234, "prnt": false}
{"event": "training_step", "timestamp": 1769651720.1781077, "step": 549, "max_steps": 889, "loss": 5.657033920288086, "elapsed_time": 57.18545317649841, "prnt": false}
{"event": "training_step", "timestamp": 1769651720.2712648, "step": 550, "max_steps": 889, "loss": 5.635751247406006, "elapsed_time": 57.279099464416504, "prnt": false}
{"event": "training_step", "timestamp": 1769651720.364688, "step": 551, "max_steps": 889, "loss": 5.657012939453125, "elapsed_time": 57.37230658531189, "prnt": false}
{"event": "training_step", "timestamp": 1769651720.458619, "step": 552, "max_steps": 889, "loss": 5.660569190979004, "elapsed_time": 57.465648889541626, "prnt": false}
{"event": "training_step", "timestamp": 1769651720.5519838, "step": 553, "max_steps": 889, "loss": 5.475359916687012, "elapsed_time": 57.560187339782715, "prnt": false}
{"event": "training_step", "timestamp": 1769651720.6457272, "step": 554, "max_steps": 889, "loss": 5.663656711578369, "elapsed_time": 57.653969287872314, "prnt": false}
{"event": "training_step", "timestamp": 1769651720.7394502, "step": 555, "max_steps": 889, "loss": 5.629721164703369, "elapsed_time": 57.74697518348694, "prnt": false}
{"event": "training_step", "timestamp": 1769651720.8332326, "step": 556, "max_steps": 889, "loss": 5.590860366821289, "elapsed_time": 57.840537548065186, "prnt": false}
{"event": "training_step", "timestamp": 1769651720.9270754, "step": 557, "max_steps": 889, "loss": 5.644116401672363, "elapsed_time": 57.93440818786621, "prnt": false}
{"event": "training_step", "timestamp": 1769651721.0206864, "step": 558, "max_steps": 889, "loss": 5.56975793838501, "elapsed_time": 58.02816939353943, "prnt": false}
{"event": "training_step", "timestamp": 1769651721.1144683, "step": 559, "max_steps": 889, "loss": 5.5990777015686035, "elapsed_time": 58.12204933166504, "prnt": false}
{"event": "training_step", "timestamp": 1769651721.2081997, "step": 560, "max_steps": 889, "loss": 5.633110046386719, "elapsed_time": 58.215466022491455, "prnt": false}
{"event": "training_step", "timestamp": 1769651721.3018768, "step": 561, "max_steps": 889, "loss": 5.594738960266113, "elapsed_time": 58.309271574020386, "prnt": false}
{"event": "training_step", "timestamp": 1769651721.3955886, "step": 562, "max_steps": 889, "loss": 5.68903923034668, "elapsed_time": 58.40275979042053, "prnt": false}
{"event": "training_step", "timestamp": 1769651721.4894192, "step": 563, "max_steps": 889, "loss": 5.591013431549072, "elapsed_time": 58.496575355529785, "prnt": false}
{"event": "training_step", "timestamp": 1769651721.583008, "step": 564, "max_steps": 889, "loss": 5.612965106964111, "elapsed_time": 58.59033799171448, "prnt": false}
{"event": "training_step", "timestamp": 1769651721.6767948, "step": 565, "max_steps": 889, "loss": 5.561315536499023, "elapsed_time": 58.68423390388489, "prnt": false}
{"event": "training_step", "timestamp": 1769651721.7704563, "step": 566, "max_steps": 889, "loss": 5.610259056091309, "elapsed_time": 58.77772760391235, "prnt": false}
{"event": "training_step", "timestamp": 1769651721.8641622, "step": 567, "max_steps": 889, "loss": 5.619389057159424, "elapsed_time": 58.87186574935913, "prnt": false}
{"event": "training_step", "timestamp": 1769651721.9578435, "step": 568, "max_steps": 889, "loss": 5.585819244384766, "elapsed_time": 58.9651894569397, "prnt": false}
{"event": "training_step", "timestamp": 1769651722.0514438, "step": 569, "max_steps": 889, "loss": 5.5870747566223145, "elapsed_time": 59.05919051170349, "prnt": false}
{"event": "training_step", "timestamp": 1769651722.145197, "step": 570, "max_steps": 889, "loss": 5.616468906402588, "elapsed_time": 59.15255093574524, "prnt": false}
{"event": "training_step", "timestamp": 1769651722.2389677, "step": 571, "max_steps": 889, "loss": 5.587480545043945, "elapsed_time": 59.246442556381226, "prnt": false}
{"event": "training_step", "timestamp": 1769651722.3323882, "step": 572, "max_steps": 889, "loss": 5.6081647872924805, "elapsed_time": 59.339919090270996, "prnt": false}
{"event": "training_step", "timestamp": 1769651722.4262357, "step": 573, "max_steps": 889, "loss": 5.550594329833984, "elapsed_time": 59.43360376358032, "prnt": false}
{"event": "training_step", "timestamp": 1769651722.5199847, "step": 574, "max_steps": 889, "loss": 5.625825881958008, "elapsed_time": 59.52759289741516, "prnt": false}
{"event": "training_step", "timestamp": 1769651722.6134593, "step": 575, "max_steps": 889, "loss": 5.620419502258301, "elapsed_time": 59.620988845825195, "prnt": false}
{"event": "training_step", "timestamp": 1769651722.7071466, "step": 576, "max_steps": 889, "loss": 5.534132957458496, "elapsed_time": 59.71441578865051, "prnt": false}
{"event": "training_step", "timestamp": 1769651722.800785, "step": 577, "max_steps": 889, "loss": 5.539252758026123, "elapsed_time": 59.808096170425415, "prnt": false}
{"event": "training_step", "timestamp": 1769651722.8944016, "step": 578, "max_steps": 889, "loss": 5.627387046813965, "elapsed_time": 59.90184140205383, "prnt": false}
{"event": "training_step", "timestamp": 1769651722.9883525, "step": 579, "max_steps": 889, "loss": 5.550075531005859, "elapsed_time": 59.99541163444519, "prnt": false}
{"event": "training_step", "timestamp": 1769651723.0818965, "step": 580, "max_steps": 889, "loss": 5.568946838378906, "elapsed_time": 60.08923411369324, "prnt": false}
{"event": "training_step", "timestamp": 1769651723.1756635, "step": 581, "max_steps": 889, "loss": 5.517598628997803, "elapsed_time": 60.18291878700256, "prnt": false}
{"event": "training_step", "timestamp": 1769651723.2697227, "step": 582, "max_steps": 889, "loss": 5.5507917404174805, "elapsed_time": 60.27660799026489, "prnt": false}
{"event": "training_step", "timestamp": 1769651723.363179, "step": 583, "max_steps": 889, "loss": 5.566748142242432, "elapsed_time": 60.3707640171051, "prnt": false}
{"event": "training_step", "timestamp": 1769651723.456817, "step": 584, "max_steps": 889, "loss": 5.538215160369873, "elapsed_time": 60.46402931213379, "prnt": false}
{"event": "training_step", "timestamp": 1769651723.550827, "step": 585, "max_steps": 889, "loss": 5.643234729766846, "elapsed_time": 60.557778120040894, "prnt": false}
{"event": "training_step", "timestamp": 1769651723.6445112, "step": 586, "max_steps": 889, "loss": 5.585357666015625, "elapsed_time": 60.651726484298706, "prnt": false}
{"event": "training_step", "timestamp": 1769651723.7381842, "step": 587, "max_steps": 889, "loss": 5.625593662261963, "elapsed_time": 60.745689868927, "prnt": false}
{"event": "training_step", "timestamp": 1769651723.8316848, "step": 588, "max_steps": 889, "loss": 5.597481727600098, "elapsed_time": 60.83938002586365, "prnt": false}
{"event": "validation_step", "timestamp": 1769651724.261722, "step": 588, "max_steps": 889, "loss": 1.334285074355602, "elapsed_time": 60.83938002586365}
{"event": "training_step", "timestamp": 1769651724.3558514, "step": 589, "max_steps": 889, "loss": 5.581240177154541, "elapsed_time": 61.36313724517822, "prnt": false}
{"event": "training_step", "timestamp": 1769651724.4495053, "step": 590, "max_steps": 889, "loss": 5.510082244873047, "elapsed_time": 61.45687699317932, "prnt": false}
{"event": "training_step", "timestamp": 1769651724.5432398, "step": 591, "max_steps": 889, "loss": 5.700096130371094, "elapsed_time": 61.55096459388733, "prnt": false}
{"event": "training_step", "timestamp": 1769651724.63684, "step": 592, "max_steps": 889, "loss": 5.50587272644043, "elapsed_time": 61.644259214401245, "prnt": false}
{"event": "training_step", "timestamp": 1769651724.730471, "step": 593, "max_steps": 889, "loss": 5.571580410003662, "elapsed_time": 61.737847328186035, "prnt": false}
{"event": "training_step", "timestamp": 1769651724.8239524, "step": 594, "max_steps": 889, "loss": 5.630547046661377, "elapsed_time": 61.83148980140686, "prnt": false}
{"event": "training_step", "timestamp": 1769651724.917571, "step": 595, "max_steps": 889, "loss": 5.61580228805542, "elapsed_time": 61.92507219314575, "prnt": false}
{"event": "training_step", "timestamp": 1769651725.0111532, "step": 596, "max_steps": 889, "loss": 5.56808614730835, "elapsed_time": 62.01875948905945, "prnt": false}
{"event": "training_step", "timestamp": 1769651725.1046708, "step": 597, "max_steps": 889, "loss": 5.575417518615723, "elapsed_time": 62.11239051818848, "prnt": false}
{"event": "training_step", "timestamp": 1769651725.1983087, "step": 598, "max_steps": 889, "loss": 5.627038478851318, "elapsed_time": 62.205753326416016, "prnt": false}
{"event": "training_step", "timestamp": 1769651725.2919426, "step": 599, "max_steps": 889, "loss": 5.5515594482421875, "elapsed_time": 62.29940986633301, "prnt": false}
{"event": "training_step", "timestamp": 1769651725.3853552, "step": 600, "max_steps": 889, "loss": 5.609141826629639, "elapsed_time": 62.392892837524414, "prnt": false}
{"event": "training_step", "timestamp": 1769651725.4789855, "step": 601, "max_steps": 889, "loss": 5.652411460876465, "elapsed_time": 62.48644471168518, "prnt": false}
{"event": "training_step", "timestamp": 1769651725.5725157, "step": 602, "max_steps": 889, "loss": 5.635421276092529, "elapsed_time": 62.57991290092468, "prnt": false}
{"event": "training_step", "timestamp": 1769651725.6662815, "step": 603, "max_steps": 889, "loss": 5.55617094039917, "elapsed_time": 62.6734893321991, "prnt": false}
{"event": "training_step", "timestamp": 1769651725.759857, "step": 604, "max_steps": 889, "loss": 5.600603103637695, "elapsed_time": 62.7672016620636, "prnt": false}
{"event": "training_step", "timestamp": 1769651725.8537233, "step": 605, "max_steps": 889, "loss": 5.549884796142578, "elapsed_time": 62.861327171325684, "prnt": false}
{"event": "training_step", "timestamp": 1769651725.947505, "step": 606, "max_steps": 889, "loss": 5.507477283477783, "elapsed_time": 62.95475912094116, "prnt": false}
{"event": "training_step", "timestamp": 1769651726.0412824, "step": 607, "max_steps": 889, "loss": 5.528189659118652, "elapsed_time": 63.04902505874634, "prnt": false}
{"event": "training_step", "timestamp": 1769651726.1351602, "step": 608, "max_steps": 889, "loss": 5.551156997680664, "elapsed_time": 63.14292931556702, "prnt": false}
{"event": "training_step", "timestamp": 1769651726.2291129, "step": 609, "max_steps": 889, "loss": 5.517238140106201, "elapsed_time": 63.236347913742065, "prnt": false}
{"event": "training_step", "timestamp": 1769651726.3228872, "step": 610, "max_steps": 889, "loss": 5.522874355316162, "elapsed_time": 63.329965353012085, "prnt": false}
{"event": "training_step", "timestamp": 1769651726.416806, "step": 611, "max_steps": 889, "loss": 5.620361804962158, "elapsed_time": 63.42420983314514, "prnt": false}
{"event": "training_step", "timestamp": 1769651726.5104897, "step": 612, "max_steps": 889, "loss": 5.5977253913879395, "elapsed_time": 63.51775002479553, "prnt": false}
{"event": "training_step", "timestamp": 1769651726.6045196, "step": 613, "max_steps": 889, "loss": 5.534358024597168, "elapsed_time": 63.61236643791199, "prnt": false}
{"event": "training_step", "timestamp": 1769651726.698293, "step": 614, "max_steps": 889, "loss": 5.45911979675293, "elapsed_time": 63.70565056800842, "prnt": false}
{"event": "training_step", "timestamp": 1769651726.7919528, "step": 615, "max_steps": 889, "loss": 5.460444927215576, "elapsed_time": 63.799328327178955, "prnt": false}
{"event": "training_step", "timestamp": 1769651726.885812, "step": 616, "max_steps": 889, "loss": 5.430018901824951, "elapsed_time": 63.89316391944885, "prnt": false}
{"event": "training_step", "timestamp": 1769651726.9797888, "step": 617, "max_steps": 889, "loss": 5.534276485443115, "elapsed_time": 63.987062215805054, "prnt": false}
{"event": "training_step", "timestamp": 1769651727.0735295, "step": 618, "max_steps": 889, "loss": 5.56165075302124, "elapsed_time": 64.0808527469635, "prnt": false}
{"event": "training_step", "timestamp": 1769651727.1673813, "step": 619, "max_steps": 889, "loss": 5.561583995819092, "elapsed_time": 64.17455196380615, "prnt": false}
{"event": "training_step", "timestamp": 1769651727.261138, "step": 620, "max_steps": 889, "loss": 5.525259971618652, "elapsed_time": 64.2684051990509, "prnt": false}
{"event": "training_step", "timestamp": 1769651727.354874, "step": 621, "max_steps": 889, "loss": 5.494119644165039, "elapsed_time": 64.36219906806946, "prnt": false}
{"event": "training_step", "timestamp": 1769651727.4486966, "step": 622, "max_steps": 889, "loss": 5.60059928894043, "elapsed_time": 64.45579218864441, "prnt": false}
{"event": "training_step", "timestamp": 1769651727.5422747, "step": 623, "max_steps": 889, "loss": 5.554020881652832, "elapsed_time": 64.54974150657654, "prnt": false}
{"event": "training_step", "timestamp": 1769651727.635921, "step": 624, "max_steps": 889, "loss": 5.510517120361328, "elapsed_time": 64.6432716846466, "prnt": false}
{"event": "training_step", "timestamp": 1769651727.729481, "step": 625, "max_steps": 889, "loss": 5.562435150146484, "elapsed_time": 64.73697876930237, "prnt": false}
{"event": "training_step", "timestamp": 1769651727.8227966, "step": 626, "max_steps": 889, "loss": 5.549695014953613, "elapsed_time": 64.83053827285767, "prnt": false}
{"event": "training_step", "timestamp": 1769651727.9165492, "step": 627, "max_steps": 889, "loss": 5.435363292694092, "elapsed_time": 64.92412781715393, "prnt": false}
{"event": "training_step", "timestamp": 1769651728.0103085, "step": 628, "max_steps": 889, "loss": 5.496205806732178, "elapsed_time": 65.01749038696289, "prnt": false}
{"event": "training_step", "timestamp": 1769651728.1039057, "step": 629, "max_steps": 889, "loss": 5.528592586517334, "elapsed_time": 65.11122417449951, "prnt": false}
{"event": "training_step", "timestamp": 1769651728.1975796, "step": 630, "max_steps": 889, "loss": 5.449558258056641, "elapsed_time": 65.20483446121216, "prnt": false}
{"event": "validation_step", "timestamp": 1769651728.6275623, "step": 630, "max_steps": 889, "loss": 1.3327548604640154, "elapsed_time": 65.20483446121216}
{"event": "training_step", "timestamp": 1769651728.7215703, "step": 631, "max_steps": 889, "loss": 5.45953369140625, "elapsed_time": 65.72923183441162, "prnt": false}
{"event": "training_step", "timestamp": 1769651728.8152814, "step": 632, "max_steps": 889, "loss": 5.513049602508545, "elapsed_time": 65.82254457473755, "prnt": false}
{"event": "training_step", "timestamp": 1769651728.90892, "step": 633, "max_steps": 889, "loss": 5.554292678833008, "elapsed_time": 65.91644310951233, "prnt": false}
{"event": "training_step", "timestamp": 1769651729.0026333, "step": 634, "max_steps": 889, "loss": 5.536613941192627, "elapsed_time": 66.00988006591797, "prnt": false}
{"event": "training_step", "timestamp": 1769651729.0962842, "step": 635, "max_steps": 889, "loss": 5.5178632736206055, "elapsed_time": 66.1035840511322, "prnt": false}
{"event": "training_step", "timestamp": 1769651729.1899173, "step": 636, "max_steps": 889, "loss": 5.482177734375, "elapsed_time": 66.19757676124573, "prnt": false}
{"event": "training_step", "timestamp": 1769651729.2836344, "step": 637, "max_steps": 889, "loss": 5.491198539733887, "elapsed_time": 66.29086208343506, "prnt": false}
{"event": "training_step", "timestamp": 1769651729.3773248, "step": 638, "max_steps": 889, "loss": 5.44276762008667, "elapsed_time": 66.38471722602844, "prnt": false}
{"event": "training_step", "timestamp": 1769651729.470786, "step": 639, "max_steps": 889, "loss": 5.440875053405762, "elapsed_time": 66.47830653190613, "prnt": false}
{"event": "training_step", "timestamp": 1769651729.5646002, "step": 640, "max_steps": 889, "loss": 5.568579196929932, "elapsed_time": 66.57194995880127, "prnt": false}
{"event": "training_step", "timestamp": 1769651729.658299, "step": 641, "max_steps": 889, "loss": 5.48361873626709, "elapsed_time": 66.66553831100464, "prnt": false}
{"event": "training_step", "timestamp": 1769651729.751942, "step": 642, "max_steps": 889, "loss": 5.482736110687256, "elapsed_time": 66.7593343257904, "prnt": false}
{"event": "training_step", "timestamp": 1769651729.845786, "step": 643, "max_steps": 889, "loss": 5.520249843597412, "elapsed_time": 66.85291767120361, "prnt": false}
{"event": "training_step", "timestamp": 1769651729.9395084, "step": 644, "max_steps": 889, "loss": 5.490289688110352, "elapsed_time": 66.94694805145264, "prnt": false}
{"event": "training_step", "timestamp": 1769651730.033175, "step": 645, "max_steps": 889, "loss": 5.488358020782471, "elapsed_time": 67.04054570198059, "prnt": false}
{"event": "training_step", "timestamp": 1769651730.1265378, "step": 646, "max_steps": 889, "loss": 5.561065673828125, "elapsed_time": 67.13425731658936, "prnt": false}
{"event": "training_step", "timestamp": 1769651730.220153, "step": 647, "max_steps": 889, "loss": 5.527676582336426, "elapsed_time": 67.22753095626831, "prnt": false}
{"event": "training_step", "timestamp": 1769651730.3139217, "step": 648, "max_steps": 889, "loss": 5.458883285522461, "elapsed_time": 67.32109904289246, "prnt": false}
{"event": "training_step", "timestamp": 1769651730.407601, "step": 649, "max_steps": 889, "loss": 5.5179243087768555, "elapsed_time": 67.41483354568481, "prnt": false}
{"event": "training_step", "timestamp": 1769651730.501122, "step": 650, "max_steps": 889, "loss": 5.516720294952393, "elapsed_time": 67.50865936279297, "prnt": false}
{"event": "training_step", "timestamp": 1769651730.5949497, "step": 651, "max_steps": 889, "loss": 5.393373012542725, "elapsed_time": 67.6026177406311, "prnt": false}
{"event": "training_step", "timestamp": 1769651730.6887097, "step": 652, "max_steps": 889, "loss": 5.566880226135254, "elapsed_time": 67.69605326652527, "prnt": false}
{"event": "training_step", "timestamp": 1769651730.7820933, "step": 653, "max_steps": 889, "loss": 5.422596454620361, "elapsed_time": 67.78964805603027, "prnt": false}
{"event": "training_step", "timestamp": 1769651730.8758245, "step": 654, "max_steps": 889, "loss": 5.477463722229004, "elapsed_time": 67.88318085670471, "prnt": false}
{"event": "training_step", "timestamp": 1769651730.9693317, "step": 655, "max_steps": 889, "loss": 5.510535717010498, "elapsed_time": 67.97674918174744, "prnt": false}
{"event": "training_step", "timestamp": 1769651731.0632105, "step": 656, "max_steps": 889, "loss": 5.435706615447998, "elapsed_time": 68.07043504714966, "prnt": false}
{"event": "training_step", "timestamp": 1769651731.1569324, "step": 657, "max_steps": 889, "loss": 5.475803852081299, "elapsed_time": 68.1642894744873, "prnt": false}
{"event": "training_step", "timestamp": 1769651731.2506, "step": 658, "max_steps": 889, "loss": 5.428102016448975, "elapsed_time": 68.25806999206543, "prnt": false}
{"event": "training_step", "timestamp": 1769651731.344323, "step": 659, "max_steps": 889, "loss": 5.457077503204346, "elapsed_time": 68.35147643089294, "prnt": false}
{"event": "training_step", "timestamp": 1769651731.4381423, "step": 660, "max_steps": 889, "loss": 5.470889091491699, "elapsed_time": 68.44537401199341, "prnt": false}
{"event": "training_step", "timestamp": 1769651731.531925, "step": 661, "max_steps": 889, "loss": 5.485630035400391, "elapsed_time": 68.53901720046997, "prnt": false}
{"event": "training_step", "timestamp": 1769651731.625733, "step": 662, "max_steps": 889, "loss": 5.529889106750488, "elapsed_time": 68.63303756713867, "prnt": false}
{"event": "training_step", "timestamp": 1769651731.7193768, "step": 663, "max_steps": 889, "loss": 5.491030693054199, "elapsed_time": 68.72666263580322, "prnt": false}
{"event": "training_step", "timestamp": 1769651731.813236, "step": 664, "max_steps": 889, "loss": 5.461953163146973, "elapsed_time": 68.82045340538025, "prnt": false}
{"event": "training_step", "timestamp": 1769651731.9070997, "step": 665, "max_steps": 889, "loss": 5.478134632110596, "elapsed_time": 68.91432070732117, "prnt": false}
{"event": "training_step", "timestamp": 1769651732.0007765, "step": 666, "max_steps": 889, "loss": 5.483914375305176, "elapsed_time": 69.0081615447998, "prnt": false}
{"event": "training_step", "timestamp": 1769651732.0944378, "step": 667, "max_steps": 889, "loss": 5.506785869598389, "elapsed_time": 69.10157513618469, "prnt": false}
{"event": "training_step", "timestamp": 1769651732.1882136, "step": 668, "max_steps": 889, "loss": 5.472733020782471, "elapsed_time": 69.19546389579773, "prnt": false}
{"event": "training_step", "timestamp": 1769651732.2817676, "step": 669, "max_steps": 889, "loss": 5.513299465179443, "elapsed_time": 69.28913640975952, "prnt": false}
{"event": "training_step", "timestamp": 1769651732.3755004, "step": 670, "max_steps": 889, "loss": 5.452951908111572, "elapsed_time": 69.3827874660492, "prnt": false}
{"event": "training_step", "timestamp": 1769651732.4690568, "step": 671, "max_steps": 889, "loss": 5.428466320037842, "elapsed_time": 69.47642087936401, "prnt": false}
{"event": "training_step", "timestamp": 1769651732.5627143, "step": 672, "max_steps": 889, "loss": 5.472541809082031, "elapsed_time": 69.57009506225586, "prnt": false}
{"event": "validation_step", "timestamp": 1769651732.9929745, "step": 672, "max_steps": 889, "loss": 1.3318284548040182, "elapsed_time": 69.57009506225586}
{"event": "training_step", "timestamp": 1769651733.0874593, "step": 673, "max_steps": 889, "loss": 5.4514923095703125, "elapsed_time": 70.09475350379944, "prnt": false}
{"event": "training_step", "timestamp": 1769651733.1813571, "step": 674, "max_steps": 889, "loss": 5.419233322143555, "elapsed_time": 70.18854832649231, "prnt": false}
{"event": "training_step", "timestamp": 1769651733.2751374, "step": 675, "max_steps": 889, "loss": 5.456431865692139, "elapsed_time": 70.28229904174805, "prnt": false}
{"event": "training_step", "timestamp": 1769651733.3687508, "step": 676, "max_steps": 889, "loss": 5.4700236320495605, "elapsed_time": 70.37611508369446, "prnt": false}
{"event": "training_step", "timestamp": 1769651733.4624798, "step": 677, "max_steps": 889, "loss": 5.479163646697998, "elapsed_time": 70.46969962120056, "prnt": false}
{"event": "training_step", "timestamp": 1769651733.5564098, "step": 678, "max_steps": 889, "loss": 5.391459941864014, "elapsed_time": 70.56355667114258, "prnt": false}
{"event": "training_step", "timestamp": 1769651733.6499536, "step": 679, "max_steps": 889, "loss": 5.535830497741699, "elapsed_time": 70.6572687625885, "prnt": false}
{"event": "training_step", "timestamp": 1769651733.7437677, "step": 680, "max_steps": 889, "loss": 5.508000373840332, "elapsed_time": 70.7509331703186, "prnt": false}
{"event": "training_step", "timestamp": 1769651733.8375213, "step": 681, "max_steps": 889, "loss": 5.406521797180176, "elapsed_time": 70.84471011161804, "prnt": false}
{"event": "training_step", "timestamp": 1769651733.9314113, "step": 682, "max_steps": 889, "loss": 5.4467058181762695, "elapsed_time": 70.93848729133606, "prnt": false}
{"event": "training_step", "timestamp": 1769651734.025281, "step": 683, "max_steps": 889, "loss": 5.412032604217529, "elapsed_time": 71.03228640556335, "prnt": false}
{"event": "training_step", "timestamp": 1769651734.1188743, "step": 684, "max_steps": 889, "loss": 5.415337562561035, "elapsed_time": 71.126305103302, "prnt": false}
{"event": "training_step", "timestamp": 1769651734.2126, "step": 685, "max_steps": 889, "loss": 5.392173767089844, "elapsed_time": 71.21973586082458, "prnt": false}
{"event": "training_step", "timestamp": 1769651734.306536, "step": 686, "max_steps": 889, "loss": 5.465506553649902, "elapsed_time": 71.31374478340149, "prnt": false}
{"event": "training_step", "timestamp": 1769651734.4000099, "step": 687, "max_steps": 889, "loss": 5.459142684936523, "elapsed_time": 71.4075710773468, "prnt": false}
{"event": "training_step", "timestamp": 1769651734.4938514, "step": 688, "max_steps": 889, "loss": 5.450183868408203, "elapsed_time": 71.50114130973816, "prnt": false}
{"event": "training_step", "timestamp": 1769651734.5875626, "step": 689, "max_steps": 889, "loss": 5.4430108070373535, "elapsed_time": 71.59481739997864, "prnt": false}
{"event": "training_step", "timestamp": 1769651734.6813557, "step": 690, "max_steps": 889, "loss": 5.3974785804748535, "elapsed_time": 71.68951058387756, "prnt": false}
{"event": "training_step", "timestamp": 1769651734.7750006, "step": 691, "max_steps": 889, "loss": 5.530037879943848, "elapsed_time": 71.78232264518738, "prnt": false}
{"event": "training_step", "timestamp": 1769651734.8688166, "step": 692, "max_steps": 889, "loss": 5.423349380493164, "elapsed_time": 71.87616848945618, "prnt": false}
{"event": "training_step", "timestamp": 1769651734.9623096, "step": 693, "max_steps": 889, "loss": 5.444570064544678, "elapsed_time": 71.96970534324646, "prnt": false}
{"event": "training_step", "timestamp": 1769651735.0561833, "step": 694, "max_steps": 889, "loss": 5.512406826019287, "elapsed_time": 72.06337761878967, "prnt": false}
{"event": "training_step", "timestamp": 1769651735.1500545, "step": 695, "max_steps": 889, "loss": 5.423307418823242, "elapsed_time": 72.15711641311646, "prnt": false}
{"event": "training_step", "timestamp": 1769651735.2438083, "step": 696, "max_steps": 889, "loss": 5.424408435821533, "elapsed_time": 72.25111627578735, "prnt": false}
{"event": "training_step", "timestamp": 1769651735.3374994, "step": 697, "max_steps": 889, "loss": 5.436896800994873, "elapsed_time": 72.34480619430542, "prnt": false}
{"event": "training_step", "timestamp": 1769651735.4313998, "step": 698, "max_steps": 889, "loss": 5.454005241394043, "elapsed_time": 72.43859148025513, "prnt": false}
{"event": "training_step", "timestamp": 1769651735.5250359, "step": 699, "max_steps": 889, "loss": 5.391027927398682, "elapsed_time": 72.53226661682129, "prnt": false}
{"event": "training_step", "timestamp": 1769651735.6186812, "step": 700, "max_steps": 889, "loss": 5.494825839996338, "elapsed_time": 72.62617826461792, "prnt": false}
{"event": "training_step", "timestamp": 1769651735.7125092, "step": 701, "max_steps": 889, "loss": 5.39468240737915, "elapsed_time": 72.71983098983765, "prnt": false}
{"event": "training_step", "timestamp": 1769651735.8062787, "step": 702, "max_steps": 889, "loss": 5.4744367599487305, "elapsed_time": 72.81351828575134, "prnt": false}
{"event": "training_step", "timestamp": 1769651735.8997848, "step": 703, "max_steps": 889, "loss": 5.429889678955078, "elapsed_time": 72.90721583366394, "prnt": false}
{"event": "training_step", "timestamp": 1769651735.993591, "step": 704, "max_steps": 889, "loss": 5.462836265563965, "elapsed_time": 73.00080585479736, "prnt": false}
{"event": "training_step", "timestamp": 1769651736.0872507, "step": 705, "max_steps": 889, "loss": 5.462907791137695, "elapsed_time": 73.09448552131653, "prnt": false}
{"event": "training_step", "timestamp": 1769651736.1808276, "step": 706, "max_steps": 889, "loss": 5.470953941345215, "elapsed_time": 73.18826079368591, "prnt": false}
{"event": "training_step", "timestamp": 1769651736.274505, "step": 707, "max_steps": 889, "loss": 5.444873809814453, "elapsed_time": 73.28185606002808, "prnt": false}
{"event": "training_step", "timestamp": 1769651736.3678474, "step": 708, "max_steps": 889, "loss": 5.433728218078613, "elapsed_time": 73.37557482719421, "prnt": false}
{"event": "training_step", "timestamp": 1769651736.461646, "step": 709, "max_steps": 889, "loss": 5.431756496429443, "elapsed_time": 73.46873688697815, "prnt": false}
{"event": "training_step", "timestamp": 1769651736.5555766, "step": 710, "max_steps": 889, "loss": 5.426546573638916, "elapsed_time": 73.56261849403381, "prnt": false}
{"event": "training_step", "timestamp": 1769651736.6495204, "step": 711, "max_steps": 889, "loss": 5.3706464767456055, "elapsed_time": 73.65735292434692, "prnt": false}
{"event": "training_step", "timestamp": 1769651736.7435274, "step": 712, "max_steps": 889, "loss": 5.453935623168945, "elapsed_time": 73.75071239471436, "prnt": false}
{"event": "training_step", "timestamp": 1769651736.8373127, "step": 713, "max_steps": 889, "loss": 5.420757293701172, "elapsed_time": 73.84460163116455, "prnt": false}
{"event": "training_step", "timestamp": 1769651736.9312184, "step": 714, "max_steps": 889, "loss": 5.470882415771484, "elapsed_time": 73.93835973739624, "prnt": false}
{"event": "validation_step", "timestamp": 1769651737.3613582, "step": 714, "max_steps": 889, "loss": 1.330836120564959, "elapsed_time": 73.93835973739624}
{"event": "training_step", "timestamp": 1769651737.455697, "step": 715, "max_steps": 889, "loss": 5.4236159324646, "elapsed_time": 74.46270632743835, "prnt": false}
{"event": "training_step", "timestamp": 1769651737.549612, "step": 716, "max_steps": 889, "loss": 5.436675071716309, "elapsed_time": 74.55695080757141, "prnt": false}
{"event": "training_step", "timestamp": 1769651737.6433063, "step": 717, "max_steps": 889, "loss": 5.422534465789795, "elapsed_time": 74.6506769657135, "prnt": false}
{"event": "training_step", "timestamp": 1769651737.737149, "step": 718, "max_steps": 889, "loss": 5.479569911956787, "elapsed_time": 74.74431777000427, "prnt": false}
{"event": "training_step", "timestamp": 1769651737.8309557, "step": 719, "max_steps": 889, "loss": 5.420175075531006, "elapsed_time": 74.83812403678894, "prnt": false}
{"event": "training_step", "timestamp": 1769651737.9247677, "step": 720, "max_steps": 889, "loss": 5.409988880157471, "elapsed_time": 74.93217515945435, "prnt": false}
{"event": "training_step", "timestamp": 1769651738.0183437, "step": 721, "max_steps": 889, "loss": 5.4403767585754395, "elapsed_time": 75.02580952644348, "prnt": false}
{"event": "training_step", "timestamp": 1769651738.1122885, "step": 722, "max_steps": 889, "loss": 5.464678764343262, "elapsed_time": 75.11956024169922, "prnt": false}
{"event": "training_step", "timestamp": 1769651738.2059681, "step": 723, "max_steps": 889, "loss": 5.442349433898926, "elapsed_time": 75.21321105957031, "prnt": false}
{"event": "training_step", "timestamp": 1769651738.2995791, "step": 724, "max_steps": 889, "loss": 5.453642845153809, "elapsed_time": 75.30698704719543, "prnt": false}
{"event": "training_step", "timestamp": 1769651738.393315, "step": 725, "max_steps": 889, "loss": 5.4797539710998535, "elapsed_time": 75.40037727355957, "prnt": false}
{"event": "training_step", "timestamp": 1769651738.4870305, "step": 726, "max_steps": 889, "loss": 5.448319435119629, "elapsed_time": 75.49430394172668, "prnt": false}
{"event": "training_step", "timestamp": 1769651738.580625, "step": 727, "max_steps": 889, "loss": 5.473660469055176, "elapsed_time": 75.587975025177, "prnt": false}
{"event": "training_step", "timestamp": 1769651738.6746972, "step": 728, "max_steps": 889, "loss": 5.380355358123779, "elapsed_time": 75.68258571624756, "prnt": false}
{"event": "training_step", "timestamp": 1769651738.7682998, "step": 729, "max_steps": 889, "loss": 5.408132076263428, "elapsed_time": 75.77574133872986, "prnt": false}
{"event": "training_step", "timestamp": 1769651738.8620012, "step": 730, "max_steps": 889, "loss": 5.322662353515625, "elapsed_time": 75.86933422088623, "prnt": false}
{"event": "training_step", "timestamp": 1769651738.9558356, "step": 731, "max_steps": 889, "loss": 5.412858963012695, "elapsed_time": 75.96291041374207, "prnt": false}
{"event": "training_step", "timestamp": 1769651739.049776, "step": 732, "max_steps": 889, "loss": 5.523402690887451, "elapsed_time": 76.05687093734741, "prnt": false}
{"event": "training_step", "timestamp": 1769651739.1435528, "step": 733, "max_steps": 889, "loss": 5.427916049957275, "elapsed_time": 76.1507248878479, "prnt": false}
{"event": "training_step", "timestamp": 1769651739.237357, "step": 734, "max_steps": 889, "loss": 5.354122161865234, "elapsed_time": 76.24450063705444, "prnt": false}
{"event": "training_step", "timestamp": 1769651739.3311284, "step": 735, "max_steps": 889, "loss": 5.346567153930664, "elapsed_time": 76.33829164505005, "prnt": false}
{"event": "training_step", "timestamp": 1769651739.4251056, "step": 736, "max_steps": 889, "loss": 5.418245315551758, "elapsed_time": 76.43217587471008, "prnt": false}
{"event": "training_step", "timestamp": 1769651739.5186863, "step": 737, "max_steps": 889, "loss": 5.42512321472168, "elapsed_time": 76.52618551254272, "prnt": false}
{"event": "training_step", "timestamp": 1769651739.6126003, "step": 738, "max_steps": 889, "loss": 5.396664619445801, "elapsed_time": 76.61994767189026, "prnt": false}
{"event": "training_step", "timestamp": 1769651739.7062676, "step": 739, "max_steps": 889, "loss": 5.43411922454834, "elapsed_time": 76.71354413032532, "prnt": false}
{"event": "training_step", "timestamp": 1769651739.8000617, "step": 740, "max_steps": 889, "loss": 5.433507442474365, "elapsed_time": 76.80731248855591, "prnt": false}
{"event": "training_step", "timestamp": 1769651739.8937676, "step": 741, "max_steps": 889, "loss": 5.402830600738525, "elapsed_time": 76.90109038352966, "prnt": false}
{"event": "training_step", "timestamp": 1769651739.9875205, "step": 742, "max_steps": 889, "loss": 5.396055221557617, "elapsed_time": 76.99488830566406, "prnt": false}
{"event": "training_step", "timestamp": 1769651740.0812383, "step": 743, "max_steps": 889, "loss": 5.477181911468506, "elapsed_time": 77.08838367462158, "prnt": false}
{"event": "training_step", "timestamp": 1769651740.1751509, "step": 744, "max_steps": 889, "loss": 5.437682628631592, "elapsed_time": 77.18232297897339, "prnt": false}
{"event": "training_step", "timestamp": 1769651740.268971, "step": 745, "max_steps": 889, "loss": 5.3941192626953125, "elapsed_time": 77.27608728408813, "prnt": false}
{"event": "training_step", "timestamp": 1769651740.3627934, "step": 746, "max_steps": 889, "loss": 5.406586647033691, "elapsed_time": 77.37009525299072, "prnt": false}
{"event": "training_step", "timestamp": 1769651740.4565709, "step": 747, "max_steps": 889, "loss": 5.352462291717529, "elapsed_time": 77.46368050575256, "prnt": false}
{"event": "training_step", "timestamp": 1769651740.55041, "step": 748, "max_steps": 889, "loss": 5.398221492767334, "elapsed_time": 77.55769205093384, "prnt": false}
{"event": "training_step", "timestamp": 1769651740.6440558, "step": 749, "max_steps": 889, "loss": 5.430094242095947, "elapsed_time": 77.65142846107483, "prnt": false}
{"event": "training_step", "timestamp": 1769651740.7382307, "step": 750, "max_steps": 889, "loss": 5.429149627685547, "elapsed_time": 77.74585723876953, "prnt": false}
{"event": "training_step", "timestamp": 1769651740.8321934, "step": 751, "max_steps": 889, "loss": 5.447425365447998, "elapsed_time": 77.83922505378723, "prnt": false}
{"event": "training_step", "timestamp": 1769651740.9258683, "step": 752, "max_steps": 889, "loss": 5.40785026550293, "elapsed_time": 77.933260679245, "prnt": false}
{"event": "training_step", "timestamp": 1769651741.0195584, "step": 753, "max_steps": 889, "loss": 5.422438144683838, "elapsed_time": 78.02679324150085, "prnt": false}
{"event": "training_step", "timestamp": 1769651741.1134028, "step": 754, "max_steps": 889, "loss": 5.439169883728027, "elapsed_time": 78.12063360214233, "prnt": false}
{"event": "training_step", "timestamp": 1769651741.2069736, "step": 755, "max_steps": 889, "loss": 5.456739902496338, "elapsed_time": 78.21438407897949, "prnt": false}
{"event": "training_step", "timestamp": 1769651741.3006582, "step": 756, "max_steps": 889, "loss": 5.394994735717773, "elapsed_time": 78.30801677703857, "prnt": false}
{"event": "validation_step", "timestamp": 1769651741.731203, "step": 756, "max_steps": 889, "loss": 1.3302984825968471, "elapsed_time": 78.30801677703857}
{"event": "training_step", "timestamp": 1769651741.82539, "step": 757, "max_steps": 889, "loss": 5.415098667144775, "elapsed_time": 78.8326952457428, "prnt": false}
{"event": "training_step", "timestamp": 1769651741.9190245, "step": 758, "max_steps": 889, "loss": 5.3852081298828125, "elapsed_time": 78.92660641670227, "prnt": false}
{"event": "training_step", "timestamp": 1769651742.0126925, "step": 759, "max_steps": 889, "loss": 5.4135541915893555, "elapsed_time": 79.01993703842163, "prnt": false}
{"event": "training_step", "timestamp": 1769651742.1064475, "step": 760, "max_steps": 889, "loss": 5.449916362762451, "elapsed_time": 79.11401319503784, "prnt": false}
{"event": "training_step", "timestamp": 1769651742.2001019, "step": 761, "max_steps": 889, "loss": 5.413578987121582, "elapsed_time": 79.20733618736267, "prnt": false}
{"event": "training_step", "timestamp": 1769651742.2938623, "step": 762, "max_steps": 889, "loss": 5.459478855133057, "elapsed_time": 79.30124235153198, "prnt": false}
{"event": "training_step", "timestamp": 1769651742.387862, "step": 763, "max_steps": 889, "loss": 5.443301677703857, "elapsed_time": 79.3950572013855, "prnt": false}
{"event": "training_step", "timestamp": 1769651742.481735, "step": 764, "max_steps": 889, "loss": 5.360783100128174, "elapsed_time": 79.48872399330139, "prnt": false}
{"event": "training_step", "timestamp": 1769651742.5755682, "step": 765, "max_steps": 889, "loss": 5.42902135848999, "elapsed_time": 79.58287024497986, "prnt": false}
{"event": "training_step", "timestamp": 1769651742.6694427, "step": 766, "max_steps": 889, "loss": 5.494167327880859, "elapsed_time": 79.67648816108704, "prnt": false}
{"event": "training_step", "timestamp": 1769651742.7637172, "step": 767, "max_steps": 889, "loss": 5.33583927154541, "elapsed_time": 79.77123522758484, "prnt": false}
{"event": "training_step", "timestamp": 1769651742.8573406, "step": 768, "max_steps": 889, "loss": 5.372696399688721, "elapsed_time": 79.86500477790833, "prnt": false}
{"event": "training_step", "timestamp": 1769651742.95118, "step": 769, "max_steps": 889, "loss": 5.381604194641113, "elapsed_time": 79.95847487449646, "prnt": false}
{"event": "training_step", "timestamp": 1769651743.0445838, "step": 770, "max_steps": 889, "loss": 5.357723712921143, "elapsed_time": 80.0521240234375, "prnt": false}
{"event": "training_step", "timestamp": 1769651743.1385353, "step": 771, "max_steps": 889, "loss": 5.3512797355651855, "elapsed_time": 80.1456949710846, "prnt": false}
{"event": "training_step", "timestamp": 1769651743.2321584, "step": 772, "max_steps": 889, "loss": 5.438521862030029, "elapsed_time": 80.23945879936218, "prnt": false}
{"event": "training_step", "timestamp": 1769651743.325721, "step": 773, "max_steps": 889, "loss": 5.35097074508667, "elapsed_time": 80.33328866958618, "prnt": false}
{"event": "training_step", "timestamp": 1769651743.4194071, "step": 774, "max_steps": 889, "loss": 5.332964897155762, "elapsed_time": 80.42664003372192, "prnt": false}
{"event": "training_step", "timestamp": 1769651743.5133374, "step": 775, "max_steps": 889, "loss": 5.401272296905518, "elapsed_time": 80.52074122428894, "prnt": false}
{"event": "training_step", "timestamp": 1769651743.606701, "step": 776, "max_steps": 889, "loss": 5.386106491088867, "elapsed_time": 80.6142852306366, "prnt": false}
{"event": "training_step", "timestamp": 1769651743.7005186, "step": 777, "max_steps": 889, "loss": 5.379401206970215, "elapsed_time": 80.70781469345093, "prnt": false}
{"event": "training_step", "timestamp": 1769651743.7941868, "step": 778, "max_steps": 889, "loss": 5.3271484375, "elapsed_time": 80.80149865150452, "prnt": false}
{"event": "training_step", "timestamp": 1769651743.8879023, "step": 779, "max_steps": 889, "loss": 5.358208179473877, "elapsed_time": 80.89544701576233, "prnt": false}
{"event": "training_step", "timestamp": 1769651743.9817338, "step": 780, "max_steps": 889, "loss": 5.411827564239502, "elapsed_time": 80.98891115188599, "prnt": false}
{"event": "training_step", "timestamp": 1769651744.0756466, "step": 781, "max_steps": 889, "loss": 5.3657546043396, "elapsed_time": 81.08306074142456, "prnt": false}
{"event": "training_step", "timestamp": 1769651744.1692507, "step": 782, "max_steps": 889, "loss": 5.3524956703186035, "elapsed_time": 81.17656421661377, "prnt": false}
{"event": "training_step", "timestamp": 1769651744.2626345, "step": 783, "max_steps": 889, "loss": 5.477567672729492, "elapsed_time": 81.27029132843018, "prnt": false}
{"event": "training_step", "timestamp": 1769651744.3561602, "step": 784, "max_steps": 889, "loss": 5.368916034698486, "elapsed_time": 81.36354947090149, "prnt": false}
{"event": "training_step", "timestamp": 1769651744.4500086, "step": 785, "max_steps": 889, "loss": 5.346397399902344, "elapsed_time": 81.45716786384583, "prnt": false}
{"event": "training_step", "timestamp": 1769651744.5438328, "step": 786, "max_steps": 889, "loss": 5.338010311126709, "elapsed_time": 81.55095171928406, "prnt": false}
{"event": "training_step", "timestamp": 1769651744.6374602, "step": 787, "max_steps": 889, "loss": 5.35685396194458, "elapsed_time": 81.64481949806213, "prnt": false}
{"event": "training_step", "timestamp": 1769651744.7313182, "step": 788, "max_steps": 889, "loss": 5.406588554382324, "elapsed_time": 81.73920202255249, "prnt": false}
{"event": "training_step", "timestamp": 1769651744.8250904, "step": 789, "max_steps": 889, "loss": 5.3957977294921875, "elapsed_time": 81.83253884315491, "prnt": false}
{"event": "training_step", "timestamp": 1769651744.9186122, "step": 790, "max_steps": 889, "loss": 5.437107086181641, "elapsed_time": 81.92602443695068, "prnt": false}
{"event": "training_step", "timestamp": 1769651745.012402, "step": 791, "max_steps": 889, "loss": 5.3978729248046875, "elapsed_time": 82.01972389221191, "prnt": false}
{"event": "training_step", "timestamp": 1769651745.1060605, "step": 792, "max_steps": 889, "loss": 5.476297855377197, "elapsed_time": 82.11340165138245, "prnt": false}
{"event": "training_step", "timestamp": 1769651745.1999903, "step": 793, "max_steps": 889, "loss": 5.411794662475586, "elapsed_time": 82.20700740814209, "prnt": false}
{"event": "training_step", "timestamp": 1769651745.2938373, "step": 794, "max_steps": 889, "loss": 5.37533712387085, "elapsed_time": 82.30090165138245, "prnt": false}
{"event": "training_step", "timestamp": 1769651745.3877661, "step": 795, "max_steps": 889, "loss": 5.381796836853027, "elapsed_time": 82.39489412307739, "prnt": false}
{"event": "training_step", "timestamp": 1769651745.4816709, "step": 796, "max_steps": 889, "loss": 5.411932468414307, "elapsed_time": 82.48874878883362, "prnt": false}
{"event": "training_step", "timestamp": 1769651745.5753708, "step": 797, "max_steps": 889, "loss": 5.371819019317627, "elapsed_time": 82.58279585838318, "prnt": false}
{"event": "training_step", "timestamp": 1769651745.6691735, "step": 798, "max_steps": 889, "loss": 5.397480010986328, "elapsed_time": 82.67633175849915, "prnt": false}
{"event": "validation_step", "timestamp": 1769651746.0994382, "step": 798, "max_steps": 889, "loss": 1.330432588152413, "elapsed_time": 82.67633175849915}
{"event": "training_step", "timestamp": 1769651746.1938214, "step": 799, "max_steps": 889, "loss": 5.401921272277832, "elapsed_time": 83.20088148117065, "prnt": false}
{"event": "training_step", "timestamp": 1769651746.2876291, "step": 800, "max_steps": 889, "loss": 5.39923620223999, "elapsed_time": 83.29477667808533, "prnt": false}
{"event": "training_step", "timestamp": 1769651746.3813794, "step": 801, "max_steps": 889, "loss": 5.433908462524414, "elapsed_time": 83.38869833946228, "prnt": false}
{"event": "training_step", "timestamp": 1769651746.4753726, "step": 802, "max_steps": 889, "loss": 5.379100322723389, "elapsed_time": 83.48274540901184, "prnt": false}
{"event": "training_step", "timestamp": 1769651746.5696125, "step": 803, "max_steps": 889, "loss": 5.257584095001221, "elapsed_time": 83.57690834999084, "prnt": false}
{"event": "training_step", "timestamp": 1769651746.6634614, "step": 804, "max_steps": 889, "loss": 5.406760215759277, "elapsed_time": 83.67160415649414, "prnt": false}
{"event": "training_step", "timestamp": 1769651746.757658, "step": 805, "max_steps": 889, "loss": 5.399950981140137, "elapsed_time": 83.76555514335632, "prnt": false}
{"event": "training_step", "timestamp": 1769651746.8517382, "step": 806, "max_steps": 889, "loss": 5.408061504364014, "elapsed_time": 83.85955357551575, "prnt": false}
{"event": "training_step", "timestamp": 1769651746.9457493, "step": 807, "max_steps": 889, "loss": 5.353083610534668, "elapsed_time": 83.95359992980957, "prnt": false}
{"event": "training_step", "timestamp": 1769651747.0396771, "step": 808, "max_steps": 889, "loss": 5.327520370483398, "elapsed_time": 84.04748582839966, "prnt": false}
{"event": "training_step", "timestamp": 1769651747.1338444, "step": 809, "max_steps": 889, "loss": 5.381783962249756, "elapsed_time": 84.14151000976562, "prnt": false}
{"event": "training_step", "timestamp": 1769651747.2278628, "step": 810, "max_steps": 889, "loss": 5.407538890838623, "elapsed_time": 84.23561692237854, "prnt": false}
{"event": "training_step", "timestamp": 1769651747.3218257, "step": 811, "max_steps": 889, "loss": 5.453217506408691, "elapsed_time": 84.32969546318054, "prnt": false}
{"event": "training_step", "timestamp": 1769651747.4153845, "step": 812, "max_steps": 889, "loss": 5.361323356628418, "elapsed_time": 84.42289471626282, "prnt": false}
{"event": "training_step", "timestamp": 1769651747.509286, "step": 813, "max_steps": 889, "loss": 5.44152307510376, "elapsed_time": 84.5165798664093, "prnt": false}
{"event": "training_step", "timestamp": 1769651747.6029737, "step": 814, "max_steps": 889, "loss": 5.323148250579834, "elapsed_time": 84.61021518707275, "prnt": false}
{"event": "training_step", "timestamp": 1769651747.696546, "step": 815, "max_steps": 889, "loss": 5.4352312088012695, "elapsed_time": 84.70398116111755, "prnt": false}
{"event": "training_step", "timestamp": 1769651747.79022, "step": 816, "max_steps": 889, "loss": 5.3805742263793945, "elapsed_time": 84.79743123054504, "prnt": false}
{"event": "training_step", "timestamp": 1769651747.8839898, "step": 817, "max_steps": 889, "loss": 5.319201469421387, "elapsed_time": 84.89146995544434, "prnt": false}
{"event": "training_step", "timestamp": 1769651747.9774337, "step": 818, "max_steps": 889, "loss": 5.431085109710693, "elapsed_time": 84.98498463630676, "prnt": false}
{"event": "training_step", "timestamp": 1769651748.0711923, "step": 819, "max_steps": 889, "loss": 5.398231029510498, "elapsed_time": 85.07854199409485, "prnt": false}
{"event": "training_step", "timestamp": 1769651748.1648214, "step": 820, "max_steps": 889, "loss": 5.495983600616455, "elapsed_time": 85.17211198806763, "prnt": false}
{"event": "training_step", "timestamp": 1769651748.2587578, "step": 821, "max_steps": 889, "loss": 5.4173502922058105, "elapsed_time": 85.26591849327087, "prnt": false}
{"event": "training_step", "timestamp": 1769651748.3525276, "step": 822, "max_steps": 889, "loss": 5.347973823547363, "elapsed_time": 85.35968565940857, "prnt": false}
{"event": "training_step", "timestamp": 1769651748.446393, "step": 823, "max_steps": 889, "loss": 5.421233654022217, "elapsed_time": 85.45372104644775, "prnt": false}
{"event": "training_step", "timestamp": 1769651748.5402184, "step": 824, "max_steps": 889, "loss": 5.399219036102295, "elapsed_time": 85.54725790023804, "prnt": false}
{"event": "training_step", "timestamp": 1769651748.634028, "step": 825, "max_steps": 889, "loss": 5.4397406578063965, "elapsed_time": 85.64131474494934, "prnt": false}
{"event": "training_step", "timestamp": 1769651748.7279234, "step": 826, "max_steps": 889, "loss": 5.414527893066406, "elapsed_time": 85.73524522781372, "prnt": false}
{"event": "training_step", "timestamp": 1769651748.8220277, "step": 827, "max_steps": 889, "loss": 5.354909420013428, "elapsed_time": 85.8291847705841, "prnt": false}
{"event": "training_step", "timestamp": 1769651748.9156463, "step": 828, "max_steps": 889, "loss": 5.373947620391846, "elapsed_time": 85.9230682849884, "prnt": false}
{"event": "training_step", "timestamp": 1769651749.009549, "step": 829, "max_steps": 889, "loss": 5.360893726348877, "elapsed_time": 86.01681351661682, "prnt": false}
{"event": "training_step", "timestamp": 1769651749.1032584, "step": 830, "max_steps": 889, "loss": 5.338094234466553, "elapsed_time": 86.1106288433075, "prnt": false}
{"event": "training_step", "timestamp": 1769651749.1968737, "step": 831, "max_steps": 889, "loss": 5.412541389465332, "elapsed_time": 86.2043309211731, "prnt": false}
{"event": "training_step", "timestamp": 1769651749.29054, "step": 832, "max_steps": 889, "loss": 5.427702903747559, "elapsed_time": 86.2978024482727, "prnt": false}
{"event": "training_step", "timestamp": 1769651749.3842885, "step": 833, "max_steps": 889, "loss": 5.36815071105957, "elapsed_time": 86.39160203933716, "prnt": false}
{"event": "training_step", "timestamp": 1769651749.4778962, "step": 834, "max_steps": 889, "loss": 5.351588726043701, "elapsed_time": 86.48520565032959, "prnt": false}
{"event": "training_step", "timestamp": 1769651749.5718079, "step": 835, "max_steps": 889, "loss": 5.39825963973999, "elapsed_time": 86.57900929450989, "prnt": false}
{"event": "training_step", "timestamp": 1769651749.6655157, "step": 836, "max_steps": 889, "loss": 5.34578275680542, "elapsed_time": 86.67271852493286, "prnt": false}
{"event": "training_step", "timestamp": 1769651749.7592113, "step": 837, "max_steps": 889, "loss": 5.425130367279053, "elapsed_time": 86.76655721664429, "prnt": false}
{"event": "training_step", "timestamp": 1769651749.852922, "step": 838, "max_steps": 889, "loss": 5.407665252685547, "elapsed_time": 86.86011290550232, "prnt": false}
{"event": "training_step", "timestamp": 1769651749.9469085, "step": 839, "max_steps": 889, "loss": 5.3479485511779785, "elapsed_time": 86.95414423942566, "prnt": false}
{"event": "training_step", "timestamp": 1769651750.0406916, "step": 840, "max_steps": 889, "loss": 5.379753589630127, "elapsed_time": 87.04805135726929, "prnt": false}
{"event": "validation_step", "timestamp": 1769651750.4711857, "step": 840, "max_steps": 889, "loss": 1.3299139846629706, "elapsed_time": 87.04805135726929}
{"event": "training_step", "timestamp": 1769651750.565561, "step": 841, "max_steps": 889, "loss": 5.338278293609619, "elapsed_time": 87.57269024848938, "prnt": false}
{"event": "training_step", "timestamp": 1769651750.6592343, "step": 842, "max_steps": 889, "loss": 5.418302536010742, "elapsed_time": 87.66650462150574, "prnt": false}
{"event": "training_step", "timestamp": 1769651750.7531652, "step": 843, "max_steps": 889, "loss": 5.413704872131348, "elapsed_time": 87.76069188117981, "prnt": false}
{"event": "training_step", "timestamp": 1769651750.8470507, "step": 844, "max_steps": 889, "loss": 5.478768825531006, "elapsed_time": 87.85432934761047, "prnt": false}
{"event": "training_step", "timestamp": 1769651750.9411263, "step": 845, "max_steps": 889, "loss": 5.316883563995361, "elapsed_time": 87.94811463356018, "prnt": false}
{"event": "training_step", "timestamp": 1769651751.0346625, "step": 846, "max_steps": 889, "loss": 5.387655735015869, "elapsed_time": 88.04209446907043, "prnt": false}
{"event": "training_step", "timestamp": 1769651751.1284962, "step": 847, "max_steps": 889, "loss": 5.42570686340332, "elapsed_time": 88.13578200340271, "prnt": false}
{"event": "training_step", "timestamp": 1769651751.2222927, "step": 848, "max_steps": 889, "loss": 5.326448440551758, "elapsed_time": 88.229421377182, "prnt": false}
{"event": "training_step", "timestamp": 1769651751.316171, "step": 849, "max_steps": 889, "loss": 5.356202602386475, "elapsed_time": 88.3232581615448, "prnt": false}
{"event": "training_step", "timestamp": 1769651751.40995, "step": 850, "max_steps": 889, "loss": 5.362884998321533, "elapsed_time": 88.41699838638306, "prnt": false}
{"event": "training_step", "timestamp": 1769651751.5037165, "step": 851, "max_steps": 889, "loss": 5.410551071166992, "elapsed_time": 88.5109851360321, "prnt": false}
{"event": "training_step", "timestamp": 1769651751.5974922, "step": 852, "max_steps": 889, "loss": 5.388751983642578, "elapsed_time": 88.60479354858398, "prnt": false}
{"event": "training_step", "timestamp": 1769651751.691267, "step": 853, "max_steps": 889, "loss": 5.432130813598633, "elapsed_time": 88.69862484931946, "prnt": false}
{"event": "training_step", "timestamp": 1769651751.7850223, "step": 854, "max_steps": 889, "loss": 5.351731777191162, "elapsed_time": 88.79221653938293, "prnt": false}
{"event": "training_step", "timestamp": 1769651751.8790746, "step": 855, "max_steps": 889, "loss": 5.438751697540283, "elapsed_time": 88.88655304908752, "prnt": false}
{"event": "training_step", "timestamp": 1769651751.9727633, "step": 856, "max_steps": 889, "loss": 5.337932586669922, "elapsed_time": 88.98003268241882, "prnt": false}
{"event": "training_step", "timestamp": 1769651752.0667202, "step": 857, "max_steps": 889, "loss": 5.3652448654174805, "elapsed_time": 89.07387804985046, "prnt": false}
{"event": "training_step", "timestamp": 1769651752.1605291, "step": 858, "max_steps": 889, "loss": 5.371837139129639, "elapsed_time": 89.16774678230286, "prnt": false}
{"event": "training_step", "timestamp": 1769651752.2541769, "step": 859, "max_steps": 889, "loss": 5.41606330871582, "elapsed_time": 89.26170182228088, "prnt": false}
{"event": "training_step", "timestamp": 1769651752.347894, "step": 860, "max_steps": 889, "loss": 5.341765880584717, "elapsed_time": 89.35512685775757, "prnt": false}
{"event": "training_step", "timestamp": 1769651752.4417257, "step": 861, "max_steps": 889, "loss": 5.431547164916992, "elapsed_time": 89.44896578788757, "prnt": false}
{"event": "training_step", "timestamp": 1769651752.535373, "step": 862, "max_steps": 889, "loss": 5.381714344024658, "elapsed_time": 89.54262518882751, "prnt": false}
{"event": "training_step", "timestamp": 1769651752.6293063, "step": 863, "max_steps": 889, "loss": 5.320346832275391, "elapsed_time": 89.63640260696411, "prnt": false}
{"event": "training_step", "timestamp": 1769651752.7228873, "step": 864, "max_steps": 889, "loss": 5.459832191467285, "elapsed_time": 89.73012495040894, "prnt": false}
{"event": "training_step", "timestamp": 1769651752.8168225, "step": 865, "max_steps": 889, "loss": 5.350619792938232, "elapsed_time": 89.82455968856812, "prnt": false}
{"event": "training_step", "timestamp": 1769651752.9106374, "step": 866, "max_steps": 889, "loss": 5.39777946472168, "elapsed_time": 89.91793847084045, "prnt": false}
{"event": "training_step", "timestamp": 1769651753.004571, "step": 867, "max_steps": 889, "loss": 5.351662635803223, "elapsed_time": 90.01175022125244, "prnt": false}
{"event": "training_step", "timestamp": 1769651753.0982082, "step": 868, "max_steps": 889, "loss": 5.354661464691162, "elapsed_time": 90.10550427436829, "prnt": false}
{"event": "training_step", "timestamp": 1769651753.1920624, "step": 869, "max_steps": 889, "loss": 5.329341411590576, "elapsed_time": 90.19921088218689, "prnt": false}
{"event": "training_step", "timestamp": 1769651753.2858975, "step": 870, "max_steps": 889, "loss": 5.368511199951172, "elapsed_time": 90.29304957389832, "prnt": false}
{"event": "training_step", "timestamp": 1769651753.3797138, "step": 871, "max_steps": 889, "loss": 5.377627849578857, "elapsed_time": 90.38712191581726, "prnt": false}
{"event": "training_step", "timestamp": 1769651753.4733253, "step": 872, "max_steps": 889, "loss": 5.31688928604126, "elapsed_time": 90.48062252998352, "prnt": false}
{"event": "training_step", "timestamp": 1769651753.5672228, "step": 873, "max_steps": 889, "loss": 5.269315719604492, "elapsed_time": 90.57429718971252, "prnt": false}
{"event": "training_step", "timestamp": 1769651753.6609755, "step": 874, "max_steps": 889, "loss": 5.441592693328857, "elapsed_time": 90.66821599006653, "prnt": false}
{"event": "training_step", "timestamp": 1769651753.7549803, "step": 875, "max_steps": 889, "loss": 5.39238977432251, "elapsed_time": 90.76206851005554, "prnt": false}
{"event": "training_step", "timestamp": 1769651753.8488274, "step": 876, "max_steps": 889, "loss": 5.453764915466309, "elapsed_time": 90.85584497451782, "prnt": false}
{"event": "training_step", "timestamp": 1769651753.9425678, "step": 877, "max_steps": 889, "loss": 5.38551139831543, "elapsed_time": 90.95002031326294, "prnt": false}
{"event": "training_step", "timestamp": 1769651754.0363848, "step": 878, "max_steps": 889, "loss": 5.30496072769165, "elapsed_time": 91.04345798492432, "prnt": false}
{"event": "training_step", "timestamp": 1769651754.13041, "step": 879, "max_steps": 889, "loss": 5.407577037811279, "elapsed_time": 91.13759756088257, "prnt": false}
{"event": "training_step", "timestamp": 1769651754.2241404, "step": 880, "max_steps": 889, "loss": 5.377564430236816, "elapsed_time": 91.23128366470337, "prnt": false}
{"event": "training_step", "timestamp": 1769651754.3182712, "step": 881, "max_steps": 889, "loss": 5.312632083892822, "elapsed_time": 91.3252501487732, "prnt": false}
{"event": "training_step", "timestamp": 1769651754.4121783, "step": 882, "max_steps": 889, "loss": 5.3866801261901855, "elapsed_time": 91.41917610168457, "prnt": false}
{"event": "validation_step", "timestamp": 1769651754.8427126, "step": 882, "max_steps": 889, "loss": 1.3300310771004338, "elapsed_time": 91.41917610168457}
{"event": "training_step", "timestamp": 1769651754.9374304, "step": 883, "max_steps": 889, "loss": 5.340378284454346, "elapsed_time": 91.94457387924194, "prnt": false}
{"event": "training_step", "timestamp": 1769651755.031224, "step": 884, "max_steps": 889, "loss": 5.38177490234375, "elapsed_time": 92.03846311569214, "prnt": false}
{"event": "training_step", "timestamp": 1769651755.125128, "step": 885, "max_steps": 889, "loss": 5.373709678649902, "elapsed_time": 92.13245177268982, "prnt": false}
{"event": "training_step", "timestamp": 1769651755.2190404, "step": 886, "max_steps": 889, "loss": 5.433905124664307, "elapsed_time": 92.22621560096741, "prnt": false}
{"event": "training_step", "timestamp": 1769651755.312689, "step": 887, "max_steps": 889, "loss": 5.416390895843506, "elapsed_time": 92.3201413154602, "prnt": false}
{"event": "training_step", "timestamp": 1769651755.4064646, "step": 888, "max_steps": 889, "loss": 5.386197090148926, "elapsed_time": 92.41361618041992, "prnt": false}
{"event": "training_step", "timestamp": 1769651755.5000854, "step": 889, "max_steps": 889, "loss": 5.417530059814453, "elapsed_time": 92.50754380226135, "prnt": false}
{"event": "validation_step", "timestamp": 1769651755.9305894, "step": 889, "max_steps": 889, "loss": 1.3300303373996467, "elapsed_time": 92.50754380226135}
