{"event": "hyperparameters_configured", "timestamp": 1769664911.6496654, "block_size": 64, "vocab_size": 24000, "n_layer": 8, "n_head": 9, "d_model": 576, "dropout": 0.0, "mlp_ratio": 5.0, "activation": "gelu", "residual_scaling": true, "batch_size": 128, "lr": 0.0003, "weight_decay": 0.1, "evals_per_epoch": 3, "batch_mode": "title_aware", "optimizer": "adamw", "scheduler": "warmup_cosine", "warmup_fraction": 0.05, "normalizer": "lowercase", "pre_tokenizer": "whitespace", "eos_handling": "tokenize_append", "min_frequency": 2, "domain_tokens": true, "epochs": 7, "seed": 1337, "num_titles": 100000, "val_frac": 0.1, "log_file": "./logs/exp-lowercase_plus_token_combo_plus_title_aware.log"}
{"event": "device_info", "timestamp": 1769664911.6670322, "device": "cuda"}
{"event": "dataset_info", "timestamp": 1769664921.63312, "titles_count": 90000, "epochs": 7, "batches_per_epoch": 117, "tokens_per_epoch": 965379, "vocab_size": 24000}
{"event": "model_info", "timestamp": 1769664922.1258407, "parameters_count": 51085440}
{"event": "training_step", "timestamp": 1769664922.7883372, "step": 1, "max_steps": 819, "loss": 10.205452919006348, "elapsed_time": 0.23341035842895508, "prnt": false}
{"event": "validation_step", "timestamp": 1769664923.1507668, "step": 1, "max_steps": 819, "loss": 1.8794789981223026, "elapsed_time": 0.23341035842895508}
{"event": "training_step", "timestamp": 1769664923.2402482, "step": 2, "max_steps": 819, "loss": 10.178738594055176, "elapsed_time": 0.6037964820861816, "prnt": false}
{"event": "training_step", "timestamp": 1769664923.3290465, "step": 3, "max_steps": 819, "loss": 10.046712875366211, "elapsed_time": 0.6923618316650391, "prnt": false}
{"event": "training_step", "timestamp": 1769664923.4181154, "step": 4, "max_steps": 819, "loss": 9.82018756866455, "elapsed_time": 0.7814078330993652, "prnt": false}
{"event": "training_step", "timestamp": 1769664923.507073, "step": 5, "max_steps": 819, "loss": 9.558425903320312, "elapsed_time": 0.8701655864715576, "prnt": false}
{"event": "training_step", "timestamp": 1769664923.5966904, "step": 6, "max_steps": 819, "loss": 9.332216262817383, "elapsed_time": 0.9601733684539795, "prnt": false}
{"event": "training_step", "timestamp": 1769664923.685185, "step": 7, "max_steps": 819, "loss": 9.14340877532959, "elapsed_time": 1.048966646194458, "prnt": false}
{"event": "training_step", "timestamp": 1769664923.77472, "step": 8, "max_steps": 819, "loss": 9.080537796020508, "elapsed_time": 1.138606071472168, "prnt": false}
{"event": "training_step", "timestamp": 1769664923.8634038, "step": 9, "max_steps": 819, "loss": 8.982714653015137, "elapsed_time": 1.2270302772521973, "prnt": false}
{"event": "training_step", "timestamp": 1769664923.9524298, "step": 10, "max_steps": 819, "loss": 9.008426666259766, "elapsed_time": 1.3155550956726074, "prnt": false}
{"event": "training_step", "timestamp": 1769664924.041097, "step": 11, "max_steps": 819, "loss": 8.938943862915039, "elapsed_time": 1.4045543670654297, "prnt": false}
{"event": "training_step", "timestamp": 1769664924.130168, "step": 12, "max_steps": 819, "loss": 8.841533660888672, "elapsed_time": 1.4932479858398438, "prnt": false}
{"event": "training_step", "timestamp": 1769664924.2188482, "step": 13, "max_steps": 819, "loss": 8.872780799865723, "elapsed_time": 1.582301139831543, "prnt": false}
{"event": "training_step", "timestamp": 1769664924.3073287, "step": 14, "max_steps": 819, "loss": 8.86230754852295, "elapsed_time": 1.6710243225097656, "prnt": false}
{"event": "training_step", "timestamp": 1769664924.3963583, "step": 15, "max_steps": 819, "loss": 8.757134437561035, "elapsed_time": 1.7593247890472412, "prnt": false}
{"event": "training_step", "timestamp": 1769664924.484742, "step": 16, "max_steps": 819, "loss": 8.695817947387695, "elapsed_time": 1.848517656326294, "prnt": false}
{"event": "training_step", "timestamp": 1769664924.5736125, "step": 17, "max_steps": 819, "loss": 8.5591402053833, "elapsed_time": 1.936779499053955, "prnt": false}
{"event": "training_step", "timestamp": 1769664924.6619363, "step": 18, "max_steps": 819, "loss": 8.567547798156738, "elapsed_time": 2.025768995285034, "prnt": false}
{"event": "training_step", "timestamp": 1769664924.75082, "step": 19, "max_steps": 819, "loss": 8.57616901397705, "elapsed_time": 2.113961696624756, "prnt": false}
{"event": "training_step", "timestamp": 1769664924.8396363, "step": 20, "max_steps": 819, "loss": 8.491575241088867, "elapsed_time": 2.202993392944336, "prnt": false}
{"event": "training_step", "timestamp": 1769664924.928028, "step": 21, "max_steps": 819, "loss": 8.378047943115234, "elapsed_time": 2.2916083335876465, "prnt": false}
{"event": "training_step", "timestamp": 1769664925.0170915, "step": 22, "max_steps": 819, "loss": 8.289332389831543, "elapsed_time": 2.380159378051758, "prnt": false}
{"event": "training_step", "timestamp": 1769664925.1053526, "step": 23, "max_steps": 819, "loss": 8.174224853515625, "elapsed_time": 2.4691085815429688, "prnt": false}
{"event": "training_step", "timestamp": 1769664925.1942806, "step": 24, "max_steps": 819, "loss": 8.178199768066406, "elapsed_time": 2.557487726211548, "prnt": false}
{"event": "training_step", "timestamp": 1769664925.282391, "step": 25, "max_steps": 819, "loss": 8.1101713180542, "elapsed_time": 2.6467113494873047, "prnt": false}
{"event": "training_step", "timestamp": 1769664925.3716078, "step": 26, "max_steps": 819, "loss": 8.069380760192871, "elapsed_time": 2.7345993518829346, "prnt": false}
{"event": "training_step", "timestamp": 1769664925.460522, "step": 27, "max_steps": 819, "loss": 7.950174808502197, "elapsed_time": 2.823617935180664, "prnt": false}
{"event": "training_step", "timestamp": 1769664925.5496707, "step": 28, "max_steps": 819, "loss": 7.821976661682129, "elapsed_time": 2.9127798080444336, "prnt": false}
{"event": "training_step", "timestamp": 1769664925.6385386, "step": 29, "max_steps": 819, "loss": 7.818581581115723, "elapsed_time": 3.0016987323760986, "prnt": false}
{"event": "training_step", "timestamp": 1769664925.7272797, "step": 30, "max_steps": 819, "loss": 7.795544624328613, "elapsed_time": 3.090745687484741, "prnt": false}
{"event": "training_step", "timestamp": 1769664925.816323, "step": 31, "max_steps": 819, "loss": 7.561745643615723, "elapsed_time": 3.1793744564056396, "prnt": false}
{"event": "training_step", "timestamp": 1769664925.9046433, "step": 32, "max_steps": 819, "loss": 7.520689964294434, "elapsed_time": 3.268366813659668, "prnt": false}
{"event": "training_step", "timestamp": 1769664925.9938307, "step": 33, "max_steps": 819, "loss": 7.525543689727783, "elapsed_time": 3.3566808700561523, "prnt": false}
{"event": "training_step", "timestamp": 1769664926.0820758, "step": 34, "max_steps": 819, "loss": 7.498768329620361, "elapsed_time": 3.445955276489258, "prnt": false}
{"event": "training_step", "timestamp": 1769664926.1707575, "step": 35, "max_steps": 819, "loss": 7.405702590942383, "elapsed_time": 3.53418231010437, "prnt": false}
{"event": "training_step", "timestamp": 1769664926.2597685, "step": 36, "max_steps": 819, "loss": 7.329352855682373, "elapsed_time": 3.6227450370788574, "prnt": false}
{"event": "training_step", "timestamp": 1769664926.3481522, "step": 37, "max_steps": 819, "loss": 7.325080871582031, "elapsed_time": 3.7118215560913086, "prnt": false}
{"event": "training_step", "timestamp": 1769664926.4369369, "step": 38, "max_steps": 819, "loss": 7.37003231048584, "elapsed_time": 3.800450325012207, "prnt": false}
{"event": "training_step", "timestamp": 1769664926.525982, "step": 39, "max_steps": 819, "loss": 7.232450008392334, "elapsed_time": 3.889070987701416, "prnt": false}
{"event": "validation_step", "timestamp": 1769664926.8875651, "step": 39, "max_steps": 819, "loss": 1.3783629654050877, "elapsed_time": 3.889070987701416}
{"event": "training_step", "timestamp": 1769664926.9770901, "step": 40, "max_steps": 819, "loss": 7.204636573791504, "elapsed_time": 4.339904308319092, "prnt": false}
{"event": "training_step", "timestamp": 1769664927.0657647, "step": 41, "max_steps": 819, "loss": 7.134002685546875, "elapsed_time": 4.429280519485474, "prnt": false}
{"event": "training_step", "timestamp": 1769664927.1549222, "step": 42, "max_steps": 819, "loss": 7.248611927032471, "elapsed_time": 4.517980575561523, "prnt": false}
{"event": "training_step", "timestamp": 1769664927.2433796, "step": 43, "max_steps": 819, "loss": 7.255158424377441, "elapsed_time": 4.607023000717163, "prnt": false}
{"event": "training_step", "timestamp": 1769664927.3331912, "step": 44, "max_steps": 819, "loss": 7.045743465423584, "elapsed_time": 4.69623875617981, "prnt": false}
{"event": "training_step", "timestamp": 1769664927.4218209, "step": 45, "max_steps": 819, "loss": 7.067704677581787, "elapsed_time": 4.7852888107299805, "prnt": false}
{"event": "training_step", "timestamp": 1769664927.510682, "step": 46, "max_steps": 819, "loss": 7.290565490722656, "elapsed_time": 4.874024152755737, "prnt": false}
{"event": "training_step", "timestamp": 1769664927.5994685, "step": 47, "max_steps": 819, "loss": 7.046366214752197, "elapsed_time": 4.9628005027771, "prnt": false}
{"event": "training_step", "timestamp": 1769664927.6881309, "step": 48, "max_steps": 819, "loss": 7.401062488555908, "elapsed_time": 5.051597595214844, "prnt": false}
{"event": "training_step", "timestamp": 1769664927.7770877, "step": 49, "max_steps": 819, "loss": 7.38477897644043, "elapsed_time": 5.140150785446167, "prnt": false}
{"event": "training_step", "timestamp": 1769664927.866006, "step": 50, "max_steps": 819, "loss": 7.1235222816467285, "elapsed_time": 5.229273080825806, "prnt": false}
{"event": "training_step", "timestamp": 1769664927.955535, "step": 51, "max_steps": 819, "loss": 6.967031955718994, "elapsed_time": 5.318077802658081, "prnt": false}
{"event": "training_step", "timestamp": 1769664928.0444462, "step": 52, "max_steps": 819, "loss": 7.182031631469727, "elapsed_time": 5.407758951187134, "prnt": false}
{"event": "training_step", "timestamp": 1769664928.1340833, "step": 53, "max_steps": 819, "loss": 7.103142261505127, "elapsed_time": 5.496541261672974, "prnt": false}
{"event": "training_step", "timestamp": 1769664928.2226899, "step": 54, "max_steps": 819, "loss": 7.178004741668701, "elapsed_time": 5.586189031600952, "prnt": false}
{"event": "training_step", "timestamp": 1769664928.3119462, "step": 55, "max_steps": 819, "loss": 7.1653056144714355, "elapsed_time": 5.674766540527344, "prnt": false}
{"event": "training_step", "timestamp": 1769664928.400985, "step": 56, "max_steps": 819, "loss": 6.81619930267334, "elapsed_time": 5.765188694000244, "prnt": false}
{"event": "training_step", "timestamp": 1769664928.4903479, "step": 57, "max_steps": 819, "loss": 7.058260917663574, "elapsed_time": 5.854344606399536, "prnt": false}
{"event": "training_step", "timestamp": 1769664928.5794346, "step": 58, "max_steps": 819, "loss": 7.103703022003174, "elapsed_time": 5.943755149841309, "prnt": false}
{"event": "training_step", "timestamp": 1769664928.6682038, "step": 59, "max_steps": 819, "loss": 7.0811944007873535, "elapsed_time": 6.032539367675781, "prnt": false}
{"event": "training_step", "timestamp": 1769664928.7575955, "step": 60, "max_steps": 819, "loss": 6.99533224105835, "elapsed_time": 6.1214985847473145, "prnt": false}
{"event": "training_step", "timestamp": 1769664928.847119, "step": 61, "max_steps": 819, "loss": 6.985691070556641, "elapsed_time": 6.2108471393585205, "prnt": false}
{"event": "training_step", "timestamp": 1769664928.936455, "step": 62, "max_steps": 819, "loss": 6.9872894287109375, "elapsed_time": 6.3002543449401855, "prnt": false}
{"event": "training_step", "timestamp": 1769664929.0253532, "step": 63, "max_steps": 819, "loss": 7.103975772857666, "elapsed_time": 6.389507293701172, "prnt": false}
{"event": "training_step", "timestamp": 1769664929.115507, "step": 64, "max_steps": 819, "loss": 6.975146770477295, "elapsed_time": 6.481821298599243, "prnt": false}
{"event": "training_step", "timestamp": 1769664929.204574, "step": 65, "max_steps": 819, "loss": 7.0071587562561035, "elapsed_time": 6.567864656448364, "prnt": false}
{"event": "training_step", "timestamp": 1769664929.2944076, "step": 66, "max_steps": 819, "loss": 7.063047409057617, "elapsed_time": 6.65728759765625, "prnt": false}
{"event": "training_step", "timestamp": 1769664929.3832972, "step": 67, "max_steps": 819, "loss": 6.945623397827148, "elapsed_time": 6.7470386028289795, "prnt": false}
{"event": "training_step", "timestamp": 1769664929.4728482, "step": 68, "max_steps": 819, "loss": 7.034185886383057, "elapsed_time": 6.835731506347656, "prnt": false}
{"event": "training_step", "timestamp": 1769664929.5615058, "step": 69, "max_steps": 819, "loss": 6.997478485107422, "elapsed_time": 6.92567777633667, "prnt": false}
{"event": "training_step", "timestamp": 1769664929.6509628, "step": 70, "max_steps": 819, "loss": 6.89605188369751, "elapsed_time": 7.014384508132935, "prnt": false}
{"event": "training_step", "timestamp": 1769664929.7398376, "step": 71, "max_steps": 819, "loss": 6.923764705657959, "elapsed_time": 7.103522300720215, "prnt": false}
{"event": "training_step", "timestamp": 1769664929.829172, "step": 72, "max_steps": 819, "loss": 7.089949607849121, "elapsed_time": 7.192867994308472, "prnt": false}
{"event": "training_step", "timestamp": 1769664929.9183068, "step": 73, "max_steps": 819, "loss": 6.867533206939697, "elapsed_time": 7.281753778457642, "prnt": false}
{"event": "training_step", "timestamp": 1769664930.0073657, "step": 74, "max_steps": 819, "loss": 7.006546497344971, "elapsed_time": 7.371402263641357, "prnt": false}
{"event": "training_step", "timestamp": 1769664930.096712, "step": 75, "max_steps": 819, "loss": 7.03722620010376, "elapsed_time": 7.460288047790527, "prnt": false}
{"event": "training_step", "timestamp": 1769664930.1862257, "step": 76, "max_steps": 819, "loss": 6.960732936859131, "elapsed_time": 7.549653768539429, "prnt": false}
{"event": "training_step", "timestamp": 1769664930.2754843, "step": 77, "max_steps": 819, "loss": 7.06274938583374, "elapsed_time": 7.6388843059539795, "prnt": false}
{"event": "training_step", "timestamp": 1769664930.364465, "step": 78, "max_steps": 819, "loss": 6.923731327056885, "elapsed_time": 7.728090763092041, "prnt": false}
{"event": "validation_step", "timestamp": 1769664930.7277372, "step": 78, "max_steps": 819, "loss": 1.368265419817255, "elapsed_time": 7.728090763092041}
{"event": "training_step", "timestamp": 1769664930.8174608, "step": 79, "max_steps": 819, "loss": 6.913925647735596, "elapsed_time": 8.180832624435425, "prnt": false}
{"event": "training_step", "timestamp": 1769664930.907114, "step": 80, "max_steps": 819, "loss": 6.747325420379639, "elapsed_time": 8.270564317703247, "prnt": false}
{"event": "training_step", "timestamp": 1769664930.996504, "step": 81, "max_steps": 819, "loss": 6.923436641693115, "elapsed_time": 8.359462022781372, "prnt": false}
{"event": "training_step", "timestamp": 1769664931.085282, "step": 82, "max_steps": 819, "loss": 6.813197612762451, "elapsed_time": 8.449022769927979, "prnt": false}
{"event": "training_step", "timestamp": 1769664931.174731, "step": 83, "max_steps": 819, "loss": 6.975743293762207, "elapsed_time": 8.53808307647705, "prnt": false}
{"event": "training_step", "timestamp": 1769664931.2642112, "step": 84, "max_steps": 819, "loss": 7.031898498535156, "elapsed_time": 8.627810001373291, "prnt": false}
{"event": "training_step", "timestamp": 1769664931.354135, "step": 85, "max_steps": 819, "loss": 6.88491153717041, "elapsed_time": 8.717329263687134, "prnt": false}
{"event": "training_step", "timestamp": 1769664931.4437613, "step": 86, "max_steps": 819, "loss": 6.941570281982422, "elapsed_time": 8.80985140800476, "prnt": false}
{"event": "training_step", "timestamp": 1769664931.5336435, "step": 87, "max_steps": 819, "loss": 6.922266960144043, "elapsed_time": 8.896561622619629, "prnt": false}
{"event": "training_step", "timestamp": 1769664931.6233008, "step": 88, "max_steps": 819, "loss": 6.873037338256836, "elapsed_time": 8.986583948135376, "prnt": false}
{"event": "training_step", "timestamp": 1769664931.7131212, "step": 89, "max_steps": 819, "loss": 6.772799491882324, "elapsed_time": 9.07610821723938, "prnt": false}
{"event": "training_step", "timestamp": 1769664931.8020184, "step": 90, "max_steps": 819, "loss": 7.051925182342529, "elapsed_time": 9.16593074798584, "prnt": false}
{"event": "training_step", "timestamp": 1769664931.8915699, "step": 91, "max_steps": 819, "loss": 6.907608509063721, "elapsed_time": 9.254658222198486, "prnt": false}
{"event": "training_step", "timestamp": 1769664931.9804091, "step": 92, "max_steps": 819, "loss": 6.9357991218566895, "elapsed_time": 9.34488844871521, "prnt": false}
{"event": "training_step", "timestamp": 1769664932.069796, "step": 93, "max_steps": 819, "loss": 6.923449993133545, "elapsed_time": 9.432501792907715, "prnt": false}
{"event": "training_step", "timestamp": 1769664932.1588163, "step": 94, "max_steps": 819, "loss": 6.789684772491455, "elapsed_time": 9.52185320854187, "prnt": false}
{"event": "training_step", "timestamp": 1769664932.2479467, "step": 95, "max_steps": 819, "loss": 6.784727573394775, "elapsed_time": 9.611148595809937, "prnt": false}
{"event": "training_step", "timestamp": 1769664932.3375208, "step": 96, "max_steps": 819, "loss": 6.888134479522705, "elapsed_time": 9.7009117603302, "prnt": false}
{"event": "training_step", "timestamp": 1769664932.4265883, "step": 97, "max_steps": 819, "loss": 6.911465167999268, "elapsed_time": 9.790474891662598, "prnt": false}
{"event": "training_step", "timestamp": 1769664932.5160046, "step": 98, "max_steps": 819, "loss": 6.911857604980469, "elapsed_time": 9.879521131515503, "prnt": false}
{"event": "training_step", "timestamp": 1769664932.6055012, "step": 99, "max_steps": 819, "loss": 6.8239970207214355, "elapsed_time": 9.968309879302979, "prnt": false}
{"event": "training_step", "timestamp": 1769664932.6949222, "step": 100, "max_steps": 819, "loss": 6.925290107727051, "elapsed_time": 10.057628870010376, "prnt": false}
{"event": "training_step", "timestamp": 1769664932.7834494, "step": 101, "max_steps": 819, "loss": 6.961832523345947, "elapsed_time": 10.14681601524353, "prnt": false}
{"event": "training_step", "timestamp": 1769664932.8732364, "step": 102, "max_steps": 819, "loss": 6.8451642990112305, "elapsed_time": 10.23593783378601, "prnt": false}
{"event": "training_step", "timestamp": 1769664932.9625032, "step": 103, "max_steps": 819, "loss": 6.90236759185791, "elapsed_time": 10.32629132270813, "prnt": false}
{"event": "training_step", "timestamp": 1769664933.0524976, "step": 104, "max_steps": 819, "loss": 6.97570276260376, "elapsed_time": 10.415664434432983, "prnt": false}
{"event": "training_step", "timestamp": 1769664933.1415687, "step": 105, "max_steps": 819, "loss": 6.962740898132324, "elapsed_time": 10.505454063415527, "prnt": false}
{"event": "training_step", "timestamp": 1769664933.2312355, "step": 106, "max_steps": 819, "loss": 6.9037299156188965, "elapsed_time": 10.594805717468262, "prnt": false}
{"event": "training_step", "timestamp": 1769664933.3204796, "step": 107, "max_steps": 819, "loss": 6.994744777679443, "elapsed_time": 10.684195518493652, "prnt": false}
{"event": "training_step", "timestamp": 1769664933.4105232, "step": 108, "max_steps": 819, "loss": 6.893662452697754, "elapsed_time": 10.773507833480835, "prnt": false}
{"event": "training_step", "timestamp": 1769664933.499517, "step": 109, "max_steps": 819, "loss": 6.7664408683776855, "elapsed_time": 10.863311529159546, "prnt": false}
{"event": "training_step", "timestamp": 1769664933.5885465, "step": 110, "max_steps": 819, "loss": 7.086191177368164, "elapsed_time": 10.951618671417236, "prnt": false}
{"event": "training_step", "timestamp": 1769664933.6776972, "step": 111, "max_steps": 819, "loss": 6.782278537750244, "elapsed_time": 11.040546178817749, "prnt": false}
{"event": "training_step", "timestamp": 1769664933.766565, "step": 112, "max_steps": 819, "loss": 6.898065567016602, "elapsed_time": 11.129802942276001, "prnt": false}
{"event": "training_step", "timestamp": 1769664933.8557088, "step": 113, "max_steps": 819, "loss": 6.710320949554443, "elapsed_time": 11.218508958816528, "prnt": false}
{"event": "training_step", "timestamp": 1769664933.9450312, "step": 114, "max_steps": 819, "loss": 6.809058666229248, "elapsed_time": 11.307775497436523, "prnt": false}
{"event": "training_step", "timestamp": 1769664934.0344787, "step": 115, "max_steps": 819, "loss": 6.868269443511963, "elapsed_time": 11.396946430206299, "prnt": false}
{"event": "training_step", "timestamp": 1769664934.1232028, "step": 116, "max_steps": 819, "loss": 6.765645980834961, "elapsed_time": 11.486457109451294, "prnt": false}
{"event": "training_step", "timestamp": 1769664934.2129319, "step": 117, "max_steps": 819, "loss": 6.887465476989746, "elapsed_time": 11.575149297714233, "prnt": false}
{"event": "validation_step", "timestamp": 1769664934.5759518, "step": 117, "max_steps": 819, "loss": 1.3659717321806226, "elapsed_time": 11.575149297714233}
{"event": "training_step", "timestamp": 1769664934.6669378, "step": 118, "max_steps": 819, "loss": 6.704372882843018, "elapsed_time": 12.028226613998413, "prnt": false}
{"event": "training_step", "timestamp": 1769664934.756297, "step": 119, "max_steps": 819, "loss": 6.728639602661133, "elapsed_time": 12.119016408920288, "prnt": false}
{"event": "training_step", "timestamp": 1769664934.8457243, "step": 120, "max_steps": 819, "loss": 6.735483169555664, "elapsed_time": 12.208332061767578, "prnt": false}
{"event": "training_step", "timestamp": 1769664934.9349601, "step": 121, "max_steps": 819, "loss": 6.702373504638672, "elapsed_time": 12.29765009880066, "prnt": false}
{"event": "training_step", "timestamp": 1769664935.0238333, "step": 122, "max_steps": 819, "loss": 6.843434810638428, "elapsed_time": 12.38693904876709, "prnt": false}
{"event": "training_step", "timestamp": 1769664935.1135354, "step": 123, "max_steps": 819, "loss": 6.537333965301514, "elapsed_time": 12.4757719039917, "prnt": false}
{"event": "training_step", "timestamp": 1769664935.2023008, "step": 124, "max_steps": 819, "loss": 6.859608173370361, "elapsed_time": 12.565550088882446, "prnt": false}
{"event": "training_step", "timestamp": 1769664935.291626, "step": 125, "max_steps": 819, "loss": 6.70561408996582, "elapsed_time": 12.654194831848145, "prnt": false}
{"event": "training_step", "timestamp": 1769664935.380328, "step": 126, "max_steps": 819, "loss": 6.902645587921143, "elapsed_time": 12.74421739578247, "prnt": false}
{"event": "training_step", "timestamp": 1769664935.469643, "step": 127, "max_steps": 819, "loss": 6.789938449859619, "elapsed_time": 12.832281351089478, "prnt": false}
{"event": "training_step", "timestamp": 1769664935.5586407, "step": 128, "max_steps": 819, "loss": 6.661921501159668, "elapsed_time": 12.921648979187012, "prnt": false}
{"event": "training_step", "timestamp": 1769664935.6476378, "step": 129, "max_steps": 819, "loss": 6.817760944366455, "elapsed_time": 13.010584831237793, "prnt": false}
{"event": "training_step", "timestamp": 1769664935.737045, "step": 130, "max_steps": 819, "loss": 6.880069255828857, "elapsed_time": 13.099878549575806, "prnt": false}
{"event": "training_step", "timestamp": 1769664935.8262434, "step": 131, "max_steps": 819, "loss": 6.724625110626221, "elapsed_time": 13.18904733657837, "prnt": false}
{"event": "training_step", "timestamp": 1769664935.9156978, "step": 132, "max_steps": 819, "loss": 6.697351455688477, "elapsed_time": 13.278235912322998, "prnt": false}
{"event": "training_step", "timestamp": 1769664936.005206, "step": 133, "max_steps": 819, "loss": 6.730505466461182, "elapsed_time": 13.367789030075073, "prnt": false}
{"event": "training_step", "timestamp": 1769664936.0947447, "step": 134, "max_steps": 819, "loss": 6.651281356811523, "elapsed_time": 13.457279920578003, "prnt": false}
{"event": "training_step", "timestamp": 1769664936.183518, "step": 135, "max_steps": 819, "loss": 6.681743621826172, "elapsed_time": 13.546694278717041, "prnt": false}
{"event": "training_step", "timestamp": 1769664936.2730439, "step": 136, "max_steps": 819, "loss": 6.779596328735352, "elapsed_time": 13.63559627532959, "prnt": false}
{"event": "training_step", "timestamp": 1769664936.3616166, "step": 137, "max_steps": 819, "loss": 6.7078962326049805, "elapsed_time": 13.725014448165894, "prnt": false}
{"event": "training_step", "timestamp": 1769664936.451241, "step": 138, "max_steps": 819, "loss": 6.735037326812744, "elapsed_time": 13.813658714294434, "prnt": false}
{"event": "training_step", "timestamp": 1769664936.540058, "step": 139, "max_steps": 819, "loss": 6.560084342956543, "elapsed_time": 13.903199434280396, "prnt": false}
{"event": "training_step", "timestamp": 1769664936.6293933, "step": 140, "max_steps": 819, "loss": 6.647946834564209, "elapsed_time": 13.992034912109375, "prnt": false}
{"event": "training_step", "timestamp": 1769664936.718172, "step": 141, "max_steps": 819, "loss": 6.299422740936279, "elapsed_time": 14.081411123275757, "prnt": false}
{"event": "training_step", "timestamp": 1769664936.8076515, "step": 142, "max_steps": 819, "loss": 6.504326343536377, "elapsed_time": 14.170196533203125, "prnt": false}
{"event": "training_step", "timestamp": 1769664936.8967648, "step": 143, "max_steps": 819, "loss": 6.595726490020752, "elapsed_time": 14.259494543075562, "prnt": false}
{"event": "training_step", "timestamp": 1769664936.9859111, "step": 144, "max_steps": 819, "loss": 6.717051029205322, "elapsed_time": 14.348730564117432, "prnt": false}
{"event": "training_step", "timestamp": 1769664937.0753744, "step": 145, "max_steps": 819, "loss": 6.586223125457764, "elapsed_time": 14.437791347503662, "prnt": false}
{"event": "training_step", "timestamp": 1769664937.164142, "step": 146, "max_steps": 819, "loss": 6.637552738189697, "elapsed_time": 14.52738642692566, "prnt": false}
{"event": "training_step", "timestamp": 1769664937.253403, "step": 147, "max_steps": 819, "loss": 6.5968732833862305, "elapsed_time": 14.616041660308838, "prnt": false}
{"event": "training_step", "timestamp": 1769664937.3429081, "step": 148, "max_steps": 819, "loss": 6.5971784591674805, "elapsed_time": 14.705506563186646, "prnt": false}
{"event": "training_step", "timestamp": 1769664937.432293, "step": 149, "max_steps": 819, "loss": 6.560590744018555, "elapsed_time": 14.795371055603027, "prnt": false}
{"event": "training_step", "timestamp": 1769664937.521173, "step": 150, "max_steps": 819, "loss": 6.713708400726318, "elapsed_time": 14.884460926055908, "prnt": false}
{"event": "training_step", "timestamp": 1769664937.6109514, "step": 151, "max_steps": 819, "loss": 6.730405330657959, "elapsed_time": 14.973176717758179, "prnt": false}
{"event": "training_step", "timestamp": 1769664937.7001889, "step": 152, "max_steps": 819, "loss": 6.666182518005371, "elapsed_time": 15.063032150268555, "prnt": false}
{"event": "training_step", "timestamp": 1769664937.789899, "step": 153, "max_steps": 819, "loss": 6.55263614654541, "elapsed_time": 15.152129888534546, "prnt": false}
{"event": "training_step", "timestamp": 1769664937.8789177, "step": 154, "max_steps": 819, "loss": 6.475305080413818, "elapsed_time": 15.242002964019775, "prnt": false}
{"event": "training_step", "timestamp": 1769664937.9680142, "step": 155, "max_steps": 819, "loss": 6.793059825897217, "elapsed_time": 15.33082127571106, "prnt": false}
{"event": "training_step", "timestamp": 1769664938.0573819, "step": 156, "max_steps": 819, "loss": 6.6553521156311035, "elapsed_time": 15.420121908187866, "prnt": false}
{"event": "validation_step", "timestamp": 1769664938.420421, "step": 156, "max_steps": 819, "loss": 1.3454357121798164, "elapsed_time": 15.420121908187866}
{"event": "training_step", "timestamp": 1769664938.5104501, "step": 157, "max_steps": 819, "loss": 6.533100128173828, "elapsed_time": 15.872525930404663, "prnt": false}
{"event": "training_step", "timestamp": 1769664938.5993135, "step": 158, "max_steps": 819, "loss": 6.753690719604492, "elapsed_time": 15.962608575820923, "prnt": false}
{"event": "training_step", "timestamp": 1769664938.6879916, "step": 159, "max_steps": 819, "loss": 6.602992057800293, "elapsed_time": 16.051286458969116, "prnt": false}
{"event": "training_step", "timestamp": 1769664938.7770476, "step": 160, "max_steps": 819, "loss": 6.591561794281006, "elapsed_time": 16.140051126480103, "prnt": false}
{"event": "training_step", "timestamp": 1769664938.8663163, "step": 161, "max_steps": 819, "loss": 6.828731536865234, "elapsed_time": 16.22893500328064, "prnt": false}
{"event": "training_step", "timestamp": 1769664938.9556015, "step": 162, "max_steps": 819, "loss": 6.499741077423096, "elapsed_time": 16.318284273147583, "prnt": false}
{"event": "training_step", "timestamp": 1769664939.0442212, "step": 163, "max_steps": 819, "loss": 6.624519348144531, "elapsed_time": 16.407470226287842, "prnt": false}
{"event": "training_step", "timestamp": 1769664939.133585, "step": 164, "max_steps": 819, "loss": 6.645028591156006, "elapsed_time": 16.49616503715515, "prnt": false}
{"event": "training_step", "timestamp": 1769664939.2223608, "step": 165, "max_steps": 819, "loss": 6.580625534057617, "elapsed_time": 16.585516452789307, "prnt": false}
{"event": "training_step", "timestamp": 1769664939.3118806, "step": 166, "max_steps": 819, "loss": 6.58513879776001, "elapsed_time": 16.67429804801941, "prnt": false}
{"event": "training_step", "timestamp": 1769664939.4006023, "step": 167, "max_steps": 819, "loss": 6.4600911140441895, "elapsed_time": 16.76427674293518, "prnt": false}
{"event": "training_step", "timestamp": 1769664939.4891315, "step": 168, "max_steps": 819, "loss": 6.614936351776123, "elapsed_time": 16.85266399383545, "prnt": false}
{"event": "training_step", "timestamp": 1769664939.5780241, "step": 169, "max_steps": 819, "loss": 6.674615859985352, "elapsed_time": 16.941104888916016, "prnt": false}
{"event": "training_step", "timestamp": 1769664939.6670349, "step": 170, "max_steps": 819, "loss": 6.761611461639404, "elapsed_time": 17.03002381324768, "prnt": false}
{"event": "training_step", "timestamp": 1769664939.7561536, "step": 171, "max_steps": 819, "loss": 6.568628787994385, "elapsed_time": 17.119206190109253, "prnt": false}
{"event": "training_step", "timestamp": 1769664939.8453257, "step": 172, "max_steps": 819, "loss": 6.690362453460693, "elapsed_time": 17.208283185958862, "prnt": false}
{"event": "training_step", "timestamp": 1769664939.9345913, "step": 173, "max_steps": 819, "loss": 6.584269046783447, "elapsed_time": 17.297221422195435, "prnt": false}
{"event": "training_step", "timestamp": 1769664940.0239637, "step": 174, "max_steps": 819, "loss": 6.6181559562683105, "elapsed_time": 17.386724948883057, "prnt": false}
{"event": "training_step", "timestamp": 1769664940.113478, "step": 175, "max_steps": 819, "loss": 6.4839911460876465, "elapsed_time": 17.476039171218872, "prnt": false}
{"event": "training_step", "timestamp": 1769664940.2023594, "step": 176, "max_steps": 819, "loss": 6.631058692932129, "elapsed_time": 17.565487384796143, "prnt": false}
{"event": "training_step", "timestamp": 1769664940.2917826, "step": 177, "max_steps": 819, "loss": 6.840707778930664, "elapsed_time": 17.65434694290161, "prnt": false}
{"event": "training_step", "timestamp": 1769664940.3811681, "step": 178, "max_steps": 819, "loss": 6.333828449249268, "elapsed_time": 17.743772268295288, "prnt": false}
{"event": "training_step", "timestamp": 1769664940.4709022, "step": 179, "max_steps": 819, "loss": 6.543724536895752, "elapsed_time": 17.83302068710327, "prnt": false}
{"event": "training_step", "timestamp": 1769664940.5597777, "step": 180, "max_steps": 819, "loss": 6.5330095291137695, "elapsed_time": 17.922897338867188, "prnt": false}
{"event": "training_step", "timestamp": 1769664940.649201, "step": 181, "max_steps": 819, "loss": 6.582027435302734, "elapsed_time": 18.011707544326782, "prnt": false}
{"event": "training_step", "timestamp": 1769664940.7378204, "step": 182, "max_steps": 819, "loss": 6.541958808898926, "elapsed_time": 18.101224184036255, "prnt": false}
{"event": "training_step", "timestamp": 1769664940.8272662, "step": 183, "max_steps": 819, "loss": 6.627571105957031, "elapsed_time": 18.189751863479614, "prnt": false}
{"event": "training_step", "timestamp": 1769664940.9165373, "step": 184, "max_steps": 819, "loss": 6.586603164672852, "elapsed_time": 18.27927875518799, "prnt": false}
{"event": "training_step", "timestamp": 1769664941.005824, "step": 185, "max_steps": 819, "loss": 6.503599166870117, "elapsed_time": 18.368451595306396, "prnt": false}
{"event": "training_step", "timestamp": 1769664941.0951736, "step": 186, "max_steps": 819, "loss": 6.655446529388428, "elapsed_time": 18.45777130126953, "prnt": false}
{"event": "training_step", "timestamp": 1769664941.184211, "step": 187, "max_steps": 819, "loss": 6.567763328552246, "elapsed_time": 18.54712176322937, "prnt": false}
{"event": "training_step", "timestamp": 1769664941.2735393, "step": 188, "max_steps": 819, "loss": 6.525970935821533, "elapsed_time": 18.636312246322632, "prnt": false}
{"event": "training_step", "timestamp": 1769664941.3627703, "step": 189, "max_steps": 819, "loss": 6.487605571746826, "elapsed_time": 18.725590467453003, "prnt": false}
{"event": "training_step", "timestamp": 1769664941.4523516, "step": 190, "max_steps": 819, "loss": 6.588972568511963, "elapsed_time": 18.81533646583557, "prnt": false}
{"event": "training_step", "timestamp": 1769664941.541141, "step": 191, "max_steps": 819, "loss": 6.563807964324951, "elapsed_time": 18.904344081878662, "prnt": false}
{"event": "training_step", "timestamp": 1769664941.6306689, "step": 192, "max_steps": 819, "loss": 6.420531272888184, "elapsed_time": 18.993257761001587, "prnt": false}
{"event": "training_step", "timestamp": 1769664941.7198722, "step": 193, "max_steps": 819, "loss": 6.679767608642578, "elapsed_time": 19.082561254501343, "prnt": false}
{"event": "training_step", "timestamp": 1769664941.8098192, "step": 194, "max_steps": 819, "loss": 6.725160598754883, "elapsed_time": 19.172107458114624, "prnt": false}
{"event": "training_step", "timestamp": 1769664941.8987732, "step": 195, "max_steps": 819, "loss": 6.6657538414001465, "elapsed_time": 19.261805057525635, "prnt": false}
{"event": "validation_step", "timestamp": 1769664942.2638385, "step": 195, "max_steps": 819, "loss": 1.3475307425506124, "elapsed_time": 19.261805057525635}
{"event": "training_step", "timestamp": 1769664942.3541582, "step": 196, "max_steps": 819, "loss": 6.562241554260254, "elapsed_time": 19.71674346923828, "prnt": false}
{"event": "training_step", "timestamp": 1769664942.443307, "step": 197, "max_steps": 819, "loss": 6.498969078063965, "elapsed_time": 19.806389093399048, "prnt": false}
{"event": "training_step", "timestamp": 1769664942.5330887, "step": 198, "max_steps": 819, "loss": 6.515146732330322, "elapsed_time": 19.895552396774292, "prnt": false}
{"event": "training_step", "timestamp": 1769664942.6221728, "step": 199, "max_steps": 819, "loss": 6.425581455230713, "elapsed_time": 19.985055208206177, "prnt": false}
{"event": "training_step", "timestamp": 1769664942.7119513, "step": 200, "max_steps": 819, "loss": 6.520179748535156, "elapsed_time": 20.074209451675415, "prnt": false}
{"event": "training_step", "timestamp": 1769664942.800863, "step": 201, "max_steps": 819, "loss": 6.536116123199463, "elapsed_time": 20.163886785507202, "prnt": false}
{"event": "training_step", "timestamp": 1769664942.89073, "step": 202, "max_steps": 819, "loss": 6.65494966506958, "elapsed_time": 20.25289750099182, "prnt": false}
{"event": "training_step", "timestamp": 1769664942.979505, "step": 203, "max_steps": 819, "loss": 6.532899856567383, "elapsed_time": 20.342722415924072, "prnt": false}
{"event": "training_step", "timestamp": 1769664943.06901, "step": 204, "max_steps": 819, "loss": 6.504933834075928, "elapsed_time": 20.431495666503906, "prnt": false}
{"event": "training_step", "timestamp": 1769664943.1576178, "step": 205, "max_steps": 819, "loss": 6.59603214263916, "elapsed_time": 20.52105402946472, "prnt": false}
{"event": "training_step", "timestamp": 1769664943.2474046, "step": 206, "max_steps": 819, "loss": 6.618171691894531, "elapsed_time": 20.60966682434082, "prnt": false}
{"event": "training_step", "timestamp": 1769664943.3366423, "step": 207, "max_steps": 819, "loss": 6.4849958419799805, "elapsed_time": 20.699345588684082, "prnt": false}
{"event": "training_step", "timestamp": 1769664943.426405, "step": 208, "max_steps": 819, "loss": 6.52341890335083, "elapsed_time": 20.789452075958252, "prnt": false}
{"event": "training_step", "timestamp": 1769664943.5155673, "step": 209, "max_steps": 819, "loss": 6.421188831329346, "elapsed_time": 20.87854790687561, "prnt": false}
{"event": "training_step", "timestamp": 1769664943.6054456, "step": 210, "max_steps": 819, "loss": 6.628281593322754, "elapsed_time": 20.967705011367798, "prnt": false}
{"event": "training_step", "timestamp": 1769664943.6949143, "step": 211, "max_steps": 819, "loss": 6.420059680938721, "elapsed_time": 21.057402849197388, "prnt": false}
{"event": "training_step", "timestamp": 1769664943.7838814, "step": 212, "max_steps": 819, "loss": 6.5846967697143555, "elapsed_time": 21.146997451782227, "prnt": false}
{"event": "training_step", "timestamp": 1769664943.873358, "step": 213, "max_steps": 819, "loss": 6.727615833282471, "elapsed_time": 21.235883712768555, "prnt": false}
{"event": "training_step", "timestamp": 1769664943.9627683, "step": 214, "max_steps": 819, "loss": 6.429472923278809, "elapsed_time": 21.32558560371399, "prnt": false}
{"event": "training_step", "timestamp": 1769664944.0522466, "step": 215, "max_steps": 819, "loss": 6.332200527191162, "elapsed_time": 21.414828777313232, "prnt": false}
{"event": "training_step", "timestamp": 1769664944.1413798, "step": 216, "max_steps": 819, "loss": 6.48726749420166, "elapsed_time": 21.50424027442932, "prnt": false}
{"event": "training_step", "timestamp": 1769664944.231188, "step": 217, "max_steps": 819, "loss": 6.412642955780029, "elapsed_time": 21.593350410461426, "prnt": false}
{"event": "training_step", "timestamp": 1769664944.320336, "step": 218, "max_steps": 819, "loss": 6.643773555755615, "elapsed_time": 21.68322467803955, "prnt": false}
{"event": "training_step", "timestamp": 1769664944.4099448, "step": 219, "max_steps": 819, "loss": 6.568572521209717, "elapsed_time": 21.77232599258423, "prnt": false}
{"event": "training_step", "timestamp": 1769664944.4989316, "step": 220, "max_steps": 819, "loss": 6.507270336151123, "elapsed_time": 21.861984729766846, "prnt": false}
{"event": "training_step", "timestamp": 1769664944.5886924, "step": 221, "max_steps": 819, "loss": 6.51716423034668, "elapsed_time": 21.95084810256958, "prnt": false}
{"event": "training_step", "timestamp": 1769664944.677445, "step": 222, "max_steps": 819, "loss": 6.592356204986572, "elapsed_time": 22.04065990447998, "prnt": false}
{"event": "training_step", "timestamp": 1769664944.7667239, "step": 223, "max_steps": 819, "loss": 6.581082820892334, "elapsed_time": 22.1293683052063, "prnt": false}
{"event": "training_step", "timestamp": 1769664944.855639, "step": 224, "max_steps": 819, "loss": 6.603708267211914, "elapsed_time": 22.218783617019653, "prnt": false}
{"event": "training_step", "timestamp": 1769664944.9451723, "step": 225, "max_steps": 819, "loss": 6.461831092834473, "elapsed_time": 22.30755090713501, "prnt": false}
{"event": "training_step", "timestamp": 1769664945.0348191, "step": 226, "max_steps": 819, "loss": 6.556736946105957, "elapsed_time": 22.397728204727173, "prnt": false}
{"event": "training_step", "timestamp": 1769664945.1242578, "step": 227, "max_steps": 819, "loss": 6.494341850280762, "elapsed_time": 22.486961603164673, "prnt": false}
{"event": "training_step", "timestamp": 1769664945.213797, "step": 228, "max_steps": 819, "loss": 6.490927696228027, "elapsed_time": 22.576581239700317, "prnt": false}
{"event": "training_step", "timestamp": 1769664945.3032308, "step": 229, "max_steps": 819, "loss": 6.547039985656738, "elapsed_time": 22.66693353652954, "prnt": false}
{"event": "training_step", "timestamp": 1769664945.392893, "step": 230, "max_steps": 819, "loss": 6.496766567230225, "elapsed_time": 22.755409717559814, "prnt": false}
{"event": "training_step", "timestamp": 1769664945.4822118, "step": 231, "max_steps": 819, "loss": 6.5473809242248535, "elapsed_time": 22.845353841781616, "prnt": false}
{"event": "training_step", "timestamp": 1769664945.5719523, "step": 232, "max_steps": 819, "loss": 6.414985656738281, "elapsed_time": 22.934550762176514, "prnt": false}
{"event": "training_step", "timestamp": 1769664945.6613808, "step": 233, "max_steps": 819, "loss": 6.370283603668213, "elapsed_time": 23.024625062942505, "prnt": false}
{"event": "training_step", "timestamp": 1769664945.7513301, "step": 234, "max_steps": 819, "loss": 6.525539398193359, "elapsed_time": 23.113935470581055, "prnt": false}
{"event": "validation_step", "timestamp": 1769664946.11594, "step": 234, "max_steps": 819, "loss": 1.345836278465444, "elapsed_time": 23.113935470581055}
{"event": "training_step", "timestamp": 1769664946.2068193, "step": 235, "max_steps": 819, "loss": 6.379817962646484, "elapsed_time": 23.568695783615112, "prnt": false}
{"event": "training_step", "timestamp": 1769664946.296077, "step": 236, "max_steps": 819, "loss": 6.469274044036865, "elapsed_time": 23.659719467163086, "prnt": false}
{"event": "training_step", "timestamp": 1769664946.385424, "step": 237, "max_steps": 819, "loss": 6.581536293029785, "elapsed_time": 23.748578548431396, "prnt": false}
{"event": "training_step", "timestamp": 1769664946.474543, "step": 238, "max_steps": 819, "loss": 6.366255283355713, "elapsed_time": 23.83785057067871, "prnt": false}
{"event": "training_step", "timestamp": 1769664946.5639033, "step": 239, "max_steps": 819, "loss": 6.5258965492248535, "elapsed_time": 23.927128314971924, "prnt": false}
{"event": "training_step", "timestamp": 1769664946.653592, "step": 240, "max_steps": 819, "loss": 6.531222343444824, "elapsed_time": 24.01650381088257, "prnt": false}
{"event": "training_step", "timestamp": 1769664946.7431948, "step": 241, "max_steps": 819, "loss": 6.461497783660889, "elapsed_time": 24.105881214141846, "prnt": false}
{"event": "training_step", "timestamp": 1769664946.8327394, "step": 242, "max_steps": 819, "loss": 6.394460201263428, "elapsed_time": 24.195714950561523, "prnt": false}
{"event": "training_step", "timestamp": 1769664946.9220276, "step": 243, "max_steps": 819, "loss": 6.285897731781006, "elapsed_time": 24.28509545326233, "prnt": false}
{"event": "training_step", "timestamp": 1769664947.011613, "step": 244, "max_steps": 819, "loss": 6.462285995483398, "elapsed_time": 24.374629974365234, "prnt": false}
{"event": "training_step", "timestamp": 1769664947.101399, "step": 245, "max_steps": 819, "loss": 6.600851058959961, "elapsed_time": 24.46415948867798, "prnt": false}
{"event": "training_step", "timestamp": 1769664947.191048, "step": 246, "max_steps": 819, "loss": 6.415261268615723, "elapsed_time": 24.55366539955139, "prnt": false}
{"event": "training_step", "timestamp": 1769664947.2801385, "step": 247, "max_steps": 819, "loss": 6.428673267364502, "elapsed_time": 24.643425941467285, "prnt": false}
{"event": "training_step", "timestamp": 1769664947.3699007, "step": 248, "max_steps": 819, "loss": 6.5351243019104, "elapsed_time": 24.732484102249146, "prnt": false}
{"event": "training_step", "timestamp": 1769664947.4597352, "step": 249, "max_steps": 819, "loss": 6.3578081130981445, "elapsed_time": 24.822906970977783, "prnt": false}
{"event": "training_step", "timestamp": 1769664947.5496569, "step": 250, "max_steps": 819, "loss": 6.437568187713623, "elapsed_time": 24.912119150161743, "prnt": false}
{"event": "training_step", "timestamp": 1769664947.638806, "step": 251, "max_steps": 819, "loss": 6.419482707977295, "elapsed_time": 25.001941204071045, "prnt": false}
{"event": "training_step", "timestamp": 1769664947.7288537, "step": 252, "max_steps": 819, "loss": 6.405058860778809, "elapsed_time": 25.09104013442993, "prnt": false}
{"event": "training_step", "timestamp": 1769664947.8186834, "step": 253, "max_steps": 819, "loss": 6.406582355499268, "elapsed_time": 25.181257486343384, "prnt": false}
{"event": "training_step", "timestamp": 1769664947.9086018, "step": 254, "max_steps": 819, "loss": 6.41489839553833, "elapsed_time": 25.271214723587036, "prnt": false}
{"event": "training_step", "timestamp": 1769664947.9976838, "step": 255, "max_steps": 819, "loss": 6.344658851623535, "elapsed_time": 25.36124539375305, "prnt": false}
{"event": "training_step", "timestamp": 1769664948.0876615, "step": 256, "max_steps": 819, "loss": 6.428325176239014, "elapsed_time": 25.450337886810303, "prnt": false}
{"event": "training_step", "timestamp": 1769664948.1765969, "step": 257, "max_steps": 819, "loss": 6.243122577667236, "elapsed_time": 25.540261268615723, "prnt": false}
{"event": "training_step", "timestamp": 1769664948.2664664, "step": 258, "max_steps": 819, "loss": 6.314939022064209, "elapsed_time": 25.62898349761963, "prnt": false}
{"event": "training_step", "timestamp": 1769664948.3557227, "step": 259, "max_steps": 819, "loss": 6.42922306060791, "elapsed_time": 25.718878507614136, "prnt": false}
{"event": "training_step", "timestamp": 1769664948.4450293, "step": 260, "max_steps": 819, "loss": 6.443284511566162, "elapsed_time": 25.80810260772705, "prnt": false}
{"event": "training_step", "timestamp": 1769664948.5343544, "step": 261, "max_steps": 819, "loss": 6.408736228942871, "elapsed_time": 25.89769458770752, "prnt": false}
{"event": "training_step", "timestamp": 1769664948.6240385, "step": 262, "max_steps": 819, "loss": 6.287160396575928, "elapsed_time": 25.986954927444458, "prnt": false}
{"event": "training_step", "timestamp": 1769664948.7137907, "step": 263, "max_steps": 819, "loss": 6.357190132141113, "elapsed_time": 26.07669186592102, "prnt": false}
{"event": "training_step", "timestamp": 1769664948.8032222, "step": 264, "max_steps": 819, "loss": 6.496820449829102, "elapsed_time": 26.166136264801025, "prnt": false}
{"event": "training_step", "timestamp": 1769664948.8928006, "step": 265, "max_steps": 819, "loss": 6.440843105316162, "elapsed_time": 26.255682706832886, "prnt": false}
{"event": "training_step", "timestamp": 1769664948.982208, "step": 266, "max_steps": 819, "loss": 6.5116987228393555, "elapsed_time": 26.345030307769775, "prnt": false}
{"event": "training_step", "timestamp": 1769664949.071896, "step": 267, "max_steps": 819, "loss": 6.3367462158203125, "elapsed_time": 26.43517756462097, "prnt": false}
{"event": "training_step", "timestamp": 1769664949.161717, "step": 268, "max_steps": 819, "loss": 6.36188268661499, "elapsed_time": 26.52469801902771, "prnt": false}
{"event": "training_step", "timestamp": 1769664949.2515497, "step": 269, "max_steps": 819, "loss": 6.372623443603516, "elapsed_time": 26.614309072494507, "prnt": false}
{"event": "training_step", "timestamp": 1769664949.340841, "step": 270, "max_steps": 819, "loss": 6.408685207366943, "elapsed_time": 26.70405125617981, "prnt": false}
{"event": "training_step", "timestamp": 1769664949.4303982, "step": 271, "max_steps": 819, "loss": 6.43710994720459, "elapsed_time": 26.793470859527588, "prnt": false}
{"event": "training_step", "timestamp": 1769664949.5197139, "step": 272, "max_steps": 819, "loss": 6.431346416473389, "elapsed_time": 26.8836510181427, "prnt": false}
{"event": "training_step", "timestamp": 1769664949.6097472, "step": 273, "max_steps": 819, "loss": 6.254513740539551, "elapsed_time": 26.972326040267944, "prnt": false}
{"event": "validation_step", "timestamp": 1769664949.9743981, "step": 273, "max_steps": 819, "loss": 1.3398341924799293, "elapsed_time": 26.972326040267944}
{"event": "training_step", "timestamp": 1769664950.0647557, "step": 274, "max_steps": 819, "loss": 6.370582580566406, "elapsed_time": 27.42723035812378, "prnt": false}
{"event": "training_step", "timestamp": 1769664950.1539066, "step": 275, "max_steps": 819, "loss": 6.237473964691162, "elapsed_time": 27.51738429069519, "prnt": false}
{"event": "training_step", "timestamp": 1769664950.24332, "step": 276, "max_steps": 819, "loss": 6.505843162536621, "elapsed_time": 27.60657024383545, "prnt": false}
{"event": "training_step", "timestamp": 1769664950.333082, "step": 277, "max_steps": 819, "loss": 6.449734210968018, "elapsed_time": 27.696282386779785, "prnt": false}
{"event": "training_step", "timestamp": 1769664950.422682, "step": 278, "max_steps": 819, "loss": 6.256758689880371, "elapsed_time": 27.785673141479492, "prnt": false}
{"event": "training_step", "timestamp": 1769664950.5121827, "step": 279, "max_steps": 819, "loss": 6.37561559677124, "elapsed_time": 27.87556791305542, "prnt": false}
{"event": "training_step", "timestamp": 1769664950.6014524, "step": 280, "max_steps": 819, "loss": 6.370100498199463, "elapsed_time": 27.964800357818604, "prnt": false}
{"event": "training_step", "timestamp": 1769664950.691142, "step": 281, "max_steps": 819, "loss": 6.244814872741699, "elapsed_time": 28.054208755493164, "prnt": false}
{"event": "training_step", "timestamp": 1769664950.7807992, "step": 282, "max_steps": 819, "loss": 6.538177967071533, "elapsed_time": 28.14384150505066, "prnt": false}
{"event": "training_step", "timestamp": 1769664950.8703027, "step": 283, "max_steps": 819, "loss": 6.400285243988037, "elapsed_time": 28.233280897140503, "prnt": false}
{"event": "training_step", "timestamp": 1769664950.9593709, "step": 284, "max_steps": 819, "loss": 6.5398688316345215, "elapsed_time": 28.323065757751465, "prnt": false}
{"event": "training_step", "timestamp": 1769664951.0492756, "step": 285, "max_steps": 819, "loss": 6.228699207305908, "elapsed_time": 28.41218876838684, "prnt": false}
{"event": "training_step", "timestamp": 1769664951.1389678, "step": 286, "max_steps": 819, "loss": 6.563849449157715, "elapsed_time": 28.501717805862427, "prnt": false}
{"event": "training_step", "timestamp": 1769664951.2288709, "step": 287, "max_steps": 819, "loss": 6.423228740692139, "elapsed_time": 28.591418266296387, "prnt": false}
{"event": "training_step", "timestamp": 1769664951.3180535, "step": 288, "max_steps": 819, "loss": 6.335661888122559, "elapsed_time": 28.681253910064697, "prnt": false}
{"event": "training_step", "timestamp": 1769664951.4082737, "step": 289, "max_steps": 819, "loss": 6.674256801605225, "elapsed_time": 28.77028250694275, "prnt": false}
{"event": "training_step", "timestamp": 1769664951.498021, "step": 290, "max_steps": 819, "loss": 6.3049492835998535, "elapsed_time": 28.861045598983765, "prnt": false}
{"event": "training_step", "timestamp": 1769664951.588117, "step": 291, "max_steps": 819, "loss": 6.422879695892334, "elapsed_time": 28.9504075050354, "prnt": false}
{"event": "training_step", "timestamp": 1769664951.6773198, "step": 292, "max_steps": 819, "loss": 6.2234673500061035, "elapsed_time": 29.040554523468018, "prnt": false}
{"event": "training_step", "timestamp": 1769664951.7675908, "step": 293, "max_steps": 819, "loss": 6.427310943603516, "elapsed_time": 29.130056142807007, "prnt": false}
{"event": "training_step", "timestamp": 1769664951.8574808, "step": 294, "max_steps": 819, "loss": 6.247572898864746, "elapsed_time": 29.220080137252808, "prnt": false}
{"event": "training_step", "timestamp": 1769664951.947709, "step": 295, "max_steps": 819, "loss": 6.346541881561279, "elapsed_time": 29.3098304271698, "prnt": false}
{"event": "training_step", "timestamp": 1769664952.0369647, "step": 296, "max_steps": 819, "loss": 6.299144744873047, "elapsed_time": 29.400193691253662, "prnt": false}
{"event": "training_step", "timestamp": 1769664952.127131, "step": 297, "max_steps": 819, "loss": 6.406296253204346, "elapsed_time": 29.4894118309021, "prnt": false}
{"event": "training_step", "timestamp": 1769664952.2161074, "step": 298, "max_steps": 819, "loss": 6.284235000610352, "elapsed_time": 29.579340934753418, "prnt": false}
{"event": "training_step", "timestamp": 1769664952.3061564, "step": 299, "max_steps": 819, "loss": 6.362875938415527, "elapsed_time": 29.66845965385437, "prnt": false}
{"event": "training_step", "timestamp": 1769664952.395324, "step": 300, "max_steps": 819, "loss": 6.400763511657715, "elapsed_time": 29.75870442390442, "prnt": false}
{"event": "training_step", "timestamp": 1769664952.4851785, "step": 301, "max_steps": 819, "loss": 6.537970542907715, "elapsed_time": 29.847638368606567, "prnt": false}
{"event": "training_step", "timestamp": 1769664952.574128, "step": 302, "max_steps": 819, "loss": 6.303524017333984, "elapsed_time": 29.9374361038208, "prnt": false}
{"event": "training_step", "timestamp": 1769664952.6641624, "step": 303, "max_steps": 819, "loss": 6.414708137512207, "elapsed_time": 30.026545763015747, "prnt": false}
{"event": "training_step", "timestamp": 1769664952.7536888, "step": 304, "max_steps": 819, "loss": 6.3708176612854, "elapsed_time": 30.11669421195984, "prnt": false}
{"event": "training_step", "timestamp": 1769664952.843196, "step": 305, "max_steps": 819, "loss": 6.4392499923706055, "elapsed_time": 30.206369876861572, "prnt": false}
{"event": "training_step", "timestamp": 1769664952.9325898, "step": 306, "max_steps": 819, "loss": 6.3137898445129395, "elapsed_time": 30.295411825180054, "prnt": false}
{"event": "training_step", "timestamp": 1769664953.022676, "step": 307, "max_steps": 819, "loss": 6.413219451904297, "elapsed_time": 30.385282278060913, "prnt": false}
{"event": "training_step", "timestamp": 1769664953.1124136, "step": 308, "max_steps": 819, "loss": 6.420906066894531, "elapsed_time": 30.475319147109985, "prnt": false}
{"event": "training_step", "timestamp": 1769664953.2021854, "step": 309, "max_steps": 819, "loss": 6.312901020050049, "elapsed_time": 30.565224170684814, "prnt": false}
{"event": "training_step", "timestamp": 1769664953.2920058, "step": 310, "max_steps": 819, "loss": 6.398082733154297, "elapsed_time": 30.65450167655945, "prnt": false}
{"event": "training_step", "timestamp": 1769664953.3819804, "step": 311, "max_steps": 819, "loss": 6.498410701751709, "elapsed_time": 30.744766235351562, "prnt": false}
{"event": "training_step", "timestamp": 1769664953.471762, "step": 312, "max_steps": 819, "loss": 6.38584041595459, "elapsed_time": 30.83449625968933, "prnt": false}
{"event": "validation_step", "timestamp": 1769664953.8370109, "step": 312, "max_steps": 819, "loss": 1.3497998516145573, "elapsed_time": 30.83449625968933}
{"event": "training_step", "timestamp": 1769664953.9277496, "step": 313, "max_steps": 819, "loss": 6.312490463256836, "elapsed_time": 31.29005527496338, "prnt": false}
{"event": "training_step", "timestamp": 1769664954.016992, "step": 314, "max_steps": 819, "loss": 6.256534099578857, "elapsed_time": 31.380464792251587, "prnt": false}
{"event": "training_step", "timestamp": 1769664954.1072705, "step": 315, "max_steps": 819, "loss": 6.271007537841797, "elapsed_time": 31.46950650215149, "prnt": false}
{"event": "training_step", "timestamp": 1769664954.197065, "step": 316, "max_steps": 819, "loss": 6.434150218963623, "elapsed_time": 31.559805393218994, "prnt": false}
{"event": "training_step", "timestamp": 1769664954.2872887, "step": 317, "max_steps": 819, "loss": 6.431815147399902, "elapsed_time": 31.64929962158203, "prnt": false}
{"event": "training_step", "timestamp": 1769664954.3764918, "step": 318, "max_steps": 819, "loss": 6.206897258758545, "elapsed_time": 31.739900588989258, "prnt": false}
{"event": "training_step", "timestamp": 1769664954.4659138, "step": 319, "max_steps": 819, "loss": 6.421877384185791, "elapsed_time": 31.828872442245483, "prnt": false}
{"event": "training_step", "timestamp": 1769664954.5554745, "step": 320, "max_steps": 819, "loss": 6.382768154144287, "elapsed_time": 31.91827940940857, "prnt": false}
{"event": "training_step", "timestamp": 1769664954.6445737, "step": 321, "max_steps": 819, "loss": 6.320961952209473, "elapsed_time": 32.008328437805176, "prnt": false}
{"event": "training_step", "timestamp": 1769664954.7338805, "step": 322, "max_steps": 819, "loss": 6.17401647567749, "elapsed_time": 32.096890449523926, "prnt": false}
{"event": "training_step", "timestamp": 1769664954.8236313, "step": 323, "max_steps": 819, "loss": 6.364629745483398, "elapsed_time": 32.186636447906494, "prnt": false}
{"event": "training_step", "timestamp": 1769664954.9127965, "step": 324, "max_steps": 819, "loss": 6.2051897048950195, "elapsed_time": 32.27598428726196, "prnt": false}
{"event": "training_step", "timestamp": 1769664955.002941, "step": 325, "max_steps": 819, "loss": 6.346994400024414, "elapsed_time": 32.36549115180969, "prnt": false}
{"event": "training_step", "timestamp": 1769664955.0924141, "step": 326, "max_steps": 819, "loss": 6.201523303985596, "elapsed_time": 32.455387592315674, "prnt": false}
{"event": "training_step", "timestamp": 1769664955.1821084, "step": 327, "max_steps": 819, "loss": 6.273012161254883, "elapsed_time": 32.545042514801025, "prnt": false}
{"event": "training_step", "timestamp": 1769664955.2717195, "step": 328, "max_steps": 819, "loss": 6.325850963592529, "elapsed_time": 32.63449168205261, "prnt": false}
{"event": "training_step", "timestamp": 1769664955.361442, "step": 329, "max_steps": 819, "loss": 6.376621246337891, "elapsed_time": 32.724050521850586, "prnt": false}
{"event": "training_step", "timestamp": 1769664955.451148, "step": 330, "max_steps": 819, "loss": 6.617375373840332, "elapsed_time": 32.81350111961365, "prnt": false}
{"event": "training_step", "timestamp": 1769664955.5409064, "step": 331, "max_steps": 819, "loss": 6.124110698699951, "elapsed_time": 32.904303312301636, "prnt": false}
{"event": "training_step", "timestamp": 1769664955.62983, "step": 332, "max_steps": 819, "loss": 6.228569507598877, "elapsed_time": 32.99357724189758, "prnt": false}
{"event": "training_step", "timestamp": 1769664955.7189784, "step": 333, "max_steps": 819, "loss": 6.33901309967041, "elapsed_time": 33.08244180679321, "prnt": false}
{"event": "training_step", "timestamp": 1769664955.808859, "step": 334, "max_steps": 819, "loss": 6.310202598571777, "elapsed_time": 33.17147374153137, "prnt": false}
{"event": "training_step", "timestamp": 1769664955.8986733, "step": 335, "max_steps": 819, "loss": 6.073485374450684, "elapsed_time": 33.261340856552124, "prnt": false}
{"event": "training_step", "timestamp": 1769664955.988525, "step": 336, "max_steps": 819, "loss": 6.212091445922852, "elapsed_time": 33.351298093795776, "prnt": false}
{"event": "training_step", "timestamp": 1769664956.0778923, "step": 337, "max_steps": 819, "loss": 6.278429985046387, "elapsed_time": 33.4411678314209, "prnt": false}
{"event": "training_step", "timestamp": 1769664956.1677182, "step": 338, "max_steps": 819, "loss": 6.363603591918945, "elapsed_time": 33.53026986122131, "prnt": false}
{"event": "training_step", "timestamp": 1769664956.256565, "step": 339, "max_steps": 819, "loss": 6.255307674407959, "elapsed_time": 33.62028932571411, "prnt": false}
{"event": "training_step", "timestamp": 1769664956.3466113, "step": 340, "max_steps": 819, "loss": 6.268435955047607, "elapsed_time": 33.7090425491333, "prnt": false}
{"event": "training_step", "timestamp": 1769664956.435768, "step": 341, "max_steps": 819, "loss": 6.238918781280518, "elapsed_time": 33.798851013183594, "prnt": false}
{"event": "training_step", "timestamp": 1769664956.5258105, "step": 342, "max_steps": 819, "loss": 6.420876979827881, "elapsed_time": 33.888182401657104, "prnt": false}
{"event": "training_step", "timestamp": 1769664956.614836, "step": 343, "max_steps": 819, "loss": 5.98814058303833, "elapsed_time": 33.978400230407715, "prnt": false}
{"event": "training_step", "timestamp": 1769664956.703722, "step": 344, "max_steps": 819, "loss": 6.2537713050842285, "elapsed_time": 34.06722569465637, "prnt": false}
{"event": "training_step", "timestamp": 1769664956.7929237, "step": 345, "max_steps": 819, "loss": 6.392276287078857, "elapsed_time": 34.15630269050598, "prnt": false}
{"event": "training_step", "timestamp": 1769664956.882316, "step": 346, "max_steps": 819, "loss": 6.207298755645752, "elapsed_time": 34.24538731575012, "prnt": false}
{"event": "training_step", "timestamp": 1769664956.9718053, "step": 347, "max_steps": 819, "loss": 6.34328031539917, "elapsed_time": 34.334895849227905, "prnt": false}
{"event": "training_step", "timestamp": 1769664957.0616622, "step": 348, "max_steps": 819, "loss": 6.336785316467285, "elapsed_time": 34.424593925476074, "prnt": false}
{"event": "training_step", "timestamp": 1769664957.1514964, "step": 349, "max_steps": 819, "loss": 6.24563455581665, "elapsed_time": 34.51414752006531, "prnt": false}
{"event": "training_step", "timestamp": 1769664957.2411354, "step": 350, "max_steps": 819, "loss": 6.381164073944092, "elapsed_time": 34.60415434837341, "prnt": false}
{"event": "training_step", "timestamp": 1769664957.3306086, "step": 351, "max_steps": 819, "loss": 6.291922092437744, "elapsed_time": 34.69405484199524, "prnt": false}
{"event": "validation_step", "timestamp": 1769664957.6957285, "step": 351, "max_steps": 819, "loss": 1.3622008840435085, "elapsed_time": 34.69405484199524}
{"event": "training_step", "timestamp": 1769664957.7867079, "step": 352, "max_steps": 819, "loss": 6.171586036682129, "elapsed_time": 35.14885759353638, "prnt": false}
{"event": "training_step", "timestamp": 1769664957.8763232, "step": 353, "max_steps": 819, "loss": 6.081248760223389, "elapsed_time": 35.2390398979187, "prnt": false}
{"event": "training_step", "timestamp": 1769664957.965468, "step": 354, "max_steps": 819, "loss": 6.532008647918701, "elapsed_time": 35.32888650894165, "prnt": false}
{"event": "training_step", "timestamp": 1769664958.0546722, "step": 355, "max_steps": 819, "loss": 6.220621585845947, "elapsed_time": 35.41770696640015, "prnt": false}
{"event": "training_step", "timestamp": 1769664958.1436174, "step": 356, "max_steps": 819, "loss": 6.27670955657959, "elapsed_time": 35.507267236709595, "prnt": false}
{"event": "training_step", "timestamp": 1769664958.2328866, "step": 357, "max_steps": 819, "loss": 6.226082801818848, "elapsed_time": 35.596089124679565, "prnt": false}
{"event": "training_step", "timestamp": 1769664958.3228097, "step": 358, "max_steps": 819, "loss": 6.163180351257324, "elapsed_time": 35.685402631759644, "prnt": false}
{"event": "training_step", "timestamp": 1769664958.4122918, "step": 359, "max_steps": 819, "loss": 6.38994836807251, "elapsed_time": 35.775079011917114, "prnt": false}
{"event": "training_step", "timestamp": 1769664958.5020964, "step": 360, "max_steps": 819, "loss": 6.236172676086426, "elapsed_time": 35.865033864974976, "prnt": false}
{"event": "training_step", "timestamp": 1769664958.5913818, "step": 361, "max_steps": 819, "loss": 6.3274102210998535, "elapsed_time": 35.95438742637634, "prnt": false}
{"event": "training_step", "timestamp": 1769664958.6811824, "step": 362, "max_steps": 819, "loss": 6.290700912475586, "elapsed_time": 36.04398560523987, "prnt": false}
{"event": "training_step", "timestamp": 1769664958.7709143, "step": 363, "max_steps": 819, "loss": 6.29356050491333, "elapsed_time": 36.13355255126953, "prnt": false}
{"event": "training_step", "timestamp": 1769664958.8606312, "step": 364, "max_steps": 819, "loss": 6.317551136016846, "elapsed_time": 36.2233190536499, "prnt": false}
{"event": "training_step", "timestamp": 1769664958.9502137, "step": 365, "max_steps": 819, "loss": 6.103761196136475, "elapsed_time": 36.31276726722717, "prnt": false}
{"event": "training_step", "timestamp": 1769664959.039805, "step": 366, "max_steps": 819, "loss": 6.209578037261963, "elapsed_time": 36.40286064147949, "prnt": false}
{"event": "training_step", "timestamp": 1769664959.1297, "step": 367, "max_steps": 819, "loss": 6.127793312072754, "elapsed_time": 36.49217867851257, "prnt": false}
{"event": "training_step", "timestamp": 1769664959.2197247, "step": 368, "max_steps": 819, "loss": 6.193607807159424, "elapsed_time": 36.58236742019653, "prnt": false}
{"event": "training_step", "timestamp": 1769664959.309551, "step": 369, "max_steps": 819, "loss": 6.194578647613525, "elapsed_time": 36.67230677604675, "prnt": false}
{"event": "training_step", "timestamp": 1769664959.3991044, "step": 370, "max_steps": 819, "loss": 6.14169979095459, "elapsed_time": 36.76189684867859, "prnt": false}
{"event": "training_step", "timestamp": 1769664959.4889235, "step": 371, "max_steps": 819, "loss": 6.202798843383789, "elapsed_time": 36.851475954055786, "prnt": false}
{"event": "training_step", "timestamp": 1769664959.5788395, "step": 372, "max_steps": 819, "loss": 6.374959468841553, "elapsed_time": 36.941752910614014, "prnt": false}
{"event": "training_step", "timestamp": 1769664959.6688366, "step": 373, "max_steps": 819, "loss": 6.1112446784973145, "elapsed_time": 37.03153157234192, "prnt": false}
{"event": "training_step", "timestamp": 1769664959.7582855, "step": 374, "max_steps": 819, "loss": 6.088454723358154, "elapsed_time": 37.12142205238342, "prnt": false}
{"event": "training_step", "timestamp": 1769664959.8481762, "step": 375, "max_steps": 819, "loss": 6.251590251922607, "elapsed_time": 37.21065545082092, "prnt": false}
{"event": "training_step", "timestamp": 1769664959.9380462, "step": 376, "max_steps": 819, "loss": 6.223472595214844, "elapsed_time": 37.30064034461975, "prnt": false}
{"event": "training_step", "timestamp": 1769664960.0283778, "step": 377, "max_steps": 819, "loss": 6.392026901245117, "elapsed_time": 37.39071488380432, "prnt": false}
{"event": "training_step", "timestamp": 1769664960.118539, "step": 378, "max_steps": 819, "loss": 6.207254886627197, "elapsed_time": 37.48092770576477, "prnt": false}
{"event": "training_step", "timestamp": 1769664960.208371, "step": 379, "max_steps": 819, "loss": 6.227099418640137, "elapsed_time": 37.57064628601074, "prnt": false}
{"event": "training_step", "timestamp": 1769664960.2985437, "step": 380, "max_steps": 819, "loss": 6.377261161804199, "elapsed_time": 37.661086559295654, "prnt": false}
{"event": "training_step", "timestamp": 1769664960.3884664, "step": 381, "max_steps": 819, "loss": 6.116382122039795, "elapsed_time": 37.75123739242554, "prnt": false}
{"event": "training_step", "timestamp": 1769664960.4783638, "step": 382, "max_steps": 819, "loss": 6.312570095062256, "elapsed_time": 37.84105110168457, "prnt": false}
{"event": "training_step", "timestamp": 1769664960.5683026, "step": 383, "max_steps": 819, "loss": 6.269710540771484, "elapsed_time": 37.93062138557434, "prnt": false}
{"event": "training_step", "timestamp": 1769664960.6579113, "step": 384, "max_steps": 819, "loss": 6.174379348754883, "elapsed_time": 38.020901918411255, "prnt": false}
{"event": "training_step", "timestamp": 1769664960.7479496, "step": 385, "max_steps": 819, "loss": 6.11280632019043, "elapsed_time": 38.11023664474487, "prnt": false}
{"event": "training_step", "timestamp": 1769664960.837906, "step": 386, "max_steps": 819, "loss": 6.206027507781982, "elapsed_time": 38.20058584213257, "prnt": false}
{"event": "training_step", "timestamp": 1769664960.9279559, "step": 387, "max_steps": 819, "loss": 6.229654312133789, "elapsed_time": 38.29042434692383, "prnt": false}
{"event": "training_step", "timestamp": 1769664961.0174682, "step": 388, "max_steps": 819, "loss": 6.286656379699707, "elapsed_time": 38.380423069000244, "prnt": false}
{"event": "training_step", "timestamp": 1769664961.107449, "step": 389, "max_steps": 819, "loss": 6.216982841491699, "elapsed_time": 38.47021150588989, "prnt": false}
{"event": "training_step", "timestamp": 1769664961.197689, "step": 390, "max_steps": 819, "loss": 6.369089603424072, "elapsed_time": 38.56023383140564, "prnt": false}
{"event": "validation_step", "timestamp": 1769664961.5636513, "step": 390, "max_steps": 819, "loss": 1.35439926716598, "elapsed_time": 38.56023383140564}
{"event": "training_step", "timestamp": 1769664961.6537726, "step": 391, "max_steps": 819, "loss": 6.086310863494873, "elapsed_time": 39.01697754859924, "prnt": false}
{"event": "training_step", "timestamp": 1769664961.7431254, "step": 392, "max_steps": 819, "loss": 6.092552661895752, "elapsed_time": 39.10719132423401, "prnt": false}
{"event": "training_step", "timestamp": 1769664961.833351, "step": 393, "max_steps": 819, "loss": 6.193252086639404, "elapsed_time": 39.19571375846863, "prnt": false}
{"event": "training_step", "timestamp": 1769664961.9236407, "step": 394, "max_steps": 819, "loss": 6.303257465362549, "elapsed_time": 39.285584926605225, "prnt": false}
{"event": "training_step", "timestamp": 1769664962.0128329, "step": 395, "max_steps": 819, "loss": 6.315141677856445, "elapsed_time": 39.37577295303345, "prnt": false}
{"event": "training_step", "timestamp": 1769664962.1029444, "step": 396, "max_steps": 819, "loss": 6.078184127807617, "elapsed_time": 39.46521854400635, "prnt": false}
{"event": "training_step", "timestamp": 1769664962.1922297, "step": 397, "max_steps": 819, "loss": 6.359179496765137, "elapsed_time": 39.555803298950195, "prnt": false}
{"event": "training_step", "timestamp": 1769664962.2821274, "step": 398, "max_steps": 819, "loss": 6.404543399810791, "elapsed_time": 39.64451575279236, "prnt": false}
{"event": "training_step", "timestamp": 1769664962.3713865, "step": 399, "max_steps": 819, "loss": 6.3456010818481445, "elapsed_time": 39.734540939331055, "prnt": false}
{"event": "training_step", "timestamp": 1769664962.4615993, "step": 400, "max_steps": 819, "loss": 6.399341583251953, "elapsed_time": 39.82371997833252, "prnt": false}
{"event": "training_step", "timestamp": 1769664962.5512233, "step": 401, "max_steps": 819, "loss": 6.136027812957764, "elapsed_time": 39.914036989212036, "prnt": false}
{"event": "training_step", "timestamp": 1769664962.6409023, "step": 402, "max_steps": 819, "loss": 6.031199932098389, "elapsed_time": 40.00378370285034, "prnt": false}
{"event": "training_step", "timestamp": 1769664962.7302558, "step": 403, "max_steps": 819, "loss": 6.052297592163086, "elapsed_time": 40.09338045120239, "prnt": false}
{"event": "training_step", "timestamp": 1769664962.8201358, "step": 404, "max_steps": 819, "loss": 6.353519439697266, "elapsed_time": 40.18281054496765, "prnt": false}
{"event": "training_step", "timestamp": 1769664962.9100964, "step": 405, "max_steps": 819, "loss": 6.349169731140137, "elapsed_time": 40.27259588241577, "prnt": false}
{"event": "training_step", "timestamp": 1769664962.9998603, "step": 406, "max_steps": 819, "loss": 6.183711528778076, "elapsed_time": 40.36250853538513, "prnt": false}
{"event": "training_step", "timestamp": 1769664963.0897417, "step": 407, "max_steps": 819, "loss": 6.107568740844727, "elapsed_time": 40.45241951942444, "prnt": false}
{"event": "training_step", "timestamp": 1769664963.1796517, "step": 408, "max_steps": 819, "loss": 6.1681952476501465, "elapsed_time": 40.542322874069214, "prnt": false}
{"event": "training_step", "timestamp": 1769664963.2698288, "step": 409, "max_steps": 819, "loss": 6.193027496337891, "elapsed_time": 40.63211703300476, "prnt": false}
{"event": "training_step", "timestamp": 1769664963.3594017, "step": 410, "max_steps": 819, "loss": 6.058739185333252, "elapsed_time": 40.72225761413574, "prnt": false}
{"event": "training_step", "timestamp": 1769664963.4492211, "step": 411, "max_steps": 819, "loss": 6.211215019226074, "elapsed_time": 40.81144165992737, "prnt": false}
{"event": "training_step", "timestamp": 1769664963.539216, "step": 412, "max_steps": 819, "loss": 6.1773223876953125, "elapsed_time": 40.90179681777954, "prnt": false}
{"event": "training_step", "timestamp": 1769664963.629471, "step": 413, "max_steps": 819, "loss": 6.237313747406006, "elapsed_time": 40.99191069602966, "prnt": false}
{"event": "training_step", "timestamp": 1769664963.7191184, "step": 414, "max_steps": 819, "loss": 6.255770683288574, "elapsed_time": 41.08220028877258, "prnt": false}
{"event": "training_step", "timestamp": 1769664963.8089561, "step": 415, "max_steps": 819, "loss": 6.262719631195068, "elapsed_time": 41.17148542404175, "prnt": false}
{"event": "training_step", "timestamp": 1769664963.8988168, "step": 416, "max_steps": 819, "loss": 6.095722198486328, "elapsed_time": 41.2613308429718, "prnt": false}
{"event": "training_step", "timestamp": 1769664963.9890962, "step": 417, "max_steps": 819, "loss": 6.125362396240234, "elapsed_time": 41.35229277610779, "prnt": false}
{"event": "training_step", "timestamp": 1769664964.078857, "step": 418, "max_steps": 819, "loss": 6.428289413452148, "elapsed_time": 41.442150831222534, "prnt": false}
{"event": "training_step", "timestamp": 1769664964.1689906, "step": 419, "max_steps": 819, "loss": 6.209451675415039, "elapsed_time": 41.531410694122314, "prnt": false}
{"event": "training_step", "timestamp": 1769664964.259019, "step": 420, "max_steps": 819, "loss": 6.210978984832764, "elapsed_time": 41.621628284454346, "prnt": false}
{"event": "training_step", "timestamp": 1769664964.348927, "step": 421, "max_steps": 819, "loss": 6.1290364265441895, "elapsed_time": 41.71173048019409, "prnt": false}
{"event": "training_step", "timestamp": 1769664964.438554, "step": 422, "max_steps": 819, "loss": 6.162773609161377, "elapsed_time": 41.80154013633728, "prnt": false}
{"event": "training_step", "timestamp": 1769664964.5285895, "step": 423, "max_steps": 819, "loss": 6.320886611938477, "elapsed_time": 41.89099669456482, "prnt": false}
{"event": "training_step", "timestamp": 1769664964.6186063, "step": 424, "max_steps": 819, "loss": 6.098904609680176, "elapsed_time": 41.98106360435486, "prnt": false}
{"event": "training_step", "timestamp": 1769664964.7087455, "step": 425, "max_steps": 819, "loss": 6.122174263000488, "elapsed_time": 42.07150936126709, "prnt": false}
{"event": "training_step", "timestamp": 1769664964.7987278, "step": 426, "max_steps": 819, "loss": 6.075656890869141, "elapsed_time": 42.16173529624939, "prnt": false}
{"event": "training_step", "timestamp": 1769664964.8887618, "step": 427, "max_steps": 819, "loss": 6.275057792663574, "elapsed_time": 42.25139260292053, "prnt": false}
{"event": "training_step", "timestamp": 1769664964.9785495, "step": 428, "max_steps": 819, "loss": 6.1337056159973145, "elapsed_time": 42.34155344963074, "prnt": false}
{"event": "training_step", "timestamp": 1769664965.0684862, "step": 429, "max_steps": 819, "loss": 6.068231105804443, "elapsed_time": 42.4310462474823, "prnt": false}
{"event": "validation_step", "timestamp": 1769664965.4345434, "step": 429, "max_steps": 819, "loss": 1.350447580495851, "elapsed_time": 42.4310462474823}
{"event": "training_step", "timestamp": 1769664965.5253203, "step": 430, "max_steps": 819, "loss": 6.254270553588867, "elapsed_time": 42.887290716171265, "prnt": false}
{"event": "training_step", "timestamp": 1769664965.6154845, "step": 431, "max_steps": 819, "loss": 6.276777267456055, "elapsed_time": 42.9781608581543, "prnt": false}
{"event": "training_step", "timestamp": 1769664965.705784, "step": 432, "max_steps": 819, "loss": 6.296323299407959, "elapsed_time": 43.06854605674744, "prnt": false}
{"event": "training_step", "timestamp": 1769664965.795087, "step": 433, "max_steps": 819, "loss": 6.072442054748535, "elapsed_time": 43.158414363861084, "prnt": false}
{"event": "training_step", "timestamp": 1769664965.885211, "step": 434, "max_steps": 819, "loss": 6.037566184997559, "elapsed_time": 43.247742652893066, "prnt": false}
{"event": "training_step", "timestamp": 1769664965.975428, "step": 435, "max_steps": 819, "loss": 6.028746128082275, "elapsed_time": 43.337892293930054, "prnt": false}
{"event": "training_step", "timestamp": 1769664966.0656073, "step": 436, "max_steps": 819, "loss": 6.053852081298828, "elapsed_time": 43.42814040184021, "prnt": false}
{"event": "training_step", "timestamp": 1769664966.1549592, "step": 437, "max_steps": 819, "loss": 6.018029689788818, "elapsed_time": 43.518028259277344, "prnt": false}
{"event": "training_step", "timestamp": 1769664966.2451625, "step": 438, "max_steps": 819, "loss": 6.207764625549316, "elapsed_time": 43.607702016830444, "prnt": false}
{"event": "training_step", "timestamp": 1769664966.3343227, "step": 439, "max_steps": 819, "loss": 6.207759380340576, "elapsed_time": 43.69777870178223, "prnt": false}
{"event": "training_step", "timestamp": 1769664966.4243886, "step": 440, "max_steps": 819, "loss": 6.113332748413086, "elapsed_time": 43.78708505630493, "prnt": false}
{"event": "training_step", "timestamp": 1769664966.5136747, "step": 441, "max_steps": 819, "loss": 6.225959300994873, "elapsed_time": 43.876749753952026, "prnt": false}
{"event": "training_step", "timestamp": 1769664966.6037273, "step": 442, "max_steps": 819, "loss": 6.094624996185303, "elapsed_time": 43.96613883972168, "prnt": false}
{"event": "training_step", "timestamp": 1769664966.6934588, "step": 443, "max_steps": 819, "loss": 6.534244060516357, "elapsed_time": 44.056084871292114, "prnt": false}
{"event": "training_step", "timestamp": 1769664966.7837079, "step": 444, "max_steps": 819, "loss": 6.193421363830566, "elapsed_time": 44.14597749710083, "prnt": false}
{"event": "training_step", "timestamp": 1769664966.8730407, "step": 445, "max_steps": 819, "loss": 6.125092506408691, "elapsed_time": 44.23625445365906, "prnt": false}
{"event": "training_step", "timestamp": 1769664966.9632998, "step": 446, "max_steps": 819, "loss": 6.194321155548096, "elapsed_time": 44.32557010650635, "prnt": false}
{"event": "training_step", "timestamp": 1769664967.0525625, "step": 447, "max_steps": 819, "loss": 6.303534030914307, "elapsed_time": 44.41575288772583, "prnt": false}
{"event": "training_step", "timestamp": 1769664967.143026, "step": 448, "max_steps": 819, "loss": 6.292511463165283, "elapsed_time": 44.505099058151245, "prnt": false}
{"event": "training_step", "timestamp": 1769664967.2324255, "step": 449, "max_steps": 819, "loss": 6.342376232147217, "elapsed_time": 44.59565567970276, "prnt": false}
{"event": "training_step", "timestamp": 1769664967.3231354, "step": 450, "max_steps": 819, "loss": 6.181192398071289, "elapsed_time": 44.68500876426697, "prnt": false}
{"event": "training_step", "timestamp": 1769664967.412538, "step": 451, "max_steps": 819, "loss": 6.139374732971191, "elapsed_time": 44.77552676200867, "prnt": false}
{"event": "training_step", "timestamp": 1769664967.5030727, "step": 452, "max_steps": 819, "loss": 6.009151935577393, "elapsed_time": 44.86528205871582, "prnt": false}
{"event": "training_step", "timestamp": 1769664967.5925183, "step": 453, "max_steps": 819, "loss": 6.187290668487549, "elapsed_time": 44.9564254283905, "prnt": false}
{"event": "training_step", "timestamp": 1769664967.6829531, "step": 454, "max_steps": 819, "loss": 5.985271453857422, "elapsed_time": 45.04560136795044, "prnt": false}
{"event": "training_step", "timestamp": 1769664967.7722738, "step": 455, "max_steps": 819, "loss": 6.05775260925293, "elapsed_time": 45.13534116744995, "prnt": false}
{"event": "training_step", "timestamp": 1769664967.86288, "step": 456, "max_steps": 819, "loss": 6.193354606628418, "elapsed_time": 45.22460913658142, "prnt": false}
{"event": "training_step", "timestamp": 1769664967.9521906, "step": 457, "max_steps": 819, "loss": 6.341070652008057, "elapsed_time": 45.31504487991333, "prnt": false}
{"event": "training_step", "timestamp": 1769664968.0414097, "step": 458, "max_steps": 819, "loss": 6.181270599365234, "elapsed_time": 45.40465760231018, "prnt": false}
{"event": "training_step", "timestamp": 1769664968.1307642, "step": 459, "max_steps": 819, "loss": 6.068591117858887, "elapsed_time": 45.49359083175659, "prnt": false}
{"event": "training_step", "timestamp": 1769664968.220885, "step": 460, "max_steps": 819, "loss": 6.074923992156982, "elapsed_time": 45.583317279815674, "prnt": false}
{"event": "training_step", "timestamp": 1769664968.3102288, "step": 461, "max_steps": 819, "loss": 6.160680294036865, "elapsed_time": 45.67333912849426, "prnt": false}
{"event": "training_step", "timestamp": 1769664968.4000924, "step": 462, "max_steps": 819, "loss": 6.100813865661621, "elapsed_time": 45.76261901855469, "prnt": false}
{"event": "training_step", "timestamp": 1769664968.4895525, "step": 463, "max_steps": 819, "loss": 6.134172439575195, "elapsed_time": 45.8525607585907, "prnt": false}
{"event": "training_step", "timestamp": 1769664968.5796423, "step": 464, "max_steps": 819, "loss": 6.162947177886963, "elapsed_time": 45.942108154296875, "prnt": false}
{"event": "training_step", "timestamp": 1769664968.669188, "step": 465, "max_steps": 819, "loss": 6.170173645019531, "elapsed_time": 46.0322744846344, "prnt": false}
{"event": "training_step", "timestamp": 1769664968.7589073, "step": 466, "max_steps": 819, "loss": 5.966652870178223, "elapsed_time": 46.12173056602478, "prnt": false}
{"event": "training_step", "timestamp": 1769664968.8485937, "step": 467, "max_steps": 819, "loss": 5.987468242645264, "elapsed_time": 46.211856842041016, "prnt": false}
{"event": "training_step", "timestamp": 1769664968.9387443, "step": 468, "max_steps": 819, "loss": 6.320622444152832, "elapsed_time": 46.30113482475281, "prnt": false}
{"event": "validation_step", "timestamp": 1769664969.3055563, "step": 468, "max_steps": 819, "loss": 1.368507821962311, "elapsed_time": 46.30113482475281}
{"event": "training_step", "timestamp": 1769664969.3961964, "step": 469, "max_steps": 819, "loss": 5.844264030456543, "elapsed_time": 46.75836443901062, "prnt": false}
{"event": "training_step", "timestamp": 1769664969.486106, "step": 470, "max_steps": 819, "loss": 6.183656692504883, "elapsed_time": 46.84877300262451, "prnt": false}
{"event": "training_step", "timestamp": 1769664969.5760386, "step": 471, "max_steps": 819, "loss": 6.159634113311768, "elapsed_time": 46.938578844070435, "prnt": false}
{"event": "training_step", "timestamp": 1769664969.6661274, "step": 472, "max_steps": 819, "loss": 6.0026116371154785, "elapsed_time": 47.02877736091614, "prnt": false}
{"event": "training_step", "timestamp": 1769664969.7558353, "step": 473, "max_steps": 819, "loss": 6.074304103851318, "elapsed_time": 47.11865448951721, "prnt": false}
{"event": "training_step", "timestamp": 1769664969.8457198, "step": 474, "max_steps": 819, "loss": 6.18649959564209, "elapsed_time": 47.208178997039795, "prnt": false}
{"event": "training_step", "timestamp": 1769664969.936016, "step": 475, "max_steps": 819, "loss": 5.972429275512695, "elapsed_time": 47.29864525794983, "prnt": false}
{"event": "training_step", "timestamp": 1769664970.0260644, "step": 476, "max_steps": 819, "loss": 6.26909065246582, "elapsed_time": 47.38858079910278, "prnt": false}
{"event": "training_step", "timestamp": 1769664970.1156864, "step": 477, "max_steps": 819, "loss": 6.128834247589111, "elapsed_time": 47.47887825965881, "prnt": false}
{"event": "training_step", "timestamp": 1769664970.2057412, "step": 478, "max_steps": 819, "loss": 5.863670349121094, "elapsed_time": 47.5683114528656, "prnt": false}
{"event": "training_step", "timestamp": 1769664970.295982, "step": 479, "max_steps": 819, "loss": 6.159425735473633, "elapsed_time": 47.658231019973755, "prnt": false}
{"event": "training_step", "timestamp": 1769664970.386188, "step": 480, "max_steps": 819, "loss": 6.029416084289551, "elapsed_time": 47.748400926589966, "prnt": false}
{"event": "training_step", "timestamp": 1769664970.4756598, "step": 481, "max_steps": 819, "loss": 6.197708606719971, "elapsed_time": 47.838523626327515, "prnt": false}
{"event": "training_step", "timestamp": 1769664970.5656102, "step": 482, "max_steps": 819, "loss": 6.069679260253906, "elapsed_time": 47.92812466621399, "prnt": false}
{"event": "training_step", "timestamp": 1769664970.655733, "step": 483, "max_steps": 819, "loss": 6.051680564880371, "elapsed_time": 48.01831007003784, "prnt": false}
{"event": "training_step", "timestamp": 1769664970.7456205, "step": 484, "max_steps": 819, "loss": 6.173720836639404, "elapsed_time": 48.10818147659302, "prnt": false}
{"event": "training_step", "timestamp": 1769664970.8351586, "step": 485, "max_steps": 819, "loss": 6.012974739074707, "elapsed_time": 48.197758197784424, "prnt": false}
{"event": "training_step", "timestamp": 1769664970.9252512, "step": 486, "max_steps": 819, "loss": 6.13458776473999, "elapsed_time": 48.28754186630249, "prnt": false}
{"event": "training_step", "timestamp": 1769664971.0153062, "step": 487, "max_steps": 819, "loss": 6.093868255615234, "elapsed_time": 48.377739906311035, "prnt": false}
{"event": "training_step", "timestamp": 1769664971.1052723, "step": 488, "max_steps": 819, "loss": 6.153063774108887, "elapsed_time": 48.4680609703064, "prnt": false}
{"event": "training_step", "timestamp": 1769664971.1948683, "step": 489, "max_steps": 819, "loss": 6.090060710906982, "elapsed_time": 48.55777716636658, "prnt": false}
{"event": "training_step", "timestamp": 1769664971.2849612, "step": 490, "max_steps": 819, "loss": 6.2247314453125, "elapsed_time": 48.647841691970825, "prnt": false}
{"event": "training_step", "timestamp": 1769664971.3751729, "step": 491, "max_steps": 819, "loss": 5.799244403839111, "elapsed_time": 48.73762774467468, "prnt": false}
{"event": "training_step", "timestamp": 1769664971.4652355, "step": 492, "max_steps": 819, "loss": 5.923301696777344, "elapsed_time": 48.827778577804565, "prnt": false}
{"event": "training_step", "timestamp": 1769664971.5548828, "step": 493, "max_steps": 819, "loss": 6.096508502960205, "elapsed_time": 48.91767144203186, "prnt": false}
{"event": "training_step", "timestamp": 1769664971.6450965, "step": 494, "max_steps": 819, "loss": 6.034853935241699, "elapsed_time": 49.00761342048645, "prnt": false}
{"event": "training_step", "timestamp": 1769664971.7352147, "step": 495, "max_steps": 819, "loss": 6.043237686157227, "elapsed_time": 49.09821033477783, "prnt": false}
{"event": "training_step", "timestamp": 1769664971.8252237, "step": 496, "max_steps": 819, "loss": 6.220248222351074, "elapsed_time": 49.18748068809509, "prnt": false}
{"event": "training_step", "timestamp": 1769664971.9151165, "step": 497, "max_steps": 819, "loss": 6.095454692840576, "elapsed_time": 49.2777054309845, "prnt": false}
{"event": "training_step", "timestamp": 1769664972.0054743, "step": 498, "max_steps": 819, "loss": 6.183017730712891, "elapsed_time": 49.36877179145813, "prnt": false}
{"event": "training_step", "timestamp": 1769664972.0952442, "step": 499, "max_steps": 819, "loss": 6.042202472686768, "elapsed_time": 49.45812916755676, "prnt": false}
{"event": "training_step", "timestamp": 1769664972.1851819, "step": 500, "max_steps": 819, "loss": 6.215059280395508, "elapsed_time": 49.547828912734985, "prnt": false}
{"event": "training_step", "timestamp": 1769664972.2752109, "step": 501, "max_steps": 819, "loss": 5.9660563468933105, "elapsed_time": 49.63811540603638, "prnt": false}
{"event": "training_step", "timestamp": 1769664972.3652654, "step": 502, "max_steps": 819, "loss": 6.148857593536377, "elapsed_time": 49.72751021385193, "prnt": false}
{"event": "training_step", "timestamp": 1769664972.4549603, "step": 503, "max_steps": 819, "loss": 6.140016078948975, "elapsed_time": 49.81758785247803, "prnt": false}
{"event": "training_step", "timestamp": 1769664972.544894, "step": 504, "max_steps": 819, "loss": 6.062155246734619, "elapsed_time": 49.90708374977112, "prnt": false}
{"event": "training_step", "timestamp": 1769664972.6353128, "step": 505, "max_steps": 819, "loss": 6.150444507598877, "elapsed_time": 49.99798059463501, "prnt": false}
{"event": "training_step", "timestamp": 1769664972.7257943, "step": 506, "max_steps": 819, "loss": 5.9106950759887695, "elapsed_time": 50.088669776916504, "prnt": false}
{"event": "training_step", "timestamp": 1769664972.8155622, "step": 507, "max_steps": 819, "loss": 5.9810309410095215, "elapsed_time": 50.17856812477112, "prnt": false}
{"event": "validation_step", "timestamp": 1769664973.1821942, "step": 507, "max_steps": 819, "loss": 1.3512944573355818, "elapsed_time": 50.17856812477112}
{"event": "training_step", "timestamp": 1769664973.2726915, "step": 508, "max_steps": 819, "loss": 6.090002536773682, "elapsed_time": 50.634859800338745, "prnt": false}
{"event": "training_step", "timestamp": 1769664973.362919, "step": 509, "max_steps": 819, "loss": 6.238898277282715, "elapsed_time": 50.72519397735596, "prnt": false}
{"event": "training_step", "timestamp": 1769664973.4530582, "step": 510, "max_steps": 819, "loss": 6.16284704208374, "elapsed_time": 50.81507158279419, "prnt": false}
{"event": "training_step", "timestamp": 1769664973.5433884, "step": 511, "max_steps": 819, "loss": 5.94189453125, "elapsed_time": 50.905720472335815, "prnt": false}
{"event": "training_step", "timestamp": 1769664973.6331773, "step": 512, "max_steps": 819, "loss": 5.974367618560791, "elapsed_time": 50.99581027030945, "prnt": false}
{"event": "training_step", "timestamp": 1769664973.72365, "step": 513, "max_steps": 819, "loss": 6.070108413696289, "elapsed_time": 51.08621001243591, "prnt": false}
{"event": "training_step", "timestamp": 1769664973.8132815, "step": 514, "max_steps": 819, "loss": 5.973137378692627, "elapsed_time": 51.176098585128784, "prnt": false}
{"event": "training_step", "timestamp": 1769664973.9035912, "step": 515, "max_steps": 819, "loss": 5.974113464355469, "elapsed_time": 51.265491247177124, "prnt": false}
{"event": "training_step", "timestamp": 1769664973.9934912, "step": 516, "max_steps": 819, "loss": 6.164235591888428, "elapsed_time": 51.35573720932007, "prnt": false}
{"event": "training_step", "timestamp": 1769664974.0838623, "step": 517, "max_steps": 819, "loss": 6.119320869445801, "elapsed_time": 51.445863008499146, "prnt": false}
{"event": "training_step", "timestamp": 1769664974.173613, "step": 518, "max_steps": 819, "loss": 6.119699478149414, "elapsed_time": 51.53635263442993, "prnt": false}
{"event": "training_step", "timestamp": 1769664974.2640119, "step": 519, "max_steps": 819, "loss": 6.065204620361328, "elapsed_time": 51.62604308128357, "prnt": false}
{"event": "training_step", "timestamp": 1769664974.3541327, "step": 520, "max_steps": 819, "loss": 6.0395026206970215, "elapsed_time": 51.716346740722656, "prnt": false}
{"event": "training_step", "timestamp": 1769664974.4444797, "step": 521, "max_steps": 819, "loss": 6.0901618003845215, "elapsed_time": 51.80647134780884, "prnt": false}
{"event": "training_step", "timestamp": 1769664974.5338535, "step": 522, "max_steps": 819, "loss": 6.000977039337158, "elapsed_time": 51.89654779434204, "prnt": false}
{"event": "training_step", "timestamp": 1769664974.6240733, "step": 523, "max_steps": 819, "loss": 6.063815116882324, "elapsed_time": 51.9862859249115, "prnt": false}
{"event": "training_step", "timestamp": 1769664974.714411, "step": 524, "max_steps": 819, "loss": 6.026123523712158, "elapsed_time": 52.076486349105835, "prnt": false}
{"event": "training_step", "timestamp": 1769664974.8043516, "step": 525, "max_steps": 819, "loss": 6.146453380584717, "elapsed_time": 52.16709017753601, "prnt": false}
{"event": "training_step", "timestamp": 1769664974.8938816, "step": 526, "max_steps": 819, "loss": 5.977184772491455, "elapsed_time": 52.25674796104431, "prnt": false}
{"event": "training_step", "timestamp": 1769664974.9841895, "step": 527, "max_steps": 819, "loss": 6.185420513153076, "elapsed_time": 52.34666347503662, "prnt": false}
{"event": "training_step", "timestamp": 1769664975.07418, "step": 528, "max_steps": 819, "loss": 6.074445724487305, "elapsed_time": 52.43668007850647, "prnt": false}
{"event": "training_step", "timestamp": 1769664975.1644812, "step": 529, "max_steps": 819, "loss": 6.056008338928223, "elapsed_time": 52.52656388282776, "prnt": false}
{"event": "training_step", "timestamp": 1769664975.253959, "step": 530, "max_steps": 819, "loss": 6.013265609741211, "elapsed_time": 52.61667013168335, "prnt": false}
{"event": "training_step", "timestamp": 1769664975.3443208, "step": 531, "max_steps": 819, "loss": 6.164330005645752, "elapsed_time": 52.70634841918945, "prnt": false}
{"event": "training_step", "timestamp": 1769664975.4334946, "step": 532, "max_steps": 819, "loss": 6.054993629455566, "elapsed_time": 52.79639959335327, "prnt": false}
{"event": "training_step", "timestamp": 1769664975.5238929, "step": 533, "max_steps": 819, "loss": 6.0067267417907715, "elapsed_time": 52.886189699172974, "prnt": false}
{"event": "training_step", "timestamp": 1769664975.6135566, "step": 534, "max_steps": 819, "loss": 6.047757148742676, "elapsed_time": 52.976476192474365, "prnt": false}
{"event": "training_step", "timestamp": 1769664975.703987, "step": 535, "max_steps": 819, "loss": 6.013747692108154, "elapsed_time": 53.066043853759766, "prnt": false}
{"event": "training_step", "timestamp": 1769664975.794166, "step": 536, "max_steps": 819, "loss": 6.11400032043457, "elapsed_time": 53.15675687789917, "prnt": false}
{"event": "training_step", "timestamp": 1769664975.8842227, "step": 537, "max_steps": 819, "loss": 5.975208282470703, "elapsed_time": 53.2468683719635, "prnt": false}
{"event": "training_step", "timestamp": 1769664975.974241, "step": 538, "max_steps": 819, "loss": 5.95649528503418, "elapsed_time": 53.33691215515137, "prnt": false}
{"event": "training_step", "timestamp": 1769664976.0643759, "step": 539, "max_steps": 819, "loss": 6.179854393005371, "elapsed_time": 53.42660903930664, "prnt": false}
{"event": "training_step", "timestamp": 1769664976.1544406, "step": 540, "max_steps": 819, "loss": 5.960357666015625, "elapsed_time": 53.51688528060913, "prnt": false}
{"event": "training_step", "timestamp": 1769664976.2445755, "step": 541, "max_steps": 819, "loss": 5.991292953491211, "elapsed_time": 53.606693983078, "prnt": false}
{"event": "training_step", "timestamp": 1769664976.334724, "step": 542, "max_steps": 819, "loss": 5.892267227172852, "elapsed_time": 53.69708967208862, "prnt": false}
{"event": "training_step", "timestamp": 1769664976.425145, "step": 543, "max_steps": 819, "loss": 6.083992004394531, "elapsed_time": 53.78712272644043, "prnt": false}
{"event": "training_step", "timestamp": 1769664976.5148978, "step": 544, "max_steps": 819, "loss": 5.964161396026611, "elapsed_time": 53.87727093696594, "prnt": false}
{"event": "training_step", "timestamp": 1769664976.6050086, "step": 545, "max_steps": 819, "loss": 5.992142677307129, "elapsed_time": 53.96745824813843, "prnt": false}
{"event": "training_step", "timestamp": 1769664976.6950092, "step": 546, "max_steps": 819, "loss": 6.230144500732422, "elapsed_time": 54.05740690231323, "prnt": false}
{"event": "validation_step", "timestamp": 1769664977.0621645, "step": 546, "max_steps": 819, "loss": 1.3583287188698754, "elapsed_time": 54.05740690231323}
{"event": "training_step", "timestamp": 1769664977.1532164, "step": 547, "max_steps": 819, "loss": 5.9557600021362305, "elapsed_time": 54.51506495475769, "prnt": false}
{"event": "training_step", "timestamp": 1769664977.2435768, "step": 548, "max_steps": 819, "loss": 6.05605411529541, "elapsed_time": 54.60568594932556, "prnt": false}
{"event": "training_step", "timestamp": 1769664977.333552, "step": 549, "max_steps": 819, "loss": 5.944655418395996, "elapsed_time": 54.69598436355591, "prnt": false}
{"event": "training_step", "timestamp": 1769664977.4237761, "step": 550, "max_steps": 819, "loss": 5.948286056518555, "elapsed_time": 54.78573703765869, "prnt": false}
{"event": "training_step", "timestamp": 1769664977.513801, "step": 551, "max_steps": 819, "loss": 6.138918876647949, "elapsed_time": 54.87734270095825, "prnt": false}
{"event": "training_step", "timestamp": 1769664977.6040425, "step": 552, "max_steps": 819, "loss": 6.0703887939453125, "elapsed_time": 54.96650671958923, "prnt": false}
{"event": "training_step", "timestamp": 1769664977.6943738, "step": 553, "max_steps": 819, "loss": 6.141686916351318, "elapsed_time": 55.05660963058472, "prnt": false}
{"event": "training_step", "timestamp": 1769664977.7848575, "step": 554, "max_steps": 819, "loss": 6.042809009552002, "elapsed_time": 55.147300720214844, "prnt": false}
{"event": "training_step", "timestamp": 1769664977.8746421, "step": 555, "max_steps": 819, "loss": 6.190818786621094, "elapsed_time": 55.23754596710205, "prnt": false}
{"event": "training_step", "timestamp": 1769664977.964849, "step": 556, "max_steps": 819, "loss": 6.288119792938232, "elapsed_time": 55.32744550704956, "prnt": false}
{"event": "training_step", "timestamp": 1769664978.0551097, "step": 557, "max_steps": 819, "loss": 6.054882526397705, "elapsed_time": 55.41765117645264, "prnt": false}
{"event": "training_step", "timestamp": 1769664978.145327, "step": 558, "max_steps": 819, "loss": 6.055439472198486, "elapsed_time": 55.50753998756409, "prnt": false}
{"event": "training_step", "timestamp": 1769664978.23525, "step": 559, "max_steps": 819, "loss": 6.010402679443359, "elapsed_time": 55.59803533554077, "prnt": false}
{"event": "training_step", "timestamp": 1769664978.3254344, "step": 560, "max_steps": 819, "loss": 6.116040229797363, "elapsed_time": 55.68760895729065, "prnt": false}
{"event": "training_step", "timestamp": 1769664978.4155369, "step": 561, "max_steps": 819, "loss": 6.002895355224609, "elapsed_time": 55.778008699417114, "prnt": false}
{"event": "training_step", "timestamp": 1769664978.5053406, "step": 562, "max_steps": 819, "loss": 5.923697471618652, "elapsed_time": 55.86766719818115, "prnt": false}
{"event": "training_step", "timestamp": 1769664978.595691, "step": 563, "max_steps": 819, "loss": 6.261963367462158, "elapsed_time": 55.95797324180603, "prnt": false}
{"event": "training_step", "timestamp": 1769664978.6857085, "step": 564, "max_steps": 819, "loss": 5.933032512664795, "elapsed_time": 56.048131465911865, "prnt": false}
{"event": "training_step", "timestamp": 1769664978.7757351, "step": 565, "max_steps": 819, "loss": 6.1041483879089355, "elapsed_time": 56.13839077949524, "prnt": false}
{"event": "training_step", "timestamp": 1769664978.8655124, "step": 566, "max_steps": 819, "loss": 5.995788097381592, "elapsed_time": 56.22837162017822, "prnt": false}
{"event": "training_step", "timestamp": 1769664978.9548597, "step": 567, "max_steps": 819, "loss": 6.076513290405273, "elapsed_time": 56.31831383705139, "prnt": false}
{"event": "training_step", "timestamp": 1769664979.0450563, "step": 568, "max_steps": 819, "loss": 6.151480197906494, "elapsed_time": 56.407323122024536, "prnt": false}
{"event": "training_step", "timestamp": 1769664979.135121, "step": 569, "max_steps": 819, "loss": 6.018500804901123, "elapsed_time": 56.49789834022522, "prnt": false}
{"event": "training_step", "timestamp": 1769664979.2249541, "step": 570, "max_steps": 819, "loss": 6.161022663116455, "elapsed_time": 56.58749198913574, "prnt": false}
{"event": "training_step", "timestamp": 1769664979.31537, "step": 571, "max_steps": 819, "loss": 5.8675031661987305, "elapsed_time": 56.67733144760132, "prnt": false}
{"event": "training_step", "timestamp": 1769664979.405545, "step": 572, "max_steps": 819, "loss": 6.1302103996276855, "elapsed_time": 56.767616748809814, "prnt": false}
{"event": "training_step", "timestamp": 1769664979.495452, "step": 573, "max_steps": 819, "loss": 5.913425922393799, "elapsed_time": 56.85822415351868, "prnt": false}
{"event": "training_step", "timestamp": 1769664979.5852647, "step": 574, "max_steps": 819, "loss": 5.8590826988220215, "elapsed_time": 56.94765377044678, "prnt": false}
{"event": "training_step", "timestamp": 1769664979.67548, "step": 575, "max_steps": 819, "loss": 5.825860023498535, "elapsed_time": 57.03769111633301, "prnt": false}
{"event": "training_step", "timestamp": 1769664979.7654998, "step": 576, "max_steps": 819, "loss": 6.152744293212891, "elapsed_time": 57.12848496437073, "prnt": false}
{"event": "training_step", "timestamp": 1769664979.855542, "step": 577, "max_steps": 819, "loss": 5.961211681365967, "elapsed_time": 57.21841835975647, "prnt": false}
{"event": "training_step", "timestamp": 1769664979.9451246, "step": 578, "max_steps": 819, "loss": 6.202398300170898, "elapsed_time": 57.30787944793701, "prnt": false}
{"event": "training_step", "timestamp": 1769664980.0353682, "step": 579, "max_steps": 819, "loss": 5.938249588012695, "elapsed_time": 57.3975887298584, "prnt": false}
{"event": "training_step", "timestamp": 1769664980.125403, "step": 580, "max_steps": 819, "loss": 6.106068134307861, "elapsed_time": 57.4876914024353, "prnt": false}
{"event": "training_step", "timestamp": 1769664980.2155256, "step": 581, "max_steps": 819, "loss": 6.013396263122559, "elapsed_time": 57.5778067111969, "prnt": false}
{"event": "training_step", "timestamp": 1769664980.3057683, "step": 582, "max_steps": 819, "loss": 6.076351642608643, "elapsed_time": 57.667925119400024, "prnt": false}
{"event": "training_step", "timestamp": 1769664980.3960066, "step": 583, "max_steps": 819, "loss": 5.976513862609863, "elapsed_time": 57.7581524848938, "prnt": false}
{"event": "training_step", "timestamp": 1769664980.4857256, "step": 584, "max_steps": 819, "loss": 5.917135238647461, "elapsed_time": 57.848376750946045, "prnt": false}
{"event": "training_step", "timestamp": 1769664980.5758183, "step": 585, "max_steps": 819, "loss": 6.093195915222168, "elapsed_time": 57.938605308532715, "prnt": false}
{"event": "validation_step", "timestamp": 1769664980.9430962, "step": 585, "max_steps": 819, "loss": 1.3514875851549406, "elapsed_time": 57.938605308532715}
{"event": "training_step", "timestamp": 1769664981.034283, "step": 586, "max_steps": 819, "loss": 6.051887512207031, "elapsed_time": 58.396137952804565, "prnt": false}
{"event": "training_step", "timestamp": 1769664981.124659, "step": 587, "max_steps": 819, "loss": 5.987282752990723, "elapsed_time": 58.48736119270325, "prnt": false}
{"event": "training_step", "timestamp": 1769664981.2146964, "step": 588, "max_steps": 819, "loss": 5.931129455566406, "elapsed_time": 58.57704758644104, "prnt": false}
{"event": "training_step", "timestamp": 1769664981.3048499, "step": 589, "max_steps": 819, "loss": 5.792992115020752, "elapsed_time": 58.66752505302429, "prnt": false}
{"event": "training_step", "timestamp": 1769664981.3953202, "step": 590, "max_steps": 819, "loss": 5.914825439453125, "elapsed_time": 58.75761914253235, "prnt": false}
{"event": "training_step", "timestamp": 1769664981.4851382, "step": 591, "max_steps": 819, "loss": 6.069887161254883, "elapsed_time": 58.84770107269287, "prnt": false}
{"event": "training_step", "timestamp": 1769664981.574975, "step": 592, "max_steps": 819, "loss": 6.084193706512451, "elapsed_time": 58.9376266002655, "prnt": false}
{"event": "training_step", "timestamp": 1769664981.664888, "step": 593, "max_steps": 819, "loss": 6.084468841552734, "elapsed_time": 59.02760934829712, "prnt": false}
{"event": "training_step", "timestamp": 1769664981.7550921, "step": 594, "max_steps": 819, "loss": 6.029297351837158, "elapsed_time": 59.11785364151001, "prnt": false}
{"event": "training_step", "timestamp": 1769664981.8448346, "step": 595, "max_steps": 819, "loss": 5.875688552856445, "elapsed_time": 59.207918882369995, "prnt": false}
{"event": "training_step", "timestamp": 1769664981.934806, "step": 596, "max_steps": 819, "loss": 6.110808849334717, "elapsed_time": 59.297359466552734, "prnt": false}
{"event": "training_step", "timestamp": 1769664982.0246973, "step": 597, "max_steps": 819, "loss": 6.033360958099365, "elapsed_time": 59.3870313167572, "prnt": false}
{"event": "training_step", "timestamp": 1769664982.1148305, "step": 598, "max_steps": 819, "loss": 5.94413948059082, "elapsed_time": 59.47727656364441, "prnt": false}
{"event": "training_step", "timestamp": 1769664982.2043872, "step": 599, "max_steps": 819, "loss": 5.962750434875488, "elapsed_time": 59.567193269729614, "prnt": false}
{"event": "training_step", "timestamp": 1769664982.2944872, "step": 600, "max_steps": 819, "loss": 5.945345878601074, "elapsed_time": 59.65712261199951, "prnt": false}
{"event": "training_step", "timestamp": 1769664982.3841014, "step": 601, "max_steps": 819, "loss": 6.013707160949707, "elapsed_time": 59.74685573577881, "prnt": false}
{"event": "training_step", "timestamp": 1769664982.4744318, "step": 602, "max_steps": 819, "loss": 5.8261308670043945, "elapsed_time": 59.83670496940613, "prnt": false}
{"event": "training_step", "timestamp": 1769664982.564156, "step": 603, "max_steps": 819, "loss": 5.745162010192871, "elapsed_time": 59.92687773704529, "prnt": false}
{"event": "training_step", "timestamp": 1769664982.6543586, "step": 604, "max_steps": 819, "loss": 5.920034885406494, "elapsed_time": 60.016571044921875, "prnt": false}
{"event": "training_step", "timestamp": 1769664982.744459, "step": 605, "max_steps": 819, "loss": 5.946648120880127, "elapsed_time": 60.106815576553345, "prnt": false}
{"event": "training_step", "timestamp": 1769664982.8344603, "step": 606, "max_steps": 819, "loss": 5.96671199798584, "elapsed_time": 60.19703531265259, "prnt": false}
{"event": "training_step", "timestamp": 1769664982.9242926, "step": 607, "max_steps": 819, "loss": 6.014358043670654, "elapsed_time": 60.286762714385986, "prnt": false}
{"event": "training_step", "timestamp": 1769664983.013533, "step": 608, "max_steps": 819, "loss": 6.039570331573486, "elapsed_time": 60.37679362297058, "prnt": false}
{"event": "training_step", "timestamp": 1769664983.1036773, "step": 609, "max_steps": 819, "loss": 6.147729396820068, "elapsed_time": 60.465959548950195, "prnt": false}
{"event": "training_step", "timestamp": 1769664983.1937265, "step": 610, "max_steps": 819, "loss": 6.247868061065674, "elapsed_time": 60.55632209777832, "prnt": false}
{"event": "training_step", "timestamp": 1769664983.2838244, "step": 611, "max_steps": 819, "loss": 6.005321979522705, "elapsed_time": 60.64618110656738, "prnt": false}
{"event": "training_step", "timestamp": 1769664983.374096, "step": 612, "max_steps": 819, "loss": 6.01781702041626, "elapsed_time": 60.736066818237305, "prnt": false}
{"event": "training_step", "timestamp": 1769664983.464372, "step": 613, "max_steps": 819, "loss": 6.028445720672607, "elapsed_time": 60.82613444328308, "prnt": false}
{"event": "training_step", "timestamp": 1769664983.5542493, "step": 614, "max_steps": 819, "loss": 5.880581378936768, "elapsed_time": 60.91684913635254, "prnt": false}
{"event": "training_step", "timestamp": 1769664983.6439085, "step": 615, "max_steps": 819, "loss": 5.908662796020508, "elapsed_time": 61.00639247894287, "prnt": false}
{"event": "training_step", "timestamp": 1769664983.7341828, "step": 616, "max_steps": 819, "loss": 6.070806980133057, "elapsed_time": 61.09634757041931, "prnt": false}
{"event": "training_step", "timestamp": 1769664983.8243685, "step": 617, "max_steps": 819, "loss": 6.030219554901123, "elapsed_time": 61.18711519241333, "prnt": false}
{"event": "training_step", "timestamp": 1769664983.9146726, "step": 618, "max_steps": 819, "loss": 6.079773426055908, "elapsed_time": 61.27769684791565, "prnt": false}
{"event": "training_step", "timestamp": 1769664984.0044858, "step": 619, "max_steps": 819, "loss": 6.184418201446533, "elapsed_time": 61.36722421646118, "prnt": false}
{"event": "training_step", "timestamp": 1769664984.0947049, "step": 620, "max_steps": 819, "loss": 5.984427452087402, "elapsed_time": 61.4571328163147, "prnt": false}
{"event": "training_step", "timestamp": 1769664984.1844287, "step": 621, "max_steps": 819, "loss": 5.917568683624268, "elapsed_time": 61.54712533950806, "prnt": false}
{"event": "training_step", "timestamp": 1769664984.274062, "step": 622, "max_steps": 819, "loss": 5.9841814041137695, "elapsed_time": 61.63682699203491, "prnt": false}
{"event": "training_step", "timestamp": 1769664984.3640385, "step": 623, "max_steps": 819, "loss": 5.969385623931885, "elapsed_time": 61.72649526596069, "prnt": false}
{"event": "training_step", "timestamp": 1769664984.4540834, "step": 624, "max_steps": 819, "loss": 5.950503826141357, "elapsed_time": 61.81655263900757, "prnt": false}
{"event": "validation_step", "timestamp": 1769664984.8214734, "step": 624, "max_steps": 819, "loss": 1.3496732382758743, "elapsed_time": 61.81655263900757}
{"event": "training_step", "timestamp": 1769664984.9121423, "step": 625, "max_steps": 819, "loss": 5.938023090362549, "elapsed_time": 62.274495124816895, "prnt": false}
{"event": "training_step", "timestamp": 1769664985.0024147, "step": 626, "max_steps": 819, "loss": 6.163689136505127, "elapsed_time": 62.36477565765381, "prnt": false}
{"event": "training_step", "timestamp": 1769664985.0925882, "step": 627, "max_steps": 819, "loss": 6.2804856300354, "elapsed_time": 62.454851150512695, "prnt": false}
{"event": "training_step", "timestamp": 1769664985.183077, "step": 628, "max_steps": 819, "loss": 6.248238563537598, "elapsed_time": 62.54529285430908, "prnt": false}
{"event": "training_step", "timestamp": 1769664985.272772, "step": 629, "max_steps": 819, "loss": 5.967157363891602, "elapsed_time": 62.63564705848694, "prnt": false}
{"event": "training_step", "timestamp": 1769664985.362916, "step": 630, "max_steps": 819, "loss": 5.811525821685791, "elapsed_time": 62.72524118423462, "prnt": false}
{"event": "training_step", "timestamp": 1769664985.4529176, "step": 631, "max_steps": 819, "loss": 6.180512428283691, "elapsed_time": 62.815197229385376, "prnt": false}
{"event": "training_step", "timestamp": 1769664985.543336, "step": 632, "max_steps": 819, "loss": 6.243492603302002, "elapsed_time": 62.905359745025635, "prnt": false}
{"event": "training_step", "timestamp": 1769664985.6331542, "step": 633, "max_steps": 819, "loss": 5.9046430587768555, "elapsed_time": 62.995875120162964, "prnt": false}
{"event": "training_step", "timestamp": 1769664985.7231815, "step": 634, "max_steps": 819, "loss": 6.138955116271973, "elapsed_time": 63.08549880981445, "prnt": false}
{"event": "training_step", "timestamp": 1769664985.8130143, "step": 635, "max_steps": 819, "loss": 6.0377349853515625, "elapsed_time": 63.17618918418884, "prnt": false}
{"event": "training_step", "timestamp": 1769664985.9033492, "step": 636, "max_steps": 819, "loss": 6.062325477600098, "elapsed_time": 63.26575064659119, "prnt": false}
{"event": "training_step", "timestamp": 1769664985.993157, "step": 637, "max_steps": 819, "loss": 5.937397003173828, "elapsed_time": 63.35572791099548, "prnt": false}
{"event": "training_step", "timestamp": 1769664986.083345, "step": 638, "max_steps": 819, "loss": 5.974250793457031, "elapsed_time": 63.44593262672424, "prnt": false}
{"event": "training_step", "timestamp": 1769664986.1732597, "step": 639, "max_steps": 819, "loss": 5.792017936706543, "elapsed_time": 63.53568983078003, "prnt": false}
{"event": "training_step", "timestamp": 1769664986.263593, "step": 640, "max_steps": 819, "loss": 6.044576168060303, "elapsed_time": 63.62629556655884, "prnt": false}
{"event": "training_step", "timestamp": 1769664986.3537471, "step": 641, "max_steps": 819, "loss": 5.991446018218994, "elapsed_time": 63.715917348861694, "prnt": false}
{"event": "training_step", "timestamp": 1769664986.4437752, "step": 642, "max_steps": 819, "loss": 6.031799793243408, "elapsed_time": 63.80629062652588, "prnt": false}
{"event": "training_step", "timestamp": 1769664986.533732, "step": 643, "max_steps": 819, "loss": 6.261637210845947, "elapsed_time": 63.896263122558594, "prnt": false}
{"event": "training_step", "timestamp": 1769664986.6234422, "step": 644, "max_steps": 819, "loss": 5.9779863357543945, "elapsed_time": 63.98657178878784, "prnt": false}
{"event": "training_step", "timestamp": 1769664986.7136047, "step": 645, "max_steps": 819, "loss": 5.955851078033447, "elapsed_time": 64.07576060295105, "prnt": false}
{"event": "training_step", "timestamp": 1769664986.803682, "step": 646, "max_steps": 819, "loss": 6.084156513214111, "elapsed_time": 64.1662528514862, "prnt": false}
{"event": "training_step", "timestamp": 1769664986.8935838, "step": 647, "max_steps": 819, "loss": 5.95148229598999, "elapsed_time": 64.2560522556305, "prnt": false}
{"event": "training_step", "timestamp": 1769664986.983264, "step": 648, "max_steps": 819, "loss": 6.069937229156494, "elapsed_time": 64.34624218940735, "prnt": false}
{"event": "training_step", "timestamp": 1769664987.073353, "step": 649, "max_steps": 819, "loss": 6.096765518188477, "elapsed_time": 64.43555617332458, "prnt": false}
{"event": "training_step", "timestamp": 1769664987.1634638, "step": 650, "max_steps": 819, "loss": 5.947627067565918, "elapsed_time": 64.52601361274719, "prnt": false}
{"event": "training_step", "timestamp": 1769664987.2533078, "step": 651, "max_steps": 819, "loss": 5.96739387512207, "elapsed_time": 64.61586594581604, "prnt": false}
{"event": "training_step", "timestamp": 1769664987.3430686, "step": 652, "max_steps": 819, "loss": 5.944300651550293, "elapsed_time": 64.70612859725952, "prnt": false}
{"event": "training_step", "timestamp": 1769664987.433237, "step": 653, "max_steps": 819, "loss": 5.856268405914307, "elapsed_time": 64.79542326927185, "prnt": false}
{"event": "training_step", "timestamp": 1769664987.5232985, "step": 654, "max_steps": 819, "loss": 6.07759428024292, "elapsed_time": 64.88566470146179, "prnt": false}
{"event": "training_step", "timestamp": 1769664987.6132545, "step": 655, "max_steps": 819, "loss": 5.963561534881592, "elapsed_time": 64.97564744949341, "prnt": false}
{"event": "training_step", "timestamp": 1769664987.703048, "step": 656, "max_steps": 819, "loss": 6.074918746948242, "elapsed_time": 65.06584668159485, "prnt": false}
{"event": "training_step", "timestamp": 1769664987.7933886, "step": 657, "max_steps": 819, "loss": 6.00514554977417, "elapsed_time": 65.15553045272827, "prnt": false}
{"event": "training_step", "timestamp": 1769664987.8832834, "step": 658, "max_steps": 819, "loss": 5.849034786224365, "elapsed_time": 65.24643135070801, "prnt": false}
{"event": "training_step", "timestamp": 1769664987.9731433, "step": 659, "max_steps": 819, "loss": 6.173642158508301, "elapsed_time": 65.33594560623169, "prnt": false}
{"event": "training_step", "timestamp": 1769664988.0630708, "step": 660, "max_steps": 819, "loss": 5.991034984588623, "elapsed_time": 65.42565560340881, "prnt": false}
{"event": "training_step", "timestamp": 1769664988.1530955, "step": 661, "max_steps": 819, "loss": 6.023169040679932, "elapsed_time": 65.51571226119995, "prnt": false}
{"event": "training_step", "timestamp": 1769664988.2430162, "step": 662, "max_steps": 819, "loss": 6.0552659034729, "elapsed_time": 65.60567903518677, "prnt": false}
{"event": "training_step", "timestamp": 1769664988.332927, "step": 663, "max_steps": 819, "loss": 5.96474027633667, "elapsed_time": 65.69553422927856, "prnt": false}
{"event": "validation_step", "timestamp": 1769664988.7002513, "step": 663, "max_steps": 819, "loss": 1.3524721488738503, "elapsed_time": 65.69553422927856}
{"event": "training_step", "timestamp": 1769664988.7915251, "step": 664, "max_steps": 819, "loss": 5.916234016418457, "elapsed_time": 66.15317749977112, "prnt": false}
{"event": "training_step", "timestamp": 1769664988.882006, "step": 665, "max_steps": 819, "loss": 5.901972770690918, "elapsed_time": 66.24410676956177, "prnt": false}
{"event": "training_step", "timestamp": 1769664988.9720914, "step": 666, "max_steps": 819, "loss": 5.886415004730225, "elapsed_time": 66.33455657958984, "prnt": false}
{"event": "training_step", "timestamp": 1769664989.0620883, "step": 667, "max_steps": 819, "loss": 5.973416805267334, "elapsed_time": 66.42449760437012, "prnt": false}
{"event": "training_step", "timestamp": 1769664989.1524937, "step": 668, "max_steps": 819, "loss": 5.944544315338135, "elapsed_time": 66.51461386680603, "prnt": false}
{"event": "training_step", "timestamp": 1769664989.2423456, "step": 669, "max_steps": 819, "loss": 5.97600793838501, "elapsed_time": 66.60511445999146, "prnt": false}
{"event": "training_step", "timestamp": 1769664989.3321145, "step": 670, "max_steps": 819, "loss": 6.062137126922607, "elapsed_time": 66.69485354423523, "prnt": false}
{"event": "training_step", "timestamp": 1769664989.422047, "step": 671, "max_steps": 819, "loss": 5.812504768371582, "elapsed_time": 66.78445649147034, "prnt": false}
{"event": "training_step", "timestamp": 1769664989.5124285, "step": 672, "max_steps": 819, "loss": 5.872954368591309, "elapsed_time": 66.87468767166138, "prnt": false}
{"event": "training_step", "timestamp": 1769664989.602582, "step": 673, "max_steps": 819, "loss": 5.912987232208252, "elapsed_time": 66.96483588218689, "prnt": false}
{"event": "training_step", "timestamp": 1769664989.6925366, "step": 674, "max_steps": 819, "loss": 5.922023296356201, "elapsed_time": 67.05546307563782, "prnt": false}
{"event": "training_step", "timestamp": 1769664989.7823138, "step": 675, "max_steps": 819, "loss": 5.855976581573486, "elapsed_time": 67.14501404762268, "prnt": false}
{"event": "training_step", "timestamp": 1769664989.8726883, "step": 676, "max_steps": 819, "loss": 5.957064151763916, "elapsed_time": 67.2355055809021, "prnt": false}
{"event": "training_step", "timestamp": 1769664989.9622674, "step": 677, "max_steps": 819, "loss": 6.087015628814697, "elapsed_time": 67.32527589797974, "prnt": false}
{"event": "training_step", "timestamp": 1769664990.0524158, "step": 678, "max_steps": 819, "loss": 5.948699474334717, "elapsed_time": 67.41494345664978, "prnt": false}
{"event": "training_step", "timestamp": 1769664990.1422675, "step": 679, "max_steps": 819, "loss": 6.042189598083496, "elapsed_time": 67.50477027893066, "prnt": false}
{"event": "training_step", "timestamp": 1769664990.232314, "step": 680, "max_steps": 819, "loss": 5.843224048614502, "elapsed_time": 67.59472393989563, "prnt": false}
{"event": "training_step", "timestamp": 1769664990.3220634, "step": 681, "max_steps": 819, "loss": 5.906131267547607, "elapsed_time": 67.68488717079163, "prnt": false}
{"event": "training_step", "timestamp": 1769664990.4122972, "step": 682, "max_steps": 819, "loss": 5.922397613525391, "elapsed_time": 67.77471208572388, "prnt": false}
{"event": "training_step", "timestamp": 1769664990.502162, "step": 683, "max_steps": 819, "loss": 5.907632827758789, "elapsed_time": 67.86477065086365, "prnt": false}
{"event": "training_step", "timestamp": 1769664990.5923774, "step": 684, "max_steps": 819, "loss": 5.9410505294799805, "elapsed_time": 67.95471453666687, "prnt": false}
{"event": "training_step", "timestamp": 1769664990.682046, "step": 685, "max_steps": 819, "loss": 6.038208484649658, "elapsed_time": 68.04480481147766, "prnt": false}
{"event": "training_step", "timestamp": 1769664990.7723825, "step": 686, "max_steps": 819, "loss": 6.151190280914307, "elapsed_time": 68.1343605518341, "prnt": false}
{"event": "training_step", "timestamp": 1769664990.8623407, "step": 687, "max_steps": 819, "loss": 6.037714958190918, "elapsed_time": 68.2250337600708, "prnt": false}
{"event": "training_step", "timestamp": 1769664990.9523747, "step": 688, "max_steps": 819, "loss": 6.021821975708008, "elapsed_time": 68.31498003005981, "prnt": false}
{"event": "training_step", "timestamp": 1769664991.0420048, "step": 689, "max_steps": 819, "loss": 6.029593467712402, "elapsed_time": 68.40479254722595, "prnt": false}
{"event": "training_step", "timestamp": 1769664991.1322312, "step": 690, "max_steps": 819, "loss": 5.985107421875, "elapsed_time": 68.49480247497559, "prnt": false}
{"event": "training_step", "timestamp": 1769664991.2222085, "step": 691, "max_steps": 819, "loss": 5.89701509475708, "elapsed_time": 68.58494114875793, "prnt": false}
{"event": "training_step", "timestamp": 1769664991.3126414, "step": 692, "max_steps": 819, "loss": 5.798736095428467, "elapsed_time": 68.67494225502014, "prnt": false}
{"event": "training_step", "timestamp": 1769664991.4022965, "step": 693, "max_steps": 819, "loss": 6.023985862731934, "elapsed_time": 68.76509642601013, "prnt": false}
{"event": "training_step", "timestamp": 1769664991.4927382, "step": 694, "max_steps": 819, "loss": 5.9901628494262695, "elapsed_time": 68.8549747467041, "prnt": false}
{"event": "training_step", "timestamp": 1769664991.5824444, "step": 695, "max_steps": 819, "loss": 5.904906749725342, "elapsed_time": 68.94519519805908, "prnt": false}
{"event": "training_step", "timestamp": 1769664991.6727352, "step": 696, "max_steps": 819, "loss": 6.218080520629883, "elapsed_time": 69.03561282157898, "prnt": false}
{"event": "training_step", "timestamp": 1769664991.7623854, "step": 697, "max_steps": 819, "loss": 5.985001564025879, "elapsed_time": 69.12490558624268, "prnt": false}
{"event": "training_step", "timestamp": 1769664991.8526094, "step": 698, "max_steps": 819, "loss": 6.100042343139648, "elapsed_time": 69.215092420578, "prnt": false}
{"event": "training_step", "timestamp": 1769664991.9424763, "step": 699, "max_steps": 819, "loss": 5.9009690284729, "elapsed_time": 69.30538702011108, "prnt": false}
{"event": "training_step", "timestamp": 1769664992.0328307, "step": 700, "max_steps": 819, "loss": 5.911942005157471, "elapsed_time": 69.39599895477295, "prnt": false}
{"event": "training_step", "timestamp": 1769664992.1224144, "step": 701, "max_steps": 819, "loss": 5.903833866119385, "elapsed_time": 69.48521256446838, "prnt": false}
{"event": "training_step", "timestamp": 1769664992.2125962, "step": 702, "max_steps": 819, "loss": 5.8524956703186035, "elapsed_time": 69.57536506652832, "prnt": false}
{"event": "validation_step", "timestamp": 1769664992.580344, "step": 702, "max_steps": 819, "loss": 1.3519086946158922, "elapsed_time": 69.57536506652832}
{"event": "training_step", "timestamp": 1769664992.6712003, "step": 703, "max_steps": 819, "loss": 6.046568870544434, "elapsed_time": 70.03329539299011, "prnt": false}
{"event": "training_step", "timestamp": 1769664992.7612417, "step": 704, "max_steps": 819, "loss": 5.8126654624938965, "elapsed_time": 70.12385058403015, "prnt": false}
{"event": "training_step", "timestamp": 1769664992.8516562, "step": 705, "max_steps": 819, "loss": 5.9244513511657715, "elapsed_time": 70.21378803253174, "prnt": false}
{"event": "training_step", "timestamp": 1769664992.9414937, "step": 706, "max_steps": 819, "loss": 5.929553031921387, "elapsed_time": 70.30398297309875, "prnt": false}
{"event": "training_step", "timestamp": 1769664993.0313818, "step": 707, "max_steps": 819, "loss": 6.086957931518555, "elapsed_time": 70.39394450187683, "prnt": false}
{"event": "training_step", "timestamp": 1769664993.1213195, "step": 708, "max_steps": 819, "loss": 5.85653018951416, "elapsed_time": 70.48394584655762, "prnt": false}
{"event": "training_step", "timestamp": 1769664993.2117221, "step": 709, "max_steps": 819, "loss": 5.9182329177856445, "elapsed_time": 70.57356381416321, "prnt": false}
{"event": "training_step", "timestamp": 1769664993.3015656, "step": 710, "max_steps": 819, "loss": 5.935988903045654, "elapsed_time": 70.66429781913757, "prnt": false}
{"event": "training_step", "timestamp": 1769664993.3916874, "step": 711, "max_steps": 819, "loss": 5.892611980438232, "elapsed_time": 70.75420999526978, "prnt": false}
{"event": "training_step", "timestamp": 1769664993.4817188, "step": 712, "max_steps": 819, "loss": 6.0552077293396, "elapsed_time": 70.8447036743164, "prnt": false}
{"event": "training_step", "timestamp": 1769664993.5720792, "step": 713, "max_steps": 819, "loss": 5.840223789215088, "elapsed_time": 70.93491172790527, "prnt": false}
{"event": "training_step", "timestamp": 1769664993.6619203, "step": 714, "max_steps": 819, "loss": 6.080385208129883, "elapsed_time": 71.02546906471252, "prnt": false}
{"event": "training_step", "timestamp": 1769664993.752545, "step": 715, "max_steps": 819, "loss": 6.0976057052612305, "elapsed_time": 71.11503720283508, "prnt": false}
{"event": "training_step", "timestamp": 1769664993.842335, "step": 716, "max_steps": 819, "loss": 5.9237799644470215, "elapsed_time": 71.2052948474884, "prnt": false}
{"event": "training_step", "timestamp": 1769664993.93308, "step": 717, "max_steps": 819, "loss": 6.059770107269287, "elapsed_time": 71.2952082157135, "prnt": false}
{"event": "training_step", "timestamp": 1769664994.0232537, "step": 718, "max_steps": 819, "loss": 5.715329170227051, "elapsed_time": 71.38595366477966, "prnt": false}
{"event": "training_step", "timestamp": 1769664994.1141596, "step": 719, "max_steps": 819, "loss": 5.81220817565918, "elapsed_time": 71.47627401351929, "prnt": false}
{"event": "training_step", "timestamp": 1769664994.2042646, "step": 720, "max_steps": 819, "loss": 6.003457069396973, "elapsed_time": 71.57049250602722, "prnt": false}
{"event": "training_step", "timestamp": 1769664994.2952697, "step": 721, "max_steps": 819, "loss": 6.076049327850342, "elapsed_time": 71.65976166725159, "prnt": false}
{"event": "training_step", "timestamp": 1769664994.3849905, "step": 722, "max_steps": 819, "loss": 5.906205177307129, "elapsed_time": 71.74855518341064, "prnt": false}
{"event": "training_step", "timestamp": 1769664994.475765, "step": 723, "max_steps": 819, "loss": 5.895267009735107, "elapsed_time": 71.8380389213562, "prnt": false}
{"event": "training_step", "timestamp": 1769664994.5657668, "step": 724, "max_steps": 819, "loss": 6.134871959686279, "elapsed_time": 71.92869019508362, "prnt": false}
{"event": "training_step", "timestamp": 1769664994.6564085, "step": 725, "max_steps": 819, "loss": 5.813262462615967, "elapsed_time": 72.01870512962341, "prnt": false}
{"event": "training_step", "timestamp": 1769664994.7462406, "step": 726, "max_steps": 819, "loss": 5.846704959869385, "elapsed_time": 72.10916638374329, "prnt": false}
{"event": "training_step", "timestamp": 1769664994.837084, "step": 727, "max_steps": 819, "loss": 6.001950740814209, "elapsed_time": 72.19935941696167, "prnt": false}
{"event": "training_step", "timestamp": 1769664994.9274936, "step": 728, "max_steps": 819, "loss": 5.907491683959961, "elapsed_time": 72.28989338874817, "prnt": false}
{"event": "training_step", "timestamp": 1769664995.017889, "step": 729, "max_steps": 819, "loss": 5.99396276473999, "elapsed_time": 72.3805181980133, "prnt": false}
{"event": "training_step", "timestamp": 1769664995.1076648, "step": 730, "max_steps": 819, "loss": 5.9675679206848145, "elapsed_time": 72.47081995010376, "prnt": false}
{"event": "training_step", "timestamp": 1769664995.198197, "step": 731, "max_steps": 819, "loss": 5.85327672958374, "elapsed_time": 72.56052279472351, "prnt": false}
{"event": "training_step", "timestamp": 1769664995.2883496, "step": 732, "max_steps": 819, "loss": 5.958482265472412, "elapsed_time": 72.65118765830994, "prnt": false}
{"event": "training_step", "timestamp": 1769664995.378795, "step": 733, "max_steps": 819, "loss": 6.057641983032227, "elapsed_time": 72.74127125740051, "prnt": false}
{"event": "training_step", "timestamp": 1769664995.4687943, "step": 734, "max_steps": 819, "loss": 6.216816425323486, "elapsed_time": 72.83161473274231, "prnt": false}
{"event": "training_step", "timestamp": 1769664995.5592988, "step": 735, "max_steps": 819, "loss": 5.96264123916626, "elapsed_time": 72.92180848121643, "prnt": false}
{"event": "training_step", "timestamp": 1769664995.6495929, "step": 736, "max_steps": 819, "loss": 5.996917247772217, "elapsed_time": 73.01212215423584, "prnt": false}
{"event": "training_step", "timestamp": 1769664995.7399127, "step": 737, "max_steps": 819, "loss": 6.0242719650268555, "elapsed_time": 73.10248637199402, "prnt": false}
{"event": "training_step", "timestamp": 1769664995.830479, "step": 738, "max_steps": 819, "loss": 5.843652725219727, "elapsed_time": 73.19268918037415, "prnt": false}
{"event": "training_step", "timestamp": 1769664995.920699, "step": 739, "max_steps": 819, "loss": 5.9948835372924805, "elapsed_time": 73.28343868255615, "prnt": false}
{"event": "training_step", "timestamp": 1769664996.0109541, "step": 740, "max_steps": 819, "loss": 6.055200576782227, "elapsed_time": 73.37345576286316, "prnt": false}
{"event": "training_step", "timestamp": 1769664996.100641, "step": 741, "max_steps": 819, "loss": 6.080264568328857, "elapsed_time": 73.46354460716248, "prnt": false}
{"event": "validation_step", "timestamp": 1769664996.4685686, "step": 741, "max_steps": 819, "loss": 1.3501932845480402, "elapsed_time": 73.46354460716248}
{"event": "training_step", "timestamp": 1769664996.5598533, "step": 742, "max_steps": 819, "loss": 6.014712810516357, "elapsed_time": 73.9243597984314, "prnt": false}
{"event": "training_step", "timestamp": 1769664996.650405, "step": 743, "max_steps": 819, "loss": 5.9327545166015625, "elapsed_time": 74.01317095756531, "prnt": false}
{"event": "training_step", "timestamp": 1769664996.740242, "step": 744, "max_steps": 819, "loss": 5.969152927398682, "elapsed_time": 74.10333776473999, "prnt": false}
{"event": "training_step", "timestamp": 1769664996.8307686, "step": 745, "max_steps": 819, "loss": 5.920703411102295, "elapsed_time": 74.1932225227356, "prnt": false}
{"event": "training_step", "timestamp": 1769664996.920876, "step": 746, "max_steps": 819, "loss": 5.953444004058838, "elapsed_time": 74.28366613388062, "prnt": false}
{"event": "training_step", "timestamp": 1769664997.0110614, "step": 747, "max_steps": 819, "loss": 6.05899715423584, "elapsed_time": 74.37386441230774, "prnt": false}
{"event": "training_step", "timestamp": 1769664997.1012836, "step": 748, "max_steps": 819, "loss": 6.0472187995910645, "elapsed_time": 74.46370267868042, "prnt": false}
{"event": "training_step", "timestamp": 1769664997.191956, "step": 749, "max_steps": 819, "loss": 6.018465042114258, "elapsed_time": 74.5537166595459, "prnt": false}
{"event": "training_step", "timestamp": 1769664997.2815106, "step": 750, "max_steps": 819, "loss": 6.103886127471924, "elapsed_time": 74.64437413215637, "prnt": false}
{"event": "training_step", "timestamp": 1769664997.3721232, "step": 751, "max_steps": 819, "loss": 5.904148101806641, "elapsed_time": 74.73449778556824, "prnt": false}
{"event": "training_step", "timestamp": 1769664997.4617677, "step": 752, "max_steps": 819, "loss": 5.972529888153076, "elapsed_time": 74.82472229003906, "prnt": false}
{"event": "training_step", "timestamp": 1769664997.5525467, "step": 753, "max_steps": 819, "loss": 5.849276542663574, "elapsed_time": 74.91501021385193, "prnt": false}
{"event": "training_step", "timestamp": 1769664997.642199, "step": 754, "max_steps": 819, "loss": 6.025646209716797, "elapsed_time": 75.00537014007568, "prnt": false}
{"event": "training_step", "timestamp": 1769664997.7325947, "step": 755, "max_steps": 819, "loss": 5.934581279754639, "elapsed_time": 75.09451031684875, "prnt": false}
{"event": "training_step", "timestamp": 1769664997.8222287, "step": 756, "max_steps": 819, "loss": 5.808385848999023, "elapsed_time": 75.1848771572113, "prnt": false}
{"event": "training_step", "timestamp": 1769664997.91309, "step": 757, "max_steps": 819, "loss": 5.893337249755859, "elapsed_time": 75.27449059486389, "prnt": false}
{"event": "training_step", "timestamp": 1769664998.002958, "step": 758, "max_steps": 819, "loss": 5.998620986938477, "elapsed_time": 75.36592197418213, "prnt": false}
{"event": "training_step", "timestamp": 1769664998.0939164, "step": 759, "max_steps": 819, "loss": 6.02926778793335, "elapsed_time": 75.45608162879944, "prnt": false}
{"event": "training_step", "timestamp": 1769664998.1840293, "step": 760, "max_steps": 819, "loss": 5.953065395355225, "elapsed_time": 75.54701137542725, "prnt": false}
{"event": "training_step", "timestamp": 1769664998.2749472, "step": 761, "max_steps": 819, "loss": 6.012760162353516, "elapsed_time": 75.63704061508179, "prnt": false}
{"event": "training_step", "timestamp": 1769664998.3655324, "step": 762, "max_steps": 819, "loss": 6.018309116363525, "elapsed_time": 75.7279326915741, "prnt": false}
{"event": "training_step", "timestamp": 1769664998.4552083, "step": 763, "max_steps": 819, "loss": 5.939815044403076, "elapsed_time": 75.81854391098022, "prnt": false}
{"event": "training_step", "timestamp": 1769664998.54511, "step": 764, "max_steps": 819, "loss": 6.188983917236328, "elapsed_time": 75.90830039978027, "prnt": false}
{"event": "training_step", "timestamp": 1769664998.6356022, "step": 765, "max_steps": 819, "loss": 5.973823547363281, "elapsed_time": 75.99823141098022, "prnt": false}
{"event": "training_step", "timestamp": 1769664998.7256775, "step": 766, "max_steps": 819, "loss": 5.866765975952148, "elapsed_time": 76.08805298805237, "prnt": false}
{"event": "training_step", "timestamp": 1769664998.8159893, "step": 767, "max_steps": 819, "loss": 5.887866497039795, "elapsed_time": 76.17800235748291, "prnt": false}
{"event": "training_step", "timestamp": 1769664998.9056787, "step": 768, "max_steps": 819, "loss": 5.788516521453857, "elapsed_time": 76.26823663711548, "prnt": false}
{"event": "training_step", "timestamp": 1769664998.9962094, "step": 769, "max_steps": 819, "loss": 6.135647296905518, "elapsed_time": 76.35822749137878, "prnt": false}
{"event": "training_step", "timestamp": 1769664999.0865424, "step": 770, "max_steps": 819, "loss": 5.832674026489258, "elapsed_time": 76.44863414764404, "prnt": false}
{"event": "training_step", "timestamp": 1769664999.1769865, "step": 771, "max_steps": 819, "loss": 6.0351386070251465, "elapsed_time": 76.53888297080994, "prnt": false}
{"event": "training_step", "timestamp": 1769664999.2672417, "step": 772, "max_steps": 819, "loss": 6.1103515625, "elapsed_time": 76.62948656082153, "prnt": false}
{"event": "training_step", "timestamp": 1769664999.3578842, "step": 773, "max_steps": 819, "loss": 5.940597057342529, "elapsed_time": 76.71977972984314, "prnt": false}
{"event": "training_step", "timestamp": 1769664999.4475458, "step": 774, "max_steps": 819, "loss": 6.034952163696289, "elapsed_time": 76.81036019325256, "prnt": false}
{"event": "training_step", "timestamp": 1769664999.5379822, "step": 775, "max_steps": 819, "loss": 6.097120761871338, "elapsed_time": 76.90005826950073, "prnt": false}
{"event": "training_step", "timestamp": 1769664999.6281567, "step": 776, "max_steps": 819, "loss": 5.873663902282715, "elapsed_time": 76.9905481338501, "prnt": false}
{"event": "training_step", "timestamp": 1769664999.7188249, "step": 777, "max_steps": 819, "loss": 5.9571685791015625, "elapsed_time": 77.08072972297668, "prnt": false}
{"event": "training_step", "timestamp": 1769664999.8085604, "step": 778, "max_steps": 819, "loss": 5.7978596687316895, "elapsed_time": 77.17126822471619, "prnt": false}
{"event": "training_step", "timestamp": 1769664999.8988774, "step": 779, "max_steps": 819, "loss": 5.9731125831604, "elapsed_time": 77.26106882095337, "prnt": false}
{"event": "training_step", "timestamp": 1769664999.9892826, "step": 780, "max_steps": 819, "loss": 5.892081260681152, "elapsed_time": 77.35213899612427, "prnt": false}
{"event": "validation_step", "timestamp": 1769665000.3569605, "step": 780, "max_steps": 819, "loss": 1.3514093965846155, "elapsed_time": 77.35213899612427}
{"event": "training_step", "timestamp": 1769665000.4478528, "step": 781, "max_steps": 819, "loss": 5.951559543609619, "elapsed_time": 77.81125855445862, "prnt": false}
{"event": "training_step", "timestamp": 1769665000.5382671, "step": 782, "max_steps": 819, "loss": 5.828487396240234, "elapsed_time": 77.900630235672, "prnt": false}
{"event": "training_step", "timestamp": 1769665000.628474, "step": 783, "max_steps": 819, "loss": 6.175118923187256, "elapsed_time": 77.99105858802795, "prnt": false}
{"event": "training_step", "timestamp": 1769665000.7187092, "step": 784, "max_steps": 819, "loss": 6.016081809997559, "elapsed_time": 78.08098459243774, "prnt": false}
{"event": "training_step", "timestamp": 1769665000.808622, "step": 785, "max_steps": 819, "loss": 6.107998371124268, "elapsed_time": 78.17128539085388, "prnt": false}
{"event": "training_step", "timestamp": 1769665000.8987184, "step": 786, "max_steps": 819, "loss": 5.92830228805542, "elapsed_time": 78.26117992401123, "prnt": false}
{"event": "training_step", "timestamp": 1769665000.989007, "step": 787, "max_steps": 819, "loss": 6.038877010345459, "elapsed_time": 78.35109949111938, "prnt": false}
{"event": "training_step", "timestamp": 1769665001.079077, "step": 788, "max_steps": 819, "loss": 5.9598069190979, "elapsed_time": 78.44169306755066, "prnt": false}
{"event": "training_step", "timestamp": 1769665001.1692126, "step": 789, "max_steps": 819, "loss": 6.122013092041016, "elapsed_time": 78.53165054321289, "prnt": false}
{"event": "training_step", "timestamp": 1769665001.2591357, "step": 790, "max_steps": 819, "loss": 6.1487717628479, "elapsed_time": 78.62179589271545, "prnt": false}
{"event": "training_step", "timestamp": 1769665001.3491483, "step": 791, "max_steps": 819, "loss": 6.151003360748291, "elapsed_time": 78.71182298660278, "prnt": false}
{"event": "training_step", "timestamp": 1769665001.438899, "step": 792, "max_steps": 819, "loss": 6.063058853149414, "elapsed_time": 78.8015730381012, "prnt": false}
{"event": "training_step", "timestamp": 1769665001.5292094, "step": 793, "max_steps": 819, "loss": 6.00072717666626, "elapsed_time": 78.8915183544159, "prnt": false}
{"event": "training_step", "timestamp": 1769665001.6191046, "step": 794, "max_steps": 819, "loss": 5.8908820152282715, "elapsed_time": 78.98155283927917, "prnt": false}
{"event": "training_step", "timestamp": 1769665001.7093563, "step": 795, "max_steps": 819, "loss": 5.812561511993408, "elapsed_time": 79.07161116600037, "prnt": false}
{"event": "training_step", "timestamp": 1769665001.7989888, "step": 796, "max_steps": 819, "loss": 5.909961700439453, "elapsed_time": 79.16179752349854, "prnt": false}
{"event": "training_step", "timestamp": 1769665001.889282, "step": 797, "max_steps": 819, "loss": 5.708662509918213, "elapsed_time": 79.25174069404602, "prnt": false}
{"event": "training_step", "timestamp": 1769665001.979319, "step": 798, "max_steps": 819, "loss": 6.136508941650391, "elapsed_time": 79.34211301803589, "prnt": false}
{"event": "training_step", "timestamp": 1769665002.0695758, "step": 799, "max_steps": 819, "loss": 5.933548450469971, "elapsed_time": 79.43205904960632, "prnt": false}
{"event": "training_step", "timestamp": 1769665002.1592314, "step": 800, "max_steps": 819, "loss": 6.180822849273682, "elapsed_time": 79.52231049537659, "prnt": false}
{"event": "training_step", "timestamp": 1769665002.2495415, "step": 801, "max_steps": 819, "loss": 6.059494495391846, "elapsed_time": 79.61165356636047, "prnt": false}
{"event": "training_step", "timestamp": 1769665002.3396068, "step": 802, "max_steps": 819, "loss": 5.787452697753906, "elapsed_time": 79.7021324634552, "prnt": false}
{"event": "training_step", "timestamp": 1769665002.429985, "step": 803, "max_steps": 819, "loss": 5.955950736999512, "elapsed_time": 79.79197764396667, "prnt": false}
{"event": "training_step", "timestamp": 1769665002.5197344, "step": 804, "max_steps": 819, "loss": 5.911370754241943, "elapsed_time": 79.88275837898254, "prnt": false}
{"event": "training_step", "timestamp": 1769665002.6100516, "step": 805, "max_steps": 819, "loss": 5.7812886238098145, "elapsed_time": 79.97202610969543, "prnt": false}
{"event": "training_step", "timestamp": 1769665002.6998687, "step": 806, "max_steps": 819, "loss": 5.894494533538818, "elapsed_time": 80.0625262260437, "prnt": false}
{"event": "training_step", "timestamp": 1769665002.7902684, "step": 807, "max_steps": 819, "loss": 5.770742893218994, "elapsed_time": 80.1523950099945, "prnt": false}
{"event": "training_step", "timestamp": 1769665002.879906, "step": 808, "max_steps": 819, "loss": 5.908298492431641, "elapsed_time": 80.24282765388489, "prnt": false}
{"event": "training_step", "timestamp": 1769665002.970282, "step": 809, "max_steps": 819, "loss": 6.0496721267700195, "elapsed_time": 80.33239841461182, "prnt": false}
{"event": "training_step", "timestamp": 1769665003.0598576, "step": 810, "max_steps": 819, "loss": 5.943629264831543, "elapsed_time": 80.42286586761475, "prnt": false}
{"event": "training_step", "timestamp": 1769665003.1504617, "step": 811, "max_steps": 819, "loss": 5.899733066558838, "elapsed_time": 80.51242303848267, "prnt": false}
{"event": "training_step", "timestamp": 1769665003.2400942, "step": 812, "max_steps": 819, "loss": 6.123654365539551, "elapsed_time": 80.60291147232056, "prnt": false}
{"event": "training_step", "timestamp": 1769665003.3306596, "step": 813, "max_steps": 819, "loss": 5.793976306915283, "elapsed_time": 80.69296407699585, "prnt": false}
{"event": "training_step", "timestamp": 1769665003.4203334, "step": 814, "max_steps": 819, "loss": 5.911520957946777, "elapsed_time": 80.78306603431702, "prnt": false}
{"event": "training_step", "timestamp": 1769665003.5110667, "step": 815, "max_steps": 819, "loss": 6.068537712097168, "elapsed_time": 80.8728973865509, "prnt": false}
{"event": "training_step", "timestamp": 1769665003.60076, "step": 816, "max_steps": 819, "loss": 5.908834934234619, "elapsed_time": 80.96387767791748, "prnt": false}
{"event": "training_step", "timestamp": 1769665003.6916173, "step": 817, "max_steps": 819, "loss": 5.926486968994141, "elapsed_time": 81.05321288108826, "prnt": false}
{"event": "training_step", "timestamp": 1769665003.7817113, "step": 818, "max_steps": 819, "loss": 5.755824089050293, "elapsed_time": 81.14419889450073, "prnt": false}
{"event": "training_step", "timestamp": 1769665003.8725193, "step": 819, "max_steps": 819, "loss": 5.844587802886963, "elapsed_time": 81.23423504829407, "prnt": false}
{"event": "validation_step", "timestamp": 1769665004.240237, "step": 819, "max_steps": 819, "loss": 1.3521195606066003, "elapsed_time": 81.23423504829407}
