{"event": "hyperparameters_configured", "timestamp": 1769664427.2196624, "block_size": 64, "vocab_size": 24000, "n_layer": 8, "n_head": 9, "d_model": 576, "dropout": 0.0, "mlp_ratio": 5.0, "activation": "gelu", "residual_scaling": true, "batch_size": 128, "lr": 0.0003, "weight_decay": 0.1, "evals_per_epoch": 3, "batch_mode": "random", "optimizer": "adamw", "scheduler": "warmup_cosine", "warmup_fraction": 0.05, "normalizer": "lowercase", "pre_tokenizer": "whitespace", "eos_handling": "tokenize_append", "min_frequency": 2, "domain_tokens": true, "epochs": 7, "seed": 1337, "num_titles": 100000, "val_frac": 0.1, "log_file": "./logs/exp-lowercase_plus_token_combo.log"}
{"event": "device_info", "timestamp": 1769664427.2374077, "device": "cuda"}
{"event": "dataset_info", "timestamp": 1769664437.4497068, "titles_count": 90000, "epochs": 7, "batches_per_epoch": 117, "tokens_per_epoch": 965379, "vocab_size": 24000}
{"event": "model_info", "timestamp": 1769664437.9940178, "parameters_count": 51085440}
{"event": "training_step", "timestamp": 1769664438.6555529, "step": 1, "max_steps": 819, "loss": 10.202495574951172, "elapsed_time": 0.23208379745483398, "prnt": false}
{"event": "validation_step", "timestamp": 1769664439.016313, "step": 1, "max_steps": 819, "loss": 1.8794789981223026, "elapsed_time": 0.23208379745483398}
{"event": "training_step", "timestamp": 1769664439.108325, "step": 2, "max_steps": 819, "loss": 10.193765640258789, "elapsed_time": 0.6007318496704102, "prnt": false}
{"event": "training_step", "timestamp": 1769664439.200162, "step": 3, "max_steps": 819, "loss": 10.00269603729248, "elapsed_time": 0.6921122074127197, "prnt": false}
{"event": "training_step", "timestamp": 1769664439.2918804, "step": 4, "max_steps": 819, "loss": 9.712159156799316, "elapsed_time": 0.7838735580444336, "prnt": false}
{"event": "training_step", "timestamp": 1769664439.3835888, "step": 5, "max_steps": 819, "loss": 9.457706451416016, "elapsed_time": 0.8756349086761475, "prnt": false}
{"event": "training_step", "timestamp": 1769664439.4754179, "step": 6, "max_steps": 819, "loss": 9.320343971252441, "elapsed_time": 0.9673972129821777, "prnt": false}
{"event": "training_step", "timestamp": 1769664439.567153, "step": 7, "max_steps": 819, "loss": 9.189017295837402, "elapsed_time": 1.0591027736663818, "prnt": false}
{"event": "training_step", "timestamp": 1769664439.6588984, "step": 8, "max_steps": 819, "loss": 9.094922065734863, "elapsed_time": 1.1508805751800537, "prnt": false}
{"event": "training_step", "timestamp": 1769664439.750641, "step": 9, "max_steps": 819, "loss": 9.0401611328125, "elapsed_time": 1.242851972579956, "prnt": false}
{"event": "training_step", "timestamp": 1769664439.842188, "step": 10, "max_steps": 819, "loss": 9.00997257232666, "elapsed_time": 1.3343596458435059, "prnt": false}
{"event": "training_step", "timestamp": 1769664439.9336593, "step": 11, "max_steps": 819, "loss": 8.972352027893066, "elapsed_time": 1.426114797592163, "prnt": false}
{"event": "training_step", "timestamp": 1769664440.0252984, "step": 12, "max_steps": 819, "loss": 8.94107723236084, "elapsed_time": 1.5174479484558105, "prnt": false}
{"event": "training_step", "timestamp": 1769664440.1176808, "step": 13, "max_steps": 819, "loss": 8.841276168823242, "elapsed_time": 1.6089990139007568, "prnt": false}
{"event": "training_step", "timestamp": 1769664440.2100983, "step": 14, "max_steps": 819, "loss": 8.800878524780273, "elapsed_time": 1.701629638671875, "prnt": false}
{"event": "training_step", "timestamp": 1769664440.30207, "step": 15, "max_steps": 819, "loss": 8.737438201904297, "elapsed_time": 1.79426908493042, "prnt": false}
{"event": "training_step", "timestamp": 1769664440.3942442, "step": 16, "max_steps": 819, "loss": 8.686298370361328, "elapsed_time": 1.886016845703125, "prnt": false}
{"event": "training_step", "timestamp": 1769664440.4867914, "step": 17, "max_steps": 819, "loss": 8.602493286132812, "elapsed_time": 1.977961540222168, "prnt": false}
{"event": "training_step", "timestamp": 1769664440.5788856, "step": 18, "max_steps": 819, "loss": 8.545839309692383, "elapsed_time": 2.070647716522217, "prnt": false}
{"event": "training_step", "timestamp": 1769664440.6706161, "step": 19, "max_steps": 819, "loss": 8.465055465698242, "elapsed_time": 2.1625583171844482, "prnt": false}
{"event": "training_step", "timestamp": 1769664440.7623522, "step": 20, "max_steps": 819, "loss": 8.357513427734375, "elapsed_time": 2.2546896934509277, "prnt": false}
{"event": "training_step", "timestamp": 1769664440.8540044, "step": 21, "max_steps": 819, "loss": 8.296658515930176, "elapsed_time": 2.3461754322052, "prnt": false}
{"event": "training_step", "timestamp": 1769664440.9458745, "step": 22, "max_steps": 819, "loss": 8.202208518981934, "elapsed_time": 2.4379777908325195, "prnt": false}
{"event": "training_step", "timestamp": 1769664441.037769, "step": 23, "max_steps": 819, "loss": 8.155471801757812, "elapsed_time": 2.529660701751709, "prnt": false}
{"event": "training_step", "timestamp": 1769664441.1296325, "step": 24, "max_steps": 819, "loss": 8.085554122924805, "elapsed_time": 2.621591567993164, "prnt": false}
{"event": "training_step", "timestamp": 1769664441.2212536, "step": 25, "max_steps": 819, "loss": 7.991316795349121, "elapsed_time": 2.713428258895874, "prnt": false}
{"event": "training_step", "timestamp": 1769664441.3131294, "step": 26, "max_steps": 819, "loss": 7.900427341461182, "elapsed_time": 2.805098533630371, "prnt": false}
{"event": "training_step", "timestamp": 1769664441.4051588, "step": 27, "max_steps": 819, "loss": 7.850038051605225, "elapsed_time": 2.896818161010742, "prnt": false}
{"event": "training_step", "timestamp": 1769664441.4972603, "step": 28, "max_steps": 819, "loss": 7.740803241729736, "elapsed_time": 2.988875389099121, "prnt": false}
{"event": "training_step", "timestamp": 1769664441.5890155, "step": 29, "max_steps": 819, "loss": 7.663186073303223, "elapsed_time": 3.080923318862915, "prnt": false}
{"event": "training_step", "timestamp": 1769664441.6811423, "step": 30, "max_steps": 819, "loss": 7.632869243621826, "elapsed_time": 3.1733314990997314, "prnt": false}
{"event": "training_step", "timestamp": 1769664441.7729466, "step": 31, "max_steps": 819, "loss": 7.543258190155029, "elapsed_time": 3.2651681900024414, "prnt": false}
{"event": "training_step", "timestamp": 1769664441.864987, "step": 32, "max_steps": 819, "loss": 7.456009864807129, "elapsed_time": 3.3567099571228027, "prnt": false}
{"event": "training_step", "timestamp": 1769664441.9567783, "step": 33, "max_steps": 819, "loss": 7.43648099899292, "elapsed_time": 3.4487380981445312, "prnt": false}
{"event": "training_step", "timestamp": 1769664442.0486858, "step": 34, "max_steps": 819, "loss": 7.366697311401367, "elapsed_time": 3.540783166885376, "prnt": false}
{"event": "training_step", "timestamp": 1769664442.1405966, "step": 35, "max_steps": 819, "loss": 7.340702056884766, "elapsed_time": 3.6324849128723145, "prnt": false}
{"event": "training_step", "timestamp": 1769664442.2323084, "step": 36, "max_steps": 819, "loss": 7.2911505699157715, "elapsed_time": 3.7248497009277344, "prnt": false}
{"event": "training_step", "timestamp": 1769664442.3242557, "step": 37, "max_steps": 819, "loss": 7.217721939086914, "elapsed_time": 3.8161871433258057, "prnt": false}
{"event": "training_step", "timestamp": 1769664442.4161386, "step": 38, "max_steps": 819, "loss": 7.215880393981934, "elapsed_time": 3.9081664085388184, "prnt": false}
{"event": "training_step", "timestamp": 1769664442.5080612, "step": 39, "max_steps": 819, "loss": 7.210249900817871, "elapsed_time": 3.9998748302459717, "prnt": false}
{"event": "validation_step", "timestamp": 1769664442.8689382, "step": 39, "max_steps": 819, "loss": 1.3194535316157199, "elapsed_time": 3.9998748302459717}
{"event": "training_step", "timestamp": 1769664442.9613206, "step": 40, "max_steps": 819, "loss": 7.166379928588867, "elapsed_time": 4.453381299972534, "prnt": false}
{"event": "training_step", "timestamp": 1769664443.0530498, "step": 41, "max_steps": 819, "loss": 7.124862194061279, "elapsed_time": 4.545144081115723, "prnt": false}
{"event": "training_step", "timestamp": 1769664443.1451426, "step": 42, "max_steps": 819, "loss": 7.0881876945495605, "elapsed_time": 4.637018442153931, "prnt": false}
{"event": "training_step", "timestamp": 1769664443.2370212, "step": 43, "max_steps": 819, "loss": 7.045151710510254, "elapsed_time": 4.72893214225769, "prnt": false}
{"event": "training_step", "timestamp": 1769664443.3289845, "step": 44, "max_steps": 819, "loss": 7.065418243408203, "elapsed_time": 4.820742130279541, "prnt": false}
{"event": "training_step", "timestamp": 1769664443.4209716, "step": 45, "max_steps": 819, "loss": 7.04417085647583, "elapsed_time": 4.912620544433594, "prnt": false}
{"event": "training_step", "timestamp": 1769664443.5128498, "step": 46, "max_steps": 819, "loss": 7.050824165344238, "elapsed_time": 5.00487756729126, "prnt": false}
{"event": "training_step", "timestamp": 1769664443.6049712, "step": 47, "max_steps": 819, "loss": 7.031881809234619, "elapsed_time": 5.096657991409302, "prnt": false}
{"event": "training_step", "timestamp": 1769664443.6970336, "step": 48, "max_steps": 819, "loss": 6.979489326477051, "elapsed_time": 5.189068794250488, "prnt": false}
{"event": "training_step", "timestamp": 1769664443.789039, "step": 49, "max_steps": 819, "loss": 6.976359844207764, "elapsed_time": 5.280781984329224, "prnt": false}
{"event": "training_step", "timestamp": 1769664443.8809688, "step": 50, "max_steps": 819, "loss": 7.000855922698975, "elapsed_time": 5.3729424476623535, "prnt": false}
{"event": "training_step", "timestamp": 1769664443.9728024, "step": 51, "max_steps": 819, "loss": 6.966038703918457, "elapsed_time": 5.4646711349487305, "prnt": false}
{"event": "training_step", "timestamp": 1769664444.0652633, "step": 52, "max_steps": 819, "loss": 7.01680326461792, "elapsed_time": 5.556695938110352, "prnt": false}
{"event": "training_step", "timestamp": 1769664444.1576264, "step": 53, "max_steps": 819, "loss": 7.003918647766113, "elapsed_time": 5.649021863937378, "prnt": false}
{"event": "training_step", "timestamp": 1769664444.2497277, "step": 54, "max_steps": 819, "loss": 6.926487445831299, "elapsed_time": 5.741628885269165, "prnt": false}
{"event": "training_step", "timestamp": 1769664444.3418572, "step": 55, "max_steps": 819, "loss": 6.9461846351623535, "elapsed_time": 5.833629131317139, "prnt": false}
{"event": "training_step", "timestamp": 1769664444.4339125, "step": 56, "max_steps": 819, "loss": 6.868141174316406, "elapsed_time": 5.925710201263428, "prnt": false}
{"event": "training_step", "timestamp": 1769664444.5261638, "step": 57, "max_steps": 819, "loss": 6.930651664733887, "elapsed_time": 6.01772928237915, "prnt": false}
{"event": "training_step", "timestamp": 1769664444.618329, "step": 58, "max_steps": 819, "loss": 6.888221263885498, "elapsed_time": 6.110238075256348, "prnt": false}
{"event": "training_step", "timestamp": 1769664444.7103708, "step": 59, "max_steps": 819, "loss": 6.880758762359619, "elapsed_time": 6.202015399932861, "prnt": false}
{"event": "training_step", "timestamp": 1769664444.8026416, "step": 60, "max_steps": 819, "loss": 6.878444194793701, "elapsed_time": 6.294304847717285, "prnt": false}
{"event": "training_step", "timestamp": 1769664444.8950942, "step": 61, "max_steps": 819, "loss": 6.8224873542785645, "elapsed_time": 6.386705160140991, "prnt": false}
{"event": "training_step", "timestamp": 1769664444.987355, "step": 62, "max_steps": 819, "loss": 6.768064022064209, "elapsed_time": 6.478952884674072, "prnt": false}
{"event": "training_step", "timestamp": 1769664445.0797606, "step": 63, "max_steps": 819, "loss": 6.898406982421875, "elapsed_time": 6.571235656738281, "prnt": false}
{"event": "training_step", "timestamp": 1769664445.1717927, "step": 64, "max_steps": 819, "loss": 6.8747172355651855, "elapsed_time": 6.663671016693115, "prnt": false}
{"event": "training_step", "timestamp": 1769664445.2639751, "step": 65, "max_steps": 819, "loss": 6.876264572143555, "elapsed_time": 6.755470037460327, "prnt": false}
{"event": "training_step", "timestamp": 1769664445.3560793, "step": 66, "max_steps": 819, "loss": 6.774466514587402, "elapsed_time": 6.847684860229492, "prnt": false}
{"event": "training_step", "timestamp": 1769664445.4482117, "step": 67, "max_steps": 819, "loss": 6.788778781890869, "elapsed_time": 6.939733028411865, "prnt": false}
{"event": "training_step", "timestamp": 1769664445.5403645, "step": 68, "max_steps": 819, "loss": 6.875481605529785, "elapsed_time": 7.032067775726318, "prnt": false}
{"event": "training_step", "timestamp": 1769664445.6322446, "step": 69, "max_steps": 819, "loss": 6.789057731628418, "elapsed_time": 7.124229192733765, "prnt": false}
{"event": "training_step", "timestamp": 1769664445.7245476, "step": 70, "max_steps": 819, "loss": 6.73200798034668, "elapsed_time": 7.216067552566528, "prnt": false}
{"event": "training_step", "timestamp": 1769664445.8169074, "step": 71, "max_steps": 819, "loss": 6.750674724578857, "elapsed_time": 7.308461427688599, "prnt": false}
{"event": "training_step", "timestamp": 1769664445.9091625, "step": 72, "max_steps": 819, "loss": 6.745577335357666, "elapsed_time": 7.400720119476318, "prnt": false}
{"event": "training_step", "timestamp": 1769664446.0012362, "step": 73, "max_steps": 819, "loss": 6.741098880767822, "elapsed_time": 7.49297308921814, "prnt": false}
{"event": "training_step", "timestamp": 1769664446.0932894, "step": 74, "max_steps": 819, "loss": 6.816256523132324, "elapsed_time": 7.58504056930542, "prnt": false}
{"event": "training_step", "timestamp": 1769664446.1855068, "step": 75, "max_steps": 819, "loss": 6.687417984008789, "elapsed_time": 7.677107810974121, "prnt": false}
{"event": "training_step", "timestamp": 1769664446.277884, "step": 76, "max_steps": 819, "loss": 6.736664772033691, "elapsed_time": 7.7700231075286865, "prnt": false}
{"event": "training_step", "timestamp": 1769664446.3699315, "step": 77, "max_steps": 819, "loss": 6.692540645599365, "elapsed_time": 7.861719369888306, "prnt": false}
{"event": "training_step", "timestamp": 1769664446.4621193, "step": 78, "max_steps": 819, "loss": 6.783327102661133, "elapsed_time": 7.953700542449951, "prnt": false}
{"event": "validation_step", "timestamp": 1769664446.8247736, "step": 78, "max_steps": 819, "loss": 1.2477121347606521, "elapsed_time": 7.953700542449951}
{"event": "training_step", "timestamp": 1769664446.9176462, "step": 79, "max_steps": 819, "loss": 6.669729232788086, "elapsed_time": 8.408926963806152, "prnt": false}
{"event": "training_step", "timestamp": 1769664447.0098479, "step": 80, "max_steps": 819, "loss": 6.647029876708984, "elapsed_time": 8.501491785049438, "prnt": false}
{"event": "training_step", "timestamp": 1769664447.1019707, "step": 81, "max_steps": 819, "loss": 6.677510738372803, "elapsed_time": 8.593611478805542, "prnt": false}
{"event": "training_step", "timestamp": 1769664447.1942747, "step": 82, "max_steps": 819, "loss": 6.67806339263916, "elapsed_time": 8.685769319534302, "prnt": false}
{"event": "training_step", "timestamp": 1769664447.286457, "step": 83, "max_steps": 819, "loss": 6.653990745544434, "elapsed_time": 8.778048038482666, "prnt": false}
{"event": "training_step", "timestamp": 1769664447.3787463, "step": 84, "max_steps": 819, "loss": 6.663947105407715, "elapsed_time": 8.870240449905396, "prnt": false}
{"event": "training_step", "timestamp": 1769664447.4709208, "step": 85, "max_steps": 819, "loss": 6.713708877563477, "elapsed_time": 8.962407350540161, "prnt": false}
{"event": "training_step", "timestamp": 1769664447.5634868, "step": 86, "max_steps": 819, "loss": 6.650490760803223, "elapsed_time": 9.054874897003174, "prnt": false}
{"event": "training_step", "timestamp": 1769664447.6556413, "step": 87, "max_steps": 819, "loss": 6.663218975067139, "elapsed_time": 9.147256851196289, "prnt": false}
{"event": "training_step", "timestamp": 1769664447.7480378, "step": 88, "max_steps": 819, "loss": 6.6113152503967285, "elapsed_time": 9.239468574523926, "prnt": false}
{"event": "training_step", "timestamp": 1769664447.840091, "step": 89, "max_steps": 819, "loss": 6.689755439758301, "elapsed_time": 9.331715106964111, "prnt": false}
{"event": "training_step", "timestamp": 1769664447.9323068, "step": 90, "max_steps": 819, "loss": 6.733968734741211, "elapsed_time": 9.423901081085205, "prnt": false}
{"event": "training_step", "timestamp": 1769664448.0246735, "step": 91, "max_steps": 819, "loss": 6.618433952331543, "elapsed_time": 9.515951871871948, "prnt": false}
{"event": "training_step", "timestamp": 1769664448.1170971, "step": 92, "max_steps": 819, "loss": 6.641323089599609, "elapsed_time": 9.60842752456665, "prnt": false}
{"event": "training_step", "timestamp": 1769664448.2093885, "step": 93, "max_steps": 819, "loss": 6.632582664489746, "elapsed_time": 9.70079255104065, "prnt": false}
{"event": "training_step", "timestamp": 1769664448.3018904, "step": 94, "max_steps": 819, "loss": 6.582995891571045, "elapsed_time": 9.79386854171753, "prnt": false}
{"event": "training_step", "timestamp": 1769664448.3940427, "step": 95, "max_steps": 819, "loss": 6.6702399253845215, "elapsed_time": 9.885875463485718, "prnt": false}
{"event": "training_step", "timestamp": 1769664448.4863713, "step": 96, "max_steps": 819, "loss": 6.675070762634277, "elapsed_time": 9.977811813354492, "prnt": false}
{"event": "training_step", "timestamp": 1769664448.5786967, "step": 97, "max_steps": 819, "loss": 6.649852752685547, "elapsed_time": 10.070085763931274, "prnt": false}
{"event": "training_step", "timestamp": 1769664448.670748, "step": 98, "max_steps": 819, "loss": 6.5925397872924805, "elapsed_time": 10.162446022033691, "prnt": false}
{"event": "training_step", "timestamp": 1769664448.763095, "step": 99, "max_steps": 819, "loss": 6.634548187255859, "elapsed_time": 10.254831790924072, "prnt": false}
{"event": "training_step", "timestamp": 1769664448.8554935, "step": 100, "max_steps": 819, "loss": 6.632195472717285, "elapsed_time": 10.346950769424438, "prnt": false}
{"event": "training_step", "timestamp": 1769664448.9477448, "step": 101, "max_steps": 819, "loss": 6.60626745223999, "elapsed_time": 10.439364910125732, "prnt": false}
{"event": "training_step", "timestamp": 1769664449.0400496, "step": 102, "max_steps": 819, "loss": 6.628916263580322, "elapsed_time": 10.532323122024536, "prnt": false}
{"event": "training_step", "timestamp": 1769664449.1322985, "step": 103, "max_steps": 819, "loss": 6.550867080688477, "elapsed_time": 10.624013900756836, "prnt": false}
{"event": "training_step", "timestamp": 1769664449.2247627, "step": 104, "max_steps": 819, "loss": 6.57321310043335, "elapsed_time": 10.716271162033081, "prnt": false}
{"event": "training_step", "timestamp": 1769664449.3167384, "step": 105, "max_steps": 819, "loss": 6.610478401184082, "elapsed_time": 10.808674573898315, "prnt": false}
{"event": "training_step", "timestamp": 1769664449.4089031, "step": 106, "max_steps": 819, "loss": 6.557623386383057, "elapsed_time": 10.900817632675171, "prnt": false}
{"event": "training_step", "timestamp": 1769664449.5010622, "step": 107, "max_steps": 819, "loss": 6.558278560638428, "elapsed_time": 10.992769956588745, "prnt": false}
{"event": "training_step", "timestamp": 1769664449.5933645, "step": 108, "max_steps": 819, "loss": 6.59714412689209, "elapsed_time": 11.085022449493408, "prnt": false}
{"event": "training_step", "timestamp": 1769664449.6855094, "step": 109, "max_steps": 819, "loss": 6.586999893188477, "elapsed_time": 11.177196741104126, "prnt": false}
{"event": "training_step", "timestamp": 1769664449.7773843, "step": 110, "max_steps": 819, "loss": 6.507072925567627, "elapsed_time": 11.269447803497314, "prnt": false}
{"event": "training_step", "timestamp": 1769664449.8694992, "step": 111, "max_steps": 819, "loss": 6.572054386138916, "elapsed_time": 11.36124300956726, "prnt": false}
{"event": "training_step", "timestamp": 1769664449.9619107, "step": 112, "max_steps": 819, "loss": 6.5374250411987305, "elapsed_time": 11.453463077545166, "prnt": false}
{"event": "training_step", "timestamp": 1769664450.0539489, "step": 113, "max_steps": 819, "loss": 6.600949287414551, "elapsed_time": 11.545867443084717, "prnt": false}
{"event": "training_step", "timestamp": 1769664450.146212, "step": 114, "max_steps": 819, "loss": 6.561984539031982, "elapsed_time": 11.638052701950073, "prnt": false}
{"event": "training_step", "timestamp": 1769664450.238421, "step": 115, "max_steps": 819, "loss": 6.552123546600342, "elapsed_time": 11.730187177658081, "prnt": false}
{"event": "training_step", "timestamp": 1769664450.3305895, "step": 116, "max_steps": 819, "loss": 6.522494792938232, "elapsed_time": 11.82308292388916, "prnt": false}
{"event": "training_step", "timestamp": 1769664450.422949, "step": 117, "max_steps": 819, "loss": 6.5139079093933105, "elapsed_time": 11.914723873138428, "prnt": false}
{"event": "validation_step", "timestamp": 1769664450.7857244, "step": 117, "max_steps": 819, "loss": 1.2164548842281848, "elapsed_time": 11.914723873138428}
{"event": "training_step", "timestamp": 1769664450.878544, "step": 118, "max_steps": 819, "loss": 6.501950263977051, "elapsed_time": 12.37014102935791, "prnt": false}
{"event": "training_step", "timestamp": 1769664450.970709, "step": 119, "max_steps": 819, "loss": 6.505110740661621, "elapsed_time": 12.462521314620972, "prnt": false}
{"event": "training_step", "timestamp": 1769664451.0631378, "step": 120, "max_steps": 819, "loss": 6.4834184646606445, "elapsed_time": 12.554710626602173, "prnt": false}
{"event": "training_step", "timestamp": 1769664451.155386, "step": 121, "max_steps": 819, "loss": 6.47589111328125, "elapsed_time": 12.647470235824585, "prnt": false}
{"event": "training_step", "timestamp": 1769664451.2479362, "step": 122, "max_steps": 819, "loss": 6.460236072540283, "elapsed_time": 12.73928165435791, "prnt": false}
{"event": "training_step", "timestamp": 1769664451.340136, "step": 123, "max_steps": 819, "loss": 6.5108208656311035, "elapsed_time": 12.831787109375, "prnt": false}
{"event": "training_step", "timestamp": 1769664451.4321518, "step": 124, "max_steps": 819, "loss": 6.493090629577637, "elapsed_time": 12.924041748046875, "prnt": false}
{"event": "training_step", "timestamp": 1769664451.5244017, "step": 125, "max_steps": 819, "loss": 6.442490100860596, "elapsed_time": 13.016003370285034, "prnt": false}
{"event": "training_step", "timestamp": 1769664451.6167903, "step": 126, "max_steps": 819, "loss": 6.43984842300415, "elapsed_time": 13.1083984375, "prnt": false}
{"event": "training_step", "timestamp": 1769664451.7089272, "step": 127, "max_steps": 819, "loss": 6.481692790985107, "elapsed_time": 13.201038599014282, "prnt": false}
{"event": "training_step", "timestamp": 1769664451.801265, "step": 128, "max_steps": 819, "loss": 6.472967624664307, "elapsed_time": 13.292859315872192, "prnt": false}
{"event": "training_step", "timestamp": 1769664451.8935347, "step": 129, "max_steps": 819, "loss": 6.530374050140381, "elapsed_time": 13.385309934616089, "prnt": false}
{"event": "training_step", "timestamp": 1769664451.9858122, "step": 130, "max_steps": 819, "loss": 6.437097549438477, "elapsed_time": 13.477567434310913, "prnt": false}
{"event": "training_step", "timestamp": 1769664452.0780005, "step": 131, "max_steps": 819, "loss": 6.385756969451904, "elapsed_time": 13.56967043876648, "prnt": false}
{"event": "training_step", "timestamp": 1769664452.1702738, "step": 132, "max_steps": 819, "loss": 6.453858852386475, "elapsed_time": 13.662397384643555, "prnt": false}
{"event": "training_step", "timestamp": 1769664452.262634, "step": 133, "max_steps": 819, "loss": 6.444057464599609, "elapsed_time": 13.75429105758667, "prnt": false}
{"event": "training_step", "timestamp": 1769664452.3550692, "step": 134, "max_steps": 819, "loss": 6.515132427215576, "elapsed_time": 13.847224235534668, "prnt": false}
{"event": "training_step", "timestamp": 1769664452.4473193, "step": 135, "max_steps": 819, "loss": 6.475300312042236, "elapsed_time": 13.939000844955444, "prnt": false}
{"event": "training_step", "timestamp": 1769664452.5395389, "step": 136, "max_steps": 819, "loss": 6.530727863311768, "elapsed_time": 14.031213283538818, "prnt": false}
{"event": "training_step", "timestamp": 1769664452.6318603, "step": 137, "max_steps": 819, "loss": 6.4093499183654785, "elapsed_time": 14.123657703399658, "prnt": false}
{"event": "training_step", "timestamp": 1769664452.7243166, "step": 138, "max_steps": 819, "loss": 6.444921970367432, "elapsed_time": 14.216128826141357, "prnt": false}
{"event": "training_step", "timestamp": 1769664452.8166728, "step": 139, "max_steps": 819, "loss": 6.371597766876221, "elapsed_time": 14.308233737945557, "prnt": false}
{"event": "training_step", "timestamp": 1769664452.909028, "step": 140, "max_steps": 819, "loss": 6.439857482910156, "elapsed_time": 14.400720834732056, "prnt": false}
{"event": "training_step", "timestamp": 1769664453.0011077, "step": 141, "max_steps": 819, "loss": 6.382627010345459, "elapsed_time": 14.492989540100098, "prnt": false}
{"event": "training_step", "timestamp": 1769664453.0936077, "step": 142, "max_steps": 819, "loss": 6.3292317390441895, "elapsed_time": 14.585081577301025, "prnt": false}
{"event": "training_step", "timestamp": 1769664453.1858633, "step": 143, "max_steps": 819, "loss": 6.457005500793457, "elapsed_time": 14.677499055862427, "prnt": false}
{"event": "training_step", "timestamp": 1769664453.278034, "step": 144, "max_steps": 819, "loss": 6.394904136657715, "elapsed_time": 14.769794464111328, "prnt": false}
{"event": "training_step", "timestamp": 1769664453.3703449, "step": 145, "max_steps": 819, "loss": 6.3835835456848145, "elapsed_time": 14.861951351165771, "prnt": false}
{"event": "training_step", "timestamp": 1769664453.462773, "step": 146, "max_steps": 819, "loss": 6.370402812957764, "elapsed_time": 14.954339265823364, "prnt": false}
{"event": "training_step", "timestamp": 1769664453.5551422, "step": 147, "max_steps": 819, "loss": 6.44825553894043, "elapsed_time": 15.046658277511597, "prnt": false}
{"event": "training_step", "timestamp": 1769664453.6476455, "step": 148, "max_steps": 819, "loss": 6.389402389526367, "elapsed_time": 15.139111518859863, "prnt": false}
{"event": "training_step", "timestamp": 1769664453.7400558, "step": 149, "max_steps": 819, "loss": 6.368250370025635, "elapsed_time": 15.231523752212524, "prnt": false}
{"event": "training_step", "timestamp": 1769664453.8322823, "step": 150, "max_steps": 819, "loss": 6.361616611480713, "elapsed_time": 15.32401990890503, "prnt": false}
{"event": "training_step", "timestamp": 1769664453.9246094, "step": 151, "max_steps": 819, "loss": 6.424627304077148, "elapsed_time": 15.416516304016113, "prnt": false}
{"event": "training_step", "timestamp": 1769664454.0166912, "step": 152, "max_steps": 819, "loss": 6.443406581878662, "elapsed_time": 15.508689641952515, "prnt": false}
{"event": "training_step", "timestamp": 1769664454.10891, "step": 153, "max_steps": 819, "loss": 6.4068498611450195, "elapsed_time": 15.60073733329773, "prnt": false}
{"event": "training_step", "timestamp": 1769664454.2014306, "step": 154, "max_steps": 819, "loss": 6.3385114669799805, "elapsed_time": 15.692798137664795, "prnt": false}
{"event": "training_step", "timestamp": 1769664454.293992, "step": 155, "max_steps": 819, "loss": 6.323815822601318, "elapsed_time": 15.785303831100464, "prnt": false}
{"event": "training_step", "timestamp": 1769664454.3865116, "step": 156, "max_steps": 819, "loss": 6.302379131317139, "elapsed_time": 15.878597974777222, "prnt": false}
{"event": "validation_step", "timestamp": 1769664454.7492585, "step": 156, "max_steps": 819, "loss": 1.1965826614604231, "elapsed_time": 15.878597974777222}
{"event": "training_step", "timestamp": 1769664454.8419597, "step": 157, "max_steps": 819, "loss": 6.34585428237915, "elapsed_time": 16.33336639404297, "prnt": false}
{"event": "training_step", "timestamp": 1769664454.9346385, "step": 158, "max_steps": 819, "loss": 6.364664554595947, "elapsed_time": 16.42593812942505, "prnt": false}
{"event": "training_step", "timestamp": 1769664455.0270593, "step": 159, "max_steps": 819, "loss": 6.359314441680908, "elapsed_time": 16.51847529411316, "prnt": false}
{"event": "training_step", "timestamp": 1769664455.1195672, "step": 160, "max_steps": 819, "loss": 6.298761367797852, "elapsed_time": 16.61108946800232, "prnt": false}
{"event": "training_step", "timestamp": 1769664455.2117143, "step": 161, "max_steps": 819, "loss": 6.3871941566467285, "elapsed_time": 16.703417778015137, "prnt": false}
{"event": "training_step", "timestamp": 1769664455.3041463, "step": 162, "max_steps": 819, "loss": 6.351114273071289, "elapsed_time": 16.795714139938354, "prnt": false}
{"event": "training_step", "timestamp": 1769664455.3965113, "step": 163, "max_steps": 819, "loss": 6.348233699798584, "elapsed_time": 16.888066053390503, "prnt": false}
{"event": "training_step", "timestamp": 1769664455.4886816, "step": 164, "max_steps": 819, "loss": 6.393086910247803, "elapsed_time": 16.98042106628418, "prnt": false}
{"event": "training_step", "timestamp": 1769664455.5810492, "step": 165, "max_steps": 819, "loss": 6.32160758972168, "elapsed_time": 17.072502851486206, "prnt": false}
{"event": "training_step", "timestamp": 1769664455.6735783, "step": 166, "max_steps": 819, "loss": 6.318961143493652, "elapsed_time": 17.164934873580933, "prnt": false}
{"event": "training_step", "timestamp": 1769664455.7660441, "step": 167, "max_steps": 819, "loss": 6.344540119171143, "elapsed_time": 17.25753951072693, "prnt": false}
{"event": "training_step", "timestamp": 1769664455.8583624, "step": 168, "max_steps": 819, "loss": 6.342723369598389, "elapsed_time": 17.35007905960083, "prnt": false}
{"event": "training_step", "timestamp": 1769664455.9504418, "step": 169, "max_steps": 819, "loss": 6.370663166046143, "elapsed_time": 17.442225694656372, "prnt": false}
{"event": "training_step", "timestamp": 1769664456.0428598, "step": 170, "max_steps": 819, "loss": 6.2959980964660645, "elapsed_time": 17.53427028656006, "prnt": false}
{"event": "training_step", "timestamp": 1769664456.135224, "step": 171, "max_steps": 819, "loss": 6.300518035888672, "elapsed_time": 17.62660026550293, "prnt": false}
{"event": "training_step", "timestamp": 1769664456.227569, "step": 172, "max_steps": 819, "loss": 6.29699182510376, "elapsed_time": 17.719210863113403, "prnt": false}
{"event": "training_step", "timestamp": 1769664456.3199918, "step": 173, "max_steps": 819, "loss": 6.268508434295654, "elapsed_time": 17.811511278152466, "prnt": false}
{"event": "training_step", "timestamp": 1769664456.4124403, "step": 174, "max_steps": 819, "loss": 6.331954479217529, "elapsed_time": 17.904330253601074, "prnt": false}
{"event": "training_step", "timestamp": 1769664456.5047772, "step": 175, "max_steps": 819, "loss": 6.297572135925293, "elapsed_time": 17.99631667137146, "prnt": false}
{"event": "training_step", "timestamp": 1769664456.5971582, "step": 176, "max_steps": 819, "loss": 6.375333786010742, "elapsed_time": 18.088709115982056, "prnt": false}
{"event": "training_step", "timestamp": 1769664456.6894152, "step": 177, "max_steps": 819, "loss": 6.258484840393066, "elapsed_time": 18.181124210357666, "prnt": false}
{"event": "training_step", "timestamp": 1769664456.7819154, "step": 178, "max_steps": 819, "loss": 6.28265380859375, "elapsed_time": 18.273334741592407, "prnt": false}
{"event": "training_step", "timestamp": 1769664456.8743823, "step": 179, "max_steps": 819, "loss": 6.275632858276367, "elapsed_time": 18.36576533317566, "prnt": false}
{"event": "training_step", "timestamp": 1769664456.9668493, "step": 180, "max_steps": 819, "loss": 6.335751056671143, "elapsed_time": 18.458281755447388, "prnt": false}
{"event": "training_step", "timestamp": 1769664457.0590234, "step": 181, "max_steps": 819, "loss": 6.351540565490723, "elapsed_time": 18.550657272338867, "prnt": false}
{"event": "training_step", "timestamp": 1769664457.1515675, "step": 182, "max_steps": 819, "loss": 6.209702491760254, "elapsed_time": 18.64305830001831, "prnt": false}
{"event": "training_step", "timestamp": 1769664457.2439017, "step": 183, "max_steps": 819, "loss": 6.2407002449035645, "elapsed_time": 18.735405683517456, "prnt": false}
{"event": "training_step", "timestamp": 1769664457.3363335, "step": 184, "max_steps": 819, "loss": 6.3238420486450195, "elapsed_time": 18.82796621322632, "prnt": false}
{"event": "training_step", "timestamp": 1769664457.4284296, "step": 185, "max_steps": 819, "loss": 6.266764163970947, "elapsed_time": 18.92016053199768, "prnt": false}
{"event": "training_step", "timestamp": 1769664457.520885, "step": 186, "max_steps": 819, "loss": 6.262472152709961, "elapsed_time": 19.012336492538452, "prnt": false}
{"event": "training_step", "timestamp": 1769664457.6135585, "step": 187, "max_steps": 819, "loss": 6.2364959716796875, "elapsed_time": 19.105018377304077, "prnt": false}
{"event": "training_step", "timestamp": 1769664457.706203, "step": 188, "max_steps": 819, "loss": 6.2579755783081055, "elapsed_time": 19.19784188270569, "prnt": false}
{"event": "training_step", "timestamp": 1769664457.7986915, "step": 189, "max_steps": 819, "loss": 6.304958343505859, "elapsed_time": 19.290170192718506, "prnt": false}
{"event": "training_step", "timestamp": 1769664457.8910058, "step": 190, "max_steps": 819, "loss": 6.2764387130737305, "elapsed_time": 19.38273048400879, "prnt": false}
{"event": "training_step", "timestamp": 1769664457.9834428, "step": 191, "max_steps": 819, "loss": 6.283912658691406, "elapsed_time": 19.4749493598938, "prnt": false}
{"event": "training_step", "timestamp": 1769664458.075885, "step": 192, "max_steps": 819, "loss": 6.189586162567139, "elapsed_time": 19.567354917526245, "prnt": false}
{"event": "training_step", "timestamp": 1769664458.1681225, "step": 193, "max_steps": 819, "loss": 6.208777904510498, "elapsed_time": 19.65998101234436, "prnt": false}
{"event": "training_step", "timestamp": 1769664458.2606626, "step": 194, "max_steps": 819, "loss": 6.1835713386535645, "elapsed_time": 19.752121686935425, "prnt": false}
{"event": "training_step", "timestamp": 1769664458.353433, "step": 195, "max_steps": 819, "loss": 6.178014755249023, "elapsed_time": 19.844473123550415, "prnt": false}
{"event": "validation_step", "timestamp": 1769664458.7166953, "step": 195, "max_steps": 819, "loss": 1.1805608522688922, "elapsed_time": 19.844473123550415}
{"event": "training_step", "timestamp": 1769664458.8095295, "step": 196, "max_steps": 819, "loss": 6.285112380981445, "elapsed_time": 20.301105260849, "prnt": false}
{"event": "training_step", "timestamp": 1769664458.902054, "step": 197, "max_steps": 819, "loss": 6.129979133605957, "elapsed_time": 20.39347767829895, "prnt": false}
{"event": "training_step", "timestamp": 1769664458.9946513, "step": 198, "max_steps": 819, "loss": 6.195331573486328, "elapsed_time": 20.48624277114868, "prnt": false}
{"event": "training_step", "timestamp": 1769664459.0869946, "step": 199, "max_steps": 819, "loss": 6.318150997161865, "elapsed_time": 20.578782558441162, "prnt": false}
{"event": "training_step", "timestamp": 1769664459.1795425, "step": 200, "max_steps": 819, "loss": 6.227459907531738, "elapsed_time": 20.671099424362183, "prnt": false}
{"event": "training_step", "timestamp": 1769664459.2719667, "step": 201, "max_steps": 819, "loss": 6.253546714782715, "elapsed_time": 20.763330459594727, "prnt": false}
{"event": "training_step", "timestamp": 1769664459.364505, "step": 202, "max_steps": 819, "loss": 6.250439643859863, "elapsed_time": 20.855949878692627, "prnt": false}
{"event": "training_step", "timestamp": 1769664459.4568422, "step": 203, "max_steps": 819, "loss": 6.260060787200928, "elapsed_time": 20.948450326919556, "prnt": false}
{"event": "training_step", "timestamp": 1769664459.5492158, "step": 204, "max_steps": 819, "loss": 6.2317214012146, "elapsed_time": 21.04092574119568, "prnt": false}
{"event": "training_step", "timestamp": 1769664459.6417797, "step": 205, "max_steps": 819, "loss": 6.22971773147583, "elapsed_time": 21.133000373840332, "prnt": false}
{"event": "training_step", "timestamp": 1769664459.7343924, "step": 206, "max_steps": 819, "loss": 6.197971820831299, "elapsed_time": 21.225706100463867, "prnt": false}
{"event": "training_step", "timestamp": 1769664459.8266926, "step": 207, "max_steps": 819, "loss": 6.159653186798096, "elapsed_time": 21.318302631378174, "prnt": false}
{"event": "training_step", "timestamp": 1769664459.9192991, "step": 208, "max_steps": 819, "loss": 6.158578872680664, "elapsed_time": 21.410640716552734, "prnt": false}
{"event": "training_step", "timestamp": 1769664460.011874, "step": 209, "max_steps": 819, "loss": 6.261284828186035, "elapsed_time": 21.50312900543213, "prnt": false}
{"event": "training_step", "timestamp": 1769664460.1045246, "step": 210, "max_steps": 819, "loss": 6.133856296539307, "elapsed_time": 21.59592056274414, "prnt": false}
{"event": "training_step", "timestamp": 1769664460.1970923, "step": 211, "max_steps": 819, "loss": 6.192335605621338, "elapsed_time": 21.688374757766724, "prnt": false}
{"event": "training_step", "timestamp": 1769664460.2894142, "step": 212, "max_steps": 819, "loss": 6.132619380950928, "elapsed_time": 21.781031847000122, "prnt": false}
{"event": "training_step", "timestamp": 1769664460.381933, "step": 213, "max_steps": 819, "loss": 6.19833517074585, "elapsed_time": 21.873330116271973, "prnt": false}
{"event": "training_step", "timestamp": 1769664460.4747446, "step": 214, "max_steps": 819, "loss": 6.1728901863098145, "elapsed_time": 21.9666428565979, "prnt": false}
{"event": "training_step", "timestamp": 1769664460.5671675, "step": 215, "max_steps": 819, "loss": 6.193471908569336, "elapsed_time": 22.05871033668518, "prnt": false}
{"event": "training_step", "timestamp": 1769664460.6597543, "step": 216, "max_steps": 819, "loss": 6.201596260070801, "elapsed_time": 22.151118755340576, "prnt": false}
{"event": "training_step", "timestamp": 1769664460.7523425, "step": 217, "max_steps": 819, "loss": 6.222937107086182, "elapsed_time": 22.243659496307373, "prnt": false}
{"event": "training_step", "timestamp": 1769664460.8449554, "step": 218, "max_steps": 819, "loss": 6.150589942932129, "elapsed_time": 22.33626914024353, "prnt": false}
{"event": "training_step", "timestamp": 1769664460.9374816, "step": 219, "max_steps": 819, "loss": 6.152645111083984, "elapsed_time": 22.4288547039032, "prnt": false}
{"event": "training_step", "timestamp": 1769664461.0300868, "step": 220, "max_steps": 819, "loss": 6.162630558013916, "elapsed_time": 22.52145504951477, "prnt": false}
{"event": "training_step", "timestamp": 1769664461.1225476, "step": 221, "max_steps": 819, "loss": 6.156108856201172, "elapsed_time": 22.613950490951538, "prnt": false}
{"event": "training_step", "timestamp": 1769664461.2152867, "step": 222, "max_steps": 819, "loss": 6.203103065490723, "elapsed_time": 22.706579208374023, "prnt": false}
{"event": "training_step", "timestamp": 1769664461.3077185, "step": 223, "max_steps": 819, "loss": 6.166114807128906, "elapsed_time": 22.79908275604248, "prnt": false}
{"event": "training_step", "timestamp": 1769664461.4004836, "step": 224, "max_steps": 819, "loss": 6.151849746704102, "elapsed_time": 22.891708850860596, "prnt": false}
{"event": "training_step", "timestamp": 1769664461.4929924, "step": 225, "max_steps": 819, "loss": 6.225698471069336, "elapsed_time": 22.98433756828308, "prnt": false}
{"event": "training_step", "timestamp": 1769664461.5855727, "step": 226, "max_steps": 819, "loss": 6.157443523406982, "elapsed_time": 23.077033758163452, "prnt": false}
{"event": "training_step", "timestamp": 1769664461.6782362, "step": 227, "max_steps": 819, "loss": 6.141116619110107, "elapsed_time": 23.169557809829712, "prnt": false}
{"event": "training_step", "timestamp": 1769664461.771007, "step": 228, "max_steps": 819, "loss": 6.115555286407471, "elapsed_time": 23.262206315994263, "prnt": false}
{"event": "training_step", "timestamp": 1769664461.8636408, "step": 229, "max_steps": 819, "loss": 6.170721054077148, "elapsed_time": 23.354824781417847, "prnt": false}
{"event": "training_step", "timestamp": 1769664461.9562109, "step": 230, "max_steps": 819, "loss": 6.130410194396973, "elapsed_time": 23.447636127471924, "prnt": false}
{"event": "training_step", "timestamp": 1769664462.0486865, "step": 231, "max_steps": 819, "loss": 6.153154373168945, "elapsed_time": 23.54004740715027, "prnt": false}
{"event": "training_step", "timestamp": 1769664462.1414628, "step": 232, "max_steps": 819, "loss": 6.158620357513428, "elapsed_time": 23.632784128189087, "prnt": false}
{"event": "training_step", "timestamp": 1769664462.2340536, "step": 233, "max_steps": 819, "loss": 6.216100692749023, "elapsed_time": 23.725306749343872, "prnt": false}
{"event": "training_step", "timestamp": 1769664462.3266976, "step": 234, "max_steps": 819, "loss": 6.12073278427124, "elapsed_time": 23.818140506744385, "prnt": false}
{"event": "validation_step", "timestamp": 1769664462.6914122, "step": 234, "max_steps": 819, "loss": 1.1694514692420401, "elapsed_time": 23.818140506744385}
{"event": "training_step", "timestamp": 1769664462.7846363, "step": 235, "max_steps": 819, "loss": 6.094366073608398, "elapsed_time": 24.27618408203125, "prnt": false}
{"event": "training_step", "timestamp": 1769664462.8771818, "step": 236, "max_steps": 819, "loss": 6.0788116455078125, "elapsed_time": 24.36862301826477, "prnt": false}
{"event": "training_step", "timestamp": 1769664462.9696414, "step": 237, "max_steps": 819, "loss": 6.084733963012695, "elapsed_time": 24.46111035346985, "prnt": false}
{"event": "training_step", "timestamp": 1769664463.0621564, "step": 238, "max_steps": 819, "loss": 6.107181549072266, "elapsed_time": 24.553545713424683, "prnt": false}
{"event": "training_step", "timestamp": 1769664463.15473, "step": 239, "max_steps": 819, "loss": 6.143306732177734, "elapsed_time": 24.646265983581543, "prnt": false}
{"event": "training_step", "timestamp": 1769664463.2470393, "step": 240, "max_steps": 819, "loss": 6.0868024826049805, "elapsed_time": 24.738750219345093, "prnt": false}
{"event": "training_step", "timestamp": 1769664463.3396723, "step": 241, "max_steps": 819, "loss": 6.134316921234131, "elapsed_time": 24.83099055290222, "prnt": false}
{"event": "training_step", "timestamp": 1769664463.4323025, "step": 242, "max_steps": 819, "loss": 6.114687919616699, "elapsed_time": 24.92375612258911, "prnt": false}
{"event": "training_step", "timestamp": 1769664463.524789, "step": 243, "max_steps": 819, "loss": 6.1158366203308105, "elapsed_time": 25.016318798065186, "prnt": false}
{"event": "training_step", "timestamp": 1769664463.617207, "step": 244, "max_steps": 819, "loss": 6.07745885848999, "elapsed_time": 25.108766078948975, "prnt": false}
{"event": "training_step", "timestamp": 1769664463.7097392, "step": 245, "max_steps": 819, "loss": 6.036525249481201, "elapsed_time": 25.201202392578125, "prnt": false}
{"event": "training_step", "timestamp": 1769664463.8022878, "step": 246, "max_steps": 819, "loss": 6.10589075088501, "elapsed_time": 25.293512105941772, "prnt": false}
{"event": "training_step", "timestamp": 1769664463.8949165, "step": 247, "max_steps": 819, "loss": 6.126726150512695, "elapsed_time": 25.38652539253235, "prnt": false}
{"event": "training_step", "timestamp": 1769664463.9873314, "step": 248, "max_steps": 819, "loss": 6.0562520027160645, "elapsed_time": 25.478800058364868, "prnt": false}
{"event": "training_step", "timestamp": 1769664464.0800908, "step": 249, "max_steps": 819, "loss": 6.0392303466796875, "elapsed_time": 25.571410655975342, "prnt": false}
{"event": "training_step", "timestamp": 1769664464.172661, "step": 250, "max_steps": 819, "loss": 6.055980205535889, "elapsed_time": 25.663983821868896, "prnt": false}
{"event": "training_step", "timestamp": 1769664464.2655003, "step": 251, "max_steps": 819, "loss": 6.128785610198975, "elapsed_time": 25.75672459602356, "prnt": false}
{"event": "training_step", "timestamp": 1769664464.3582118, "step": 252, "max_steps": 819, "loss": 6.074604511260986, "elapsed_time": 25.849326372146606, "prnt": false}
{"event": "training_step", "timestamp": 1769664464.450828, "step": 253, "max_steps": 819, "loss": 6.105079650878906, "elapsed_time": 25.94311785697937, "prnt": false}
{"event": "training_step", "timestamp": 1769664464.5433645, "step": 254, "max_steps": 819, "loss": 6.125344753265381, "elapsed_time": 26.035114765167236, "prnt": false}
{"event": "training_step", "timestamp": 1769664464.635857, "step": 255, "max_steps": 819, "loss": 6.045829772949219, "elapsed_time": 26.127607107162476, "prnt": false}
{"event": "training_step", "timestamp": 1769664464.7283313, "step": 256, "max_steps": 819, "loss": 6.106775283813477, "elapsed_time": 26.219775915145874, "prnt": false}
{"event": "training_step", "timestamp": 1769664464.8209226, "step": 257, "max_steps": 819, "loss": 6.0245890617370605, "elapsed_time": 26.312334775924683, "prnt": false}
{"event": "training_step", "timestamp": 1769664464.9133978, "step": 258, "max_steps": 819, "loss": 5.968879222869873, "elapsed_time": 26.40477228164673, "prnt": false}
{"event": "training_step", "timestamp": 1769664465.0058384, "step": 259, "max_steps": 819, "loss": 6.058909893035889, "elapsed_time": 26.49731707572937, "prnt": false}
{"event": "training_step", "timestamp": 1769664465.0984354, "step": 260, "max_steps": 819, "loss": 6.1016387939453125, "elapsed_time": 26.589821338653564, "prnt": false}
{"event": "training_step", "timestamp": 1769664465.1909394, "step": 261, "max_steps": 819, "loss": 6.12598991394043, "elapsed_time": 26.682379961013794, "prnt": false}
{"event": "training_step", "timestamp": 1769664465.2834468, "step": 262, "max_steps": 819, "loss": 6.028479099273682, "elapsed_time": 26.77484631538391, "prnt": false}
{"event": "training_step", "timestamp": 1769664465.3759334, "step": 263, "max_steps": 819, "loss": 6.052732467651367, "elapsed_time": 26.867340564727783, "prnt": false}
{"event": "training_step", "timestamp": 1769664465.4685638, "step": 264, "max_steps": 819, "loss": 6.088592529296875, "elapsed_time": 26.95989227294922, "prnt": false}
{"event": "training_step", "timestamp": 1769664465.561444, "step": 265, "max_steps": 819, "loss": 6.0657854080200195, "elapsed_time": 27.052520990371704, "prnt": false}
{"event": "training_step", "timestamp": 1769664465.6541774, "step": 266, "max_steps": 819, "loss": 6.048920154571533, "elapsed_time": 27.145481824874878, "prnt": false}
{"event": "training_step", "timestamp": 1769664465.746587, "step": 267, "max_steps": 819, "loss": 6.08621883392334, "elapsed_time": 27.238322257995605, "prnt": false}
{"event": "training_step", "timestamp": 1769664465.8392346, "step": 268, "max_steps": 819, "loss": 6.015921115875244, "elapsed_time": 27.33060598373413, "prnt": false}
{"event": "training_step", "timestamp": 1769664465.931842, "step": 269, "max_steps": 819, "loss": 6.04771089553833, "elapsed_time": 27.423197031021118, "prnt": false}
{"event": "training_step", "timestamp": 1769664466.0243073, "step": 270, "max_steps": 819, "loss": 6.021933078765869, "elapsed_time": 27.51570415496826, "prnt": false}
{"event": "training_step", "timestamp": 1769664466.1169121, "step": 271, "max_steps": 819, "loss": 5.996696949005127, "elapsed_time": 27.608357906341553, "prnt": false}
{"event": "training_step", "timestamp": 1769664466.2093146, "step": 272, "max_steps": 819, "loss": 6.033017635345459, "elapsed_time": 27.700778007507324, "prnt": false}
{"event": "training_step", "timestamp": 1769664466.3019154, "step": 273, "max_steps": 819, "loss": 6.027157783508301, "elapsed_time": 27.79337739944458, "prnt": false}
{"event": "validation_step", "timestamp": 1769664466.665935, "step": 273, "max_steps": 819, "loss": 1.1604658257650469, "elapsed_time": 27.79337739944458}
{"event": "training_step", "timestamp": 1769664466.7586484, "step": 274, "max_steps": 819, "loss": 5.98709774017334, "elapsed_time": 28.250473022460938, "prnt": false}
{"event": "training_step", "timestamp": 1769664466.8513298, "step": 275, "max_steps": 819, "loss": 6.062212944030762, "elapsed_time": 28.342889070510864, "prnt": false}
{"event": "training_step", "timestamp": 1769664466.9437566, "step": 276, "max_steps": 819, "loss": 6.038265228271484, "elapsed_time": 28.43521213531494, "prnt": false}
{"event": "training_step", "timestamp": 1769664467.036432, "step": 277, "max_steps": 819, "loss": 6.0375142097473145, "elapsed_time": 28.52766752243042, "prnt": false}
{"event": "training_step", "timestamp": 1769664467.129124, "step": 278, "max_steps": 819, "loss": 5.984127521514893, "elapsed_time": 28.620296478271484, "prnt": false}
{"event": "training_step", "timestamp": 1769664467.2217157, "step": 279, "max_steps": 819, "loss": 5.995928764343262, "elapsed_time": 28.713221549987793, "prnt": false}
{"event": "training_step", "timestamp": 1769664467.3142877, "step": 280, "max_steps": 819, "loss": 6.001987457275391, "elapsed_time": 28.805513381958008, "prnt": false}
{"event": "training_step", "timestamp": 1769664467.4067876, "step": 281, "max_steps": 819, "loss": 5.9756760597229, "elapsed_time": 28.89839243888855, "prnt": false}
{"event": "training_step", "timestamp": 1769664467.4994266, "step": 282, "max_steps": 819, "loss": 5.945639610290527, "elapsed_time": 28.990696668624878, "prnt": false}
{"event": "training_step", "timestamp": 1769664467.5920804, "step": 283, "max_steps": 819, "loss": 6.0272932052612305, "elapsed_time": 29.08352780342102, "prnt": false}
{"event": "training_step", "timestamp": 1769664467.6845238, "step": 284, "max_steps": 819, "loss": 5.966826915740967, "elapsed_time": 29.176172018051147, "prnt": false}
{"event": "training_step", "timestamp": 1769664467.7772782, "step": 285, "max_steps": 819, "loss": 5.977726459503174, "elapsed_time": 29.268646955490112, "prnt": false}
{"event": "training_step", "timestamp": 1769664467.869734, "step": 286, "max_steps": 819, "loss": 6.063251972198486, "elapsed_time": 29.361119508743286, "prnt": false}
{"event": "training_step", "timestamp": 1769664467.962382, "step": 287, "max_steps": 819, "loss": 5.998241424560547, "elapsed_time": 29.453664541244507, "prnt": false}
{"event": "training_step", "timestamp": 1769664468.054822, "step": 288, "max_steps": 819, "loss": 6.071037292480469, "elapsed_time": 29.546252250671387, "prnt": false}
{"event": "training_step", "timestamp": 1769664468.1475272, "step": 289, "max_steps": 819, "loss": 5.9872283935546875, "elapsed_time": 29.638761281967163, "prnt": false}
{"event": "training_step", "timestamp": 1769664468.2401652, "step": 290, "max_steps": 819, "loss": 5.961658477783203, "elapsed_time": 29.73135280609131, "prnt": false}
{"event": "training_step", "timestamp": 1769664468.332954, "step": 291, "max_steps": 819, "loss": 5.996963977813721, "elapsed_time": 29.82412052154541, "prnt": false}
{"event": "training_step", "timestamp": 1769664468.425519, "step": 292, "max_steps": 819, "loss": 5.975818634033203, "elapsed_time": 29.916898727416992, "prnt": false}
{"event": "training_step", "timestamp": 1769664468.5184124, "step": 293, "max_steps": 819, "loss": 5.996621131896973, "elapsed_time": 30.009941577911377, "prnt": false}
{"event": "training_step", "timestamp": 1769664468.6110432, "step": 294, "max_steps": 819, "loss": 5.998851299285889, "elapsed_time": 30.102405071258545, "prnt": false}
{"event": "training_step", "timestamp": 1769664468.7037623, "step": 295, "max_steps": 819, "loss": 5.941349506378174, "elapsed_time": 30.19497585296631, "prnt": false}
{"event": "training_step", "timestamp": 1769664468.7964413, "step": 296, "max_steps": 819, "loss": 5.9373321533203125, "elapsed_time": 30.28763437271118, "prnt": false}
{"event": "training_step", "timestamp": 1769664468.8890977, "step": 297, "max_steps": 819, "loss": 5.936259746551514, "elapsed_time": 30.380399703979492, "prnt": false}
{"event": "training_step", "timestamp": 1769664468.9817846, "step": 298, "max_steps": 819, "loss": 5.993174076080322, "elapsed_time": 30.472960710525513, "prnt": false}
{"event": "training_step", "timestamp": 1769664469.0744724, "step": 299, "max_steps": 819, "loss": 5.982553958892822, "elapsed_time": 30.56574821472168, "prnt": false}
{"event": "training_step", "timestamp": 1769664469.1672115, "step": 300, "max_steps": 819, "loss": 6.039736270904541, "elapsed_time": 30.658453702926636, "prnt": false}
{"event": "training_step", "timestamp": 1769664469.2601116, "step": 301, "max_steps": 819, "loss": 5.953337669372559, "elapsed_time": 30.751232862472534, "prnt": false}
{"event": "training_step", "timestamp": 1769664469.3528173, "step": 302, "max_steps": 819, "loss": 5.927853584289551, "elapsed_time": 30.843944311141968, "prnt": false}
{"event": "training_step", "timestamp": 1769664469.4455938, "step": 303, "max_steps": 819, "loss": 5.954842567443848, "elapsed_time": 30.93694281578064, "prnt": false}
{"event": "training_step", "timestamp": 1769664469.5383747, "step": 304, "max_steps": 819, "loss": 5.947284698486328, "elapsed_time": 31.02947425842285, "prnt": false}
{"event": "training_step", "timestamp": 1769664469.6311533, "step": 305, "max_steps": 819, "loss": 5.940728187561035, "elapsed_time": 31.122478246688843, "prnt": false}
{"event": "training_step", "timestamp": 1769664469.7238474, "step": 306, "max_steps": 819, "loss": 5.9348602294921875, "elapsed_time": 31.21532440185547, "prnt": false}
{"event": "training_step", "timestamp": 1769664469.816725, "step": 307, "max_steps": 819, "loss": 5.9334259033203125, "elapsed_time": 31.30796194076538, "prnt": false}
{"event": "training_step", "timestamp": 1769664469.909389, "step": 308, "max_steps": 819, "loss": 6.01782751083374, "elapsed_time": 31.400593757629395, "prnt": false}
{"event": "training_step", "timestamp": 1769664470.0022523, "step": 309, "max_steps": 819, "loss": 5.919799327850342, "elapsed_time": 31.49354314804077, "prnt": false}
{"event": "training_step", "timestamp": 1769664470.094795, "step": 310, "max_steps": 819, "loss": 6.010893821716309, "elapsed_time": 31.586122512817383, "prnt": false}
{"event": "training_step", "timestamp": 1769664470.1876614, "step": 311, "max_steps": 819, "loss": 5.968388080596924, "elapsed_time": 31.67900562286377, "prnt": false}
{"event": "training_step", "timestamp": 1769664470.2803628, "step": 312, "max_steps": 819, "loss": 5.929920196533203, "elapsed_time": 31.77169132232666, "prnt": false}
{"event": "validation_step", "timestamp": 1769664470.6449976, "step": 312, "max_steps": 819, "loss": 1.1513157490002175, "elapsed_time": 31.77169132232666}
{"event": "training_step", "timestamp": 1769664470.7381294, "step": 313, "max_steps": 819, "loss": 5.822648525238037, "elapsed_time": 32.22958540916443, "prnt": false}
{"event": "training_step", "timestamp": 1769664470.8309608, "step": 314, "max_steps": 819, "loss": 5.933578014373779, "elapsed_time": 32.322104930877686, "prnt": false}
{"event": "training_step", "timestamp": 1769664470.9235802, "step": 315, "max_steps": 819, "loss": 5.878021240234375, "elapsed_time": 32.415016412734985, "prnt": false}
{"event": "training_step", "timestamp": 1769664471.0165253, "step": 316, "max_steps": 819, "loss": 5.878946304321289, "elapsed_time": 32.50771689414978, "prnt": false}
{"event": "training_step", "timestamp": 1769664471.1094158, "step": 317, "max_steps": 819, "loss": 5.985892295837402, "elapsed_time": 32.60055637359619, "prnt": false}
{"event": "training_step", "timestamp": 1769664471.2023563, "step": 318, "max_steps": 819, "loss": 5.929615497589111, "elapsed_time": 32.69342112541199, "prnt": false}
{"event": "training_step", "timestamp": 1769664471.2950487, "step": 319, "max_steps": 819, "loss": 5.88243293762207, "elapsed_time": 32.78639507293701, "prnt": false}
{"event": "training_step", "timestamp": 1769664471.3876812, "step": 320, "max_steps": 819, "loss": 5.836068630218506, "elapsed_time": 32.87911629676819, "prnt": false}
{"event": "training_step", "timestamp": 1769664471.480447, "step": 321, "max_steps": 819, "loss": 5.918453216552734, "elapsed_time": 32.971627712249756, "prnt": false}
{"event": "training_step", "timestamp": 1769664471.572953, "step": 322, "max_steps": 819, "loss": 5.941193103790283, "elapsed_time": 33.064536571502686, "prnt": false}
{"event": "training_step", "timestamp": 1769664471.6656315, "step": 323, "max_steps": 819, "loss": 5.972640514373779, "elapsed_time": 33.15716481208801, "prnt": false}
{"event": "training_step", "timestamp": 1769664471.7584312, "step": 324, "max_steps": 819, "loss": 5.923627853393555, "elapsed_time": 33.24968099594116, "prnt": false}
{"event": "training_step", "timestamp": 1769664471.8512845, "step": 325, "max_steps": 819, "loss": 5.92604923248291, "elapsed_time": 33.34242081642151, "prnt": false}
{"event": "training_step", "timestamp": 1769664471.9438047, "step": 326, "max_steps": 819, "loss": 5.881822109222412, "elapsed_time": 33.43514704704285, "prnt": false}
{"event": "training_step", "timestamp": 1769664472.036657, "step": 327, "max_steps": 819, "loss": 5.856107711791992, "elapsed_time": 33.52781701087952, "prnt": false}
{"event": "training_step", "timestamp": 1769664472.1296208, "step": 328, "max_steps": 819, "loss": 5.839227676391602, "elapsed_time": 33.620593786239624, "prnt": false}
{"event": "training_step", "timestamp": 1769664472.22239, "step": 329, "max_steps": 819, "loss": 5.8701934814453125, "elapsed_time": 33.71362543106079, "prnt": false}
{"event": "training_step", "timestamp": 1769664472.3151755, "step": 330, "max_steps": 819, "loss": 5.926980018615723, "elapsed_time": 33.80615711212158, "prnt": false}
{"event": "training_step", "timestamp": 1769664472.4079137, "step": 331, "max_steps": 819, "loss": 5.852849006652832, "elapsed_time": 33.89918661117554, "prnt": false}
{"event": "training_step", "timestamp": 1769664472.5008233, "step": 332, "max_steps": 819, "loss": 5.848089694976807, "elapsed_time": 33.9925901889801, "prnt": false}
{"event": "training_step", "timestamp": 1769664472.5936306, "step": 333, "max_steps": 819, "loss": 5.886943817138672, "elapsed_time": 34.08517909049988, "prnt": false}
{"event": "training_step", "timestamp": 1769664472.6867456, "step": 334, "max_steps": 819, "loss": 5.860030174255371, "elapsed_time": 34.178582191467285, "prnt": false}
{"event": "training_step", "timestamp": 1769664472.7799742, "step": 335, "max_steps": 819, "loss": 5.900999546051025, "elapsed_time": 34.27180314064026, "prnt": false}
{"event": "training_step", "timestamp": 1769664472.87292, "step": 336, "max_steps": 819, "loss": 5.867128372192383, "elapsed_time": 34.36487007141113, "prnt": false}
{"event": "training_step", "timestamp": 1769664472.9661021, "step": 337, "max_steps": 819, "loss": 5.8900146484375, "elapsed_time": 34.45817518234253, "prnt": false}
{"event": "training_step", "timestamp": 1769664473.0591354, "step": 338, "max_steps": 819, "loss": 5.851302146911621, "elapsed_time": 34.55061912536621, "prnt": false}
{"event": "training_step", "timestamp": 1769664473.1521065, "step": 339, "max_steps": 819, "loss": 5.890375137329102, "elapsed_time": 34.64356446266174, "prnt": false}
{"event": "training_step", "timestamp": 1769664473.245048, "step": 340, "max_steps": 819, "loss": 5.859004020690918, "elapsed_time": 34.73681926727295, "prnt": false}
{"event": "training_step", "timestamp": 1769664473.3381357, "step": 341, "max_steps": 819, "loss": 5.877965450286865, "elapsed_time": 34.829697370529175, "prnt": false}
{"event": "training_step", "timestamp": 1769664473.4320357, "step": 342, "max_steps": 819, "loss": 5.827512264251709, "elapsed_time": 34.92685627937317, "prnt": false}
{"event": "training_step", "timestamp": 1769664473.5249608, "step": 343, "max_steps": 819, "loss": 5.854270935058594, "elapsed_time": 35.01681995391846, "prnt": false}
{"event": "training_step", "timestamp": 1769664473.618037, "step": 344, "max_steps": 819, "loss": 5.855116367340088, "elapsed_time": 35.10957932472229, "prnt": false}
{"event": "training_step", "timestamp": 1769664473.7111113, "step": 345, "max_steps": 819, "loss": 5.8370280265808105, "elapsed_time": 35.20261526107788, "prnt": false}
{"event": "training_step", "timestamp": 1769664473.8039532, "step": 346, "max_steps": 819, "loss": 5.869778156280518, "elapsed_time": 35.295395612716675, "prnt": false}
{"event": "training_step", "timestamp": 1769664473.8972273, "step": 347, "max_steps": 819, "loss": 5.882176876068115, "elapsed_time": 35.388832569122314, "prnt": false}
{"event": "training_step", "timestamp": 1769664473.9901795, "step": 348, "max_steps": 819, "loss": 5.85723352432251, "elapsed_time": 35.481443881988525, "prnt": false}
{"event": "training_step", "timestamp": 1769664474.0832028, "step": 349, "max_steps": 819, "loss": 5.894043445587158, "elapsed_time": 35.57517170906067, "prnt": false}
{"event": "training_step", "timestamp": 1769664474.176219, "step": 350, "max_steps": 819, "loss": 5.840377330780029, "elapsed_time": 35.66794300079346, "prnt": false}
{"event": "training_step", "timestamp": 1769664474.2693925, "step": 351, "max_steps": 819, "loss": 5.766468524932861, "elapsed_time": 35.7610297203064, "prnt": false}
{"event": "validation_step", "timestamp": 1769664474.6347241, "step": 351, "max_steps": 819, "loss": 1.1442652946100802, "elapsed_time": 35.7610297203064}
{"event": "training_step", "timestamp": 1769664474.728569, "step": 352, "max_steps": 819, "loss": 5.797865867614746, "elapsed_time": 36.2196843624115, "prnt": false}
{"event": "training_step", "timestamp": 1769664474.8216088, "step": 353, "max_steps": 819, "loss": 5.842540264129639, "elapsed_time": 36.3133864402771, "prnt": false}
{"event": "training_step", "timestamp": 1769664474.914791, "step": 354, "max_steps": 819, "loss": 5.751630783081055, "elapsed_time": 36.406336307525635, "prnt": false}
{"event": "training_step", "timestamp": 1769664475.007697, "step": 355, "max_steps": 819, "loss": 5.72830057144165, "elapsed_time": 36.499244928359985, "prnt": false}
{"event": "training_step", "timestamp": 1769664475.1009047, "step": 356, "max_steps": 819, "loss": 5.8551154136657715, "elapsed_time": 36.59282183647156, "prnt": false}
{"event": "training_step", "timestamp": 1769664475.1940393, "step": 357, "max_steps": 819, "loss": 5.8040995597839355, "elapsed_time": 36.68570399284363, "prnt": false}
{"event": "training_step", "timestamp": 1769664475.2869349, "step": 358, "max_steps": 819, "loss": 5.816191673278809, "elapsed_time": 36.77830410003662, "prnt": false}
{"event": "training_step", "timestamp": 1769664475.3798063, "step": 359, "max_steps": 819, "loss": 5.84506893157959, "elapsed_time": 36.871119022369385, "prnt": false}
{"event": "training_step", "timestamp": 1769664475.472812, "step": 360, "max_steps": 819, "loss": 5.8556084632873535, "elapsed_time": 36.96444344520569, "prnt": false}
{"event": "training_step", "timestamp": 1769664475.5657427, "step": 361, "max_steps": 819, "loss": 5.838289737701416, "elapsed_time": 37.05739212036133, "prnt": false}
{"event": "training_step", "timestamp": 1769664475.6589355, "step": 362, "max_steps": 819, "loss": 5.8493194580078125, "elapsed_time": 37.15064358711243, "prnt": false}
{"event": "training_step", "timestamp": 1769664475.7527626, "step": 363, "max_steps": 819, "loss": 5.818115234375, "elapsed_time": 37.24693155288696, "prnt": false}
{"event": "training_step", "timestamp": 1769664475.8459165, "step": 364, "max_steps": 819, "loss": 5.795454025268555, "elapsed_time": 37.33760070800781, "prnt": false}
{"event": "training_step", "timestamp": 1769664475.9391184, "step": 365, "max_steps": 819, "loss": 5.813161373138428, "elapsed_time": 37.43072557449341, "prnt": false}
{"event": "training_step", "timestamp": 1769664476.0322866, "step": 366, "max_steps": 819, "loss": 5.8387298583984375, "elapsed_time": 37.523926734924316, "prnt": false}
{"event": "training_step", "timestamp": 1769664476.1251786, "step": 367, "max_steps": 819, "loss": 5.815675735473633, "elapsed_time": 37.61672067642212, "prnt": false}
{"event": "training_step", "timestamp": 1769664476.2183661, "step": 368, "max_steps": 819, "loss": 5.7922539710998535, "elapsed_time": 37.70994973182678, "prnt": false}
{"event": "training_step", "timestamp": 1769664476.3112445, "step": 369, "max_steps": 819, "loss": 5.729495525360107, "elapsed_time": 37.80259966850281, "prnt": false}
{"event": "training_step", "timestamp": 1769664476.4039779, "step": 370, "max_steps": 819, "loss": 5.825948715209961, "elapsed_time": 37.895041704177856, "prnt": false}
{"event": "training_step", "timestamp": 1769664476.4968407, "step": 371, "max_steps": 819, "loss": 5.859696865081787, "elapsed_time": 37.987624406814575, "prnt": false}
{"event": "training_step", "timestamp": 1769664476.590071, "step": 372, "max_steps": 819, "loss": 5.861210346221924, "elapsed_time": 38.08180642127991, "prnt": false}
{"event": "training_step", "timestamp": 1769664476.682903, "step": 373, "max_steps": 819, "loss": 5.724986553192139, "elapsed_time": 38.174580335617065, "prnt": false}
{"event": "training_step", "timestamp": 1769664476.7762032, "step": 374, "max_steps": 819, "loss": 5.817016124725342, "elapsed_time": 38.267889976501465, "prnt": false}
{"event": "training_step", "timestamp": 1769664476.8693545, "step": 375, "max_steps": 819, "loss": 5.757579326629639, "elapsed_time": 38.36059784889221, "prnt": false}
{"event": "training_step", "timestamp": 1769664476.9622545, "step": 376, "max_steps": 819, "loss": 5.856627464294434, "elapsed_time": 38.45327281951904, "prnt": false}
{"event": "training_step", "timestamp": 1769664477.0551326, "step": 377, "max_steps": 819, "loss": 5.709612846374512, "elapsed_time": 38.546011209487915, "prnt": false}
{"event": "training_step", "timestamp": 1769664477.1481032, "step": 378, "max_steps": 819, "loss": 5.731845855712891, "elapsed_time": 38.6390323638916, "prnt": false}
{"event": "training_step", "timestamp": 1769664477.2412875, "step": 379, "max_steps": 819, "loss": 5.77453088760376, "elapsed_time": 38.73286008834839, "prnt": false}
{"event": "training_step", "timestamp": 1769664477.3347085, "step": 380, "max_steps": 819, "loss": 5.75462532043457, "elapsed_time": 38.82629585266113, "prnt": false}
{"event": "training_step", "timestamp": 1769664477.4278095, "step": 381, "max_steps": 819, "loss": 5.7197675704956055, "elapsed_time": 38.91960525512695, "prnt": false}
{"event": "training_step", "timestamp": 1769664477.5211003, "step": 382, "max_steps": 819, "loss": 5.760181903839111, "elapsed_time": 39.012930154800415, "prnt": false}
{"event": "training_step", "timestamp": 1769664477.6143696, "step": 383, "max_steps": 819, "loss": 5.745815753936768, "elapsed_time": 39.10599613189697, "prnt": false}
{"event": "training_step", "timestamp": 1769664477.707638, "step": 384, "max_steps": 819, "loss": 5.699236869812012, "elapsed_time": 39.199222564697266, "prnt": false}
{"event": "training_step", "timestamp": 1769664477.8007815, "step": 385, "max_steps": 819, "loss": 5.785710334777832, "elapsed_time": 39.29223680496216, "prnt": false}
{"event": "training_step", "timestamp": 1769664477.893752, "step": 386, "max_steps": 819, "loss": 5.736008167266846, "elapsed_time": 39.384655475616455, "prnt": false}
{"event": "training_step", "timestamp": 1769664477.9864857, "step": 387, "max_steps": 819, "loss": 5.759634971618652, "elapsed_time": 39.47780156135559, "prnt": false}
{"event": "training_step", "timestamp": 1769664478.079368, "step": 388, "max_steps": 819, "loss": 5.819334506988525, "elapsed_time": 39.57022666931152, "prnt": false}
{"event": "training_step", "timestamp": 1769664478.1722043, "step": 389, "max_steps": 819, "loss": 5.750485420227051, "elapsed_time": 39.66345763206482, "prnt": false}
{"event": "training_step", "timestamp": 1769664478.2651563, "step": 390, "max_steps": 819, "loss": 5.753370761871338, "elapsed_time": 39.75596022605896, "prnt": false}
{"event": "validation_step", "timestamp": 1769664478.6307657, "step": 390, "max_steps": 819, "loss": 1.1390358883487137, "elapsed_time": 39.75596022605896}
{"event": "training_step", "timestamp": 1769664478.724028, "step": 391, "max_steps": 819, "loss": 5.814095973968506, "elapsed_time": 40.21501898765564, "prnt": false}
{"event": "training_step", "timestamp": 1769664478.8171754, "step": 392, "max_steps": 819, "loss": 5.795586585998535, "elapsed_time": 40.308149337768555, "prnt": false}
{"event": "training_step", "timestamp": 1769664478.9101014, "step": 393, "max_steps": 819, "loss": 5.78430700302124, "elapsed_time": 40.400896072387695, "prnt": false}
{"event": "training_step", "timestamp": 1769664479.002813, "step": 394, "max_steps": 819, "loss": 5.806412696838379, "elapsed_time": 40.49396634101868, "prnt": false}
{"event": "training_step", "timestamp": 1769664479.0957277, "step": 395, "max_steps": 819, "loss": 5.770740985870361, "elapsed_time": 40.586549520492554, "prnt": false}
{"event": "training_step", "timestamp": 1769664479.188855, "step": 396, "max_steps": 819, "loss": 5.746801376342773, "elapsed_time": 40.67956566810608, "prnt": false}
{"event": "training_step", "timestamp": 1769664479.2815397, "step": 397, "max_steps": 819, "loss": 5.7065935134887695, "elapsed_time": 40.7725191116333, "prnt": false}
{"event": "training_step", "timestamp": 1769664479.3744948, "step": 398, "max_steps": 819, "loss": 5.6945390701293945, "elapsed_time": 40.86531114578247, "prnt": false}
{"event": "training_step", "timestamp": 1769664479.4673474, "step": 399, "max_steps": 819, "loss": 5.779167175292969, "elapsed_time": 40.958122968673706, "prnt": false}
{"event": "training_step", "timestamp": 1769664479.560377, "step": 400, "max_steps": 819, "loss": 5.730922222137451, "elapsed_time": 41.05133104324341, "prnt": false}
{"event": "training_step", "timestamp": 1769664479.6532722, "step": 401, "max_steps": 819, "loss": 5.798720836639404, "elapsed_time": 41.144116163253784, "prnt": false}
{"event": "training_step", "timestamp": 1769664479.7461922, "step": 402, "max_steps": 819, "loss": 5.702895641326904, "elapsed_time": 41.237316846847534, "prnt": false}
{"event": "training_step", "timestamp": 1769664479.839051, "step": 403, "max_steps": 819, "loss": 5.716629505157471, "elapsed_time": 41.3298761844635, "prnt": false}
{"event": "training_step", "timestamp": 1769664479.9322832, "step": 404, "max_steps": 819, "loss": 5.758498668670654, "elapsed_time": 41.422839641571045, "prnt": false}
{"event": "training_step", "timestamp": 1769664480.0253458, "step": 405, "max_steps": 819, "loss": 5.752657413482666, "elapsed_time": 41.51627731323242, "prnt": false}
{"event": "training_step", "timestamp": 1769664480.118389, "step": 406, "max_steps": 819, "loss": 5.713588714599609, "elapsed_time": 41.60931348800659, "prnt": false}
{"event": "training_step", "timestamp": 1769664480.2112443, "step": 407, "max_steps": 819, "loss": 5.7396016120910645, "elapsed_time": 41.702248096466064, "prnt": false}
{"event": "training_step", "timestamp": 1769664480.304251, "step": 408, "max_steps": 819, "loss": 5.729126453399658, "elapsed_time": 41.79520893096924, "prnt": false}
{"event": "training_step", "timestamp": 1769664480.3971548, "step": 409, "max_steps": 819, "loss": 5.662721633911133, "elapsed_time": 41.888076066970825, "prnt": false}
{"event": "training_step", "timestamp": 1769664480.4901524, "step": 410, "max_steps": 819, "loss": 5.770615577697754, "elapsed_time": 41.98108124732971, "prnt": false}
{"event": "training_step", "timestamp": 1769664480.5830364, "step": 411, "max_steps": 819, "loss": 5.725977897644043, "elapsed_time": 42.074639320373535, "prnt": false}
{"event": "training_step", "timestamp": 1769664480.6761243, "step": 412, "max_steps": 819, "loss": 5.769233226776123, "elapsed_time": 42.1670868396759, "prnt": false}
{"event": "training_step", "timestamp": 1769664480.769055, "step": 413, "max_steps": 819, "loss": 5.72879695892334, "elapsed_time": 42.259984731674194, "prnt": false}
{"event": "training_step", "timestamp": 1769664480.8619013, "step": 414, "max_steps": 819, "loss": 5.716662406921387, "elapsed_time": 42.352972745895386, "prnt": false}
{"event": "training_step", "timestamp": 1769664480.9548628, "step": 415, "max_steps": 819, "loss": 5.667050838470459, "elapsed_time": 42.44577479362488, "prnt": false}
{"event": "training_step", "timestamp": 1769664481.0478046, "step": 416, "max_steps": 819, "loss": 5.66901159286499, "elapsed_time": 42.53887748718262, "prnt": false}
{"event": "training_step", "timestamp": 1769664481.140615, "step": 417, "max_steps": 819, "loss": 5.724134922027588, "elapsed_time": 42.63166809082031, "prnt": false}
{"event": "training_step", "timestamp": 1769664481.2336595, "step": 418, "max_steps": 819, "loss": 5.708311080932617, "elapsed_time": 42.724534034729004, "prnt": false}
{"event": "training_step", "timestamp": 1769664481.3266299, "step": 419, "max_steps": 819, "loss": 5.709508895874023, "elapsed_time": 42.81753182411194, "prnt": false}
{"event": "training_step", "timestamp": 1769664481.4196444, "step": 420, "max_steps": 819, "loss": 5.692194938659668, "elapsed_time": 42.91060829162598, "prnt": false}
{"event": "training_step", "timestamp": 1769664481.512596, "step": 421, "max_steps": 819, "loss": 5.734145164489746, "elapsed_time": 43.00346875190735, "prnt": false}
{"event": "training_step", "timestamp": 1769664481.6057212, "step": 422, "max_steps": 819, "loss": 5.695091724395752, "elapsed_time": 43.09687900543213, "prnt": false}
{"event": "training_step", "timestamp": 1769664481.698587, "step": 423, "max_steps": 819, "loss": 5.686683654785156, "elapsed_time": 43.189976930618286, "prnt": false}
{"event": "training_step", "timestamp": 1769664481.7916062, "step": 424, "max_steps": 819, "loss": 5.626816749572754, "elapsed_time": 43.28231883049011, "prnt": false}
{"event": "training_step", "timestamp": 1769664481.8843973, "step": 425, "max_steps": 819, "loss": 5.696462631225586, "elapsed_time": 43.37521052360535, "prnt": false}
{"event": "training_step", "timestamp": 1769664481.9774275, "step": 426, "max_steps": 819, "loss": 5.622180461883545, "elapsed_time": 43.468061685562134, "prnt": false}
{"event": "training_step", "timestamp": 1769664482.0701802, "step": 427, "max_steps": 819, "loss": 5.669173717498779, "elapsed_time": 43.56104302406311, "prnt": false}
{"event": "training_step", "timestamp": 1769664482.163012, "step": 428, "max_steps": 819, "loss": 5.677270412445068, "elapsed_time": 43.65387511253357, "prnt": false}
{"event": "training_step", "timestamp": 1769664482.2560449, "step": 429, "max_steps": 819, "loss": 5.631998062133789, "elapsed_time": 43.74679970741272, "prnt": false}
{"event": "validation_step", "timestamp": 1769664482.621483, "step": 429, "max_steps": 819, "loss": 1.1339835708500354, "elapsed_time": 43.74679970741272}
{"event": "training_step", "timestamp": 1769664482.7150812, "step": 430, "max_steps": 819, "loss": 5.7141194343566895, "elapsed_time": 44.20568609237671, "prnt": false}
{"event": "training_step", "timestamp": 1769664482.8082132, "step": 431, "max_steps": 819, "loss": 5.656278133392334, "elapsed_time": 44.29931616783142, "prnt": false}
{"event": "training_step", "timestamp": 1769664482.9012156, "step": 432, "max_steps": 819, "loss": 5.73970890045166, "elapsed_time": 44.39215540885925, "prnt": false}
{"event": "training_step", "timestamp": 1769664482.994254, "step": 433, "max_steps": 819, "loss": 5.660757541656494, "elapsed_time": 44.48516607284546, "prnt": false}
{"event": "training_step", "timestamp": 1769664483.0872433, "step": 434, "max_steps": 819, "loss": 5.657330513000488, "elapsed_time": 44.578089475631714, "prnt": false}
{"event": "training_step", "timestamp": 1769664483.1800225, "step": 435, "max_steps": 819, "loss": 5.644085884094238, "elapsed_time": 44.67096185684204, "prnt": false}
{"event": "training_step", "timestamp": 1769664483.2732124, "step": 436, "max_steps": 819, "loss": 5.636075019836426, "elapsed_time": 44.76377773284912, "prnt": false}
{"event": "training_step", "timestamp": 1769664483.3663433, "step": 437, "max_steps": 819, "loss": 5.643270492553711, "elapsed_time": 44.85689330101013, "prnt": false}
{"event": "training_step", "timestamp": 1769664483.4594135, "step": 438, "max_steps": 819, "loss": 5.640320301055908, "elapsed_time": 44.95003795623779, "prnt": false}
{"event": "training_step", "timestamp": 1769664483.5524223, "step": 439, "max_steps": 819, "loss": 5.716777324676514, "elapsed_time": 45.04304218292236, "prnt": false}
{"event": "training_step", "timestamp": 1769664483.645604, "step": 440, "max_steps": 819, "loss": 5.61749267578125, "elapsed_time": 45.13618803024292, "prnt": false}
{"event": "training_step", "timestamp": 1769664483.7386394, "step": 441, "max_steps": 819, "loss": 5.661507606506348, "elapsed_time": 45.22926306724548, "prnt": false}
{"event": "training_step", "timestamp": 1769664483.8317895, "step": 442, "max_steps": 819, "loss": 5.687536716461182, "elapsed_time": 45.32245111465454, "prnt": false}
{"event": "training_step", "timestamp": 1769664483.9249578, "step": 443, "max_steps": 819, "loss": 5.669373512268066, "elapsed_time": 45.415899991989136, "prnt": false}
{"event": "training_step", "timestamp": 1769664484.0181558, "step": 444, "max_steps": 819, "loss": 5.667139053344727, "elapsed_time": 45.509053230285645, "prnt": false}
{"event": "training_step", "timestamp": 1769664484.1112628, "step": 445, "max_steps": 819, "loss": 5.636108875274658, "elapsed_time": 45.60209918022156, "prnt": false}
{"event": "training_step", "timestamp": 1769664484.2042165, "step": 446, "max_steps": 819, "loss": 5.620853424072266, "elapsed_time": 45.695290327072144, "prnt": false}
{"event": "training_step", "timestamp": 1769664484.2972698, "step": 447, "max_steps": 819, "loss": 5.649098873138428, "elapsed_time": 45.78807353973389, "prnt": false}
{"event": "training_step", "timestamp": 1769664484.3898723, "step": 448, "max_steps": 819, "loss": 5.666691780090332, "elapsed_time": 45.88128399848938, "prnt": false}
{"event": "training_step", "timestamp": 1769664484.4827154, "step": 449, "max_steps": 819, "loss": 5.615029811859131, "elapsed_time": 45.97374415397644, "prnt": false}
{"event": "training_step", "timestamp": 1769664484.5761037, "step": 450, "max_steps": 819, "loss": 5.719689846038818, "elapsed_time": 46.0666823387146, "prnt": false}
{"event": "training_step", "timestamp": 1769664484.669111, "step": 451, "max_steps": 819, "loss": 5.635424613952637, "elapsed_time": 46.160581827163696, "prnt": false}
{"event": "training_step", "timestamp": 1769664484.7620623, "step": 452, "max_steps": 819, "loss": 5.605452060699463, "elapsed_time": 46.25329852104187, "prnt": false}
{"event": "training_step", "timestamp": 1769664484.8550835, "step": 453, "max_steps": 819, "loss": 5.630073070526123, "elapsed_time": 46.34605550765991, "prnt": false}
{"event": "training_step", "timestamp": 1769664484.9481635, "step": 454, "max_steps": 819, "loss": 5.609216213226318, "elapsed_time": 46.43905973434448, "prnt": false}
{"event": "training_step", "timestamp": 1769664485.0410476, "step": 455, "max_steps": 819, "loss": 5.701536655426025, "elapsed_time": 46.53203773498535, "prnt": false}
{"event": "training_step", "timestamp": 1769664485.1341846, "step": 456, "max_steps": 819, "loss": 5.657705307006836, "elapsed_time": 46.625133752822876, "prnt": false}
{"event": "training_step", "timestamp": 1769664485.2273958, "step": 457, "max_steps": 819, "loss": 5.637370586395264, "elapsed_time": 46.71805238723755, "prnt": false}
{"event": "training_step", "timestamp": 1769664485.3202882, "step": 458, "max_steps": 819, "loss": 5.601131439208984, "elapsed_time": 46.81136631965637, "prnt": false}
{"event": "training_step", "timestamp": 1769664485.4133916, "step": 459, "max_steps": 819, "loss": 5.62692403793335, "elapsed_time": 46.90407943725586, "prnt": false}
{"event": "training_step", "timestamp": 1769664485.5065162, "step": 460, "max_steps": 819, "loss": 5.607062816619873, "elapsed_time": 46.997297286987305, "prnt": false}
{"event": "training_step", "timestamp": 1769664485.5994413, "step": 461, "max_steps": 819, "loss": 5.61391544342041, "elapsed_time": 47.09039306640625, "prnt": false}
{"event": "training_step", "timestamp": 1769664485.6926582, "step": 462, "max_steps": 819, "loss": 5.590684413909912, "elapsed_time": 47.183359146118164, "prnt": false}
{"event": "training_step", "timestamp": 1769664485.7856236, "step": 463, "max_steps": 819, "loss": 5.640689373016357, "elapsed_time": 47.27657151222229, "prnt": false}
{"event": "training_step", "timestamp": 1769664485.8786628, "step": 464, "max_steps": 819, "loss": 5.6163649559021, "elapsed_time": 47.36957931518555, "prnt": false}
{"event": "training_step", "timestamp": 1769664485.9716728, "step": 465, "max_steps": 819, "loss": 5.685756683349609, "elapsed_time": 47.46253848075867, "prnt": false}
{"event": "training_step", "timestamp": 1769664486.0648413, "step": 466, "max_steps": 819, "loss": 5.583950042724609, "elapsed_time": 47.55571222305298, "prnt": false}
{"event": "training_step", "timestamp": 1769664486.1578157, "step": 467, "max_steps": 819, "loss": 5.605186462402344, "elapsed_time": 47.64867353439331, "prnt": false}
{"event": "training_step", "timestamp": 1769664486.250933, "step": 468, "max_steps": 819, "loss": 5.585014820098877, "elapsed_time": 47.74195885658264, "prnt": false}
{"event": "validation_step", "timestamp": 1769664486.6171432, "step": 468, "max_steps": 819, "loss": 1.1314632052029001, "elapsed_time": 47.74195885658264}
{"event": "training_step", "timestamp": 1769664486.7109025, "step": 469, "max_steps": 819, "loss": 5.618096351623535, "elapsed_time": 48.20190405845642, "prnt": false}
{"event": "training_step", "timestamp": 1769664486.8040926, "step": 470, "max_steps": 819, "loss": 5.663173198699951, "elapsed_time": 48.29488825798035, "prnt": false}
{"event": "training_step", "timestamp": 1769664486.8974152, "step": 471, "max_steps": 819, "loss": 5.648118019104004, "elapsed_time": 48.388327836990356, "prnt": false}
{"event": "training_step", "timestamp": 1769664486.9904504, "step": 472, "max_steps": 819, "loss": 5.605816841125488, "elapsed_time": 48.48143529891968, "prnt": false}
{"event": "training_step", "timestamp": 1769664487.0839114, "step": 473, "max_steps": 819, "loss": 5.620828628540039, "elapsed_time": 48.5745484828949, "prnt": false}
{"event": "training_step", "timestamp": 1769664487.1770687, "step": 474, "max_steps": 819, "loss": 5.6517438888549805, "elapsed_time": 48.66781282424927, "prnt": false}
{"event": "training_step", "timestamp": 1769664487.2701821, "step": 475, "max_steps": 819, "loss": 5.617193698883057, "elapsed_time": 48.76099610328674, "prnt": false}
{"event": "training_step", "timestamp": 1769664487.3632865, "step": 476, "max_steps": 819, "loss": 5.606863498687744, "elapsed_time": 48.85404396057129, "prnt": false}
{"event": "training_step", "timestamp": 1769664487.456508, "step": 477, "max_steps": 819, "loss": 5.653438568115234, "elapsed_time": 48.9471697807312, "prnt": false}
{"event": "training_step", "timestamp": 1769664487.5495796, "step": 478, "max_steps": 819, "loss": 5.571417331695557, "elapsed_time": 49.040374755859375, "prnt": false}
{"event": "training_step", "timestamp": 1769664487.6428924, "step": 479, "max_steps": 819, "loss": 5.485596656799316, "elapsed_time": 49.13381361961365, "prnt": false}
{"event": "training_step", "timestamp": 1769664487.7360764, "step": 480, "max_steps": 819, "loss": 5.544418811798096, "elapsed_time": 49.226725816726685, "prnt": false}
{"event": "training_step", "timestamp": 1769664487.8292475, "step": 481, "max_steps": 819, "loss": 5.620684623718262, "elapsed_time": 49.320021867752075, "prnt": false}
{"event": "training_step", "timestamp": 1769664487.9225044, "step": 482, "max_steps": 819, "loss": 5.5355987548828125, "elapsed_time": 49.413245677948, "prnt": false}
{"event": "training_step", "timestamp": 1769664488.0159485, "step": 483, "max_steps": 819, "loss": 5.57663631439209, "elapsed_time": 49.506545305252075, "prnt": false}
{"event": "training_step", "timestamp": 1769664488.1089046, "step": 484, "max_steps": 819, "loss": 5.608386993408203, "elapsed_time": 49.599793910980225, "prnt": false}
{"event": "training_step", "timestamp": 1769664488.2021708, "step": 485, "max_steps": 819, "loss": 5.611560344696045, "elapsed_time": 49.69309115409851, "prnt": false}
{"event": "training_step", "timestamp": 1769664488.2953868, "step": 486, "max_steps": 819, "loss": 5.53793478012085, "elapsed_time": 49.786009311676025, "prnt": false}
{"event": "training_step", "timestamp": 1769664488.3884614, "step": 487, "max_steps": 819, "loss": 5.548184394836426, "elapsed_time": 49.8794105052948, "prnt": false}
{"event": "training_step", "timestamp": 1769664488.4815555, "step": 488, "max_steps": 819, "loss": 5.526302337646484, "elapsed_time": 49.97229766845703, "prnt": false}
{"event": "training_step", "timestamp": 1769664488.5747833, "step": 489, "max_steps": 819, "loss": 5.618967533111572, "elapsed_time": 50.06568431854248, "prnt": false}
{"event": "training_step", "timestamp": 1769664488.6680462, "step": 490, "max_steps": 819, "loss": 5.627081871032715, "elapsed_time": 50.15938067436218, "prnt": false}
{"event": "training_step", "timestamp": 1769664488.7614424, "step": 491, "max_steps": 819, "loss": 5.631300926208496, "elapsed_time": 50.25231575965881, "prnt": false}
{"event": "training_step", "timestamp": 1769664488.854701, "step": 492, "max_steps": 819, "loss": 5.540525913238525, "elapsed_time": 50.34543299674988, "prnt": false}
{"event": "training_step", "timestamp": 1769664488.947819, "step": 493, "max_steps": 819, "loss": 5.585529327392578, "elapsed_time": 50.43859505653381, "prnt": false}
{"event": "training_step", "timestamp": 1769664489.040981, "step": 494, "max_steps": 819, "loss": 5.646430492401123, "elapsed_time": 50.53187894821167, "prnt": false}
{"event": "training_step", "timestamp": 1769664489.1343286, "step": 495, "max_steps": 819, "loss": 5.557058334350586, "elapsed_time": 50.62507128715515, "prnt": false}
{"event": "training_step", "timestamp": 1769664489.2274923, "step": 496, "max_steps": 819, "loss": 5.554723739624023, "elapsed_time": 50.71823310852051, "prnt": false}
{"event": "training_step", "timestamp": 1769664489.3206925, "step": 497, "max_steps": 819, "loss": 5.508633136749268, "elapsed_time": 50.81135654449463, "prnt": false}
{"event": "training_step", "timestamp": 1769664489.4140441, "step": 498, "max_steps": 819, "loss": 5.499770164489746, "elapsed_time": 50.90455985069275, "prnt": false}
{"event": "training_step", "timestamp": 1769664489.5071168, "step": 499, "max_steps": 819, "loss": 5.51272439956665, "elapsed_time": 50.99801325798035, "prnt": false}
{"event": "training_step", "timestamp": 1769664489.6002078, "step": 500, "max_steps": 819, "loss": 5.551124095916748, "elapsed_time": 51.09113550186157, "prnt": false}
{"event": "training_step", "timestamp": 1769664489.693467, "step": 501, "max_steps": 819, "loss": 5.545592784881592, "elapsed_time": 51.18407130241394, "prnt": false}
{"event": "training_step", "timestamp": 1769664489.7865055, "step": 502, "max_steps": 819, "loss": 5.585130214691162, "elapsed_time": 51.2772855758667, "prnt": false}
{"event": "training_step", "timestamp": 1769664489.8796918, "step": 503, "max_steps": 819, "loss": 5.498107433319092, "elapsed_time": 51.370495319366455, "prnt": false}
{"event": "training_step", "timestamp": 1769664489.9729295, "step": 504, "max_steps": 819, "loss": 5.546051979064941, "elapsed_time": 51.46355319023132, "prnt": false}
{"event": "training_step", "timestamp": 1769664490.0661736, "step": 505, "max_steps": 819, "loss": 5.535483360290527, "elapsed_time": 51.556925773620605, "prnt": false}
{"event": "training_step", "timestamp": 1769664490.1592326, "step": 506, "max_steps": 819, "loss": 5.518841743469238, "elapsed_time": 51.65002179145813, "prnt": false}
{"event": "training_step", "timestamp": 1769664490.2527282, "step": 507, "max_steps": 819, "loss": 5.559510707855225, "elapsed_time": 51.743292570114136, "prnt": false}
{"event": "validation_step", "timestamp": 1769664490.619291, "step": 507, "max_steps": 819, "loss": 1.1280170637400022, "elapsed_time": 51.743292570114136}
{"event": "training_step", "timestamp": 1769664490.712805, "step": 508, "max_steps": 819, "loss": 5.5338897705078125, "elapsed_time": 52.203608751297, "prnt": false}
{"event": "training_step", "timestamp": 1769664490.806073, "step": 509, "max_steps": 819, "loss": 5.568289756774902, "elapsed_time": 52.296884536743164, "prnt": false}
{"event": "training_step", "timestamp": 1769664490.8989732, "step": 510, "max_steps": 819, "loss": 5.507308483123779, "elapsed_time": 52.38985061645508, "prnt": false}
{"event": "training_step", "timestamp": 1769664490.992252, "step": 511, "max_steps": 819, "loss": 5.505643367767334, "elapsed_time": 52.48293924331665, "prnt": false}
{"event": "training_step", "timestamp": 1769664491.0855525, "step": 512, "max_steps": 819, "loss": 5.595054626464844, "elapsed_time": 52.57629609107971, "prnt": false}
{"event": "training_step", "timestamp": 1769664491.1786108, "step": 513, "max_steps": 819, "loss": 5.49472188949585, "elapsed_time": 52.66948223114014, "prnt": false}
{"event": "training_step", "timestamp": 1769664491.2717776, "step": 514, "max_steps": 819, "loss": 5.504638671875, "elapsed_time": 52.76249957084656, "prnt": false}
{"event": "training_step", "timestamp": 1769664491.365266, "step": 515, "max_steps": 819, "loss": 5.52415132522583, "elapsed_time": 52.85577178001404, "prnt": false}
{"event": "training_step", "timestamp": 1769664491.458286, "step": 516, "max_steps": 819, "loss": 5.512019157409668, "elapsed_time": 52.94905352592468, "prnt": false}
{"event": "training_step", "timestamp": 1769664491.551646, "step": 517, "max_steps": 819, "loss": 5.492455959320068, "elapsed_time": 53.04217457771301, "prnt": false}
{"event": "training_step", "timestamp": 1769664491.6449513, "step": 518, "max_steps": 819, "loss": 5.560872554779053, "elapsed_time": 53.13556146621704, "prnt": false}
{"event": "training_step", "timestamp": 1769664491.7380955, "step": 519, "max_steps": 819, "loss": 5.495180130004883, "elapsed_time": 53.228904008865356, "prnt": false}
{"event": "training_step", "timestamp": 1769664491.8312912, "step": 520, "max_steps": 819, "loss": 5.491519927978516, "elapsed_time": 53.32189178466797, "prnt": false}
{"event": "training_step", "timestamp": 1769664491.9245625, "step": 521, "max_steps": 819, "loss": 5.519811153411865, "elapsed_time": 53.415316343307495, "prnt": false}
{"event": "training_step", "timestamp": 1769664492.017675, "step": 522, "max_steps": 819, "loss": 5.4923224449157715, "elapsed_time": 53.50842237472534, "prnt": false}
{"event": "training_step", "timestamp": 1769664492.1110454, "step": 523, "max_steps": 819, "loss": 5.548187255859375, "elapsed_time": 53.60169291496277, "prnt": false}
{"event": "training_step", "timestamp": 1769664492.204139, "step": 524, "max_steps": 819, "loss": 5.439611911773682, "elapsed_time": 53.695186138153076, "prnt": false}
{"event": "training_step", "timestamp": 1769664492.2972808, "step": 525, "max_steps": 819, "loss": 5.498816967010498, "elapsed_time": 53.78808116912842, "prnt": false}
{"event": "training_step", "timestamp": 1769664492.3906133, "step": 526, "max_steps": 819, "loss": 5.532721519470215, "elapsed_time": 53.88126468658447, "prnt": false}
{"event": "training_step", "timestamp": 1769664492.4837608, "step": 527, "max_steps": 819, "loss": 5.50499963760376, "elapsed_time": 53.97455167770386, "prnt": false}
{"event": "training_step", "timestamp": 1769664492.5770988, "step": 528, "max_steps": 819, "loss": 5.45745849609375, "elapsed_time": 54.0676212310791, "prnt": false}
{"event": "training_step", "timestamp": 1769664492.6705756, "step": 529, "max_steps": 819, "loss": 5.522618293762207, "elapsed_time": 54.1615629196167, "prnt": false}
{"event": "training_step", "timestamp": 1769664492.7639728, "step": 530, "max_steps": 819, "loss": 5.487306118011475, "elapsed_time": 54.2547070980072, "prnt": false}
{"event": "training_step", "timestamp": 1769664492.857199, "step": 531, "max_steps": 819, "loss": 5.457556247711182, "elapsed_time": 54.34796929359436, "prnt": false}
{"event": "training_step", "timestamp": 1769664492.9506285, "step": 532, "max_steps": 819, "loss": 5.433780670166016, "elapsed_time": 54.44136881828308, "prnt": false}
{"event": "training_step", "timestamp": 1769664493.0440645, "step": 533, "max_steps": 819, "loss": 5.488442420959473, "elapsed_time": 54.53457951545715, "prnt": false}
{"event": "training_step", "timestamp": 1769664493.137159, "step": 534, "max_steps": 819, "loss": 5.509719371795654, "elapsed_time": 54.62827920913696, "prnt": false}
{"event": "training_step", "timestamp": 1769664493.2305195, "step": 535, "max_steps": 819, "loss": 5.434765338897705, "elapsed_time": 54.72112774848938, "prnt": false}
{"event": "training_step", "timestamp": 1769664493.3239372, "step": 536, "max_steps": 819, "loss": 5.514641761779785, "elapsed_time": 54.81442928314209, "prnt": false}
{"event": "training_step", "timestamp": 1769664493.4172676, "step": 537, "max_steps": 819, "loss": 5.5291523933410645, "elapsed_time": 54.90780329704285, "prnt": false}
{"event": "training_step", "timestamp": 1769664493.5105646, "step": 538, "max_steps": 819, "loss": 5.499609470367432, "elapsed_time": 55.001063108444214, "prnt": false}
{"event": "training_step", "timestamp": 1769664493.603521, "step": 539, "max_steps": 819, "loss": 5.511282444000244, "elapsed_time": 55.094584703445435, "prnt": false}
{"event": "training_step", "timestamp": 1769664493.6968312, "step": 540, "max_steps": 819, "loss": 5.522397041320801, "elapsed_time": 55.187928915023804, "prnt": false}
{"event": "training_step", "timestamp": 1769664493.790286, "step": 541, "max_steps": 819, "loss": 5.514951705932617, "elapsed_time": 55.280805826187134, "prnt": false}
{"event": "training_step", "timestamp": 1769664493.8830535, "step": 542, "max_steps": 819, "loss": 5.524237632751465, "elapsed_time": 55.37402391433716, "prnt": false}
{"event": "training_step", "timestamp": 1769664493.976371, "step": 543, "max_steps": 819, "loss": 5.518671035766602, "elapsed_time": 55.46710014343262, "prnt": false}
{"event": "training_step", "timestamp": 1769664494.0696983, "step": 544, "max_steps": 819, "loss": 5.538755893707275, "elapsed_time": 55.56035089492798, "prnt": false}
{"event": "training_step", "timestamp": 1769664494.1631541, "step": 545, "max_steps": 819, "loss": 5.455653667449951, "elapsed_time": 55.65390944480896, "prnt": false}
{"event": "training_step", "timestamp": 1769664494.2567115, "step": 546, "max_steps": 819, "loss": 5.474031448364258, "elapsed_time": 55.747108936309814, "prnt": false}
{"event": "validation_step", "timestamp": 1769664494.6237724, "step": 546, "max_steps": 819, "loss": 1.1271469851963756, "elapsed_time": 55.747108936309814}
{"event": "training_step", "timestamp": 1769664494.7176504, "step": 547, "max_steps": 819, "loss": 5.448032855987549, "elapsed_time": 56.20852780342102, "prnt": false}
{"event": "training_step", "timestamp": 1769664494.8110716, "step": 548, "max_steps": 819, "loss": 5.426096439361572, "elapsed_time": 56.30192685127258, "prnt": false}
{"event": "training_step", "timestamp": 1769664494.9043925, "step": 549, "max_steps": 819, "loss": 5.471517086029053, "elapsed_time": 56.39509868621826, "prnt": false}
{"event": "training_step", "timestamp": 1769664494.997501, "step": 550, "max_steps": 819, "loss": 5.4975996017456055, "elapsed_time": 56.488367557525635, "prnt": false}
{"event": "training_step", "timestamp": 1769664495.0908356, "step": 551, "max_steps": 819, "loss": 5.453624725341797, "elapsed_time": 56.58148384094238, "prnt": false}
{"event": "training_step", "timestamp": 1769664495.1839833, "step": 552, "max_steps": 819, "loss": 5.497808933258057, "elapsed_time": 56.67485284805298, "prnt": false}
{"event": "training_step", "timestamp": 1769664495.2771258, "step": 553, "max_steps": 819, "loss": 5.442552089691162, "elapsed_time": 56.767930030822754, "prnt": false}
{"event": "training_step", "timestamp": 1769664495.370435, "step": 554, "max_steps": 819, "loss": 5.394933223724365, "elapsed_time": 56.86118674278259, "prnt": false}
{"event": "training_step", "timestamp": 1769664495.4638903, "step": 555, "max_steps": 819, "loss": 5.457043647766113, "elapsed_time": 56.95436644554138, "prnt": false}
{"event": "training_step", "timestamp": 1769664495.5569787, "step": 556, "max_steps": 819, "loss": 5.518858432769775, "elapsed_time": 57.047924518585205, "prnt": false}
{"event": "training_step", "timestamp": 1769664495.6503332, "step": 557, "max_steps": 819, "loss": 5.4601593017578125, "elapsed_time": 57.14094614982605, "prnt": false}
{"event": "training_step", "timestamp": 1769664495.743728, "step": 558, "max_steps": 819, "loss": 5.464025497436523, "elapsed_time": 57.23433184623718, "prnt": false}
{"event": "training_step", "timestamp": 1769664495.8368871, "step": 559, "max_steps": 819, "loss": 5.464259624481201, "elapsed_time": 57.32776975631714, "prnt": false}
{"event": "training_step", "timestamp": 1769664495.930202, "step": 560, "max_steps": 819, "loss": 5.463762283325195, "elapsed_time": 57.420751094818115, "prnt": false}
{"event": "training_step", "timestamp": 1769664496.0236228, "step": 561, "max_steps": 819, "loss": 5.409768581390381, "elapsed_time": 57.514230489730835, "prnt": false}
{"event": "training_step", "timestamp": 1769664496.1168191, "step": 562, "max_steps": 819, "loss": 5.469389915466309, "elapsed_time": 57.60753512382507, "prnt": false}
{"event": "training_step", "timestamp": 1769664496.2102988, "step": 563, "max_steps": 819, "loss": 5.519109725952148, "elapsed_time": 57.70086121559143, "prnt": false}
{"event": "training_step", "timestamp": 1769664496.303526, "step": 564, "max_steps": 819, "loss": 5.521458625793457, "elapsed_time": 57.79416060447693, "prnt": false}
{"event": "training_step", "timestamp": 1769664496.3968446, "step": 565, "max_steps": 819, "loss": 5.44354248046875, "elapsed_time": 57.88772773742676, "prnt": false}
{"event": "training_step", "timestamp": 1769664496.4902484, "step": 566, "max_steps": 819, "loss": 5.435001850128174, "elapsed_time": 57.980711936950684, "prnt": false}
{"event": "training_step", "timestamp": 1769664496.5835922, "step": 567, "max_steps": 819, "loss": 5.409430980682373, "elapsed_time": 58.074506998062134, "prnt": false}
{"event": "training_step", "timestamp": 1769664496.676738, "step": 568, "max_steps": 819, "loss": 5.433255195617676, "elapsed_time": 58.16758322715759, "prnt": false}
{"event": "training_step", "timestamp": 1769664496.7704298, "step": 569, "max_steps": 819, "loss": 5.458332538604736, "elapsed_time": 58.261619329452515, "prnt": false}
{"event": "training_step", "timestamp": 1769664496.8638206, "step": 570, "max_steps": 819, "loss": 5.385247707366943, "elapsed_time": 58.3543746471405, "prnt": false}
{"event": "training_step", "timestamp": 1769664496.9570453, "step": 571, "max_steps": 819, "loss": 5.423418998718262, "elapsed_time": 58.44791889190674, "prnt": false}
{"event": "training_step", "timestamp": 1769664497.0503852, "step": 572, "max_steps": 819, "loss": 5.436879634857178, "elapsed_time": 58.54089951515198, "prnt": false}
{"event": "training_step", "timestamp": 1769664497.1438212, "step": 573, "max_steps": 819, "loss": 5.394253253936768, "elapsed_time": 58.63435220718384, "prnt": false}
{"event": "training_step", "timestamp": 1769664497.2369182, "step": 574, "max_steps": 819, "loss": 5.463504791259766, "elapsed_time": 58.727723121643066, "prnt": false}
{"event": "training_step", "timestamp": 1769664497.3303137, "step": 575, "max_steps": 819, "loss": 5.323914527893066, "elapsed_time": 58.82086539268494, "prnt": false}
{"event": "training_step", "timestamp": 1769664497.4237754, "step": 576, "max_steps": 819, "loss": 5.50929594039917, "elapsed_time": 58.91422438621521, "prnt": false}
{"event": "training_step", "timestamp": 1769664497.5169547, "step": 577, "max_steps": 819, "loss": 5.419866561889648, "elapsed_time": 59.00770306587219, "prnt": false}
{"event": "training_step", "timestamp": 1769664497.610236, "step": 578, "max_steps": 819, "loss": 5.426833629608154, "elapsed_time": 59.10082006454468, "prnt": false}
{"event": "training_step", "timestamp": 1769664497.7037244, "step": 579, "max_steps": 819, "loss": 5.379504680633545, "elapsed_time": 59.194257497787476, "prnt": false}
{"event": "training_step", "timestamp": 1769664497.7967978, "step": 580, "max_steps": 819, "loss": 5.425604343414307, "elapsed_time": 59.28754901885986, "prnt": false}
{"event": "training_step", "timestamp": 1769664497.890196, "step": 581, "max_steps": 819, "loss": 5.4539971351623535, "elapsed_time": 59.38070273399353, "prnt": false}
{"event": "training_step", "timestamp": 1769664497.9834993, "step": 582, "max_steps": 819, "loss": 5.439812660217285, "elapsed_time": 59.47422695159912, "prnt": false}
{"event": "training_step", "timestamp": 1769664498.076763, "step": 583, "max_steps": 819, "loss": 5.497365951538086, "elapsed_time": 59.56744861602783, "prnt": false}
{"event": "training_step", "timestamp": 1769664498.1701288, "step": 584, "max_steps": 819, "loss": 5.48776388168335, "elapsed_time": 59.66079664230347, "prnt": false}
{"event": "training_step", "timestamp": 1769664498.2634711, "step": 585, "max_steps": 819, "loss": 5.418868541717529, "elapsed_time": 59.75411891937256, "prnt": false}
{"event": "validation_step", "timestamp": 1769664498.6304736, "step": 585, "max_steps": 819, "loss": 1.1248118010779653, "elapsed_time": 59.75411891937256}
{"event": "training_step", "timestamp": 1769664498.724632, "step": 586, "max_steps": 819, "loss": 5.397992134094238, "elapsed_time": 60.215001821517944, "prnt": false}
{"event": "training_step", "timestamp": 1769664498.8179219, "step": 587, "max_steps": 819, "loss": 5.441031455993652, "elapsed_time": 60.308934688568115, "prnt": false}
{"event": "training_step", "timestamp": 1769664498.9112425, "step": 588, "max_steps": 819, "loss": 5.467552185058594, "elapsed_time": 60.40196251869202, "prnt": false}
{"event": "training_step", "timestamp": 1769664499.0046313, "step": 589, "max_steps": 819, "loss": 5.42232608795166, "elapsed_time": 60.495065689086914, "prnt": false}
{"event": "training_step", "timestamp": 1769664499.0977905, "step": 590, "max_steps": 819, "loss": 5.386990547180176, "elapsed_time": 60.58869290351868, "prnt": false}
{"event": "training_step", "timestamp": 1769664499.1910374, "step": 591, "max_steps": 819, "loss": 5.340987205505371, "elapsed_time": 60.68165707588196, "prnt": false}
{"event": "training_step", "timestamp": 1769664499.2843003, "step": 592, "max_steps": 819, "loss": 5.479604721069336, "elapsed_time": 60.7749879360199, "prnt": false}
{"event": "training_step", "timestamp": 1769664499.3773592, "step": 593, "max_steps": 819, "loss": 5.364314556121826, "elapsed_time": 60.868114948272705, "prnt": false}
{"event": "training_step", "timestamp": 1769664499.4707458, "step": 594, "max_steps": 819, "loss": 5.378401279449463, "elapsed_time": 60.96132230758667, "prnt": false}
{"event": "training_step", "timestamp": 1769664499.5639687, "step": 595, "max_steps": 819, "loss": 5.4089155197143555, "elapsed_time": 61.054590940475464, "prnt": false}
{"event": "training_step", "timestamp": 1769664499.6571634, "step": 596, "max_steps": 819, "loss": 5.516043186187744, "elapsed_time": 61.14802026748657, "prnt": false}
{"event": "training_step", "timestamp": 1769664499.7503939, "step": 597, "max_steps": 819, "loss": 5.391788005828857, "elapsed_time": 61.240989446640015, "prnt": false}
{"event": "training_step", "timestamp": 1769664499.843686, "step": 598, "max_steps": 819, "loss": 5.466247081756592, "elapsed_time": 61.33430361747742, "prnt": false}
{"event": "training_step", "timestamp": 1769664499.9367337, "step": 599, "max_steps": 819, "loss": 5.326399803161621, "elapsed_time": 61.42759323120117, "prnt": false}
{"event": "training_step", "timestamp": 1769664500.0300515, "step": 600, "max_steps": 819, "loss": 5.311557769775391, "elapsed_time": 61.52077341079712, "prnt": false}
{"event": "training_step", "timestamp": 1769664500.123516, "step": 601, "max_steps": 819, "loss": 5.388596534729004, "elapsed_time": 61.61387825012207, "prnt": false}
{"event": "training_step", "timestamp": 1769664500.2167852, "step": 602, "max_steps": 819, "loss": 5.428327560424805, "elapsed_time": 61.707616329193115, "prnt": false}
{"event": "training_step", "timestamp": 1769664500.3099864, "step": 603, "max_steps": 819, "loss": 5.457773208618164, "elapsed_time": 61.80056953430176, "prnt": false}
{"event": "training_step", "timestamp": 1769664500.403481, "step": 604, "max_steps": 819, "loss": 5.443422317504883, "elapsed_time": 61.893927812576294, "prnt": false}
{"event": "training_step", "timestamp": 1769664500.4965527, "step": 605, "max_steps": 819, "loss": 5.369982719421387, "elapsed_time": 61.987220287323, "prnt": false}
{"event": "training_step", "timestamp": 1769664500.5899823, "step": 606, "max_steps": 819, "loss": 5.358973979949951, "elapsed_time": 62.08050346374512, "prnt": false}
{"event": "training_step", "timestamp": 1769664500.6833243, "step": 607, "max_steps": 819, "loss": 5.416020393371582, "elapsed_time": 62.17377734184265, "prnt": false}
{"event": "training_step", "timestamp": 1769664500.77689, "step": 608, "max_steps": 819, "loss": 5.416800022125244, "elapsed_time": 62.26831316947937, "prnt": false}
{"event": "training_step", "timestamp": 1769664500.8702328, "step": 609, "max_steps": 819, "loss": 5.426502227783203, "elapsed_time": 62.36074876785278, "prnt": false}
{"event": "training_step", "timestamp": 1769664500.9636102, "step": 610, "max_steps": 819, "loss": 5.464213848114014, "elapsed_time": 62.454278230667114, "prnt": false}
{"event": "training_step", "timestamp": 1769664501.0568438, "step": 611, "max_steps": 819, "loss": 5.384891510009766, "elapsed_time": 62.54760551452637, "prnt": false}
{"event": "training_step", "timestamp": 1769664501.1502461, "step": 612, "max_steps": 819, "loss": 5.378430366516113, "elapsed_time": 62.6408429145813, "prnt": false}
{"event": "training_step", "timestamp": 1769664501.243504, "step": 613, "max_steps": 819, "loss": 5.321589946746826, "elapsed_time": 62.73415398597717, "prnt": false}
{"event": "training_step", "timestamp": 1769664501.3366377, "step": 614, "max_steps": 819, "loss": 5.371687412261963, "elapsed_time": 62.82747268676758, "prnt": false}
{"event": "training_step", "timestamp": 1769664501.4301805, "step": 615, "max_steps": 819, "loss": 5.31833028793335, "elapsed_time": 62.92063522338867, "prnt": false}
{"event": "training_step", "timestamp": 1769664501.5236123, "step": 616, "max_steps": 819, "loss": 5.384751796722412, "elapsed_time": 63.01413536071777, "prnt": false}
{"event": "training_step", "timestamp": 1769664501.6167955, "step": 617, "max_steps": 819, "loss": 5.441987037658691, "elapsed_time": 63.107489824295044, "prnt": false}
{"event": "training_step", "timestamp": 1769664501.710182, "step": 618, "max_steps": 819, "loss": 5.376833438873291, "elapsed_time": 63.200822591781616, "prnt": false}
{"event": "training_step", "timestamp": 1769664501.8035026, "step": 619, "max_steps": 819, "loss": 5.436868667602539, "elapsed_time": 63.29404544830322, "prnt": false}
{"event": "training_step", "timestamp": 1769664501.8968515, "step": 620, "max_steps": 819, "loss": 5.396956920623779, "elapsed_time": 63.387526988983154, "prnt": false}
{"event": "training_step", "timestamp": 1769664501.9901617, "step": 621, "max_steps": 819, "loss": 5.440677642822266, "elapsed_time": 63.48074555397034, "prnt": false}
{"event": "training_step", "timestamp": 1769664502.083659, "step": 622, "max_steps": 819, "loss": 5.363947868347168, "elapsed_time": 63.57411766052246, "prnt": false}
{"event": "training_step", "timestamp": 1769664502.1768765, "step": 623, "max_steps": 819, "loss": 5.282275676727295, "elapsed_time": 63.66742658615112, "prnt": false}
{"event": "training_step", "timestamp": 1769664502.2702737, "step": 624, "max_steps": 819, "loss": 5.374948024749756, "elapsed_time": 63.760847330093384, "prnt": false}
{"event": "validation_step", "timestamp": 1769664502.63752, "step": 624, "max_steps": 819, "loss": 1.1249891022299885, "elapsed_time": 63.760847330093384}
{"event": "training_step", "timestamp": 1769664502.7314417, "step": 625, "max_steps": 819, "loss": 5.398184299468994, "elapsed_time": 64.22242188453674, "prnt": false}
{"event": "training_step", "timestamp": 1769664502.825058, "step": 626, "max_steps": 819, "loss": 5.339899063110352, "elapsed_time": 64.31622624397278, "prnt": false}
{"event": "training_step", "timestamp": 1769664502.9185035, "step": 627, "max_steps": 819, "loss": 5.35502815246582, "elapsed_time": 64.40911054611206, "prnt": false}
{"event": "training_step", "timestamp": 1769664503.0119507, "step": 628, "max_steps": 819, "loss": 5.340024471282959, "elapsed_time": 64.50259399414062, "prnt": false}
{"event": "training_step", "timestamp": 1769664503.1053438, "step": 629, "max_steps": 819, "loss": 5.347777366638184, "elapsed_time": 64.59587812423706, "prnt": false}
{"event": "training_step", "timestamp": 1769664503.1988277, "step": 630, "max_steps": 819, "loss": 5.310035228729248, "elapsed_time": 64.68954253196716, "prnt": false}
{"event": "training_step", "timestamp": 1769664503.2921574, "step": 631, "max_steps": 819, "loss": 5.408987522125244, "elapsed_time": 64.78267788887024, "prnt": false}
{"event": "training_step", "timestamp": 1769664503.3856285, "step": 632, "max_steps": 819, "loss": 5.397525310516357, "elapsed_time": 64.87616682052612, "prnt": false}
{"event": "training_step", "timestamp": 1769664503.4788265, "step": 633, "max_steps": 819, "loss": 5.4018707275390625, "elapsed_time": 64.9694344997406, "prnt": false}
{"event": "training_step", "timestamp": 1769664503.5722642, "step": 634, "max_steps": 819, "loss": 5.357159614562988, "elapsed_time": 65.06276559829712, "prnt": false}
{"event": "training_step", "timestamp": 1769664503.6656606, "step": 635, "max_steps": 819, "loss": 5.375438690185547, "elapsed_time": 65.15625929832458, "prnt": false}
{"event": "training_step", "timestamp": 1769664503.7588813, "step": 636, "max_steps": 819, "loss": 5.322144508361816, "elapsed_time": 65.24964761734009, "prnt": false}
{"event": "training_step", "timestamp": 1769664503.8522503, "step": 637, "max_steps": 819, "loss": 5.34738826751709, "elapsed_time": 65.34265208244324, "prnt": false}
{"event": "training_step", "timestamp": 1769664503.9456677, "step": 638, "max_steps": 819, "loss": 5.364134788513184, "elapsed_time": 65.43629622459412, "prnt": false}
{"event": "training_step", "timestamp": 1769664504.038846, "step": 639, "max_steps": 819, "loss": 5.444443225860596, "elapsed_time": 65.52954053878784, "prnt": false}
{"event": "training_step", "timestamp": 1769664504.1322808, "step": 640, "max_steps": 819, "loss": 5.374472618103027, "elapsed_time": 65.62286114692688, "prnt": false}
{"event": "training_step", "timestamp": 1769664504.2256136, "step": 641, "max_steps": 819, "loss": 5.368443489074707, "elapsed_time": 65.71611166000366, "prnt": false}
{"event": "training_step", "timestamp": 1769664504.3189816, "step": 642, "max_steps": 819, "loss": 5.383916854858398, "elapsed_time": 65.80954909324646, "prnt": false}
{"event": "training_step", "timestamp": 1769664504.4123244, "step": 643, "max_steps": 819, "loss": 5.365427494049072, "elapsed_time": 65.90286421775818, "prnt": false}
{"event": "training_step", "timestamp": 1769664504.5056837, "step": 644, "max_steps": 819, "loss": 5.4245285987854, "elapsed_time": 65.99621510505676, "prnt": false}
{"event": "training_step", "timestamp": 1769664504.5991206, "step": 645, "max_steps": 819, "loss": 5.290717124938965, "elapsed_time": 66.08949947357178, "prnt": false}
{"event": "training_step", "timestamp": 1769664504.69257, "step": 646, "max_steps": 819, "loss": 5.340113162994385, "elapsed_time": 66.18309664726257, "prnt": false}
{"event": "training_step", "timestamp": 1769664504.78623, "step": 647, "max_steps": 819, "loss": 5.354305744171143, "elapsed_time": 66.27721619606018, "prnt": false}
{"event": "training_step", "timestamp": 1769664504.8798108, "step": 648, "max_steps": 819, "loss": 5.312922477722168, "elapsed_time": 66.37039017677307, "prnt": false}
{"event": "training_step", "timestamp": 1769664504.9731226, "step": 649, "max_steps": 819, "loss": 5.317793369293213, "elapsed_time": 66.46383452415466, "prnt": false}
{"event": "training_step", "timestamp": 1769664505.0667188, "step": 650, "max_steps": 819, "loss": 5.3980255126953125, "elapsed_time": 66.55720925331116, "prnt": false}
{"event": "training_step", "timestamp": 1769664505.1602552, "step": 651, "max_steps": 819, "loss": 5.326412677764893, "elapsed_time": 66.65079140663147, "prnt": false}
{"event": "training_step", "timestamp": 1769664505.2537136, "step": 652, "max_steps": 819, "loss": 5.324704647064209, "elapsed_time": 66.74432253837585, "prnt": false}
{"event": "training_step", "timestamp": 1769664505.3472192, "step": 653, "max_steps": 819, "loss": 5.352120399475098, "elapsed_time": 66.83757162094116, "prnt": false}
{"event": "training_step", "timestamp": 1769664505.4407105, "step": 654, "max_steps": 819, "loss": 5.419177055358887, "elapsed_time": 66.93119740486145, "prnt": false}
{"event": "training_step", "timestamp": 1769664505.5339665, "step": 655, "max_steps": 819, "loss": 5.291300296783447, "elapsed_time": 67.02454137802124, "prnt": false}
{"event": "training_step", "timestamp": 1769664505.6274595, "step": 656, "max_steps": 819, "loss": 5.389275074005127, "elapsed_time": 67.11811184883118, "prnt": false}
{"event": "training_step", "timestamp": 1769664505.7208047, "step": 657, "max_steps": 819, "loss": 5.432174205780029, "elapsed_time": 67.21128964424133, "prnt": false}
{"event": "training_step", "timestamp": 1769664505.8141992, "step": 658, "max_steps": 819, "loss": 5.42293643951416, "elapsed_time": 67.30494904518127, "prnt": false}
{"event": "training_step", "timestamp": 1769664505.907613, "step": 659, "max_steps": 819, "loss": 5.362884521484375, "elapsed_time": 67.39804220199585, "prnt": false}
{"event": "training_step", "timestamp": 1769664506.001035, "step": 660, "max_steps": 819, "loss": 5.358721733093262, "elapsed_time": 67.49155807495117, "prnt": false}
{"event": "training_step", "timestamp": 1769664506.0942287, "step": 661, "max_steps": 819, "loss": 5.359680652618408, "elapsed_time": 67.58489966392517, "prnt": false}
{"event": "training_step", "timestamp": 1769664506.1877291, "step": 662, "max_steps": 819, "loss": 5.390803813934326, "elapsed_time": 67.67825150489807, "prnt": false}
{"event": "training_step", "timestamp": 1769664506.2812123, "step": 663, "max_steps": 819, "loss": 5.3207573890686035, "elapsed_time": 67.77161121368408, "prnt": false}
{"event": "validation_step", "timestamp": 1769664506.6489048, "step": 663, "max_steps": 819, "loss": 1.1238113667490992, "elapsed_time": 67.77161121368408}
{"event": "training_step", "timestamp": 1769664506.742861, "step": 664, "max_steps": 819, "loss": 5.3052568435668945, "elapsed_time": 68.23356032371521, "prnt": false}
{"event": "training_step", "timestamp": 1769664506.8363476, "step": 665, "max_steps": 819, "loss": 5.358323097229004, "elapsed_time": 68.3275716304779, "prnt": false}
{"event": "training_step", "timestamp": 1769664506.9299018, "step": 666, "max_steps": 819, "loss": 5.371826171875, "elapsed_time": 68.42040276527405, "prnt": false}
{"event": "training_step", "timestamp": 1769664507.0231447, "step": 667, "max_steps": 819, "loss": 5.3301191329956055, "elapsed_time": 68.51377582550049, "prnt": false}
{"event": "training_step", "timestamp": 1769664507.1167238, "step": 668, "max_steps": 819, "loss": 5.3884453773498535, "elapsed_time": 68.60709476470947, "prnt": false}
{"event": "training_step", "timestamp": 1769664507.2101243, "step": 669, "max_steps": 819, "loss": 5.308927536010742, "elapsed_time": 68.70082879066467, "prnt": false}
{"event": "training_step", "timestamp": 1769664507.3033915, "step": 670, "max_steps": 819, "loss": 5.416711807250977, "elapsed_time": 68.79406118392944, "prnt": false}
{"event": "training_step", "timestamp": 1769664507.3967874, "step": 671, "max_steps": 819, "loss": 5.369566440582275, "elapsed_time": 68.88728189468384, "prnt": false}
{"event": "training_step", "timestamp": 1769664507.4902973, "step": 672, "max_steps": 819, "loss": 5.320651531219482, "elapsed_time": 68.98077392578125, "prnt": false}
{"event": "training_step", "timestamp": 1769664507.5835302, "step": 673, "max_steps": 819, "loss": 5.361408233642578, "elapsed_time": 69.07432532310486, "prnt": false}
{"event": "training_step", "timestamp": 1769664507.6770718, "step": 674, "max_steps": 819, "loss": 5.306471824645996, "elapsed_time": 69.16750526428223, "prnt": false}
{"event": "training_step", "timestamp": 1769664507.7704215, "step": 675, "max_steps": 819, "loss": 5.306150436401367, "elapsed_time": 69.26082682609558, "prnt": false}
{"event": "training_step", "timestamp": 1769664507.8636646, "step": 676, "max_steps": 819, "loss": 5.366616725921631, "elapsed_time": 69.35438680648804, "prnt": false}
{"event": "training_step", "timestamp": 1769664507.9573123, "step": 677, "max_steps": 819, "loss": 5.323224067687988, "elapsed_time": 69.44747567176819, "prnt": false}
{"event": "training_step", "timestamp": 1769664508.0507138, "step": 678, "max_steps": 819, "loss": 5.356138706207275, "elapsed_time": 69.54125547409058, "prnt": false}
{"event": "training_step", "timestamp": 1769664508.1438513, "step": 679, "max_steps": 819, "loss": 5.350984573364258, "elapsed_time": 69.63458061218262, "prnt": false}
{"event": "training_step", "timestamp": 1769664508.2374787, "step": 680, "max_steps": 819, "loss": 5.302120685577393, "elapsed_time": 69.72782969474792, "prnt": false}
{"event": "training_step", "timestamp": 1769664508.3307977, "step": 681, "max_steps": 819, "loss": 5.296844959259033, "elapsed_time": 69.82131338119507, "prnt": false}
{"event": "training_step", "timestamp": 1769664508.4240499, "step": 682, "max_steps": 819, "loss": 5.358543395996094, "elapsed_time": 69.91475462913513, "prnt": false}
{"event": "training_step", "timestamp": 1769664508.5175717, "step": 683, "max_steps": 819, "loss": 5.324783802032471, "elapsed_time": 70.0079333782196, "prnt": false}
{"event": "training_step", "timestamp": 1769664508.6111717, "step": 684, "max_steps": 819, "loss": 5.345225811004639, "elapsed_time": 70.1017632484436, "prnt": false}
{"event": "training_step", "timestamp": 1769664508.7044582, "step": 685, "max_steps": 819, "loss": 5.3666911125183105, "elapsed_time": 70.1950433254242, "prnt": false}
{"event": "training_step", "timestamp": 1769664508.7981691, "step": 686, "max_steps": 819, "loss": 5.39441442489624, "elapsed_time": 70.28880786895752, "prnt": false}
{"event": "training_step", "timestamp": 1769664508.891659, "step": 687, "max_steps": 819, "loss": 5.3164963722229, "elapsed_time": 70.38232398033142, "prnt": false}
{"event": "training_step", "timestamp": 1769664508.9849112, "step": 688, "max_steps": 819, "loss": 5.352988243103027, "elapsed_time": 70.47580170631409, "prnt": false}
{"event": "training_step", "timestamp": 1769664509.0784328, "step": 689, "max_steps": 819, "loss": 5.383512020111084, "elapsed_time": 70.56867861747742, "prnt": false}
{"event": "training_step", "timestamp": 1769664509.1718612, "step": 690, "max_steps": 819, "loss": 5.369715690612793, "elapsed_time": 70.66268610954285, "prnt": false}
{"event": "training_step", "timestamp": 1769664509.2652066, "step": 691, "max_steps": 819, "loss": 5.341304779052734, "elapsed_time": 70.75567674636841, "prnt": false}
{"event": "training_step", "timestamp": 1769664509.3588874, "step": 692, "max_steps": 819, "loss": 5.306583881378174, "elapsed_time": 70.84927821159363, "prnt": false}
{"event": "training_step", "timestamp": 1769664509.4522421, "step": 693, "max_steps": 819, "loss": 5.312844753265381, "elapsed_time": 70.94278907775879, "prnt": false}
{"event": "training_step", "timestamp": 1769664509.545756, "step": 694, "max_steps": 819, "loss": 5.328024864196777, "elapsed_time": 71.03623652458191, "prnt": false}
{"event": "training_step", "timestamp": 1769664509.6394596, "step": 695, "max_steps": 819, "loss": 5.363888740539551, "elapsed_time": 71.12959122657776, "prnt": false}
{"event": "training_step", "timestamp": 1769664509.7327561, "step": 696, "max_steps": 819, "loss": 5.34054708480835, "elapsed_time": 71.22337412834167, "prnt": false}
{"event": "training_step", "timestamp": 1769664509.8261404, "step": 697, "max_steps": 819, "loss": 5.2536115646362305, "elapsed_time": 71.3165557384491, "prnt": false}
{"event": "training_step", "timestamp": 1769664509.9199433, "step": 698, "max_steps": 819, "loss": 5.287728309631348, "elapsed_time": 71.41022562980652, "prnt": false}
{"event": "training_step", "timestamp": 1769664510.013234, "step": 699, "max_steps": 819, "loss": 5.326206207275391, "elapsed_time": 71.50387811660767, "prnt": false}
{"event": "training_step", "timestamp": 1769664510.1066535, "step": 700, "max_steps": 819, "loss": 5.327253341674805, "elapsed_time": 71.59712672233582, "prnt": false}
{"event": "training_step", "timestamp": 1769664510.200289, "step": 701, "max_steps": 819, "loss": 5.400990009307861, "elapsed_time": 71.69075298309326, "prnt": false}
{"event": "training_step", "timestamp": 1769664510.2934997, "step": 702, "max_steps": 819, "loss": 5.343661308288574, "elapsed_time": 71.7842161655426, "prnt": false}
{"event": "validation_step", "timestamp": 1769664510.6612954, "step": 702, "max_steps": 819, "loss": 1.1239303633668063, "elapsed_time": 71.7842161655426}
{"event": "training_step", "timestamp": 1769664510.7553284, "step": 703, "max_steps": 819, "loss": 5.31968879699707, "elapsed_time": 72.24555802345276, "prnt": false}
{"event": "training_step", "timestamp": 1769664510.848972, "step": 704, "max_steps": 819, "loss": 5.2888970375061035, "elapsed_time": 72.34023761749268, "prnt": false}
{"event": "training_step", "timestamp": 1769664510.9423378, "step": 705, "max_steps": 819, "loss": 5.328505039215088, "elapsed_time": 72.43308448791504, "prnt": false}
{"event": "training_step", "timestamp": 1769664511.0358696, "step": 706, "max_steps": 819, "loss": 5.274734020233154, "elapsed_time": 72.5261619091034, "prnt": false}
{"event": "training_step", "timestamp": 1769664511.1293738, "step": 707, "max_steps": 819, "loss": 5.329254150390625, "elapsed_time": 72.619802236557, "prnt": false}
{"event": "training_step", "timestamp": 1769664511.2227318, "step": 708, "max_steps": 819, "loss": 5.33123254776001, "elapsed_time": 72.71328926086426, "prnt": false}
{"event": "training_step", "timestamp": 1769664511.3165534, "step": 709, "max_steps": 819, "loss": 5.347762584686279, "elapsed_time": 72.80668449401855, "prnt": false}
{"event": "training_step", "timestamp": 1769664511.409909, "step": 710, "max_steps": 819, "loss": 5.266910552978516, "elapsed_time": 72.90048789978027, "prnt": false}
{"event": "training_step", "timestamp": 1769664511.5034766, "step": 711, "max_steps": 819, "loss": 5.334850788116455, "elapsed_time": 72.99476861953735, "prnt": false}
{"event": "training_step", "timestamp": 1769664511.5972302, "step": 712, "max_steps": 819, "loss": 5.305540561676025, "elapsed_time": 73.08773589134216, "prnt": false}
{"event": "training_step", "timestamp": 1769664511.690764, "step": 713, "max_steps": 819, "loss": 5.31230354309082, "elapsed_time": 73.18147540092468, "prnt": false}
{"event": "training_step", "timestamp": 1769664511.7839546, "step": 714, "max_steps": 819, "loss": 5.248719215393066, "elapsed_time": 73.27464962005615, "prnt": false}
{"event": "training_step", "timestamp": 1769664511.8776515, "step": 715, "max_steps": 819, "loss": 5.325959205627441, "elapsed_time": 73.36809468269348, "prnt": false}
{"event": "training_step", "timestamp": 1769664511.9711883, "step": 716, "max_steps": 819, "loss": 5.314116477966309, "elapsed_time": 73.46161341667175, "prnt": false}
{"event": "training_step", "timestamp": 1769664512.0645072, "step": 717, "max_steps": 819, "loss": 5.348924160003662, "elapsed_time": 73.55525374412537, "prnt": false}
{"event": "training_step", "timestamp": 1769664512.1575825, "step": 718, "max_steps": 819, "loss": 5.228706359863281, "elapsed_time": 73.6484375, "prnt": false}
{"event": "training_step", "timestamp": 1769664512.2511325, "step": 719, "max_steps": 819, "loss": 5.321249961853027, "elapsed_time": 73.74151563644409, "prnt": false}
{"event": "training_step", "timestamp": 1769664512.3444993, "step": 720, "max_steps": 819, "loss": 5.33909797668457, "elapsed_time": 73.83512210845947, "prnt": false}
{"event": "training_step", "timestamp": 1769664512.437596, "step": 721, "max_steps": 819, "loss": 5.30712366104126, "elapsed_time": 73.92852854728699, "prnt": false}
{"event": "training_step", "timestamp": 1769664512.5309768, "step": 722, "max_steps": 819, "loss": 5.346181392669678, "elapsed_time": 74.02134680747986, "prnt": false}
{"event": "training_step", "timestamp": 1769664512.6243918, "step": 723, "max_steps": 819, "loss": 5.372886657714844, "elapsed_time": 74.11497950553894, "prnt": false}
{"event": "training_step", "timestamp": 1769664512.717666, "step": 724, "max_steps": 819, "loss": 5.291472911834717, "elapsed_time": 74.20832586288452, "prnt": false}
{"event": "training_step", "timestamp": 1769664512.8113062, "step": 725, "max_steps": 819, "loss": 5.262511730194092, "elapsed_time": 74.30161213874817, "prnt": false}
{"event": "training_step", "timestamp": 1769664512.905019, "step": 726, "max_steps": 819, "loss": 5.292359828948975, "elapsed_time": 74.3955934047699, "prnt": false}
{"event": "training_step", "timestamp": 1769664512.998684, "step": 727, "max_steps": 819, "loss": 5.285598278045654, "elapsed_time": 74.48903203010559, "prnt": false}
{"event": "training_step", "timestamp": 1769664513.0920064, "step": 728, "max_steps": 819, "loss": 5.330252170562744, "elapsed_time": 74.58246850967407, "prnt": false}
{"event": "training_step", "timestamp": 1769664513.1855805, "step": 729, "max_steps": 819, "loss": 5.284562110900879, "elapsed_time": 74.67590475082397, "prnt": false}
{"event": "training_step", "timestamp": 1769664513.2790916, "step": 730, "max_steps": 819, "loss": 5.396539688110352, "elapsed_time": 74.76950716972351, "prnt": false}
{"event": "training_step", "timestamp": 1769664513.3724487, "step": 731, "max_steps": 819, "loss": 5.305788516998291, "elapsed_time": 74.86300349235535, "prnt": false}
{"event": "training_step", "timestamp": 1769664513.4658961, "step": 732, "max_steps": 819, "loss": 5.2422919273376465, "elapsed_time": 74.95624566078186, "prnt": false}
{"event": "training_step", "timestamp": 1769664513.5595, "step": 733, "max_steps": 819, "loss": 5.233388900756836, "elapsed_time": 75.04987168312073, "prnt": false}
{"event": "training_step", "timestamp": 1769664513.65275, "step": 734, "max_steps": 819, "loss": 5.300237655639648, "elapsed_time": 75.1434371471405, "prnt": false}
{"event": "training_step", "timestamp": 1769664513.7462964, "step": 735, "max_steps": 819, "loss": 5.306243419647217, "elapsed_time": 75.23683953285217, "prnt": false}
{"event": "training_step", "timestamp": 1769664513.839744, "step": 736, "max_steps": 819, "loss": 5.336973190307617, "elapsed_time": 75.33020544052124, "prnt": false}
{"event": "training_step", "timestamp": 1769664513.933124, "step": 737, "max_steps": 819, "loss": 5.264882564544678, "elapsed_time": 75.42366456985474, "prnt": false}
{"event": "training_step", "timestamp": 1769664514.0266602, "step": 738, "max_steps": 819, "loss": 5.365407943725586, "elapsed_time": 75.51699185371399, "prnt": false}
{"event": "training_step", "timestamp": 1769664514.1201344, "step": 739, "max_steps": 819, "loss": 5.2875657081604, "elapsed_time": 75.61064505577087, "prnt": false}
{"event": "training_step", "timestamp": 1769664514.2134397, "step": 740, "max_steps": 819, "loss": 5.3612470626831055, "elapsed_time": 75.70419478416443, "prnt": false}
{"event": "training_step", "timestamp": 1769664514.3069935, "step": 741, "max_steps": 819, "loss": 5.30649995803833, "elapsed_time": 75.79736423492432, "prnt": false}
{"event": "validation_step", "timestamp": 1769664514.6749296, "step": 741, "max_steps": 819, "loss": 1.1237316768058894, "elapsed_time": 75.79736423492432}
{"event": "training_step", "timestamp": 1769664514.7688196, "step": 742, "max_steps": 819, "loss": 5.249533176422119, "elapsed_time": 76.25903749465942, "prnt": false}
{"event": "training_step", "timestamp": 1769664514.8624759, "step": 743, "max_steps": 819, "loss": 5.254598617553711, "elapsed_time": 76.35354828834534, "prnt": false}
{"event": "training_step", "timestamp": 1769664514.9561439, "step": 744, "max_steps": 819, "loss": 5.2302656173706055, "elapsed_time": 76.44646406173706, "prnt": false}
{"event": "training_step", "timestamp": 1769664515.0497754, "step": 745, "max_steps": 819, "loss": 5.355456352233887, "elapsed_time": 76.5400140285492, "prnt": false}
{"event": "training_step", "timestamp": 1769664515.1430333, "step": 746, "max_steps": 819, "loss": 5.3686909675598145, "elapsed_time": 76.633718252182, "prnt": false}
{"event": "training_step", "timestamp": 1769664515.2367532, "step": 747, "max_steps": 819, "loss": 5.27182674407959, "elapsed_time": 76.72713208198547, "prnt": false}
{"event": "training_step", "timestamp": 1769664515.3303034, "step": 748, "max_steps": 819, "loss": 5.31590461730957, "elapsed_time": 76.82062530517578, "prnt": false}
{"event": "training_step", "timestamp": 1769664515.4237018, "step": 749, "max_steps": 819, "loss": 5.292807102203369, "elapsed_time": 76.91414880752563, "prnt": false}
{"event": "training_step", "timestamp": 1769664515.5166533, "step": 750, "max_steps": 819, "loss": 5.317789077758789, "elapsed_time": 77.00769281387329, "prnt": false}
{"event": "training_step", "timestamp": 1769664515.6102333, "step": 751, "max_steps": 819, "loss": 5.34718656539917, "elapsed_time": 77.10097074508667, "prnt": false}
{"event": "training_step", "timestamp": 1769664515.7038841, "step": 752, "max_steps": 819, "loss": 5.3660478591918945, "elapsed_time": 77.19427466392517, "prnt": false}
{"event": "training_step", "timestamp": 1769664515.797001, "step": 753, "max_steps": 819, "loss": 5.332336902618408, "elapsed_time": 77.2878110408783, "prnt": false}
{"event": "training_step", "timestamp": 1769664515.890359, "step": 754, "max_steps": 819, "loss": 5.2083282470703125, "elapsed_time": 77.38090944290161, "prnt": false}
{"event": "training_step", "timestamp": 1769664515.9838166, "step": 755, "max_steps": 819, "loss": 5.3056721687316895, "elapsed_time": 77.47427320480347, "prnt": false}
{"event": "training_step", "timestamp": 1769664516.0770836, "step": 756, "max_steps": 819, "loss": 5.305570602416992, "elapsed_time": 77.56775212287903, "prnt": false}
{"event": "training_step", "timestamp": 1769664516.170549, "step": 757, "max_steps": 819, "loss": 5.282764911651611, "elapsed_time": 77.66104936599731, "prnt": false}
{"event": "training_step", "timestamp": 1769664516.2638745, "step": 758, "max_steps": 819, "loss": 5.2953925132751465, "elapsed_time": 77.7545051574707, "prnt": false}
{"event": "training_step", "timestamp": 1769664516.3573632, "step": 759, "max_steps": 819, "loss": 5.300105571746826, "elapsed_time": 77.84781908988953, "prnt": false}
{"event": "training_step", "timestamp": 1769664516.4507186, "step": 760, "max_steps": 819, "loss": 5.320260524749756, "elapsed_time": 77.94127798080444, "prnt": false}
{"event": "training_step", "timestamp": 1769664516.5442467, "step": 761, "max_steps": 819, "loss": 5.365845680236816, "elapsed_time": 78.0346622467041, "prnt": false}
{"event": "training_step", "timestamp": 1769664516.637913, "step": 762, "max_steps": 819, "loss": 5.318742275238037, "elapsed_time": 78.12861323356628, "prnt": false}
{"event": "training_step", "timestamp": 1769664516.731328, "step": 763, "max_steps": 819, "loss": 5.365462303161621, "elapsed_time": 78.22182393074036, "prnt": false}
{"event": "training_step", "timestamp": 1769664516.8248467, "step": 764, "max_steps": 819, "loss": 5.212521076202393, "elapsed_time": 78.31507468223572, "prnt": false}
{"event": "training_step", "timestamp": 1769664516.9187348, "step": 765, "max_steps": 819, "loss": 5.240972995758057, "elapsed_time": 78.40941715240479, "prnt": false}
{"event": "training_step", "timestamp": 1769664517.0120645, "step": 766, "max_steps": 819, "loss": 5.237297058105469, "elapsed_time": 78.5027174949646, "prnt": false}
{"event": "training_step", "timestamp": 1769664517.1055644, "step": 767, "max_steps": 819, "loss": 5.27579927444458, "elapsed_time": 78.59608173370361, "prnt": false}
{"event": "training_step", "timestamp": 1769664517.1989462, "step": 768, "max_steps": 819, "loss": 5.348045825958252, "elapsed_time": 78.6894018650055, "prnt": false}
{"event": "training_step", "timestamp": 1769664517.29233, "step": 769, "max_steps": 819, "loss": 5.309025764465332, "elapsed_time": 78.78291535377502, "prnt": false}
{"event": "training_step", "timestamp": 1769664517.3857481, "step": 770, "max_steps": 819, "loss": 5.342925548553467, "elapsed_time": 78.87619376182556, "prnt": false}
{"event": "training_step", "timestamp": 1769664517.4792247, "step": 771, "max_steps": 819, "loss": 5.358310222625732, "elapsed_time": 78.96983885765076, "prnt": false}
{"event": "training_step", "timestamp": 1769664517.5724475, "step": 772, "max_steps": 819, "loss": 5.327101707458496, "elapsed_time": 79.06329441070557, "prnt": false}
{"event": "training_step", "timestamp": 1769664517.666027, "step": 773, "max_steps": 819, "loss": 5.305015563964844, "elapsed_time": 79.15647172927856, "prnt": false}
{"event": "training_step", "timestamp": 1769664517.7594671, "step": 774, "max_steps": 819, "loss": 5.2984113693237305, "elapsed_time": 79.24993109703064, "prnt": false}
{"event": "training_step", "timestamp": 1769664517.8528721, "step": 775, "max_steps": 819, "loss": 5.294920921325684, "elapsed_time": 79.34341597557068, "prnt": false}
{"event": "training_step", "timestamp": 1769664517.9462702, "step": 776, "max_steps": 819, "loss": 5.3066864013671875, "elapsed_time": 79.43670010566711, "prnt": false}
{"event": "training_step", "timestamp": 1769664518.0396414, "step": 777, "max_steps": 819, "loss": 5.25825834274292, "elapsed_time": 79.53022384643555, "prnt": false}
{"event": "training_step", "timestamp": 1769664518.1329544, "step": 778, "max_steps": 819, "loss": 5.27484130859375, "elapsed_time": 79.62348914146423, "prnt": false}
{"event": "training_step", "timestamp": 1769664518.2265532, "step": 779, "max_steps": 819, "loss": 5.336789131164551, "elapsed_time": 79.71710300445557, "prnt": false}
{"event": "training_step", "timestamp": 1769664518.3199182, "step": 780, "max_steps": 819, "loss": 5.260563373565674, "elapsed_time": 79.81046915054321, "prnt": false}
{"event": "validation_step", "timestamp": 1769664518.687879, "step": 780, "max_steps": 819, "loss": 1.1233281004507223, "elapsed_time": 79.81046915054321}
{"event": "training_step", "timestamp": 1769664518.7818854, "step": 781, "max_steps": 819, "loss": 5.3386030197143555, "elapsed_time": 80.27215623855591, "prnt": false}
{"event": "training_step", "timestamp": 1769664518.8754256, "step": 782, "max_steps": 819, "loss": 5.319318771362305, "elapsed_time": 80.36579847335815, "prnt": false}
{"event": "training_step", "timestamp": 1769664518.9692388, "step": 783, "max_steps": 819, "loss": 5.312983512878418, "elapsed_time": 80.46010661125183, "prnt": false}
{"event": "training_step", "timestamp": 1769664519.0627282, "step": 784, "max_steps": 819, "loss": 5.340850830078125, "elapsed_time": 80.55323934555054, "prnt": false}
{"event": "training_step", "timestamp": 1769664519.1565275, "step": 785, "max_steps": 819, "loss": 5.386155605316162, "elapsed_time": 80.64667510986328, "prnt": false}
{"event": "training_step", "timestamp": 1769664519.249906, "step": 786, "max_steps": 819, "loss": 5.281491279602051, "elapsed_time": 80.7404305934906, "prnt": false}
{"event": "training_step", "timestamp": 1769664519.3435426, "step": 787, "max_steps": 819, "loss": 5.294506549835205, "elapsed_time": 80.8338692188263, "prnt": false}
{"event": "training_step", "timestamp": 1769664519.437339, "step": 788, "max_steps": 819, "loss": 5.298025608062744, "elapsed_time": 80.92741870880127, "prnt": false}
{"event": "training_step", "timestamp": 1769664519.5306752, "step": 789, "max_steps": 819, "loss": 5.326472759246826, "elapsed_time": 81.02147912979126, "prnt": false}
{"event": "training_step", "timestamp": 1769664519.6241574, "step": 790, "max_steps": 819, "loss": 5.3157806396484375, "elapsed_time": 81.11457443237305, "prnt": false}
{"event": "training_step", "timestamp": 1769664519.7175846, "step": 791, "max_steps": 819, "loss": 5.286296367645264, "elapsed_time": 81.20807123184204, "prnt": false}
{"event": "training_step", "timestamp": 1769664519.8109128, "step": 792, "max_steps": 819, "loss": 5.289936542510986, "elapsed_time": 81.3014223575592, "prnt": false}
{"event": "training_step", "timestamp": 1769664519.904496, "step": 793, "max_steps": 819, "loss": 5.260378360748291, "elapsed_time": 81.39488315582275, "prnt": false}
{"event": "training_step", "timestamp": 1769664519.997932, "step": 794, "max_steps": 819, "loss": 5.2137370109558105, "elapsed_time": 81.4884204864502, "prnt": false}
{"event": "training_step", "timestamp": 1769664520.091452, "step": 795, "max_steps": 819, "loss": 5.265127658843994, "elapsed_time": 81.58195066452026, "prnt": false}
{"event": "training_step", "timestamp": 1769664520.185074, "step": 796, "max_steps": 819, "loss": 5.30998420715332, "elapsed_time": 81.67539834976196, "prnt": false}
{"event": "training_step", "timestamp": 1769664520.2786677, "step": 797, "max_steps": 819, "loss": 5.3391642570495605, "elapsed_time": 81.76895189285278, "prnt": false}
{"event": "training_step", "timestamp": 1769664520.3719687, "step": 798, "max_steps": 819, "loss": 5.3008012771606445, "elapsed_time": 81.86262679100037, "prnt": false}
{"event": "training_step", "timestamp": 1769664520.465508, "step": 799, "max_steps": 819, "loss": 5.270177364349365, "elapsed_time": 81.95593976974487, "prnt": false}
{"event": "training_step", "timestamp": 1769664520.5589254, "step": 800, "max_steps": 819, "loss": 5.293293476104736, "elapsed_time": 82.0493516921997, "prnt": false}
{"event": "training_step", "timestamp": 1769664520.6523323, "step": 801, "max_steps": 819, "loss": 5.3473052978515625, "elapsed_time": 82.14291834831238, "prnt": false}
{"event": "training_step", "timestamp": 1769664520.745852, "step": 802, "max_steps": 819, "loss": 5.343896865844727, "elapsed_time": 82.23615837097168, "prnt": false}
{"event": "training_step", "timestamp": 1769664520.839403, "step": 803, "max_steps": 819, "loss": 5.350163459777832, "elapsed_time": 82.32982683181763, "prnt": false}
{"event": "training_step", "timestamp": 1769664520.9329169, "step": 804, "max_steps": 819, "loss": 5.274345874786377, "elapsed_time": 82.42367887496948, "prnt": false}
{"event": "training_step", "timestamp": 1769664521.0265636, "step": 805, "max_steps": 819, "loss": 5.276185512542725, "elapsed_time": 82.51694560050964, "prnt": false}
{"event": "training_step", "timestamp": 1769664521.1200428, "step": 806, "max_steps": 819, "loss": 5.3579936027526855, "elapsed_time": 82.61044216156006, "prnt": false}
{"event": "training_step", "timestamp": 1769664521.213452, "step": 807, "max_steps": 819, "loss": 5.363558292388916, "elapsed_time": 82.70403671264648, "prnt": false}
{"event": "training_step", "timestamp": 1769664521.306947, "step": 808, "max_steps": 819, "loss": 5.356095790863037, "elapsed_time": 82.79735517501831, "prnt": false}
{"event": "training_step", "timestamp": 1769664521.4005427, "step": 809, "max_steps": 819, "loss": 5.31261682510376, "elapsed_time": 82.8908908367157, "prnt": false}
{"event": "training_step", "timestamp": 1769664521.4938521, "step": 810, "max_steps": 819, "loss": 5.304645538330078, "elapsed_time": 82.98436951637268, "prnt": false}
{"event": "training_step", "timestamp": 1769664521.5874166, "step": 811, "max_steps": 819, "loss": 5.244868278503418, "elapsed_time": 83.077791929245, "prnt": false}
{"event": "training_step", "timestamp": 1769664521.681195, "step": 812, "max_steps": 819, "loss": 5.324126720428467, "elapsed_time": 83.17167901992798, "prnt": false}
{"event": "training_step", "timestamp": 1769664521.774946, "step": 813, "max_steps": 819, "loss": 5.331247806549072, "elapsed_time": 83.26520252227783, "prnt": false}
{"event": "training_step", "timestamp": 1769664521.8684933, "step": 814, "max_steps": 819, "loss": 5.276100158691406, "elapsed_time": 83.35899925231934, "prnt": false}
{"event": "training_step", "timestamp": 1769664521.9620874, "step": 815, "max_steps": 819, "loss": 5.286312103271484, "elapsed_time": 83.45249366760254, "prnt": false}
{"event": "training_step", "timestamp": 1769664522.0558202, "step": 816, "max_steps": 819, "loss": 5.308109760284424, "elapsed_time": 83.54609847068787, "prnt": false}
{"event": "training_step", "timestamp": 1769664522.149342, "step": 817, "max_steps": 819, "loss": 5.309332847595215, "elapsed_time": 83.63967251777649, "prnt": false}
{"event": "training_step", "timestamp": 1769664522.2428951, "step": 818, "max_steps": 819, "loss": 5.304808616638184, "elapsed_time": 83.7333607673645, "prnt": false}
{"event": "training_step", "timestamp": 1769664522.3365867, "step": 819, "max_steps": 819, "loss": 5.3573222160339355, "elapsed_time": 83.82682418823242, "prnt": false}
{"event": "validation_step", "timestamp": 1769664522.7044787, "step": 819, "max_steps": 819, "loss": 1.123491383906642, "elapsed_time": 83.82682418823242}
