{"event": "hyperparameters_configured", "timestamp": 1769668887.134447, "block_size": 64, "vocab_size": 24000, "n_layer": 8, "n_head": 9, "d_model": 576, "dropout": 0.0, "mlp_ratio": 5.0, "activation": "gelu", "residual_scaling": true, "batch_size": 128, "lr": 0.0003, "weight_decay": 0.1, "evals_per_epoch": 3, "batch_mode": "random", "optimizer": "adamw", "scheduler": "warmup_cosine", "warmup_fraction": 0.05, "attention_type": "sparse", "attn_intermediate_dim": 288, "local_attn_ctx": 16, "normalizer": "lowercase", "pre_tokenizer": "whitespace", "eos_handling": "tokenize_append", "min_frequency": 2, "domain_tokens": true, "epochs": 7, "seed": 1337, "num_titles": 100000, "val_frac": 0.1, "log_file": "./logs/exp-sparse-b64.log"}
{"event": "device_info", "timestamp": 1769668887.1518264, "device": "cuda"}
{"event": "dataset_info", "timestamp": 1769668898.7096832, "titles_count": 90000, "epochs": 7, "batches_per_epoch": 117, "tokens_per_epoch": 965379, "vocab_size": 24000}
{"event": "model_info", "timestamp": 1769668899.1929626, "parameters_count": 45770112}
{"event": "training_step", "timestamp": 1769668899.845102, "step": 1, "max_steps": 819, "loss": 10.201848030090332, "elapsed_time": 0.2249917984008789, "learning_rate": 7.499999999999999e-06, "prnt": false}
{"event": "validation_result", "timestamp": 1769668900.175388, "step": 1, "max_steps": 819, "loss": 1.88050331526569, "elapsed_time": 0.2249917984008789}
{"event": "training_step", "timestamp": 1769668900.864316, "step": 2, "max_steps": 819, "loss": 10.196138381958008, "elapsed_time": 1.1728546619415283, "learning_rate": 1.4999999999999999e-05, "prnt": false}
{"event": "training_step", "timestamp": 1769668900.9443192, "step": 3, "max_steps": 819, "loss": 10.043599128723145, "elapsed_time": 1.2518556118011475, "learning_rate": 2.2499999999999998e-05, "prnt": false}
{"event": "training_step", "timestamp": 1769668901.0246966, "step": 4, "max_steps": 819, "loss": 9.769270896911621, "elapsed_time": 1.331930160522461, "learning_rate": 2.9999999999999997e-05, "prnt": false}
{"event": "training_step", "timestamp": 1769668901.1049807, "step": 5, "max_steps": 819, "loss": 9.491997718811035, "elapsed_time": 1.4119477272033691, "learning_rate": 3.75e-05, "prnt": false}
{"event": "training_step", "timestamp": 1769668901.1852589, "step": 6, "max_steps": 819, "loss": 9.291892051696777, "elapsed_time": 1.4923279285430908, "learning_rate": 4.4999999999999996e-05, "prnt": false}
{"event": "training_step", "timestamp": 1769668901.2652664, "step": 7, "max_steps": 819, "loss": 9.177623748779297, "elapsed_time": 1.572296380996704, "learning_rate": 5.2499999999999995e-05, "prnt": false}
{"event": "training_step", "timestamp": 1769668901.3455217, "step": 8, "max_steps": 819, "loss": 9.06102466583252, "elapsed_time": 1.6524882316589355, "learning_rate": 5.9999999999999995e-05, "prnt": false}
{"event": "training_step", "timestamp": 1769668901.4254827, "step": 9, "max_steps": 819, "loss": 9.018270492553711, "elapsed_time": 1.7327978610992432, "learning_rate": 6.75e-05, "prnt": false}
{"event": "training_step", "timestamp": 1769668901.5053682, "step": 10, "max_steps": 819, "loss": 8.951566696166992, "elapsed_time": 1.8127260208129883, "learning_rate": 7.5e-05, "prnt": false}
{"event": "training_step", "timestamp": 1769668901.585047, "step": 11, "max_steps": 819, "loss": 8.906731605529785, "elapsed_time": 1.892401933670044, "learning_rate": 8.25e-05, "prnt": false}
{"event": "training_step", "timestamp": 1769668901.6650617, "step": 12, "max_steps": 819, "loss": 8.847604751586914, "elapsed_time": 1.9722723960876465, "learning_rate": 8.999999999999999e-05, "prnt": false}
{"event": "training_step", "timestamp": 1769668901.7449503, "step": 13, "max_steps": 819, "loss": 8.806414604187012, "elapsed_time": 2.0521953105926514, "learning_rate": 9.75e-05, "prnt": false}
{"event": "training_step", "timestamp": 1769668901.824884, "step": 14, "max_steps": 819, "loss": 8.738302230834961, "elapsed_time": 2.132154941558838, "learning_rate": 0.00010499999999999999, "prnt": false}
{"event": "training_step", "timestamp": 1769668901.90518, "step": 15, "max_steps": 819, "loss": 8.712198257446289, "elapsed_time": 2.212022542953491, "learning_rate": 0.0001125, "prnt": false}
{"event": "training_step", "timestamp": 1769668901.9857419, "step": 16, "max_steps": 819, "loss": 8.61751651763916, "elapsed_time": 2.292282819747925, "learning_rate": 0.00011999999999999999, "prnt": false}
{"event": "training_step", "timestamp": 1769668902.0661025, "step": 17, "max_steps": 819, "loss": 8.553841590881348, "elapsed_time": 2.3728582859039307, "learning_rate": 0.00012749999999999998, "prnt": false}
{"event": "training_step", "timestamp": 1769668902.1465166, "step": 18, "max_steps": 819, "loss": 8.462896347045898, "elapsed_time": 2.4532241821289062, "learning_rate": 0.000135, "prnt": false}
{"event": "training_step", "timestamp": 1769668902.2268865, "step": 19, "max_steps": 819, "loss": 8.39986801147461, "elapsed_time": 2.533665180206299, "learning_rate": 0.0001425, "prnt": false}
{"event": "training_step", "timestamp": 1769668902.3075078, "step": 20, "max_steps": 819, "loss": 8.312024116516113, "elapsed_time": 2.6147327423095703, "learning_rate": 0.00015, "prnt": false}
{"event": "training_step", "timestamp": 1769668902.3877754, "step": 21, "max_steps": 819, "loss": 8.260098457336426, "elapsed_time": 2.694756269454956, "learning_rate": 0.00015749999999999998, "prnt": false}
{"event": "training_step", "timestamp": 1769668902.4678397, "step": 22, "max_steps": 819, "loss": 8.210880279541016, "elapsed_time": 2.7749133110046387, "learning_rate": 0.000165, "prnt": false}
{"event": "training_step", "timestamp": 1769668902.5480533, "step": 23, "max_steps": 819, "loss": 8.144221305847168, "elapsed_time": 2.854888916015625, "learning_rate": 0.00017249999999999996, "prnt": false}
{"event": "training_step", "timestamp": 1769668902.6282203, "step": 24, "max_steps": 819, "loss": 8.059664726257324, "elapsed_time": 2.9353044033050537, "learning_rate": 0.00017999999999999998, "prnt": false}
{"event": "training_step", "timestamp": 1769668902.7082243, "step": 25, "max_steps": 819, "loss": 7.948397636413574, "elapsed_time": 3.0154170989990234, "learning_rate": 0.00018749999999999998, "prnt": false}
{"event": "training_step", "timestamp": 1769668902.7886722, "step": 26, "max_steps": 819, "loss": 7.894615173339844, "elapsed_time": 3.0967464447021484, "learning_rate": 0.000195, "prnt": false}
{"event": "training_step", "timestamp": 1769668902.8687246, "step": 27, "max_steps": 819, "loss": 7.844151973724365, "elapsed_time": 3.1761281490325928, "learning_rate": 0.0002025, "prnt": false}
{"event": "training_step", "timestamp": 1769668902.9491215, "step": 28, "max_steps": 819, "loss": 7.715071201324463, "elapsed_time": 3.256361246109009, "learning_rate": 0.00020999999999999998, "prnt": false}
{"event": "training_step", "timestamp": 1769668903.0291736, "step": 29, "max_steps": 819, "loss": 7.655414581298828, "elapsed_time": 3.3362045288085938, "learning_rate": 0.00021749999999999997, "prnt": false}
{"event": "training_step", "timestamp": 1769668903.1091866, "step": 30, "max_steps": 819, "loss": 7.624486446380615, "elapsed_time": 3.4163105487823486, "learning_rate": 0.000225, "prnt": false}
{"event": "training_step", "timestamp": 1769668903.1892185, "step": 31, "max_steps": 819, "loss": 7.52561092376709, "elapsed_time": 3.4963371753692627, "learning_rate": 0.00023249999999999999, "prnt": false}
{"event": "training_step", "timestamp": 1769668903.2694488, "step": 32, "max_steps": 819, "loss": 7.393690586090088, "elapsed_time": 3.5764284133911133, "learning_rate": 0.00023999999999999998, "prnt": false}
{"event": "training_step", "timestamp": 1769668903.3494978, "step": 33, "max_steps": 819, "loss": 7.376219272613525, "elapsed_time": 3.6566290855407715, "learning_rate": 0.00024749999999999994, "prnt": false}
{"event": "training_step", "timestamp": 1769668903.4296286, "step": 34, "max_steps": 819, "loss": 7.284199237823486, "elapsed_time": 3.7366812229156494, "learning_rate": 0.00025499999999999996, "prnt": false}
{"event": "training_step", "timestamp": 1769668903.5096514, "step": 35, "max_steps": 819, "loss": 7.296686172485352, "elapsed_time": 3.816721200942993, "learning_rate": 0.0002625, "prnt": false}
{"event": "training_step", "timestamp": 1769668903.5898387, "step": 36, "max_steps": 819, "loss": 7.1993727684021, "elapsed_time": 3.8968851566314697, "learning_rate": 0.00027, "prnt": false}
{"event": "training_step", "timestamp": 1769668903.6699164, "step": 37, "max_steps": 819, "loss": 7.120992183685303, "elapsed_time": 3.977015972137451, "learning_rate": 0.00027749999999999997, "prnt": false}
{"event": "training_step", "timestamp": 1769668903.7500708, "step": 38, "max_steps": 819, "loss": 7.115535736083984, "elapsed_time": 4.0573225021362305, "learning_rate": 0.000285, "prnt": false}
{"event": "training_step", "timestamp": 1769668903.8301325, "step": 39, "max_steps": 819, "loss": 7.106443881988525, "elapsed_time": 4.137182712554932, "learning_rate": 0.00029249999999999995, "prnt": false}
{"event": "validation_result", "timestamp": 1769668904.1597643, "step": 39, "max_steps": 819, "loss": 1.3069189136188846, "elapsed_time": 4.137182712554932}
{"event": "training_step", "timestamp": 1769668905.1829185, "step": 40, "max_steps": 819, "loss": 7.1180291175842285, "elapsed_time": 5.490844964981079, "learning_rate": 0.0003, "prnt": false}
{"event": "training_step", "timestamp": 1769668905.2630177, "step": 41, "max_steps": 819, "loss": 7.0243730545043945, "elapsed_time": 5.57017183303833, "learning_rate": 0.00029999878020877486, "prnt": false}
{"event": "training_step", "timestamp": 1769668905.3433068, "step": 42, "max_steps": 819, "loss": 7.027900218963623, "elapsed_time": 5.650117635726929, "learning_rate": 0.00029999512085493804, "prnt": false}
{"event": "training_step", "timestamp": 1769668905.4233096, "step": 43, "max_steps": 819, "loss": 6.978845596313477, "elapsed_time": 5.7304322719573975, "learning_rate": 0.00029998902199800483, "prnt": false}
{"event": "training_step", "timestamp": 1769668905.5035803, "step": 44, "max_steps": 819, "loss": 6.993425369262695, "elapsed_time": 5.81044340133667, "learning_rate": 0.0002999804837371663, "prnt": false}
{"event": "training_step", "timestamp": 1769668905.583877, "step": 45, "max_steps": 819, "loss": 6.997298717498779, "elapsed_time": 5.890692949295044, "learning_rate": 0.0002999695062112878, "prnt": false}
{"event": "training_step", "timestamp": 1769668905.664494, "step": 46, "max_steps": 819, "loss": 6.958528518676758, "elapsed_time": 5.971402406692505, "learning_rate": 0.0002999560895989064, "prnt": false}
{"event": "training_step", "timestamp": 1769668905.7446845, "step": 47, "max_steps": 819, "loss": 7.001505374908447, "elapsed_time": 6.051623582839966, "learning_rate": 0.00029994023411822844, "prnt": false}
{"event": "training_step", "timestamp": 1769668905.824867, "step": 48, "max_steps": 819, "loss": 6.996498107910156, "elapsed_time": 6.131788015365601, "learning_rate": 0.0002999219400271255, "prnt": false}
{"event": "training_step", "timestamp": 1769668905.9049938, "step": 49, "max_steps": 819, "loss": 6.959974765777588, "elapsed_time": 6.211916446685791, "learning_rate": 0.0002999012076231307, "prnt": false}
{"event": "training_step", "timestamp": 1769668905.9852493, "step": 50, "max_steps": 819, "loss": 6.816952228546143, "elapsed_time": 6.292112112045288, "learning_rate": 0.00029987803724343317, "prnt": false}
{"event": "training_step", "timestamp": 1769668906.06545, "step": 51, "max_steps": 819, "loss": 6.9301581382751465, "elapsed_time": 6.3723578453063965, "learning_rate": 0.0002998524292648735, "prnt": false}
{"event": "training_step", "timestamp": 1769668906.1457427, "step": 52, "max_steps": 819, "loss": 6.838912487030029, "elapsed_time": 6.452580213546753, "learning_rate": 0.0002998243841039367, "prnt": false}
{"event": "training_step", "timestamp": 1769668906.2261033, "step": 53, "max_steps": 819, "loss": 6.882791996002197, "elapsed_time": 6.532929420471191, "learning_rate": 0.0002997939022167461, "prnt": false}
{"event": "training_step", "timestamp": 1769668906.3066046, "step": 54, "max_steps": 819, "loss": 6.834716796875, "elapsed_time": 6.613682746887207, "learning_rate": 0.0002997609840990555, "prnt": false}
{"event": "training_step", "timestamp": 1769668906.3869796, "step": 55, "max_steps": 819, "loss": 6.8583807945251465, "elapsed_time": 6.693877935409546, "learning_rate": 0.0002997256302862413, "prnt": false}
{"event": "training_step", "timestamp": 1769668906.4673662, "step": 56, "max_steps": 819, "loss": 6.780242919921875, "elapsed_time": 6.774172067642212, "learning_rate": 0.00029968784135329376, "prnt": false}
{"event": "training_step", "timestamp": 1769668906.5476913, "step": 57, "max_steps": 819, "loss": 6.914854526519775, "elapsed_time": 6.8543596267700195, "learning_rate": 0.0002996476179148077, "prnt": false}
{"event": "training_step", "timestamp": 1769668906.6284378, "step": 58, "max_steps": 819, "loss": 6.8725714683532715, "elapsed_time": 6.935166120529175, "learning_rate": 0.0002996049606249724, "prnt": false}
{"event": "training_step", "timestamp": 1769668906.7087038, "step": 59, "max_steps": 819, "loss": 6.85441780090332, "elapsed_time": 7.015520334243774, "learning_rate": 0.000299559870177561, "prnt": false}
{"event": "training_step", "timestamp": 1769668906.7890267, "step": 60, "max_steps": 819, "loss": 6.82519006729126, "elapsed_time": 7.095930099487305, "learning_rate": 0.0002995123473059194, "prnt": false}
{"event": "training_step", "timestamp": 1769668906.8692713, "step": 61, "max_steps": 819, "loss": 6.8656325340271, "elapsed_time": 7.176179885864258, "learning_rate": 0.00029946239278295385, "prnt": false}
{"event": "training_step", "timestamp": 1769668906.9497159, "step": 62, "max_steps": 819, "loss": 6.83751106262207, "elapsed_time": 7.256389617919922, "learning_rate": 0.00029941000742111896, "prnt": false}
{"event": "training_step", "timestamp": 1769668907.0298655, "step": 63, "max_steps": 819, "loss": 6.779755592346191, "elapsed_time": 7.336801052093506, "learning_rate": 0.0002993551920724041, "prnt": false}
{"event": "training_step", "timestamp": 1769668907.1101117, "step": 64, "max_steps": 819, "loss": 6.79250431060791, "elapsed_time": 7.416903495788574, "learning_rate": 0.0002992979476283197, "prnt": false}
{"event": "training_step", "timestamp": 1769668907.1904151, "step": 65, "max_steps": 819, "loss": 6.777787685394287, "elapsed_time": 7.497298955917358, "learning_rate": 0.0002992382750198827, "prnt": false}
{"event": "training_step", "timestamp": 1769668907.2709088, "step": 66, "max_steps": 819, "loss": 6.7605299949646, "elapsed_time": 7.577581882476807, "learning_rate": 0.0002991761752176014, "prnt": false}
{"event": "training_step", "timestamp": 1769668907.3511636, "step": 67, "max_steps": 819, "loss": 6.759015083312988, "elapsed_time": 7.657923936843872, "learning_rate": 0.00029911164923145973, "prnt": false}
{"event": "training_step", "timestamp": 1769668907.4314413, "step": 68, "max_steps": 819, "loss": 6.7938737869262695, "elapsed_time": 7.7384984493255615, "learning_rate": 0.0002990446981109008, "prnt": false}
{"event": "training_step", "timestamp": 1769668907.511699, "step": 69, "max_steps": 819, "loss": 6.750172138214111, "elapsed_time": 7.818594694137573, "learning_rate": 0.00029897532294480977, "prnt": false}
{"event": "training_step", "timestamp": 1769668907.592065, "step": 70, "max_steps": 819, "loss": 6.673367500305176, "elapsed_time": 7.898820638656616, "learning_rate": 0.0002989035248614963, "prnt": false}
{"event": "training_step", "timestamp": 1769668907.6725142, "step": 71, "max_steps": 819, "loss": 6.716745853424072, "elapsed_time": 7.9791717529296875, "learning_rate": 0.0002988293050286759, "prnt": false}
{"event": "training_step", "timestamp": 1769668907.7529905, "step": 72, "max_steps": 819, "loss": 6.6924543380737305, "elapsed_time": 8.059872150421143, "learning_rate": 0.00029875266465345126, "prnt": false}
{"event": "training_step", "timestamp": 1769668907.8335252, "step": 73, "max_steps": 819, "loss": 6.6982808113098145, "elapsed_time": 8.140029191970825, "learning_rate": 0.0002986736049822926, "prnt": false}
{"event": "training_step", "timestamp": 1769668907.9139721, "step": 74, "max_steps": 819, "loss": 6.6551642417907715, "elapsed_time": 8.220902919769287, "learning_rate": 0.0002985921273010171, "prnt": false}
{"event": "training_step", "timestamp": 1769668907.9941623, "step": 75, "max_steps": 819, "loss": 6.764049530029297, "elapsed_time": 8.301106214523315, "learning_rate": 0.0002985082329347681, "prnt": false}
{"event": "training_step", "timestamp": 1769668908.0743768, "step": 76, "max_steps": 819, "loss": 6.668198585510254, "elapsed_time": 8.381328821182251, "learning_rate": 0.000298421923247994, "prnt": false}
{"event": "training_step", "timestamp": 1769668908.154829, "step": 77, "max_steps": 819, "loss": 6.676413536071777, "elapsed_time": 8.461698532104492, "learning_rate": 0.00029833319964442525, "prnt": false}
{"event": "training_step", "timestamp": 1769668908.2353594, "step": 78, "max_steps": 819, "loss": 6.7340922355651855, "elapsed_time": 8.541990041732788, "learning_rate": 0.0002982420635670523, "prnt": false}
{"event": "validation_result", "timestamp": 1769668908.5665114, "step": 78, "max_steps": 819, "loss": 1.2407862430535506, "elapsed_time": 8.541990041732788}
{"event": "training_step", "timestamp": 1769668909.6367083, "step": 79, "max_steps": 819, "loss": 6.688796520233154, "elapsed_time": 9.959478616714478, "learning_rate": 0.0002981485164981015, "prnt": false}
{"event": "training_step", "timestamp": 1769668909.7177467, "step": 80, "max_steps": 819, "loss": 6.721789360046387, "elapsed_time": 10.024414539337158, "learning_rate": 0.00029805255995901154, "prnt": false}
{"event": "training_step", "timestamp": 1769668909.7977595, "step": 81, "max_steps": 819, "loss": 6.61157751083374, "elapsed_time": 10.10489273071289, "learning_rate": 0.00029795419551040833, "prnt": false}
{"event": "training_step", "timestamp": 1769668909.8783271, "step": 82, "max_steps": 819, "loss": 6.647268772125244, "elapsed_time": 10.185173988342285, "learning_rate": 0.00029785342475207975, "prnt": false}
{"event": "training_step", "timestamp": 1769668909.9589438, "step": 83, "max_steps": 819, "loss": 6.626828670501709, "elapsed_time": 10.265460014343262, "learning_rate": 0.0002977502493229496, "prnt": false}
{"event": "training_step", "timestamp": 1769668910.0395272, "step": 84, "max_steps": 819, "loss": 6.707344055175781, "elapsed_time": 10.346045732498169, "learning_rate": 0.00029764467090105103, "prnt": false}
{"event": "training_step", "timestamp": 1769668910.1200545, "step": 85, "max_steps": 819, "loss": 6.590333461761475, "elapsed_time": 10.426580429077148, "learning_rate": 0.0002975366912034991, "prnt": false}
{"event": "training_step", "timestamp": 1769668910.2008405, "step": 86, "max_steps": 819, "loss": 6.647316932678223, "elapsed_time": 10.507363557815552, "learning_rate": 0.00029742631198646297, "prnt": false}
{"event": "training_step", "timestamp": 1769668910.2813098, "step": 87, "max_steps": 819, "loss": 6.630751609802246, "elapsed_time": 10.588001251220703, "learning_rate": 0.0002973135350451374, "prnt": false}
{"event": "training_step", "timestamp": 1769668910.3619018, "step": 88, "max_steps": 819, "loss": 6.634480953216553, "elapsed_time": 10.668946504592896, "learning_rate": 0.0002971983622137132, "prnt": false}
{"event": "training_step", "timestamp": 1769668910.4424572, "step": 89, "max_steps": 819, "loss": 6.615717887878418, "elapsed_time": 10.749021053314209, "learning_rate": 0.00029708079536534804, "prnt": false}
{"event": "training_step", "timestamp": 1769668910.5228512, "step": 90, "max_steps": 819, "loss": 6.577453136444092, "elapsed_time": 10.829784154891968, "learning_rate": 0.0002969608364121353, "prnt": false}
{"event": "training_step", "timestamp": 1769668910.6032102, "step": 91, "max_steps": 819, "loss": 6.641180038452148, "elapsed_time": 10.909912347793579, "learning_rate": 0.0002968384873050732, "prnt": false}
{"event": "training_step", "timestamp": 1769668910.68364, "step": 92, "max_steps": 819, "loss": 6.53073263168335, "elapsed_time": 10.990355014801025, "learning_rate": 0.0002967137500340335, "prnt": false}
{"event": "training_step", "timestamp": 1769668910.7640848, "step": 93, "max_steps": 819, "loss": 6.608791828155518, "elapsed_time": 11.070842027664185, "learning_rate": 0.00029658662662772854, "prnt": false}
{"event": "training_step", "timestamp": 1769668910.8445392, "step": 94, "max_steps": 819, "loss": 6.55034875869751, "elapsed_time": 11.151215076446533, "learning_rate": 0.0002964571191536785, "prnt": false}
{"event": "training_step", "timestamp": 1769668910.925035, "step": 95, "max_steps": 819, "loss": 6.602280616760254, "elapsed_time": 11.231594562530518, "learning_rate": 0.0002963252297181778, "prnt": false}
{"event": "training_step", "timestamp": 1769668911.0056117, "step": 96, "max_steps": 819, "loss": 6.5657172203063965, "elapsed_time": 11.312212467193604, "learning_rate": 0.00029619096046626077, "prnt": false}
{"event": "training_step", "timestamp": 1769668911.0859866, "step": 97, "max_steps": 819, "loss": 6.579867839813232, "elapsed_time": 11.39264178276062, "learning_rate": 0.00029605431358166684, "prnt": false}
{"event": "training_step", "timestamp": 1769668911.1665754, "step": 98, "max_steps": 819, "loss": 6.560242652893066, "elapsed_time": 11.47328805923462, "learning_rate": 0.00029591529128680495, "prnt": false}
{"event": "training_step", "timestamp": 1769668911.2470186, "step": 99, "max_steps": 819, "loss": 6.487746238708496, "elapsed_time": 11.553656578063965, "learning_rate": 0.0002957738958427174, "prnt": false}
{"event": "training_step", "timestamp": 1769668911.3276186, "step": 100, "max_steps": 819, "loss": 6.538552761077881, "elapsed_time": 11.634131908416748, "learning_rate": 0.00029563012954904316, "prnt": false}
{"event": "training_step", "timestamp": 1769668911.4079137, "step": 101, "max_steps": 819, "loss": 6.491048336029053, "elapsed_time": 11.714635848999023, "learning_rate": 0.00029548399474398047, "prnt": false}
{"event": "training_step", "timestamp": 1769668911.4883182, "step": 102, "max_steps": 819, "loss": 6.585951328277588, "elapsed_time": 11.795052528381348, "learning_rate": 0.0002953354938042486, "prnt": false}
{"event": "training_step", "timestamp": 1769668911.5686667, "step": 103, "max_steps": 819, "loss": 6.553982734680176, "elapsed_time": 11.875457763671875, "learning_rate": 0.0002951846291450496, "prnt": false}
{"event": "training_step", "timestamp": 1769668911.649281, "step": 104, "max_steps": 819, "loss": 6.457228183746338, "elapsed_time": 11.955967903137207, "learning_rate": 0.0002950314032200285, "prnt": false}
{"event": "training_step", "timestamp": 1769668911.7297168, "step": 105, "max_steps": 819, "loss": 6.5967864990234375, "elapsed_time": 12.037149906158447, "learning_rate": 0.0002948758185212339, "prnt": false}
{"event": "training_step", "timestamp": 1769668911.8100739, "step": 106, "max_steps": 819, "loss": 6.498201847076416, "elapsed_time": 12.117023468017578, "learning_rate": 0.00029471787757907707, "prnt": false}
{"event": "training_step", "timestamp": 1769668911.890342, "step": 107, "max_steps": 819, "loss": 6.539978504180908, "elapsed_time": 12.197031497955322, "learning_rate": 0.0002945575829622911, "prnt": false}
{"event": "training_step", "timestamp": 1769668911.9708269, "step": 108, "max_steps": 819, "loss": 6.506852626800537, "elapsed_time": 12.277388334274292, "learning_rate": 0.00029439493727788883, "prnt": false}
{"event": "training_step", "timestamp": 1769668912.0512505, "step": 109, "max_steps": 819, "loss": 6.422045707702637, "elapsed_time": 12.35787296295166, "learning_rate": 0.0002942299431711206, "prnt": false}
{"event": "training_step", "timestamp": 1769668912.1315544, "step": 110, "max_steps": 819, "loss": 6.5340166091918945, "elapsed_time": 12.43837833404541, "learning_rate": 0.0002940626033254314, "prnt": false}
{"event": "training_step", "timestamp": 1769668912.2120876, "step": 111, "max_steps": 819, "loss": 6.492898941040039, "elapsed_time": 12.51868486404419, "learning_rate": 0.00029389292046241676, "prnt": false}
{"event": "training_step", "timestamp": 1769668912.2926347, "step": 112, "max_steps": 819, "loss": 6.510464191436768, "elapsed_time": 12.599228858947754, "learning_rate": 0.0002937208973417789, "prnt": false}
{"event": "training_step", "timestamp": 1769668912.3729851, "step": 113, "max_steps": 819, "loss": 6.522434234619141, "elapsed_time": 12.67988133430481, "learning_rate": 0.0002935465367612819, "prnt": false}
{"event": "training_step", "timestamp": 1769668912.453411, "step": 114, "max_steps": 819, "loss": 6.54349422454834, "elapsed_time": 12.7603120803833, "learning_rate": 0.00029336984155670565, "prnt": false}
{"event": "training_step", "timestamp": 1769668912.5335636, "step": 115, "max_steps": 819, "loss": 6.448118686676025, "elapsed_time": 12.840510129928589, "learning_rate": 0.00029319081460180043, "prnt": false}
{"event": "training_step", "timestamp": 1769668912.6140735, "step": 116, "max_steps": 819, "loss": 6.417607307434082, "elapsed_time": 12.920918464660645, "learning_rate": 0.00029300945880823956, "prnt": false}
{"event": "training_step", "timestamp": 1769668912.6949184, "step": 117, "max_steps": 819, "loss": 6.460413932800293, "elapsed_time": 13.00128960609436, "learning_rate": 0.0002928257771255726, "prnt": false}
{"event": "validation_result", "timestamp": 1769668913.0269969, "step": 117, "max_steps": 819, "loss": 1.209202037449425, "elapsed_time": 13.00128960609436}
{"event": "training_step", "timestamp": 1769668914.1263735, "step": 118, "max_steps": 819, "loss": 6.406308650970459, "elapsed_time": 14.433864116668701, "learning_rate": 0.00029263977254117673, "prnt": false}
{"event": "training_step", "timestamp": 1769668914.2068937, "step": 119, "max_steps": 819, "loss": 6.462308406829834, "elapsed_time": 14.513952732086182, "learning_rate": 0.00029245144808020895, "prnt": false}
{"event": "training_step", "timestamp": 1769668914.287454, "step": 120, "max_steps": 819, "loss": 6.428722858428955, "elapsed_time": 14.594242811203003, "learning_rate": 0.0002922608068055562, "prnt": false}
{"event": "training_step", "timestamp": 1769668914.3679166, "step": 121, "max_steps": 819, "loss": 6.477048873901367, "elapsed_time": 14.674507856369019, "learning_rate": 0.0002920678518177858, "prnt": false}
{"event": "training_step", "timestamp": 1769668914.4484692, "step": 122, "max_steps": 819, "loss": 6.4929914474487305, "elapsed_time": 14.75583004951477, "learning_rate": 0.00029187258625509513, "prnt": false}
{"event": "training_step", "timestamp": 1769668914.528843, "step": 123, "max_steps": 819, "loss": 6.471078872680664, "elapsed_time": 14.835569381713867, "learning_rate": 0.00029167501329326056, "prnt": false}
{"event": "training_step", "timestamp": 1769668914.609389, "step": 124, "max_steps": 819, "loss": 6.39847469329834, "elapsed_time": 14.916013956069946, "learning_rate": 0.0002914751361455855, "prnt": false}
{"event": "training_step", "timestamp": 1769668914.6897528, "step": 125, "max_steps": 819, "loss": 6.506159782409668, "elapsed_time": 14.996546030044556, "learning_rate": 0.00029127295806284854, "prnt": false}
{"event": "training_step", "timestamp": 1769668914.7701669, "step": 126, "max_steps": 819, "loss": 6.486712455749512, "elapsed_time": 15.077024459838867, "learning_rate": 0.00029106848233325034, "prnt": false}
{"event": "training_step", "timestamp": 1769668914.850301, "step": 127, "max_steps": 819, "loss": 6.411733627319336, "elapsed_time": 15.157263994216919, "learning_rate": 0.00029086171228236027, "prnt": false}
{"event": "training_step", "timestamp": 1769668914.9306717, "step": 128, "max_steps": 819, "loss": 6.420060157775879, "elapsed_time": 15.237354278564453, "learning_rate": 0.00029065265127306225, "prnt": false}
{"event": "training_step", "timestamp": 1769668915.0108933, "step": 129, "max_steps": 819, "loss": 6.414697170257568, "elapsed_time": 15.317722082138062, "learning_rate": 0.00029044130270550005, "prnt": false}
{"event": "training_step", "timestamp": 1769668915.09121, "step": 130, "max_steps": 819, "loss": 6.389309406280518, "elapsed_time": 15.39801287651062, "learning_rate": 0.000290227670017022, "prnt": false}
{"event": "training_step", "timestamp": 1769668915.171465, "step": 131, "max_steps": 819, "loss": 6.442861080169678, "elapsed_time": 15.478575706481934, "learning_rate": 0.0002900117566821253, "prnt": false}
{"event": "training_step", "timestamp": 1769668915.252065, "step": 132, "max_steps": 819, "loss": 6.375844955444336, "elapsed_time": 15.558629035949707, "learning_rate": 0.000289793566212399, "prnt": false}
{"event": "training_step", "timestamp": 1769668915.3323689, "step": 133, "max_steps": 819, "loss": 6.41615104675293, "elapsed_time": 15.63906717300415, "learning_rate": 0.0002895731021564675, "prnt": false}
{"event": "training_step", "timestamp": 1769668915.4127152, "step": 134, "max_steps": 819, "loss": 6.392444133758545, "elapsed_time": 15.719722747802734, "learning_rate": 0.00028935036809993233, "prnt": false}
{"event": "training_step", "timestamp": 1769668915.4930813, "step": 135, "max_steps": 819, "loss": 6.380049705505371, "elapsed_time": 15.799741983413696, "learning_rate": 0.0002891253676653142, "prnt": false}
{"event": "training_step", "timestamp": 1769668915.573542, "step": 136, "max_steps": 819, "loss": 6.375067710876465, "elapsed_time": 15.880290031433105, "learning_rate": 0.00028889810451199373, "prnt": false}
{"event": "training_step", "timestamp": 1769668915.6540904, "step": 137, "max_steps": 819, "loss": 6.3661112785339355, "elapsed_time": 15.960650444030762, "learning_rate": 0.0002886685823361524, "prnt": false}
{"event": "training_step", "timestamp": 1769668915.7348444, "step": 138, "max_steps": 819, "loss": 6.32826566696167, "elapsed_time": 16.041497468948364, "learning_rate": 0.0002884368048707119, "prnt": false}
{"event": "training_step", "timestamp": 1769668915.8153458, "step": 139, "max_steps": 819, "loss": 6.372668743133545, "elapsed_time": 16.12200927734375, "learning_rate": 0.00028820277588527393, "prnt": false}
{"event": "training_step", "timestamp": 1769668915.8959348, "step": 140, "max_steps": 819, "loss": 6.373391151428223, "elapsed_time": 16.202603340148926, "learning_rate": 0.00028796649918605844, "prnt": false}
{"event": "training_step", "timestamp": 1769668915.9766457, "step": 141, "max_steps": 819, "loss": 6.345804214477539, "elapsed_time": 16.283007621765137, "learning_rate": 0.000287727978615842, "prnt": false}
{"event": "training_step", "timestamp": 1769668916.0573401, "step": 142, "max_steps": 819, "loss": 6.354123592376709, "elapsed_time": 16.36380958557129, "learning_rate": 0.0002874872180538953, "prnt": false}
{"event": "training_step", "timestamp": 1769668916.137847, "step": 143, "max_steps": 819, "loss": 6.358490943908691, "elapsed_time": 16.444430351257324, "learning_rate": 0.0002872442214159201, "prnt": false}
{"event": "training_step", "timestamp": 1769668916.2185214, "step": 144, "max_steps": 819, "loss": 6.306826114654541, "elapsed_time": 16.5253849029541, "learning_rate": 0.000286998992653985, "prnt": false}
{"event": "training_step", "timestamp": 1769668916.299114, "step": 145, "max_steps": 819, "loss": 6.369304656982422, "elapsed_time": 16.605666399002075, "learning_rate": 0.0002867515357564621, "prnt": false}
{"event": "training_step", "timestamp": 1769668916.379651, "step": 146, "max_steps": 819, "loss": 6.41878604888916, "elapsed_time": 16.68661093711853, "learning_rate": 0.00028650185474796136, "prnt": false}
{"event": "training_step", "timestamp": 1769668916.4601116, "step": 147, "max_steps": 819, "loss": 6.370282173156738, "elapsed_time": 16.76729965209961, "learning_rate": 0.0002862499536892655, "prnt": false}
{"event": "training_step", "timestamp": 1769668916.540564, "step": 148, "max_steps": 819, "loss": 6.269118785858154, "elapsed_time": 16.847337245941162, "learning_rate": 0.00028599583667726386, "prnt": false}
{"event": "training_step", "timestamp": 1769668916.6209173, "step": 149, "max_steps": 819, "loss": 6.312593460083008, "elapsed_time": 16.927878856658936, "learning_rate": 0.0002857395078448858, "prnt": false}
{"event": "training_step", "timestamp": 1769668916.7014482, "step": 150, "max_steps": 819, "loss": 6.385927677154541, "elapsed_time": 17.00837516784668, "learning_rate": 0.00028548097136103345, "prnt": false}
{"event": "training_step", "timestamp": 1769668916.7819197, "step": 151, "max_steps": 819, "loss": 6.31467866897583, "elapsed_time": 17.088683605194092, "learning_rate": 0.00028522023143051395, "prnt": false}
{"event": "training_step", "timestamp": 1769668916.862775, "step": 152, "max_steps": 819, "loss": 6.320286273956299, "elapsed_time": 17.169161081314087, "learning_rate": 0.000284957292293971, "prnt": false}
{"event": "training_step", "timestamp": 1769668916.9432168, "step": 153, "max_steps": 819, "loss": 6.364830017089844, "elapsed_time": 17.249799489974976, "learning_rate": 0.000284692158227816, "prnt": false}
{"event": "training_step", "timestamp": 1769668917.023817, "step": 154, "max_steps": 819, "loss": 6.289587020874023, "elapsed_time": 17.330442428588867, "learning_rate": 0.0002844248335441583, "prnt": false}
{"event": "training_step", "timestamp": 1769668917.1043472, "step": 155, "max_steps": 819, "loss": 6.3250226974487305, "elapsed_time": 17.410829305648804, "learning_rate": 0.0002841553225907354, "prnt": false}
{"event": "training_step", "timestamp": 1769668917.1851208, "step": 156, "max_steps": 819, "loss": 6.276403427124023, "elapsed_time": 17.49182367324829, "learning_rate": 0.00028388362975084177, "prnt": false}
{"event": "validation_result", "timestamp": 1769668917.5166523, "step": 156, "max_steps": 819, "loss": 1.1873695050631274, "elapsed_time": 17.49182367324829}
{"event": "training_step", "timestamp": 1769668918.6054447, "step": 157, "max_steps": 819, "loss": 6.297145366668701, "elapsed_time": 18.913034677505493, "learning_rate": 0.0002836097594432581, "prnt": false}
{"event": "training_step", "timestamp": 1769668918.686214, "step": 158, "max_steps": 819, "loss": 6.232537269592285, "elapsed_time": 18.99288582801819, "learning_rate": 0.0002833337161221789, "prnt": false}
{"event": "training_step", "timestamp": 1769668918.7667737, "step": 159, "max_steps": 819, "loss": 6.269985675811768, "elapsed_time": 19.073379039764404, "learning_rate": 0.0002830555042771406, "prnt": false}
{"event": "training_step", "timestamp": 1769668918.847385, "step": 160, "max_steps": 819, "loss": 6.249803066253662, "elapsed_time": 19.154072761535645, "learning_rate": 0.000282775128432948, "prnt": false}
{"event": "training_step", "timestamp": 1769668918.9277923, "step": 161, "max_steps": 819, "loss": 6.283970832824707, "elapsed_time": 19.234466552734375, "learning_rate": 0.000282492593149601, "prnt": false}
{"event": "training_step", "timestamp": 1769668919.008413, "step": 162, "max_steps": 819, "loss": 6.229074954986572, "elapsed_time": 19.31498694419861, "learning_rate": 0.0002822079030222205, "prnt": false}
{"event": "training_step", "timestamp": 1769668919.0892956, "step": 163, "max_steps": 819, "loss": 6.317850589752197, "elapsed_time": 19.39543604850769, "learning_rate": 0.00028192106268097334, "prnt": false}
{"event": "training_step", "timestamp": 1769668919.169795, "step": 164, "max_steps": 819, "loss": 6.334944248199463, "elapsed_time": 19.476561784744263, "learning_rate": 0.00028163207679099726, "prnt": false}
{"event": "training_step", "timestamp": 1769668919.2503073, "step": 165, "max_steps": 819, "loss": 6.241593837738037, "elapsed_time": 19.55688738822937, "learning_rate": 0.00028134095005232505, "prnt": false}
{"event": "training_step", "timestamp": 1769668919.330867, "step": 166, "max_steps": 819, "loss": 6.270359039306641, "elapsed_time": 19.63773012161255, "learning_rate": 0.00028104768719980784, "prnt": false}
{"event": "training_step", "timestamp": 1769668919.411387, "step": 167, "max_steps": 819, "loss": 6.234184265136719, "elapsed_time": 19.71793556213379, "learning_rate": 0.00028075229300303833, "prnt": false}
{"event": "training_step", "timestamp": 1769668919.4919076, "step": 168, "max_steps": 819, "loss": 6.289615154266357, "elapsed_time": 19.798624277114868, "learning_rate": 0.0002804547722662733, "prnt": false}
{"event": "training_step", "timestamp": 1769668919.5723326, "step": 169, "max_steps": 819, "loss": 6.262240409851074, "elapsed_time": 19.878981113433838, "learning_rate": 0.00028015512982835513, "prnt": false}
{"event": "training_step", "timestamp": 1769668919.6529255, "step": 170, "max_steps": 819, "loss": 6.212457180023193, "elapsed_time": 19.959939002990723, "learning_rate": 0.0002798533705626333, "prnt": false}
{"event": "training_step", "timestamp": 1769668919.7336378, "step": 171, "max_steps": 819, "loss": 6.192807674407959, "elapsed_time": 20.040295600891113, "learning_rate": 0.0002795494993768854, "prnt": false}
{"event": "training_step", "timestamp": 1769668919.81431, "step": 172, "max_steps": 819, "loss": 6.280604362487793, "elapsed_time": 20.120781898498535, "learning_rate": 0.0002792435212132366, "prnt": false}
{"event": "training_step", "timestamp": 1769668919.8948212, "step": 173, "max_steps": 819, "loss": 6.274567604064941, "elapsed_time": 20.201346397399902, "learning_rate": 0.0002789354410480802, "prnt": false}
{"event": "training_step", "timestamp": 1769668919.9756837, "step": 174, "max_steps": 819, "loss": 6.180167198181152, "elapsed_time": 20.28235960006714, "learning_rate": 0.00027862526389199567, "prnt": false}
{"event": "training_step", "timestamp": 1769668920.056662, "step": 175, "max_steps": 819, "loss": 6.20548152923584, "elapsed_time": 20.36285972595215, "learning_rate": 0.0002783129947896683, "prnt": false}
{"event": "training_step", "timestamp": 1769668920.1372502, "step": 176, "max_steps": 819, "loss": 6.220261573791504, "elapsed_time": 20.443881034851074, "learning_rate": 0.00027799863881980603, "prnt": false}
{"event": "training_step", "timestamp": 1769668920.2178888, "step": 177, "max_steps": 819, "loss": 6.187096118927002, "elapsed_time": 20.52451777458191, "learning_rate": 0.0002776822010950576, "prnt": false}
{"event": "training_step", "timestamp": 1769668920.298522, "step": 178, "max_steps": 819, "loss": 6.293813705444336, "elapsed_time": 20.60487198829651, "learning_rate": 0.0002773636867619292, "prnt": false}
{"event": "training_step", "timestamp": 1769668920.3789313, "step": 179, "max_steps": 819, "loss": 6.209731578826904, "elapsed_time": 20.685508489608765, "learning_rate": 0.0002770431010007007, "prnt": false}
{"event": "training_step", "timestamp": 1769668920.4596248, "step": 180, "max_steps": 819, "loss": 6.247340202331543, "elapsed_time": 20.766750812530518, "learning_rate": 0.00027672044902534126, "prnt": false}
{"event": "training_step", "timestamp": 1769668920.5400844, "step": 181, "max_steps": 819, "loss": 6.210323810577393, "elapsed_time": 20.846832275390625, "learning_rate": 0.00027639573608342503, "prnt": false}
{"event": "training_step", "timestamp": 1769668920.6206105, "step": 182, "max_steps": 819, "loss": 6.215821743011475, "elapsed_time": 20.92723822593689, "learning_rate": 0.00027606896745604526, "prnt": false}
{"event": "training_step", "timestamp": 1769668920.701202, "step": 183, "max_steps": 819, "loss": 6.164045810699463, "elapsed_time": 21.007696390151978, "learning_rate": 0.0002757401484577286, "prnt": false}
{"event": "training_step", "timestamp": 1769668920.7819552, "step": 184, "max_steps": 819, "loss": 6.19827938079834, "elapsed_time": 21.0884907245636, "learning_rate": 0.00027540928443634883, "prnt": false}
{"event": "training_step", "timestamp": 1769668920.8625324, "step": 185, "max_steps": 819, "loss": 6.193482875823975, "elapsed_time": 21.169049739837646, "learning_rate": 0.0002750763807730397, "prnt": false}
{"event": "training_step", "timestamp": 1769668920.9431555, "step": 186, "max_steps": 819, "loss": 6.205425262451172, "elapsed_time": 21.249696016311646, "learning_rate": 0.0002747414428821074, "prnt": false}
{"event": "training_step", "timestamp": 1769668921.0237408, "step": 187, "max_steps": 819, "loss": 6.249391078948975, "elapsed_time": 21.330145597457886, "learning_rate": 0.00027440447621094265, "prnt": false}
{"event": "training_step", "timestamp": 1769668921.1044028, "step": 188, "max_steps": 819, "loss": 6.279296398162842, "elapsed_time": 21.410885334014893, "learning_rate": 0.0002740654862399319, "prnt": false}
{"event": "training_step", "timestamp": 1769668921.1848955, "step": 189, "max_steps": 819, "loss": 6.128093242645264, "elapsed_time": 21.49163246154785, "learning_rate": 0.00027372447848236835, "prnt": false}
{"event": "training_step", "timestamp": 1769668921.2654414, "step": 190, "max_steps": 819, "loss": 6.144684791564941, "elapsed_time": 21.57213544845581, "learning_rate": 0.0002733814584843624, "prnt": false}
{"event": "training_step", "timestamp": 1769668921.3459013, "step": 191, "max_steps": 819, "loss": 6.209176540374756, "elapsed_time": 21.652620553970337, "learning_rate": 0.0002730364318247511, "prnt": false}
{"event": "training_step", "timestamp": 1769668921.4266047, "step": 192, "max_steps": 819, "loss": 6.196944713592529, "elapsed_time": 21.733226776123047, "learning_rate": 0.00027268940411500763, "prnt": false}
{"event": "training_step", "timestamp": 1769668921.5070739, "step": 193, "max_steps": 819, "loss": 6.116079807281494, "elapsed_time": 21.813864707946777, "learning_rate": 0.00027234038099915013, "prnt": false}
{"event": "training_step", "timestamp": 1769668921.5874977, "step": 194, "max_steps": 819, "loss": 6.099421977996826, "elapsed_time": 21.894272565841675, "learning_rate": 0.00027198936815364964, "prnt": false}
{"event": "training_step", "timestamp": 1769668921.6681557, "step": 195, "max_steps": 819, "loss": 6.173941612243652, "elapsed_time": 21.97485613822937, "learning_rate": 0.0002716363712873381, "prnt": false}
{"event": "validation_result", "timestamp": 1769668922.0002491, "step": 195, "max_steps": 819, "loss": 1.1727149192580704, "elapsed_time": 21.97485613822937}
{"event": "training_step", "timestamp": 1769668923.1105473, "step": 196, "max_steps": 819, "loss": 6.212729454040527, "elapsed_time": 23.418571710586548, "learning_rate": 0.0002712813961413152, "prnt": false}
{"event": "training_step", "timestamp": 1769668923.1906834, "step": 197, "max_steps": 819, "loss": 6.107720851898193, "elapsed_time": 23.497889518737793, "learning_rate": 0.0002709244484888552, "prnt": false}
{"event": "training_step", "timestamp": 1769668923.2712278, "step": 198, "max_steps": 819, "loss": 6.2446746826171875, "elapsed_time": 23.577926874160767, "learning_rate": 0.0002705655341353129, "prnt": false}
{"event": "training_step", "timestamp": 1769668923.3521597, "step": 199, "max_steps": 819, "loss": 6.140263080596924, "elapsed_time": 23.659372568130493, "learning_rate": 0.0002702046589180295, "prnt": false}
{"event": "training_step", "timestamp": 1769668923.4331806, "step": 200, "max_steps": 819, "loss": 6.220971584320068, "elapsed_time": 23.739487171173096, "learning_rate": 0.0002698418287062371, "prnt": false}
{"event": "training_step", "timestamp": 1769668923.514112, "step": 201, "max_steps": 819, "loss": 6.107163429260254, "elapsed_time": 23.82030963897705, "learning_rate": 0.00026947704940096396, "prnt": false}
{"event": "training_step", "timestamp": 1769668923.5948007, "step": 202, "max_steps": 819, "loss": 6.15423583984375, "elapsed_time": 23.901299476623535, "learning_rate": 0.00026911032693493803, "prnt": false}
{"event": "training_step", "timestamp": 1769668923.67597, "step": 203, "max_steps": 819, "loss": 6.228604316711426, "elapsed_time": 23.983004093170166, "learning_rate": 0.0002687416672724905, "prnt": false}
{"event": "training_step", "timestamp": 1769668923.7567513, "step": 204, "max_steps": 819, "loss": 6.144041538238525, "elapsed_time": 24.063393115997314, "learning_rate": 0.00026837107640945905, "prnt": false}
{"event": "training_step", "timestamp": 1769668923.8372693, "step": 205, "max_steps": 819, "loss": 6.16796350479126, "elapsed_time": 24.143830060958862, "learning_rate": 0.0002679985603730901, "prnt": false}
{"event": "training_step", "timestamp": 1769668923.918, "step": 206, "max_steps": 819, "loss": 6.130130767822266, "elapsed_time": 24.224567413330078, "learning_rate": 0.00026762412522194083, "prnt": false}
{"event": "training_step", "timestamp": 1769668923.9987228, "step": 207, "max_steps": 819, "loss": 6.073436260223389, "elapsed_time": 24.305026292800903, "learning_rate": 0.0002672477770457809, "prnt": false}
{"event": "training_step", "timestamp": 1769668924.0795722, "step": 208, "max_steps": 819, "loss": 6.203705787658691, "elapsed_time": 24.385863065719604, "learning_rate": 0.0002668695219654928, "prnt": false}
{"event": "training_step", "timestamp": 1769668924.1602075, "step": 209, "max_steps": 819, "loss": 6.15092134475708, "elapsed_time": 24.46672248840332, "learning_rate": 0.0002664893661329731, "prnt": false}
{"event": "training_step", "timestamp": 1769668924.2409267, "step": 210, "max_steps": 819, "loss": 6.195834159851074, "elapsed_time": 24.547412633895874, "learning_rate": 0.00026610731573103156, "prnt": false}
{"event": "training_step", "timestamp": 1769668924.3215122, "step": 211, "max_steps": 819, "loss": 6.17264986038208, "elapsed_time": 24.62803602218628, "learning_rate": 0.00026572337697329144, "prnt": false}
{"event": "training_step", "timestamp": 1769668924.4022822, "step": 212, "max_steps": 819, "loss": 6.171581268310547, "elapsed_time": 24.708794116973877, "learning_rate": 0.0002653375561040876, "prnt": false}
{"event": "training_step", "timestamp": 1769668924.4830735, "step": 213, "max_steps": 819, "loss": 6.143410682678223, "elapsed_time": 24.789366483688354, "learning_rate": 0.0002649498593983656, "prnt": false}
{"event": "training_step", "timestamp": 1769668924.5639675, "step": 214, "max_steps": 819, "loss": 6.097324371337891, "elapsed_time": 24.870692491531372, "learning_rate": 0.0002645602931615794, "prnt": false}
{"event": "training_step", "timestamp": 1769668924.6444533, "step": 215, "max_steps": 819, "loss": 6.0720672607421875, "elapsed_time": 24.951010942459106, "learning_rate": 0.0002641688637295885, "prnt": false}
{"event": "training_step", "timestamp": 1769668924.7249508, "step": 216, "max_steps": 819, "loss": 6.10917329788208, "elapsed_time": 25.031641244888306, "learning_rate": 0.0002637755774685555, "prnt": false}
{"event": "training_step", "timestamp": 1769668924.8056335, "step": 217, "max_steps": 819, "loss": 6.09549617767334, "elapsed_time": 25.112231254577637, "learning_rate": 0.0002633804407748421, "prnt": false}
{"event": "training_step", "timestamp": 1769668924.886193, "step": 218, "max_steps": 819, "loss": 6.114267826080322, "elapsed_time": 25.192867755889893, "learning_rate": 0.0002629834600749053, "prnt": false}
{"event": "training_step", "timestamp": 1769668924.966565, "step": 219, "max_steps": 819, "loss": 6.068421363830566, "elapsed_time": 25.27338457107544, "learning_rate": 0.0002625846418251927, "prnt": false}
{"event": "training_step", "timestamp": 1769668925.0472698, "step": 220, "max_steps": 819, "loss": 6.056866645812988, "elapsed_time": 25.35393786430359, "learning_rate": 0.0002621839925120377, "prnt": false}
{"event": "training_step", "timestamp": 1769668925.127805, "step": 221, "max_steps": 819, "loss": 6.0840630531311035, "elapsed_time": 25.4343044757843, "learning_rate": 0.0002617815186515538, "prnt": false}
{"event": "training_step", "timestamp": 1769668925.2084584, "step": 222, "max_steps": 819, "loss": 6.158595085144043, "elapsed_time": 25.515023946762085, "learning_rate": 0.00026137722678952886, "prnt": false}
{"event": "training_step", "timestamp": 1769668925.2889056, "step": 223, "max_steps": 819, "loss": 6.145345687866211, "elapsed_time": 25.59552526473999, "learning_rate": 0.0002609711235013183, "prnt": false}
{"event": "training_step", "timestamp": 1769668925.3695283, "step": 224, "max_steps": 819, "loss": 6.163989067077637, "elapsed_time": 25.676013708114624, "learning_rate": 0.00026056321539173863, "prnt": false}
{"event": "training_step", "timestamp": 1769668925.4501705, "step": 225, "max_steps": 819, "loss": 6.131806373596191, "elapsed_time": 25.75655698776245, "learning_rate": 0.0002601535090949595, "prnt": false}
{"event": "training_step", "timestamp": 1769668925.5308766, "step": 226, "max_steps": 819, "loss": 6.0404462814331055, "elapsed_time": 25.837297916412354, "learning_rate": 0.0002597420112743963, "prnt": false}
{"event": "training_step", "timestamp": 1769668925.6114678, "step": 227, "max_steps": 819, "loss": 6.134697914123535, "elapsed_time": 25.91795539855957, "learning_rate": 0.0002593287286226013, "prnt": false}
{"event": "training_step", "timestamp": 1769668925.692156, "step": 228, "max_steps": 819, "loss": 6.104701995849609, "elapsed_time": 25.99885106086731, "learning_rate": 0.0002589136678611553, "prnt": false}
{"event": "training_step", "timestamp": 1769668925.7730863, "step": 229, "max_steps": 819, "loss": 6.1030402183532715, "elapsed_time": 26.07951855659485, "learning_rate": 0.00025849683574055796, "prnt": false}
{"event": "training_step", "timestamp": 1769668925.854018, "step": 230, "max_steps": 819, "loss": 6.086753845214844, "elapsed_time": 26.16024661064148, "learning_rate": 0.000258078239040118, "prnt": false}
{"event": "training_step", "timestamp": 1769668925.9347737, "step": 231, "max_steps": 819, "loss": 6.142480850219727, "elapsed_time": 26.241048097610474, "learning_rate": 0.00025765788456784335, "prnt": false}
{"event": "training_step", "timestamp": 1769668926.0156715, "step": 232, "max_steps": 819, "loss": 6.033871173858643, "elapsed_time": 26.321980237960815, "learning_rate": 0.00025723577916032987, "prnt": false}
{"event": "training_step", "timestamp": 1769668926.0964224, "step": 233, "max_steps": 819, "loss": 6.076698303222656, "elapsed_time": 26.40269684791565, "learning_rate": 0.0002568119296826506, "prnt": false}
{"event": "training_step", "timestamp": 1769668926.1772306, "step": 234, "max_steps": 819, "loss": 6.009392738342285, "elapsed_time": 26.48380184173584, "learning_rate": 0.0002563863430282437, "prnt": false}
{"event": "validation_result", "timestamp": 1769668926.50932, "step": 234, "max_steps": 819, "loss": 1.1601503030986227, "elapsed_time": 26.48380184173584}
{"event": "training_step", "timestamp": 1769668927.5775456, "step": 235, "max_steps": 819, "loss": 6.111609935760498, "elapsed_time": 27.884894847869873, "learning_rate": 0.00025595902611880085, "prnt": false}
{"event": "training_step", "timestamp": 1769668927.6582677, "step": 236, "max_steps": 819, "loss": 6.056690692901611, "elapsed_time": 27.964831352233887, "learning_rate": 0.00025552998590415427, "prnt": false}
{"event": "training_step", "timestamp": 1769668927.7391183, "step": 237, "max_steps": 819, "loss": 6.051502704620361, "elapsed_time": 28.045748949050903, "learning_rate": 0.00025509922936216376, "prnt": false}
{"event": "training_step", "timestamp": 1769668927.8199723, "step": 238, "max_steps": 819, "loss": 6.062136650085449, "elapsed_time": 28.12639832496643, "learning_rate": 0.00025466676349860333, "prnt": false}
{"event": "training_step", "timestamp": 1769668927.900992, "step": 239, "max_steps": 819, "loss": 6.097105503082275, "elapsed_time": 28.20750594139099, "learning_rate": 0.00025423259534704723, "prnt": false}
{"event": "training_step", "timestamp": 1769668927.9815881, "step": 240, "max_steps": 819, "loss": 5.997366428375244, "elapsed_time": 28.28809404373169, "learning_rate": 0.0002537967319687555, "prnt": false}
{"event": "training_step", "timestamp": 1769668928.0623555, "step": 241, "max_steps": 819, "loss": 6.140210151672363, "elapsed_time": 28.368874549865723, "learning_rate": 0.000253359180452559, "prnt": false}
{"event": "training_step", "timestamp": 1769668928.1430764, "step": 242, "max_steps": 819, "loss": 6.016026496887207, "elapsed_time": 28.44937562942505, "learning_rate": 0.0002529199479147445, "prnt": false}
{"event": "training_step", "timestamp": 1769668928.2237964, "step": 243, "max_steps": 819, "loss": 5.976675987243652, "elapsed_time": 28.530571222305298, "learning_rate": 0.0002524790414989386, "prnt": false}
{"event": "training_step", "timestamp": 1769668928.304308, "step": 244, "max_steps": 819, "loss": 6.069723606109619, "elapsed_time": 28.610914945602417, "learning_rate": 0.0002520364683759916, "prnt": false}
{"event": "training_step", "timestamp": 1769668928.384813, "step": 245, "max_steps": 819, "loss": 6.05091667175293, "elapsed_time": 28.69133448600769, "learning_rate": 0.00025159223574386114, "prnt": false}
{"event": "training_step", "timestamp": 1769668928.465531, "step": 246, "max_steps": 819, "loss": 6.005156517028809, "elapsed_time": 28.77195906639099, "learning_rate": 0.0002511463508274946, "prnt": false}
{"event": "training_step", "timestamp": 1769668928.5463457, "step": 247, "max_steps": 819, "loss": 6.041819095611572, "elapsed_time": 28.853104829788208, "learning_rate": 0.0002506988208787122, "prnt": false}
{"event": "training_step", "timestamp": 1769668928.6269357, "step": 248, "max_steps": 819, "loss": 6.033715724945068, "elapsed_time": 28.93390703201294, "learning_rate": 0.0002502496531760886, "prnt": false}
{"event": "training_step", "timestamp": 1769668928.7075534, "step": 249, "max_steps": 819, "loss": 6.0545854568481445, "elapsed_time": 29.014091968536377, "learning_rate": 0.00024979885502483476, "prnt": false}
{"event": "training_step", "timestamp": 1769668928.7882195, "step": 250, "max_steps": 819, "loss": 6.001062393188477, "elapsed_time": 29.094762563705444, "learning_rate": 0.0002493464337566792, "prnt": false}
{"event": "training_step", "timestamp": 1769668928.8690362, "step": 251, "max_steps": 819, "loss": 6.01043176651001, "elapsed_time": 29.17558741569519, "learning_rate": 0.0002488923967297483, "prnt": false}
{"event": "training_step", "timestamp": 1769668928.9496422, "step": 252, "max_steps": 819, "loss": 5.969695568084717, "elapsed_time": 29.256141662597656, "learning_rate": 0.0002484367513284473, "prnt": false}
{"event": "training_step", "timestamp": 1769668929.0304353, "step": 253, "max_steps": 819, "loss": 6.0674848556518555, "elapsed_time": 29.33686900138855, "learning_rate": 0.0002479795049633396, "prnt": false}
{"event": "training_step", "timestamp": 1769668929.111171, "step": 254, "max_steps": 819, "loss": 6.061827659606934, "elapsed_time": 29.41745686531067, "learning_rate": 0.0002475206650710266, "prnt": false}
{"event": "training_step", "timestamp": 1769668929.1921587, "step": 255, "max_steps": 819, "loss": 5.985975742340088, "elapsed_time": 29.498395681381226, "learning_rate": 0.0002470602391140267, "prnt": false}
{"event": "training_step", "timestamp": 1769668929.2729597, "step": 256, "max_steps": 819, "loss": 6.030274391174316, "elapsed_time": 29.579189777374268, "learning_rate": 0.00024659823458065373, "prnt": false}
{"event": "training_step", "timestamp": 1769668929.3539784, "step": 257, "max_steps": 819, "loss": 6.104191780090332, "elapsed_time": 29.66021418571472, "learning_rate": 0.0002461346589848954, "prnt": false}
{"event": "training_step", "timestamp": 1769668929.434814, "step": 258, "max_steps": 819, "loss": 5.984306335449219, "elapsed_time": 29.74102473258972, "learning_rate": 0.0002456695198662909, "prnt": false}
{"event": "training_step", "timestamp": 1769668929.5155425, "step": 259, "max_steps": 819, "loss": 5.939664363861084, "elapsed_time": 29.82196354866028, "learning_rate": 0.0002452028247898085, "prnt": false}
{"event": "training_step", "timestamp": 1769668929.5961926, "step": 260, "max_steps": 819, "loss": 5.900631904602051, "elapsed_time": 29.902663469314575, "learning_rate": 0.00024473458134572224, "prnt": false}
{"event": "training_step", "timestamp": 1769668929.6770191, "step": 261, "max_steps": 819, "loss": 6.012487888336182, "elapsed_time": 29.983702182769775, "learning_rate": 0.00024426479714948884, "prnt": false}
{"event": "training_step", "timestamp": 1769668929.7576957, "step": 262, "max_steps": 819, "loss": 5.990523338317871, "elapsed_time": 30.064242362976074, "learning_rate": 0.00024379347984162343, "prnt": false}
{"event": "training_step", "timestamp": 1769668929.8384986, "step": 263, "max_steps": 819, "loss": 6.027483940124512, "elapsed_time": 30.145063638687134, "learning_rate": 0.00024332063708757553, "prnt": false}
{"event": "training_step", "timestamp": 1769668929.9192832, "step": 264, "max_steps": 819, "loss": 6.069942474365234, "elapsed_time": 30.22586750984192, "learning_rate": 0.0002428462765776044, "prnt": false}
{"event": "training_step", "timestamp": 1769668930.0000694, "step": 265, "max_steps": 819, "loss": 6.026234149932861, "elapsed_time": 30.306477546691895, "learning_rate": 0.0002423704060266539, "prnt": false}
{"event": "training_step", "timestamp": 1769668930.0807254, "step": 266, "max_steps": 819, "loss": 6.0264997482299805, "elapsed_time": 30.387078285217285, "learning_rate": 0.00024189303317422698, "prnt": false}
{"event": "training_step", "timestamp": 1769668930.1616046, "step": 267, "max_steps": 819, "loss": 6.043026447296143, "elapsed_time": 30.468085527420044, "learning_rate": 0.00024141416578425982, "prnt": false}
{"event": "training_step", "timestamp": 1769668930.2424655, "step": 268, "max_steps": 819, "loss": 5.963976860046387, "elapsed_time": 30.548765182495117, "learning_rate": 0.00024093381164499568, "prnt": false}
{"event": "training_step", "timestamp": 1769668930.3231225, "step": 269, "max_steps": 819, "loss": 5.94419002532959, "elapsed_time": 30.62967038154602, "learning_rate": 0.00024045197856885806, "prnt": false}
{"event": "training_step", "timestamp": 1769668930.4036713, "step": 270, "max_steps": 819, "loss": 5.943878650665283, "elapsed_time": 30.710134506225586, "learning_rate": 0.0002399686743923237, "prnt": false}
{"event": "training_step", "timestamp": 1769668930.484467, "step": 271, "max_steps": 819, "loss": 6.001188278198242, "elapsed_time": 30.790924787521362, "learning_rate": 0.00023948390697579527, "prnt": false}
{"event": "training_step", "timestamp": 1769668930.5653293, "step": 272, "max_steps": 819, "loss": 5.965693473815918, "elapsed_time": 30.872073650360107, "learning_rate": 0.00023899768420347322, "prnt": false}
{"event": "training_step", "timestamp": 1769668930.6460695, "step": 273, "max_steps": 819, "loss": 5.997305870056152, "elapsed_time": 30.953258514404297, "learning_rate": 0.00023851001398322787, "prnt": false}
{"event": "validation_result", "timestamp": 1769668930.97833, "step": 273, "max_steps": 819, "loss": 1.1509215617184072, "elapsed_time": 30.953258514404297}
{"event": "training_step", "timestamp": 1769668932.173462, "step": 274, "max_steps": 819, "loss": 5.98568868637085, "elapsed_time": 32.48057460784912, "learning_rate": 0.00023802090424647064, "prnt": false}
{"event": "training_step", "timestamp": 1769668932.254732, "step": 275, "max_steps": 819, "loss": 5.98866081237793, "elapsed_time": 32.560829639434814, "learning_rate": 0.00023753036294802503, "prnt": false}
{"event": "training_step", "timestamp": 1769668932.335289, "step": 276, "max_steps": 819, "loss": 5.893679141998291, "elapsed_time": 32.64175462722778, "learning_rate": 0.0002370383980659974, "prnt": false}
{"event": "training_step", "timestamp": 1769668932.4159992, "step": 277, "max_steps": 819, "loss": 5.9530029296875, "elapsed_time": 32.72251272201538, "learning_rate": 0.00023654501760164695, "prnt": false}
{"event": "training_step", "timestamp": 1769668932.496657, "step": 278, "max_steps": 819, "loss": 5.916333198547363, "elapsed_time": 32.80317234992981, "learning_rate": 0.00023605022957925583, "prnt": false}
{"event": "training_step", "timestamp": 1769668932.577591, "step": 279, "max_steps": 819, "loss": 6.015186309814453, "elapsed_time": 32.884390354156494, "learning_rate": 0.0002355540420459986, "prnt": false}
{"event": "training_step", "timestamp": 1769668932.6583881, "step": 280, "max_steps": 819, "loss": 5.909160614013672, "elapsed_time": 32.96486234664917, "learning_rate": 0.0002350564630718112, "prnt": false}
{"event": "training_step", "timestamp": 1769668932.7392182, "step": 281, "max_steps": 819, "loss": 5.955338954925537, "elapsed_time": 33.045795917510986, "learning_rate": 0.00023455750074925989, "prnt": false}
{"event": "training_step", "timestamp": 1769668932.8200214, "step": 282, "max_steps": 819, "loss": 5.922545909881592, "elapsed_time": 33.12635397911072, "learning_rate": 0.00023405716319340947, "prnt": false}
{"event": "training_step", "timestamp": 1769668932.9008787, "step": 283, "max_steps": 819, "loss": 5.969151973724365, "elapsed_time": 33.20735836029053, "learning_rate": 0.0002335554585416915, "prnt": false}
{"event": "training_step", "timestamp": 1769668932.9815927, "step": 284, "max_steps": 819, "loss": 5.987323760986328, "elapsed_time": 33.28793525695801, "learning_rate": 0.00023305239495377157, "prnt": false}
{"event": "training_step", "timestamp": 1769668933.061915, "step": 285, "max_steps": 819, "loss": 5.915651321411133, "elapsed_time": 33.36887717247009, "learning_rate": 0.00023254798061141712, "prnt": false}
{"event": "training_step", "timestamp": 1769668933.1423934, "step": 286, "max_steps": 819, "loss": 5.940736293792725, "elapsed_time": 33.448951959609985, "learning_rate": 0.00023204222371836405, "prnt": false}
{"event": "training_step", "timestamp": 1769668933.2231624, "step": 287, "max_steps": 819, "loss": 6.01405143737793, "elapsed_time": 33.52970814704895, "learning_rate": 0.00023153513250018316, "prnt": false}
{"event": "training_step", "timestamp": 1769668933.3037689, "step": 288, "max_steps": 819, "loss": 5.880925178527832, "elapsed_time": 33.61016058921814, "learning_rate": 0.0002310267152041468, "prnt": false}
{"event": "training_step", "timestamp": 1769668933.3841934, "step": 289, "max_steps": 819, "loss": 5.901276111602783, "elapsed_time": 33.690937757492065, "learning_rate": 0.00023051698009909436, "prnt": false}
{"event": "training_step", "timestamp": 1769668933.4647794, "step": 290, "max_steps": 819, "loss": 5.987658500671387, "elapsed_time": 33.77139115333557, "learning_rate": 0.00023000593547529795, "prnt": false}
{"event": "training_step", "timestamp": 1769668933.5454955, "step": 291, "max_steps": 819, "loss": 5.919863224029541, "elapsed_time": 33.85197377204895, "learning_rate": 0.0002294935896443275, "prnt": false}
{"event": "training_step", "timestamp": 1769668933.626135, "step": 292, "max_steps": 819, "loss": 5.87980842590332, "elapsed_time": 33.93274903297424, "learning_rate": 0.00022897995093891575, "prnt": false}
{"event": "training_step", "timestamp": 1769668933.7067227, "step": 293, "max_steps": 819, "loss": 5.912384510040283, "elapsed_time": 34.013264417648315, "learning_rate": 0.0002284650277128224, "prnt": false}
{"event": "training_step", "timestamp": 1769668933.7874231, "step": 294, "max_steps": 819, "loss": 5.921519756317139, "elapsed_time": 34.09395909309387, "learning_rate": 0.00022794882834069867, "prnt": false}
{"event": "training_step", "timestamp": 1769668933.8683262, "step": 295, "max_steps": 819, "loss": 5.874882698059082, "elapsed_time": 34.174724102020264, "learning_rate": 0.00022743136121795068, "prnt": false}
{"event": "training_step", "timestamp": 1769668933.9491584, "step": 296, "max_steps": 819, "loss": 5.962446212768555, "elapsed_time": 34.25543260574341, "learning_rate": 0.0002269126347606032, "prnt": false}
{"event": "training_step", "timestamp": 1769668934.0300882, "step": 297, "max_steps": 819, "loss": 5.893088340759277, "elapsed_time": 34.336456060409546, "learning_rate": 0.00022639265740516254, "prnt": false}
{"event": "training_step", "timestamp": 1769668934.110869, "step": 298, "max_steps": 819, "loss": 5.929515838623047, "elapsed_time": 34.41717767715454, "learning_rate": 0.00022587143760847975, "prnt": false}
{"event": "training_step", "timestamp": 1769668934.1919556, "step": 299, "max_steps": 819, "loss": 5.904723167419434, "elapsed_time": 34.498154401779175, "learning_rate": 0.00022534898384761253, "prnt": false}
{"event": "training_step", "timestamp": 1769668934.2728598, "step": 300, "max_steps": 819, "loss": 5.872542858123779, "elapsed_time": 34.579142332077026, "learning_rate": 0.0002248253046196877, "prnt": false}
{"event": "training_step", "timestamp": 1769668934.3537242, "step": 301, "max_steps": 819, "loss": 5.906196594238281, "elapsed_time": 34.66009068489075, "learning_rate": 0.000224300408441763, "prnt": false}
{"event": "training_step", "timestamp": 1769668934.4344356, "step": 302, "max_steps": 819, "loss": 6.014620780944824, "elapsed_time": 34.740811586380005, "learning_rate": 0.00022377430385068841, "prnt": false}
{"event": "training_step", "timestamp": 1769668934.515144, "step": 303, "max_steps": 819, "loss": 5.956602096557617, "elapsed_time": 34.821624517440796, "learning_rate": 0.00022324699940296747, "prnt": false}
{"event": "training_step", "timestamp": 1769668934.595791, "step": 304, "max_steps": 819, "loss": 5.922183990478516, "elapsed_time": 34.903050899505615, "learning_rate": 0.00022271850367461802, "prnt": false}
{"event": "training_step", "timestamp": 1769668934.6766465, "step": 305, "max_steps": 819, "loss": 5.8502583503723145, "elapsed_time": 34.98315477371216, "learning_rate": 0.00022218882526103272, "prnt": false}
{"event": "training_step", "timestamp": 1769668934.7573738, "step": 306, "max_steps": 819, "loss": 5.90394401550293, "elapsed_time": 35.06366276741028, "learning_rate": 0.0002216579727768394, "prnt": false}
{"event": "training_step", "timestamp": 1769668934.8381455, "step": 307, "max_steps": 819, "loss": 5.9254150390625, "elapsed_time": 35.14461326599121, "learning_rate": 0.00022112595485576072, "prnt": false}
{"event": "training_step", "timestamp": 1769668934.91894, "step": 308, "max_steps": 819, "loss": 5.8928608894348145, "elapsed_time": 35.225109338760376, "learning_rate": 0.00022059278015047388, "prnt": false}
{"event": "training_step", "timestamp": 1769668934.9997637, "step": 309, "max_steps": 819, "loss": 5.819308757781982, "elapsed_time": 35.30584144592285, "learning_rate": 0.0002200584573324699, "prnt": false}
{"event": "training_step", "timestamp": 1769668935.0805125, "step": 310, "max_steps": 819, "loss": 5.883118152618408, "elapsed_time": 35.38656949996948, "learning_rate": 0.00021952299509191261, "prnt": false}
{"event": "training_step", "timestamp": 1769668935.1612158, "step": 311, "max_steps": 819, "loss": 5.87040901184082, "elapsed_time": 35.467546463012695, "learning_rate": 0.0002189864021374972, "prnt": false}
{"event": "training_step", "timestamp": 1769668935.2419748, "step": 312, "max_steps": 819, "loss": 5.911233901977539, "elapsed_time": 35.54806971549988, "learning_rate": 0.00021844868719630872, "prnt": false}
{"event": "validation_result", "timestamp": 1769668935.5749745, "step": 312, "max_steps": 819, "loss": 1.1412028161712595, "elapsed_time": 35.54806971549988}
{"event": "training_step", "timestamp": 1769668936.6495595, "step": 313, "max_steps": 819, "loss": 5.891286849975586, "elapsed_time": 36.9649920463562, "learning_rate": 0.00021790985901368008, "prnt": false}
{"event": "training_step", "timestamp": 1769668936.7308657, "step": 314, "max_steps": 819, "loss": 5.862674713134766, "elapsed_time": 37.0369770526886, "learning_rate": 0.0002173699263530498, "prnt": false}
{"event": "training_step", "timestamp": 1769668936.8120155, "step": 315, "max_steps": 819, "loss": 5.783846855163574, "elapsed_time": 37.11819648742676, "learning_rate": 0.00021682889799581946, "prnt": false}
{"event": "training_step", "timestamp": 1769668936.8929706, "step": 316, "max_steps": 819, "loss": 5.851468086242676, "elapsed_time": 37.19928979873657, "learning_rate": 0.000216286782741211, "prnt": false}
{"event": "training_step", "timestamp": 1769668936.9737241, "step": 317, "max_steps": 819, "loss": 5.871441841125488, "elapsed_time": 37.28020238876343, "learning_rate": 0.00021574358940612353, "prnt": false}
{"event": "training_step", "timestamp": 1769668937.0545213, "step": 318, "max_steps": 819, "loss": 5.917323112487793, "elapsed_time": 37.3608238697052, "learning_rate": 0.0002151993268249898, "prnt": false}
{"event": "training_step", "timestamp": 1769668937.13535, "step": 319, "max_steps": 819, "loss": 5.833121299743652, "elapsed_time": 37.441697120666504, "learning_rate": 0.00021465400384963282, "prnt": false}
{"event": "training_step", "timestamp": 1769668937.215928, "step": 320, "max_steps": 819, "loss": 5.814757347106934, "elapsed_time": 37.5224723815918, "learning_rate": 0.00021410762934912165, "prnt": false}
{"event": "training_step", "timestamp": 1769668937.2967901, "step": 321, "max_steps": 819, "loss": 5.910010814666748, "elapsed_time": 37.60313606262207, "learning_rate": 0.00021356021220962718, "prnt": false}
{"event": "training_step", "timestamp": 1769668937.3775344, "step": 322, "max_steps": 819, "loss": 5.819237232208252, "elapsed_time": 37.68379306793213, "learning_rate": 0.00021301176133427786, "prnt": false}
{"event": "training_step", "timestamp": 1769668937.4583552, "step": 323, "max_steps": 819, "loss": 5.837821960449219, "elapsed_time": 37.76482677459717, "learning_rate": 0.00021246228564301446, "prnt": false}
{"event": "training_step", "timestamp": 1769668937.53906, "step": 324, "max_steps": 819, "loss": 5.822012901306152, "elapsed_time": 37.84549307823181, "learning_rate": 0.0002119117940724453, "prnt": false}
{"event": "training_step", "timestamp": 1769668937.6199656, "step": 325, "max_steps": 819, "loss": 5.865060806274414, "elapsed_time": 37.92650818824768, "learning_rate": 0.000211360295575701, "prnt": false}
{"event": "training_step", "timestamp": 1769668937.7006507, "step": 326, "max_steps": 819, "loss": 5.755937099456787, "elapsed_time": 38.00717067718506, "learning_rate": 0.00021080779912228845, "prnt": false}
{"event": "training_step", "timestamp": 1769668937.7813978, "step": 327, "max_steps": 819, "loss": 5.801407814025879, "elapsed_time": 38.088011026382446, "learning_rate": 0.0002102543136979454, "prnt": false}
{"event": "training_step", "timestamp": 1769668937.8621345, "step": 328, "max_steps": 819, "loss": 5.874766826629639, "elapsed_time": 38.16877794265747, "learning_rate": 0.00020969984830449405, "prnt": false}
{"event": "training_step", "timestamp": 1769668937.9429748, "step": 329, "max_steps": 819, "loss": 5.894387245178223, "elapsed_time": 38.24928283691406, "learning_rate": 0.0002091444119596946, "prnt": false}
{"event": "training_step", "timestamp": 1769668938.02367, "step": 330, "max_steps": 819, "loss": 5.920827388763428, "elapsed_time": 38.3300302028656, "learning_rate": 0.00020858801369709893, "prnt": false}
{"event": "training_step", "timestamp": 1769668938.104198, "step": 331, "max_steps": 819, "loss": 5.791621208190918, "elapsed_time": 38.41074085235596, "learning_rate": 0.00020803066256590316, "prnt": false}
{"event": "training_step", "timestamp": 1769668938.1849465, "step": 332, "max_steps": 819, "loss": 5.781764030456543, "elapsed_time": 38.49130344390869, "learning_rate": 0.00020747236763080093, "prnt": false}
{"event": "training_step", "timestamp": 1769668938.2658172, "step": 333, "max_steps": 819, "loss": 5.858740329742432, "elapsed_time": 38.572166204452515, "learning_rate": 0.00020691313797183567, "prnt": false}
{"event": "training_step", "timestamp": 1769668938.3467927, "step": 334, "max_steps": 819, "loss": 5.767525672912598, "elapsed_time": 38.65298318862915, "learning_rate": 0.00020635298268425323, "prnt": false}
{"event": "training_step", "timestamp": 1769668938.427647, "step": 335, "max_steps": 819, "loss": 5.863208770751953, "elapsed_time": 38.73401355743408, "learning_rate": 0.00020579191087835363, "prnt": false}
{"event": "training_step", "timestamp": 1769668938.508405, "step": 336, "max_steps": 819, "loss": 5.782797813415527, "elapsed_time": 38.81480860710144, "learning_rate": 0.00020522993167934302, "prnt": false}
{"event": "training_step", "timestamp": 1769668938.589563, "step": 337, "max_steps": 819, "loss": 5.87023401260376, "elapsed_time": 38.895561933517456, "learning_rate": 0.00020466705422718544, "prnt": false}
{"event": "training_step", "timestamp": 1769668938.670866, "step": 338, "max_steps": 819, "loss": 5.812250137329102, "elapsed_time": 38.977643728256226, "learning_rate": 0.00020410328767645383, "prnt": false}
{"event": "training_step", "timestamp": 1769668938.7517958, "step": 339, "max_steps": 819, "loss": 5.881712436676025, "elapsed_time": 39.05811285972595, "learning_rate": 0.00020353864119618148, "prnt": false}
{"event": "training_step", "timestamp": 1769668938.83269, "step": 340, "max_steps": 819, "loss": 5.799296855926514, "elapsed_time": 39.1388201713562, "learning_rate": 0.00020297312396971265, "prnt": false}
{"event": "training_step", "timestamp": 1769668938.913411, "step": 341, "max_steps": 819, "loss": 5.7971062660217285, "elapsed_time": 39.219860553741455, "learning_rate": 0.0002024067451945533, "prnt": false}
{"event": "training_step", "timestamp": 1769668938.9941266, "step": 342, "max_steps": 819, "loss": 5.884512424468994, "elapsed_time": 39.30064845085144, "learning_rate": 0.00020183951408222166, "prnt": false}
{"event": "training_step", "timestamp": 1769668939.075375, "step": 343, "max_steps": 819, "loss": 5.907476902008057, "elapsed_time": 39.38243889808655, "learning_rate": 0.00020127143985809812, "prnt": false}
{"event": "training_step", "timestamp": 1769668939.1565502, "step": 344, "max_steps": 819, "loss": 5.8060688972473145, "elapsed_time": 39.46367621421814, "learning_rate": 0.0002007025317612754, "prnt": false}
{"event": "training_step", "timestamp": 1769668939.2376974, "step": 345, "max_steps": 819, "loss": 5.829812526702881, "elapsed_time": 39.54460287094116, "learning_rate": 0.00020013279904440825, "prnt": false}
{"event": "training_step", "timestamp": 1769668939.3187783, "step": 346, "max_steps": 819, "loss": 5.911202907562256, "elapsed_time": 39.625646352767944, "learning_rate": 0.00019956225097356287, "prnt": false}
{"event": "training_step", "timestamp": 1769668939.3998175, "step": 347, "max_steps": 819, "loss": 5.810123920440674, "elapsed_time": 39.70664429664612, "learning_rate": 0.00019899089682806636, "prnt": false}
{"event": "training_step", "timestamp": 1769668939.4807072, "step": 348, "max_steps": 819, "loss": 5.825287818908691, "elapsed_time": 39.78721761703491, "learning_rate": 0.0001984187459003557, "prnt": false}
{"event": "training_step", "timestamp": 1769668939.561843, "step": 349, "max_steps": 819, "loss": 5.769392490386963, "elapsed_time": 39.868889570236206, "learning_rate": 0.00019784580749582662, "prnt": false}
{"event": "training_step", "timestamp": 1769668939.642803, "step": 350, "max_steps": 819, "loss": 5.78120231628418, "elapsed_time": 39.949623823165894, "learning_rate": 0.00019727209093268238, "prnt": false}
{"event": "training_step", "timestamp": 1769668939.7238827, "step": 351, "max_steps": 819, "loss": 5.762655735015869, "elapsed_time": 40.038339614868164, "learning_rate": 0.00019669760554178186, "prnt": false}
{"event": "validation_result", "timestamp": 1769668940.0576153, "step": 351, "max_steps": 819, "loss": 1.1350811989328153, "elapsed_time": 40.038339614868164}
{"event": "training_step", "timestamp": 1769668941.169599, "step": 352, "max_steps": 819, "loss": 5.809200763702393, "elapsed_time": 41.47989535331726, "learning_rate": 0.00019612236066648842, "prnt": false}
{"event": "training_step", "timestamp": 1769668941.2503455, "step": 353, "max_steps": 819, "loss": 5.76161003112793, "elapsed_time": 41.557621717453, "learning_rate": 0.00019554636566251733, "prnt": false}
{"event": "training_step", "timestamp": 1769668941.3313901, "step": 354, "max_steps": 819, "loss": 5.839735507965088, "elapsed_time": 41.63824534416199, "learning_rate": 0.000194969629897784, "prnt": false}
{"event": "training_step", "timestamp": 1769668941.4123278, "step": 355, "max_steps": 819, "loss": 5.7956085205078125, "elapsed_time": 41.71897768974304, "learning_rate": 0.00019439216275225134, "prnt": false}
{"event": "training_step", "timestamp": 1769668941.4934986, "step": 356, "max_steps": 819, "loss": 5.748266696929932, "elapsed_time": 41.80051898956299, "learning_rate": 0.0001938139736177775, "prnt": false}
{"event": "training_step", "timestamp": 1769668941.5749404, "step": 357, "max_steps": 819, "loss": 5.773433685302734, "elapsed_time": 41.88145589828491, "learning_rate": 0.00019323507189796286, "prnt": false}
{"event": "training_step", "timestamp": 1769668941.6564193, "step": 358, "max_steps": 819, "loss": 5.793933391571045, "elapsed_time": 41.9627583026886, "learning_rate": 0.0001926554670079974, "prnt": false}
{"event": "training_step", "timestamp": 1769668941.7373998, "step": 359, "max_steps": 819, "loss": 5.7942376136779785, "elapsed_time": 42.0438187122345, "learning_rate": 0.00019207516837450704, "prnt": false}
{"event": "training_step", "timestamp": 1769668941.818591, "step": 360, "max_steps": 819, "loss": 5.839883327484131, "elapsed_time": 42.12524676322937, "learning_rate": 0.000191494185435401, "prnt": false}
{"event": "training_step", "timestamp": 1769668941.8997378, "step": 361, "max_steps": 819, "loss": 5.7750468254089355, "elapsed_time": 42.20659589767456, "learning_rate": 0.00019091252763971784, "prnt": false}
{"event": "training_step", "timestamp": 1769668941.9810078, "step": 362, "max_steps": 819, "loss": 5.800673007965088, "elapsed_time": 42.2876935005188, "learning_rate": 0.0001903302044474718, "prnt": false}
{"event": "training_step", "timestamp": 1769668942.0620806, "step": 363, "max_steps": 819, "loss": 5.768426418304443, "elapsed_time": 42.36867880821228, "learning_rate": 0.00018974722532949927, "prnt": false}
{"event": "training_step", "timestamp": 1769668942.143909, "step": 364, "max_steps": 819, "loss": 5.741071701049805, "elapsed_time": 42.453211069107056, "learning_rate": 0.00018916359976730427, "prnt": false}
{"event": "training_step", "timestamp": 1769668942.225725, "step": 365, "max_steps": 819, "loss": 5.824361324310303, "elapsed_time": 42.53457236289978, "learning_rate": 0.00018857933725290472, "prnt": false}
{"event": "training_step", "timestamp": 1769668942.307217, "step": 366, "max_steps": 819, "loss": 5.765151500701904, "elapsed_time": 42.61381149291992, "learning_rate": 0.00018799444728867786, "prnt": false}
{"event": "training_step", "timestamp": 1769668942.3885837, "step": 367, "max_steps": 819, "loss": 5.687431812286377, "elapsed_time": 42.69482684135437, "learning_rate": 0.00018740893938720555, "prnt": false}
{"event": "training_step", "timestamp": 1769668942.4700563, "step": 368, "max_steps": 819, "loss": 5.7647271156311035, "elapsed_time": 42.77660870552063, "learning_rate": 0.00018682282307111987, "prnt": false}
{"event": "training_step", "timestamp": 1769668942.551438, "step": 369, "max_steps": 819, "loss": 5.83220100402832, "elapsed_time": 42.85780048370361, "learning_rate": 0.00018623610787294793, "prnt": false}
{"event": "training_step", "timestamp": 1769668942.6327486, "step": 370, "max_steps": 819, "loss": 5.84358549118042, "elapsed_time": 42.93935298919678, "learning_rate": 0.00018564880333495716, "prnt": false}
{"event": "training_step", "timestamp": 1769668942.7139544, "step": 371, "max_steps": 819, "loss": 5.633245944976807, "elapsed_time": 43.02039933204651, "learning_rate": 0.00018506091900899978, "prnt": false}
{"event": "training_step", "timestamp": 1769668942.7950518, "step": 372, "max_steps": 819, "loss": 5.72392463684082, "elapsed_time": 43.101041078567505, "learning_rate": 0.0001844724644563577, "prnt": false}
{"event": "training_step", "timestamp": 1769668942.8760378, "step": 373, "max_steps": 819, "loss": 5.84186315536499, "elapsed_time": 43.18202471733093, "learning_rate": 0.00018388344924758694, "prnt": false}
{"event": "training_step", "timestamp": 1769668942.9572403, "step": 374, "max_steps": 819, "loss": 5.710580348968506, "elapsed_time": 43.26321530342102, "learning_rate": 0.0001832938829623619, "prnt": false}
{"event": "training_step", "timestamp": 1769668943.03865, "step": 375, "max_steps": 819, "loss": 5.753888130187988, "elapsed_time": 43.34506177902222, "learning_rate": 0.0001827037751893197, "prnt": false}
{"event": "training_step", "timestamp": 1769668943.1197429, "step": 376, "max_steps": 819, "loss": 5.73420524597168, "elapsed_time": 43.426445960998535, "learning_rate": 0.00018211313552590413, "prnt": false}
{"event": "training_step", "timestamp": 1769668943.2007704, "step": 377, "max_steps": 819, "loss": 5.726063251495361, "elapsed_time": 43.50766897201538, "learning_rate": 0.00018152197357820953, "prnt": false}
{"event": "training_step", "timestamp": 1769668943.282071, "step": 378, "max_steps": 819, "loss": 5.834035396575928, "elapsed_time": 43.58868384361267, "learning_rate": 0.0001809302989608247, "prnt": false}
{"event": "training_step", "timestamp": 1769668943.3630025, "step": 379, "max_steps": 819, "loss": 5.725462436676025, "elapsed_time": 43.66902422904968, "learning_rate": 0.00018033812129667636, "prnt": false}
{"event": "training_step", "timestamp": 1769668943.4440167, "step": 380, "max_steps": 819, "loss": 5.701125144958496, "elapsed_time": 43.75016140937805, "learning_rate": 0.00017974545021687274, "prnt": false}
{"event": "training_step", "timestamp": 1769668943.5249708, "step": 381, "max_steps": 819, "loss": 5.740865230560303, "elapsed_time": 43.83091402053833, "learning_rate": 0.000179152295360547, "prnt": false}
{"event": "training_step", "timestamp": 1769668943.6064572, "step": 382, "max_steps": 819, "loss": 5.812073707580566, "elapsed_time": 43.91320729255676, "learning_rate": 0.00017855866637470023, "prnt": false}
{"event": "training_step", "timestamp": 1769668943.6879506, "step": 383, "max_steps": 819, "loss": 5.754412651062012, "elapsed_time": 43.9943163394928, "learning_rate": 0.0001779645729140449, "prnt": false}
{"event": "training_step", "timestamp": 1769668943.769382, "step": 384, "max_steps": 819, "loss": 5.809326171875, "elapsed_time": 44.07625484466553, "learning_rate": 0.00017737002464084754, "prnt": false}
{"event": "training_step", "timestamp": 1769668943.8508222, "step": 385, "max_steps": 819, "loss": 5.645070552825928, "elapsed_time": 44.15737009048462, "learning_rate": 0.0001767750312247716, "prnt": false}
{"event": "training_step", "timestamp": 1769668943.932238, "step": 386, "max_steps": 819, "loss": 5.650341033935547, "elapsed_time": 44.23896241188049, "learning_rate": 0.00017617960234272048, "prnt": false}
{"event": "training_step", "timestamp": 1769668944.0134914, "step": 387, "max_steps": 819, "loss": 5.742762565612793, "elapsed_time": 44.32031846046448, "learning_rate": 0.0001755837476786799, "prnt": false}
{"event": "training_step", "timestamp": 1769668944.0949435, "step": 388, "max_steps": 819, "loss": 5.791103839874268, "elapsed_time": 44.4016854763031, "learning_rate": 0.00017498747692356022, "prnt": false}
{"event": "training_step", "timestamp": 1769668944.1762342, "step": 389, "max_steps": 819, "loss": 5.771588325500488, "elapsed_time": 44.483001947402954, "learning_rate": 0.00017439079977503942, "prnt": false}
{"event": "training_step", "timestamp": 1769668944.2571356, "step": 390, "max_steps": 819, "loss": 5.733676910400391, "elapsed_time": 44.56408071517944, "learning_rate": 0.00017379372593740475, "prnt": false}
{"event": "validation_result", "timestamp": 1769668944.5905354, "step": 390, "max_steps": 819, "loss": 1.1298161991484272, "elapsed_time": 44.56408071517944}
{"event": "training_step", "timestamp": 1769668945.667572, "step": 391, "max_steps": 819, "loss": 5.73923397064209, "elapsed_time": 45.97432041168213, "learning_rate": 0.00017319626512139527, "prnt": false}
{"event": "training_step", "timestamp": 1769668945.748895, "step": 392, "max_steps": 819, "loss": 5.762651443481445, "elapsed_time": 46.054704904556274, "learning_rate": 0.00017259842704404375, "prnt": false}
{"event": "training_step", "timestamp": 1769668945.830312, "step": 393, "max_steps": 819, "loss": 5.7038397789001465, "elapsed_time": 46.135833501815796, "learning_rate": 0.00017200022142851876, "prnt": false}
{"event": "training_step", "timestamp": 1769668945.9114213, "step": 394, "max_steps": 819, "loss": 5.715299129486084, "elapsed_time": 46.217429876327515, "learning_rate": 0.00017140165800396648, "prnt": false}
{"event": "training_step", "timestamp": 1769668945.9923313, "step": 395, "max_steps": 819, "loss": 5.717602252960205, "elapsed_time": 46.29839372634888, "learning_rate": 0.00017080274650535242, "prnt": false}
{"event": "training_step", "timestamp": 1769668946.073287, "step": 396, "max_steps": 819, "loss": 5.782435894012451, "elapsed_time": 46.37938833236694, "learning_rate": 0.000170203496673303, "prnt": false}
{"event": "training_step", "timestamp": 1769668946.1542768, "step": 397, "max_steps": 819, "loss": 5.741710662841797, "elapsed_time": 46.460471391677856, "learning_rate": 0.0001696039182539475, "prnt": false}
{"event": "training_step", "timestamp": 1769668946.2351842, "step": 398, "max_steps": 819, "loss": 5.701136112213135, "elapsed_time": 46.541393995285034, "learning_rate": 0.00016900402099875915, "prnt": false}
{"event": "training_step", "timestamp": 1769668946.3159766, "step": 399, "max_steps": 819, "loss": 5.690203666687012, "elapsed_time": 46.62208890914917, "learning_rate": 0.00016840381466439673, "prnt": false}
{"event": "training_step", "timestamp": 1769668946.3971655, "step": 400, "max_steps": 819, "loss": 5.777791500091553, "elapsed_time": 46.70307922363281, "learning_rate": 0.00016780330901254578, "prnt": false}
{"event": "training_step", "timestamp": 1769668946.4779615, "step": 401, "max_steps": 819, "loss": 5.7499494552612305, "elapsed_time": 46.78411674499512, "learning_rate": 0.00016720251380976007, "prnt": false}
{"event": "training_step", "timestamp": 1769668946.5587876, "step": 402, "max_steps": 819, "loss": 5.709968090057373, "elapsed_time": 46.86506175994873, "learning_rate": 0.00016660143882730235, "prnt": false}
{"event": "training_step", "timestamp": 1769668946.6396105, "step": 403, "max_steps": 819, "loss": 5.781538963317871, "elapsed_time": 46.94585609436035, "learning_rate": 0.00016600009384098598, "prnt": false}
{"event": "training_step", "timestamp": 1769668946.7207007, "step": 404, "max_steps": 819, "loss": 5.753303527832031, "elapsed_time": 47.02717566490173, "learning_rate": 0.00016539848863101532, "prnt": false}
{"event": "training_step", "timestamp": 1769668946.80191, "step": 405, "max_steps": 819, "loss": 5.719149112701416, "elapsed_time": 47.10777139663696, "learning_rate": 0.00016479663298182715, "prnt": false}
{"event": "training_step", "timestamp": 1769668946.883018, "step": 406, "max_steps": 819, "loss": 5.707537651062012, "elapsed_time": 47.188945293426514, "learning_rate": 0.0001641945366819313, "prnt": false}
{"event": "training_step", "timestamp": 1769668946.963826, "step": 407, "max_steps": 819, "loss": 5.690403938293457, "elapsed_time": 47.269919872283936, "learning_rate": 0.00016359220952375168, "prnt": false}
{"event": "training_step", "timestamp": 1769668947.0448945, "step": 408, "max_steps": 819, "loss": 5.746426105499268, "elapsed_time": 47.3509418964386, "learning_rate": 0.00016298966130346657, "prnt": false}
{"event": "training_step", "timestamp": 1769668947.1258678, "step": 409, "max_steps": 819, "loss": 5.650617599487305, "elapsed_time": 47.431748390197754, "learning_rate": 0.00016238690182084986, "prnt": false}
{"event": "training_step", "timestamp": 1769668947.2069826, "step": 410, "max_steps": 819, "loss": 5.6995015144348145, "elapsed_time": 47.51296639442444, "learning_rate": 0.00016178394087911112, "prnt": false}
{"event": "training_step", "timestamp": 1769668947.2878942, "step": 411, "max_steps": 819, "loss": 5.696605682373047, "elapsed_time": 47.593950510025024, "learning_rate": 0.00016118078828473664, "prnt": false}
{"event": "training_step", "timestamp": 1769668947.3689396, "step": 412, "max_steps": 819, "loss": 5.670602798461914, "elapsed_time": 47.67495083808899, "learning_rate": 0.00016057745384732966, "prnt": false}
{"event": "training_step", "timestamp": 1769668947.4499085, "step": 413, "max_steps": 819, "loss": 5.641287326812744, "elapsed_time": 47.75580286979675, "learning_rate": 0.00015997394737945082, "prnt": false}
{"event": "training_step", "timestamp": 1769668947.5310442, "step": 414, "max_steps": 819, "loss": 5.654848575592041, "elapsed_time": 47.837071657180786, "learning_rate": 0.00015937027869645872, "prnt": false}
{"event": "training_step", "timestamp": 1769668947.6115706, "step": 415, "max_steps": 819, "loss": 5.681906700134277, "elapsed_time": 47.91798686981201, "learning_rate": 0.00015876645761635027, "prnt": false}
{"event": "training_step", "timestamp": 1769668947.6926847, "step": 416, "max_steps": 819, "loss": 5.709043502807617, "elapsed_time": 47.99867486953735, "learning_rate": 0.00015816249395960076, "prnt": false}
{"event": "training_step", "timestamp": 1769668947.7737608, "step": 417, "max_steps": 819, "loss": 5.706910610198975, "elapsed_time": 48.07961058616638, "learning_rate": 0.0001575583975490045, "prnt": false}
{"event": "training_step", "timestamp": 1769668947.854851, "step": 418, "max_steps": 819, "loss": 5.704370021820068, "elapsed_time": 48.16101050376892, "learning_rate": 0.00015695417820951486, "prnt": false}
{"event": "training_step", "timestamp": 1769668947.9357994, "step": 419, "max_steps": 819, "loss": 5.653659343719482, "elapsed_time": 48.24187874794006, "learning_rate": 0.00015634984576808438, "prnt": false}
{"event": "training_step", "timestamp": 1769668948.016926, "step": 420, "max_steps": 819, "loss": 5.676774501800537, "elapsed_time": 48.32295322418213, "learning_rate": 0.0001557454100535053, "prnt": false}
{"event": "training_step", "timestamp": 1769668948.0979698, "step": 421, "max_steps": 819, "loss": 5.748843669891357, "elapsed_time": 48.403772830963135, "learning_rate": 0.0001551408808962493, "prnt": false}
{"event": "training_step", "timestamp": 1769668948.178848, "step": 422, "max_steps": 819, "loss": 5.66159725189209, "elapsed_time": 48.48515558242798, "learning_rate": 0.00015453626812830787, "prnt": false}
{"event": "training_step", "timestamp": 1769668948.2595034, "step": 423, "max_steps": 819, "loss": 5.603524684906006, "elapsed_time": 48.565720319747925, "learning_rate": 0.00015393158158303236, "prnt": false}
{"event": "training_step", "timestamp": 1769668948.3407204, "step": 424, "max_steps": 819, "loss": 5.740769386291504, "elapsed_time": 48.64646625518799, "learning_rate": 0.00015332683109497394, "prnt": false}
{"event": "training_step", "timestamp": 1769668948.421561, "step": 425, "max_steps": 819, "loss": 5.684689521789551, "elapsed_time": 48.727561950683594, "learning_rate": 0.00015272202649972385, "prnt": false}
{"event": "training_step", "timestamp": 1769668948.502635, "step": 426, "max_steps": 819, "loss": 5.721606254577637, "elapsed_time": 48.80859875679016, "learning_rate": 0.00015211717763375323, "prnt": false}
{"event": "training_step", "timestamp": 1769668948.5835598, "step": 427, "max_steps": 819, "loss": 5.675332069396973, "elapsed_time": 48.88951754570007, "learning_rate": 0.0001515122943342533, "prnt": false}
{"event": "training_step", "timestamp": 1769668948.6646438, "step": 428, "max_steps": 819, "loss": 5.592207908630371, "elapsed_time": 48.97075271606445, "learning_rate": 0.00015090738643897523, "prnt": false}
{"event": "training_step", "timestamp": 1769668948.7461503, "step": 429, "max_steps": 819, "loss": 5.663198471069336, "elapsed_time": 49.052053689956665, "learning_rate": 0.00015030246378607028, "prnt": false}
{"event": "validation_result", "timestamp": 1769668949.0805268, "step": 429, "max_steps": 819, "loss": 1.1248364895072052, "elapsed_time": 49.052053689956665}
{"event": "training_step", "timestamp": 1769668950.1613345, "step": 430, "max_steps": 819, "loss": 5.695196151733398, "elapsed_time": 50.46844172477722, "learning_rate": 0.00014969753621392972, "prnt": false}
{"event": "training_step", "timestamp": 1769668950.2425559, "step": 431, "max_steps": 819, "loss": 5.715435028076172, "elapsed_time": 50.54838442802429, "learning_rate": 0.0001490926135610248, "prnt": false}
{"event": "training_step", "timestamp": 1769668950.3234923, "step": 432, "max_steps": 819, "loss": 5.665269374847412, "elapsed_time": 50.629554986953735, "learning_rate": 0.0001484877056657467, "prnt": false}
{"event": "training_step", "timestamp": 1769668950.4041507, "step": 433, "max_steps": 819, "loss": 5.604568004608154, "elapsed_time": 50.71032905578613, "learning_rate": 0.00014788282236624675, "prnt": false}
{"event": "training_step", "timestamp": 1769668950.4851596, "step": 434, "max_steps": 819, "loss": 5.655141353607178, "elapsed_time": 50.791093587875366, "learning_rate": 0.00014727797350027615, "prnt": false}
{"event": "training_step", "timestamp": 1769668950.5662315, "step": 435, "max_steps": 819, "loss": 5.618309497833252, "elapsed_time": 50.87208604812622, "learning_rate": 0.00014667316890502603, "prnt": false}
{"event": "training_step", "timestamp": 1769668950.6475844, "step": 436, "max_steps": 819, "loss": 5.661905288696289, "elapsed_time": 50.953386545181274, "learning_rate": 0.00014606841841696764, "prnt": false}
{"event": "training_step", "timestamp": 1769668950.7287967, "step": 437, "max_steps": 819, "loss": 5.681151390075684, "elapsed_time": 51.034518003463745, "learning_rate": 0.00014546373187169213, "prnt": false}
{"event": "training_step", "timestamp": 1769668950.8101318, "step": 438, "max_steps": 819, "loss": 5.613423824310303, "elapsed_time": 51.116350412368774, "learning_rate": 0.00014485911910375066, "prnt": false}
{"event": "training_step", "timestamp": 1769668950.8911846, "step": 439, "max_steps": 819, "loss": 5.619706153869629, "elapsed_time": 51.19703388214111, "learning_rate": 0.0001442545899464947, "prnt": false}
{"event": "training_step", "timestamp": 1769668950.9723516, "step": 440, "max_steps": 819, "loss": 5.6551833152771, "elapsed_time": 51.278240442276, "learning_rate": 0.00014365015423191562, "prnt": false}
{"event": "training_step", "timestamp": 1769668951.0534256, "step": 441, "max_steps": 819, "loss": 5.6187920570373535, "elapsed_time": 51.359294176101685, "learning_rate": 0.00014304582179048515, "prnt": false}
{"event": "training_step", "timestamp": 1769668951.134567, "step": 442, "max_steps": 819, "loss": 5.630146026611328, "elapsed_time": 51.44046592712402, "learning_rate": 0.0001424416024509955, "prnt": false}
{"event": "training_step", "timestamp": 1769668951.2155366, "step": 443, "max_steps": 819, "loss": 5.666151523590088, "elapsed_time": 51.52163767814636, "learning_rate": 0.00014183750604039924, "prnt": false}
{"event": "training_step", "timestamp": 1769668951.2965891, "step": 444, "max_steps": 819, "loss": 5.642182350158691, "elapsed_time": 51.60261416435242, "learning_rate": 0.00014123354238364976, "prnt": false}
{"event": "training_step", "timestamp": 1769668951.3774233, "step": 445, "max_steps": 819, "loss": 5.598271369934082, "elapsed_time": 51.68345332145691, "learning_rate": 0.00014062972130354123, "prnt": false}
{"event": "training_step", "timestamp": 1769668951.4585197, "step": 446, "max_steps": 819, "loss": 5.629563331604004, "elapsed_time": 51.76436948776245, "learning_rate": 0.00014002605262054918, "prnt": false}
{"event": "training_step", "timestamp": 1769668951.5393198, "step": 447, "max_steps": 819, "loss": 5.585031509399414, "elapsed_time": 51.84535527229309, "learning_rate": 0.00013942254615267036, "prnt": false}
{"event": "training_step", "timestamp": 1769668951.6202998, "step": 448, "max_steps": 819, "loss": 5.666782855987549, "elapsed_time": 51.92674398422241, "learning_rate": 0.0001388192117152633, "prnt": false}
{"event": "training_step", "timestamp": 1769668951.7013226, "step": 449, "max_steps": 819, "loss": 5.675967693328857, "elapsed_time": 52.00719690322876, "learning_rate": 0.00013821605912088885, "prnt": false}
{"event": "training_step", "timestamp": 1769668951.7824848, "step": 450, "max_steps": 819, "loss": 5.610513210296631, "elapsed_time": 52.088518142700195, "learning_rate": 0.00013761309817915014, "prnt": false}
{"event": "training_step", "timestamp": 1769668951.8634956, "step": 451, "max_steps": 819, "loss": 5.652211666107178, "elapsed_time": 52.16943097114563, "learning_rate": 0.00013701033869653338, "prnt": false}
{"event": "training_step", "timestamp": 1769668951.9446754, "step": 452, "max_steps": 819, "loss": 5.6250715255737305, "elapsed_time": 52.250609397888184, "learning_rate": 0.0001364077904762483, "prnt": false}
{"event": "training_step", "timestamp": 1769668952.0259256, "step": 453, "max_steps": 819, "loss": 5.648498058319092, "elapsed_time": 52.33156752586365, "learning_rate": 0.0001358054633180687, "prnt": false}
{"event": "training_step", "timestamp": 1769668952.107324, "step": 454, "max_steps": 819, "loss": 5.623566150665283, "elapsed_time": 52.413071155548096, "learning_rate": 0.0001352033670181729, "prnt": false}
{"event": "training_step", "timestamp": 1769668952.1885476, "step": 455, "max_steps": 819, "loss": 5.757664203643799, "elapsed_time": 52.49465560913086, "learning_rate": 0.00013460151136898468, "prnt": false}
{"event": "training_step", "timestamp": 1769668952.269691, "step": 456, "max_steps": 819, "loss": 5.627286911010742, "elapsed_time": 52.575504541397095, "learning_rate": 0.00013399990615901402, "prnt": false}
{"event": "training_step", "timestamp": 1769668952.3507118, "step": 457, "max_steps": 819, "loss": 5.6542277336120605, "elapsed_time": 52.65656900405884, "learning_rate": 0.00013339856117269762, "prnt": false}
{"event": "training_step", "timestamp": 1769668952.4318156, "step": 458, "max_steps": 819, "loss": 5.60821008682251, "elapsed_time": 52.73772644996643, "learning_rate": 0.00013279748619023993, "prnt": false}
{"event": "training_step", "timestamp": 1769668952.512926, "step": 459, "max_steps": 819, "loss": 5.612650394439697, "elapsed_time": 52.818904399871826, "learning_rate": 0.0001321966909874542, "prnt": false}
{"event": "training_step", "timestamp": 1769668952.594055, "step": 460, "max_steps": 819, "loss": 5.640873908996582, "elapsed_time": 52.90014886856079, "learning_rate": 0.0001315961853356033, "prnt": false}
{"event": "training_step", "timestamp": 1769668952.675142, "step": 461, "max_steps": 819, "loss": 5.639819145202637, "elapsed_time": 52.98118185997009, "learning_rate": 0.0001309959790012408, "prnt": false}
{"event": "training_step", "timestamp": 1769668952.7565348, "step": 462, "max_steps": 819, "loss": 5.599368095397949, "elapsed_time": 53.06218600273132, "learning_rate": 0.0001303960817460525, "prnt": false}
{"event": "training_step", "timestamp": 1769668952.837681, "step": 463, "max_steps": 819, "loss": 5.683228015899658, "elapsed_time": 53.14374494552612, "learning_rate": 0.000129796503326697, "prnt": false}
{"event": "training_step", "timestamp": 1769668952.9186096, "step": 464, "max_steps": 819, "loss": 5.612814426422119, "elapsed_time": 53.2247748374939, "learning_rate": 0.0001291972534946476, "prnt": false}
{"event": "training_step", "timestamp": 1769668952.9995103, "step": 465, "max_steps": 819, "loss": 5.636031150817871, "elapsed_time": 53.305647134780884, "learning_rate": 0.00012859834199603352, "prnt": false}
{"event": "training_step", "timestamp": 1769668953.0805433, "step": 466, "max_steps": 819, "loss": 5.574122428894043, "elapsed_time": 53.38647413253784, "learning_rate": 0.00012799977857148122, "prnt": false}
{"event": "training_step", "timestamp": 1769668953.1616333, "step": 467, "max_steps": 819, "loss": 5.555484771728516, "elapsed_time": 53.4675030708313, "learning_rate": 0.00012740157295595628, "prnt": false}
{"event": "training_step", "timestamp": 1769668953.2429857, "step": 468, "max_steps": 819, "loss": 5.658804893493652, "elapsed_time": 53.54868698120117, "learning_rate": 0.00012680373487860473, "prnt": false}
{"event": "validation_result", "timestamp": 1769668953.5768044, "step": 468, "max_steps": 819, "loss": 1.1206297745122487, "elapsed_time": 53.54868698120117}
{"event": "training_step", "timestamp": 1769668954.6661394, "step": 469, "max_steps": 819, "loss": 5.5789594650268555, "elapsed_time": 54.97352075576782, "learning_rate": 0.00012620627406259525, "prnt": false}
{"event": "training_step", "timestamp": 1769668954.7472196, "step": 470, "max_steps": 819, "loss": 5.573098659515381, "elapsed_time": 55.05333685874939, "learning_rate": 0.0001256092002249606, "prnt": false}
{"event": "training_step", "timestamp": 1769668954.8283556, "step": 471, "max_steps": 819, "loss": 5.596033573150635, "elapsed_time": 55.134530782699585, "learning_rate": 0.00012501252307643975, "prnt": false}
{"event": "training_step", "timestamp": 1769668954.9093392, "step": 472, "max_steps": 819, "loss": 5.561122894287109, "elapsed_time": 55.21528363227844, "learning_rate": 0.0001244162523213201, "prnt": false}
{"event": "training_step", "timestamp": 1769668954.9904418, "step": 473, "max_steps": 819, "loss": 5.543221473693848, "elapsed_time": 55.29634690284729, "learning_rate": 0.0001238203976572795, "prnt": false}
{"event": "training_step", "timestamp": 1769668955.0716608, "step": 474, "max_steps": 819, "loss": 5.57580041885376, "elapsed_time": 55.37731337547302, "learning_rate": 0.00012322496877522837, "prnt": false}
{"event": "training_step", "timestamp": 1769668955.152667, "step": 475, "max_steps": 819, "loss": 5.559370040893555, "elapsed_time": 55.45889401435852, "learning_rate": 0.0001226299753591525, "prnt": false}
{"event": "training_step", "timestamp": 1769668955.233612, "step": 476, "max_steps": 819, "loss": 5.536957740783691, "elapsed_time": 55.53957414627075, "learning_rate": 0.0001220354270859551, "prnt": false}
{"event": "training_step", "timestamp": 1769668955.3146508, "step": 477, "max_steps": 819, "loss": 5.550156116485596, "elapsed_time": 55.62064814567566, "learning_rate": 0.00012144133362529971, "prnt": false}
{"event": "training_step", "timestamp": 1769668955.3956501, "step": 478, "max_steps": 819, "loss": 5.583506107330322, "elapsed_time": 55.70151329040527, "learning_rate": 0.000120847704639453, "prnt": false}
{"event": "training_step", "timestamp": 1769668955.476942, "step": 479, "max_steps": 819, "loss": 5.571237564086914, "elapsed_time": 55.78258752822876, "learning_rate": 0.00012025454978312726, "prnt": false}
{"event": "training_step", "timestamp": 1769668955.5581212, "step": 480, "max_steps": 819, "loss": 5.587798595428467, "elapsed_time": 55.863940954208374, "learning_rate": 0.00011966187870332366, "prnt": false}
{"event": "training_step", "timestamp": 1769668955.6389904, "step": 481, "max_steps": 819, "loss": 5.557287216186523, "elapsed_time": 55.94532561302185, "learning_rate": 0.0001190697010391753, "prnt": false}
{"event": "training_step", "timestamp": 1769668955.7199614, "step": 482, "max_steps": 819, "loss": 5.620500087738037, "elapsed_time": 56.02588224411011, "learning_rate": 0.00011847802642179047, "prnt": false}
{"event": "training_step", "timestamp": 1769668955.8011115, "step": 483, "max_steps": 819, "loss": 5.580479145050049, "elapsed_time": 56.10695433616638, "learning_rate": 0.0001178868644740959, "prnt": false}
{"event": "training_step", "timestamp": 1769668955.8820071, "step": 484, "max_steps": 819, "loss": 5.53270149230957, "elapsed_time": 56.18794393539429, "learning_rate": 0.00011729622481068027, "prnt": false}
{"event": "training_step", "timestamp": 1769668955.963112, "step": 485, "max_steps": 819, "loss": 5.609166145324707, "elapsed_time": 56.26905107498169, "learning_rate": 0.0001167061170376381, "prnt": false}
{"event": "training_step", "timestamp": 1769668956.0443633, "step": 486, "max_steps": 819, "loss": 5.619011402130127, "elapsed_time": 56.349971771240234, "learning_rate": 0.00011611655075241309, "prnt": false}
{"event": "training_step", "timestamp": 1769668956.1259015, "step": 487, "max_steps": 819, "loss": 5.617608070373535, "elapsed_time": 56.43130564689636, "learning_rate": 0.00011552753554364226, "prnt": false}
{"event": "training_step", "timestamp": 1769668956.2071695, "step": 488, "max_steps": 819, "loss": 5.565798759460449, "elapsed_time": 56.51288175582886, "learning_rate": 0.00011493908099100021, "prnt": false}
{"event": "training_step", "timestamp": 1769668956.2882361, "step": 489, "max_steps": 819, "loss": 5.654251575469971, "elapsed_time": 56.59413933753967, "learning_rate": 0.00011435119666504284, "prnt": false}
{"event": "training_step", "timestamp": 1769668956.3692873, "step": 490, "max_steps": 819, "loss": 5.5147318840026855, "elapsed_time": 56.67516350746155, "learning_rate": 0.00011376389212705206, "prnt": false}
{"event": "training_step", "timestamp": 1769668956.450403, "step": 491, "max_steps": 819, "loss": 5.582827091217041, "elapsed_time": 56.756203413009644, "learning_rate": 0.00011317717692888012, "prnt": false}
{"event": "training_step", "timestamp": 1769668956.5314238, "step": 492, "max_steps": 819, "loss": 5.525143623352051, "elapsed_time": 56.83730864524841, "learning_rate": 0.00011259106061279444, "prnt": false}
{"event": "training_step", "timestamp": 1769668956.6125202, "step": 493, "max_steps": 819, "loss": 5.628605842590332, "elapsed_time": 56.918474197387695, "learning_rate": 0.00011200555271132215, "prnt": false}
{"event": "training_step", "timestamp": 1769668956.6935744, "step": 494, "max_steps": 819, "loss": 5.547393798828125, "elapsed_time": 56.99948191642761, "learning_rate": 0.00011142066274709523, "prnt": false}
{"event": "training_step", "timestamp": 1769668956.7747238, "step": 495, "max_steps": 819, "loss": 5.60017728805542, "elapsed_time": 57.080564975738525, "learning_rate": 0.00011083640023269573, "prnt": false}
{"event": "training_step", "timestamp": 1769668956.856012, "step": 496, "max_steps": 819, "loss": 5.563714981079102, "elapsed_time": 57.16200566291809, "learning_rate": 0.00011025277467050076, "prnt": false}
{"event": "training_step", "timestamp": 1769668956.937065, "step": 497, "max_steps": 819, "loss": 5.643115520477295, "elapsed_time": 57.24316930770874, "learning_rate": 0.00010966979555252815, "prnt": false}
{"event": "training_step", "timestamp": 1769668957.017892, "step": 498, "max_steps": 819, "loss": 5.60774040222168, "elapsed_time": 57.32399797439575, "learning_rate": 0.00010908747236028214, "prnt": false}
{"event": "training_step", "timestamp": 1769668957.0990586, "step": 499, "max_steps": 819, "loss": 5.536381244659424, "elapsed_time": 57.40484380722046, "learning_rate": 0.00010850581456459896, "prnt": false}
{"event": "training_step", "timestamp": 1769668957.1802762, "step": 500, "max_steps": 819, "loss": 5.524803638458252, "elapsed_time": 57.48611497879028, "learning_rate": 0.0001079248316254929, "prnt": false}
{"event": "training_step", "timestamp": 1769668957.2614074, "step": 501, "max_steps": 819, "loss": 5.548908233642578, "elapsed_time": 57.56722831726074, "learning_rate": 0.00010734453299200262, "prnt": false}
{"event": "training_step", "timestamp": 1769668957.3425515, "step": 502, "max_steps": 819, "loss": 5.433877944946289, "elapsed_time": 57.64831614494324, "learning_rate": 0.0001067649281020371, "prnt": false}
{"event": "training_step", "timestamp": 1769668957.423963, "step": 503, "max_steps": 819, "loss": 5.597497463226318, "elapsed_time": 57.72957897186279, "learning_rate": 0.00010618602638222253, "prnt": false}
{"event": "training_step", "timestamp": 1769668957.5054767, "step": 504, "max_steps": 819, "loss": 5.527060508728027, "elapsed_time": 57.81109952926636, "learning_rate": 0.00010560783724774865, "prnt": false}
{"event": "training_step", "timestamp": 1769668957.586826, "step": 505, "max_steps": 819, "loss": 5.601643085479736, "elapsed_time": 57.89257454872131, "learning_rate": 0.00010503037010221601, "prnt": false}
{"event": "training_step", "timestamp": 1769668957.6681051, "step": 506, "max_steps": 819, "loss": 5.585259914398193, "elapsed_time": 57.97382616996765, "learning_rate": 0.00010445363433748264, "prnt": false}
{"event": "training_step", "timestamp": 1769668957.749304, "step": 507, "max_steps": 819, "loss": 5.540754318237305, "elapsed_time": 58.055179834365845, "learning_rate": 0.00010387763933351156, "prnt": false}
{"event": "validation_result", "timestamp": 1769668958.0833156, "step": 507, "max_steps": 819, "loss": 1.1177061913746846, "elapsed_time": 58.055179834365845}
{"event": "training_step", "timestamp": 1769668959.1681824, "step": 508, "max_steps": 819, "loss": 5.468319416046143, "elapsed_time": 59.47547435760498, "learning_rate": 0.0001033023944582181, "prnt": false}
{"event": "training_step", "timestamp": 1769668959.249359, "step": 509, "max_steps": 819, "loss": 5.484663486480713, "elapsed_time": 59.555421590805054, "learning_rate": 0.00010272790906731767, "prnt": false}
{"event": "training_step", "timestamp": 1769668959.3305414, "step": 510, "max_steps": 819, "loss": 5.567649841308594, "elapsed_time": 59.636176109313965, "learning_rate": 0.00010215419250417333, "prnt": false}
{"event": "training_step", "timestamp": 1769668959.4117084, "step": 511, "max_steps": 819, "loss": 5.527487754821777, "elapsed_time": 59.71751070022583, "learning_rate": 0.00010158125409964428, "prnt": false}
{"event": "training_step", "timestamp": 1769668959.4926805, "step": 512, "max_steps": 819, "loss": 5.491664409637451, "elapsed_time": 59.798598289489746, "learning_rate": 0.00010100910317193364, "prnt": false}
{"event": "training_step", "timestamp": 1769668959.5738661, "step": 513, "max_steps": 819, "loss": 5.487788200378418, "elapsed_time": 59.87977123260498, "learning_rate": 0.00010043774902643711, "prnt": false}
{"event": "training_step", "timestamp": 1769668959.6547039, "step": 514, "max_steps": 819, "loss": 5.603006839752197, "elapsed_time": 59.960872650146484, "learning_rate": 9.986720095559176e-05, "prnt": false}
{"event": "training_step", "timestamp": 1769668959.7355692, "step": 515, "max_steps": 819, "loss": 5.604188442230225, "elapsed_time": 60.04179859161377, "learning_rate": 9.92974682387246e-05, "prnt": false}
{"event": "training_step", "timestamp": 1769668959.8166249, "step": 516, "max_steps": 819, "loss": 5.564155101776123, "elapsed_time": 60.12243318557739, "learning_rate": 9.872856014190189e-05, "prnt": false}
{"event": "training_step", "timestamp": 1769668959.8979075, "step": 517, "max_steps": 819, "loss": 5.508174896240234, "elapsed_time": 60.203611612319946, "learning_rate": 9.81604859177783e-05, "prnt": false}
{"event": "training_step", "timestamp": 1769668959.9788725, "step": 518, "max_steps": 819, "loss": 5.555317401885986, "elapsed_time": 60.284873485565186, "learning_rate": 9.759325480544667e-05, "prnt": false}
{"event": "training_step", "timestamp": 1769668960.0599797, "step": 519, "max_steps": 819, "loss": 5.5318474769592285, "elapsed_time": 60.365856885910034, "learning_rate": 9.702687603028736e-05, "prnt": false}
{"event": "training_step", "timestamp": 1769668960.1411054, "step": 520, "max_steps": 819, "loss": 5.560634136199951, "elapsed_time": 60.44683337211609, "learning_rate": 9.646135880381851e-05, "prnt": false}
{"event": "training_step", "timestamp": 1769668960.2225082, "step": 521, "max_steps": 819, "loss": 5.5901780128479, "elapsed_time": 60.528149366378784, "learning_rate": 9.589671232354615e-05, "prnt": false}
{"event": "training_step", "timestamp": 1769668960.3037667, "step": 522, "max_steps": 819, "loss": 5.582479953765869, "elapsed_time": 60.609670877456665, "learning_rate": 9.533294577281459e-05, "prnt": false}
{"event": "training_step", "timestamp": 1769668960.3851008, "step": 523, "max_steps": 819, "loss": 5.497889518737793, "elapsed_time": 60.690794944763184, "learning_rate": 9.477006832065694e-05, "prnt": false}
{"event": "training_step", "timestamp": 1769668960.4662943, "step": 524, "max_steps": 819, "loss": 5.4936699867248535, "elapsed_time": 60.77198791503906, "learning_rate": 9.420808912164637e-05, "prnt": false}
{"event": "training_step", "timestamp": 1769668960.5474112, "step": 525, "max_steps": 819, "loss": 5.519276142120361, "elapsed_time": 60.853392362594604, "learning_rate": 9.364701731574677e-05, "prnt": false}
{"event": "training_step", "timestamp": 1769668960.6284802, "step": 526, "max_steps": 819, "loss": 5.5353264808654785, "elapsed_time": 60.934388875961304, "learning_rate": 9.308686202816433e-05, "prnt": false}
{"event": "training_step", "timestamp": 1769668960.7096746, "step": 527, "max_steps": 819, "loss": 5.50937557220459, "elapsed_time": 61.0154595375061, "learning_rate": 9.252763236919906e-05, "prnt": false}
{"event": "training_step", "timestamp": 1769668960.790771, "step": 528, "max_steps": 819, "loss": 5.48075532913208, "elapsed_time": 61.09664225578308, "learning_rate": 9.196933743409682e-05, "prnt": false}
{"event": "training_step", "timestamp": 1769668960.872167, "step": 529, "max_steps": 819, "loss": 5.605180263519287, "elapsed_time": 61.17824864387512, "learning_rate": 9.141198630290107e-05, "prnt": false}
{"event": "training_step", "timestamp": 1769668960.9533987, "step": 530, "max_steps": 819, "loss": 5.458742618560791, "elapsed_time": 61.25905513763428, "learning_rate": 9.085558804030533e-05, "prnt": false}
{"event": "training_step", "timestamp": 1769668961.0343924, "step": 531, "max_steps": 819, "loss": 5.527896404266357, "elapsed_time": 61.34035563468933, "learning_rate": 9.030015169550597e-05, "prnt": false}
{"event": "training_step", "timestamp": 1769668961.1153255, "step": 532, "max_steps": 819, "loss": 5.572725296020508, "elapsed_time": 61.421226978302, "learning_rate": 8.97456863020546e-05, "prnt": false}
{"event": "training_step", "timestamp": 1769668961.196491, "step": 533, "max_steps": 819, "loss": 5.511473655700684, "elapsed_time": 61.50232481956482, "learning_rate": 8.919220087771153e-05, "prnt": false}
{"event": "training_step", "timestamp": 1769668961.2776947, "step": 534, "max_steps": 819, "loss": 5.5045857429504395, "elapsed_time": 61.583441495895386, "learning_rate": 8.8639704424299e-05, "prnt": false}
{"event": "training_step", "timestamp": 1769668961.3588433, "step": 535, "max_steps": 819, "loss": 5.5220255851745605, "elapsed_time": 61.66477942466736, "learning_rate": 8.808820592755467e-05, "prnt": false}
{"event": "training_step", "timestamp": 1769668961.4398918, "step": 536, "max_steps": 819, "loss": 5.4213643074035645, "elapsed_time": 61.745694398880005, "learning_rate": 8.753771435698552e-05, "prnt": false}
{"event": "training_step", "timestamp": 1769668961.5212784, "step": 537, "max_steps": 819, "loss": 5.538233280181885, "elapsed_time": 61.826850175857544, "learning_rate": 8.698823866572212e-05, "prnt": false}
{"event": "training_step", "timestamp": 1769668961.602629, "step": 538, "max_steps": 819, "loss": 5.541488170623779, "elapsed_time": 61.90811014175415, "learning_rate": 8.643978779037276e-05, "prnt": false}
{"event": "training_step", "timestamp": 1769668961.6840177, "step": 539, "max_steps": 819, "loss": 5.405982971191406, "elapsed_time": 61.98974895477295, "learning_rate": 8.589237065087837e-05, "prnt": false}
{"event": "training_step", "timestamp": 1769668961.7653937, "step": 540, "max_steps": 819, "loss": 5.5108561515808105, "elapsed_time": 62.0710244178772, "learning_rate": 8.534599615036721e-05, "prnt": false}
{"event": "training_step", "timestamp": 1769668961.8466191, "step": 541, "max_steps": 819, "loss": 5.456230163574219, "elapsed_time": 62.152618646621704, "learning_rate": 8.480067317501018e-05, "prnt": false}
{"event": "training_step", "timestamp": 1769668961.9278336, "step": 542, "max_steps": 819, "loss": 5.5211310386657715, "elapsed_time": 62.23385262489319, "learning_rate": 8.425641059387647e-05, "prnt": false}
{"event": "training_step", "timestamp": 1769668962.009009, "step": 543, "max_steps": 819, "loss": 5.458127498626709, "elapsed_time": 62.31487417221069, "learning_rate": 8.371321725878898e-05, "prnt": false}
{"event": "training_step", "timestamp": 1769668962.090166, "step": 544, "max_steps": 819, "loss": 5.470094680786133, "elapsed_time": 62.39595580101013, "learning_rate": 8.317110200418054e-05, "prnt": false}
{"event": "training_step", "timestamp": 1769668962.1714652, "step": 545, "max_steps": 819, "loss": 5.45794677734375, "elapsed_time": 62.47723054885864, "learning_rate": 8.263007364695022e-05, "prnt": false}
{"event": "training_step", "timestamp": 1769668962.25286, "step": 546, "max_steps": 819, "loss": 5.520634651184082, "elapsed_time": 62.558419942855835, "learning_rate": 8.209014098631989e-05, "prnt": false}
{"event": "validation_result", "timestamp": 1769668962.5872288, "step": 546, "max_steps": 819, "loss": 1.1144161926917915, "elapsed_time": 62.558419942855835}
{"event": "training_step", "timestamp": 1769668963.6650004, "step": 547, "max_steps": 819, "loss": 5.513431072235107, "elapsed_time": 63.971901655197144, "learning_rate": 8.155131280369127e-05, "prnt": false}
{"event": "training_step", "timestamp": 1769668963.7464397, "step": 548, "max_steps": 819, "loss": 5.500012397766113, "elapsed_time": 64.05211520195007, "learning_rate": 8.101359786250282e-05, "prnt": false}
{"event": "training_step", "timestamp": 1769668963.827552, "step": 549, "max_steps": 819, "loss": 5.5039963722229, "elapsed_time": 64.13340544700623, "learning_rate": 8.047700490808737e-05, "prnt": false}
{"event": "training_step", "timestamp": 1769668963.9085627, "step": 550, "max_steps": 819, "loss": 5.537858486175537, "elapsed_time": 64.21457076072693, "learning_rate": 7.994154266753008e-05, "prnt": false}
{"event": "training_step", "timestamp": 1769668963.9896789, "step": 551, "max_steps": 819, "loss": 5.536333084106445, "elapsed_time": 64.29558324813843, "learning_rate": 7.940721984952612e-05, "prnt": false}
{"event": "training_step", "timestamp": 1769668964.0706632, "step": 552, "max_steps": 819, "loss": 5.503515243530273, "elapsed_time": 64.37654376029968, "learning_rate": 7.887404514423928e-05, "prnt": false}
{"event": "training_step", "timestamp": 1769668964.1517756, "step": 553, "max_steps": 819, "loss": 5.481902122497559, "elapsed_time": 64.45803737640381, "learning_rate": 7.834202722316054e-05, "prnt": false}
{"event": "training_step", "timestamp": 1769668964.2329264, "step": 554, "max_steps": 819, "loss": 5.4169535636901855, "elapsed_time": 64.53882217407227, "learning_rate": 7.781117473896722e-05, "prnt": false}
{"event": "training_step", "timestamp": 1769668964.3141024, "step": 555, "max_steps": 819, "loss": 5.442985534667969, "elapsed_time": 64.62008666992188, "learning_rate": 7.728149632538198e-05, "prnt": false}
{"event": "training_step", "timestamp": 1769668964.394936, "step": 556, "max_steps": 819, "loss": 5.50486421585083, "elapsed_time": 64.70098495483398, "learning_rate": 7.675300059703254e-05, "prnt": false}
{"event": "training_step", "timestamp": 1769668964.476015, "step": 557, "max_steps": 819, "loss": 5.482873439788818, "elapsed_time": 64.78192734718323, "learning_rate": 7.622569614931163e-05, "prnt": false}
{"event": "training_step", "timestamp": 1769668964.5570624, "step": 558, "max_steps": 819, "loss": 5.463106155395508, "elapsed_time": 64.86297273635864, "learning_rate": 7.569959155823704e-05, "prnt": false}
{"event": "training_step", "timestamp": 1769668964.638553, "step": 559, "max_steps": 819, "loss": 5.508706092834473, "elapsed_time": 64.94418144226074, "learning_rate": 7.517469538031229e-05, "prnt": false}
{"event": "training_step", "timestamp": 1769668964.7197735, "step": 560, "max_steps": 819, "loss": 5.484519004821777, "elapsed_time": 65.02539539337158, "learning_rate": 7.465101615238747e-05, "prnt": false}
{"event": "training_step", "timestamp": 1769668964.8010437, "step": 561, "max_steps": 819, "loss": 5.539398193359375, "elapsed_time": 65.10677337646484, "learning_rate": 7.412856239152024e-05, "prnt": false}
{"event": "training_step", "timestamp": 1769668964.8825462, "step": 562, "max_steps": 819, "loss": 5.449434757232666, "elapsed_time": 65.18825078010559, "learning_rate": 7.360734259483746e-05, "prnt": false}
{"event": "training_step", "timestamp": 1769668964.9635265, "step": 563, "max_steps": 819, "loss": 5.406164169311523, "elapsed_time": 65.26971316337585, "learning_rate": 7.30873652393968e-05, "prnt": false}
{"event": "training_step", "timestamp": 1769668965.044753, "step": 564, "max_steps": 819, "loss": 5.518568992614746, "elapsed_time": 65.35041522979736, "learning_rate": 7.256863878204932e-05, "prnt": false}
{"event": "training_step", "timestamp": 1769668965.1260772, "step": 565, "max_steps": 819, "loss": 5.48766565322876, "elapsed_time": 65.43173623085022, "learning_rate": 7.205117165930135e-05, "prnt": false}
{"event": "training_step", "timestamp": 1769668965.2072585, "step": 566, "max_steps": 819, "loss": 5.534552574157715, "elapsed_time": 65.51315689086914, "learning_rate": 7.153497228717754e-05, "prnt": false}
{"event": "training_step", "timestamp": 1769668965.2888951, "step": 567, "max_steps": 819, "loss": 5.517637729644775, "elapsed_time": 65.59454274177551, "learning_rate": 7.102004906108425e-05, "prnt": false}
{"event": "training_step", "timestamp": 1769668965.3702104, "step": 568, "max_steps": 819, "loss": 5.488587856292725, "elapsed_time": 65.6760606765747, "learning_rate": 7.050641035567249e-05, "prnt": false}
{"event": "training_step", "timestamp": 1769668965.4514003, "step": 569, "max_steps": 819, "loss": 5.444602012634277, "elapsed_time": 65.75724816322327, "learning_rate": 6.999406452470202e-05, "prnt": false}
{"event": "training_step", "timestamp": 1769668965.532094, "step": 570, "max_steps": 819, "loss": 5.461727142333984, "elapsed_time": 65.83830785751343, "learning_rate": 6.948301990090562e-05, "prnt": false}
{"event": "training_step", "timestamp": 1769668965.6134152, "step": 571, "max_steps": 819, "loss": 5.523646354675293, "elapsed_time": 65.91926884651184, "learning_rate": 6.897328479585318e-05, "prnt": false}
{"event": "training_step", "timestamp": 1769668965.6943915, "step": 572, "max_steps": 819, "loss": 5.484853267669678, "elapsed_time": 66.0004665851593, "learning_rate": 6.846486749981684e-05, "prnt": false}
{"event": "training_step", "timestamp": 1769668965.775388, "step": 573, "max_steps": 819, "loss": 5.477631568908691, "elapsed_time": 66.0813639163971, "learning_rate": 6.795777628163599e-05, "prnt": false}
{"event": "training_step", "timestamp": 1769668965.8565717, "step": 574, "max_steps": 819, "loss": 5.442720413208008, "elapsed_time": 66.16225123405457, "learning_rate": 6.745201938858289e-05, "prnt": false}
{"event": "training_step", "timestamp": 1769668965.9379253, "step": 575, "max_steps": 819, "loss": 5.4880523681640625, "elapsed_time": 66.24358606338501, "learning_rate": 6.694760504622849e-05, "prnt": false}
{"event": "training_step", "timestamp": 1769668966.019105, "step": 576, "max_steps": 819, "loss": 5.442149639129639, "elapsed_time": 66.32479095458984, "learning_rate": 6.644454145830853e-05, "prnt": false}
{"event": "training_step", "timestamp": 1769668966.1004558, "step": 577, "max_steps": 819, "loss": 5.465661525726318, "elapsed_time": 66.40607643127441, "learning_rate": 6.59428368065905e-05, "prnt": false}
{"event": "training_step", "timestamp": 1769668966.182001, "step": 578, "max_steps": 819, "loss": 5.46911096572876, "elapsed_time": 66.48758864402771, "learning_rate": 6.544249925074012e-05, "prnt": false}
{"event": "training_step", "timestamp": 1769668966.263537, "step": 579, "max_steps": 819, "loss": 5.4907121658325195, "elapsed_time": 66.5691442489624, "learning_rate": 6.494353692818876e-05, "prnt": false}
{"event": "training_step", "timestamp": 1769668966.3447144, "step": 580, "max_steps": 819, "loss": 5.508027076721191, "elapsed_time": 66.65043234825134, "learning_rate": 6.444595795400139e-05, "prnt": false}
{"event": "training_step", "timestamp": 1769668966.4260662, "step": 581, "max_steps": 819, "loss": 5.445271015167236, "elapsed_time": 66.73168754577637, "learning_rate": 6.394977042074416e-05, "prnt": false}
{"event": "training_step", "timestamp": 1769668966.50721, "step": 582, "max_steps": 819, "loss": 5.492161750793457, "elapsed_time": 66.8129370212555, "learning_rate": 6.345498239835302e-05, "prnt": false}
{"event": "training_step", "timestamp": 1769668966.5885205, "step": 583, "max_steps": 819, "loss": 5.537596225738525, "elapsed_time": 66.89416694641113, "learning_rate": 6.296160193400257e-05, "prnt": false}
{"event": "training_step", "timestamp": 1769668966.669727, "step": 584, "max_steps": 819, "loss": 5.467243671417236, "elapsed_time": 66.97546458244324, "learning_rate": 6.246963705197492e-05, "prnt": false}
{"event": "training_step", "timestamp": 1769668966.7509217, "step": 585, "max_steps": 819, "loss": 5.3737101554870605, "elapsed_time": 67.0567569732666, "learning_rate": 6.197909575352929e-05, "prnt": false}
{"event": "validation_result", "timestamp": 1769668967.085856, "step": 585, "max_steps": 819, "loss": 1.1132337040840623, "elapsed_time": 67.0567569732666}
{"event": "training_step", "timestamp": 1769668968.2593253, "step": 586, "max_steps": 819, "loss": 5.471933841705322, "elapsed_time": 68.56641721725464, "learning_rate": 6.148998601677208e-05, "prnt": false}
{"event": "training_step", "timestamp": 1769668968.3405514, "step": 587, "max_steps": 819, "loss": 5.46164608001709, "elapsed_time": 68.64651846885681, "learning_rate": 6.100231579652675e-05, "prnt": false}
{"event": "training_step", "timestamp": 1769668968.4219472, "step": 588, "max_steps": 819, "loss": 5.429755210876465, "elapsed_time": 68.7276599407196, "learning_rate": 6.051609302420472e-05, "prnt": false}
{"event": "training_step", "timestamp": 1769668968.5039492, "step": 589, "max_steps": 819, "loss": 5.491714000701904, "elapsed_time": 68.80890655517578, "learning_rate": 6.0031325607676274e-05, "prnt": false}
{"event": "training_step", "timestamp": 1769668968.5850728, "step": 590, "max_steps": 819, "loss": 5.45895528793335, "elapsed_time": 68.89094686508179, "learning_rate": 5.954802143114196e-05, "prnt": false}
{"event": "training_step", "timestamp": 1769668968.6661785, "step": 591, "max_steps": 819, "loss": 5.382500648498535, "elapsed_time": 68.97208762168884, "learning_rate": 5.9066188355004337e-05, "prnt": false}
{"event": "training_step", "timestamp": 1769668968.7474706, "step": 592, "max_steps": 819, "loss": 5.442971706390381, "elapsed_time": 69.05314469337463, "learning_rate": 5.8585834215740156e-05, "prnt": false}
{"event": "training_step", "timestamp": 1769668968.828591, "step": 593, "max_steps": 819, "loss": 5.442127704620361, "elapsed_time": 69.13428258895874, "learning_rate": 5.810696682577302e-05, "prnt": false}
{"event": "training_step", "timestamp": 1769668968.9098256, "step": 594, "max_steps": 819, "loss": 5.443150043487549, "elapsed_time": 69.21589088439941, "learning_rate": 5.7629593973346114e-05, "prnt": false}
{"event": "training_step", "timestamp": 1769668968.9912677, "step": 595, "max_steps": 819, "loss": 5.470523357391357, "elapsed_time": 69.29714155197144, "learning_rate": 5.7153723422395555e-05, "prnt": false}
{"event": "training_step", "timestamp": 1769668969.0723913, "step": 596, "max_steps": 819, "loss": 5.403721809387207, "elapsed_time": 69.37828540802002, "learning_rate": 5.6679362912424454e-05, "prnt": false}
{"event": "training_step", "timestamp": 1769668969.1532986, "step": 597, "max_steps": 819, "loss": 5.433877944946289, "elapsed_time": 69.45936846733093, "learning_rate": 5.620652015837658e-05, "prnt": false}
{"event": "training_step", "timestamp": 1769668969.2345383, "step": 598, "max_steps": 819, "loss": 5.405869960784912, "elapsed_time": 69.54065608978271, "learning_rate": 5.5735202850511156e-05, "prnt": false}
{"event": "training_step", "timestamp": 1769668969.3156948, "step": 599, "max_steps": 819, "loss": 5.426998138427734, "elapsed_time": 69.62141418457031, "learning_rate": 5.52654186542777e-05, "prnt": false}
{"event": "training_step", "timestamp": 1769668969.396887, "step": 600, "max_steps": 819, "loss": 5.434657096862793, "elapsed_time": 69.70274567604065, "learning_rate": 5.479717521019149e-05, "prnt": false}
{"event": "training_step", "timestamp": 1769668969.4781222, "step": 601, "max_steps": 819, "loss": 5.404572486877441, "elapsed_time": 69.78380942344666, "learning_rate": 5.43304801337091e-05, "prnt": false}
{"event": "training_step", "timestamp": 1769668969.5595071, "step": 602, "max_steps": 819, "loss": 5.420213222503662, "elapsed_time": 69.86512398719788, "learning_rate": 5.386534101510458e-05, "prnt": false}
{"event": "training_step", "timestamp": 1769668969.6411195, "step": 603, "max_steps": 819, "loss": 5.443798065185547, "elapsed_time": 69.94649291038513, "learning_rate": 5.340176541934624e-05, "prnt": false}
{"event": "training_step", "timestamp": 1769668969.72245, "step": 604, "max_steps": 819, "loss": 5.375578880310059, "elapsed_time": 70.02824711799622, "learning_rate": 5.293976088597326e-05, "prnt": false}
{"event": "training_step", "timestamp": 1769668969.8037977, "step": 605, "max_steps": 819, "loss": 5.393293857574463, "elapsed_time": 70.109445810318, "learning_rate": 5.247933492897336e-05, "prnt": false}
{"event": "training_step", "timestamp": 1769668969.885005, "step": 606, "max_steps": 819, "loss": 5.411191463470459, "elapsed_time": 70.19080567359924, "learning_rate": 5.202049503666041e-05, "prnt": false}
{"event": "training_step", "timestamp": 1769668969.9662137, "step": 607, "max_steps": 819, "loss": 5.389090061187744, "elapsed_time": 70.27196073532104, "learning_rate": 5.156324867155273e-05, "prnt": false}
{"event": "training_step", "timestamp": 1769668970.0475156, "step": 608, "max_steps": 819, "loss": 5.416764736175537, "elapsed_time": 70.35313200950623, "learning_rate": 5.1107603270251676e-05, "prnt": false}
{"event": "training_step", "timestamp": 1769668970.128631, "step": 609, "max_steps": 819, "loss": 5.402642250061035, "elapsed_time": 70.43437337875366, "learning_rate": 5.065356624332083e-05, "prnt": false}
{"event": "training_step", "timestamp": 1769668970.2099063, "step": 610, "max_steps": 819, "loss": 5.466745376586914, "elapsed_time": 70.51581525802612, "learning_rate": 5.020114497516521e-05, "prnt": false}
{"event": "training_step", "timestamp": 1769668970.291103, "step": 611, "max_steps": 819, "loss": 5.422053813934326, "elapsed_time": 70.59691071510315, "learning_rate": 4.975034682391142e-05, "prnt": false}
{"event": "training_step", "timestamp": 1769668970.3723257, "step": 612, "max_steps": 819, "loss": 5.491573810577393, "elapsed_time": 70.67808604240417, "learning_rate": 4.930117912128779e-05, "prnt": false}
{"event": "training_step", "timestamp": 1769668970.453287, "step": 613, "max_steps": 819, "loss": 5.507711410522461, "elapsed_time": 70.75915789604187, "learning_rate": 4.8853649172505385e-05, "prnt": false}
{"event": "training_step", "timestamp": 1769668970.534466, "step": 614, "max_steps": 819, "loss": 5.364946365356445, "elapsed_time": 70.84031438827515, "learning_rate": 4.840776425613886e-05, "prnt": false}
{"event": "training_step", "timestamp": 1769668970.615695, "step": 615, "max_steps": 819, "loss": 5.3991241455078125, "elapsed_time": 70.92139101028442, "learning_rate": 4.796353162400829e-05, "prnt": false}
{"event": "training_step", "timestamp": 1769668970.6970406, "step": 616, "max_steps": 819, "loss": 5.434979438781738, "elapsed_time": 71.0028715133667, "learning_rate": 4.7520958501061343e-05, "prnt": false}
{"event": "training_step", "timestamp": 1769668970.778382, "step": 617, "max_steps": 819, "loss": 5.415027141571045, "elapsed_time": 71.08395385742188, "learning_rate": 4.7080052085255464e-05, "prnt": false}
{"event": "training_step", "timestamp": 1769668970.8597891, "step": 618, "max_steps": 819, "loss": 5.375467300415039, "elapsed_time": 71.16536831855774, "learning_rate": 4.664081954744093e-05, "prnt": false}
{"event": "training_step", "timestamp": 1769668970.9415839, "step": 619, "max_steps": 819, "loss": 5.46583890914917, "elapsed_time": 71.24750661849976, "learning_rate": 4.6203268031244475e-05, "prnt": false}
{"event": "training_step", "timestamp": 1769668971.0230353, "step": 620, "max_steps": 819, "loss": 5.494195938110352, "elapsed_time": 71.32893490791321, "learning_rate": 4.576740465295271e-05, "prnt": false}
{"event": "training_step", "timestamp": 1769668971.1041908, "step": 621, "max_steps": 819, "loss": 5.412260055541992, "elapsed_time": 71.40996432304382, "learning_rate": 4.533323650139662e-05, "prnt": false}
{"event": "training_step", "timestamp": 1769668971.1855493, "step": 622, "max_steps": 819, "loss": 5.459691524505615, "elapsed_time": 71.49138379096985, "learning_rate": 4.4900770637836226e-05, "prnt": false}
{"event": "training_step", "timestamp": 1769668971.2668412, "step": 623, "max_steps": 819, "loss": 5.3968353271484375, "elapsed_time": 71.5724687576294, "learning_rate": 4.447001409584573e-05, "prnt": false}
{"event": "training_step", "timestamp": 1769668971.3482482, "step": 624, "max_steps": 819, "loss": 5.444349765777588, "elapsed_time": 71.65395998954773, "learning_rate": 4.4040973881199146e-05, "prnt": false}
{"event": "validation_result", "timestamp": 1769668971.6829586, "step": 624, "max_steps": 819, "loss": 1.1106502588044607, "elapsed_time": 71.65395998954773}
{"event": "training_step", "timestamp": 1769668972.886107, "step": 625, "max_steps": 819, "loss": 5.404234409332275, "elapsed_time": 73.19299387931824, "learning_rate": 4.361365697175627e-05, "prnt": false}
{"event": "training_step", "timestamp": 1769668972.9675295, "step": 626, "max_steps": 819, "loss": 5.437747955322266, "elapsed_time": 73.27401757240295, "learning_rate": 4.318807031734943e-05, "prnt": false}
{"event": "training_step", "timestamp": 1769668973.0488772, "step": 627, "max_steps": 819, "loss": 5.389431953430176, "elapsed_time": 73.35446763038635, "learning_rate": 4.276422083967011e-05, "prnt": false}
{"event": "training_step", "timestamp": 1769668973.1300347, "step": 628, "max_steps": 819, "loss": 5.429784297943115, "elapsed_time": 73.43591785430908, "learning_rate": 4.2342115432156606e-05, "prnt": false}
{"event": "training_step", "timestamp": 1769668973.210877, "step": 629, "max_steps": 819, "loss": 5.465606689453125, "elapsed_time": 73.51698923110962, "learning_rate": 4.1921760959881954e-05, "prnt": false}
{"event": "training_step", "timestamp": 1769668973.2919693, "step": 630, "max_steps": 819, "loss": 5.366028308868408, "elapsed_time": 73.59792995452881, "learning_rate": 4.150316425944206e-05, "prnt": false}
{"event": "training_step", "timestamp": 1769668973.3729763, "step": 631, "max_steps": 819, "loss": 5.41927433013916, "elapsed_time": 73.67894172668457, "learning_rate": 4.108633213884465e-05, "prnt": false}
{"event": "training_step", "timestamp": 1769668973.4541194, "step": 632, "max_steps": 819, "loss": 5.308073997497559, "elapsed_time": 73.75998759269714, "learning_rate": 4.067127137739866e-05, "prnt": false}
{"event": "training_step", "timestamp": 1769668973.5353105, "step": 633, "max_steps": 819, "loss": 5.424675464630127, "elapsed_time": 73.84110379219055, "learning_rate": 4.025798872560369e-05, "prnt": false}
{"event": "training_step", "timestamp": 1769668973.6167283, "step": 634, "max_steps": 819, "loss": 5.434088706970215, "elapsed_time": 73.92247176170349, "learning_rate": 3.9846490905040465e-05, "prnt": false}
{"event": "training_step", "timestamp": 1769668973.6982684, "step": 635, "max_steps": 819, "loss": 5.39609432220459, "elapsed_time": 74.00414228439331, "learning_rate": 3.9436784608261316e-05, "prnt": false}
{"event": "training_step", "timestamp": 1769668973.7796752, "step": 636, "max_steps": 819, "loss": 5.383774757385254, "elapsed_time": 74.08580088615417, "learning_rate": 3.902887649868163e-05, "prnt": false}
{"event": "training_step", "timestamp": 1769668973.8610377, "step": 637, "max_steps": 819, "loss": 5.339303016662598, "elapsed_time": 74.1667251586914, "learning_rate": 3.862277321047114e-05, "prnt": false}
{"event": "training_step", "timestamp": 1769668973.9425635, "step": 638, "max_steps": 819, "loss": 5.362292289733887, "elapsed_time": 74.24861645698547, "learning_rate": 3.8218481348446174e-05, "prnt": false}
{"event": "training_step", "timestamp": 1769668974.0237222, "step": 639, "max_steps": 819, "loss": 5.357199668884277, "elapsed_time": 74.32976984977722, "learning_rate": 3.78160074879623e-05, "prnt": false}
{"event": "training_step", "timestamp": 1769668974.1049824, "step": 640, "max_steps": 819, "loss": 5.434643745422363, "elapsed_time": 74.41120553016663, "learning_rate": 3.7415358174807305e-05, "prnt": false}
{"event": "training_step", "timestamp": 1769668974.1863961, "step": 641, "max_steps": 819, "loss": 5.456050872802734, "elapsed_time": 74.49223852157593, "learning_rate": 3.701653992509467e-05, "prnt": false}
{"event": "training_step", "timestamp": 1769668974.2676444, "step": 642, "max_steps": 819, "loss": 5.331299304962158, "elapsed_time": 74.57368445396423, "learning_rate": 3.661955922515787e-05, "prnt": false}
{"event": "training_step", "timestamp": 1769668974.3488941, "step": 643, "max_steps": 819, "loss": 5.4112749099731445, "elapsed_time": 74.65477204322815, "learning_rate": 3.622442253144448e-05, "prnt": false}
{"event": "training_step", "timestamp": 1769668974.4301636, "step": 644, "max_steps": 819, "loss": 5.4602131843566895, "elapsed_time": 74.73610973358154, "learning_rate": 3.583113627041146e-05, "prnt": false}
{"event": "training_step", "timestamp": 1769668974.5112624, "step": 645, "max_steps": 819, "loss": 5.401207447052002, "elapsed_time": 74.81751036643982, "learning_rate": 3.5439706838420596e-05, "prnt": false}
{"event": "training_step", "timestamp": 1769668974.5923588, "step": 646, "max_steps": 819, "loss": 5.379461765289307, "elapsed_time": 74.89834475517273, "learning_rate": 3.505014060163434e-05, "prnt": false}
{"event": "training_step", "timestamp": 1769668974.6733425, "step": 647, "max_steps": 819, "loss": 5.388193130493164, "elapsed_time": 74.97957825660706, "learning_rate": 3.4662443895912386e-05, "prnt": false}
{"event": "training_step", "timestamp": 1769668974.7546463, "step": 648, "max_steps": 819, "loss": 5.424072742462158, "elapsed_time": 75.06055521965027, "learning_rate": 3.427662302670855e-05, "prnt": false}
{"event": "training_step", "timestamp": 1769668974.8359277, "step": 649, "max_steps": 819, "loss": 5.489662170410156, "elapsed_time": 75.1417179107666, "learning_rate": 3.38926842689684e-05, "prnt": false}
{"event": "training_step", "timestamp": 1769668974.9172869, "step": 650, "max_steps": 819, "loss": 5.405406475067139, "elapsed_time": 75.22320365905762, "learning_rate": 3.351063386702694e-05, "prnt": false}
{"event": "training_step", "timestamp": 1769668974.9988296, "step": 651, "max_steps": 819, "loss": 5.324849605560303, "elapsed_time": 75.30490565299988, "learning_rate": 3.313047803450719e-05, "prnt": false}
{"event": "training_step", "timestamp": 1769668975.080457, "step": 652, "max_steps": 819, "loss": 5.384722709655762, "elapsed_time": 75.38600587844849, "learning_rate": 3.275222295421914e-05, "prnt": false}
{"event": "training_step", "timestamp": 1769668975.1619313, "step": 653, "max_steps": 819, "loss": 5.416004180908203, "elapsed_time": 75.46775937080383, "learning_rate": 3.237587477805912e-05, "prnt": false}
{"event": "training_step", "timestamp": 1769668975.2432265, "step": 654, "max_steps": 819, "loss": 5.382785797119141, "elapsed_time": 75.54915356636047, "learning_rate": 3.2001439626909916e-05, "prnt": false}
{"event": "training_step", "timestamp": 1769668975.3245084, "step": 655, "max_steps": 819, "loss": 5.399101734161377, "elapsed_time": 75.63028597831726, "learning_rate": 3.162892359054098e-05, "prnt": false}
{"event": "training_step", "timestamp": 1769668975.4058867, "step": 656, "max_steps": 819, "loss": 5.416604518890381, "elapsed_time": 75.71164894104004, "learning_rate": 3.125833272750953e-05, "prnt": false}
{"event": "training_step", "timestamp": 1769668975.487129, "step": 657, "max_steps": 819, "loss": 5.360206127166748, "elapsed_time": 75.79297256469727, "learning_rate": 3.0889673065061986e-05, "prnt": false}
{"event": "training_step", "timestamp": 1769668975.5684345, "step": 658, "max_steps": 819, "loss": 5.323019027709961, "elapsed_time": 75.87440872192383, "learning_rate": 3.0522950599036014e-05, "prnt": false}
{"event": "training_step", "timestamp": 1769668975.6496177, "step": 659, "max_steps": 819, "loss": 5.361072540283203, "elapsed_time": 75.95566272735596, "learning_rate": 3.01581712937629e-05, "prnt": false}
{"event": "training_step", "timestamp": 1769668975.7310917, "step": 660, "max_steps": 819, "loss": 5.3962860107421875, "elapsed_time": 76.03688311576843, "learning_rate": 2.9795341081970548e-05, "prnt": false}
{"event": "training_step", "timestamp": 1769668975.8123364, "step": 661, "max_steps": 819, "loss": 5.462141513824463, "elapsed_time": 76.11831021308899, "learning_rate": 2.943446586468704e-05, "prnt": false}
{"event": "training_step", "timestamp": 1769668975.89349, "step": 662, "max_steps": 819, "loss": 5.466064929962158, "elapsed_time": 76.19957280158997, "learning_rate": 2.907555151114478e-05, "prnt": false}
{"event": "training_step", "timestamp": 1769668975.9746902, "step": 663, "max_steps": 819, "loss": 5.354881286621094, "elapsed_time": 76.28063368797302, "learning_rate": 2.8718603858684774e-05, "prnt": false}
{"event": "validation_result", "timestamp": 1769668976.3094673, "step": 663, "max_steps": 819, "loss": 1.1101724853337107, "elapsed_time": 76.28063368797302}
{"event": "training_step", "timestamp": 1769668977.3877869, "step": 664, "max_steps": 819, "loss": 5.461090564727783, "elapsed_time": 77.6947569847107, "learning_rate": 2.8363628712661857e-05, "prnt": false}
{"event": "training_step", "timestamp": 1769668977.4690502, "step": 665, "max_steps": 819, "loss": 5.415042877197266, "elapsed_time": 77.77547788619995, "learning_rate": 2.8010631846350317e-05, "prnt": false}
{"event": "training_step", "timestamp": 1769668977.5497322, "step": 666, "max_steps": 819, "loss": 5.350985527038574, "elapsed_time": 77.85626029968262, "learning_rate": 2.765961900084987e-05, "prnt": false}
{"event": "training_step", "timestamp": 1769668977.6306581, "step": 667, "max_steps": 819, "loss": 5.339564323425293, "elapsed_time": 77.93709540367126, "learning_rate": 2.7310595884992355e-05, "prnt": false}
{"event": "training_step", "timestamp": 1769668977.7118304, "step": 668, "max_steps": 819, "loss": 5.400854587554932, "elapsed_time": 78.01780366897583, "learning_rate": 2.696356817524891e-05, "prnt": false}
{"event": "training_step", "timestamp": 1769668977.7930624, "step": 669, "max_steps": 819, "loss": 5.337298393249512, "elapsed_time": 78.09890389442444, "learning_rate": 2.6618541515637597e-05, "prnt": false}
{"event": "training_step", "timestamp": 1769668977.8742366, "step": 670, "max_steps": 819, "loss": 5.353991508483887, "elapsed_time": 78.18048167228699, "learning_rate": 2.627552151763165e-05, "prnt": false}
{"event": "training_step", "timestamp": 1769668977.955212, "step": 671, "max_steps": 819, "loss": 5.453015327453613, "elapsed_time": 78.26149988174438, "learning_rate": 2.593451376006812e-05, "prnt": false}
{"event": "training_step", "timestamp": 1769668978.0365536, "step": 672, "max_steps": 819, "loss": 5.387641906738281, "elapsed_time": 78.34248757362366, "learning_rate": 2.559552378905737e-05, "prnt": false}
{"event": "training_step", "timestamp": 1769668978.118047, "step": 673, "max_steps": 819, "loss": 5.4149250984191895, "elapsed_time": 78.42356204986572, "learning_rate": 2.52585571178926e-05, "prnt": false}
{"event": "training_step", "timestamp": 1769668978.1994584, "step": 674, "max_steps": 819, "loss": 5.4222893714904785, "elapsed_time": 78.50529432296753, "learning_rate": 2.4923619226960278e-05, "prnt": false}
{"event": "training_step", "timestamp": 1769668978.2808702, "step": 675, "max_steps": 819, "loss": 5.323176383972168, "elapsed_time": 78.58659410476685, "learning_rate": 2.4590715563651135e-05, "prnt": false}
{"event": "training_step", "timestamp": 1769668978.362129, "step": 676, "max_steps": 819, "loss": 5.370461940765381, "elapsed_time": 78.66799807548523, "learning_rate": 2.4259851542271398e-05, "prnt": false}
{"event": "training_step", "timestamp": 1769668978.4433672, "step": 677, "max_steps": 819, "loss": 5.384500503540039, "elapsed_time": 78.74928188323975, "learning_rate": 2.3931032543954732e-05, "prnt": false}
{"event": "training_step", "timestamp": 1769668978.5246944, "step": 678, "max_steps": 819, "loss": 5.3987812995910645, "elapsed_time": 78.83067917823792, "learning_rate": 2.3604263916574934e-05, "prnt": false}
{"event": "training_step", "timestamp": 1769668978.6060052, "step": 679, "max_steps": 819, "loss": 5.434722900390625, "elapsed_time": 78.91188955307007, "learning_rate": 2.3279550974658705e-05, "prnt": false}
{"event": "training_step", "timestamp": 1769668978.687452, "step": 680, "max_steps": 819, "loss": 5.447256565093994, "elapsed_time": 78.99336886405945, "learning_rate": 2.2956898999299295e-05, "prnt": false}
{"event": "training_step", "timestamp": 1769668978.7687688, "step": 681, "max_steps": 819, "loss": 5.370380878448486, "elapsed_time": 79.07460069656372, "learning_rate": 2.2636313238070757e-05, "prnt": false}
{"event": "training_step", "timestamp": 1769668978.8498957, "step": 682, "max_steps": 819, "loss": 5.421672821044922, "elapsed_time": 79.15594744682312, "learning_rate": 2.231779890494237e-05, "prnt": false}
{"event": "training_step", "timestamp": 1769668978.9309525, "step": 683, "max_steps": 819, "loss": 5.3753581047058105, "elapsed_time": 79.23699307441711, "learning_rate": 2.2001361180193983e-05, "prnt": false}
{"event": "training_step", "timestamp": 1769668979.0124292, "step": 684, "max_steps": 819, "loss": 5.351688385009766, "elapsed_time": 79.31868505477905, "learning_rate": 2.1687005210331702e-05, "prnt": false}
{"event": "training_step", "timestamp": 1769668979.0937312, "step": 685, "max_steps": 819, "loss": 5.392315864562988, "elapsed_time": 79.3995943069458, "learning_rate": 2.1374736108004286e-05, "prnt": false}
{"event": "training_step", "timestamp": 1769668979.1750858, "step": 686, "max_steps": 819, "loss": 5.388521671295166, "elapsed_time": 79.48124408721924, "learning_rate": 2.106455895191985e-05, "prnt": false}
{"event": "training_step", "timestamp": 1769668979.256433, "step": 687, "max_steps": 819, "loss": 5.325211048126221, "elapsed_time": 79.56228184700012, "learning_rate": 2.0756478786763355e-05, "prnt": false}
{"event": "training_step", "timestamp": 1769668979.3381019, "step": 688, "max_steps": 819, "loss": 5.4756035804748535, "elapsed_time": 79.64360237121582, "learning_rate": 2.0450500623114607e-05, "prnt": false}
{"event": "training_step", "timestamp": 1769668979.4195158, "step": 689, "max_steps": 819, "loss": 5.448616981506348, "elapsed_time": 79.72528719902039, "learning_rate": 2.0146629437366645e-05, "prnt": false}
{"event": "training_step", "timestamp": 1769668979.5009189, "step": 690, "max_steps": 819, "loss": 5.376884460449219, "elapsed_time": 79.80663728713989, "learning_rate": 1.9844870171644845e-05, "prnt": false}
{"event": "training_step", "timestamp": 1769668979.5821745, "step": 691, "max_steps": 819, "loss": 5.37988805770874, "elapsed_time": 79.88797497749329, "learning_rate": 1.954522773372667e-05, "prnt": false}
{"event": "training_step", "timestamp": 1769668979.663567, "step": 692, "max_steps": 819, "loss": 5.368234157562256, "elapsed_time": 79.96953177452087, "learning_rate": 1.9247706996961633e-05, "prnt": false}
{"event": "training_step", "timestamp": 1769668979.7449727, "step": 693, "max_steps": 819, "loss": 5.366911888122559, "elapsed_time": 80.05064511299133, "learning_rate": 1.8952312800192138e-05, "prnt": false}
{"event": "training_step", "timestamp": 1769668979.8263521, "step": 694, "max_steps": 819, "loss": 5.442677021026611, "elapsed_time": 80.13217496871948, "learning_rate": 1.865904994767493e-05, "prnt": false}
{"event": "training_step", "timestamp": 1769668979.9076033, "step": 695, "max_steps": 819, "loss": 5.470588207244873, "elapsed_time": 80.21340584754944, "learning_rate": 1.83679232090027e-05, "prnt": false}
{"event": "training_step", "timestamp": 1769668979.988828, "step": 696, "max_steps": 819, "loss": 5.400863170623779, "elapsed_time": 80.29482245445251, "learning_rate": 1.8078937319026654e-05, "prnt": false}
{"event": "training_step", "timestamp": 1769668980.0703058, "step": 697, "max_steps": 819, "loss": 5.4124979972839355, "elapsed_time": 80.37599420547485, "learning_rate": 1.7792096977779456e-05, "prnt": false}
{"event": "training_step", "timestamp": 1769668980.1516187, "step": 698, "max_steps": 819, "loss": 5.3100175857543945, "elapsed_time": 80.45782136917114, "learning_rate": 1.7507406850398935e-05, "prnt": false}
{"event": "training_step", "timestamp": 1769668980.2328756, "step": 699, "max_steps": 819, "loss": 5.3288655281066895, "elapsed_time": 80.53901386260986, "learning_rate": 1.7224871567051972e-05, "prnt": false}
{"event": "training_step", "timestamp": 1769668980.3142471, "step": 700, "max_steps": 819, "loss": 5.3320417404174805, "elapsed_time": 80.6200635433197, "learning_rate": 1.694449572285937e-05, "prnt": false}
{"event": "training_step", "timestamp": 1769668980.3957636, "step": 701, "max_steps": 819, "loss": 5.3518829345703125, "elapsed_time": 80.70131993293762, "learning_rate": 1.666628387782105e-05, "prnt": false}
{"event": "training_step", "timestamp": 1769668980.4774172, "step": 702, "max_steps": 819, "loss": 5.333508491516113, "elapsed_time": 80.78295707702637, "learning_rate": 1.639024055674192e-05, "prnt": false}
{"event": "validation_result", "timestamp": 1769668980.8119714, "step": 702, "max_steps": 819, "loss": 1.1087671051046561, "elapsed_time": 80.78295707702637}
{"event": "training_step", "timestamp": 1769668982.0113149, "step": 703, "max_steps": 819, "loss": 5.408529281616211, "elapsed_time": 82.31873416900635, "learning_rate": 1.6116370249158196e-05, "prnt": false}
{"event": "training_step", "timestamp": 1769668982.0924625, "step": 704, "max_steps": 819, "loss": 5.378519058227539, "elapsed_time": 82.39865255355835, "learning_rate": 1.584467740926461e-05, "prnt": false}
{"event": "training_step", "timestamp": 1769668982.1733267, "step": 705, "max_steps": 819, "loss": 5.376619815826416, "elapsed_time": 82.47984004020691, "learning_rate": 1.5575166455841677e-05, "prnt": false}
{"event": "training_step", "timestamp": 1769668982.254299, "step": 706, "max_steps": 819, "loss": 5.3199896812438965, "elapsed_time": 82.560471534729, "learning_rate": 1.5307841772184015e-05, "prnt": false}
{"event": "training_step", "timestamp": 1769668982.3356404, "step": 707, "max_steps": 819, "loss": 5.319434642791748, "elapsed_time": 82.64147758483887, "learning_rate": 1.5042707706028967e-05, "prnt": false}
{"event": "training_step", "timestamp": 1769668982.4173489, "step": 708, "max_steps": 819, "loss": 5.391016006469727, "elapsed_time": 82.72269678115845, "learning_rate": 1.4779768569486034e-05, "prnt": false}
{"event": "training_step", "timestamp": 1769668982.4989436, "step": 709, "max_steps": 819, "loss": 5.329434871673584, "elapsed_time": 82.80473709106445, "learning_rate": 1.451902863896654e-05, "prnt": false}
{"event": "training_step", "timestamp": 1769668982.5800889, "step": 710, "max_steps": 819, "loss": 5.362736701965332, "elapsed_time": 82.88609266281128, "learning_rate": 1.4260492155114172e-05, "prnt": false}
{"event": "training_step", "timestamp": 1769668982.6615002, "step": 711, "max_steps": 819, "loss": 5.343517303466797, "elapsed_time": 82.96763801574707, "learning_rate": 1.4004163322736117e-05, "prnt": false}
{"event": "training_step", "timestamp": 1769668982.742803, "step": 712, "max_steps": 819, "loss": 5.352530002593994, "elapsed_time": 83.04875659942627, "learning_rate": 1.3750046310734497e-05, "prnt": false}
{"event": "training_step", "timestamp": 1769668982.8242285, "step": 713, "max_steps": 819, "loss": 5.328676700592041, "elapsed_time": 83.12998056411743, "learning_rate": 1.3498145252038611e-05, "prnt": false}
{"event": "training_step", "timestamp": 1769668982.9054255, "step": 714, "max_steps": 819, "loss": 5.39899206161499, "elapsed_time": 83.21129870414734, "learning_rate": 1.3248464243537871e-05, "prnt": false}
{"event": "training_step", "timestamp": 1769668982.986743, "step": 715, "max_steps": 819, "loss": 5.373689651489258, "elapsed_time": 83.29263520240784, "learning_rate": 1.3001007346014969e-05, "prnt": false}
{"event": "training_step", "timestamp": 1769668983.068046, "step": 716, "max_steps": 819, "loss": 5.335837364196777, "elapsed_time": 83.37431359291077, "learning_rate": 1.2755778584079918e-05, "prnt": false}
{"event": "training_step", "timestamp": 1769668983.1493328, "step": 717, "max_steps": 819, "loss": 5.3827362060546875, "elapsed_time": 83.45617651939392, "learning_rate": 1.2512781946104633e-05, "prnt": false}
{"event": "training_step", "timestamp": 1769668983.2306082, "step": 718, "max_steps": 819, "loss": 5.34491491317749, "elapsed_time": 83.53676128387451, "learning_rate": 1.2272021384157988e-05, "prnt": false}
{"event": "training_step", "timestamp": 1769668983.3118963, "step": 719, "max_steps": 819, "loss": 5.381440162658691, "elapsed_time": 83.61783480644226, "learning_rate": 1.2033500813941594e-05, "prnt": false}
{"event": "training_step", "timestamp": 1769668983.393122, "step": 720, "max_steps": 819, "loss": 5.371313095092773, "elapsed_time": 83.69894623756409, "learning_rate": 1.1797224114726073e-05, "prnt": false}
{"event": "training_step", "timestamp": 1769668983.4749181, "step": 721, "max_steps": 819, "loss": 5.267723083496094, "elapsed_time": 83.78053903579712, "learning_rate": 1.1563195129288073e-05, "prnt": false}
{"event": "training_step", "timestamp": 1769668983.5563354, "step": 722, "max_steps": 819, "loss": 5.318536281585693, "elapsed_time": 83.86198139190674, "learning_rate": 1.1331417663847615e-05, "prnt": false}
{"event": "training_step", "timestamp": 1769668983.6379142, "step": 723, "max_steps": 819, "loss": 5.412210464477539, "elapsed_time": 83.94379115104675, "learning_rate": 1.110189548800623e-05, "prnt": false}
{"event": "training_step", "timestamp": 1769668983.7194717, "step": 724, "max_steps": 819, "loss": 5.401325225830078, "elapsed_time": 84.0250985622406, "learning_rate": 1.0874632334685806e-05, "prnt": false}
{"event": "training_step", "timestamp": 1769668983.801136, "step": 725, "max_steps": 819, "loss": 5.4325151443481445, "elapsed_time": 84.10742616653442, "learning_rate": 1.064963190006764e-05, "prnt": false}
{"event": "training_step", "timestamp": 1769668983.8824224, "step": 726, "max_steps": 819, "loss": 5.443737983703613, "elapsed_time": 84.18825244903564, "learning_rate": 1.0426897843532462e-05, "prnt": false}
{"event": "training_step", "timestamp": 1769668983.9638796, "step": 727, "max_steps": 819, "loss": 5.368298053741455, "elapsed_time": 84.26978325843811, "learning_rate": 1.0206433787600938e-05, "prnt": false}
{"event": "training_step", "timestamp": 1769668984.0451388, "step": 728, "max_steps": 819, "loss": 5.424015045166016, "elapsed_time": 84.35116577148438, "learning_rate": 9.988243317874683e-06, "prnt": false}
{"event": "training_step", "timestamp": 1769668984.1266236, "step": 729, "max_steps": 819, "loss": 5.448493957519531, "elapsed_time": 84.43234014511108, "learning_rate": 9.772329982977928e-06, "prnt": false}
{"event": "training_step", "timestamp": 1769668984.2079754, "step": 730, "max_steps": 819, "loss": 5.355858325958252, "elapsed_time": 84.51382064819336, "learning_rate": 9.558697294499922e-06, "prnt": false}
{"event": "training_step", "timestamp": 1769668984.2891855, "step": 731, "max_steps": 819, "loss": 5.418986797332764, "elapsed_time": 84.59530305862427, "learning_rate": 9.347348726937725e-06, "prnt": false}
{"event": "training_step", "timestamp": 1769668984.3702862, "step": 732, "max_steps": 819, "loss": 5.375701427459717, "elapsed_time": 84.67617297172546, "learning_rate": 9.138287717639692e-06, "prnt": false}
{"event": "training_step", "timestamp": 1769668984.451818, "step": 733, "max_steps": 819, "loss": 5.368503093719482, "elapsed_time": 84.75803112983704, "learning_rate": 8.931517666749637e-06, "prnt": false}
{"event": "training_step", "timestamp": 1769668984.533339, "step": 734, "max_steps": 819, "loss": 5.3144330978393555, "elapsed_time": 84.83889842033386, "learning_rate": 8.727041937151452e-06, "prnt": false}
{"event": "training_step", "timestamp": 1769668984.6148005, "step": 735, "max_steps": 819, "loss": 5.392136573791504, "elapsed_time": 84.92050981521606, "learning_rate": 8.524863854414488e-06, "prnt": false}
{"event": "training_step", "timestamp": 1769668984.6963804, "step": 736, "max_steps": 819, "loss": 5.394064903259277, "elapsed_time": 85.0020592212677, "learning_rate": 8.324986706739406e-06, "prnt": false}
{"event": "training_step", "timestamp": 1769668984.7779543, "step": 737, "max_steps": 819, "loss": 5.278446674346924, "elapsed_time": 85.08358788490295, "learning_rate": 8.127413744904804e-06, "prnt": false}
{"event": "training_step", "timestamp": 1769668984.8592565, "step": 738, "max_steps": 819, "loss": 5.44010066986084, "elapsed_time": 85.16514754295349, "learning_rate": 7.932148182214188e-06, "prnt": false}
{"event": "training_step", "timestamp": 1769668984.940626, "step": 739, "max_steps": 819, "loss": 5.376081466674805, "elapsed_time": 85.24647331237793, "learning_rate": 7.739193194443799e-06, "prnt": false}
{"event": "training_step", "timestamp": 1769668985.0218742, "step": 740, "max_steps": 819, "loss": 5.353769779205322, "elapsed_time": 85.32768940925598, "learning_rate": 7.5485519197910405e-06, "prnt": false}
{"event": "training_step", "timestamp": 1769668985.1034288, "step": 741, "max_steps": 819, "loss": 5.30482292175293, "elapsed_time": 85.4096052646637, "learning_rate": 7.360227458823248e-06, "prnt": false}
{"event": "validation_result", "timestamp": 1769668985.4388556, "step": 741, "max_steps": 819, "loss": 1.1082470002423288, "elapsed_time": 85.4096052646637}
{"event": "training_step", "timestamp": 1769668986.52009, "step": 742, "max_steps": 819, "loss": 5.397571086883545, "elapsed_time": 86.82724690437317, "learning_rate": 7.174222874427449e-06, "prnt": false}
{"event": "training_step", "timestamp": 1769668986.6011057, "step": 743, "max_steps": 819, "loss": 5.432231426239014, "elapsed_time": 86.90771174430847, "learning_rate": 6.990541191760418e-06, "prnt": false}
{"event": "training_step", "timestamp": 1769668986.6822402, "step": 744, "max_steps": 819, "loss": 5.43131685256958, "elapsed_time": 86.98829174041748, "learning_rate": 6.809185398199568e-06, "prnt": false}
{"event": "training_step", "timestamp": 1769668986.763486, "step": 745, "max_steps": 819, "loss": 5.392156600952148, "elapsed_time": 87.06951570510864, "learning_rate": 6.63015844329432e-06, "prnt": false}
{"event": "training_step", "timestamp": 1769668986.8447716, "step": 746, "max_steps": 819, "loss": 5.36858606338501, "elapsed_time": 87.15087366104126, "learning_rate": 6.4534632387180925e-06, "prnt": false}
{"event": "training_step", "timestamp": 1769668986.9260075, "step": 747, "max_steps": 819, "loss": 5.337886810302734, "elapsed_time": 87.2319495677948, "learning_rate": 6.2791026582210416e-06, "prnt": false}
{"event": "training_step", "timestamp": 1769668987.007082, "step": 748, "max_steps": 819, "loss": 5.332321643829346, "elapsed_time": 87.31326127052307, "learning_rate": 6.1070795375832425e-06, "prnt": false}
{"event": "training_step", "timestamp": 1769668987.0883443, "step": 749, "max_steps": 819, "loss": 5.366684436798096, "elapsed_time": 87.39440870285034, "learning_rate": 5.937396674568601e-06, "prnt": false}
{"event": "training_step", "timestamp": 1769668987.1695383, "step": 750, "max_steps": 819, "loss": 5.361236095428467, "elapsed_time": 87.47579884529114, "learning_rate": 5.770056828879366e-06, "prnt": false}
{"event": "training_step", "timestamp": 1769668987.2508438, "step": 751, "max_steps": 819, "loss": 5.328662872314453, "elapsed_time": 87.55701780319214, "learning_rate": 5.60506272211117e-06, "prnt": false}
{"event": "training_step", "timestamp": 1769668987.332148, "step": 752, "max_steps": 819, "loss": 5.346402168273926, "elapsed_time": 87.63795351982117, "learning_rate": 5.442417037708879e-06, "prnt": false}
{"event": "training_step", "timestamp": 1769668987.4134622, "step": 753, "max_steps": 819, "loss": 5.327473163604736, "elapsed_time": 87.71934580802917, "learning_rate": 5.282122420922896e-06, "prnt": false}
{"event": "training_step", "timestamp": 1769668987.495132, "step": 754, "max_steps": 819, "loss": 5.42346715927124, "elapsed_time": 87.80061388015747, "learning_rate": 5.124181478766093e-06, "prnt": false}
{"event": "training_step", "timestamp": 1769668987.5767355, "step": 755, "max_steps": 819, "loss": 5.401352405548096, "elapsed_time": 87.88264846801758, "learning_rate": 4.9685967799714956e-06, "prnt": false}
{"event": "training_step", "timestamp": 1769668987.6580586, "step": 756, "max_steps": 819, "loss": 5.346417427062988, "elapsed_time": 87.96428537368774, "learning_rate": 4.8153708549503846e-06, "prnt": false}
{"event": "training_step", "timestamp": 1769668987.7393203, "step": 757, "max_steps": 819, "loss": 5.357604026794434, "elapsed_time": 88.045325756073, "learning_rate": 4.664506195751361e-06, "prnt": false}
{"event": "training_step", "timestamp": 1769668987.8205924, "step": 758, "max_steps": 819, "loss": 5.345032215118408, "elapsed_time": 88.12649965286255, "learning_rate": 4.516005256019528e-06, "prnt": false}
{"event": "training_step", "timestamp": 1769668987.9019246, "step": 759, "max_steps": 819, "loss": 5.3683762550354, "elapsed_time": 88.2081310749054, "learning_rate": 4.369870450956808e-06, "prnt": false}
{"event": "training_step", "timestamp": 1769668987.9832516, "step": 760, "max_steps": 819, "loss": 5.3328728675842285, "elapsed_time": 88.28929138183594, "learning_rate": 4.2261041572825895e-06, "prnt": false}
{"event": "training_step", "timestamp": 1769668988.0645525, "step": 761, "max_steps": 819, "loss": 5.368483066558838, "elapsed_time": 88.37038111686707, "learning_rate": 4.084708713195056e-06, "prnt": false}
{"event": "training_step", "timestamp": 1769668988.145742, "step": 762, "max_steps": 819, "loss": 5.377708911895752, "elapsed_time": 88.45164394378662, "learning_rate": 3.945686418333155e-06, "prnt": false}
{"event": "training_step", "timestamp": 1769668988.2271726, "step": 763, "max_steps": 819, "loss": 5.368011474609375, "elapsed_time": 88.53331995010376, "learning_rate": 3.8090395337392052e-06, "prnt": false}
{"event": "training_step", "timestamp": 1769668988.3082557, "step": 764, "max_steps": 819, "loss": 5.384247779846191, "elapsed_time": 88.6142008304596, "learning_rate": 3.6747702818221815e-06, "prnt": false}
{"event": "training_step", "timestamp": 1769668988.389462, "step": 765, "max_steps": 819, "loss": 5.300165176391602, "elapsed_time": 88.6954140663147, "learning_rate": 3.542880846321472e-06, "prnt": false}
{"event": "training_step", "timestamp": 1769668988.4706595, "step": 766, "max_steps": 819, "loss": 5.393271446228027, "elapsed_time": 88.7764778137207, "learning_rate": 3.4133733722714272e-06, "prnt": false}
{"event": "training_step", "timestamp": 1769668988.551816, "step": 767, "max_steps": 819, "loss": 5.293288707733154, "elapsed_time": 88.85772371292114, "learning_rate": 3.28624996596647e-06, "prnt": false}
{"event": "training_step", "timestamp": 1769668988.6331396, "step": 768, "max_steps": 819, "loss": 5.354549884796143, "elapsed_time": 88.93908381462097, "learning_rate": 3.161512694926771e-06, "prnt": false}
{"event": "training_step", "timestamp": 1769668988.7145689, "step": 769, "max_steps": 819, "loss": 5.28354024887085, "elapsed_time": 89.0204267501831, "learning_rate": 3.039163587864729e-06, "prnt": false}
{"event": "training_step", "timestamp": 1769668988.7963636, "step": 770, "max_steps": 819, "loss": 5.4519243240356445, "elapsed_time": 89.10172533988953, "learning_rate": 2.9192046346519282e-06, "prnt": false}
{"event": "training_step", "timestamp": 1769668988.8778005, "step": 771, "max_steps": 819, "loss": 5.3640456199646, "elapsed_time": 89.18349599838257, "learning_rate": 2.8016377862867313e-06, "prnt": false}
{"event": "training_step", "timestamp": 1769668988.9591565, "step": 772, "max_steps": 819, "loss": 5.365084171295166, "elapsed_time": 89.26510262489319, "learning_rate": 2.6864649548625884e-06, "prnt": false}
{"event": "training_step", "timestamp": 1769668989.040539, "step": 773, "max_steps": 819, "loss": 5.413514137268066, "elapsed_time": 89.34615564346313, "learning_rate": 2.5736880135369787e-06, "prnt": false}
{"event": "training_step", "timestamp": 1769668989.1220505, "step": 774, "max_steps": 819, "loss": 5.349061965942383, "elapsed_time": 89.42825961112976, "learning_rate": 2.463308796500885e-06, "prnt": false}
{"event": "training_step", "timestamp": 1769668989.2035427, "step": 775, "max_steps": 819, "loss": 5.353894233703613, "elapsed_time": 89.50958156585693, "learning_rate": 2.3553290989489492e-06, "prnt": false}
{"event": "training_step", "timestamp": 1769668989.2849643, "step": 776, "max_steps": 819, "loss": 5.405354976654053, "elapsed_time": 89.5905876159668, "learning_rate": 2.249750677050366e-06, "prnt": false}
{"event": "training_step", "timestamp": 1769668989.366186, "step": 777, "max_steps": 819, "loss": 5.333617210388184, "elapsed_time": 89.67214465141296, "learning_rate": 2.146575247920235e-06, "prnt": false}
{"event": "training_step", "timestamp": 1769668989.4474342, "step": 778, "max_steps": 819, "loss": 5.324310302734375, "elapsed_time": 89.7532160282135, "learning_rate": 2.0458044895916513e-06, "prnt": false}
{"event": "training_step", "timestamp": 1769668989.528734, "step": 779, "max_steps": 819, "loss": 5.3148579597473145, "elapsed_time": 89.83457636833191, "learning_rate": 1.947440040988446e-06, "prnt": false}
{"event": "training_step", "timestamp": 1769668989.6100278, "step": 780, "max_steps": 819, "loss": 5.372888565063477, "elapsed_time": 89.91593265533447, "learning_rate": 1.8514835018984874e-06, "prnt": false}
{"event": "validation_result", "timestamp": 1769668989.9449363, "step": 780, "max_steps": 819, "loss": 1.1080586401973505, "elapsed_time": 89.91593265533447}
{"event": "training_step", "timestamp": 1769668991.044162, "step": 781, "max_steps": 819, "loss": 5.32539701461792, "elapsed_time": 91.35110092163086, "learning_rate": 1.7579364329477375e-06, "prnt": false}
{"event": "training_step", "timestamp": 1769668991.1252127, "step": 782, "max_steps": 819, "loss": 5.391940593719482, "elapsed_time": 91.43183064460754, "learning_rate": 1.6668003555747212e-06, "prnt": false}
{"event": "training_step", "timestamp": 1769668991.2063482, "step": 783, "max_steps": 819, "loss": 5.264272689819336, "elapsed_time": 91.51278591156006, "learning_rate": 1.5780767520060134e-06, "prnt": false}
{"event": "training_step", "timestamp": 1769668991.2874172, "step": 784, "max_steps": 819, "loss": 5.327536106109619, "elapsed_time": 91.5938138961792, "learning_rate": 1.491767065231858e-06, "prnt": false}
{"event": "training_step", "timestamp": 1769668991.3685799, "step": 785, "max_steps": 819, "loss": 5.403163909912109, "elapsed_time": 91.67469549179077, "learning_rate": 1.4078726989829203e-06, "prnt": false}
{"event": "training_step", "timestamp": 1769668991.449677, "step": 786, "max_steps": 819, "loss": 5.353616714477539, "elapsed_time": 91.75562167167664, "learning_rate": 1.3263950177073879e-06, "prnt": false}
{"event": "training_step", "timestamp": 1769668991.5313559, "step": 787, "max_steps": 819, "loss": 5.314802646636963, "elapsed_time": 91.83669877052307, "learning_rate": 1.2473353465487056e-06, "prnt": false}
{"event": "training_step", "timestamp": 1769668991.612765, "step": 788, "max_steps": 819, "loss": 5.390671730041504, "elapsed_time": 91.91871404647827, "learning_rate": 1.1706949713241099e-06, "prnt": false}
{"event": "training_step", "timestamp": 1769668991.6942704, "step": 789, "max_steps": 819, "loss": 5.320218086242676, "elapsed_time": 92.00002217292786, "learning_rate": 1.0964751385037273e-06, "prnt": false}
{"event": "training_step", "timestamp": 1769668991.7757719, "step": 790, "max_steps": 819, "loss": 5.350639820098877, "elapsed_time": 92.08165311813354, "learning_rate": 1.0246770551902095e-06, "prnt": false}
{"event": "training_step", "timestamp": 1769668991.8570783, "step": 791, "max_steps": 819, "loss": 5.293436050415039, "elapsed_time": 92.16283988952637, "learning_rate": 9.55301889099197e-07, "prnt": false}
{"event": "training_step", "timestamp": 1769668991.9382741, "step": 792, "max_steps": 819, "loss": 5.315867900848389, "elapsed_time": 92.2439398765564, "learning_rate": 8.883507685402524e-07, "prnt": false}
{"event": "training_step", "timestamp": 1769668992.0198016, "step": 793, "max_steps": 819, "loss": 5.352865219116211, "elapsed_time": 92.32525253295898, "learning_rate": 8.238247823985911e-07, "prnt": false}
{"event": "training_step", "timestamp": 1769668992.1011262, "step": 794, "max_steps": 819, "loss": 5.283216953277588, "elapsed_time": 92.40666794776917, "learning_rate": 7.617249801172954e-07, "prnt": false}
{"event": "training_step", "timestamp": 1769668992.1824708, "step": 795, "max_steps": 819, "loss": 5.323293209075928, "elapsed_time": 92.48817038536072, "learning_rate": 7.020523716802951e-07, "prnt": false}
{"event": "training_step", "timestamp": 1769668992.263823, "step": 796, "max_steps": 819, "loss": 5.352963447570801, "elapsed_time": 92.56953573226929, "learning_rate": 6.448079275958806e-07, "prnt": false}
{"event": "training_step", "timestamp": 1769668992.345169, "step": 797, "max_steps": 819, "loss": 5.3733110427856445, "elapsed_time": 92.65117311477661, "learning_rate": 5.899925788810323e-07, "prnt": false}
{"event": "training_step", "timestamp": 1769668992.426202, "step": 798, "max_steps": 819, "loss": 5.324387550354004, "elapsed_time": 92.73203253746033, "learning_rate": 5.37607217046132e-07, "prnt": false}
{"event": "training_step", "timestamp": 1769668992.5075366, "step": 799, "max_steps": 819, "loss": 5.365621566772461, "elapsed_time": 92.81333303451538, "learning_rate": 4.876526940805925e-07, "prnt": false}
{"event": "training_step", "timestamp": 1769668992.588768, "step": 800, "max_steps": 819, "loss": 5.285624027252197, "elapsed_time": 92.89439034461975, "learning_rate": 4.401298224389338e-07, "prnt": false}
{"event": "training_step", "timestamp": 1769668992.6701362, "step": 801, "max_steps": 819, "loss": 5.4249348640441895, "elapsed_time": 92.9760754108429, "learning_rate": 3.950393750275782e-07, "prnt": false}
{"event": "training_step", "timestamp": 1769668992.751393, "step": 802, "max_steps": 819, "loss": 5.3213605880737305, "elapsed_time": 93.0572555065155, "learning_rate": 3.523820851922765e-07, "prnt": false}
{"event": "training_step", "timestamp": 1769668992.8329754, "step": 803, "max_steps": 819, "loss": 5.402627944946289, "elapsed_time": 93.13858842849731, "learning_rate": 3.121586467062176e-07, "prnt": false}
{"event": "training_step", "timestamp": 1769668992.9144907, "step": 804, "max_steps": 819, "loss": 5.36808967590332, "elapsed_time": 93.21999955177307, "learning_rate": 2.743697137586875e-07, "prnt": false}
{"event": "training_step", "timestamp": 1769668992.9959924, "step": 805, "max_steps": 819, "loss": 5.288694858551025, "elapsed_time": 93.30164432525635, "learning_rate": 2.390159009444781e-07, "prnt": false}
{"event": "training_step", "timestamp": 1769668993.0773365, "step": 806, "max_steps": 819, "loss": 5.366412162780762, "elapsed_time": 93.38315439224243, "learning_rate": 2.0609778325386128e-07, "prnt": false}
{"event": "training_step", "timestamp": 1769668993.1589713, "step": 807, "max_steps": 819, "loss": 5.284256458282471, "elapsed_time": 93.46536350250244, "learning_rate": 1.75615896063247e-07, "prnt": false}
{"event": "training_step", "timestamp": 1769668993.2404132, "step": 808, "max_steps": 819, "loss": 5.361881256103516, "elapsed_time": 93.54615044593811, "learning_rate": 1.4757073512647323e-07, "prnt": false}
{"event": "training_step", "timestamp": 1769668993.321877, "step": 809, "max_steps": 819, "loss": 5.307533264160156, "elapsed_time": 93.62757229804993, "learning_rate": 1.219627565667791e-07, "prnt": false}
{"event": "training_step", "timestamp": 1769668993.4031918, "step": 810, "max_steps": 819, "loss": 5.388047218322754, "elapsed_time": 93.70889735221863, "learning_rate": 9.879237686931107e-08, "prnt": false}
{"event": "training_step", "timestamp": 1769668993.4845421, "step": 811, "max_steps": 819, "loss": 5.310077667236328, "elapsed_time": 93.79075336456299, "learning_rate": 7.805997287444466e-08, "prnt": false}
{"event": "training_step", "timestamp": 1769668993.5658708, "step": 812, "max_steps": 819, "loss": 5.327386379241943, "elapsed_time": 93.87166905403137, "learning_rate": 5.976588177153963e-08, "prnt": false}
{"event": "training_step", "timestamp": 1769668993.6472423, "step": 813, "max_steps": 819, "loss": 5.353670120239258, "elapsed_time": 93.95315098762512, "learning_rate": 4.391040109356092e-08, "prnt": false}
{"event": "training_step", "timestamp": 1769668993.7285402, "step": 814, "max_steps": 819, "loss": 5.378671646118164, "elapsed_time": 94.03443384170532, "learning_rate": 3.0493788712199206e-08, "prnt": false}
{"event": "training_step", "timestamp": 1769668993.8099174, "step": 815, "max_steps": 819, "loss": 5.342100143432617, "elapsed_time": 94.1157693862915, "learning_rate": 1.951626283365759e-08, "prnt": false}
{"event": "training_step", "timestamp": 1769668993.8915248, "step": 816, "max_steps": 819, "loss": 5.379639625549316, "elapsed_time": 94.19718813896179, "learning_rate": 1.0978001995154417e-08, "prnt": false}
{"event": "training_step", "timestamp": 1769668993.9730985, "step": 817, "max_steps": 819, "loss": 5.377904415130615, "elapsed_time": 94.27889394760132, "learning_rate": 4.8791450619423135e-09, "prnt": false}
{"event": "training_step", "timestamp": 1769668994.0545835, "step": 818, "max_steps": 819, "loss": 5.4289960861206055, "elapsed_time": 94.36015200614929, "learning_rate": 1.2197912251266095e-09, "prnt": false}
{"event": "training_step", "timestamp": 1769668994.136131, "step": 819, "max_steps": 819, "loss": 5.369174480438232, "elapsed_time": 94.44184875488281, "learning_rate": 0.0, "prnt": false}
{"event": "validation_result", "timestamp": 1769668994.4712136, "step": 819, "max_steps": 819, "loss": 1.1080433554890075, "elapsed_time": 94.44184875488281}
{"event": "training_complete", "timestamp": 1769668995.8286037, "final_val_loss": 1.1080433554890075, "best_val_loss": 1.1080433554890075, "total_time": 96.20904445648193}
