{"event": "hyperparameters_configured", "timestamp": 1769652070.6988316, "block_size": 64, "vocab_size": 16000, "n_layer": 8, "n_head": 9, "d_model": 576, "dropout": 0.0, "mlp_ratio": 5.0, "activation": "gelu", "residual_scaling": true, "batch_size": 128, "lr": 0.0003, "weight_decay": 0.1, "evals_per_epoch": 3, "batch_mode": "title_aware", "optimizer": "adamw", "scheduler": "warmup_cosine", "warmup_fraction": 0.05, "normalizer": "none", "pre_tokenizer": "bytelevel", "eos_handling": "string_join", "min_frequency": 1, "domain_tokens": false, "epochs": 7, "seed": 1337, "num_titles": 100000, "val_frac": 0.1, "log_file": "./logs/exp-title-aware.log"}
{"event": "device_info", "timestamp": 1769652070.7164297, "device": "cuda"}
{"event": "dataset_info", "timestamp": 1769652081.9798837, "titles_count": 90000, "epochs": 7, "batches_per_epoch": 134, "tokens_per_epoch": 1102455, "vocab_size": 16000}
{"event": "model_info", "timestamp": 1769652082.4367075, "parameters_count": 46477440}
{"event": "training_step", "timestamp": 1769652083.1508558, "step": 1, "max_steps": 938, "loss": 9.762195587158203, "elapsed_time": 0.20231890678405762, "prnt": false}
{"event": "validation_step", "timestamp": 1769652083.532334, "step": 1, "max_steps": 938, "loss": 2.103012899444284, "elapsed_time": 0.20231890678405762}
{"event": "training_step", "timestamp": 1769652083.6145535, "step": 2, "max_steps": 938, "loss": 9.742548942565918, "elapsed_time": 0.5916359424591064, "prnt": false}
{"event": "training_step", "timestamp": 1769652083.696483, "step": 3, "max_steps": 938, "loss": 9.619565963745117, "elapsed_time": 0.6733081340789795, "prnt": false}
{"event": "training_step", "timestamp": 1769652083.7783308, "step": 4, "max_steps": 938, "loss": 9.45251178741455, "elapsed_time": 0.7549765110015869, "prnt": false}
{"event": "training_step", "timestamp": 1769652083.8600266, "step": 5, "max_steps": 938, "loss": 9.205286026000977, "elapsed_time": 0.8368721008300781, "prnt": false}
{"event": "training_step", "timestamp": 1769652083.9413283, "step": 6, "max_steps": 938, "loss": 9.046682357788086, "elapsed_time": 0.9187936782836914, "prnt": false}
{"event": "training_step", "timestamp": 1769652084.0224383, "step": 7, "max_steps": 938, "loss": 8.934676170349121, "elapsed_time": 0.9996812343597412, "prnt": false}
{"event": "training_step", "timestamp": 1769652084.1033351, "step": 8, "max_steps": 938, "loss": 8.930880546569824, "elapsed_time": 1.0811176300048828, "prnt": false}
{"event": "training_step", "timestamp": 1769652084.1842918, "step": 9, "max_steps": 938, "loss": 8.796369552612305, "elapsed_time": 1.1623246669769287, "prnt": false}
{"event": "training_step", "timestamp": 1769652084.2651713, "step": 10, "max_steps": 938, "loss": 8.83663558959961, "elapsed_time": 1.2428784370422363, "prnt": false}
{"event": "training_step", "timestamp": 1769652084.3460703, "step": 11, "max_steps": 938, "loss": 8.69302749633789, "elapsed_time": 1.323622226715088, "prnt": false}
{"event": "training_step", "timestamp": 1769652084.427072, "step": 12, "max_steps": 938, "loss": 8.702109336853027, "elapsed_time": 1.4045779705047607, "prnt": false}
{"event": "training_step", "timestamp": 1769652084.5076268, "step": 13, "max_steps": 938, "loss": 8.724348068237305, "elapsed_time": 1.485677719116211, "prnt": false}
{"event": "training_step", "timestamp": 1769652084.5884752, "step": 14, "max_steps": 938, "loss": 8.606884002685547, "elapsed_time": 1.5661895275115967, "prnt": false}
{"event": "training_step", "timestamp": 1769652084.6697032, "step": 15, "max_steps": 938, "loss": 8.6388578414917, "elapsed_time": 1.647146224975586, "prnt": false}
{"event": "training_step", "timestamp": 1769652084.7513447, "step": 16, "max_steps": 938, "loss": 8.562613487243652, "elapsed_time": 1.7281527519226074, "prnt": false}
{"event": "training_step", "timestamp": 1769652084.8330526, "step": 17, "max_steps": 938, "loss": 8.564583778381348, "elapsed_time": 1.8097755908966064, "prnt": false}
{"event": "training_step", "timestamp": 1769652084.9147213, "step": 18, "max_steps": 938, "loss": 8.550087928771973, "elapsed_time": 1.8919119834899902, "prnt": false}
{"event": "training_step", "timestamp": 1769652084.9964747, "step": 19, "max_steps": 938, "loss": 8.477874755859375, "elapsed_time": 1.9732000827789307, "prnt": false}
{"event": "training_step", "timestamp": 1769652085.0781615, "step": 20, "max_steps": 938, "loss": 8.402215003967285, "elapsed_time": 2.054914712905884, "prnt": false}
{"event": "training_step", "timestamp": 1769652085.1598291, "step": 21, "max_steps": 938, "loss": 8.337045669555664, "elapsed_time": 2.1365225315093994, "prnt": false}
{"event": "training_step", "timestamp": 1769652085.240923, "step": 22, "max_steps": 938, "loss": 8.268291473388672, "elapsed_time": 2.2183570861816406, "prnt": false}
{"event": "training_step", "timestamp": 1769652085.3219664, "step": 23, "max_steps": 938, "loss": 8.155219078063965, "elapsed_time": 2.2993693351745605, "prnt": false}
{"event": "training_step", "timestamp": 1769652085.402887, "step": 24, "max_steps": 938, "loss": 8.191275596618652, "elapsed_time": 2.3804407119750977, "prnt": false}
{"event": "training_step", "timestamp": 1769652085.484015, "step": 25, "max_steps": 938, "loss": 8.227246284484863, "elapsed_time": 2.461373805999756, "prnt": false}
{"event": "training_step", "timestamp": 1769652085.5653083, "step": 26, "max_steps": 938, "loss": 8.230674743652344, "elapsed_time": 2.5423502922058105, "prnt": false}
{"event": "training_step", "timestamp": 1769652085.6462276, "step": 27, "max_steps": 938, "loss": 7.991359710693359, "elapsed_time": 2.6239304542541504, "prnt": false}
{"event": "training_step", "timestamp": 1769652085.7274852, "step": 28, "max_steps": 938, "loss": 8.002656936645508, "elapsed_time": 2.7047197818756104, "prnt": false}
{"event": "training_step", "timestamp": 1769652085.8091817, "step": 29, "max_steps": 938, "loss": 8.076560020446777, "elapsed_time": 2.785938262939453, "prnt": false}
{"event": "training_step", "timestamp": 1769652085.8909073, "step": 30, "max_steps": 938, "loss": 7.932776927947998, "elapsed_time": 2.868039131164551, "prnt": false}
{"event": "training_step", "timestamp": 1769652085.9723113, "step": 31, "max_steps": 938, "loss": 7.826634407043457, "elapsed_time": 2.949307441711426, "prnt": false}
{"event": "training_step", "timestamp": 1769652086.053909, "step": 32, "max_steps": 938, "loss": 7.90811824798584, "elapsed_time": 3.0308518409729004, "prnt": false}
{"event": "training_step", "timestamp": 1769652086.135582, "step": 33, "max_steps": 938, "loss": 7.791148662567139, "elapsed_time": 3.112272024154663, "prnt": false}
{"event": "training_step", "timestamp": 1769652086.2174952, "step": 34, "max_steps": 938, "loss": 7.737093925476074, "elapsed_time": 3.1949782371520996, "prnt": false}
{"event": "training_step", "timestamp": 1769652086.29913, "step": 35, "max_steps": 938, "loss": 7.6046142578125, "elapsed_time": 3.2760095596313477, "prnt": false}
{"event": "training_step", "timestamp": 1769652086.3807018, "step": 36, "max_steps": 938, "loss": 7.744877338409424, "elapsed_time": 3.3575220108032227, "prnt": false}
{"event": "training_step", "timestamp": 1769652086.4617705, "step": 37, "max_steps": 938, "loss": 7.720165252685547, "elapsed_time": 3.439096450805664, "prnt": false}
{"event": "training_step", "timestamp": 1769652086.5428872, "step": 38, "max_steps": 938, "loss": 7.571904182434082, "elapsed_time": 3.5202672481536865, "prnt": false}
{"event": "training_step", "timestamp": 1769652086.6240213, "step": 39, "max_steps": 938, "loss": 7.660940647125244, "elapsed_time": 3.6012048721313477, "prnt": false}
{"event": "training_step", "timestamp": 1769652086.7050042, "step": 40, "max_steps": 938, "loss": 7.547789096832275, "elapsed_time": 3.682525634765625, "prnt": false}
{"event": "training_step", "timestamp": 1769652086.786466, "step": 41, "max_steps": 938, "loss": 7.512970447540283, "elapsed_time": 3.7633535861968994, "prnt": false}
{"event": "training_step", "timestamp": 1769652086.867968, "step": 42, "max_steps": 938, "loss": 7.6407790184021, "elapsed_time": 3.8451805114746094, "prnt": false}
{"event": "training_step", "timestamp": 1769652086.9493208, "step": 43, "max_steps": 938, "loss": 7.519454002380371, "elapsed_time": 3.9272212982177734, "prnt": false}
{"event": "training_step", "timestamp": 1769652087.0310268, "step": 44, "max_steps": 938, "loss": 7.476055145263672, "elapsed_time": 4.008167505264282, "prnt": false}
{"event": "validation_step", "timestamp": 1769652087.4130335, "step": 44, "max_steps": 938, "loss": 1.675582080070252, "elapsed_time": 4.008167505264282}
{"event": "training_step", "timestamp": 1769652087.4956536, "step": 45, "max_steps": 938, "loss": 7.629967212677002, "elapsed_time": 4.4718146324157715, "prnt": false}
{"event": "training_step", "timestamp": 1769652087.5774446, "step": 46, "max_steps": 938, "loss": 7.624777317047119, "elapsed_time": 4.554240465164185, "prnt": false}
{"event": "training_step", "timestamp": 1769652087.6592667, "step": 47, "max_steps": 938, "loss": 7.553312301635742, "elapsed_time": 4.6358325481414795, "prnt": false}
{"event": "training_step", "timestamp": 1769652087.7406502, "step": 48, "max_steps": 938, "loss": 7.593289852142334, "elapsed_time": 4.717862129211426, "prnt": false}
{"event": "training_step", "timestamp": 1769652087.821816, "step": 49, "max_steps": 938, "loss": 7.4228105545043945, "elapsed_time": 4.799038887023926, "prnt": false}
{"event": "training_step", "timestamp": 1769652087.903122, "step": 50, "max_steps": 938, "loss": 7.485768795013428, "elapsed_time": 4.8804779052734375, "prnt": false}
{"event": "training_step", "timestamp": 1769652087.9843438, "step": 51, "max_steps": 938, "loss": 7.478676795959473, "elapsed_time": 4.961594820022583, "prnt": false}
{"event": "training_step", "timestamp": 1769652088.0654745, "step": 52, "max_steps": 938, "loss": 7.4192609786987305, "elapsed_time": 5.0427916049957275, "prnt": false}
{"event": "training_step", "timestamp": 1769652088.1469674, "step": 53, "max_steps": 938, "loss": 7.347973823547363, "elapsed_time": 5.123870134353638, "prnt": false}
{"event": "training_step", "timestamp": 1769652088.2287498, "step": 54, "max_steps": 938, "loss": 7.415893077850342, "elapsed_time": 5.206005096435547, "prnt": false}
{"event": "training_step", "timestamp": 1769652088.3100915, "step": 55, "max_steps": 938, "loss": 7.565160274505615, "elapsed_time": 5.287196159362793, "prnt": false}
{"event": "training_step", "timestamp": 1769652088.3919578, "step": 56, "max_steps": 938, "loss": 7.499357223510742, "elapsed_time": 5.3685877323150635, "prnt": false}
{"event": "training_step", "timestamp": 1769652088.4735663, "step": 57, "max_steps": 938, "loss": 7.3465986251831055, "elapsed_time": 5.450331449508667, "prnt": false}
{"event": "training_step", "timestamp": 1769652088.5557606, "step": 58, "max_steps": 938, "loss": 7.434469699859619, "elapsed_time": 5.532093048095703, "prnt": false}
{"event": "training_step", "timestamp": 1769652088.6376462, "step": 59, "max_steps": 938, "loss": 7.4569091796875, "elapsed_time": 5.614131927490234, "prnt": false}
{"event": "training_step", "timestamp": 1769652088.7194378, "step": 60, "max_steps": 938, "loss": 7.49710750579834, "elapsed_time": 5.69614839553833, "prnt": false}
{"event": "training_step", "timestamp": 1769652088.800557, "step": 61, "max_steps": 938, "loss": 7.47043514251709, "elapsed_time": 5.777787923812866, "prnt": false}
{"event": "training_step", "timestamp": 1769652088.8817973, "step": 62, "max_steps": 938, "loss": 7.4589362144470215, "elapsed_time": 5.859136581420898, "prnt": false}
{"event": "training_step", "timestamp": 1769652088.96323, "step": 63, "max_steps": 938, "loss": 7.368575096130371, "elapsed_time": 5.94043231010437, "prnt": false}
{"event": "training_step", "timestamp": 1769652089.0444818, "step": 64, "max_steps": 938, "loss": 7.556434154510498, "elapsed_time": 6.0217766761779785, "prnt": false}
{"event": "training_step", "timestamp": 1769652089.125911, "step": 65, "max_steps": 938, "loss": 7.4770708084106445, "elapsed_time": 6.1030566692352295, "prnt": false}
{"event": "training_step", "timestamp": 1769652089.207604, "step": 66, "max_steps": 938, "loss": 7.532681465148926, "elapsed_time": 6.184372186660767, "prnt": false}
{"event": "training_step", "timestamp": 1769652089.288748, "step": 67, "max_steps": 938, "loss": 7.303434371948242, "elapsed_time": 6.265990972518921, "prnt": false}
{"event": "training_step", "timestamp": 1769652089.3703423, "step": 68, "max_steps": 938, "loss": 7.382416248321533, "elapsed_time": 6.347240686416626, "prnt": false}
{"event": "training_step", "timestamp": 1769652089.4521024, "step": 69, "max_steps": 938, "loss": 7.456146240234375, "elapsed_time": 6.42896032333374, "prnt": false}
{"event": "training_step", "timestamp": 1769652089.5341372, "step": 70, "max_steps": 938, "loss": 7.416414737701416, "elapsed_time": 6.510563611984253, "prnt": false}
{"event": "training_step", "timestamp": 1769652089.6157312, "step": 71, "max_steps": 938, "loss": 7.504831790924072, "elapsed_time": 6.592519998550415, "prnt": false}
{"event": "training_step", "timestamp": 1769652089.6975248, "step": 72, "max_steps": 938, "loss": 7.486349582672119, "elapsed_time": 6.674221038818359, "prnt": false}
{"event": "training_step", "timestamp": 1769652089.779213, "step": 73, "max_steps": 938, "loss": 7.3877410888671875, "elapsed_time": 6.755795001983643, "prnt": false}
{"event": "training_step", "timestamp": 1769652089.8603172, "step": 74, "max_steps": 938, "loss": 7.381540775299072, "elapsed_time": 6.837683439254761, "prnt": false}
{"event": "training_step", "timestamp": 1769652089.9413602, "step": 75, "max_steps": 938, "loss": 7.341705799102783, "elapsed_time": 6.91915488243103, "prnt": false}
{"event": "training_step", "timestamp": 1769652090.0225258, "step": 76, "max_steps": 938, "loss": 7.387260913848877, "elapsed_time": 6.999874114990234, "prnt": false}
{"event": "training_step", "timestamp": 1769652090.1036208, "step": 77, "max_steps": 938, "loss": 7.2496724128723145, "elapsed_time": 7.080877304077148, "prnt": false}
{"event": "training_step", "timestamp": 1769652090.184878, "step": 78, "max_steps": 938, "loss": 7.440790176391602, "elapsed_time": 7.1620934009552, "prnt": false}
{"event": "training_step", "timestamp": 1769652090.2664242, "step": 79, "max_steps": 938, "loss": 7.4134416580200195, "elapsed_time": 7.243377447128296, "prnt": false}
{"event": "training_step", "timestamp": 1769652090.347824, "step": 80, "max_steps": 938, "loss": 7.258142471313477, "elapsed_time": 7.32504940032959, "prnt": false}
{"event": "training_step", "timestamp": 1769652090.4294643, "step": 81, "max_steps": 938, "loss": 7.216668605804443, "elapsed_time": 7.40622615814209, "prnt": false}
{"event": "training_step", "timestamp": 1769652090.5111127, "step": 82, "max_steps": 938, "loss": 7.381112575531006, "elapsed_time": 7.487968444824219, "prnt": false}
{"event": "training_step", "timestamp": 1769652090.5929658, "step": 83, "max_steps": 938, "loss": 7.134594440460205, "elapsed_time": 7.569542646408081, "prnt": false}
{"event": "training_step", "timestamp": 1769652090.6747742, "step": 84, "max_steps": 938, "loss": 7.599762916564941, "elapsed_time": 7.651507377624512, "prnt": false}
{"event": "training_step", "timestamp": 1769652090.7565491, "step": 85, "max_steps": 938, "loss": 7.382461071014404, "elapsed_time": 7.733306169509888, "prnt": false}
{"event": "training_step", "timestamp": 1769652090.8385825, "step": 86, "max_steps": 938, "loss": 7.449891090393066, "elapsed_time": 7.815092325210571, "prnt": false}
{"event": "training_step", "timestamp": 1769652090.9197867, "step": 87, "max_steps": 938, "loss": 7.308068752288818, "elapsed_time": 7.897133111953735, "prnt": false}
{"event": "training_step", "timestamp": 1769652091.0009575, "step": 88, "max_steps": 938, "loss": 7.297486305236816, "elapsed_time": 7.978237628936768, "prnt": false}
{"event": "validation_step", "timestamp": 1769652091.3843222, "step": 88, "max_steps": 938, "loss": 1.6573265502722334, "elapsed_time": 7.978237628936768}
{"event": "training_step", "timestamp": 1769652091.4672894, "step": 89, "max_steps": 938, "loss": 7.378942012786865, "elapsed_time": 8.443214893341064, "prnt": false}
{"event": "training_step", "timestamp": 1769652091.5494246, "step": 90, "max_steps": 938, "loss": 7.329909801483154, "elapsed_time": 8.525942325592041, "prnt": false}
{"event": "training_step", "timestamp": 1769652091.6311724, "step": 91, "max_steps": 938, "loss": 7.450817584991455, "elapsed_time": 8.607818603515625, "prnt": false}
{"event": "training_step", "timestamp": 1769652091.7133906, "step": 92, "max_steps": 938, "loss": 7.2259111404418945, "elapsed_time": 8.689802169799805, "prnt": false}
{"event": "training_step", "timestamp": 1769652091.7952743, "step": 93, "max_steps": 938, "loss": 7.288052082061768, "elapsed_time": 8.771762371063232, "prnt": false}
{"event": "training_step", "timestamp": 1769652091.877251, "step": 94, "max_steps": 938, "loss": 7.32920503616333, "elapsed_time": 8.85397720336914, "prnt": false}
{"event": "training_step", "timestamp": 1769652091.958884, "step": 95, "max_steps": 938, "loss": 7.29069185256958, "elapsed_time": 8.935810804367065, "prnt": false}
{"event": "training_step", "timestamp": 1769652092.0403006, "step": 96, "max_steps": 938, "loss": 7.133155345916748, "elapsed_time": 9.017496347427368, "prnt": false}
{"event": "training_step", "timestamp": 1769652092.1214895, "step": 97, "max_steps": 938, "loss": 7.269285678863525, "elapsed_time": 9.098952770233154, "prnt": false}
{"event": "training_step", "timestamp": 1769652092.2029517, "step": 98, "max_steps": 938, "loss": 7.208373546600342, "elapsed_time": 9.179926633834839, "prnt": false}
{"event": "training_step", "timestamp": 1769652092.2847283, "step": 99, "max_steps": 938, "loss": 7.224188327789307, "elapsed_time": 9.261636018753052, "prnt": false}
{"event": "training_step", "timestamp": 1769652092.3660655, "step": 100, "max_steps": 938, "loss": 7.332205772399902, "elapsed_time": 9.343302249908447, "prnt": false}
{"event": "training_step", "timestamp": 1769652092.4474025, "step": 101, "max_steps": 938, "loss": 7.245935916900635, "elapsed_time": 9.424424648284912, "prnt": false}
{"event": "training_step", "timestamp": 1769652092.529337, "step": 102, "max_steps": 938, "loss": 7.339237213134766, "elapsed_time": 9.506319522857666, "prnt": false}
{"event": "training_step", "timestamp": 1769652092.6109447, "step": 103, "max_steps": 938, "loss": 7.262979984283447, "elapsed_time": 9.587786197662354, "prnt": false}
{"event": "training_step", "timestamp": 1769652092.6930842, "step": 104, "max_steps": 938, "loss": 7.108975887298584, "elapsed_time": 9.66966700553894, "prnt": false}
{"event": "training_step", "timestamp": 1769652092.7753308, "step": 105, "max_steps": 938, "loss": 7.320642471313477, "elapsed_time": 9.751999855041504, "prnt": false}
{"event": "training_step", "timestamp": 1769652092.8574493, "step": 106, "max_steps": 938, "loss": 7.14124870300293, "elapsed_time": 9.833861827850342, "prnt": false}
{"event": "training_step", "timestamp": 1769652092.9388137, "step": 107, "max_steps": 938, "loss": 7.165342330932617, "elapsed_time": 9.916143894195557, "prnt": false}
{"event": "training_step", "timestamp": 1769652093.020416, "step": 108, "max_steps": 938, "loss": 7.140439510345459, "elapsed_time": 9.997304677963257, "prnt": false}
{"event": "training_step", "timestamp": 1769652093.1015391, "step": 109, "max_steps": 938, "loss": 7.222038269042969, "elapsed_time": 10.078810214996338, "prnt": false}
{"event": "training_step", "timestamp": 1769652093.1828418, "step": 110, "max_steps": 938, "loss": 7.207818031311035, "elapsed_time": 10.160010814666748, "prnt": false}
{"event": "training_step", "timestamp": 1769652093.2641966, "step": 111, "max_steps": 938, "loss": 7.195467948913574, "elapsed_time": 10.241254568099976, "prnt": false}
{"event": "training_step", "timestamp": 1769652093.3455908, "step": 112, "max_steps": 938, "loss": 7.117278099060059, "elapsed_time": 10.322645425796509, "prnt": false}
{"event": "training_step", "timestamp": 1769652093.42708, "step": 113, "max_steps": 938, "loss": 7.1499714851379395, "elapsed_time": 10.404350996017456, "prnt": false}
{"event": "training_step", "timestamp": 1769652093.5089278, "step": 114, "max_steps": 938, "loss": 7.271958351135254, "elapsed_time": 10.485844135284424, "prnt": false}
{"event": "training_step", "timestamp": 1769652093.5907786, "step": 115, "max_steps": 938, "loss": 7.117913246154785, "elapsed_time": 10.567273139953613, "prnt": false}
{"event": "training_step", "timestamp": 1769652093.6723886, "step": 116, "max_steps": 938, "loss": 7.2254743576049805, "elapsed_time": 10.649296522140503, "prnt": false}
{"event": "training_step", "timestamp": 1769652093.7546163, "step": 117, "max_steps": 938, "loss": 7.032459259033203, "elapsed_time": 10.730772256851196, "prnt": false}
{"event": "training_step", "timestamp": 1769652093.8367305, "step": 118, "max_steps": 938, "loss": 7.2309088706970215, "elapsed_time": 10.813063144683838, "prnt": false}
{"event": "training_step", "timestamp": 1769652093.9183142, "step": 119, "max_steps": 938, "loss": 7.080224514007568, "elapsed_time": 10.895291566848755, "prnt": false}
{"event": "training_step", "timestamp": 1769652093.9998581, "step": 120, "max_steps": 938, "loss": 7.042267322540283, "elapsed_time": 10.97679615020752, "prnt": false}
{"event": "training_step", "timestamp": 1769652094.0813386, "step": 121, "max_steps": 938, "loss": 7.018520355224609, "elapsed_time": 11.058185577392578, "prnt": false}
{"event": "training_step", "timestamp": 1769652094.1627076, "step": 122, "max_steps": 938, "loss": 7.158716678619385, "elapsed_time": 11.139790058135986, "prnt": false}
{"event": "training_step", "timestamp": 1769652094.2444491, "step": 123, "max_steps": 938, "loss": 7.134486198425293, "elapsed_time": 11.221606254577637, "prnt": false}
{"event": "training_step", "timestamp": 1769652094.3261738, "step": 124, "max_steps": 938, "loss": 7.139167785644531, "elapsed_time": 11.303076267242432, "prnt": false}
{"event": "training_step", "timestamp": 1769652094.4076095, "step": 125, "max_steps": 938, "loss": 7.114062309265137, "elapsed_time": 11.384477853775024, "prnt": false}
{"event": "training_step", "timestamp": 1769652094.4896023, "step": 126, "max_steps": 938, "loss": 7.155135154724121, "elapsed_time": 11.466109037399292, "prnt": false}
{"event": "training_step", "timestamp": 1769652094.5714543, "step": 127, "max_steps": 938, "loss": 7.033818244934082, "elapsed_time": 11.547986030578613, "prnt": false}
{"event": "training_step", "timestamp": 1769652094.65262, "step": 128, "max_steps": 938, "loss": 7.20355749130249, "elapsed_time": 11.62998628616333, "prnt": false}
{"event": "training_step", "timestamp": 1769652094.7345743, "step": 129, "max_steps": 938, "loss": 7.149446964263916, "elapsed_time": 11.71101713180542, "prnt": false}
{"event": "training_step", "timestamp": 1769652094.815808, "step": 130, "max_steps": 938, "loss": 7.092443943023682, "elapsed_time": 11.793018579483032, "prnt": false}
{"event": "training_step", "timestamp": 1769652094.897488, "step": 131, "max_steps": 938, "loss": 7.085760593414307, "elapsed_time": 11.87435269355774, "prnt": false}
{"event": "training_step", "timestamp": 1769652094.9787986, "step": 132, "max_steps": 938, "loss": 7.153818607330322, "elapsed_time": 11.955914974212646, "prnt": false}
{"event": "validation_step", "timestamp": 1769652095.3622098, "step": 132, "max_steps": 938, "loss": 1.637074590021205, "elapsed_time": 11.955914974212646}
{"event": "training_step", "timestamp": 1769652095.4445446, "step": 133, "max_steps": 938, "loss": 7.063506126403809, "elapsed_time": 12.4210045337677, "prnt": false}
{"event": "training_step", "timestamp": 1769652095.5262957, "step": 134, "max_steps": 938, "loss": 7.035878658294678, "elapsed_time": 12.503076553344727, "prnt": false}
{"event": "training_step", "timestamp": 1769652095.6082532, "step": 135, "max_steps": 938, "loss": 7.0819573402404785, "elapsed_time": 12.584832906723022, "prnt": false}
{"event": "training_step", "timestamp": 1769652095.68989, "step": 136, "max_steps": 938, "loss": 7.1502275466918945, "elapsed_time": 12.666765451431274, "prnt": false}
{"event": "training_step", "timestamp": 1769652095.772058, "step": 137, "max_steps": 938, "loss": 7.1213555335998535, "elapsed_time": 12.748298168182373, "prnt": false}
{"event": "training_step", "timestamp": 1769652095.854077, "step": 138, "max_steps": 938, "loss": 6.9070844650268555, "elapsed_time": 12.830469608306885, "prnt": false}
{"event": "training_step", "timestamp": 1769652095.9362228, "step": 139, "max_steps": 938, "loss": 7.079301834106445, "elapsed_time": 12.912837505340576, "prnt": false}
{"event": "training_step", "timestamp": 1769652096.0175524, "step": 140, "max_steps": 938, "loss": 7.034572601318359, "elapsed_time": 12.994584083557129, "prnt": false}
{"event": "training_step", "timestamp": 1769652096.098989, "step": 141, "max_steps": 938, "loss": 7.104861736297607, "elapsed_time": 13.076028108596802, "prnt": false}
{"event": "training_step", "timestamp": 1769652096.1801574, "step": 142, "max_steps": 938, "loss": 7.0180840492248535, "elapsed_time": 13.157458782196045, "prnt": false}
{"event": "training_step", "timestamp": 1769652096.2618098, "step": 143, "max_steps": 938, "loss": 7.0613112449646, "elapsed_time": 13.239204406738281, "prnt": false}
{"event": "training_step", "timestamp": 1769652096.3437207, "step": 144, "max_steps": 938, "loss": 7.12209415435791, "elapsed_time": 13.320295095443726, "prnt": false}
{"event": "training_step", "timestamp": 1769652096.4250693, "step": 145, "max_steps": 938, "loss": 7.192556858062744, "elapsed_time": 13.402172327041626, "prnt": false}
{"event": "training_step", "timestamp": 1769652096.5067062, "step": 146, "max_steps": 938, "loss": 7.088583469390869, "elapsed_time": 13.48349142074585, "prnt": false}
{"event": "training_step", "timestamp": 1769652096.5887034, "step": 147, "max_steps": 938, "loss": 7.090940952301025, "elapsed_time": 13.56513261795044, "prnt": false}
{"event": "training_step", "timestamp": 1769652096.670496, "step": 148, "max_steps": 938, "loss": 6.913724422454834, "elapsed_time": 13.647356510162354, "prnt": false}
{"event": "training_step", "timestamp": 1769652096.752848, "step": 149, "max_steps": 938, "loss": 7.131893634796143, "elapsed_time": 13.728993654251099, "prnt": false}
{"event": "training_step", "timestamp": 1769652096.8348894, "step": 150, "max_steps": 938, "loss": 6.957793712615967, "elapsed_time": 13.811227560043335, "prnt": false}
{"event": "training_step", "timestamp": 1769652096.9170423, "step": 151, "max_steps": 938, "loss": 7.0449700355529785, "elapsed_time": 13.893689155578613, "prnt": false}
{"event": "training_step", "timestamp": 1769652096.998354, "step": 152, "max_steps": 938, "loss": 6.931511878967285, "elapsed_time": 13.97542405128479, "prnt": false}
{"event": "training_step", "timestamp": 1769652097.080004, "step": 153, "max_steps": 938, "loss": 6.840169906616211, "elapsed_time": 14.056957244873047, "prnt": false}
{"event": "training_step", "timestamp": 1769652097.1610658, "step": 154, "max_steps": 938, "loss": 6.903106689453125, "elapsed_time": 14.138357400894165, "prnt": false}
{"event": "training_step", "timestamp": 1769652097.2426214, "step": 155, "max_steps": 938, "loss": 6.8427734375, "elapsed_time": 14.219536542892456, "prnt": false}
{"event": "training_step", "timestamp": 1769652097.324401, "step": 156, "max_steps": 938, "loss": 7.019083499908447, "elapsed_time": 14.301038980484009, "prnt": false}
{"event": "training_step", "timestamp": 1769652097.4057496, "step": 157, "max_steps": 938, "loss": 6.8909077644348145, "elapsed_time": 14.382763147354126, "prnt": false}
{"event": "training_step", "timestamp": 1769652097.4874473, "step": 158, "max_steps": 938, "loss": 7.0092058181762695, "elapsed_time": 14.464097738265991, "prnt": false}
{"event": "training_step", "timestamp": 1769652097.5695226, "step": 159, "max_steps": 938, "loss": 7.018328666687012, "elapsed_time": 14.545852899551392, "prnt": false}
{"event": "training_step", "timestamp": 1769652097.651696, "step": 160, "max_steps": 938, "loss": 7.038461685180664, "elapsed_time": 14.627877950668335, "prnt": false}
{"event": "training_step", "timestamp": 1769652097.7339242, "step": 161, "max_steps": 938, "loss": 6.749314308166504, "elapsed_time": 14.710236072540283, "prnt": false}
{"event": "training_step", "timestamp": 1769652097.8158674, "step": 162, "max_steps": 938, "loss": 6.96126651763916, "elapsed_time": 14.792286157608032, "prnt": false}
{"event": "training_step", "timestamp": 1769652097.897518, "step": 163, "max_steps": 938, "loss": 6.934961318969727, "elapsed_time": 14.87468957901001, "prnt": false}
{"event": "training_step", "timestamp": 1769652097.978937, "step": 164, "max_steps": 938, "loss": 6.989725112915039, "elapsed_time": 14.955942392349243, "prnt": false}
{"event": "training_step", "timestamp": 1769652098.0605507, "step": 165, "max_steps": 938, "loss": 6.958610534667969, "elapsed_time": 15.037383079528809, "prnt": false}
{"event": "training_step", "timestamp": 1769652098.1418164, "step": 166, "max_steps": 938, "loss": 6.919966220855713, "elapsed_time": 15.118920803070068, "prnt": false}
{"event": "training_step", "timestamp": 1769652098.2234275, "step": 167, "max_steps": 938, "loss": 6.812587738037109, "elapsed_time": 15.200421571731567, "prnt": false}
{"event": "training_step", "timestamp": 1769652098.3054872, "step": 168, "max_steps": 938, "loss": 6.949341297149658, "elapsed_time": 15.282621145248413, "prnt": false}
{"event": "training_step", "timestamp": 1769652098.3870707, "step": 169, "max_steps": 938, "loss": 6.942074775695801, "elapsed_time": 15.364081382751465, "prnt": false}
{"event": "training_step", "timestamp": 1769652098.468781, "step": 170, "max_steps": 938, "loss": 6.934776782989502, "elapsed_time": 15.445494651794434, "prnt": false}
{"event": "training_step", "timestamp": 1769652098.551083, "step": 171, "max_steps": 938, "loss": 7.066219806671143, "elapsed_time": 15.527298212051392, "prnt": false}
{"event": "training_step", "timestamp": 1769652098.6339073, "step": 172, "max_steps": 938, "loss": 6.942511558532715, "elapsed_time": 15.609444856643677, "prnt": false}
{"event": "training_step", "timestamp": 1769652098.7158937, "step": 173, "max_steps": 938, "loss": 7.0488667488098145, "elapsed_time": 15.692447662353516, "prnt": false}
{"event": "training_step", "timestamp": 1769652098.7976005, "step": 174, "max_steps": 938, "loss": 6.879361152648926, "elapsed_time": 15.774280071258545, "prnt": false}
{"event": "training_step", "timestamp": 1769652098.8790965, "step": 175, "max_steps": 938, "loss": 6.909878253936768, "elapsed_time": 15.856183290481567, "prnt": false}
{"event": "training_step", "timestamp": 1769652098.960937, "step": 176, "max_steps": 938, "loss": 6.899806499481201, "elapsed_time": 15.937941312789917, "prnt": false}
{"event": "validation_step", "timestamp": 1769652099.3448744, "step": 176, "max_steps": 938, "loss": 1.634783780626249, "elapsed_time": 15.937941312789917}
{"event": "training_step", "timestamp": 1769652099.4274242, "step": 177, "max_steps": 938, "loss": 6.982075214385986, "elapsed_time": 16.403883457183838, "prnt": false}
{"event": "training_step", "timestamp": 1769652099.509556, "step": 178, "max_steps": 938, "loss": 6.950523376464844, "elapsed_time": 16.486091136932373, "prnt": false}
{"event": "training_step", "timestamp": 1769652099.5919619, "step": 179, "max_steps": 938, "loss": 6.972076416015625, "elapsed_time": 16.568013191223145, "prnt": false}
{"event": "training_step", "timestamp": 1769652099.6740541, "step": 180, "max_steps": 938, "loss": 6.814368724822998, "elapsed_time": 16.650368213653564, "prnt": false}
{"event": "training_step", "timestamp": 1769652099.7562263, "step": 181, "max_steps": 938, "loss": 6.918942928314209, "elapsed_time": 16.73238492012024, "prnt": false}
{"event": "training_step", "timestamp": 1769652099.8378644, "step": 182, "max_steps": 938, "loss": 6.953597545623779, "elapsed_time": 16.814542055130005, "prnt": false}
{"event": "training_step", "timestamp": 1769652099.9192798, "step": 183, "max_steps": 938, "loss": 6.895263195037842, "elapsed_time": 16.89650821685791, "prnt": false}
{"event": "training_step", "timestamp": 1769652100.0006895, "step": 184, "max_steps": 938, "loss": 6.986450672149658, "elapsed_time": 16.9776349067688, "prnt": false}
{"event": "training_step", "timestamp": 1769652100.0821896, "step": 185, "max_steps": 938, "loss": 6.8510637283325195, "elapsed_time": 17.05917477607727, "prnt": false}
{"event": "training_step", "timestamp": 1769652100.1635392, "step": 186, "max_steps": 938, "loss": 6.723151683807373, "elapsed_time": 17.140570163726807, "prnt": false}
{"event": "training_step", "timestamp": 1769652100.2454817, "step": 187, "max_steps": 938, "loss": 6.827492713928223, "elapsed_time": 17.222188711166382, "prnt": false}
{"event": "training_step", "timestamp": 1769652100.327439, "step": 188, "max_steps": 938, "loss": 6.793490409851074, "elapsed_time": 17.304794311523438, "prnt": false}
{"event": "training_step", "timestamp": 1769652100.4092488, "step": 189, "max_steps": 938, "loss": 6.797112941741943, "elapsed_time": 17.38623571395874, "prnt": false}
{"event": "training_step", "timestamp": 1769652100.4915495, "step": 190, "max_steps": 938, "loss": 6.9330573081970215, "elapsed_time": 17.467769145965576, "prnt": false}
{"event": "training_step", "timestamp": 1769652100.573805, "step": 191, "max_steps": 938, "loss": 6.910403251647949, "elapsed_time": 17.549994230270386, "prnt": false}
{"event": "training_step", "timestamp": 1769652100.6557648, "step": 192, "max_steps": 938, "loss": 6.767953395843506, "elapsed_time": 17.632183074951172, "prnt": false}
{"event": "training_step", "timestamp": 1769652100.7373888, "step": 193, "max_steps": 938, "loss": 6.815194129943848, "elapsed_time": 17.714221954345703, "prnt": false}
{"event": "training_step", "timestamp": 1769652100.8190737, "step": 194, "max_steps": 938, "loss": 6.754641056060791, "elapsed_time": 17.795682430267334, "prnt": false}
{"event": "training_step", "timestamp": 1769652100.9006412, "step": 195, "max_steps": 938, "loss": 6.742229461669922, "elapsed_time": 17.87811279296875, "prnt": false}
{"event": "training_step", "timestamp": 1769652100.9819958, "step": 196, "max_steps": 938, "loss": 6.734109878540039, "elapsed_time": 17.959043502807617, "prnt": false}
{"event": "training_step", "timestamp": 1769652101.0638015, "step": 197, "max_steps": 938, "loss": 6.788468837738037, "elapsed_time": 18.040421724319458, "prnt": false}
{"event": "training_step", "timestamp": 1769652101.145437, "step": 198, "max_steps": 938, "loss": 6.826754570007324, "elapsed_time": 18.12218451499939, "prnt": false}
{"event": "training_step", "timestamp": 1769652101.22779, "step": 199, "max_steps": 938, "loss": 6.800881862640381, "elapsed_time": 18.20385432243347, "prnt": false}
{"event": "training_step", "timestamp": 1769652101.3097563, "step": 200, "max_steps": 938, "loss": 6.869630336761475, "elapsed_time": 18.28624415397644, "prnt": false}
{"event": "training_step", "timestamp": 1769652101.3921082, "step": 201, "max_steps": 938, "loss": 6.83497428894043, "elapsed_time": 18.36815881729126, "prnt": false}
{"event": "training_step", "timestamp": 1769652101.4741611, "step": 202, "max_steps": 938, "loss": 6.8921732902526855, "elapsed_time": 18.450761318206787, "prnt": false}
{"event": "training_step", "timestamp": 1769652101.556152, "step": 203, "max_steps": 938, "loss": 6.819989204406738, "elapsed_time": 18.53257727622986, "prnt": false}
{"event": "training_step", "timestamp": 1769652101.637508, "step": 204, "max_steps": 938, "loss": 6.770326614379883, "elapsed_time": 18.61451005935669, "prnt": false}
{"event": "training_step", "timestamp": 1769652101.7190924, "step": 205, "max_steps": 938, "loss": 6.943383693695068, "elapsed_time": 18.695959329605103, "prnt": false}
{"event": "training_step", "timestamp": 1769652101.8005273, "step": 206, "max_steps": 938, "loss": 6.835926532745361, "elapsed_time": 18.77739143371582, "prnt": false}
{"event": "training_step", "timestamp": 1769652101.882511, "step": 207, "max_steps": 938, "loss": 6.801924705505371, "elapsed_time": 18.86036729812622, "prnt": false}
{"event": "training_step", "timestamp": 1769652101.9644144, "step": 208, "max_steps": 938, "loss": 6.697225093841553, "elapsed_time": 18.941075801849365, "prnt": false}
{"event": "training_step", "timestamp": 1769652102.0467215, "step": 209, "max_steps": 938, "loss": 6.7499308586120605, "elapsed_time": 19.024011850357056, "prnt": false}
{"event": "training_step", "timestamp": 1769652102.1289153, "step": 210, "max_steps": 938, "loss": 6.796199321746826, "elapsed_time": 19.106191635131836, "prnt": false}
{"event": "training_step", "timestamp": 1769652102.2116525, "step": 211, "max_steps": 938, "loss": 6.714348316192627, "elapsed_time": 19.18877387046814, "prnt": false}
{"event": "training_step", "timestamp": 1769652102.294189, "step": 212, "max_steps": 938, "loss": 6.661063194274902, "elapsed_time": 19.27107286453247, "prnt": false}
{"event": "training_step", "timestamp": 1769652102.3760211, "step": 213, "max_steps": 938, "loss": 7.014233112335205, "elapsed_time": 19.353906631469727, "prnt": false}
{"event": "training_step", "timestamp": 1769652102.4577863, "step": 214, "max_steps": 938, "loss": 6.80156135559082, "elapsed_time": 19.43500304222107, "prnt": false}
{"event": "training_step", "timestamp": 1769652102.5396712, "step": 215, "max_steps": 938, "loss": 6.866695404052734, "elapsed_time": 19.5178005695343, "prnt": false}
{"event": "training_step", "timestamp": 1769652102.6216257, "step": 216, "max_steps": 938, "loss": 6.678351402282715, "elapsed_time": 19.59889507293701, "prnt": false}
{"event": "training_step", "timestamp": 1769652102.7045348, "step": 217, "max_steps": 938, "loss": 6.693602561950684, "elapsed_time": 19.68475604057312, "prnt": false}
{"event": "training_step", "timestamp": 1769652102.7868187, "step": 218, "max_steps": 938, "loss": 6.721247673034668, "elapsed_time": 19.767079830169678, "prnt": false}
{"event": "training_step", "timestamp": 1769652102.8691807, "step": 219, "max_steps": 938, "loss": 6.930895805358887, "elapsed_time": 19.845921516418457, "prnt": false}
{"event": "training_step", "timestamp": 1769652102.9517062, "step": 220, "max_steps": 938, "loss": 6.795144081115723, "elapsed_time": 19.928288459777832, "prnt": false}
{"event": "validation_step", "timestamp": 1769652103.3359263, "step": 220, "max_steps": 938, "loss": 1.6333169905843268, "elapsed_time": 19.928288459777832}
{"event": "training_step", "timestamp": 1769652103.4188108, "step": 221, "max_steps": 938, "loss": 6.7940592765808105, "elapsed_time": 20.395199060440063, "prnt": false}
{"event": "training_step", "timestamp": 1769652103.500923, "step": 222, "max_steps": 938, "loss": 6.909768104553223, "elapsed_time": 20.477784156799316, "prnt": false}
{"event": "training_step", "timestamp": 1769652103.583145, "step": 223, "max_steps": 938, "loss": 6.928408622741699, "elapsed_time": 20.560171842575073, "prnt": false}
{"event": "training_step", "timestamp": 1769652103.6655328, "step": 224, "max_steps": 938, "loss": 6.6266703605651855, "elapsed_time": 20.64240860939026, "prnt": false}
{"event": "training_step", "timestamp": 1769652103.7477403, "step": 225, "max_steps": 938, "loss": 6.477452278137207, "elapsed_time": 20.724918842315674, "prnt": false}
{"event": "training_step", "timestamp": 1769652103.8305688, "step": 226, "max_steps": 938, "loss": 6.661648273468018, "elapsed_time": 20.80674386024475, "prnt": false}
{"event": "training_step", "timestamp": 1769652103.9129057, "step": 227, "max_steps": 938, "loss": 6.766686916351318, "elapsed_time": 20.88980007171631, "prnt": false}
{"event": "training_step", "timestamp": 1769652103.9950314, "step": 228, "max_steps": 938, "loss": 6.729891300201416, "elapsed_time": 20.971663236618042, "prnt": false}
{"event": "training_step", "timestamp": 1769652104.0769095, "step": 229, "max_steps": 938, "loss": 6.813510894775391, "elapsed_time": 21.054413557052612, "prnt": false}
{"event": "training_step", "timestamp": 1769652104.158723, "step": 230, "max_steps": 938, "loss": 6.830662727355957, "elapsed_time": 21.135695934295654, "prnt": false}
{"event": "training_step", "timestamp": 1769652104.240399, "step": 231, "max_steps": 938, "loss": 6.716565132141113, "elapsed_time": 21.21756935119629, "prnt": false}
{"event": "training_step", "timestamp": 1769652104.322034, "step": 232, "max_steps": 938, "loss": 6.68735408782959, "elapsed_time": 21.29954957962036, "prnt": false}
{"event": "training_step", "timestamp": 1769652104.4039857, "step": 233, "max_steps": 938, "loss": 6.77278995513916, "elapsed_time": 21.38146162033081, "prnt": false}
{"event": "training_step", "timestamp": 1769652104.4860544, "step": 234, "max_steps": 938, "loss": 6.815850734710693, "elapsed_time": 21.463158130645752, "prnt": false}
{"event": "training_step", "timestamp": 1769652104.568553, "step": 235, "max_steps": 938, "loss": 6.662599086761475, "elapsed_time": 21.544928312301636, "prnt": false}
{"event": "training_step", "timestamp": 1769652104.6509504, "step": 236, "max_steps": 938, "loss": 6.7710137367248535, "elapsed_time": 21.627315044403076, "prnt": false}
{"event": "training_step", "timestamp": 1769652104.7333004, "step": 237, "max_steps": 938, "loss": 6.787003993988037, "elapsed_time": 21.710002899169922, "prnt": false}
{"event": "training_step", "timestamp": 1769652104.8152604, "step": 238, "max_steps": 938, "loss": 6.8473944664001465, "elapsed_time": 21.792421579360962, "prnt": false}
{"event": "training_step", "timestamp": 1769652104.8972893, "step": 239, "max_steps": 938, "loss": 6.771271228790283, "elapsed_time": 21.874522924423218, "prnt": false}
{"event": "training_step", "timestamp": 1769652104.9794075, "step": 240, "max_steps": 938, "loss": 6.781805992126465, "elapsed_time": 21.959213256835938, "prnt": false}
{"event": "training_step", "timestamp": 1769652105.0620217, "step": 241, "max_steps": 938, "loss": 6.647368431091309, "elapsed_time": 22.041747331619263, "prnt": false}
{"event": "training_step", "timestamp": 1769652105.143778, "step": 242, "max_steps": 938, "loss": 6.708366394042969, "elapsed_time": 22.120966911315918, "prnt": false}
{"event": "training_step", "timestamp": 1769652105.226091, "step": 243, "max_steps": 938, "loss": 6.709786891937256, "elapsed_time": 22.202824354171753, "prnt": false}
{"event": "training_step", "timestamp": 1769652105.3083923, "step": 244, "max_steps": 938, "loss": 6.778604030609131, "elapsed_time": 22.28500461578369, "prnt": false}
{"event": "training_step", "timestamp": 1769652105.3909605, "step": 245, "max_steps": 938, "loss": 6.646861553192139, "elapsed_time": 22.36745595932007, "prnt": false}
{"event": "training_step", "timestamp": 1769652105.4730828, "step": 246, "max_steps": 938, "loss": 6.658708095550537, "elapsed_time": 22.450193643569946, "prnt": false}
{"event": "training_step", "timestamp": 1769652105.5553098, "step": 247, "max_steps": 938, "loss": 6.613810062408447, "elapsed_time": 22.532186031341553, "prnt": false}
{"event": "training_step", "timestamp": 1769652105.6368647, "step": 248, "max_steps": 938, "loss": 6.767611980438232, "elapsed_time": 22.613600969314575, "prnt": false}
{"event": "training_step", "timestamp": 1769652105.718621, "step": 249, "max_steps": 938, "loss": 6.80072546005249, "elapsed_time": 22.695252180099487, "prnt": false}
{"event": "training_step", "timestamp": 1769652105.800691, "step": 250, "max_steps": 938, "loss": 6.543195724487305, "elapsed_time": 22.77687954902649, "prnt": false}
{"event": "training_step", "timestamp": 1769652105.8824048, "step": 251, "max_steps": 938, "loss": 6.690456867218018, "elapsed_time": 22.859491109848022, "prnt": false}
{"event": "training_step", "timestamp": 1769652105.9645784, "step": 252, "max_steps": 938, "loss": 6.783150672912598, "elapsed_time": 22.94156575202942, "prnt": false}
{"event": "training_step", "timestamp": 1769652106.04705, "step": 253, "max_steps": 938, "loss": 6.791326522827148, "elapsed_time": 23.023759841918945, "prnt": false}
{"event": "training_step", "timestamp": 1769652106.1296692, "step": 254, "max_steps": 938, "loss": 6.623180866241455, "elapsed_time": 23.106337308883667, "prnt": false}
{"event": "training_step", "timestamp": 1769652106.2121687, "step": 255, "max_steps": 938, "loss": 6.714684963226318, "elapsed_time": 23.188774824142456, "prnt": false}
{"event": "training_step", "timestamp": 1769652106.2943127, "step": 256, "max_steps": 938, "loss": 6.748612880706787, "elapsed_time": 23.270533561706543, "prnt": false}
{"event": "training_step", "timestamp": 1769652106.376016, "step": 257, "max_steps": 938, "loss": 6.734263896942139, "elapsed_time": 23.353087425231934, "prnt": false}
{"event": "training_step", "timestamp": 1769652106.457731, "step": 258, "max_steps": 938, "loss": 6.553467750549316, "elapsed_time": 23.434977531433105, "prnt": false}
{"event": "training_step", "timestamp": 1769652106.5396225, "step": 259, "max_steps": 938, "loss": 6.56873083114624, "elapsed_time": 23.5171115398407, "prnt": false}
{"event": "training_step", "timestamp": 1769652106.6216414, "step": 260, "max_steps": 938, "loss": 6.6942596435546875, "elapsed_time": 23.599066257476807, "prnt": false}
{"event": "training_step", "timestamp": 1769652106.7040844, "step": 261, "max_steps": 938, "loss": 6.448744773864746, "elapsed_time": 23.6811625957489, "prnt": false}
{"event": "training_step", "timestamp": 1769652106.7861629, "step": 262, "max_steps": 938, "loss": 6.399948596954346, "elapsed_time": 23.76336979866028, "prnt": false}
{"event": "training_step", "timestamp": 1769652106.8687656, "step": 263, "max_steps": 938, "loss": 6.589703559875488, "elapsed_time": 23.84564971923828, "prnt": false}
{"event": "training_step", "timestamp": 1769652106.9515362, "step": 264, "max_steps": 938, "loss": 6.670266151428223, "elapsed_time": 23.9281268119812, "prnt": false}
{"event": "validation_step", "timestamp": 1769652107.3363006, "step": 264, "max_steps": 938, "loss": 1.6395667298581087, "elapsed_time": 23.9281268119812}
{"event": "training_step", "timestamp": 1769652107.4195035, "step": 265, "max_steps": 938, "loss": 6.5306878089904785, "elapsed_time": 24.395336151123047, "prnt": false}
{"event": "training_step", "timestamp": 1769652107.5014472, "step": 266, "max_steps": 938, "loss": 6.704959392547607, "elapsed_time": 24.47800350189209, "prnt": false}
{"event": "training_step", "timestamp": 1769652107.583455, "step": 267, "max_steps": 938, "loss": 6.696142673492432, "elapsed_time": 24.559824228286743, "prnt": false}
{"event": "training_step", "timestamp": 1769652107.6654685, "step": 268, "max_steps": 938, "loss": 6.5856852531433105, "elapsed_time": 24.641697883605957, "prnt": false}
{"event": "training_step", "timestamp": 1769652107.747761, "step": 269, "max_steps": 938, "loss": 6.657519340515137, "elapsed_time": 24.72407293319702, "prnt": false}
{"event": "training_step", "timestamp": 1769652107.8302221, "step": 270, "max_steps": 938, "loss": 6.4751176834106445, "elapsed_time": 24.805970430374146, "prnt": false}
{"event": "training_step", "timestamp": 1769652107.9127216, "step": 271, "max_steps": 938, "loss": 6.557152271270752, "elapsed_time": 24.88867211341858, "prnt": false}
{"event": "training_step", "timestamp": 1769652107.9945197, "step": 272, "max_steps": 938, "loss": 6.586672782897949, "elapsed_time": 24.97104787826538, "prnt": false}
{"event": "training_step", "timestamp": 1769652108.0761504, "step": 273, "max_steps": 938, "loss": 6.509703159332275, "elapsed_time": 25.052817583084106, "prnt": false}
{"event": "training_step", "timestamp": 1769652108.1577334, "step": 274, "max_steps": 938, "loss": 6.671017169952393, "elapsed_time": 25.134366512298584, "prnt": false}
{"event": "training_step", "timestamp": 1769652108.2394583, "step": 275, "max_steps": 938, "loss": 6.667125701904297, "elapsed_time": 25.216038703918457, "prnt": false}
{"event": "training_step", "timestamp": 1769652108.3212483, "step": 276, "max_steps": 938, "loss": 6.657529830932617, "elapsed_time": 25.29769539833069, "prnt": false}
{"event": "training_step", "timestamp": 1769652108.4034724, "step": 277, "max_steps": 938, "loss": 6.602868556976318, "elapsed_time": 25.379900455474854, "prnt": false}
{"event": "training_step", "timestamp": 1769652108.48538, "step": 278, "max_steps": 938, "loss": 6.713986873626709, "elapsed_time": 25.46175503730774, "prnt": false}
{"event": "training_step", "timestamp": 1769652108.5677676, "step": 279, "max_steps": 938, "loss": 6.643914699554443, "elapsed_time": 25.54379439353943, "prnt": false}
{"event": "training_step", "timestamp": 1769652108.6504285, "step": 280, "max_steps": 938, "loss": 6.5438618659973145, "elapsed_time": 25.62609362602234, "prnt": false}
{"event": "training_step", "timestamp": 1769652108.732845, "step": 281, "max_steps": 938, "loss": 6.5380072593688965, "elapsed_time": 25.708749055862427, "prnt": false}
{"event": "training_step", "timestamp": 1769652108.8143773, "step": 282, "max_steps": 938, "loss": 6.608480453491211, "elapsed_time": 25.79106855392456, "prnt": false}
{"event": "training_step", "timestamp": 1769652108.8963022, "step": 283, "max_steps": 938, "loss": 6.599092960357666, "elapsed_time": 25.873106241226196, "prnt": false}
{"event": "training_step", "timestamp": 1769652108.9778507, "step": 284, "max_steps": 938, "loss": 6.449764251708984, "elapsed_time": 25.954618453979492, "prnt": false}
{"event": "training_step", "timestamp": 1769652109.0596528, "step": 285, "max_steps": 938, "loss": 6.448539733886719, "elapsed_time": 26.03614830970764, "prnt": false}
{"event": "training_step", "timestamp": 1769652109.1409643, "step": 286, "max_steps": 938, "loss": 6.507803440093994, "elapsed_time": 26.117897510528564, "prnt": false}
{"event": "training_step", "timestamp": 1769652109.2226832, "step": 287, "max_steps": 938, "loss": 6.613282680511475, "elapsed_time": 26.19920516014099, "prnt": false}
{"event": "training_step", "timestamp": 1769652109.304621, "step": 288, "max_steps": 938, "loss": 6.60642147064209, "elapsed_time": 26.280887126922607, "prnt": false}
{"event": "training_step", "timestamp": 1769652109.3865502, "step": 289, "max_steps": 938, "loss": 6.667997360229492, "elapsed_time": 26.362982749938965, "prnt": false}
{"event": "training_step", "timestamp": 1769652109.4687722, "step": 290, "max_steps": 938, "loss": 6.559186935424805, "elapsed_time": 26.445009231567383, "prnt": false}
{"event": "training_step", "timestamp": 1769652109.551104, "step": 291, "max_steps": 938, "loss": 6.565476417541504, "elapsed_time": 26.52715229988098, "prnt": false}
{"event": "training_step", "timestamp": 1769652109.6334887, "step": 292, "max_steps": 938, "loss": 6.691428184509277, "elapsed_time": 26.609325170516968, "prnt": false}
{"event": "training_step", "timestamp": 1769652109.715108, "step": 293, "max_steps": 938, "loss": 6.550096035003662, "elapsed_time": 26.691855669021606, "prnt": false}
{"event": "training_step", "timestamp": 1769652109.796795, "step": 294, "max_steps": 938, "loss": 6.53603982925415, "elapsed_time": 26.773345470428467, "prnt": false}
{"event": "training_step", "timestamp": 1769652109.8785808, "step": 295, "max_steps": 938, "loss": 6.515092849731445, "elapsed_time": 26.85524082183838, "prnt": false}
{"event": "training_step", "timestamp": 1769652109.9602125, "step": 296, "max_steps": 938, "loss": 6.628691673278809, "elapsed_time": 26.937056303024292, "prnt": false}
{"event": "training_step", "timestamp": 1769652110.0423284, "step": 297, "max_steps": 938, "loss": 6.468452453613281, "elapsed_time": 27.01859140396118, "prnt": false}
{"event": "training_step", "timestamp": 1769652110.1242743, "step": 298, "max_steps": 938, "loss": 6.527247905731201, "elapsed_time": 27.10062885284424, "prnt": false}
{"event": "training_step", "timestamp": 1769652110.2061903, "step": 299, "max_steps": 938, "loss": 6.5354905128479, "elapsed_time": 27.182755947113037, "prnt": false}
{"event": "training_step", "timestamp": 1769652110.2884507, "step": 300, "max_steps": 938, "loss": 6.63657283782959, "elapsed_time": 27.26444983482361, "prnt": false}
{"event": "training_step", "timestamp": 1769652110.3709693, "step": 301, "max_steps": 938, "loss": 6.585970878601074, "elapsed_time": 27.346761465072632, "prnt": false}
{"event": "training_step", "timestamp": 1769652110.4530241, "step": 302, "max_steps": 938, "loss": 6.54156494140625, "elapsed_time": 27.429383039474487, "prnt": false}
{"event": "training_step", "timestamp": 1769652110.5349586, "step": 303, "max_steps": 938, "loss": 6.573490142822266, "elapsed_time": 27.511399745941162, "prnt": false}
{"event": "training_step", "timestamp": 1769652110.6165724, "step": 304, "max_steps": 938, "loss": 6.648218631744385, "elapsed_time": 27.59320378303528, "prnt": false}
{"event": "training_step", "timestamp": 1769652110.6982043, "step": 305, "max_steps": 938, "loss": 6.5450592041015625, "elapsed_time": 27.674999952316284, "prnt": false}
{"event": "training_step", "timestamp": 1769652110.7801747, "step": 306, "max_steps": 938, "loss": 6.574141025543213, "elapsed_time": 27.75646662712097, "prnt": false}
{"event": "training_step", "timestamp": 1769652110.8620374, "step": 307, "max_steps": 938, "loss": 6.635131359100342, "elapsed_time": 27.83846354484558, "prnt": false}
{"event": "training_step", "timestamp": 1769652110.943894, "step": 308, "max_steps": 938, "loss": 6.63383150100708, "elapsed_time": 27.920485019683838, "prnt": false}
{"event": "validation_step", "timestamp": 1769652111.3286731, "step": 308, "max_steps": 938, "loss": 1.6345150129085844, "elapsed_time": 27.920485019683838}
{"event": "training_step", "timestamp": 1769652111.4112854, "step": 309, "max_steps": 938, "loss": 6.575510501861572, "elapsed_time": 28.387139320373535, "prnt": false}
{"event": "training_step", "timestamp": 1769652111.4931803, "step": 310, "max_steps": 938, "loss": 6.63771915435791, "elapsed_time": 28.46953535079956, "prnt": false}
{"event": "training_step", "timestamp": 1769652111.575113, "step": 311, "max_steps": 938, "loss": 6.584426403045654, "elapsed_time": 28.55155372619629, "prnt": false}
{"event": "training_step", "timestamp": 1769652111.6566756, "step": 312, "max_steps": 938, "loss": 6.546910762786865, "elapsed_time": 28.63347625732422, "prnt": false}
{"event": "training_step", "timestamp": 1769652111.7385304, "step": 313, "max_steps": 938, "loss": 6.61328125, "elapsed_time": 28.715080499649048, "prnt": false}
{"event": "training_step", "timestamp": 1769652111.820722, "step": 314, "max_steps": 938, "loss": 6.529379844665527, "elapsed_time": 28.796722412109375, "prnt": false}
{"event": "training_step", "timestamp": 1769652111.9025586, "step": 315, "max_steps": 938, "loss": 6.707802772521973, "elapsed_time": 28.879543781280518, "prnt": false}
{"event": "training_step", "timestamp": 1769652111.9845774, "step": 316, "max_steps": 938, "loss": 6.47303581237793, "elapsed_time": 28.960790872573853, "prnt": false}
{"event": "training_step", "timestamp": 1769652112.0667763, "step": 317, "max_steps": 938, "loss": 6.4100260734558105, "elapsed_time": 29.042960166931152, "prnt": false}
{"event": "training_step", "timestamp": 1769652112.1492572, "step": 318, "max_steps": 938, "loss": 6.485280990600586, "elapsed_time": 29.124990940093994, "prnt": false}
{"event": "training_step", "timestamp": 1769652112.2315552, "step": 319, "max_steps": 938, "loss": 6.623699188232422, "elapsed_time": 29.20754837989807, "prnt": false}
{"event": "training_step", "timestamp": 1769652112.3135571, "step": 320, "max_steps": 938, "loss": 6.532639026641846, "elapsed_time": 29.289759159088135, "prnt": false}
{"event": "training_step", "timestamp": 1769652112.395324, "step": 321, "max_steps": 938, "loss": 6.517698764801025, "elapsed_time": 29.37208914756775, "prnt": false}
{"event": "training_step", "timestamp": 1769652112.4771633, "step": 322, "max_steps": 938, "loss": 6.520237922668457, "elapsed_time": 29.453630208969116, "prnt": false}
{"event": "training_step", "timestamp": 1769652112.5592833, "step": 323, "max_steps": 938, "loss": 6.572831153869629, "elapsed_time": 29.535529136657715, "prnt": false}
{"event": "training_step", "timestamp": 1769652112.6410675, "step": 324, "max_steps": 938, "loss": 6.493671417236328, "elapsed_time": 29.61804986000061, "prnt": false}
{"event": "training_step", "timestamp": 1769652112.723425, "step": 325, "max_steps": 938, "loss": 6.425630569458008, "elapsed_time": 29.69973063468933, "prnt": false}
{"event": "training_step", "timestamp": 1769652112.8054142, "step": 326, "max_steps": 938, "loss": 6.643762111663818, "elapsed_time": 29.78205919265747, "prnt": false}
{"event": "training_step", "timestamp": 1769652112.887949, "step": 327, "max_steps": 938, "loss": 6.3706536293029785, "elapsed_time": 29.864442348480225, "prnt": false}
{"event": "training_step", "timestamp": 1769652112.9703755, "step": 328, "max_steps": 938, "loss": 6.428133487701416, "elapsed_time": 29.94662046432495, "prnt": false}
{"event": "training_step", "timestamp": 1769652113.052687, "step": 329, "max_steps": 938, "loss": 6.483544826507568, "elapsed_time": 30.029000759124756, "prnt": false}
{"event": "training_step", "timestamp": 1769652113.1342876, "step": 330, "max_steps": 938, "loss": 6.445474147796631, "elapsed_time": 30.111342906951904, "prnt": false}
{"event": "training_step", "timestamp": 1769652113.2160378, "step": 331, "max_steps": 938, "loss": 6.447998523712158, "elapsed_time": 30.193044662475586, "prnt": false}
{"event": "training_step", "timestamp": 1769652113.297591, "step": 332, "max_steps": 938, "loss": 6.437196254730225, "elapsed_time": 30.274380683898926, "prnt": false}
{"event": "training_step", "timestamp": 1769652113.3795466, "step": 333, "max_steps": 938, "loss": 6.358384609222412, "elapsed_time": 30.355945587158203, "prnt": false}
{"event": "training_step", "timestamp": 1769652113.46159, "step": 334, "max_steps": 938, "loss": 6.3888702392578125, "elapsed_time": 30.438085079193115, "prnt": false}
{"event": "training_step", "timestamp": 1769652113.5438066, "step": 335, "max_steps": 938, "loss": 6.537001132965088, "elapsed_time": 30.520052909851074, "prnt": false}
{"event": "training_step", "timestamp": 1769652113.6262276, "step": 336, "max_steps": 938, "loss": 6.344776630401611, "elapsed_time": 30.602168798446655, "prnt": false}
{"event": "training_step", "timestamp": 1769652113.7087164, "step": 337, "max_steps": 938, "loss": 6.615256309509277, "elapsed_time": 30.685054063796997, "prnt": false}
{"event": "training_step", "timestamp": 1769652113.791032, "step": 338, "max_steps": 938, "loss": 6.496737957000732, "elapsed_time": 30.767168045043945, "prnt": false}
{"event": "training_step", "timestamp": 1769652113.87298, "step": 339, "max_steps": 938, "loss": 6.353983402252197, "elapsed_time": 30.84962511062622, "prnt": false}
{"event": "training_step", "timestamp": 1769652113.954858, "step": 340, "max_steps": 938, "loss": 6.45203971862793, "elapsed_time": 30.931529760360718, "prnt": false}
{"event": "training_step", "timestamp": 1769652114.0366638, "step": 341, "max_steps": 938, "loss": 6.434382438659668, "elapsed_time": 31.01346445083618, "prnt": false}
{"event": "training_step", "timestamp": 1769652114.1183395, "step": 342, "max_steps": 938, "loss": 6.4068756103515625, "elapsed_time": 31.09508466720581, "prnt": false}
{"event": "training_step", "timestamp": 1769652114.2005153, "step": 343, "max_steps": 938, "loss": 6.533064842224121, "elapsed_time": 31.17686700820923, "prnt": false}
{"event": "training_step", "timestamp": 1769652114.282359, "step": 344, "max_steps": 938, "loss": 6.239029407501221, "elapsed_time": 31.258955001831055, "prnt": false}
{"event": "training_step", "timestamp": 1769652114.364807, "step": 345, "max_steps": 938, "loss": 6.493505001068115, "elapsed_time": 31.340882301330566, "prnt": false}
{"event": "training_step", "timestamp": 1769652114.4476798, "step": 346, "max_steps": 938, "loss": 6.504631519317627, "elapsed_time": 31.42381191253662, "prnt": false}
{"event": "training_step", "timestamp": 1769652114.5292382, "step": 347, "max_steps": 938, "loss": 6.4354400634765625, "elapsed_time": 31.506195068359375, "prnt": false}
{"event": "training_step", "timestamp": 1769652114.611441, "step": 348, "max_steps": 938, "loss": 6.438743591308594, "elapsed_time": 31.587579011917114, "prnt": false}
{"event": "training_step", "timestamp": 1769652114.6934144, "step": 349, "max_steps": 938, "loss": 6.431229114532471, "elapsed_time": 31.670081853866577, "prnt": false}
{"event": "training_step", "timestamp": 1769652114.7749715, "step": 350, "max_steps": 938, "loss": 6.349018573760986, "elapsed_time": 31.751868963241577, "prnt": false}
{"event": "training_step", "timestamp": 1769652114.8566477, "step": 351, "max_steps": 938, "loss": 6.53604793548584, "elapsed_time": 31.83341145515442, "prnt": false}
{"event": "training_step", "timestamp": 1769652114.9379594, "step": 352, "max_steps": 938, "loss": 6.53086519241333, "elapsed_time": 31.915149450302124, "prnt": false}
{"event": "validation_step", "timestamp": 1769652115.3232062, "step": 352, "max_steps": 938, "loss": 1.6314762268662606, "elapsed_time": 31.915149450302124}
{"event": "training_step", "timestamp": 1769652115.4060974, "step": 353, "max_steps": 938, "loss": 6.456557750701904, "elapsed_time": 32.3818039894104, "prnt": false}
{"event": "training_step", "timestamp": 1769652115.488598, "step": 354, "max_steps": 938, "loss": 6.424017429351807, "elapsed_time": 32.46473050117493, "prnt": false}
{"event": "training_step", "timestamp": 1769652115.571021, "step": 355, "max_steps": 938, "loss": 6.444123268127441, "elapsed_time": 32.54728937149048, "prnt": false}
{"event": "training_step", "timestamp": 1769652115.6530454, "step": 356, "max_steps": 938, "loss": 6.540972709655762, "elapsed_time": 32.629637479782104, "prnt": false}
{"event": "training_step", "timestamp": 1769652115.7348514, "step": 357, "max_steps": 938, "loss": 6.302831172943115, "elapsed_time": 32.71156191825867, "prnt": false}
{"event": "training_step", "timestamp": 1769652115.816755, "step": 358, "max_steps": 938, "loss": 6.379558086395264, "elapsed_time": 32.79325294494629, "prnt": false}
{"event": "training_step", "timestamp": 1769652115.8993113, "step": 359, "max_steps": 938, "loss": 6.36366081237793, "elapsed_time": 32.87580966949463, "prnt": false}
{"event": "training_step", "timestamp": 1769652115.9812722, "step": 360, "max_steps": 938, "loss": 6.3238067626953125, "elapsed_time": 32.957823038101196, "prnt": false}
{"event": "training_step", "timestamp": 1769652116.0635574, "step": 361, "max_steps": 938, "loss": 6.41011381149292, "elapsed_time": 33.039971113204956, "prnt": false}
{"event": "training_step", "timestamp": 1769652116.1459403, "step": 362, "max_steps": 938, "loss": 6.5052690505981445, "elapsed_time": 33.12201189994812, "prnt": false}
{"event": "training_step", "timestamp": 1769652116.2285604, "step": 363, "max_steps": 938, "loss": 6.359083652496338, "elapsed_time": 33.20444679260254, "prnt": false}
{"event": "training_step", "timestamp": 1769652116.3108408, "step": 364, "max_steps": 938, "loss": 6.515124797821045, "elapsed_time": 33.286879539489746, "prnt": false}
{"event": "training_step", "timestamp": 1769652116.3926888, "step": 365, "max_steps": 938, "loss": 6.310524940490723, "elapsed_time": 33.36928105354309, "prnt": false}
{"event": "training_step", "timestamp": 1769652116.4745464, "step": 366, "max_steps": 938, "loss": 6.238065242767334, "elapsed_time": 33.45167803764343, "prnt": false}
{"event": "training_step", "timestamp": 1769652116.5566406, "step": 367, "max_steps": 938, "loss": 6.58380651473999, "elapsed_time": 33.533236503601074, "prnt": false}
{"event": "training_step", "timestamp": 1769652116.6384597, "step": 368, "max_steps": 938, "loss": 6.455868244171143, "elapsed_time": 33.615012407302856, "prnt": false}
{"event": "training_step", "timestamp": 1769652116.7201555, "step": 369, "max_steps": 938, "loss": 6.4755988121032715, "elapsed_time": 33.69717001914978, "prnt": false}
{"event": "training_step", "timestamp": 1769652116.8022246, "step": 370, "max_steps": 938, "loss": 6.25167179107666, "elapsed_time": 33.77858924865723, "prnt": false}
{"event": "training_step", "timestamp": 1769652116.8844972, "step": 371, "max_steps": 938, "loss": 6.361031532287598, "elapsed_time": 33.86089468002319, "prnt": false}
{"event": "training_step", "timestamp": 1769652116.9672585, "step": 372, "max_steps": 938, "loss": 6.490511417388916, "elapsed_time": 33.94352126121521, "prnt": false}
{"event": "training_step", "timestamp": 1769652117.0498393, "step": 373, "max_steps": 938, "loss": 6.530757427215576, "elapsed_time": 34.02655100822449, "prnt": false}
{"event": "training_step", "timestamp": 1769652117.1318665, "step": 374, "max_steps": 938, "loss": 6.482232093811035, "elapsed_time": 34.10828495025635, "prnt": false}
{"event": "training_step", "timestamp": 1769652117.2139025, "step": 375, "max_steps": 938, "loss": 6.320430755615234, "elapsed_time": 34.190401792526245, "prnt": false}
{"event": "training_step", "timestamp": 1769652117.2958117, "step": 376, "max_steps": 938, "loss": 6.225835800170898, "elapsed_time": 34.2723274230957, "prnt": false}
{"event": "training_step", "timestamp": 1769652117.3775277, "step": 377, "max_steps": 938, "loss": 6.484217166900635, "elapsed_time": 34.35430884361267, "prnt": false}
{"event": "training_step", "timestamp": 1769652117.4594758, "step": 378, "max_steps": 938, "loss": 6.438172340393066, "elapsed_time": 34.43594670295715, "prnt": false}
{"event": "training_step", "timestamp": 1769652117.5417788, "step": 379, "max_steps": 938, "loss": 6.3013691902160645, "elapsed_time": 34.5179078578949, "prnt": false}
{"event": "training_step", "timestamp": 1769652117.6238217, "step": 380, "max_steps": 938, "loss": 6.551183223724365, "elapsed_time": 34.600056648254395, "prnt": false}
{"event": "training_step", "timestamp": 1769652117.7065754, "step": 381, "max_steps": 938, "loss": 6.435837268829346, "elapsed_time": 34.68257927894592, "prnt": false}
{"event": "training_step", "timestamp": 1769652117.7890394, "step": 382, "max_steps": 938, "loss": 6.424431800842285, "elapsed_time": 34.76496958732605, "prnt": false}
{"event": "training_step", "timestamp": 1769652117.8711617, "step": 383, "max_steps": 938, "loss": 6.261885166168213, "elapsed_time": 34.84758448600769, "prnt": false}
{"event": "training_step", "timestamp": 1769652117.9528153, "step": 384, "max_steps": 938, "loss": 6.279803276062012, "elapsed_time": 34.92970275878906, "prnt": false}
{"event": "training_step", "timestamp": 1769652118.0347376, "step": 385, "max_steps": 938, "loss": 6.396764755249023, "elapsed_time": 35.01145315170288, "prnt": false}
{"event": "training_step", "timestamp": 1769652118.1164384, "step": 386, "max_steps": 938, "loss": 6.534060478210449, "elapsed_time": 35.093116760253906, "prnt": false}
{"event": "training_step", "timestamp": 1769652118.1985185, "step": 387, "max_steps": 938, "loss": 6.374515533447266, "elapsed_time": 35.17492866516113, "prnt": false}
{"event": "training_step", "timestamp": 1769652118.2805326, "step": 388, "max_steps": 938, "loss": 6.3732194900512695, "elapsed_time": 35.256924867630005, "prnt": false}
{"event": "training_step", "timestamp": 1769652118.3626924, "step": 389, "max_steps": 938, "loss": 6.31583833694458, "elapsed_time": 35.339017152786255, "prnt": false}
{"event": "training_step", "timestamp": 1769652118.4450886, "step": 390, "max_steps": 938, "loss": 6.323622703552246, "elapsed_time": 35.42144465446472, "prnt": false}
{"event": "training_step", "timestamp": 1769652118.5277925, "step": 391, "max_steps": 938, "loss": 6.398528575897217, "elapsed_time": 35.50398778915405, "prnt": false}
{"event": "training_step", "timestamp": 1769652118.6101773, "step": 392, "max_steps": 938, "loss": 6.248229026794434, "elapsed_time": 35.58626985549927, "prnt": false}
{"event": "training_step", "timestamp": 1769652118.6922615, "step": 393, "max_steps": 938, "loss": 6.484401226043701, "elapsed_time": 35.6688437461853, "prnt": false}
{"event": "training_step", "timestamp": 1769652118.7739537, "step": 394, "max_steps": 938, "loss": 6.330960273742676, "elapsed_time": 35.750723123550415, "prnt": false}
{"event": "training_step", "timestamp": 1769652118.8560724, "step": 395, "max_steps": 938, "loss": 6.452808380126953, "elapsed_time": 35.83244824409485, "prnt": false}
{"event": "training_step", "timestamp": 1769652118.9382632, "step": 396, "max_steps": 938, "loss": 6.505843162536621, "elapsed_time": 35.91476774215698, "prnt": false}
{"event": "validation_step", "timestamp": 1769652119.3240304, "step": 396, "max_steps": 938, "loss": 1.619879468905967, "elapsed_time": 35.91476774215698}
{"event": "training_step", "timestamp": 1769652119.407362, "step": 397, "max_steps": 938, "loss": 6.456563472747803, "elapsed_time": 36.38271951675415, "prnt": false}
{"event": "training_step", "timestamp": 1769652119.4899547, "step": 398, "max_steps": 938, "loss": 6.423329830169678, "elapsed_time": 36.466418743133545, "prnt": false}
{"event": "training_step", "timestamp": 1769652119.5718398, "step": 399, "max_steps": 938, "loss": 6.516970634460449, "elapsed_time": 36.548747062683105, "prnt": false}
{"event": "training_step", "timestamp": 1769652119.6537776, "step": 400, "max_steps": 938, "loss": 6.331845283508301, "elapsed_time": 36.6303346157074, "prnt": false}
{"event": "training_step", "timestamp": 1769652119.7358613, "step": 401, "max_steps": 938, "loss": 6.337282657623291, "elapsed_time": 36.71234440803528, "prnt": false}
{"event": "training_step", "timestamp": 1769652119.817782, "step": 402, "max_steps": 938, "loss": 6.472777843475342, "elapsed_time": 36.794198513031006, "prnt": false}
{"event": "training_step", "timestamp": 1769652119.9001973, "step": 403, "max_steps": 938, "loss": 6.305179119110107, "elapsed_time": 36.876522064208984, "prnt": false}
{"event": "training_step", "timestamp": 1769652119.982307, "step": 404, "max_steps": 938, "loss": 6.335367679595947, "elapsed_time": 36.9585964679718, "prnt": false}
{"event": "training_step", "timestamp": 1769652120.06501, "step": 405, "max_steps": 938, "loss": 6.339262008666992, "elapsed_time": 37.040860414505005, "prnt": false}
{"event": "training_step", "timestamp": 1769652120.1475604, "step": 406, "max_steps": 938, "loss": 6.409583568572998, "elapsed_time": 37.12343621253967, "prnt": false}
{"event": "training_step", "timestamp": 1769652120.2301755, "step": 407, "max_steps": 938, "loss": 6.329278469085693, "elapsed_time": 37.20607089996338, "prnt": false}
{"event": "training_step", "timestamp": 1769652120.3121428, "step": 408, "max_steps": 938, "loss": 6.216958999633789, "elapsed_time": 37.28860378265381, "prnt": false}
{"event": "training_step", "timestamp": 1769652120.3939943, "step": 409, "max_steps": 938, "loss": 6.374266624450684, "elapsed_time": 37.370750188827515, "prnt": false}
{"event": "training_step", "timestamp": 1769652120.4762638, "step": 410, "max_steps": 938, "loss": 6.3927106857299805, "elapsed_time": 37.45305275917053, "prnt": false}
{"event": "training_step", "timestamp": 1769652120.5587862, "step": 411, "max_steps": 938, "loss": 6.361893177032471, "elapsed_time": 37.53485655784607, "prnt": false}
{"event": "training_step", "timestamp": 1769652120.6411228, "step": 412, "max_steps": 938, "loss": 6.390064239501953, "elapsed_time": 37.617512226104736, "prnt": false}
{"event": "training_step", "timestamp": 1769652120.723666, "step": 413, "max_steps": 938, "loss": 6.540097236633301, "elapsed_time": 37.69970965385437, "prnt": false}
{"event": "training_step", "timestamp": 1769652120.806446, "step": 414, "max_steps": 938, "loss": 6.437778949737549, "elapsed_time": 37.78209900856018, "prnt": false}
{"event": "training_step", "timestamp": 1769652120.8891819, "step": 415, "max_steps": 938, "loss": 6.169328212738037, "elapsed_time": 37.86540079116821, "prnt": false}
{"event": "training_step", "timestamp": 1769652120.9711077, "step": 416, "max_steps": 938, "loss": 6.331510066986084, "elapsed_time": 37.9477059841156, "prnt": false}
{"event": "training_step", "timestamp": 1769652121.0530272, "step": 417, "max_steps": 938, "loss": 6.417473793029785, "elapsed_time": 38.02954626083374, "prnt": false}
{"event": "training_step", "timestamp": 1769652121.1350617, "step": 418, "max_steps": 938, "loss": 6.338461399078369, "elapsed_time": 38.111480951309204, "prnt": false}
{"event": "training_step", "timestamp": 1769652121.2174163, "step": 419, "max_steps": 938, "loss": 6.336055755615234, "elapsed_time": 38.19369459152222, "prnt": false}
{"event": "training_step", "timestamp": 1769652121.2995727, "step": 420, "max_steps": 938, "loss": 6.454482078552246, "elapsed_time": 38.27595353126526, "prnt": false}
{"event": "training_step", "timestamp": 1769652121.3817039, "step": 421, "max_steps": 938, "loss": 6.347832679748535, "elapsed_time": 38.35813879966736, "prnt": false}
{"event": "training_step", "timestamp": 1769652121.4640927, "step": 422, "max_steps": 938, "loss": 6.375101566314697, "elapsed_time": 38.440178632736206, "prnt": false}
{"event": "training_step", "timestamp": 1769652121.5470903, "step": 423, "max_steps": 938, "loss": 6.431766986846924, "elapsed_time": 38.52264857292175, "prnt": false}
{"event": "training_step", "timestamp": 1769652121.6294656, "step": 424, "max_steps": 938, "loss": 6.394580841064453, "elapsed_time": 38.60546636581421, "prnt": false}
{"event": "training_step", "timestamp": 1769652121.7115228, "step": 425, "max_steps": 938, "loss": 6.281156539916992, "elapsed_time": 38.68812966346741, "prnt": false}
{"event": "training_step", "timestamp": 1769652121.7933373, "step": 426, "max_steps": 938, "loss": 6.425511360168457, "elapsed_time": 38.7698860168457, "prnt": false}
{"event": "training_step", "timestamp": 1769652121.875724, "step": 427, "max_steps": 938, "loss": 6.304616928100586, "elapsed_time": 38.851807832717896, "prnt": false}
{"event": "training_step", "timestamp": 1769652121.9581742, "step": 428, "max_steps": 938, "loss": 6.296509742736816, "elapsed_time": 38.93439435958862, "prnt": false}
{"event": "training_step", "timestamp": 1769652122.0404515, "step": 429, "max_steps": 938, "loss": 6.282623767852783, "elapsed_time": 39.01665210723877, "prnt": false}
{"event": "training_step", "timestamp": 1769652122.122802, "step": 430, "max_steps": 938, "loss": 6.327503204345703, "elapsed_time": 39.09884572029114, "prnt": false}
{"event": "training_step", "timestamp": 1769652122.205697, "step": 431, "max_steps": 938, "loss": 6.31241512298584, "elapsed_time": 39.181310176849365, "prnt": false}
{"event": "training_step", "timestamp": 1769652122.2882802, "step": 432, "max_steps": 938, "loss": 6.237040042877197, "elapsed_time": 39.26412606239319, "prnt": false}
{"event": "training_step", "timestamp": 1769652122.370565, "step": 433, "max_steps": 938, "loss": 6.387899398803711, "elapsed_time": 39.346781492233276, "prnt": false}
{"event": "training_step", "timestamp": 1769652122.452413, "step": 434, "max_steps": 938, "loss": 6.349271774291992, "elapsed_time": 39.429121017456055, "prnt": false}
{"event": "training_step", "timestamp": 1769652122.5348907, "step": 435, "max_steps": 938, "loss": 6.330742835998535, "elapsed_time": 39.51155376434326, "prnt": false}
{"event": "training_step", "timestamp": 1769652122.6173937, "step": 436, "max_steps": 938, "loss": 6.262653350830078, "elapsed_time": 39.593416690826416, "prnt": false}
{"event": "training_step", "timestamp": 1769652122.69956, "step": 437, "max_steps": 938, "loss": 6.334265232086182, "elapsed_time": 39.67594385147095, "prnt": false}
{"event": "training_step", "timestamp": 1769652122.7820032, "step": 438, "max_steps": 938, "loss": 6.183958530426025, "elapsed_time": 39.75799608230591, "prnt": false}
{"event": "training_step", "timestamp": 1769652122.864494, "step": 439, "max_steps": 938, "loss": 6.386562824249268, "elapsed_time": 39.84062433242798, "prnt": false}
{"event": "training_step", "timestamp": 1769652122.9470336, "step": 440, "max_steps": 938, "loss": 6.313826560974121, "elapsed_time": 39.92293381690979, "prnt": false}
{"event": "validation_step", "timestamp": 1769652123.3332958, "step": 440, "max_steps": 938, "loss": 1.6526964115049516, "elapsed_time": 39.92293381690979}
{"event": "training_step", "timestamp": 1769652123.4162827, "step": 441, "max_steps": 938, "loss": 6.330859661102295, "elapsed_time": 40.391944885253906, "prnt": false}
{"event": "training_step", "timestamp": 1769652123.4984694, "step": 442, "max_steps": 938, "loss": 6.455953598022461, "elapsed_time": 40.47492074966431, "prnt": false}
{"event": "training_step", "timestamp": 1769652123.5805988, "step": 443, "max_steps": 938, "loss": 6.345923900604248, "elapsed_time": 40.55708456039429, "prnt": false}
{"event": "training_step", "timestamp": 1769652123.6630986, "step": 444, "max_steps": 938, "loss": 6.410783290863037, "elapsed_time": 40.639240026474, "prnt": false}
{"event": "training_step", "timestamp": 1769652123.7461047, "step": 445, "max_steps": 938, "loss": 6.347390174865723, "elapsed_time": 40.72151851654053, "prnt": false}
{"event": "training_step", "timestamp": 1769652123.828806, "step": 446, "max_steps": 938, "loss": 6.358798980712891, "elapsed_time": 40.80451726913452, "prnt": false}
{"event": "training_step", "timestamp": 1769652123.910724, "step": 447, "max_steps": 938, "loss": 6.324613571166992, "elapsed_time": 40.887856245040894, "prnt": false}
{"event": "training_step", "timestamp": 1769652123.9927387, "step": 448, "max_steps": 938, "loss": 6.314603805541992, "elapsed_time": 40.969130992889404, "prnt": false}
{"event": "training_step", "timestamp": 1769652124.0748882, "step": 449, "max_steps": 938, "loss": 6.2881550788879395, "elapsed_time": 41.051273345947266, "prnt": false}
{"event": "training_step", "timestamp": 1769652124.1569893, "step": 450, "max_steps": 938, "loss": 6.330965518951416, "elapsed_time": 41.13324594497681, "prnt": false}
{"event": "training_step", "timestamp": 1769652124.2394516, "step": 451, "max_steps": 938, "loss": 6.386033058166504, "elapsed_time": 41.21553349494934, "prnt": false}
{"event": "training_step", "timestamp": 1769652124.3215506, "step": 452, "max_steps": 938, "loss": 6.150267601013184, "elapsed_time": 41.29794931411743, "prnt": false}
{"event": "training_step", "timestamp": 1769652124.4041924, "step": 453, "max_steps": 938, "loss": 6.328335285186768, "elapsed_time": 41.38011860847473, "prnt": false}
{"event": "training_step", "timestamp": 1769652124.4868054, "step": 454, "max_steps": 938, "loss": 6.264313697814941, "elapsed_time": 41.46290111541748, "prnt": false}
{"event": "training_step", "timestamp": 1769652124.5692267, "step": 455, "max_steps": 938, "loss": 6.229725360870361, "elapsed_time": 41.546021461486816, "prnt": false}
{"event": "training_step", "timestamp": 1769652124.6512287, "step": 456, "max_steps": 938, "loss": 6.3364973068237305, "elapsed_time": 41.62759327888489, "prnt": false}
{"event": "training_step", "timestamp": 1769652124.7333534, "step": 457, "max_steps": 938, "loss": 6.387675762176514, "elapsed_time": 41.70972681045532, "prnt": false}
{"event": "training_step", "timestamp": 1769652124.8152802, "step": 458, "max_steps": 938, "loss": 6.153833866119385, "elapsed_time": 41.791717290878296, "prnt": false}
{"event": "training_step", "timestamp": 1769652124.8976603, "step": 459, "max_steps": 938, "loss": 6.209656238555908, "elapsed_time": 41.87408471107483, "prnt": false}
{"event": "training_step", "timestamp": 1769652124.9799232, "step": 460, "max_steps": 938, "loss": 6.373962879180908, "elapsed_time": 41.95610737800598, "prnt": false}
{"event": "training_step", "timestamp": 1769652125.062175, "step": 461, "max_steps": 938, "loss": 6.388537406921387, "elapsed_time": 42.03832650184631, "prnt": false}
{"event": "training_step", "timestamp": 1769652125.1450963, "step": 462, "max_steps": 938, "loss": 6.310956954956055, "elapsed_time": 42.12059736251831, "prnt": false}
{"event": "training_step", "timestamp": 1769652125.2278724, "step": 463, "max_steps": 938, "loss": 6.242735862731934, "elapsed_time": 42.20362401008606, "prnt": false}
{"event": "training_step", "timestamp": 1769652125.309825, "step": 464, "max_steps": 938, "loss": 6.187800884246826, "elapsed_time": 42.28628396987915, "prnt": false}
{"event": "training_step", "timestamp": 1769652125.391913, "step": 465, "max_steps": 938, "loss": 6.3726019859313965, "elapsed_time": 42.36838889122009, "prnt": false}
{"event": "training_step", "timestamp": 1769652125.4739902, "step": 466, "max_steps": 938, "loss": 6.453883647918701, "elapsed_time": 42.45060682296753, "prnt": false}
{"event": "training_step", "timestamp": 1769652125.556018, "step": 467, "max_steps": 938, "loss": 6.268490791320801, "elapsed_time": 42.53255105018616, "prnt": false}
{"event": "training_step", "timestamp": 1769652125.638507, "step": 468, "max_steps": 938, "loss": 6.293952465057373, "elapsed_time": 42.61444973945618, "prnt": false}
{"event": "training_step", "timestamp": 1769652125.7207372, "step": 469, "max_steps": 938, "loss": 6.319681644439697, "elapsed_time": 42.69706845283508, "prnt": false}
{"event": "training_step", "timestamp": 1769652125.8032582, "step": 470, "max_steps": 938, "loss": 6.440054416656494, "elapsed_time": 42.779163122177124, "prnt": false}
{"event": "training_step", "timestamp": 1769652125.8859756, "step": 471, "max_steps": 938, "loss": 6.236449241638184, "elapsed_time": 42.86191010475159, "prnt": false}
{"event": "training_step", "timestamp": 1769652125.9685733, "step": 472, "max_steps": 938, "loss": 6.194358825683594, "elapsed_time": 42.94441509246826, "prnt": false}
{"event": "training_step", "timestamp": 1769652126.050608, "step": 473, "max_steps": 938, "loss": 6.106029987335205, "elapsed_time": 43.02704477310181, "prnt": false}
{"event": "training_step", "timestamp": 1769652126.132648, "step": 474, "max_steps": 938, "loss": 6.104823112487793, "elapsed_time": 43.10898518562317, "prnt": false}
{"event": "training_step", "timestamp": 1769652126.2149158, "step": 475, "max_steps": 938, "loss": 6.304774761199951, "elapsed_time": 43.191205739974976, "prnt": false}
{"event": "training_step", "timestamp": 1769652126.29726, "step": 476, "max_steps": 938, "loss": 6.3367695808410645, "elapsed_time": 43.27328944206238, "prnt": false}
{"event": "training_step", "timestamp": 1769652126.3796654, "step": 477, "max_steps": 938, "loss": 6.089613914489746, "elapsed_time": 43.355830669403076, "prnt": false}
{"event": "training_step", "timestamp": 1769652126.4619515, "step": 478, "max_steps": 938, "loss": 6.406984329223633, "elapsed_time": 43.43803644180298, "prnt": false}
{"event": "training_step", "timestamp": 1769652126.545199, "step": 479, "max_steps": 938, "loss": 6.227740287780762, "elapsed_time": 43.52113175392151, "prnt": false}
{"event": "training_step", "timestamp": 1769652126.6279573, "step": 480, "max_steps": 938, "loss": 6.29941463470459, "elapsed_time": 43.603700399398804, "prnt": false}
{"event": "training_step", "timestamp": 1769652126.7099595, "step": 481, "max_steps": 938, "loss": 6.285467624664307, "elapsed_time": 43.686469316482544, "prnt": false}
{"event": "training_step", "timestamp": 1769652126.7919946, "step": 482, "max_steps": 938, "loss": 6.121345043182373, "elapsed_time": 43.768369913101196, "prnt": false}
{"event": "training_step", "timestamp": 1769652126.8741355, "step": 483, "max_steps": 938, "loss": 6.2702860832214355, "elapsed_time": 43.85068130493164, "prnt": false}
{"event": "training_step", "timestamp": 1769652126.956505, "step": 484, "max_steps": 938, "loss": 6.179274559020996, "elapsed_time": 43.932658672332764, "prnt": false}
{"event": "validation_step", "timestamp": 1769652127.3428867, "step": 484, "max_steps": 938, "loss": 1.6072372720491181, "elapsed_time": 43.932658672332764}
{"event": "training_step", "timestamp": 1769652127.426367, "step": 485, "max_steps": 938, "loss": 6.143511772155762, "elapsed_time": 44.4017333984375, "prnt": false}
{"event": "training_step", "timestamp": 1769652127.508792, "step": 486, "max_steps": 938, "loss": 6.169544219970703, "elapsed_time": 44.484941244125366, "prnt": false}
{"event": "training_step", "timestamp": 1769652127.590834, "step": 487, "max_steps": 938, "loss": 6.356622219085693, "elapsed_time": 44.56723952293396, "prnt": false}
{"event": "training_step", "timestamp": 1769652127.672991, "step": 488, "max_steps": 938, "loss": 6.216588973999023, "elapsed_time": 44.64935517311096, "prnt": false}
{"event": "training_step", "timestamp": 1769652127.7551363, "step": 489, "max_steps": 938, "loss": 6.337841510772705, "elapsed_time": 44.731465578079224, "prnt": false}
{"event": "training_step", "timestamp": 1769652127.8373573, "step": 490, "max_steps": 938, "loss": 6.112819671630859, "elapsed_time": 44.81344771385193, "prnt": false}
{"event": "training_step", "timestamp": 1769652127.9199696, "step": 491, "max_steps": 938, "loss": 6.315727710723877, "elapsed_time": 44.8960337638855, "prnt": false}
{"event": "training_step", "timestamp": 1769652128.002617, "step": 492, "max_steps": 938, "loss": 6.099738121032715, "elapsed_time": 44.97833824157715, "prnt": false}
{"event": "training_step", "timestamp": 1769652128.085632, "step": 493, "max_steps": 938, "loss": 6.27626895904541, "elapsed_time": 45.06104636192322, "prnt": false}
{"event": "training_step", "timestamp": 1769652128.1680815, "step": 494, "max_steps": 938, "loss": 6.275899410247803, "elapsed_time": 45.14399194717407, "prnt": false}
{"event": "training_step", "timestamp": 1769652128.2501166, "step": 495, "max_steps": 938, "loss": 6.2967705726623535, "elapsed_time": 45.2264301776886, "prnt": false}
{"event": "training_step", "timestamp": 1769652128.3324337, "step": 496, "max_steps": 938, "loss": 6.277320861816406, "elapsed_time": 45.30846357345581, "prnt": false}
{"event": "training_step", "timestamp": 1769652128.4146364, "step": 497, "max_steps": 938, "loss": 6.265543460845947, "elapsed_time": 45.39090418815613, "prnt": false}
{"event": "training_step", "timestamp": 1769652128.4968033, "step": 498, "max_steps": 938, "loss": 6.35046911239624, "elapsed_time": 45.47299265861511, "prnt": false}
{"event": "training_step", "timestamp": 1769652128.5795124, "step": 499, "max_steps": 938, "loss": 6.115603923797607, "elapsed_time": 45.555782318115234, "prnt": false}
{"event": "training_step", "timestamp": 1769652128.6619692, "step": 500, "max_steps": 938, "loss": 6.275144577026367, "elapsed_time": 45.63797068595886, "prnt": false}
{"event": "training_step", "timestamp": 1769652128.7445996, "step": 501, "max_steps": 938, "loss": 6.312230110168457, "elapsed_time": 45.72050666809082, "prnt": false}
{"event": "training_step", "timestamp": 1769652128.8272057, "step": 502, "max_steps": 938, "loss": 6.157517910003662, "elapsed_time": 45.80306077003479, "prnt": false}
{"event": "training_step", "timestamp": 1769652128.9092436, "step": 503, "max_steps": 938, "loss": 6.068170070648193, "elapsed_time": 45.885772466659546, "prnt": false}
{"event": "training_step", "timestamp": 1769652128.9913669, "step": 504, "max_steps": 938, "loss": 6.0461297035217285, "elapsed_time": 45.967679023742676, "prnt": false}
{"event": "training_step", "timestamp": 1769652129.073843, "step": 505, "max_steps": 938, "loss": 6.5762176513671875, "elapsed_time": 46.04993200302124, "prnt": false}
{"event": "training_step", "timestamp": 1769652129.1558716, "step": 506, "max_steps": 938, "loss": 6.167270183563232, "elapsed_time": 46.13227033615112, "prnt": false}
{"event": "training_step", "timestamp": 1769652129.2383726, "step": 507, "max_steps": 938, "loss": 6.088352203369141, "elapsed_time": 46.21426510810852, "prnt": false}
{"event": "training_step", "timestamp": 1769652129.3206043, "step": 508, "max_steps": 938, "loss": 6.163421630859375, "elapsed_time": 46.296807289123535, "prnt": false}
{"event": "training_step", "timestamp": 1769652129.4039083, "step": 509, "max_steps": 938, "loss": 6.304868221282959, "elapsed_time": 46.37898898124695, "prnt": false}
{"event": "training_step", "timestamp": 1769652129.4865713, "step": 510, "max_steps": 938, "loss": 6.2011542320251465, "elapsed_time": 46.46248412132263, "prnt": false}
{"event": "training_step", "timestamp": 1769652129.568958, "step": 511, "max_steps": 938, "loss": 6.215282440185547, "elapsed_time": 46.545047998428345, "prnt": false}
{"event": "training_step", "timestamp": 1769652129.6509802, "step": 512, "max_steps": 938, "loss": 6.277307510375977, "elapsed_time": 46.62763500213623, "prnt": false}
{"event": "training_step", "timestamp": 1769652129.7335126, "step": 513, "max_steps": 938, "loss": 6.164394378662109, "elapsed_time": 46.70976662635803, "prnt": false}
{"event": "training_step", "timestamp": 1769652129.815562, "step": 514, "max_steps": 938, "loss": 6.276379585266113, "elapsed_time": 46.791829109191895, "prnt": false}
{"event": "training_step", "timestamp": 1769652129.8981717, "step": 515, "max_steps": 938, "loss": 6.137327194213867, "elapsed_time": 46.87461066246033, "prnt": false}
{"event": "training_step", "timestamp": 1769652129.9805937, "step": 516, "max_steps": 938, "loss": 6.288686275482178, "elapsed_time": 46.95671248435974, "prnt": false}
{"event": "training_step", "timestamp": 1769652130.0633216, "step": 517, "max_steps": 938, "loss": 6.176392078399658, "elapsed_time": 47.038997411727905, "prnt": false}
{"event": "training_step", "timestamp": 1769652130.1460445, "step": 518, "max_steps": 938, "loss": 6.241715908050537, "elapsed_time": 47.12166619300842, "prnt": false}
{"event": "training_step", "timestamp": 1769652130.2285156, "step": 519, "max_steps": 938, "loss": 6.134610176086426, "elapsed_time": 47.20453119277954, "prnt": false}
{"event": "training_step", "timestamp": 1769652130.3104804, "step": 520, "max_steps": 938, "loss": 6.170556545257568, "elapsed_time": 47.28689193725586, "prnt": false}
{"event": "training_step", "timestamp": 1769652130.3927388, "step": 521, "max_steps": 938, "loss": 6.281924724578857, "elapsed_time": 47.36894416809082, "prnt": false}
{"event": "training_step", "timestamp": 1769652130.4747238, "step": 522, "max_steps": 938, "loss": 6.222156524658203, "elapsed_time": 47.45111393928528, "prnt": false}
{"event": "training_step", "timestamp": 1769652130.5570748, "step": 523, "max_steps": 938, "loss": 6.288273334503174, "elapsed_time": 47.53322458267212, "prnt": false}
{"event": "training_step", "timestamp": 1769652130.639512, "step": 524, "max_steps": 938, "loss": 6.306253910064697, "elapsed_time": 47.61574339866638, "prnt": false}
{"event": "training_step", "timestamp": 1769652130.722654, "step": 525, "max_steps": 938, "loss": 6.207937240600586, "elapsed_time": 47.69813132286072, "prnt": false}
{"event": "training_step", "timestamp": 1769652130.8052633, "step": 526, "max_steps": 938, "loss": 6.168217658996582, "elapsed_time": 47.780949115753174, "prnt": false}
{"event": "training_step", "timestamp": 1769652130.8876994, "step": 527, "max_steps": 938, "loss": 6.152534008026123, "elapsed_time": 47.8639771938324, "prnt": false}
{"event": "training_step", "timestamp": 1769652130.9696953, "step": 528, "max_steps": 938, "loss": 6.132648468017578, "elapsed_time": 47.94610261917114, "prnt": false}
{"event": "validation_step", "timestamp": 1769652131.3565023, "step": 528, "max_steps": 938, "loss": 1.6203076091862811, "elapsed_time": 47.94610261917114}
{"event": "training_step", "timestamp": 1769652131.4395897, "step": 529, "max_steps": 938, "loss": 6.191771984100342, "elapsed_time": 48.415287017822266, "prnt": false}
{"event": "training_step", "timestamp": 1769652131.5224977, "step": 530, "max_steps": 938, "loss": 6.312971115112305, "elapsed_time": 48.49800944328308, "prnt": false}
{"event": "training_step", "timestamp": 1769652131.6051505, "step": 531, "max_steps": 938, "loss": 6.171358108520508, "elapsed_time": 48.581034660339355, "prnt": false}
{"event": "training_step", "timestamp": 1769652131.6874056, "step": 532, "max_steps": 938, "loss": 6.379010200500488, "elapsed_time": 48.6636004447937, "prnt": false}
{"event": "training_step", "timestamp": 1769652131.769473, "step": 533, "max_steps": 938, "loss": 6.047402381896973, "elapsed_time": 48.745813608169556, "prnt": false}
{"event": "training_step", "timestamp": 1769652131.8514168, "step": 534, "max_steps": 938, "loss": 6.123756408691406, "elapsed_time": 48.82776665687561, "prnt": false}
{"event": "training_step", "timestamp": 1769652131.9340656, "step": 535, "max_steps": 938, "loss": 6.219040393829346, "elapsed_time": 48.91016745567322, "prnt": false}
{"event": "training_step", "timestamp": 1769652132.0165837, "step": 536, "max_steps": 938, "loss": 6.1515607833862305, "elapsed_time": 48.99240589141846, "prnt": false}
{"event": "training_step", "timestamp": 1769652132.0988908, "step": 537, "max_steps": 938, "loss": 6.270026683807373, "elapsed_time": 49.07509970664978, "prnt": false}
{"event": "training_step", "timestamp": 1769652132.1817997, "step": 538, "max_steps": 938, "loss": 6.190629482269287, "elapsed_time": 49.15723705291748, "prnt": false}
{"event": "training_step", "timestamp": 1769652132.264412, "step": 539, "max_steps": 938, "loss": 6.268939018249512, "elapsed_time": 49.240204095840454, "prnt": false}
{"event": "training_step", "timestamp": 1769652132.346932, "step": 540, "max_steps": 938, "loss": 6.191190719604492, "elapsed_time": 49.32276964187622, "prnt": false}
{"event": "training_step", "timestamp": 1769652132.4290516, "step": 541, "max_steps": 938, "loss": 6.310757637023926, "elapsed_time": 49.40533781051636, "prnt": false}
{"event": "training_step", "timestamp": 1769652132.5111666, "step": 542, "max_steps": 938, "loss": 6.087331295013428, "elapsed_time": 49.48738694190979, "prnt": false}
{"event": "training_step", "timestamp": 1769652132.593777, "step": 543, "max_steps": 938, "loss": 6.064208984375, "elapsed_time": 49.57062864303589, "prnt": false}
{"event": "training_step", "timestamp": 1769652132.6764681, "step": 544, "max_steps": 938, "loss": 6.171392917633057, "elapsed_time": 49.652458906173706, "prnt": false}
{"event": "training_step", "timestamp": 1769652132.7588198, "step": 545, "max_steps": 938, "loss": 6.1940836906433105, "elapsed_time": 49.735037326812744, "prnt": false}
{"event": "training_step", "timestamp": 1769652132.8417535, "step": 546, "max_steps": 938, "loss": 6.080295085906982, "elapsed_time": 49.8171489238739, "prnt": false}
{"event": "training_step", "timestamp": 1769652132.9245872, "step": 547, "max_steps": 938, "loss": 6.175711154937744, "elapsed_time": 49.90055060386658, "prnt": false}
{"event": "training_step", "timestamp": 1769652133.006944, "step": 548, "max_steps": 938, "loss": 6.216902256011963, "elapsed_time": 49.982922077178955, "prnt": false}
{"event": "training_step", "timestamp": 1769652133.0892234, "step": 549, "max_steps": 938, "loss": 6.070705413818359, "elapsed_time": 50.06550359725952, "prnt": false}
{"event": "training_step", "timestamp": 1769652133.1712768, "step": 550, "max_steps": 938, "loss": 6.116242408752441, "elapsed_time": 50.14755654335022, "prnt": false}
{"event": "training_step", "timestamp": 1769652133.253531, "step": 551, "max_steps": 938, "loss": 6.119680404663086, "elapsed_time": 50.22971749305725, "prnt": false}
{"event": "training_step", "timestamp": 1769652133.336127, "step": 552, "max_steps": 938, "loss": 6.296587944030762, "elapsed_time": 50.312023639678955, "prnt": false}
{"event": "training_step", "timestamp": 1769652133.418652, "step": 553, "max_steps": 938, "loss": 6.183122158050537, "elapsed_time": 50.39455056190491, "prnt": false}
{"event": "training_step", "timestamp": 1769652133.5015376, "step": 554, "max_steps": 938, "loss": 6.142368793487549, "elapsed_time": 50.47713303565979, "prnt": false}
{"event": "training_step", "timestamp": 1769652133.5843198, "step": 555, "max_steps": 938, "loss": 6.058676719665527, "elapsed_time": 50.56002926826477, "prnt": false}
{"event": "training_step", "timestamp": 1769652133.6667335, "step": 556, "max_steps": 938, "loss": 6.17352819442749, "elapsed_time": 50.64288663864136, "prnt": false}
{"event": "training_step", "timestamp": 1769652133.7490382, "step": 557, "max_steps": 938, "loss": 6.304470062255859, "elapsed_time": 50.72535705566406, "prnt": false}
{"event": "training_step", "timestamp": 1769652133.8311987, "step": 558, "max_steps": 938, "loss": 6.10667085647583, "elapsed_time": 50.80738186836243, "prnt": false}
{"event": "training_step", "timestamp": 1769652133.9136205, "step": 559, "max_steps": 938, "loss": 6.046693801879883, "elapsed_time": 50.89008688926697, "prnt": false}
{"event": "training_step", "timestamp": 1769652133.996253, "step": 560, "max_steps": 938, "loss": 6.108851432800293, "elapsed_time": 50.9719762802124, "prnt": false}
{"event": "training_step", "timestamp": 1769652134.0788348, "step": 561, "max_steps": 938, "loss": 6.265400409698486, "elapsed_time": 51.05466341972351, "prnt": false}
{"event": "training_step", "timestamp": 1769652134.1618297, "step": 562, "max_steps": 938, "loss": 6.218350410461426, "elapsed_time": 51.13718390464783, "prnt": false}
{"event": "training_step", "timestamp": 1769652134.2446692, "step": 563, "max_steps": 938, "loss": 6.138973236083984, "elapsed_time": 51.22050499916077, "prnt": false}
{"event": "training_step", "timestamp": 1769652134.3270407, "step": 564, "max_steps": 938, "loss": 6.134692192077637, "elapsed_time": 51.30313014984131, "prnt": false}
{"event": "training_step", "timestamp": 1769652134.409254, "step": 565, "max_steps": 938, "loss": 6.117453575134277, "elapsed_time": 51.38546967506409, "prnt": false}
{"event": "training_step", "timestamp": 1769652134.4914565, "step": 566, "max_steps": 938, "loss": 6.197333335876465, "elapsed_time": 51.46811890602112, "prnt": false}
{"event": "training_step", "timestamp": 1769652134.5736647, "step": 567, "max_steps": 938, "loss": 6.164152145385742, "elapsed_time": 51.549928188323975, "prnt": false}
{"event": "training_step", "timestamp": 1769652134.6563077, "step": 568, "max_steps": 938, "loss": 6.043921947479248, "elapsed_time": 51.63252568244934, "prnt": false}
{"event": "training_step", "timestamp": 1769652134.738944, "step": 569, "max_steps": 938, "loss": 6.234486103057861, "elapsed_time": 51.714935541152954, "prnt": false}
{"event": "training_step", "timestamp": 1769652134.8218195, "step": 570, "max_steps": 938, "loss": 6.2661356925964355, "elapsed_time": 51.79739689826965, "prnt": false}
{"event": "training_step", "timestamp": 1769652134.9046679, "step": 571, "max_steps": 938, "loss": 5.950845241546631, "elapsed_time": 51.88061285018921, "prnt": false}
{"event": "training_step", "timestamp": 1769652134.9870079, "step": 572, "max_steps": 938, "loss": 6.184191703796387, "elapsed_time": 51.963090658187866, "prnt": false}
{"event": "validation_step", "timestamp": 1769652135.3744736, "step": 572, "max_steps": 938, "loss": 1.6038928064874776, "elapsed_time": 51.963090658187866}
{"event": "training_step", "timestamp": 1769652135.4576557, "step": 573, "max_steps": 938, "loss": 6.252143859863281, "elapsed_time": 52.43316888809204, "prnt": false}
{"event": "training_step", "timestamp": 1769652135.540539, "step": 574, "max_steps": 938, "loss": 6.144105911254883, "elapsed_time": 52.516029834747314, "prnt": false}
{"event": "training_step", "timestamp": 1769652135.623562, "step": 575, "max_steps": 938, "loss": 6.177995204925537, "elapsed_time": 52.599037885665894, "prnt": false}
{"event": "training_step", "timestamp": 1769652135.7061214, "step": 576, "max_steps": 938, "loss": 6.104865550994873, "elapsed_time": 52.68192005157471, "prnt": false}
{"event": "training_step", "timestamp": 1769652135.7883537, "step": 577, "max_steps": 938, "loss": 6.160604476928711, "elapsed_time": 52.76452851295471, "prnt": false}
{"event": "training_step", "timestamp": 1769652135.8704715, "step": 578, "max_steps": 938, "loss": 6.17891788482666, "elapsed_time": 52.84673237800598, "prnt": false}
{"event": "training_step", "timestamp": 1769652135.9530635, "step": 579, "max_steps": 938, "loss": 6.195377826690674, "elapsed_time": 52.92932486534119, "prnt": false}
{"event": "training_step", "timestamp": 1769652136.0357409, "step": 580, "max_steps": 938, "loss": 6.232240200042725, "elapsed_time": 53.01140642166138, "prnt": false}
{"event": "training_step", "timestamp": 1769652136.118139, "step": 581, "max_steps": 938, "loss": 6.225118637084961, "elapsed_time": 53.09415292739868, "prnt": false}
{"event": "training_step", "timestamp": 1769652136.200988, "step": 582, "max_steps": 938, "loss": 6.198966979980469, "elapsed_time": 53.17648959159851, "prnt": false}
{"event": "training_step", "timestamp": 1769652136.283807, "step": 583, "max_steps": 938, "loss": 6.206369400024414, "elapsed_time": 53.25936222076416, "prnt": false}
{"event": "training_step", "timestamp": 1769652136.366241, "step": 584, "max_steps": 938, "loss": 6.006464958190918, "elapsed_time": 53.342118978500366, "prnt": false}
{"event": "training_step", "timestamp": 1769652136.4485734, "step": 585, "max_steps": 938, "loss": 6.300403594970703, "elapsed_time": 53.42473292350769, "prnt": false}
{"event": "training_step", "timestamp": 1769652136.530731, "step": 586, "max_steps": 938, "loss": 6.23568868637085, "elapsed_time": 53.50702714920044, "prnt": false}
{"event": "training_step", "timestamp": 1769652136.6133108, "step": 587, "max_steps": 938, "loss": 6.201382160186768, "elapsed_time": 53.58916759490967, "prnt": false}
{"event": "training_step", "timestamp": 1769652136.6961236, "step": 588, "max_steps": 938, "loss": 6.297109603881836, "elapsed_time": 53.67229700088501, "prnt": false}
{"event": "training_step", "timestamp": 1769652136.778598, "step": 589, "max_steps": 938, "loss": 6.101455211639404, "elapsed_time": 53.75469422340393, "prnt": false}
{"event": "training_step", "timestamp": 1769652136.861291, "step": 590, "max_steps": 938, "loss": 6.046176910400391, "elapsed_time": 53.8369665145874, "prnt": false}
{"event": "training_step", "timestamp": 1769652136.9441419, "step": 591, "max_steps": 938, "loss": 6.057590484619141, "elapsed_time": 53.92043471336365, "prnt": false}
{"event": "training_step", "timestamp": 1769652137.0265727, "step": 592, "max_steps": 938, "loss": 6.107990741729736, "elapsed_time": 54.0025532245636, "prnt": false}
{"event": "training_step", "timestamp": 1769652137.1089447, "step": 593, "max_steps": 938, "loss": 6.163730621337891, "elapsed_time": 54.08529853820801, "prnt": false}
{"event": "training_step", "timestamp": 1769652137.19111, "step": 594, "max_steps": 938, "loss": 5.981043815612793, "elapsed_time": 54.16732740402222, "prnt": false}
{"event": "training_step", "timestamp": 1769652137.2736294, "step": 595, "max_steps": 938, "loss": 6.095449447631836, "elapsed_time": 54.24971318244934, "prnt": false}
{"event": "training_step", "timestamp": 1769652137.356349, "step": 596, "max_steps": 938, "loss": 6.101762294769287, "elapsed_time": 54.33215260505676, "prnt": false}
{"event": "training_step", "timestamp": 1769652137.438998, "step": 597, "max_steps": 938, "loss": 6.153332710266113, "elapsed_time": 54.414817571640015, "prnt": false}
{"event": "training_step", "timestamp": 1769652137.5219061, "step": 598, "max_steps": 938, "loss": 6.254681587219238, "elapsed_time": 54.49739146232605, "prnt": false}
{"event": "training_step", "timestamp": 1769652137.6046445, "step": 599, "max_steps": 938, "loss": 5.922189235687256, "elapsed_time": 54.58038353919983, "prnt": false}
{"event": "training_step", "timestamp": 1769652137.6867652, "step": 600, "max_steps": 938, "loss": 6.159989356994629, "elapsed_time": 54.663058042526245, "prnt": false}
{"event": "training_step", "timestamp": 1769652137.7690854, "step": 601, "max_steps": 938, "loss": 6.112419605255127, "elapsed_time": 54.745330810546875, "prnt": false}
{"event": "training_step", "timestamp": 1769652137.8514862, "step": 602, "max_steps": 938, "loss": 6.158110618591309, "elapsed_time": 54.827441692352295, "prnt": false}
{"event": "training_step", "timestamp": 1769652137.9339087, "step": 603, "max_steps": 938, "loss": 6.085145473480225, "elapsed_time": 54.9102885723114, "prnt": false}
{"event": "training_step", "timestamp": 1769652138.016647, "step": 604, "max_steps": 938, "loss": 6.118120193481445, "elapsed_time": 54.99238657951355, "prnt": false}
{"event": "training_step", "timestamp": 1769652138.0994003, "step": 605, "max_steps": 938, "loss": 6.104903697967529, "elapsed_time": 55.07509732246399, "prnt": false}
{"event": "training_step", "timestamp": 1769652138.1819417, "step": 606, "max_steps": 938, "loss": 6.206577777862549, "elapsed_time": 55.15768098831177, "prnt": false}
{"event": "training_step", "timestamp": 1769652138.264644, "step": 607, "max_steps": 938, "loss": 5.964100360870361, "elapsed_time": 55.24053192138672, "prnt": false}
{"event": "training_step", "timestamp": 1769652138.346918, "step": 608, "max_steps": 938, "loss": 6.192808628082275, "elapsed_time": 55.3230926990509, "prnt": false}
{"event": "training_step", "timestamp": 1769652138.429399, "step": 609, "max_steps": 938, "loss": 6.161778926849365, "elapsed_time": 55.405362367630005, "prnt": false}
{"event": "training_step", "timestamp": 1769652138.511868, "step": 610, "max_steps": 938, "loss": 6.053697109222412, "elapsed_time": 55.4890992641449, "prnt": false}
{"event": "training_step", "timestamp": 1769652138.5943246, "step": 611, "max_steps": 938, "loss": 5.927040100097656, "elapsed_time": 55.57044553756714, "prnt": false}
{"event": "training_step", "timestamp": 1769652138.6772475, "step": 612, "max_steps": 938, "loss": 6.0674967765808105, "elapsed_time": 55.653725385665894, "prnt": false}
{"event": "training_step", "timestamp": 1769652138.760361, "step": 613, "max_steps": 938, "loss": 6.149063587188721, "elapsed_time": 55.73596429824829, "prnt": false}
{"event": "training_step", "timestamp": 1769652138.8429794, "step": 614, "max_steps": 938, "loss": 6.076108932495117, "elapsed_time": 55.818710803985596, "prnt": false}
{"event": "training_step", "timestamp": 1769652138.9257214, "step": 615, "max_steps": 938, "loss": 6.252307891845703, "elapsed_time": 55.90221309661865, "prnt": false}
{"event": "training_step", "timestamp": 1769652139.00778, "step": 616, "max_steps": 938, "loss": 6.002208232879639, "elapsed_time": 55.98416447639465, "prnt": false}
{"event": "validation_step", "timestamp": 1769652139.3954003, "step": 616, "max_steps": 938, "loss": 1.6177399393076237, "elapsed_time": 55.98416447639465}
{"event": "training_step", "timestamp": 1769652139.4788048, "step": 617, "max_steps": 938, "loss": 6.298863887786865, "elapsed_time": 56.454553842544556, "prnt": false}
{"event": "training_step", "timestamp": 1769652139.5618324, "step": 618, "max_steps": 938, "loss": 6.167476177215576, "elapsed_time": 56.53732442855835, "prnt": false}
{"event": "training_step", "timestamp": 1769652139.644773, "step": 619, "max_steps": 938, "loss": 6.089953899383545, "elapsed_time": 56.62043619155884, "prnt": false}
{"event": "training_step", "timestamp": 1769652139.7268627, "step": 620, "max_steps": 938, "loss": 6.040856838226318, "elapsed_time": 56.70324468612671, "prnt": false}
{"event": "training_step", "timestamp": 1769652139.8092303, "step": 621, "max_steps": 938, "loss": 6.138075828552246, "elapsed_time": 56.785547733306885, "prnt": false}
{"event": "training_step", "timestamp": 1769652139.891443, "step": 622, "max_steps": 938, "loss": 6.142093181610107, "elapsed_time": 56.86774206161499, "prnt": false}
{"event": "training_step", "timestamp": 1769652139.9738824, "step": 623, "max_steps": 938, "loss": 6.0913591384887695, "elapsed_time": 56.95000648498535, "prnt": false}
{"event": "training_step", "timestamp": 1769652140.056774, "step": 624, "max_steps": 938, "loss": 5.934690952301025, "elapsed_time": 57.03227877616882, "prnt": false}
{"event": "training_step", "timestamp": 1769652140.1401916, "step": 625, "max_steps": 938, "loss": 6.1525492668151855, "elapsed_time": 57.11547589302063, "prnt": false}
{"event": "training_step", "timestamp": 1769652140.222804, "step": 626, "max_steps": 938, "loss": 6.071167945861816, "elapsed_time": 57.19856858253479, "prnt": false}
{"event": "training_step", "timestamp": 1769652140.305352, "step": 627, "max_steps": 938, "loss": 5.954116344451904, "elapsed_time": 57.281397581100464, "prnt": false}
{"event": "training_step", "timestamp": 1769652140.38734, "step": 628, "max_steps": 938, "loss": 5.972288608551025, "elapsed_time": 57.36378788948059, "prnt": false}
{"event": "training_step", "timestamp": 1769652140.469774, "step": 629, "max_steps": 938, "loss": 6.129313945770264, "elapsed_time": 57.44583249092102, "prnt": false}
{"event": "training_step", "timestamp": 1769652140.5520494, "step": 630, "max_steps": 938, "loss": 6.0010986328125, "elapsed_time": 57.5284526348114, "prnt": false}
{"event": "training_step", "timestamp": 1769652140.6344047, "step": 631, "max_steps": 938, "loss": 6.07699728012085, "elapsed_time": 57.61042284965515, "prnt": false}
{"event": "training_step", "timestamp": 1769652140.7174711, "step": 632, "max_steps": 938, "loss": 6.186390399932861, "elapsed_time": 57.69416069984436, "prnt": false}
{"event": "training_step", "timestamp": 1769652140.8006766, "step": 633, "max_steps": 938, "loss": 6.045577049255371, "elapsed_time": 57.776490449905396, "prnt": false}
{"event": "training_step", "timestamp": 1769652140.8833697, "step": 634, "max_steps": 938, "loss": 6.063971042633057, "elapsed_time": 57.859208822250366, "prnt": false}
{"event": "training_step", "timestamp": 1769652140.9658444, "step": 635, "max_steps": 938, "loss": 6.145249843597412, "elapsed_time": 57.94214677810669, "prnt": false}
{"event": "training_step", "timestamp": 1769652141.0478826, "step": 636, "max_steps": 938, "loss": 6.082429885864258, "elapsed_time": 58.024264335632324, "prnt": false}
{"event": "training_step", "timestamp": 1769652141.1301973, "step": 637, "max_steps": 938, "loss": 6.02027702331543, "elapsed_time": 58.10640263557434, "prnt": false}
{"event": "training_step", "timestamp": 1769652141.212378, "step": 638, "max_steps": 938, "loss": 6.145003795623779, "elapsed_time": 58.188682079315186, "prnt": false}
{"event": "training_step", "timestamp": 1769652141.2946537, "step": 639, "max_steps": 938, "loss": 6.07002592086792, "elapsed_time": 58.2708580493927, "prnt": false}
{"event": "training_step", "timestamp": 1769652141.3775728, "step": 640, "max_steps": 938, "loss": 6.079960346221924, "elapsed_time": 58.353214502334595, "prnt": false}
{"event": "training_step", "timestamp": 1769652141.4603765, "step": 641, "max_steps": 938, "loss": 6.139397144317627, "elapsed_time": 58.436217308044434, "prnt": false}
{"event": "training_step", "timestamp": 1769652141.5428977, "step": 642, "max_steps": 938, "loss": 6.098150253295898, "elapsed_time": 58.51873540878296, "prnt": false}
{"event": "training_step", "timestamp": 1769652141.625479, "step": 643, "max_steps": 938, "loss": 6.050901412963867, "elapsed_time": 58.60128951072693, "prnt": false}
{"event": "training_step", "timestamp": 1769652141.707666, "step": 644, "max_steps": 938, "loss": 6.045828342437744, "elapsed_time": 58.68382501602173, "prnt": false}
{"event": "training_step", "timestamp": 1769652141.7900429, "step": 645, "max_steps": 938, "loss": 6.047767162322998, "elapsed_time": 58.76608657836914, "prnt": false}
{"event": "training_step", "timestamp": 1769652141.872649, "step": 646, "max_steps": 938, "loss": 6.160722732543945, "elapsed_time": 58.848390340805054, "prnt": false}
{"event": "training_step", "timestamp": 1769652141.9549909, "step": 647, "max_steps": 938, "loss": 6.106360912322998, "elapsed_time": 58.931416511535645, "prnt": false}
{"event": "training_step", "timestamp": 1769652142.037785, "step": 648, "max_steps": 938, "loss": 6.046728610992432, "elapsed_time": 59.01345086097717, "prnt": false}
{"event": "training_step", "timestamp": 1769652142.120972, "step": 649, "max_steps": 938, "loss": 6.2382402420043945, "elapsed_time": 59.09620022773743, "prnt": false}
{"event": "training_step", "timestamp": 1769652142.2036514, "step": 650, "max_steps": 938, "loss": 6.139804363250732, "elapsed_time": 59.179293155670166, "prnt": false}
{"event": "training_step", "timestamp": 1769652142.2859914, "step": 651, "max_steps": 938, "loss": 6.100093841552734, "elapsed_time": 59.26222538948059, "prnt": false}
{"event": "training_step", "timestamp": 1769652142.3681476, "step": 652, "max_steps": 938, "loss": 5.925720691680908, "elapsed_time": 59.344343423843384, "prnt": false}
{"event": "training_step", "timestamp": 1769652142.450535, "step": 653, "max_steps": 938, "loss": 6.29358434677124, "elapsed_time": 59.42651128768921, "prnt": false}
{"event": "training_step", "timestamp": 1769652142.533002, "step": 654, "max_steps": 938, "loss": 6.112166881561279, "elapsed_time": 59.50890326499939, "prnt": false}
{"event": "training_step", "timestamp": 1769652142.6151185, "step": 655, "max_steps": 938, "loss": 6.140536308288574, "elapsed_time": 59.59150528907776, "prnt": false}
{"event": "training_step", "timestamp": 1769652142.6977782, "step": 656, "max_steps": 938, "loss": 6.089548587799072, "elapsed_time": 59.674259424209595, "prnt": false}
{"event": "training_step", "timestamp": 1769652142.7809258, "step": 657, "max_steps": 938, "loss": 5.926138401031494, "elapsed_time": 59.7564480304718, "prnt": false}
{"event": "training_step", "timestamp": 1769652142.8635018, "step": 658, "max_steps": 938, "loss": 6.015384674072266, "elapsed_time": 59.839367628097534, "prnt": false}
{"event": "training_step", "timestamp": 1769652142.9459515, "step": 659, "max_steps": 938, "loss": 6.141554355621338, "elapsed_time": 59.92215347290039, "prnt": false}
{"event": "training_step", "timestamp": 1769652143.0281827, "step": 660, "max_steps": 938, "loss": 5.982940196990967, "elapsed_time": 60.004616022109985, "prnt": false}
{"event": "validation_step", "timestamp": 1769652143.4161887, "step": 660, "max_steps": 938, "loss": 1.646724521423844, "elapsed_time": 60.004616022109985}
{"event": "training_step", "timestamp": 1769652143.4998784, "step": 661, "max_steps": 938, "loss": 6.020211219787598, "elapsed_time": 60.47517800331116, "prnt": false}
{"event": "training_step", "timestamp": 1769652143.5826204, "step": 662, "max_steps": 938, "loss": 6.050771713256836, "elapsed_time": 60.55830383300781, "prnt": false}
{"event": "training_step", "timestamp": 1769652143.665031, "step": 663, "max_steps": 938, "loss": 6.140491008758545, "elapsed_time": 60.64129996299744, "prnt": false}
{"event": "training_step", "timestamp": 1769652143.747527, "step": 664, "max_steps": 938, "loss": 6.159942626953125, "elapsed_time": 60.72339606285095, "prnt": false}
{"event": "training_step", "timestamp": 1769652143.8298995, "step": 665, "max_steps": 938, "loss": 6.150914192199707, "elapsed_time": 60.80596923828125, "prnt": false}
{"event": "training_step", "timestamp": 1769652143.9123774, "step": 666, "max_steps": 938, "loss": 6.146572589874268, "elapsed_time": 60.888535499572754, "prnt": false}
{"event": "training_step", "timestamp": 1769652143.9948332, "step": 667, "max_steps": 938, "loss": 5.983290195465088, "elapsed_time": 60.97099709510803, "prnt": false}
{"event": "training_step", "timestamp": 1769652144.0775535, "step": 668, "max_steps": 938, "loss": 5.890827178955078, "elapsed_time": 61.053227186203, "prnt": false}
{"event": "training_step", "timestamp": 1769652144.1606646, "step": 669, "max_steps": 938, "loss": 6.184696197509766, "elapsed_time": 61.13628363609314, "prnt": false}
{"event": "training_step", "timestamp": 1769652144.2433722, "step": 670, "max_steps": 938, "loss": 5.913978576660156, "elapsed_time": 61.2191903591156, "prnt": false}
{"event": "training_step", "timestamp": 1769652144.3257282, "step": 671, "max_steps": 938, "loss": 6.0183000564575195, "elapsed_time": 61.30243682861328, "prnt": false}
{"event": "training_step", "timestamp": 1769652144.4078746, "step": 672, "max_steps": 938, "loss": 6.046881675720215, "elapsed_time": 61.3841495513916, "prnt": false}
{"event": "training_step", "timestamp": 1769652144.4901357, "step": 673, "max_steps": 938, "loss": 5.907235622406006, "elapsed_time": 61.46660256385803, "prnt": false}
{"event": "training_step", "timestamp": 1769652144.5724864, "step": 674, "max_steps": 938, "loss": 6.200912952423096, "elapsed_time": 61.548611879348755, "prnt": false}
{"event": "training_step", "timestamp": 1769652144.6548092, "step": 675, "max_steps": 938, "loss": 5.883062362670898, "elapsed_time": 61.63107228279114, "prnt": false}
{"event": "training_step", "timestamp": 1769652144.7378826, "step": 676, "max_steps": 938, "loss": 6.080631732940674, "elapsed_time": 61.714104413986206, "prnt": false}
{"event": "training_step", "timestamp": 1769652144.8207076, "step": 677, "max_steps": 938, "loss": 6.022106647491455, "elapsed_time": 61.79648232460022, "prnt": false}
{"event": "training_step", "timestamp": 1769652144.9031668, "step": 678, "max_steps": 938, "loss": 6.172829627990723, "elapsed_time": 61.879215478897095, "prnt": false}
{"event": "training_step", "timestamp": 1769652144.985447, "step": 679, "max_steps": 938, "loss": 6.153443813323975, "elapsed_time": 61.96189618110657, "prnt": false}
{"event": "training_step", "timestamp": 1769652145.067689, "step": 680, "max_steps": 938, "loss": 5.999553680419922, "elapsed_time": 62.04388427734375, "prnt": false}
{"event": "training_step", "timestamp": 1769652145.1501393, "step": 681, "max_steps": 938, "loss": 6.138175964355469, "elapsed_time": 62.126275062561035, "prnt": false}
{"event": "training_step", "timestamp": 1769652145.2326136, "step": 682, "max_steps": 938, "loss": 6.0753703117370605, "elapsed_time": 62.20848250389099, "prnt": false}
{"event": "training_step", "timestamp": 1769652145.315012, "step": 683, "max_steps": 938, "loss": 5.949650764465332, "elapsed_time": 62.2910099029541, "prnt": false}
{"event": "training_step", "timestamp": 1769652145.3979714, "step": 684, "max_steps": 938, "loss": 6.1406168937683105, "elapsed_time": 62.373462438583374, "prnt": false}
{"event": "training_step", "timestamp": 1769652145.4808273, "step": 685, "max_steps": 938, "loss": 6.138290882110596, "elapsed_time": 62.45666003227234, "prnt": false}
{"event": "training_step", "timestamp": 1769652145.5632422, "step": 686, "max_steps": 938, "loss": 6.1556549072265625, "elapsed_time": 62.5393009185791, "prnt": false}
{"event": "training_step", "timestamp": 1769652145.645476, "step": 687, "max_steps": 938, "loss": 6.058769702911377, "elapsed_time": 62.621851205825806, "prnt": false}
{"event": "training_step", "timestamp": 1769652145.7276838, "step": 688, "max_steps": 938, "loss": 5.969273567199707, "elapsed_time": 62.70388054847717, "prnt": false}
{"event": "training_step", "timestamp": 1769652145.8099682, "step": 689, "max_steps": 938, "loss": 6.112164497375488, "elapsed_time": 62.78615164756775, "prnt": false}
{"event": "training_step", "timestamp": 1769652145.8924577, "step": 690, "max_steps": 938, "loss": 5.9645586013793945, "elapsed_time": 62.86848783493042, "prnt": false}
{"event": "training_step", "timestamp": 1769652145.975212, "step": 691, "max_steps": 938, "loss": 6.073968410491943, "elapsed_time": 62.951464891433716, "prnt": false}
{"event": "training_step", "timestamp": 1769652146.0579162, "step": 692, "max_steps": 938, "loss": 6.084110736846924, "elapsed_time": 63.03355431556702, "prnt": false}
{"event": "training_step", "timestamp": 1769652146.1408668, "step": 693, "max_steps": 938, "loss": 6.010869979858398, "elapsed_time": 63.1165566444397, "prnt": false}
{"event": "training_step", "timestamp": 1769652146.2232769, "step": 694, "max_steps": 938, "loss": 6.106320858001709, "elapsed_time": 63.19932746887207, "prnt": false}
{"event": "training_step", "timestamp": 1769652146.3055267, "step": 695, "max_steps": 938, "loss": 6.248292922973633, "elapsed_time": 63.281765937805176, "prnt": false}
{"event": "training_step", "timestamp": 1769652146.387771, "step": 696, "max_steps": 938, "loss": 6.0937371253967285, "elapsed_time": 63.363974809646606, "prnt": false}
{"event": "training_step", "timestamp": 1769652146.4702027, "step": 697, "max_steps": 938, "loss": 6.083380699157715, "elapsed_time": 63.446133852005005, "prnt": false}
{"event": "training_step", "timestamp": 1769652146.5527248, "step": 698, "max_steps": 938, "loss": 5.949461936950684, "elapsed_time": 63.528841495513916, "prnt": false}
{"event": "training_step", "timestamp": 1769652146.6353393, "step": 699, "max_steps": 938, "loss": 6.123164176940918, "elapsed_time": 63.61132335662842, "prnt": false}
{"event": "training_step", "timestamp": 1769652146.7185688, "step": 700, "max_steps": 938, "loss": 6.04430627822876, "elapsed_time": 63.69394898414612, "prnt": false}
{"event": "training_step", "timestamp": 1769652146.8014576, "step": 701, "max_steps": 938, "loss": 6.202240943908691, "elapsed_time": 63.777398109436035, "prnt": false}
{"event": "training_step", "timestamp": 1769652146.8836274, "step": 702, "max_steps": 938, "loss": 6.00483512878418, "elapsed_time": 63.85996651649475, "prnt": false}
{"event": "training_step", "timestamp": 1769652146.966, "step": 703, "max_steps": 938, "loss": 5.882611274719238, "elapsed_time": 63.9424774646759, "prnt": false}
{"event": "training_step", "timestamp": 1769652147.048414, "step": 704, "max_steps": 938, "loss": 6.123340129852295, "elapsed_time": 64.02531003952026, "prnt": false}
{"event": "validation_step", "timestamp": 1769652147.436449, "step": 704, "max_steps": 938, "loss": 1.6365646432281022, "elapsed_time": 64.02531003952026}
{"event": "training_step", "timestamp": 1769652147.5201764, "step": 705, "max_steps": 938, "loss": 6.156917095184326, "elapsed_time": 64.49543881416321, "prnt": false}
{"event": "training_step", "timestamp": 1769652147.602751, "step": 706, "max_steps": 938, "loss": 6.056588649749756, "elapsed_time": 64.57870483398438, "prnt": false}
{"event": "training_step", "timestamp": 1769652147.6851008, "step": 707, "max_steps": 938, "loss": 6.139609336853027, "elapsed_time": 64.66125988960266, "prnt": false}
{"event": "training_step", "timestamp": 1769652147.7673728, "step": 708, "max_steps": 938, "loss": 5.963460445404053, "elapsed_time": 64.7435393333435, "prnt": false}
{"event": "training_step", "timestamp": 1769652147.8497825, "step": 709, "max_steps": 938, "loss": 6.113480091094971, "elapsed_time": 64.82608246803284, "prnt": false}
{"event": "training_step", "timestamp": 1769652147.9323673, "step": 710, "max_steps": 938, "loss": 6.0264482498168945, "elapsed_time": 64.90857362747192, "prnt": false}
{"event": "training_step", "timestamp": 1769652148.0148911, "step": 711, "max_steps": 938, "loss": 6.125441551208496, "elapsed_time": 64.99092245101929, "prnt": false}
{"event": "training_step", "timestamp": 1769652148.0979462, "step": 712, "max_steps": 938, "loss": 6.141767978668213, "elapsed_time": 65.07328701019287, "prnt": false}
{"event": "training_step", "timestamp": 1769652148.18073, "step": 713, "max_steps": 938, "loss": 6.111153602600098, "elapsed_time": 65.15651345252991, "prnt": false}
{"event": "training_step", "timestamp": 1769652148.262962, "step": 714, "max_steps": 938, "loss": 6.169971942901611, "elapsed_time": 65.23907160758972, "prnt": false}
{"event": "training_step", "timestamp": 1769652148.3452954, "step": 715, "max_steps": 938, "loss": 6.068836212158203, "elapsed_time": 65.32158732414246, "prnt": false}
{"event": "training_step", "timestamp": 1769652148.4276338, "step": 716, "max_steps": 938, "loss": 6.175124645233154, "elapsed_time": 65.4037778377533, "prnt": false}
{"event": "training_step", "timestamp": 1769652148.5100403, "step": 717, "max_steps": 938, "loss": 6.058440685272217, "elapsed_time": 65.48610472679138, "prnt": false}
{"event": "training_step", "timestamp": 1769652148.592584, "step": 718, "max_steps": 938, "loss": 6.105802059173584, "elapsed_time": 65.56846714019775, "prnt": false}
{"event": "training_step", "timestamp": 1769652148.6750798, "step": 719, "max_steps": 938, "loss": 6.007267475128174, "elapsed_time": 65.65107941627502, "prnt": false}
{"event": "training_step", "timestamp": 1769652148.7583902, "step": 720, "max_steps": 938, "loss": 5.9104485511779785, "elapsed_time": 65.73415851593018, "prnt": false}
{"event": "training_step", "timestamp": 1769652148.841324, "step": 721, "max_steps": 938, "loss": 5.983377933502197, "elapsed_time": 65.81693601608276, "prnt": false}
{"event": "training_step", "timestamp": 1769652148.923744, "step": 722, "max_steps": 938, "loss": 6.115694522857666, "elapsed_time": 65.89981412887573, "prnt": false}
{"event": "training_step", "timestamp": 1769652149.006166, "step": 723, "max_steps": 938, "loss": 6.019533634185791, "elapsed_time": 65.98231053352356, "prnt": false}
{"event": "training_step", "timestamp": 1769652149.088402, "step": 724, "max_steps": 938, "loss": 6.0224738121032715, "elapsed_time": 66.06454229354858, "prnt": false}
{"event": "training_step", "timestamp": 1769652149.1710837, "step": 725, "max_steps": 938, "loss": 6.108097076416016, "elapsed_time": 66.14695572853088, "prnt": false}
{"event": "training_step", "timestamp": 1769652149.2534263, "step": 726, "max_steps": 938, "loss": 6.071815013885498, "elapsed_time": 66.22938084602356, "prnt": false}
{"event": "training_step", "timestamp": 1769652149.3362281, "step": 727, "max_steps": 938, "loss": 6.037876605987549, "elapsed_time": 66.3118462562561, "prnt": false}
{"event": "training_step", "timestamp": 1769652149.4194627, "step": 728, "max_steps": 938, "loss": 5.958682060241699, "elapsed_time": 66.3948323726654, "prnt": false}
{"event": "training_step", "timestamp": 1769652149.5022216, "step": 729, "max_steps": 938, "loss": 5.996459007263184, "elapsed_time": 66.47815012931824, "prnt": false}
{"event": "training_step", "timestamp": 1769652149.5845296, "step": 730, "max_steps": 938, "loss": 6.205606460571289, "elapsed_time": 66.56081247329712, "prnt": false}
{"event": "training_step", "timestamp": 1769652149.6668518, "step": 731, "max_steps": 938, "loss": 6.195948123931885, "elapsed_time": 66.6430094242096, "prnt": false}
{"event": "training_step", "timestamp": 1769652149.7491589, "step": 732, "max_steps": 938, "loss": 6.137345790863037, "elapsed_time": 66.72538089752197, "prnt": false}
{"event": "training_step", "timestamp": 1769652149.8320177, "step": 733, "max_steps": 938, "loss": 6.151217937469482, "elapsed_time": 66.80757713317871, "prnt": false}
{"event": "training_step", "timestamp": 1769652149.9145675, "step": 734, "max_steps": 938, "loss": 6.234124660491943, "elapsed_time": 66.89059066772461, "prnt": false}
{"event": "training_step", "timestamp": 1769652149.9975495, "step": 735, "max_steps": 938, "loss": 5.980384349822998, "elapsed_time": 66.97309446334839, "prnt": false}
{"event": "training_step", "timestamp": 1769652150.0802944, "step": 736, "max_steps": 938, "loss": 6.017828464508057, "elapsed_time": 67.05588722229004, "prnt": false}
{"event": "training_step", "timestamp": 1769652150.1628175, "step": 737, "max_steps": 938, "loss": 6.011070728302002, "elapsed_time": 67.13900208473206, "prnt": false}
{"event": "training_step", "timestamp": 1769652150.245225, "step": 738, "max_steps": 938, "loss": 6.093115329742432, "elapsed_time": 67.22136902809143, "prnt": false}
{"event": "training_step", "timestamp": 1769652150.3280447, "step": 739, "max_steps": 938, "loss": 6.005795478820801, "elapsed_time": 67.30381417274475, "prnt": false}
{"event": "training_step", "timestamp": 1769652150.4104445, "step": 740, "max_steps": 938, "loss": 6.102035045623779, "elapsed_time": 67.38644504547119, "prnt": false}
{"event": "training_step", "timestamp": 1769652150.4933627, "step": 741, "max_steps": 938, "loss": 6.0883402824401855, "elapsed_time": 67.468923330307, "prnt": false}
{"event": "training_step", "timestamp": 1769652150.5763686, "step": 742, "max_steps": 938, "loss": 5.991714954376221, "elapsed_time": 67.55196833610535, "prnt": false}
{"event": "training_step", "timestamp": 1769652150.659138, "step": 743, "max_steps": 938, "loss": 5.850407123565674, "elapsed_time": 67.63475465774536, "prnt": false}
{"event": "training_step", "timestamp": 1769652150.7417877, "step": 744, "max_steps": 938, "loss": 6.047183036804199, "elapsed_time": 67.71756052970886, "prnt": false}
{"event": "training_step", "timestamp": 1769652150.8243296, "step": 745, "max_steps": 938, "loss": 6.198703765869141, "elapsed_time": 67.80114889144897, "prnt": false}
{"event": "training_step", "timestamp": 1769652150.9070456, "step": 746, "max_steps": 938, "loss": 5.970773696899414, "elapsed_time": 67.88289093971252, "prnt": false}
{"event": "training_step", "timestamp": 1769652150.9895978, "step": 747, "max_steps": 938, "loss": 6.154085159301758, "elapsed_time": 67.96568083763123, "prnt": false}
{"event": "training_step", "timestamp": 1769652151.072018, "step": 748, "max_steps": 938, "loss": 6.047738075256348, "elapsed_time": 68.04828977584839, "prnt": false}
{"event": "validation_step", "timestamp": 1769652151.4602637, "step": 748, "max_steps": 938, "loss": 1.6399210978015097, "elapsed_time": 68.04828977584839}
{"event": "training_step", "timestamp": 1769652151.5435405, "step": 749, "max_steps": 938, "loss": 6.006426811218262, "elapsed_time": 68.51906156539917, "prnt": false}
{"event": "training_step", "timestamp": 1769652151.625852, "step": 750, "max_steps": 938, "loss": 6.164536952972412, "elapsed_time": 68.60198211669922, "prnt": false}
{"event": "training_step", "timestamp": 1769652151.7081962, "step": 751, "max_steps": 938, "loss": 6.19674825668335, "elapsed_time": 68.68438410758972, "prnt": false}
{"event": "training_step", "timestamp": 1769652151.7905881, "step": 752, "max_steps": 938, "loss": 6.044830799102783, "elapsed_time": 68.76658582687378, "prnt": false}
{"event": "training_step", "timestamp": 1769652151.8734474, "step": 753, "max_steps": 938, "loss": 6.0587968826293945, "elapsed_time": 68.84910845756531, "prnt": false}
{"event": "training_step", "timestamp": 1769652151.9567606, "step": 754, "max_steps": 938, "loss": 5.942764759063721, "elapsed_time": 68.93199944496155, "prnt": false}
{"event": "training_step", "timestamp": 1769652152.0396173, "step": 755, "max_steps": 938, "loss": 5.948608875274658, "elapsed_time": 69.01519918441772, "prnt": false}
{"event": "training_step", "timestamp": 1769652152.1220446, "step": 756, "max_steps": 938, "loss": 6.159265518188477, "elapsed_time": 69.09798002243042, "prnt": false}
{"event": "training_step", "timestamp": 1769652152.2043693, "step": 757, "max_steps": 938, "loss": 6.096758842468262, "elapsed_time": 69.18062949180603, "prnt": false}
{"event": "training_step", "timestamp": 1769652152.286689, "step": 758, "max_steps": 938, "loss": 6.025914192199707, "elapsed_time": 69.26274061203003, "prnt": false}
{"event": "training_step", "timestamp": 1769652152.369012, "step": 759, "max_steps": 938, "loss": 6.131950378417969, "elapsed_time": 69.34539008140564, "prnt": false}
{"event": "training_step", "timestamp": 1769652152.4514287, "step": 760, "max_steps": 938, "loss": 5.8210368156433105, "elapsed_time": 69.42773771286011, "prnt": false}
{"event": "training_step", "timestamp": 1769652152.5342531, "step": 761, "max_steps": 938, "loss": 6.125772476196289, "elapsed_time": 69.50997471809387, "prnt": false}
{"event": "training_step", "timestamp": 1769652152.6175654, "step": 762, "max_steps": 938, "loss": 6.07501220703125, "elapsed_time": 69.59266376495361, "prnt": false}
{"event": "training_step", "timestamp": 1769652152.7003915, "step": 763, "max_steps": 938, "loss": 5.908402919769287, "elapsed_time": 69.67601180076599, "prnt": false}
{"event": "training_step", "timestamp": 1769652152.7827585, "step": 764, "max_steps": 938, "loss": 6.08615779876709, "elapsed_time": 69.75948309898376, "prnt": false}
{"event": "training_step", "timestamp": 1769652152.8651447, "step": 765, "max_steps": 938, "loss": 6.0470194816589355, "elapsed_time": 69.84139084815979, "prnt": false}
{"event": "training_step", "timestamp": 1769652152.9476004, "step": 766, "max_steps": 938, "loss": 6.147222518920898, "elapsed_time": 69.92392706871033, "prnt": false}
{"event": "training_step", "timestamp": 1769652153.0302145, "step": 767, "max_steps": 938, "loss": 5.934561729431152, "elapsed_time": 70.00622415542603, "prnt": false}
{"event": "training_step", "timestamp": 1769652153.1128082, "step": 768, "max_steps": 938, "loss": 6.019600868225098, "elapsed_time": 70.08859705924988, "prnt": false}
{"event": "training_step", "timestamp": 1769652153.1959772, "step": 769, "max_steps": 938, "loss": 6.018532752990723, "elapsed_time": 70.17152810096741, "prnt": false}
{"event": "training_step", "timestamp": 1769652153.278739, "step": 770, "max_steps": 938, "loss": 6.000410079956055, "elapsed_time": 70.25438570976257, "prnt": false}
{"event": "training_step", "timestamp": 1769652153.3612037, "step": 771, "max_steps": 938, "loss": 5.961015224456787, "elapsed_time": 70.33720588684082, "prnt": false}
{"event": "training_step", "timestamp": 1769652153.443323, "step": 772, "max_steps": 938, "loss": 6.056853771209717, "elapsed_time": 70.41952896118164, "prnt": false}
{"event": "training_step", "timestamp": 1769652153.5257235, "step": 773, "max_steps": 938, "loss": 5.951166152954102, "elapsed_time": 70.5018138885498, "prnt": false}
{"event": "training_step", "timestamp": 1769652153.6083121, "step": 774, "max_steps": 938, "loss": 5.851574897766113, "elapsed_time": 70.58436894416809, "prnt": false}
{"event": "training_step", "timestamp": 1769652153.6908684, "step": 775, "max_steps": 938, "loss": 6.066569805145264, "elapsed_time": 70.66676950454712, "prnt": false}
{"event": "training_step", "timestamp": 1769652153.773627, "step": 776, "max_steps": 938, "loss": 5.979096412658691, "elapsed_time": 70.74914479255676, "prnt": false}
{"event": "training_step", "timestamp": 1769652153.85662, "step": 777, "max_steps": 938, "loss": 5.954636573791504, "elapsed_time": 70.83198761940002, "prnt": false}
{"event": "training_step", "timestamp": 1769652153.939435, "step": 778, "max_steps": 938, "loss": 5.916726589202881, "elapsed_time": 70.91514706611633, "prnt": false}
{"event": "training_step", "timestamp": 1769652154.0218813, "step": 779, "max_steps": 938, "loss": 5.787258625030518, "elapsed_time": 70.99808049201965, "prnt": false}
{"event": "training_step", "timestamp": 1769652154.1041882, "step": 780, "max_steps": 938, "loss": 6.134848117828369, "elapsed_time": 71.0802686214447, "prnt": false}
{"event": "training_step", "timestamp": 1769652154.1866093, "step": 781, "max_steps": 938, "loss": 6.016839981079102, "elapsed_time": 71.16261267662048, "prnt": false}
{"event": "training_step", "timestamp": 1769652154.2693877, "step": 782, "max_steps": 938, "loss": 5.904349327087402, "elapsed_time": 71.24492716789246, "prnt": false}
{"event": "training_step", "timestamp": 1769652154.352027, "step": 783, "max_steps": 938, "loss": 6.1585693359375, "elapsed_time": 71.32777953147888, "prnt": false}
{"event": "training_step", "timestamp": 1769652154.435129, "step": 784, "max_steps": 938, "loss": 6.012950420379639, "elapsed_time": 71.41036343574524, "prnt": false}
{"event": "training_step", "timestamp": 1769652154.5181575, "step": 785, "max_steps": 938, "loss": 5.982571125030518, "elapsed_time": 71.49409484863281, "prnt": false}
{"event": "training_step", "timestamp": 1769652154.6007552, "step": 786, "max_steps": 938, "loss": 6.079486846923828, "elapsed_time": 71.57659840583801, "prnt": false}
{"event": "training_step", "timestamp": 1769652154.6833026, "step": 787, "max_steps": 938, "loss": 6.054546356201172, "elapsed_time": 71.6592128276825, "prnt": false}
{"event": "training_step", "timestamp": 1769652154.7656481, "step": 788, "max_steps": 938, "loss": 5.959224224090576, "elapsed_time": 71.74170708656311, "prnt": false}
{"event": "training_step", "timestamp": 1769652154.848494, "step": 789, "max_steps": 938, "loss": 5.941852569580078, "elapsed_time": 71.82486057281494, "prnt": false}
{"event": "training_step", "timestamp": 1769652154.9314017, "step": 790, "max_steps": 938, "loss": 6.20782995223999, "elapsed_time": 71.90702700614929, "prnt": false}
{"event": "training_step", "timestamp": 1769652155.0147033, "step": 791, "max_steps": 938, "loss": 5.917321681976318, "elapsed_time": 71.98992705345154, "prnt": false}
{"event": "training_step", "timestamp": 1769652155.0977721, "step": 792, "max_steps": 938, "loss": 6.090323448181152, "elapsed_time": 72.07318925857544, "prnt": false}
{"event": "validation_step", "timestamp": 1769652155.4865758, "step": 792, "max_steps": 938, "loss": 1.6387332848128677, "elapsed_time": 72.07318925857544}
{"event": "training_step", "timestamp": 1769652155.570304, "step": 793, "max_steps": 938, "loss": 5.883501052856445, "elapsed_time": 72.54545712471008, "prnt": false}
{"event": "training_step", "timestamp": 1769652155.6528578, "step": 794, "max_steps": 938, "loss": 5.852392196655273, "elapsed_time": 72.62870979309082, "prnt": false}
{"event": "training_step", "timestamp": 1769652155.7358646, "step": 795, "max_steps": 938, "loss": 6.078195571899414, "elapsed_time": 72.71142220497131, "prnt": false}
{"event": "training_step", "timestamp": 1769652155.8187191, "step": 796, "max_steps": 938, "loss": 5.972992897033691, "elapsed_time": 72.79429030418396, "prnt": false}
{"event": "training_step", "timestamp": 1769652155.9013267, "step": 797, "max_steps": 938, "loss": 5.924196243286133, "elapsed_time": 72.87747740745544, "prnt": false}
{"event": "training_step", "timestamp": 1769652155.9837837, "step": 798, "max_steps": 938, "loss": 6.057875633239746, "elapsed_time": 72.95966744422913, "prnt": false}
{"event": "training_step", "timestamp": 1769652156.0664663, "step": 799, "max_steps": 938, "loss": 6.029010772705078, "elapsed_time": 73.04229354858398, "prnt": false}
{"event": "training_step", "timestamp": 1769652156.1488614, "step": 800, "max_steps": 938, "loss": 6.115128993988037, "elapsed_time": 73.12481451034546, "prnt": false}
{"event": "training_step", "timestamp": 1769652156.231835, "step": 801, "max_steps": 938, "loss": 6.057136058807373, "elapsed_time": 73.207444190979, "prnt": false}
{"event": "training_step", "timestamp": 1769652156.3148963, "step": 802, "max_steps": 938, "loss": 5.900361061096191, "elapsed_time": 73.29031777381897, "prnt": false}
{"event": "training_step", "timestamp": 1769652156.3978584, "step": 803, "max_steps": 938, "loss": 5.978152751922607, "elapsed_time": 73.37366771697998, "prnt": false}
{"event": "training_step", "timestamp": 1769652156.4803994, "step": 804, "max_steps": 938, "loss": 6.067543983459473, "elapsed_time": 73.45625066757202, "prnt": false}
{"event": "training_step", "timestamp": 1769652156.562903, "step": 805, "max_steps": 938, "loss": 6.0975847244262695, "elapsed_time": 73.53922247886658, "prnt": false}
{"event": "training_step", "timestamp": 1769652156.6452594, "step": 806, "max_steps": 938, "loss": 6.097456932067871, "elapsed_time": 73.62135815620422, "prnt": false}
{"event": "training_step", "timestamp": 1769652156.7279127, "step": 807, "max_steps": 938, "loss": 6.065200328826904, "elapsed_time": 73.70374870300293, "prnt": false}
{"event": "training_step", "timestamp": 1769652156.8104281, "step": 808, "max_steps": 938, "loss": 5.864157676696777, "elapsed_time": 73.78669595718384, "prnt": false}
{"event": "training_step", "timestamp": 1769652156.8934898, "step": 809, "max_steps": 938, "loss": 6.1057538986206055, "elapsed_time": 73.86942863464355, "prnt": false}
{"event": "training_step", "timestamp": 1769652156.976716, "step": 810, "max_steps": 938, "loss": 6.168243408203125, "elapsed_time": 73.95198678970337, "prnt": false}
{"event": "training_step", "timestamp": 1769652157.0594885, "step": 811, "max_steps": 938, "loss": 5.963171005249023, "elapsed_time": 74.03540372848511, "prnt": false}
{"event": "training_step", "timestamp": 1769652157.1418648, "step": 812, "max_steps": 938, "loss": 6.0550737380981445, "elapsed_time": 74.1178092956543, "prnt": false}
{"event": "training_step", "timestamp": 1769652157.2242496, "step": 813, "max_steps": 938, "loss": 6.012115955352783, "elapsed_time": 74.20026922225952, "prnt": false}
{"event": "training_step", "timestamp": 1769652157.3065476, "step": 814, "max_steps": 938, "loss": 6.0217437744140625, "elapsed_time": 74.28267550468445, "prnt": false}
{"event": "training_step", "timestamp": 1769652157.3891263, "step": 815, "max_steps": 938, "loss": 6.06197452545166, "elapsed_time": 74.3650119304657, "prnt": false}
{"event": "training_step", "timestamp": 1769652157.47164, "step": 816, "max_steps": 938, "loss": 6.066704750061035, "elapsed_time": 74.44740319252014, "prnt": false}
{"event": "training_step", "timestamp": 1769652157.5550041, "step": 817, "max_steps": 938, "loss": 6.0448994636535645, "elapsed_time": 74.5300726890564, "prnt": false}
{"event": "training_step", "timestamp": 1769652157.6378748, "step": 818, "max_steps": 938, "loss": 5.963282585144043, "elapsed_time": 74.61336207389832, "prnt": false}
{"event": "training_step", "timestamp": 1769652157.7202876, "step": 819, "max_steps": 938, "loss": 6.032958507537842, "elapsed_time": 74.69630885124207, "prnt": false}
{"event": "training_step", "timestamp": 1769652157.8025892, "step": 820, "max_steps": 938, "loss": 5.998353004455566, "elapsed_time": 74.77854442596436, "prnt": false}
{"event": "training_step", "timestamp": 1769652157.8849535, "step": 821, "max_steps": 938, "loss": 6.086170196533203, "elapsed_time": 74.86130571365356, "prnt": false}
{"event": "training_step", "timestamp": 1769652157.9674673, "step": 822, "max_steps": 938, "loss": 6.045712471008301, "elapsed_time": 74.94340515136719, "prnt": false}
{"event": "training_step", "timestamp": 1769652158.0499873, "step": 823, "max_steps": 938, "loss": 5.950177192687988, "elapsed_time": 75.02591800689697, "prnt": false}
{"event": "training_step", "timestamp": 1769652158.133059, "step": 824, "max_steps": 938, "loss": 6.059734344482422, "elapsed_time": 75.10829472541809, "prnt": false}
{"event": "training_step", "timestamp": 1769652158.2165744, "step": 825, "max_steps": 938, "loss": 5.953296184539795, "elapsed_time": 75.19149923324585, "prnt": false}
{"event": "training_step", "timestamp": 1769652158.299394, "step": 826, "max_steps": 938, "loss": 6.18310546875, "elapsed_time": 75.27489948272705, "prnt": false}
{"event": "training_step", "timestamp": 1769652158.3819742, "step": 827, "max_steps": 938, "loss": 5.9325361251831055, "elapsed_time": 75.35779404640198, "prnt": false}
{"event": "training_step", "timestamp": 1769652158.4642417, "step": 828, "max_steps": 938, "loss": 6.0072784423828125, "elapsed_time": 75.44036912918091, "prnt": false}
{"event": "training_step", "timestamp": 1769652158.5467877, "step": 829, "max_steps": 938, "loss": 6.118808269500732, "elapsed_time": 75.52269411087036, "prnt": false}
{"event": "training_step", "timestamp": 1769652158.6297257, "step": 830, "max_steps": 938, "loss": 6.021503925323486, "elapsed_time": 75.60530161857605, "prnt": false}
{"event": "training_step", "timestamp": 1769652158.7124472, "step": 831, "max_steps": 938, "loss": 5.872609615325928, "elapsed_time": 75.6881639957428, "prnt": false}
{"event": "training_step", "timestamp": 1769652158.795638, "step": 832, "max_steps": 938, "loss": 5.9228668212890625, "elapsed_time": 75.77085089683533, "prnt": false}
{"event": "training_step", "timestamp": 1769652158.8788366, "step": 833, "max_steps": 938, "loss": 6.115896224975586, "elapsed_time": 75.85483980178833, "prnt": false}
{"event": "training_step", "timestamp": 1769652158.9611685, "step": 834, "max_steps": 938, "loss": 6.036984920501709, "elapsed_time": 75.9374749660492, "prnt": false}
{"event": "training_step", "timestamp": 1769652159.0436308, "step": 835, "max_steps": 938, "loss": 6.0433878898620605, "elapsed_time": 76.01986885070801, "prnt": false}
{"event": "training_step", "timestamp": 1769652159.1259787, "step": 836, "max_steps": 938, "loss": 6.1071858406066895, "elapsed_time": 76.10203647613525, "prnt": false}
{"event": "validation_step", "timestamp": 1769652159.5145519, "step": 836, "max_steps": 938, "loss": 1.64862290124183, "elapsed_time": 76.10203647613525}
{"event": "training_step", "timestamp": 1769652159.5982401, "step": 837, "max_steps": 938, "loss": 5.951059341430664, "elapsed_time": 76.57345342636108, "prnt": false}
{"event": "training_step", "timestamp": 1769652159.6806705, "step": 838, "max_steps": 938, "loss": 5.944034099578857, "elapsed_time": 76.6567542552948, "prnt": false}
{"event": "training_step", "timestamp": 1769652159.76302, "step": 839, "max_steps": 938, "loss": 5.8672194480896, "elapsed_time": 76.73927307128906, "prnt": false}
{"event": "training_step", "timestamp": 1769652159.8452933, "step": 840, "max_steps": 938, "loss": 6.047564506530762, "elapsed_time": 76.82142496109009, "prnt": false}
{"event": "training_step", "timestamp": 1769652159.9278767, "step": 841, "max_steps": 938, "loss": 6.111410140991211, "elapsed_time": 76.90388178825378, "prnt": false}
{"event": "training_step", "timestamp": 1769652160.010636, "step": 842, "max_steps": 938, "loss": 6.142999172210693, "elapsed_time": 76.98641085624695, "prnt": false}
{"event": "training_step", "timestamp": 1769652160.093838, "step": 843, "max_steps": 938, "loss": 6.141835689544678, "elapsed_time": 77.06922793388367, "prnt": false}
{"event": "training_step", "timestamp": 1769652160.1768925, "step": 844, "max_steps": 938, "loss": 5.764340877532959, "elapsed_time": 77.1522524356842, "prnt": false}
{"event": "training_step", "timestamp": 1769652160.2594838, "step": 845, "max_steps": 938, "loss": 5.819636344909668, "elapsed_time": 77.23541855812073, "prnt": false}
{"event": "training_step", "timestamp": 1769652160.34184, "step": 846, "max_steps": 938, "loss": 6.006313323974609, "elapsed_time": 77.31783413887024, "prnt": false}
{"event": "training_step", "timestamp": 1769652160.4245133, "step": 847, "max_steps": 938, "loss": 5.941747188568115, "elapsed_time": 77.40026307106018, "prnt": false}
{"event": "training_step", "timestamp": 1769652160.5069096, "step": 848, "max_steps": 938, "loss": 6.055513858795166, "elapsed_time": 77.48305082321167, "prnt": false}
{"event": "training_step", "timestamp": 1769652160.5897748, "step": 849, "max_steps": 938, "loss": 5.935919284820557, "elapsed_time": 77.5655243396759, "prnt": false}
{"event": "training_step", "timestamp": 1769652160.6726947, "step": 850, "max_steps": 938, "loss": 6.021430969238281, "elapsed_time": 77.64835715293884, "prnt": false}
{"event": "training_step", "timestamp": 1769652160.7558439, "step": 851, "max_steps": 938, "loss": 6.1365647315979, "elapsed_time": 77.73124384880066, "prnt": false}
{"event": "training_step", "timestamp": 1769652160.838728, "step": 852, "max_steps": 938, "loss": 5.94811487197876, "elapsed_time": 77.81441140174866, "prnt": false}
{"event": "training_step", "timestamp": 1769652160.9213939, "step": 853, "max_steps": 938, "loss": 5.964621543884277, "elapsed_time": 77.89825487136841, "prnt": false}
{"event": "training_step", "timestamp": 1769652161.0039337, "step": 854, "max_steps": 938, "loss": 5.894826889038086, "elapsed_time": 77.98001027107239, "prnt": false}
{"event": "training_step", "timestamp": 1769652161.0866845, "step": 855, "max_steps": 938, "loss": 6.041393756866455, "elapsed_time": 78.06244587898254, "prnt": false}
{"event": "training_step", "timestamp": 1769652161.1691253, "step": 856, "max_steps": 938, "loss": 6.0117645263671875, "elapsed_time": 78.14510607719421, "prnt": false}
{"event": "training_step", "timestamp": 1769652161.251971, "step": 857, "max_steps": 938, "loss": 5.858722686767578, "elapsed_time": 78.22753858566284, "prnt": false}
{"event": "training_step", "timestamp": 1769652161.3352363, "step": 858, "max_steps": 938, "loss": 6.03872013092041, "elapsed_time": 78.31030750274658, "prnt": false}
{"event": "training_step", "timestamp": 1769652161.418113, "step": 859, "max_steps": 938, "loss": 6.043266773223877, "elapsed_time": 78.39376020431519, "prnt": false}
{"event": "training_step", "timestamp": 1769652161.5005436, "step": 860, "max_steps": 938, "loss": 6.1160359382629395, "elapsed_time": 78.47657895088196, "prnt": false}
{"event": "training_step", "timestamp": 1769652161.582899, "step": 861, "max_steps": 938, "loss": 6.1257452964782715, "elapsed_time": 78.55894184112549, "prnt": false}
{"event": "training_step", "timestamp": 1769652161.6653097, "step": 862, "max_steps": 938, "loss": 6.002566814422607, "elapsed_time": 78.64139533042908, "prnt": false}
{"event": "training_step", "timestamp": 1769652161.7481453, "step": 863, "max_steps": 938, "loss": 6.104607582092285, "elapsed_time": 78.72383451461792, "prnt": false}
{"event": "training_step", "timestamp": 1769652161.8307602, "step": 864, "max_steps": 938, "loss": 6.039177417755127, "elapsed_time": 78.80675435066223, "prnt": false}
{"event": "training_step", "timestamp": 1769652161.9141095, "step": 865, "max_steps": 938, "loss": 5.849052429199219, "elapsed_time": 78.88946080207825, "prnt": false}
{"event": "training_step", "timestamp": 1769652161.9969583, "step": 866, "max_steps": 938, "loss": 6.042535305023193, "elapsed_time": 78.9726402759552, "prnt": false}
{"event": "training_step", "timestamp": 1769652162.079324, "step": 867, "max_steps": 938, "loss": 6.0147881507873535, "elapsed_time": 79.05557990074158, "prnt": false}
{"event": "training_step", "timestamp": 1769652162.161627, "step": 868, "max_steps": 938, "loss": 6.00573205947876, "elapsed_time": 79.13772249221802, "prnt": false}
{"event": "training_step", "timestamp": 1769652162.2439296, "step": 869, "max_steps": 938, "loss": 5.956699371337891, "elapsed_time": 79.22030591964722, "prnt": false}
{"event": "training_step", "timestamp": 1769652162.3264203, "step": 870, "max_steps": 938, "loss": 5.982023239135742, "elapsed_time": 79.30229806900024, "prnt": false}
{"event": "training_step", "timestamp": 1769652162.4092824, "step": 871, "max_steps": 938, "loss": 6.049294471740723, "elapsed_time": 79.38484406471252, "prnt": false}
{"event": "training_step", "timestamp": 1769652162.4919493, "step": 872, "max_steps": 938, "loss": 5.913463592529297, "elapsed_time": 79.46787571907043, "prnt": false}
{"event": "training_step", "timestamp": 1769652162.5752857, "step": 873, "max_steps": 938, "loss": 6.077823638916016, "elapsed_time": 79.55041098594666, "prnt": false}
{"event": "training_step", "timestamp": 1769652162.658032, "step": 874, "max_steps": 938, "loss": 5.97744083404541, "elapsed_time": 79.63384199142456, "prnt": false}
{"event": "training_step", "timestamp": 1769652162.740549, "step": 875, "max_steps": 938, "loss": 6.098412036895752, "elapsed_time": 79.7165777683258, "prnt": false}
{"event": "training_step", "timestamp": 1769652162.8228755, "step": 876, "max_steps": 938, "loss": 6.038433074951172, "elapsed_time": 79.79893851280212, "prnt": false}
{"event": "training_step", "timestamp": 1769652162.9056034, "step": 877, "max_steps": 938, "loss": 6.060041427612305, "elapsed_time": 79.88240480422974, "prnt": false}
{"event": "training_step", "timestamp": 1769652162.9885862, "step": 878, "max_steps": 938, "loss": 5.998636722564697, "elapsed_time": 79.96414971351624, "prnt": false}
{"event": "training_step", "timestamp": 1769652163.0714116, "step": 879, "max_steps": 938, "loss": 5.960792541503906, "elapsed_time": 80.04724836349487, "prnt": false}
{"event": "training_step", "timestamp": 1769652163.1544743, "step": 880, "max_steps": 938, "loss": 5.9801130294799805, "elapsed_time": 80.12963771820068, "prnt": false}
{"event": "validation_step", "timestamp": 1769652163.5436542, "step": 880, "max_steps": 938, "loss": 1.6427613217870094, "elapsed_time": 80.12963771820068}
{"event": "training_step", "timestamp": 1769652163.62691, "step": 881, "max_steps": 938, "loss": 5.954301834106445, "elapsed_time": 80.60249042510986, "prnt": false}
{"event": "training_step", "timestamp": 1769652163.709549, "step": 882, "max_steps": 938, "loss": 6.12635612487793, "elapsed_time": 80.68548154830933, "prnt": false}
{"event": "training_step", "timestamp": 1769652163.7916117, "step": 883, "max_steps": 938, "loss": 5.941267967224121, "elapsed_time": 80.76801609992981, "prnt": false}
{"event": "training_step", "timestamp": 1769652163.8746996, "step": 884, "max_steps": 938, "loss": 5.9858503341674805, "elapsed_time": 80.85023927688599, "prnt": false}
{"event": "training_step", "timestamp": 1769652163.957538, "step": 885, "max_steps": 938, "loss": 6.200658321380615, "elapsed_time": 80.93349027633667, "prnt": false}
{"event": "training_step", "timestamp": 1769652164.0399215, "step": 886, "max_steps": 938, "loss": 6.13051176071167, "elapsed_time": 81.01600670814514, "prnt": false}
{"event": "training_step", "timestamp": 1769652164.122403, "step": 887, "max_steps": 938, "loss": 6.142066478729248, "elapsed_time": 81.09855532646179, "prnt": false}
{"event": "training_step", "timestamp": 1769652164.2046952, "step": 888, "max_steps": 938, "loss": 5.943080902099609, "elapsed_time": 81.18079543113708, "prnt": false}
{"event": "training_step", "timestamp": 1769652164.2871222, "step": 889, "max_steps": 938, "loss": 6.098821640014648, "elapsed_time": 81.26323366165161, "prnt": false}
{"event": "training_step", "timestamp": 1769652164.3697538, "step": 890, "max_steps": 938, "loss": 6.14436149597168, "elapsed_time": 81.34549903869629, "prnt": false}
{"event": "training_step", "timestamp": 1769652164.452753, "step": 891, "max_steps": 938, "loss": 6.008681774139404, "elapsed_time": 81.42856073379517, "prnt": false}
{"event": "training_step", "timestamp": 1769652164.5359113, "step": 892, "max_steps": 938, "loss": 6.101632118225098, "elapsed_time": 81.51115107536316, "prnt": false}
{"event": "training_step", "timestamp": 1769652164.6185997, "step": 893, "max_steps": 938, "loss": 6.0760674476623535, "elapsed_time": 81.59430432319641, "prnt": false}
{"event": "training_step", "timestamp": 1769652164.7009382, "step": 894, "max_steps": 938, "loss": 6.114449977874756, "elapsed_time": 81.67712497711182, "prnt": false}
{"event": "training_step", "timestamp": 1769652164.7835813, "step": 895, "max_steps": 938, "loss": 6.211897850036621, "elapsed_time": 81.75945973396301, "prnt": false}
{"event": "training_step", "timestamp": 1769652164.8659875, "step": 896, "max_steps": 938, "loss": 5.992664813995361, "elapsed_time": 81.8421323299408, "prnt": false}
{"event": "training_step", "timestamp": 1769652164.9491093, "step": 897, "max_steps": 938, "loss": 6.164938449859619, "elapsed_time": 81.92535328865051, "prnt": false}
{"event": "training_step", "timestamp": 1769652165.032367, "step": 898, "max_steps": 938, "loss": 6.074117183685303, "elapsed_time": 82.00761008262634, "prnt": false}
{"event": "training_step", "timestamp": 1769652165.1155732, "step": 899, "max_steps": 938, "loss": 6.03603982925415, "elapsed_time": 82.09087705612183, "prnt": false}
{"event": "training_step", "timestamp": 1769652165.1980655, "step": 900, "max_steps": 938, "loss": 6.054680347442627, "elapsed_time": 82.17391109466553, "prnt": false}
{"event": "training_step", "timestamp": 1769652165.28059, "step": 901, "max_steps": 938, "loss": 6.09365177154541, "elapsed_time": 82.25662994384766, "prnt": false}
{"event": "training_step", "timestamp": 1769652165.363168, "step": 902, "max_steps": 938, "loss": 5.941944122314453, "elapsed_time": 82.33894944190979, "prnt": false}
{"event": "training_step", "timestamp": 1769652165.4460862, "step": 903, "max_steps": 938, "loss": 5.96437931060791, "elapsed_time": 82.42161393165588, "prnt": false}
{"event": "training_step", "timestamp": 1769652165.5287752, "step": 904, "max_steps": 938, "loss": 6.141993045806885, "elapsed_time": 82.50459170341492, "prnt": false}
{"event": "training_step", "timestamp": 1769652165.612127, "step": 905, "max_steps": 938, "loss": 6.067008972167969, "elapsed_time": 82.5873031616211, "prnt": false}
{"event": "training_step", "timestamp": 1769652165.6952002, "step": 906, "max_steps": 938, "loss": 5.994350910186768, "elapsed_time": 82.67074394226074, "prnt": false}
{"event": "training_step", "timestamp": 1769652165.7777185, "step": 907, "max_steps": 938, "loss": 6.087710380554199, "elapsed_time": 82.7536449432373, "prnt": false}
{"event": "training_step", "timestamp": 1769652165.8601646, "step": 908, "max_steps": 938, "loss": 5.9694905281066895, "elapsed_time": 82.83614921569824, "prnt": false}
{"event": "training_step", "timestamp": 1769652165.9426136, "step": 909, "max_steps": 938, "loss": 6.112831115722656, "elapsed_time": 82.91876673698425, "prnt": false}
{"event": "training_step", "timestamp": 1769652166.0250192, "step": 910, "max_steps": 938, "loss": 6.1066060066223145, "elapsed_time": 83.0010027885437, "prnt": false}
{"event": "training_step", "timestamp": 1769652166.107744, "step": 911, "max_steps": 938, "loss": 6.054560661315918, "elapsed_time": 83.0835165977478, "prnt": false}
{"event": "training_step", "timestamp": 1769652166.1903691, "step": 912, "max_steps": 938, "loss": 6.031084060668945, "elapsed_time": 83.16611742973328, "prnt": false}
{"event": "training_step", "timestamp": 1769652166.273474, "step": 913, "max_steps": 938, "loss": 6.044634819030762, "elapsed_time": 83.2488009929657, "prnt": false}
{"event": "training_step", "timestamp": 1769652166.356695, "step": 914, "max_steps": 938, "loss": 6.007608413696289, "elapsed_time": 83.33184099197388, "prnt": false}
{"event": "training_step", "timestamp": 1769652166.4390268, "step": 915, "max_steps": 938, "loss": 5.957931995391846, "elapsed_time": 83.41509819030762, "prnt": false}
{"event": "training_step", "timestamp": 1769652166.5214345, "step": 916, "max_steps": 938, "loss": 6.061728000640869, "elapsed_time": 83.49741721153259, "prnt": false}
{"event": "training_step", "timestamp": 1769652166.603923, "step": 917, "max_steps": 938, "loss": 6.12095308303833, "elapsed_time": 83.57983016967773, "prnt": false}
{"event": "training_step", "timestamp": 1769652166.6858943, "step": 918, "max_steps": 938, "loss": 6.032207012176514, "elapsed_time": 83.66241788864136, "prnt": false}
{"event": "training_step", "timestamp": 1769652166.7687435, "step": 919, "max_steps": 938, "loss": 5.99812650680542, "elapsed_time": 83.7443253993988, "prnt": false}
{"event": "training_step", "timestamp": 1769652166.8513932, "step": 920, "max_steps": 938, "loss": 5.890763282775879, "elapsed_time": 83.82706379890442, "prnt": false}
{"event": "training_step", "timestamp": 1769652166.9350445, "step": 921, "max_steps": 938, "loss": 6.037397384643555, "elapsed_time": 83.91090941429138, "prnt": false}
{"event": "training_step", "timestamp": 1769652167.0177305, "step": 922, "max_steps": 938, "loss": 5.98812198638916, "elapsed_time": 83.99347114562988, "prnt": false}
{"event": "training_step", "timestamp": 1769652167.1006722, "step": 923, "max_steps": 938, "loss": 6.094170570373535, "elapsed_time": 84.07745742797852, "prnt": false}
{"event": "training_step", "timestamp": 1769652167.1836188, "step": 924, "max_steps": 938, "loss": 5.938272953033447, "elapsed_time": 84.15989971160889, "prnt": false}
{"event": "validation_step", "timestamp": 1769652167.572721, "step": 924, "max_steps": 938, "loss": 1.6423715580623812, "elapsed_time": 84.15989971160889}
{"event": "training_step", "timestamp": 1769652167.656474, "step": 925, "max_steps": 938, "loss": 6.08875036239624, "elapsed_time": 84.63198661804199, "prnt": false}
{"event": "training_step", "timestamp": 1769652167.7394772, "step": 926, "max_steps": 938, "loss": 5.952469825744629, "elapsed_time": 84.71918988227844, "prnt": false}
{"event": "training_step", "timestamp": 1769652167.8228834, "step": 927, "max_steps": 938, "loss": 5.934423446655273, "elapsed_time": 84.80220460891724, "prnt": false}
{"event": "training_step", "timestamp": 1769652167.9055326, "step": 928, "max_steps": 938, "loss": 5.874503135681152, "elapsed_time": 84.88205528259277, "prnt": false}
{"event": "training_step", "timestamp": 1769652167.9878535, "step": 929, "max_steps": 938, "loss": 6.054886341094971, "elapsed_time": 84.96491122245789, "prnt": false}
{"event": "training_step", "timestamp": 1769652168.0711434, "step": 930, "max_steps": 938, "loss": 6.077620506286621, "elapsed_time": 85.04652285575867, "prnt": false}
{"event": "training_step", "timestamp": 1769652168.1545713, "step": 931, "max_steps": 938, "loss": 6.17813777923584, "elapsed_time": 85.1300790309906, "prnt": false}
{"event": "training_step", "timestamp": 1769652168.2373292, "step": 932, "max_steps": 938, "loss": 5.954151630401611, "elapsed_time": 85.21374082565308, "prnt": false}
{"event": "training_step", "timestamp": 1769652168.3198533, "step": 933, "max_steps": 938, "loss": 6.005557537078857, "elapsed_time": 85.29638195037842, "prnt": false}
{"event": "training_step", "timestamp": 1769652168.4027212, "step": 934, "max_steps": 938, "loss": 6.078159809112549, "elapsed_time": 85.37916016578674, "prnt": false}
{"event": "training_step", "timestamp": 1769652168.4856768, "step": 935, "max_steps": 938, "loss": 6.050624370574951, "elapsed_time": 85.46197843551636, "prnt": false}
{"event": "training_step", "timestamp": 1769652168.5683072, "step": 936, "max_steps": 938, "loss": 5.954990863800049, "elapsed_time": 85.54468846321106, "prnt": false}
{"event": "training_step", "timestamp": 1769652168.6516118, "step": 937, "max_steps": 938, "loss": 6.088901996612549, "elapsed_time": 85.62749552726746, "prnt": false}
{"event": "training_step", "timestamp": 1769652168.734646, "step": 938, "max_steps": 938, "loss": 6.027268409729004, "elapsed_time": 85.7107515335083, "prnt": false}
{"event": "validation_step", "timestamp": 1769652169.1242301, "step": 938, "max_steps": 938, "loss": 1.642249829678401, "elapsed_time": 85.7107515335083}
