{"event": "hyperparameters_configured", "timestamp": 1769648814.1273105, "block_size": 64, "vocab_size": 16000, "n_layer": 8, "n_head": 9, "d_model": 576, "dropout": 0.0, "mlp_ratio": 5.0, "activation": "gelu", "residual_scaling": true, "batch_size": 128, "lr": 0.0003, "weight_decay": 0.1, "evals_per_epoch": 3, "batch_mode": "random", "optimizer": "adamw", "scheduler": "warmup_cosine", "warmup_fraction": 0.05, "normalizer": "none", "pre_tokenizer": "bytelevel", "eos_handling": "string_join", "min_frequency": 1, "domain_tokens": true, "epochs": 7, "seed": 1337, "num_titles": 100000, "val_frac": 0.1, "log_file": "./logs/exp-domain-tokens.log"}
{"event": "device_info", "timestamp": 1769648814.1450775, "device": "cuda"}
{"event": "dataset_info", "timestamp": 1769648824.4234352, "titles_count": 90000, "epochs": 7, "batches_per_epoch": 133, "tokens_per_epoch": 1090105, "vocab_size": 16000}
{"event": "model_info", "timestamp": 1769648824.8362126, "parameters_count": 46477440}
{"event": "training_step", "timestamp": 1769648825.4522893, "step": 1, "max_steps": 931, "loss": 9.783167839050293, "elapsed_time": 0.19597721099853516, "prnt": false}
{"event": "validation_step", "timestamp": 1769648825.8361342, "step": 1, "max_steps": 931, "loss": 2.102789758814773, "elapsed_time": 0.19597721099853516}
{"event": "training_step", "timestamp": 1769648825.9214716, "step": 2, "max_steps": 931, "loss": 9.783357620239258, "elapsed_time": 0.588404655456543, "prnt": false}
{"event": "training_step", "timestamp": 1769648826.0063982, "step": 3, "max_steps": 931, "loss": 9.639348983764648, "elapsed_time": 0.6726226806640625, "prnt": false}
{"event": "training_step", "timestamp": 1769648826.0912552, "step": 4, "max_steps": 931, "loss": 9.421770095825195, "elapsed_time": 0.757469892501831, "prnt": false}
{"event": "training_step", "timestamp": 1769648826.1759906, "step": 5, "max_steps": 931, "loss": 9.214204788208008, "elapsed_time": 0.8422865867614746, "prnt": false}
{"event": "training_step", "timestamp": 1769648826.2609963, "step": 6, "max_steps": 931, "loss": 9.102188110351562, "elapsed_time": 0.9271631240844727, "prnt": false}
{"event": "training_step", "timestamp": 1769648826.3460348, "step": 7, "max_steps": 931, "loss": 9.005766868591309, "elapsed_time": 1.0125632286071777, "prnt": false}
{"event": "training_step", "timestamp": 1769648826.430831, "step": 8, "max_steps": 931, "loss": 8.950043678283691, "elapsed_time": 1.097160816192627, "prnt": false}
{"event": "training_step", "timestamp": 1769648826.5154042, "step": 9, "max_steps": 931, "loss": 8.909308433532715, "elapsed_time": 1.1817398071289062, "prnt": false}
{"event": "training_step", "timestamp": 1769648826.6003568, "step": 10, "max_steps": 931, "loss": 8.850273132324219, "elapsed_time": 1.2664768695831299, "prnt": false}
{"event": "training_step", "timestamp": 1769648826.6851668, "step": 11, "max_steps": 931, "loss": 8.817081451416016, "elapsed_time": 1.351346731185913, "prnt": false}
{"event": "training_step", "timestamp": 1769648826.7699935, "step": 12, "max_steps": 931, "loss": 8.798812866210938, "elapsed_time": 1.436372995376587, "prnt": false}
{"event": "training_step", "timestamp": 1769648826.8546634, "step": 13, "max_steps": 931, "loss": 8.746599197387695, "elapsed_time": 1.5209197998046875, "prnt": false}
{"event": "training_step", "timestamp": 1769648826.9396079, "step": 14, "max_steps": 931, "loss": 8.729439735412598, "elapsed_time": 1.6059341430664062, "prnt": false}
{"event": "training_step", "timestamp": 1769648827.0244424, "step": 15, "max_steps": 931, "loss": 8.679410934448242, "elapsed_time": 1.690967321395874, "prnt": false}
{"event": "training_step", "timestamp": 1769648827.1092622, "step": 16, "max_steps": 931, "loss": 8.624032974243164, "elapsed_time": 1.7755861282348633, "prnt": false}
{"event": "training_step", "timestamp": 1769648827.1939664, "step": 17, "max_steps": 931, "loss": 8.574883460998535, "elapsed_time": 1.860166072845459, "prnt": false}
{"event": "training_step", "timestamp": 1769648827.2788815, "step": 18, "max_steps": 931, "loss": 8.504842758178711, "elapsed_time": 1.94523024559021, "prnt": false}
{"event": "training_step", "timestamp": 1769648827.3638117, "step": 19, "max_steps": 931, "loss": 8.44107723236084, "elapsed_time": 2.0301597118377686, "prnt": false}
{"event": "training_step", "timestamp": 1769648827.448763, "step": 20, "max_steps": 931, "loss": 8.435738563537598, "elapsed_time": 2.1149139404296875, "prnt": false}
{"event": "training_step", "timestamp": 1769648827.5336072, "step": 21, "max_steps": 931, "loss": 8.368380546569824, "elapsed_time": 2.199694871902466, "prnt": false}
{"event": "training_step", "timestamp": 1769648827.6184907, "step": 22, "max_steps": 931, "loss": 8.325525283813477, "elapsed_time": 2.28464674949646, "prnt": false}
{"event": "training_step", "timestamp": 1769648827.7034686, "step": 23, "max_steps": 931, "loss": 8.271036148071289, "elapsed_time": 2.3697731494903564, "prnt": false}
{"event": "training_step", "timestamp": 1769648827.7884195, "step": 24, "max_steps": 931, "loss": 8.207297325134277, "elapsed_time": 2.4546713829040527, "prnt": false}
{"event": "training_step", "timestamp": 1769648827.8730886, "step": 25, "max_steps": 931, "loss": 8.1591796875, "elapsed_time": 2.5393261909484863, "prnt": false}
{"event": "training_step", "timestamp": 1769648827.9580731, "step": 26, "max_steps": 931, "loss": 8.1350679397583, "elapsed_time": 2.624204397201538, "prnt": false}
{"event": "training_step", "timestamp": 1769648828.0429904, "step": 27, "max_steps": 931, "loss": 8.051939964294434, "elapsed_time": 2.709062337875366, "prnt": false}
{"event": "training_step", "timestamp": 1769648828.127942, "step": 28, "max_steps": 931, "loss": 8.002934455871582, "elapsed_time": 2.7940711975097656, "prnt": false}
{"event": "training_step", "timestamp": 1769648828.212599, "step": 29, "max_steps": 931, "loss": 7.938720703125, "elapsed_time": 2.8789572715759277, "prnt": false}
{"event": "training_step", "timestamp": 1769648828.2974818, "step": 30, "max_steps": 931, "loss": 7.908829212188721, "elapsed_time": 2.963806629180908, "prnt": false}
{"event": "training_step", "timestamp": 1769648828.3826022, "step": 31, "max_steps": 931, "loss": 7.83750057220459, "elapsed_time": 3.048992395401001, "prnt": false}
{"event": "training_step", "timestamp": 1769648828.46751, "step": 32, "max_steps": 931, "loss": 7.810563564300537, "elapsed_time": 3.1337592601776123, "prnt": false}
{"event": "training_step", "timestamp": 1769648828.5522115, "step": 33, "max_steps": 931, "loss": 7.792586803436279, "elapsed_time": 3.218813419342041, "prnt": false}
{"event": "training_step", "timestamp": 1769648828.6371057, "step": 34, "max_steps": 931, "loss": 7.7328009605407715, "elapsed_time": 3.303264856338501, "prnt": false}
{"event": "training_step", "timestamp": 1769648828.721896, "step": 35, "max_steps": 931, "loss": 7.68926477432251, "elapsed_time": 3.3882110118865967, "prnt": false}
{"event": "training_step", "timestamp": 1769648828.8068912, "step": 36, "max_steps": 931, "loss": 7.668684959411621, "elapsed_time": 3.4730331897735596, "prnt": false}
{"event": "training_step", "timestamp": 1769648828.89164, "step": 37, "max_steps": 931, "loss": 7.5794358253479, "elapsed_time": 3.557932138442993, "prnt": false}
{"event": "training_step", "timestamp": 1769648828.9766064, "step": 38, "max_steps": 931, "loss": 7.614607810974121, "elapsed_time": 3.6429641246795654, "prnt": false}
{"event": "training_step", "timestamp": 1769648829.061375, "step": 39, "max_steps": 931, "loss": 7.513483047485352, "elapsed_time": 3.7275707721710205, "prnt": false}
{"event": "training_step", "timestamp": 1769648829.1463554, "step": 40, "max_steps": 931, "loss": 7.5855712890625, "elapsed_time": 3.8125762939453125, "prnt": false}
{"event": "training_step", "timestamp": 1769648829.2311025, "step": 41, "max_steps": 931, "loss": 7.508224964141846, "elapsed_time": 3.897334337234497, "prnt": false}
{"event": "training_step", "timestamp": 1769648829.3160496, "step": 42, "max_steps": 931, "loss": 7.50685977935791, "elapsed_time": 3.982163190841675, "prnt": false}
{"event": "training_step", "timestamp": 1769648829.400993, "step": 43, "max_steps": 931, "loss": 7.50282621383667, "elapsed_time": 4.067153692245483, "prnt": false}
{"event": "training_step", "timestamp": 1769648829.4860547, "step": 44, "max_steps": 931, "loss": 7.491718769073486, "elapsed_time": 4.152124643325806, "prnt": false}
{"event": "validation_step", "timestamp": 1769648829.8705392, "step": 44, "max_steps": 931, "loss": 1.6086164185334273, "elapsed_time": 4.152124643325806}
{"event": "training_step", "timestamp": 1769648829.956192, "step": 45, "max_steps": 931, "loss": 7.508821487426758, "elapsed_time": 4.6222875118255615, "prnt": false}
{"event": "training_step", "timestamp": 1769648830.0411906, "step": 46, "max_steps": 931, "loss": 7.435725688934326, "elapsed_time": 4.7073047161102295, "prnt": false}
{"event": "training_step", "timestamp": 1769648830.1263049, "step": 47, "max_steps": 931, "loss": 7.41837739944458, "elapsed_time": 4.79214072227478, "prnt": false}
{"event": "training_step", "timestamp": 1769648830.2111633, "step": 48, "max_steps": 931, "loss": 7.437272548675537, "elapsed_time": 4.877323627471924, "prnt": false}
{"event": "training_step", "timestamp": 1769648830.2961395, "step": 49, "max_steps": 931, "loss": 7.420940399169922, "elapsed_time": 4.962172746658325, "prnt": false}
{"event": "training_step", "timestamp": 1769648830.3813355, "step": 50, "max_steps": 931, "loss": 7.408436298370361, "elapsed_time": 5.047783136367798, "prnt": false}
{"event": "training_step", "timestamp": 1769648830.4663322, "step": 51, "max_steps": 931, "loss": 7.401634216308594, "elapsed_time": 5.132418632507324, "prnt": false}
{"event": "training_step", "timestamp": 1769648830.551264, "step": 52, "max_steps": 931, "loss": 7.389210224151611, "elapsed_time": 5.2173731327056885, "prnt": false}
{"event": "training_step", "timestamp": 1769648830.6363018, "step": 53, "max_steps": 931, "loss": 7.468357563018799, "elapsed_time": 5.302294731140137, "prnt": false}
{"event": "training_step", "timestamp": 1769648830.7214172, "step": 54, "max_steps": 931, "loss": 7.4047746658325195, "elapsed_time": 5.387340545654297, "prnt": false}
{"event": "training_step", "timestamp": 1769648830.8064516, "step": 55, "max_steps": 931, "loss": 7.299943923950195, "elapsed_time": 5.472426176071167, "prnt": false}
{"event": "training_step", "timestamp": 1769648830.8915746, "step": 56, "max_steps": 931, "loss": 7.35072135925293, "elapsed_time": 5.557550430297852, "prnt": false}
{"event": "training_step", "timestamp": 1769648830.976781, "step": 57, "max_steps": 931, "loss": 7.319458484649658, "elapsed_time": 5.64277720451355, "prnt": false}
{"event": "training_step", "timestamp": 1769648831.0619898, "step": 58, "max_steps": 931, "loss": 7.296055793762207, "elapsed_time": 5.72789192199707, "prnt": false}
{"event": "training_step", "timestamp": 1769648831.1469703, "step": 59, "max_steps": 931, "loss": 7.296871185302734, "elapsed_time": 5.812947750091553, "prnt": false}
{"event": "training_step", "timestamp": 1769648831.231991, "step": 60, "max_steps": 931, "loss": 7.338267803192139, "elapsed_time": 5.898000717163086, "prnt": false}
{"event": "training_step", "timestamp": 1769648831.3169742, "step": 61, "max_steps": 931, "loss": 7.291414260864258, "elapsed_time": 5.982956409454346, "prnt": false}
{"event": "training_step", "timestamp": 1769648831.402102, "step": 62, "max_steps": 931, "loss": 7.288540840148926, "elapsed_time": 6.068134307861328, "prnt": false}
{"event": "training_step", "timestamp": 1769648831.4871895, "step": 63, "max_steps": 931, "loss": 7.239140510559082, "elapsed_time": 6.153012752532959, "prnt": false}
{"event": "training_step", "timestamp": 1769648831.5723183, "step": 64, "max_steps": 931, "loss": 7.32435417175293, "elapsed_time": 6.238186359405518, "prnt": false}
{"event": "training_step", "timestamp": 1769648831.6572845, "step": 65, "max_steps": 931, "loss": 7.233513832092285, "elapsed_time": 6.323270320892334, "prnt": false}
{"event": "training_step", "timestamp": 1769648831.742483, "step": 66, "max_steps": 931, "loss": 7.261270046234131, "elapsed_time": 6.408346176147461, "prnt": false}
{"event": "training_step", "timestamp": 1769648831.8275309, "step": 67, "max_steps": 931, "loss": 7.200771331787109, "elapsed_time": 6.4934399127960205, "prnt": false}
{"event": "training_step", "timestamp": 1769648831.9126632, "step": 68, "max_steps": 931, "loss": 7.224404811859131, "elapsed_time": 6.578727722167969, "prnt": false}
{"event": "training_step", "timestamp": 1769648831.9977953, "step": 69, "max_steps": 931, "loss": 7.188195705413818, "elapsed_time": 6.663958311080933, "prnt": false}
{"event": "training_step", "timestamp": 1769648832.0830598, "step": 70, "max_steps": 931, "loss": 7.1929121017456055, "elapsed_time": 6.748785972595215, "prnt": false}
{"event": "training_step", "timestamp": 1769648832.16802, "step": 71, "max_steps": 931, "loss": 7.160073757171631, "elapsed_time": 6.8340373039245605, "prnt": false}
{"event": "training_step", "timestamp": 1769648832.253215, "step": 72, "max_steps": 931, "loss": 7.159803867340088, "elapsed_time": 6.919042110443115, "prnt": false}
{"event": "training_step", "timestamp": 1769648832.338472, "step": 73, "max_steps": 931, "loss": 7.171091079711914, "elapsed_time": 7.004256725311279, "prnt": false}
{"event": "training_step", "timestamp": 1769648832.424005, "step": 74, "max_steps": 931, "loss": 7.0759124755859375, "elapsed_time": 7.090299606323242, "prnt": false}
{"event": "training_step", "timestamp": 1769648832.5090585, "step": 75, "max_steps": 931, "loss": 7.1330413818359375, "elapsed_time": 7.174965858459473, "prnt": false}
{"event": "training_step", "timestamp": 1769648832.5942364, "step": 76, "max_steps": 931, "loss": 7.0898919105529785, "elapsed_time": 7.260389804840088, "prnt": false}
{"event": "training_step", "timestamp": 1769648832.6793013, "step": 77, "max_steps": 931, "loss": 7.071845531463623, "elapsed_time": 7.3452277183532715, "prnt": false}
{"event": "training_step", "timestamp": 1769648832.7645016, "step": 78, "max_steps": 931, "loss": 7.087713241577148, "elapsed_time": 7.430395126342773, "prnt": false}
{"event": "training_step", "timestamp": 1769648832.849566, "step": 79, "max_steps": 931, "loss": 7.051911354064941, "elapsed_time": 7.515536785125732, "prnt": false}
{"event": "training_step", "timestamp": 1769648832.934575, "step": 80, "max_steps": 931, "loss": 7.116502285003662, "elapsed_time": 7.600692987442017, "prnt": false}
{"event": "training_step", "timestamp": 1769648833.019679, "step": 81, "max_steps": 931, "loss": 7.027775287628174, "elapsed_time": 7.685673713684082, "prnt": false}
{"event": "training_step", "timestamp": 1769648833.1050706, "step": 82, "max_steps": 931, "loss": 7.073318958282471, "elapsed_time": 7.770967245101929, "prnt": false}
{"event": "training_step", "timestamp": 1769648833.1901822, "step": 83, "max_steps": 931, "loss": 6.991446018218994, "elapsed_time": 7.856183290481567, "prnt": false}
{"event": "training_step", "timestamp": 1769648833.2754626, "step": 84, "max_steps": 931, "loss": 7.0660271644592285, "elapsed_time": 7.941281318664551, "prnt": false}
{"event": "training_step", "timestamp": 1769648833.3606746, "step": 85, "max_steps": 931, "loss": 6.975340843200684, "elapsed_time": 8.026444911956787, "prnt": false}
{"event": "training_step", "timestamp": 1769648833.4458735, "step": 86, "max_steps": 931, "loss": 6.937651634216309, "elapsed_time": 8.111814260482788, "prnt": false}
{"event": "training_step", "timestamp": 1769648833.5308452, "step": 87, "max_steps": 931, "loss": 6.9901957511901855, "elapsed_time": 8.196953773498535, "prnt": false}
{"event": "training_step", "timestamp": 1769648833.616106, "step": 88, "max_steps": 931, "loss": 6.955423831939697, "elapsed_time": 8.282099723815918, "prnt": false}
{"event": "validation_step", "timestamp": 1769648834.0024445, "step": 88, "max_steps": 931, "loss": 1.5154271263775718, "elapsed_time": 8.282099723815918}
{"event": "training_step", "timestamp": 1769648834.0878172, "step": 89, "max_steps": 931, "loss": 7.002382278442383, "elapsed_time": 8.754016160964966, "prnt": false}
{"event": "training_step", "timestamp": 1769648834.1729307, "step": 90, "max_steps": 931, "loss": 6.98850154876709, "elapsed_time": 8.838957786560059, "prnt": false}
{"event": "training_step", "timestamp": 1769648834.2580726, "step": 91, "max_steps": 931, "loss": 6.95909309387207, "elapsed_time": 8.923838376998901, "prnt": false}
{"event": "training_step", "timestamp": 1769648834.3433006, "step": 92, "max_steps": 931, "loss": 6.932015419006348, "elapsed_time": 9.009281873703003, "prnt": false}
{"event": "training_step", "timestamp": 1769648834.428447, "step": 93, "max_steps": 931, "loss": 6.971706390380859, "elapsed_time": 9.09478759765625, "prnt": false}
{"event": "training_step", "timestamp": 1769648834.513417, "step": 94, "max_steps": 931, "loss": 6.940830707550049, "elapsed_time": 9.179713726043701, "prnt": false}
{"event": "training_step", "timestamp": 1769648834.5983233, "step": 95, "max_steps": 931, "loss": 6.968994140625, "elapsed_time": 9.26442551612854, "prnt": false}
{"event": "training_step", "timestamp": 1769648834.6834948, "step": 96, "max_steps": 931, "loss": 6.966299057006836, "elapsed_time": 9.349363088607788, "prnt": false}
{"event": "training_step", "timestamp": 1769648834.7686403, "step": 97, "max_steps": 931, "loss": 6.932338237762451, "elapsed_time": 9.434617519378662, "prnt": false}
{"event": "training_step", "timestamp": 1769648834.853721, "step": 98, "max_steps": 931, "loss": 6.964575290679932, "elapsed_time": 9.519678354263306, "prnt": false}
{"event": "training_step", "timestamp": 1769648834.9388022, "step": 99, "max_steps": 931, "loss": 6.895017147064209, "elapsed_time": 9.604696273803711, "prnt": false}
{"event": "training_step", "timestamp": 1769648835.0240402, "step": 100, "max_steps": 931, "loss": 6.861922740936279, "elapsed_time": 9.68996000289917, "prnt": false}
{"event": "training_step", "timestamp": 1769648835.1091301, "step": 101, "max_steps": 931, "loss": 6.881725788116455, "elapsed_time": 9.775173425674438, "prnt": false}
{"event": "training_step", "timestamp": 1769648835.194208, "step": 102, "max_steps": 931, "loss": 6.8542022705078125, "elapsed_time": 9.860255241394043, "prnt": false}
{"event": "training_step", "timestamp": 1769648835.2792315, "step": 103, "max_steps": 931, "loss": 6.868483543395996, "elapsed_time": 9.94522213935852, "prnt": false}
{"event": "training_step", "timestamp": 1769648835.3644357, "step": 104, "max_steps": 931, "loss": 6.960302829742432, "elapsed_time": 10.030349969863892, "prnt": false}
{"event": "training_step", "timestamp": 1769648835.4494996, "step": 105, "max_steps": 931, "loss": 6.889243125915527, "elapsed_time": 10.115430355072021, "prnt": false}
{"event": "training_step", "timestamp": 1769648835.5347197, "step": 106, "max_steps": 931, "loss": 6.806108474731445, "elapsed_time": 10.200878858566284, "prnt": false}
{"event": "training_step", "timestamp": 1769648835.6198123, "step": 107, "max_steps": 931, "loss": 6.848217010498047, "elapsed_time": 10.28566575050354, "prnt": false}
{"event": "training_step", "timestamp": 1769648835.7049923, "step": 108, "max_steps": 931, "loss": 6.815047264099121, "elapsed_time": 10.370835304260254, "prnt": false}
{"event": "training_step", "timestamp": 1769648835.7900887, "step": 109, "max_steps": 931, "loss": 6.8874053955078125, "elapsed_time": 10.456203937530518, "prnt": false}
{"event": "training_step", "timestamp": 1769648835.87527, "step": 110, "max_steps": 931, "loss": 6.883283615112305, "elapsed_time": 10.541214227676392, "prnt": false}
{"event": "training_step", "timestamp": 1769648835.9605877, "step": 111, "max_steps": 931, "loss": 6.805212497711182, "elapsed_time": 10.626482486724854, "prnt": false}
{"event": "training_step", "timestamp": 1769648836.045862, "step": 112, "max_steps": 931, "loss": 6.858029842376709, "elapsed_time": 10.711922645568848, "prnt": false}
{"event": "training_step", "timestamp": 1769648836.131025, "step": 113, "max_steps": 931, "loss": 6.83452844619751, "elapsed_time": 10.796888589859009, "prnt": false}
{"event": "training_step", "timestamp": 1769648836.2162082, "step": 114, "max_steps": 931, "loss": 6.8179240226745605, "elapsed_time": 10.88212513923645, "prnt": false}
{"event": "training_step", "timestamp": 1769648836.3015122, "step": 115, "max_steps": 931, "loss": 6.873483180999756, "elapsed_time": 10.967132329940796, "prnt": false}
{"event": "training_step", "timestamp": 1769648836.3867154, "step": 116, "max_steps": 931, "loss": 6.793728351593018, "elapsed_time": 11.052740812301636, "prnt": false}
{"event": "training_step", "timestamp": 1769648836.47188, "step": 117, "max_steps": 931, "loss": 6.736623287200928, "elapsed_time": 11.13800859451294, "prnt": false}
{"event": "training_step", "timestamp": 1769648836.5570924, "step": 118, "max_steps": 931, "loss": 6.804319381713867, "elapsed_time": 11.223322629928589, "prnt": false}
{"event": "training_step", "timestamp": 1769648836.6423097, "step": 119, "max_steps": 931, "loss": 6.798079490661621, "elapsed_time": 11.308048486709595, "prnt": false}
{"event": "training_step", "timestamp": 1769648836.7274663, "step": 120, "max_steps": 931, "loss": 6.793111801147461, "elapsed_time": 11.393371820449829, "prnt": false}
{"event": "training_step", "timestamp": 1769648836.8125727, "step": 121, "max_steps": 931, "loss": 6.765586853027344, "elapsed_time": 11.478537559509277, "prnt": false}
{"event": "training_step", "timestamp": 1769648836.8979893, "step": 122, "max_steps": 931, "loss": 6.817723751068115, "elapsed_time": 11.563710927963257, "prnt": false}
{"event": "training_step", "timestamp": 1769648836.9832613, "step": 123, "max_steps": 931, "loss": 6.7287678718566895, "elapsed_time": 11.649064302444458, "prnt": false}
{"event": "training_step", "timestamp": 1769648837.0684807, "step": 124, "max_steps": 931, "loss": 6.713127136230469, "elapsed_time": 11.73444676399231, "prnt": false}
{"event": "training_step", "timestamp": 1769648837.1535094, "step": 125, "max_steps": 931, "loss": 6.718746662139893, "elapsed_time": 11.819489479064941, "prnt": false}
{"event": "training_step", "timestamp": 1769648837.2390742, "step": 126, "max_steps": 931, "loss": 6.685718059539795, "elapsed_time": 11.90462875366211, "prnt": false}
{"event": "training_step", "timestamp": 1769648837.3242054, "step": 127, "max_steps": 931, "loss": 6.732588291168213, "elapsed_time": 11.990309715270996, "prnt": false}
{"event": "training_step", "timestamp": 1769648837.4094265, "step": 128, "max_steps": 931, "loss": 6.743919849395752, "elapsed_time": 12.075346946716309, "prnt": false}
{"event": "training_step", "timestamp": 1769648837.4945707, "step": 129, "max_steps": 931, "loss": 6.740297794342041, "elapsed_time": 12.160341024398804, "prnt": false}
{"event": "training_step", "timestamp": 1769648837.5800915, "step": 130, "max_steps": 931, "loss": 6.730447769165039, "elapsed_time": 12.245807409286499, "prnt": false}
{"event": "training_step", "timestamp": 1769648837.6652498, "step": 131, "max_steps": 931, "loss": 6.685105800628662, "elapsed_time": 12.331078052520752, "prnt": false}
{"event": "training_step", "timestamp": 1769648837.7505426, "step": 132, "max_steps": 931, "loss": 6.732385158538818, "elapsed_time": 12.416566610336304, "prnt": false}
{"event": "validation_step", "timestamp": 1769648838.1368313, "step": 132, "max_steps": 931, "loss": 1.4583749054940698, "elapsed_time": 12.416566610336304}
{"event": "training_step", "timestamp": 1769648838.2225866, "step": 133, "max_steps": 931, "loss": 6.744559288024902, "elapsed_time": 12.888208866119385, "prnt": false}
{"event": "training_step", "timestamp": 1769648838.308074, "step": 134, "max_steps": 931, "loss": 6.6324286460876465, "elapsed_time": 12.97400951385498, "prnt": false}
{"event": "training_step", "timestamp": 1769648838.393347, "step": 135, "max_steps": 931, "loss": 6.67173433303833, "elapsed_time": 13.058992147445679, "prnt": false}
{"event": "training_step", "timestamp": 1769648838.4787748, "step": 136, "max_steps": 931, "loss": 6.633174419403076, "elapsed_time": 13.145162343978882, "prnt": false}
{"event": "training_step", "timestamp": 1769648838.563995, "step": 137, "max_steps": 931, "loss": 6.731988906860352, "elapsed_time": 13.229759931564331, "prnt": false}
{"event": "training_step", "timestamp": 1769648838.6493258, "step": 138, "max_steps": 931, "loss": 6.71561336517334, "elapsed_time": 13.315454244613647, "prnt": false}
{"event": "training_step", "timestamp": 1769648838.73456, "step": 139, "max_steps": 931, "loss": 6.6589202880859375, "elapsed_time": 13.4005286693573, "prnt": false}
{"event": "training_step", "timestamp": 1769648838.8200374, "step": 140, "max_steps": 931, "loss": 6.72047233581543, "elapsed_time": 13.48575210571289, "prnt": false}
{"event": "training_step", "timestamp": 1769648838.9053059, "step": 141, "max_steps": 931, "loss": 6.6284332275390625, "elapsed_time": 13.571042776107788, "prnt": false}
{"event": "training_step", "timestamp": 1769648838.9906251, "step": 142, "max_steps": 931, "loss": 6.630397319793701, "elapsed_time": 13.656474113464355, "prnt": false}
{"event": "training_step", "timestamp": 1769648839.0756862, "step": 143, "max_steps": 931, "loss": 6.648889541625977, "elapsed_time": 13.741763591766357, "prnt": false}
{"event": "training_step", "timestamp": 1769648839.1611145, "step": 144, "max_steps": 931, "loss": 6.5924482345581055, "elapsed_time": 13.826757431030273, "prnt": false}
{"event": "training_step", "timestamp": 1769648839.24661, "step": 145, "max_steps": 931, "loss": 6.589441299438477, "elapsed_time": 13.91346788406372, "prnt": false}
{"event": "training_step", "timestamp": 1769648839.3319876, "step": 146, "max_steps": 931, "loss": 6.585290908813477, "elapsed_time": 13.997904300689697, "prnt": false}
{"event": "training_step", "timestamp": 1769648839.417244, "step": 147, "max_steps": 931, "loss": 6.616860389709473, "elapsed_time": 14.08292269706726, "prnt": false}
{"event": "training_step", "timestamp": 1769648839.5026977, "step": 148, "max_steps": 931, "loss": 6.613969326019287, "elapsed_time": 14.168269634246826, "prnt": false}
{"event": "training_step", "timestamp": 1769648839.5878158, "step": 149, "max_steps": 931, "loss": 6.55466365814209, "elapsed_time": 14.253658533096313, "prnt": false}
{"event": "training_step", "timestamp": 1769648839.6730509, "step": 150, "max_steps": 931, "loss": 6.667558670043945, "elapsed_time": 14.339108943939209, "prnt": false}
{"event": "training_step", "timestamp": 1769648839.7582188, "step": 151, "max_steps": 931, "loss": 6.608415126800537, "elapsed_time": 14.423966884613037, "prnt": false}
{"event": "training_step", "timestamp": 1769648839.8434966, "step": 152, "max_steps": 931, "loss": 6.57594108581543, "elapsed_time": 14.509282350540161, "prnt": false}
{"event": "training_step", "timestamp": 1769648839.928642, "step": 153, "max_steps": 931, "loss": 6.605113983154297, "elapsed_time": 14.59451150894165, "prnt": false}
{"event": "training_step", "timestamp": 1769648840.0140786, "step": 154, "max_steps": 931, "loss": 6.644150257110596, "elapsed_time": 14.67983627319336, "prnt": false}
{"event": "training_step", "timestamp": 1769648840.0994883, "step": 155, "max_steps": 931, "loss": 6.571156024932861, "elapsed_time": 14.76505708694458, "prnt": false}
{"event": "training_step", "timestamp": 1769648840.1848524, "step": 156, "max_steps": 931, "loss": 6.615324020385742, "elapsed_time": 14.850596904754639, "prnt": false}
{"event": "training_step", "timestamp": 1769648840.2701094, "step": 157, "max_steps": 931, "loss": 6.540113925933838, "elapsed_time": 14.935843229293823, "prnt": false}
{"event": "training_step", "timestamp": 1769648840.3556387, "step": 158, "max_steps": 931, "loss": 6.58006477355957, "elapsed_time": 15.021430969238281, "prnt": false}
{"event": "training_step", "timestamp": 1769648840.441615, "step": 159, "max_steps": 931, "loss": 6.518588542938232, "elapsed_time": 15.107585191726685, "prnt": false}
{"event": "training_step", "timestamp": 1769648840.5269628, "step": 160, "max_steps": 931, "loss": 6.556551933288574, "elapsed_time": 15.19295597076416, "prnt": false}
{"event": "training_step", "timestamp": 1769648840.6121216, "step": 161, "max_steps": 931, "loss": 6.566078186035156, "elapsed_time": 15.27783203125, "prnt": false}
{"event": "training_step", "timestamp": 1769648840.6974902, "step": 162, "max_steps": 931, "loss": 6.530814170837402, "elapsed_time": 15.363191843032837, "prnt": false}
{"event": "training_step", "timestamp": 1769648840.7827826, "step": 163, "max_steps": 931, "loss": 6.522485256195068, "elapsed_time": 15.44845461845398, "prnt": false}
{"event": "training_step", "timestamp": 1769648840.8681226, "step": 164, "max_steps": 931, "loss": 6.584048748016357, "elapsed_time": 15.534160137176514, "prnt": false}
{"event": "training_step", "timestamp": 1769648840.9533422, "step": 165, "max_steps": 931, "loss": 6.539255619049072, "elapsed_time": 15.619402647018433, "prnt": false}
{"event": "training_step", "timestamp": 1769648841.03876, "step": 166, "max_steps": 931, "loss": 6.530524730682373, "elapsed_time": 15.70448112487793, "prnt": false}
{"event": "training_step", "timestamp": 1769648841.1242795, "step": 167, "max_steps": 931, "loss": 6.500608921051025, "elapsed_time": 15.789798259735107, "prnt": false}
{"event": "training_step", "timestamp": 1769648841.2096055, "step": 168, "max_steps": 931, "loss": 6.478143215179443, "elapsed_time": 15.875291109085083, "prnt": false}
{"event": "training_step", "timestamp": 1769648841.2949805, "step": 169, "max_steps": 931, "loss": 6.46952486038208, "elapsed_time": 15.960564136505127, "prnt": false}
{"event": "training_step", "timestamp": 1769648841.3805134, "step": 170, "max_steps": 931, "loss": 6.5509257316589355, "elapsed_time": 16.04602861404419, "prnt": false}
{"event": "training_step", "timestamp": 1769648841.4658234, "step": 171, "max_steps": 931, "loss": 6.494915008544922, "elapsed_time": 16.131781816482544, "prnt": false}
{"event": "training_step", "timestamp": 1769648841.5511642, "step": 172, "max_steps": 931, "loss": 6.475159168243408, "elapsed_time": 16.21697974205017, "prnt": false}
{"event": "training_step", "timestamp": 1769648841.6365898, "step": 173, "max_steps": 931, "loss": 6.508205890655518, "elapsed_time": 16.30215573310852, "prnt": false}
{"event": "training_step", "timestamp": 1769648841.7220578, "step": 174, "max_steps": 931, "loss": 6.453333377838135, "elapsed_time": 16.38766837120056, "prnt": false}
{"event": "training_step", "timestamp": 1769648841.8072617, "step": 175, "max_steps": 931, "loss": 6.508170127868652, "elapsed_time": 16.473029136657715, "prnt": false}
{"event": "training_step", "timestamp": 1769648841.893128, "step": 176, "max_steps": 931, "loss": 6.490346908569336, "elapsed_time": 16.55971598625183, "prnt": false}
{"event": "validation_step", "timestamp": 1769648842.2801788, "step": 176, "max_steps": 931, "loss": 1.4191685886192595, "elapsed_time": 16.55971598625183}
{"event": "training_step", "timestamp": 1769648842.3661625, "step": 177, "max_steps": 931, "loss": 6.4732666015625, "elapsed_time": 17.03227663040161, "prnt": false}
{"event": "training_step", "timestamp": 1769648842.452045, "step": 178, "max_steps": 931, "loss": 6.5005598068237305, "elapsed_time": 17.1184139251709, "prnt": false}
{"event": "training_step", "timestamp": 1769648842.5387166, "step": 179, "max_steps": 931, "loss": 6.4903035163879395, "elapsed_time": 17.20782470703125, "prnt": false}
{"event": "training_step", "timestamp": 1769648842.6253653, "step": 180, "max_steps": 931, "loss": 6.478610038757324, "elapsed_time": 17.294365406036377, "prnt": false}
{"event": "training_step", "timestamp": 1769648842.7110636, "step": 181, "max_steps": 931, "loss": 6.407078266143799, "elapsed_time": 17.379849433898926, "prnt": false}
{"event": "training_step", "timestamp": 1769648842.7967887, "step": 182, "max_steps": 931, "loss": 6.484498500823975, "elapsed_time": 17.464953422546387, "prnt": false}
{"event": "training_step", "timestamp": 1769648842.8824635, "step": 183, "max_steps": 931, "loss": 6.481300354003906, "elapsed_time": 17.550084352493286, "prnt": false}
{"event": "training_step", "timestamp": 1769648842.9681146, "step": 184, "max_steps": 931, "loss": 6.477304935455322, "elapsed_time": 17.636488437652588, "prnt": false}
{"event": "training_step", "timestamp": 1769648843.053872, "step": 185, "max_steps": 931, "loss": 6.510743141174316, "elapsed_time": 17.72162365913391, "prnt": false}
{"event": "training_step", "timestamp": 1769648843.1397731, "step": 186, "max_steps": 931, "loss": 6.456932544708252, "elapsed_time": 17.80787682533264, "prnt": false}
{"event": "training_step", "timestamp": 1769648843.2254, "step": 187, "max_steps": 931, "loss": 6.4042534828186035, "elapsed_time": 17.89347505569458, "prnt": false}
{"event": "training_step", "timestamp": 1769648843.3111386, "step": 188, "max_steps": 931, "loss": 6.519657135009766, "elapsed_time": 17.978777170181274, "prnt": false}
{"event": "training_step", "timestamp": 1769648843.3967268, "step": 189, "max_steps": 931, "loss": 6.398276329040527, "elapsed_time": 18.064903497695923, "prnt": false}
{"event": "training_step", "timestamp": 1769648843.4824789, "step": 190, "max_steps": 931, "loss": 6.430083751678467, "elapsed_time": 18.150479316711426, "prnt": false}
{"event": "training_step", "timestamp": 1769648843.5680287, "step": 191, "max_steps": 931, "loss": 6.421408653259277, "elapsed_time": 18.23603653907776, "prnt": false}
{"event": "training_step", "timestamp": 1769648843.6539156, "step": 192, "max_steps": 931, "loss": 6.4676713943481445, "elapsed_time": 18.320372819900513, "prnt": false}
{"event": "training_step", "timestamp": 1769648843.7396615, "step": 193, "max_steps": 931, "loss": 6.393424034118652, "elapsed_time": 18.405752420425415, "prnt": false}
{"event": "training_step", "timestamp": 1769648843.8253367, "step": 194, "max_steps": 931, "loss": 6.456206798553467, "elapsed_time": 18.491364002227783, "prnt": false}
{"event": "training_step", "timestamp": 1769648843.9109738, "step": 195, "max_steps": 931, "loss": 6.373009204864502, "elapsed_time": 18.57735824584961, "prnt": false}
{"event": "training_step", "timestamp": 1769648843.9968367, "step": 196, "max_steps": 931, "loss": 6.362915515899658, "elapsed_time": 18.663135290145874, "prnt": false}
{"event": "training_step", "timestamp": 1769648844.0824435, "step": 197, "max_steps": 931, "loss": 6.423266887664795, "elapsed_time": 18.74843692779541, "prnt": false}
{"event": "training_step", "timestamp": 1769648844.168027, "step": 198, "max_steps": 931, "loss": 6.399953365325928, "elapsed_time": 18.834142923355103, "prnt": false}
{"event": "training_step", "timestamp": 1769648844.2537584, "step": 199, "max_steps": 931, "loss": 6.402532577514648, "elapsed_time": 18.919899463653564, "prnt": false}
{"event": "training_step", "timestamp": 1769648844.339884, "step": 200, "max_steps": 931, "loss": 6.415524959564209, "elapsed_time": 19.005752086639404, "prnt": false}
{"event": "training_step", "timestamp": 1769648844.4256985, "step": 201, "max_steps": 931, "loss": 6.382112503051758, "elapsed_time": 19.09110188484192, "prnt": false}
{"event": "training_step", "timestamp": 1769648844.511584, "step": 202, "max_steps": 931, "loss": 6.347726345062256, "elapsed_time": 19.177661657333374, "prnt": false}
{"event": "training_step", "timestamp": 1769648844.59729, "step": 203, "max_steps": 931, "loss": 6.416550159454346, "elapsed_time": 19.263291358947754, "prnt": false}
{"event": "training_step", "timestamp": 1769648844.6831634, "step": 204, "max_steps": 931, "loss": 6.344621181488037, "elapsed_time": 19.349122762680054, "prnt": false}
{"event": "training_step", "timestamp": 1769648844.7687616, "step": 205, "max_steps": 931, "loss": 6.435116291046143, "elapsed_time": 19.434911012649536, "prnt": false}
{"event": "training_step", "timestamp": 1769648844.85536, "step": 206, "max_steps": 931, "loss": 6.405252933502197, "elapsed_time": 19.523788452148438, "prnt": false}
{"event": "training_step", "timestamp": 1769648844.9418623, "step": 207, "max_steps": 931, "loss": 6.395914077758789, "elapsed_time": 19.60927176475525, "prnt": false}
{"event": "training_step", "timestamp": 1769648845.0276845, "step": 208, "max_steps": 931, "loss": 6.372726917266846, "elapsed_time": 19.69385004043579, "prnt": false}
{"event": "training_step", "timestamp": 1769648845.1134937, "step": 209, "max_steps": 931, "loss": 6.371364593505859, "elapsed_time": 19.77970004081726, "prnt": false}
{"event": "training_step", "timestamp": 1769648845.1995225, "step": 210, "max_steps": 931, "loss": 6.328459739685059, "elapsed_time": 19.865904569625854, "prnt": false}
{"event": "training_step", "timestamp": 1769648845.2851448, "step": 211, "max_steps": 931, "loss": 6.361957550048828, "elapsed_time": 19.95128083229065, "prnt": false}
{"event": "training_step", "timestamp": 1769648845.3707826, "step": 212, "max_steps": 931, "loss": 6.397085189819336, "elapsed_time": 20.037248849868774, "prnt": false}
{"event": "training_step", "timestamp": 1769648845.4562478, "step": 213, "max_steps": 931, "loss": 6.297189712524414, "elapsed_time": 20.12220048904419, "prnt": false}
{"event": "training_step", "timestamp": 1769648845.5418208, "step": 214, "max_steps": 931, "loss": 6.312904357910156, "elapsed_time": 20.207491636276245, "prnt": false}
{"event": "training_step", "timestamp": 1769648845.6272173, "step": 215, "max_steps": 931, "loss": 6.358285427093506, "elapsed_time": 20.292930364608765, "prnt": false}
{"event": "training_step", "timestamp": 1769648845.7127998, "step": 216, "max_steps": 931, "loss": 6.3285932540893555, "elapsed_time": 20.378309965133667, "prnt": false}
{"event": "training_step", "timestamp": 1769648845.798682, "step": 217, "max_steps": 931, "loss": 6.358941078186035, "elapsed_time": 20.464929342269897, "prnt": false}
{"event": "training_step", "timestamp": 1769648845.884339, "step": 218, "max_steps": 931, "loss": 6.3737616539001465, "elapsed_time": 20.550318241119385, "prnt": false}
{"event": "training_step", "timestamp": 1769648845.9701374, "step": 219, "max_steps": 931, "loss": 6.374927997589111, "elapsed_time": 20.63666796684265, "prnt": false}
{"event": "training_step", "timestamp": 1769648846.0559235, "step": 220, "max_steps": 931, "loss": 6.375487327575684, "elapsed_time": 20.72230052947998, "prnt": false}
{"event": "validation_step", "timestamp": 1769648846.4437788, "step": 220, "max_steps": 931, "loss": 1.3942558762416426, "elapsed_time": 20.72230052947998}
{"event": "training_step", "timestamp": 1769648846.530112, "step": 221, "max_steps": 931, "loss": 6.310553550720215, "elapsed_time": 21.196091890335083, "prnt": false}
{"event": "training_step", "timestamp": 1769648846.6161256, "step": 222, "max_steps": 931, "loss": 6.327638626098633, "elapsed_time": 21.282843112945557, "prnt": false}
{"event": "training_step", "timestamp": 1769648846.7022383, "step": 223, "max_steps": 931, "loss": 6.238386631011963, "elapsed_time": 21.36846089363098, "prnt": false}
{"event": "training_step", "timestamp": 1769648846.7881985, "step": 224, "max_steps": 931, "loss": 6.350381374359131, "elapsed_time": 21.454615354537964, "prnt": false}
{"event": "training_step", "timestamp": 1769648846.8741553, "step": 225, "max_steps": 931, "loss": 6.322213649749756, "elapsed_time": 21.540472745895386, "prnt": false}
{"event": "training_step", "timestamp": 1769648846.9602478, "step": 226, "max_steps": 931, "loss": 6.281771183013916, "elapsed_time": 21.62662672996521, "prnt": false}
{"event": "training_step", "timestamp": 1769648847.0456514, "step": 227, "max_steps": 931, "loss": 6.305463790893555, "elapsed_time": 21.711432218551636, "prnt": false}
{"event": "training_step", "timestamp": 1769648847.1313205, "step": 228, "max_steps": 931, "loss": 6.2639241218566895, "elapsed_time": 21.796752214431763, "prnt": false}
{"event": "training_step", "timestamp": 1769648847.216922, "step": 229, "max_steps": 931, "loss": 6.314122676849365, "elapsed_time": 21.88232684135437, "prnt": false}
{"event": "training_step", "timestamp": 1769648847.3024943, "step": 230, "max_steps": 931, "loss": 6.280582904815674, "elapsed_time": 21.96803069114685, "prnt": false}
{"event": "training_step", "timestamp": 1769648847.387879, "step": 231, "max_steps": 931, "loss": 6.282800674438477, "elapsed_time": 22.053487300872803, "prnt": false}
{"event": "training_step", "timestamp": 1769648847.473328, "step": 232, "max_steps": 931, "loss": 6.271089553833008, "elapsed_time": 22.139013051986694, "prnt": false}
{"event": "training_step", "timestamp": 1769648847.558894, "step": 233, "max_steps": 931, "loss": 6.317025184631348, "elapsed_time": 22.224284410476685, "prnt": false}
{"event": "training_step", "timestamp": 1769648847.6445522, "step": 234, "max_steps": 931, "loss": 6.327325820922852, "elapsed_time": 22.309953451156616, "prnt": false}
{"event": "training_step", "timestamp": 1769648847.7298918, "step": 235, "max_steps": 931, "loss": 6.284189224243164, "elapsed_time": 22.395480394363403, "prnt": false}
{"event": "training_step", "timestamp": 1769648847.8154364, "step": 236, "max_steps": 931, "loss": 6.283510208129883, "elapsed_time": 22.48093867301941, "prnt": false}
{"event": "training_step", "timestamp": 1769648847.90095, "step": 237, "max_steps": 931, "loss": 6.263452053070068, "elapsed_time": 22.56644582748413, "prnt": false}
{"event": "training_step", "timestamp": 1769648847.9864497, "step": 238, "max_steps": 931, "loss": 6.256694316864014, "elapsed_time": 22.65198302268982, "prnt": false}
{"event": "training_step", "timestamp": 1769648848.071917, "step": 239, "max_steps": 931, "loss": 6.239963531494141, "elapsed_time": 22.737449407577515, "prnt": false}
{"event": "training_step", "timestamp": 1769648848.157723, "step": 240, "max_steps": 931, "loss": 6.24522066116333, "elapsed_time": 22.822928428649902, "prnt": false}
{"event": "training_step", "timestamp": 1769648848.243191, "step": 241, "max_steps": 931, "loss": 6.265660285949707, "elapsed_time": 22.908670663833618, "prnt": false}
{"event": "training_step", "timestamp": 1769648848.3286974, "step": 242, "max_steps": 931, "loss": 6.205946445465088, "elapsed_time": 22.994178295135498, "prnt": false}
{"event": "training_step", "timestamp": 1769648848.4143054, "step": 243, "max_steps": 931, "loss": 6.24183464050293, "elapsed_time": 23.07962942123413, "prnt": false}
{"event": "training_step", "timestamp": 1769648848.4999528, "step": 244, "max_steps": 931, "loss": 6.261962413787842, "elapsed_time": 23.165597438812256, "prnt": false}
{"event": "training_step", "timestamp": 1769648848.5854297, "step": 245, "max_steps": 931, "loss": 6.211260795593262, "elapsed_time": 23.251063108444214, "prnt": false}
{"event": "training_step", "timestamp": 1769648848.6709862, "step": 246, "max_steps": 931, "loss": 6.2687177658081055, "elapsed_time": 23.33655095100403, "prnt": false}
{"event": "training_step", "timestamp": 1769648848.7565877, "step": 247, "max_steps": 931, "loss": 6.198811054229736, "elapsed_time": 23.4220929145813, "prnt": false}
{"event": "training_step", "timestamp": 1769648848.842352, "step": 248, "max_steps": 931, "loss": 6.223595142364502, "elapsed_time": 23.50780987739563, "prnt": false}
{"event": "training_step", "timestamp": 1769648848.9277995, "step": 249, "max_steps": 931, "loss": 6.19072961807251, "elapsed_time": 23.593364238739014, "prnt": false}
{"event": "training_step", "timestamp": 1769648849.013263, "step": 250, "max_steps": 931, "loss": 6.146952152252197, "elapsed_time": 23.67908763885498, "prnt": false}
{"event": "training_step", "timestamp": 1769648849.098875, "step": 251, "max_steps": 931, "loss": 6.179585933685303, "elapsed_time": 23.764315366744995, "prnt": false}
{"event": "training_step", "timestamp": 1769648849.1844945, "step": 252, "max_steps": 931, "loss": 6.244600772857666, "elapsed_time": 23.849868535995483, "prnt": false}
{"event": "training_step", "timestamp": 1769648849.2699852, "step": 253, "max_steps": 931, "loss": 6.233582496643066, "elapsed_time": 23.935450792312622, "prnt": false}
{"event": "training_step", "timestamp": 1769648849.3555923, "step": 254, "max_steps": 931, "loss": 6.231733798980713, "elapsed_time": 24.021072387695312, "prnt": false}
{"event": "training_step", "timestamp": 1769648849.441179, "step": 255, "max_steps": 931, "loss": 6.212486267089844, "elapsed_time": 24.106663465499878, "prnt": false}
{"event": "training_step", "timestamp": 1769648849.5267937, "step": 256, "max_steps": 931, "loss": 6.232710838317871, "elapsed_time": 24.192397594451904, "prnt": false}
{"event": "training_step", "timestamp": 1769648849.612365, "step": 257, "max_steps": 931, "loss": 6.2750701904296875, "elapsed_time": 24.27777338027954, "prnt": false}
{"event": "training_step", "timestamp": 1769648849.6981823, "step": 258, "max_steps": 931, "loss": 6.201451778411865, "elapsed_time": 24.36358380317688, "prnt": false}
{"event": "training_step", "timestamp": 1769648849.7836888, "step": 259, "max_steps": 931, "loss": 6.205584526062012, "elapsed_time": 24.449104070663452, "prnt": false}
{"event": "training_step", "timestamp": 1769648849.869412, "step": 260, "max_steps": 931, "loss": 6.145705223083496, "elapsed_time": 24.5347318649292, "prnt": false}
{"event": "training_step", "timestamp": 1769648849.9549055, "step": 261, "max_steps": 931, "loss": 6.239594459533691, "elapsed_time": 24.62038803100586, "prnt": false}
{"event": "training_step", "timestamp": 1769648850.0406153, "step": 262, "max_steps": 931, "loss": 6.178356170654297, "elapsed_time": 24.706048488616943, "prnt": false}
{"event": "training_step", "timestamp": 1769648850.1261337, "step": 263, "max_steps": 931, "loss": 6.163039207458496, "elapsed_time": 24.791571855545044, "prnt": false}
{"event": "training_step", "timestamp": 1769648850.2117548, "step": 264, "max_steps": 931, "loss": 6.181855201721191, "elapsed_time": 24.8771390914917, "prnt": false}
{"event": "validation_step", "timestamp": 1769648850.599364, "step": 264, "max_steps": 931, "loss": 1.3732660607936202, "elapsed_time": 24.8771390914917}
{"event": "training_step", "timestamp": 1769648850.6855736, "step": 265, "max_steps": 931, "loss": 6.205423831939697, "elapsed_time": 25.35117483139038, "prnt": false}
{"event": "training_step", "timestamp": 1769648850.7713234, "step": 266, "max_steps": 931, "loss": 6.208284854888916, "elapsed_time": 25.436641693115234, "prnt": false}
{"event": "training_step", "timestamp": 1769648850.8572338, "step": 267, "max_steps": 931, "loss": 6.129477500915527, "elapsed_time": 25.522415161132812, "prnt": false}
{"event": "training_step", "timestamp": 1769648850.9427934, "step": 268, "max_steps": 931, "loss": 6.1736955642700195, "elapsed_time": 25.608203887939453, "prnt": false}
{"event": "training_step", "timestamp": 1769648851.0284657, "step": 269, "max_steps": 931, "loss": 6.103518486022949, "elapsed_time": 25.693929195404053, "prnt": false}
{"event": "training_step", "timestamp": 1769648851.1140535, "step": 270, "max_steps": 931, "loss": 6.2082695960998535, "elapsed_time": 25.779479026794434, "prnt": false}
{"event": "training_step", "timestamp": 1769648851.199819, "step": 271, "max_steps": 931, "loss": 6.183588027954102, "elapsed_time": 25.86515712738037, "prnt": false}
{"event": "training_step", "timestamp": 1769648851.285394, "step": 272, "max_steps": 931, "loss": 6.231101036071777, "elapsed_time": 25.95073413848877, "prnt": false}
{"event": "training_step", "timestamp": 1769648851.3709998, "step": 273, "max_steps": 931, "loss": 6.159546375274658, "elapsed_time": 26.036372184753418, "prnt": false}
{"event": "training_step", "timestamp": 1769648851.4567127, "step": 274, "max_steps": 931, "loss": 6.174948215484619, "elapsed_time": 26.121955633163452, "prnt": false}
{"event": "training_step", "timestamp": 1769648851.5423381, "step": 275, "max_steps": 931, "loss": 6.159031391143799, "elapsed_time": 26.20773959159851, "prnt": false}
{"event": "training_step", "timestamp": 1769648851.6281276, "step": 276, "max_steps": 931, "loss": 6.138486862182617, "elapsed_time": 26.293275356292725, "prnt": false}
{"event": "training_step", "timestamp": 1769648851.713847, "step": 277, "max_steps": 931, "loss": 6.1250410079956055, "elapsed_time": 26.379178524017334, "prnt": false}
{"event": "training_step", "timestamp": 1769648851.7994397, "step": 278, "max_steps": 931, "loss": 6.109113693237305, "elapsed_time": 26.464803218841553, "prnt": false}
{"event": "training_step", "timestamp": 1769648851.884983, "step": 279, "max_steps": 931, "loss": 6.130364894866943, "elapsed_time": 26.550387144088745, "prnt": false}
{"event": "training_step", "timestamp": 1769648851.9704874, "step": 280, "max_steps": 931, "loss": 6.199889183044434, "elapsed_time": 26.63596248626709, "prnt": false}
{"event": "training_step", "timestamp": 1769648852.0563073, "step": 281, "max_steps": 931, "loss": 6.140125274658203, "elapsed_time": 26.72150444984436, "prnt": false}
{"event": "training_step", "timestamp": 1769648852.1418753, "step": 282, "max_steps": 931, "loss": 6.150094509124756, "elapsed_time": 26.807308435440063, "prnt": false}
{"event": "training_step", "timestamp": 1769648852.2275531, "step": 283, "max_steps": 931, "loss": 6.194324016571045, "elapsed_time": 26.89289927482605, "prnt": false}
{"event": "training_step", "timestamp": 1769648852.3131518, "step": 284, "max_steps": 931, "loss": 6.156345367431641, "elapsed_time": 26.97849941253662, "prnt": false}
{"event": "training_step", "timestamp": 1769648852.3988378, "step": 285, "max_steps": 931, "loss": 6.0966668128967285, "elapsed_time": 27.064098596572876, "prnt": false}
{"event": "training_step", "timestamp": 1769648852.484324, "step": 286, "max_steps": 931, "loss": 6.080083847045898, "elapsed_time": 27.149757623672485, "prnt": false}
{"event": "training_step", "timestamp": 1769648852.570318, "step": 287, "max_steps": 931, "loss": 6.171658992767334, "elapsed_time": 27.235952138900757, "prnt": false}
{"event": "training_step", "timestamp": 1769648852.655779, "step": 288, "max_steps": 931, "loss": 6.095359802246094, "elapsed_time": 27.321402549743652, "prnt": false}
{"event": "training_step", "timestamp": 1769648852.7414744, "step": 289, "max_steps": 931, "loss": 6.06982946395874, "elapsed_time": 27.406819105148315, "prnt": false}
{"event": "training_step", "timestamp": 1769648852.8267977, "step": 290, "max_steps": 931, "loss": 6.078373432159424, "elapsed_time": 27.492326498031616, "prnt": false}
{"event": "training_step", "timestamp": 1769648852.9125926, "step": 291, "max_steps": 931, "loss": 6.139071941375732, "elapsed_time": 27.57779026031494, "prnt": false}
{"event": "training_step", "timestamp": 1769648852.9982536, "step": 292, "max_steps": 931, "loss": 6.094664573669434, "elapsed_time": 27.6636061668396, "prnt": false}
{"event": "training_step", "timestamp": 1769648853.0838585, "step": 293, "max_steps": 931, "loss": 6.133405685424805, "elapsed_time": 27.74923849105835, "prnt": false}
{"event": "training_step", "timestamp": 1769648853.169609, "step": 294, "max_steps": 931, "loss": 6.089004039764404, "elapsed_time": 27.834941864013672, "prnt": false}
{"event": "training_step", "timestamp": 1769648853.2553923, "step": 295, "max_steps": 931, "loss": 6.163315773010254, "elapsed_time": 27.920604705810547, "prnt": false}
{"event": "training_step", "timestamp": 1769648853.3411028, "step": 296, "max_steps": 931, "loss": 6.079437255859375, "elapsed_time": 28.006348848342896, "prnt": false}
{"event": "training_step", "timestamp": 1769648853.4268842, "step": 297, "max_steps": 931, "loss": 6.090551853179932, "elapsed_time": 28.092264413833618, "prnt": false}
{"event": "training_step", "timestamp": 1769648853.5127044, "step": 298, "max_steps": 931, "loss": 6.066661357879639, "elapsed_time": 28.17793869972229, "prnt": false}
{"event": "training_step", "timestamp": 1769648853.5984786, "step": 299, "max_steps": 931, "loss": 6.0879130363464355, "elapsed_time": 28.263736248016357, "prnt": false}
{"event": "training_step", "timestamp": 1769648853.6840112, "step": 300, "max_steps": 931, "loss": 6.143655776977539, "elapsed_time": 28.349459409713745, "prnt": false}
{"event": "training_step", "timestamp": 1769648853.7697287, "step": 301, "max_steps": 931, "loss": 6.068614482879639, "elapsed_time": 28.43525767326355, "prnt": false}
{"event": "training_step", "timestamp": 1769648853.855456, "step": 302, "max_steps": 931, "loss": 6.0791778564453125, "elapsed_time": 28.52065420150757, "prnt": false}
{"event": "training_step", "timestamp": 1769648853.9411542, "step": 303, "max_steps": 931, "loss": 6.082611083984375, "elapsed_time": 28.60654640197754, "prnt": false}
{"event": "training_step", "timestamp": 1769648854.0267165, "step": 304, "max_steps": 931, "loss": 6.126546859741211, "elapsed_time": 28.6921329498291, "prnt": false}
{"event": "training_step", "timestamp": 1769648854.1125417, "step": 305, "max_steps": 931, "loss": 6.0738525390625, "elapsed_time": 28.777747631072998, "prnt": false}
{"event": "training_step", "timestamp": 1769648854.1982653, "step": 306, "max_steps": 931, "loss": 6.02610445022583, "elapsed_time": 28.86359477043152, "prnt": false}
{"event": "training_step", "timestamp": 1769648854.2839196, "step": 307, "max_steps": 931, "loss": 6.126900672912598, "elapsed_time": 28.949169158935547, "prnt": false}
{"event": "training_step", "timestamp": 1769648854.3695674, "step": 308, "max_steps": 931, "loss": 6.068317890167236, "elapsed_time": 29.034809350967407, "prnt": false}
{"event": "validation_step", "timestamp": 1769648854.7577698, "step": 308, "max_steps": 931, "loss": 1.354955800461128, "elapsed_time": 29.034809350967407}
{"event": "training_step", "timestamp": 1769648854.844121, "step": 309, "max_steps": 931, "loss": 6.042213439941406, "elapsed_time": 29.50954008102417, "prnt": false}
{"event": "training_step", "timestamp": 1769648854.9298522, "step": 310, "max_steps": 931, "loss": 5.993407726287842, "elapsed_time": 29.595255613327026, "prnt": false}
{"event": "training_step", "timestamp": 1769648855.0157554, "step": 311, "max_steps": 931, "loss": 6.036972999572754, "elapsed_time": 29.680981159210205, "prnt": false}
{"event": "training_step", "timestamp": 1769648855.101388, "step": 312, "max_steps": 931, "loss": 6.044860363006592, "elapsed_time": 29.766769409179688, "prnt": false}
{"event": "training_step", "timestamp": 1769648855.1869965, "step": 313, "max_steps": 931, "loss": 6.100435733795166, "elapsed_time": 29.852351903915405, "prnt": false}
{"event": "training_step", "timestamp": 1769648855.2726932, "step": 314, "max_steps": 931, "loss": 6.085237979888916, "elapsed_time": 29.93796730041504, "prnt": false}
{"event": "training_step", "timestamp": 1769648855.3585255, "step": 315, "max_steps": 931, "loss": 6.053221225738525, "elapsed_time": 30.02371644973755, "prnt": false}
{"event": "training_step", "timestamp": 1769648855.4441993, "step": 316, "max_steps": 931, "loss": 6.093385219573975, "elapsed_time": 30.109413385391235, "prnt": false}
{"event": "training_step", "timestamp": 1769648855.5301726, "step": 317, "max_steps": 931, "loss": 6.049203395843506, "elapsed_time": 30.195446252822876, "prnt": false}
{"event": "training_step", "timestamp": 1769648855.6159444, "step": 318, "max_steps": 931, "loss": 6.0777668952941895, "elapsed_time": 30.281112909317017, "prnt": false}
{"event": "training_step", "timestamp": 1769648855.7017257, "step": 319, "max_steps": 931, "loss": 6.039105415344238, "elapsed_time": 30.36702609062195, "prnt": false}
{"event": "training_step", "timestamp": 1769648855.78737, "step": 320, "max_steps": 931, "loss": 5.991409778594971, "elapsed_time": 30.452634572982788, "prnt": false}
{"event": "training_step", "timestamp": 1769648855.873139, "step": 321, "max_steps": 931, "loss": 5.988870143890381, "elapsed_time": 30.538589477539062, "prnt": false}
{"event": "training_step", "timestamp": 1769648855.958887, "step": 322, "max_steps": 931, "loss": 6.0827765464782715, "elapsed_time": 30.624176502227783, "prnt": false}
{"event": "training_step", "timestamp": 1769648856.0445585, "step": 323, "max_steps": 931, "loss": 5.986345291137695, "elapsed_time": 30.709850549697876, "prnt": false}
{"event": "training_step", "timestamp": 1769648856.1303096, "step": 324, "max_steps": 931, "loss": 5.979015350341797, "elapsed_time": 30.79555892944336, "prnt": false}
{"event": "training_step", "timestamp": 1769648856.2161114, "step": 325, "max_steps": 931, "loss": 6.020831108093262, "elapsed_time": 30.881333351135254, "prnt": false}
{"event": "training_step", "timestamp": 1769648856.301849, "step": 326, "max_steps": 931, "loss": 6.011502265930176, "elapsed_time": 30.967063188552856, "prnt": false}
{"event": "training_step", "timestamp": 1769648856.3875244, "step": 327, "max_steps": 931, "loss": 6.012977600097656, "elapsed_time": 31.052897453308105, "prnt": false}
{"event": "training_step", "timestamp": 1769648856.473195, "step": 328, "max_steps": 931, "loss": 6.026833534240723, "elapsed_time": 31.138506650924683, "prnt": false}
{"event": "training_step", "timestamp": 1769648856.559018, "step": 329, "max_steps": 931, "loss": 5.98190975189209, "elapsed_time": 31.22422218322754, "prnt": false}
{"event": "training_step", "timestamp": 1769648856.6449382, "step": 330, "max_steps": 931, "loss": 6.033148288726807, "elapsed_time": 31.310619831085205, "prnt": false}
{"event": "training_step", "timestamp": 1769648856.7309198, "step": 331, "max_steps": 931, "loss": 6.0563645362854, "elapsed_time": 31.39614772796631, "prnt": false}
{"event": "training_step", "timestamp": 1769648856.8167045, "step": 332, "max_steps": 931, "loss": 6.066677093505859, "elapsed_time": 31.48192548751831, "prnt": false}
{"event": "training_step", "timestamp": 1769648856.902583, "step": 333, "max_steps": 931, "loss": 5.977529048919678, "elapsed_time": 31.56805682182312, "prnt": false}
{"event": "training_step", "timestamp": 1769648856.9881535, "step": 334, "max_steps": 931, "loss": 5.967121601104736, "elapsed_time": 31.653542518615723, "prnt": false}
{"event": "training_step", "timestamp": 1769648857.0739422, "step": 335, "max_steps": 931, "loss": 6.023705959320068, "elapsed_time": 31.739232540130615, "prnt": false}
{"event": "training_step", "timestamp": 1769648857.1596537, "step": 336, "max_steps": 931, "loss": 5.988856315612793, "elapsed_time": 31.824897527694702, "prnt": false}
{"event": "training_step", "timestamp": 1769648857.2454205, "step": 337, "max_steps": 931, "loss": 5.961672306060791, "elapsed_time": 31.9106867313385, "prnt": false}
{"event": "training_step", "timestamp": 1769648857.33118, "step": 338, "max_steps": 931, "loss": 5.995039939880371, "elapsed_time": 31.996232986450195, "prnt": false}
{"event": "training_step", "timestamp": 1769648857.417049, "step": 339, "max_steps": 931, "loss": 5.9740753173828125, "elapsed_time": 32.082146883010864, "prnt": false}
{"event": "training_step", "timestamp": 1769648857.5027883, "step": 340, "max_steps": 931, "loss": 6.019420623779297, "elapsed_time": 32.1680474281311, "prnt": false}
{"event": "training_step", "timestamp": 1769648857.5887253, "step": 341, "max_steps": 931, "loss": 5.963196754455566, "elapsed_time": 32.25387930870056, "prnt": false}
{"event": "training_step", "timestamp": 1769648857.6745007, "step": 342, "max_steps": 931, "loss": 5.972733497619629, "elapsed_time": 32.33968257904053, "prnt": false}
{"event": "training_step", "timestamp": 1769648857.7602773, "step": 343, "max_steps": 931, "loss": 5.97158145904541, "elapsed_time": 32.42551040649414, "prnt": false}
{"event": "training_step", "timestamp": 1769648857.845942, "step": 344, "max_steps": 931, "loss": 5.990662574768066, "elapsed_time": 32.51117300987244, "prnt": false}
{"event": "training_step", "timestamp": 1769648857.9316714, "step": 345, "max_steps": 931, "loss": 6.0257744789123535, "elapsed_time": 32.59694457054138, "prnt": false}
{"event": "training_step", "timestamp": 1769648858.0173497, "step": 346, "max_steps": 931, "loss": 5.961782455444336, "elapsed_time": 32.682565689086914, "prnt": false}
{"event": "training_step", "timestamp": 1769648858.103203, "step": 347, "max_steps": 931, "loss": 5.915596961975098, "elapsed_time": 32.76836395263672, "prnt": false}
{"event": "training_step", "timestamp": 1769648858.1889539, "step": 348, "max_steps": 931, "loss": 6.002684593200684, "elapsed_time": 32.85407638549805, "prnt": false}
{"event": "training_step", "timestamp": 1769648858.2748885, "step": 349, "max_steps": 931, "loss": 5.919196605682373, "elapsed_time": 32.94004154205322, "prnt": false}
{"event": "training_step", "timestamp": 1769648858.3605855, "step": 350, "max_steps": 931, "loss": 5.910669803619385, "elapsed_time": 33.025909662246704, "prnt": false}
{"event": "training_step", "timestamp": 1769648858.4463131, "step": 351, "max_steps": 931, "loss": 5.947638511657715, "elapsed_time": 33.111597776412964, "prnt": false}
{"event": "training_step", "timestamp": 1769648858.532107, "step": 352, "max_steps": 931, "loss": 5.986487865447998, "elapsed_time": 33.19720125198364, "prnt": false}
{"event": "validation_step", "timestamp": 1769648858.9209735, "step": 352, "max_steps": 931, "loss": 1.3391803848693955, "elapsed_time": 33.19720125198364}
{"event": "training_step", "timestamp": 1769648859.0073452, "step": 353, "max_steps": 931, "loss": 5.909198760986328, "elapsed_time": 33.67282319068909, "prnt": false}
{"event": "training_step", "timestamp": 1769648859.0932431, "step": 354, "max_steps": 931, "loss": 5.926452159881592, "elapsed_time": 33.758533239364624, "prnt": false}
{"event": "training_step", "timestamp": 1769648859.179097, "step": 355, "max_steps": 931, "loss": 5.874621868133545, "elapsed_time": 33.84432291984558, "prnt": false}
{"event": "training_step", "timestamp": 1769648859.2648313, "step": 356, "max_steps": 931, "loss": 5.969931125640869, "elapsed_time": 33.930105447769165, "prnt": false}
{"event": "training_step", "timestamp": 1769648859.3506653, "step": 357, "max_steps": 931, "loss": 5.920929908752441, "elapsed_time": 34.01581072807312, "prnt": false}
{"event": "training_step", "timestamp": 1769648859.4364915, "step": 358, "max_steps": 931, "loss": 5.929431438446045, "elapsed_time": 34.10165238380432, "prnt": false}
{"event": "training_step", "timestamp": 1769648859.5222998, "step": 359, "max_steps": 931, "loss": 5.932908058166504, "elapsed_time": 34.18762493133545, "prnt": false}
{"event": "training_step", "timestamp": 1769648859.608173, "step": 360, "max_steps": 931, "loss": 5.924617290496826, "elapsed_time": 34.273442029953, "prnt": false}
{"event": "training_step", "timestamp": 1769648859.6941817, "step": 361, "max_steps": 931, "loss": 5.907229900360107, "elapsed_time": 34.3593065738678, "prnt": false}
{"event": "training_step", "timestamp": 1769648859.7799053, "step": 362, "max_steps": 931, "loss": 5.939453601837158, "elapsed_time": 34.4451949596405, "prnt": false}
{"event": "training_step", "timestamp": 1769648859.8657036, "step": 363, "max_steps": 931, "loss": 6.000699520111084, "elapsed_time": 34.531028032302856, "prnt": false}
{"event": "training_step", "timestamp": 1769648859.9515252, "step": 364, "max_steps": 931, "loss": 5.932208061218262, "elapsed_time": 34.61671042442322, "prnt": false}
{"event": "training_step", "timestamp": 1769648860.0373263, "step": 365, "max_steps": 931, "loss": 5.925813674926758, "elapsed_time": 34.702568769454956, "prnt": false}
{"event": "training_step", "timestamp": 1769648860.1229818, "step": 366, "max_steps": 931, "loss": 5.941202163696289, "elapsed_time": 34.788188457489014, "prnt": false}
{"event": "training_step", "timestamp": 1769648860.2086937, "step": 367, "max_steps": 931, "loss": 5.859256267547607, "elapsed_time": 34.87413048744202, "prnt": false}
{"event": "training_step", "timestamp": 1769648860.2945662, "step": 368, "max_steps": 931, "loss": 5.911052703857422, "elapsed_time": 34.9601833820343, "prnt": false}
{"event": "training_step", "timestamp": 1769648860.3804483, "step": 369, "max_steps": 931, "loss": 5.8784894943237305, "elapsed_time": 35.045745849609375, "prnt": false}
{"event": "training_step", "timestamp": 1769648860.4661655, "step": 370, "max_steps": 931, "loss": 5.87375020980835, "elapsed_time": 35.13155913352966, "prnt": false}
{"event": "training_step", "timestamp": 1769648860.5520396, "step": 371, "max_steps": 931, "loss": 5.876733303070068, "elapsed_time": 35.217207193374634, "prnt": false}
{"event": "training_step", "timestamp": 1769648860.638103, "step": 372, "max_steps": 931, "loss": 5.8327507972717285, "elapsed_time": 35.30377411842346, "prnt": false}
{"event": "training_step", "timestamp": 1769648860.7238617, "step": 373, "max_steps": 931, "loss": 5.903144359588623, "elapsed_time": 35.38943028450012, "prnt": false}
{"event": "training_step", "timestamp": 1769648860.8097005, "step": 374, "max_steps": 931, "loss": 5.942137241363525, "elapsed_time": 35.47495675086975, "prnt": false}
{"event": "training_step", "timestamp": 1769648860.8956783, "step": 375, "max_steps": 931, "loss": 5.91809606552124, "elapsed_time": 35.56082463264465, "prnt": false}
{"event": "training_step", "timestamp": 1769648860.9814756, "step": 376, "max_steps": 931, "loss": 5.819162845611572, "elapsed_time": 35.64674997329712, "prnt": false}
{"event": "training_step", "timestamp": 1769648861.0672765, "step": 377, "max_steps": 931, "loss": 5.86275053024292, "elapsed_time": 35.732606649398804, "prnt": false}
{"event": "training_step", "timestamp": 1769648861.1533074, "step": 378, "max_steps": 931, "loss": 5.890969753265381, "elapsed_time": 35.81828474998474, "prnt": false}
{"event": "training_step", "timestamp": 1769648861.23916, "step": 379, "max_steps": 931, "loss": 5.878154754638672, "elapsed_time": 35.90429139137268, "prnt": false}
{"event": "training_step", "timestamp": 1769648861.324945, "step": 380, "max_steps": 931, "loss": 5.853250980377197, "elapsed_time": 35.99035334587097, "prnt": false}
{"event": "training_step", "timestamp": 1769648861.4108033, "step": 381, "max_steps": 931, "loss": 5.862238883972168, "elapsed_time": 36.07609009742737, "prnt": false}
{"event": "training_step", "timestamp": 1769648861.4967375, "step": 382, "max_steps": 931, "loss": 5.923329830169678, "elapsed_time": 36.16185998916626, "prnt": false}
{"event": "training_step", "timestamp": 1769648861.5825741, "step": 383, "max_steps": 931, "loss": 5.85266637802124, "elapsed_time": 36.24790549278259, "prnt": false}
{"event": "training_step", "timestamp": 1769648861.6684601, "step": 384, "max_steps": 931, "loss": 5.849643707275391, "elapsed_time": 36.3337025642395, "prnt": false}
{"event": "training_step", "timestamp": 1769648861.7544274, "step": 385, "max_steps": 931, "loss": 5.824041366577148, "elapsed_time": 36.41944193840027, "prnt": false}
{"event": "training_step", "timestamp": 1769648861.840242, "step": 386, "max_steps": 931, "loss": 5.873902797698975, "elapsed_time": 36.505425214767456, "prnt": false}
{"event": "training_step", "timestamp": 1769648861.9260542, "step": 387, "max_steps": 931, "loss": 5.8792219161987305, "elapsed_time": 36.59126257896423, "prnt": false}
{"event": "training_step", "timestamp": 1769648862.0119433, "step": 388, "max_steps": 931, "loss": 5.890175819396973, "elapsed_time": 36.67702507972717, "prnt": false}
{"event": "training_step", "timestamp": 1769648862.0978463, "step": 389, "max_steps": 931, "loss": 5.846588611602783, "elapsed_time": 36.763047218322754, "prnt": false}
{"event": "training_step", "timestamp": 1769648862.183665, "step": 390, "max_steps": 931, "loss": 5.850607395172119, "elapsed_time": 36.84883761405945, "prnt": false}
{"event": "training_step", "timestamp": 1769648862.2697122, "step": 391, "max_steps": 931, "loss": 5.9132843017578125, "elapsed_time": 36.934809923172, "prnt": false}
{"event": "training_step", "timestamp": 1769648862.3555803, "step": 392, "max_steps": 931, "loss": 5.785307884216309, "elapsed_time": 37.020583152770996, "prnt": false}
{"event": "training_step", "timestamp": 1769648862.4413643, "step": 393, "max_steps": 931, "loss": 5.868494033813477, "elapsed_time": 37.10662269592285, "prnt": false}
{"event": "training_step", "timestamp": 1769648862.5271447, "step": 394, "max_steps": 931, "loss": 5.858212947845459, "elapsed_time": 37.1923942565918, "prnt": false}
{"event": "training_step", "timestamp": 1769648862.6131022, "step": 395, "max_steps": 931, "loss": 5.835089683532715, "elapsed_time": 37.27839970588684, "prnt": false}
{"event": "training_step", "timestamp": 1769648862.6990986, "step": 396, "max_steps": 931, "loss": 5.873532295227051, "elapsed_time": 37.36494159698486, "prnt": false}
{"event": "validation_step", "timestamp": 1769648863.0877583, "step": 396, "max_steps": 931, "loss": 1.326732905090032, "elapsed_time": 37.36494159698486}
{"event": "training_step", "timestamp": 1769648863.174022, "step": 397, "max_steps": 931, "loss": 5.842988014221191, "elapsed_time": 37.839051485061646, "prnt": false}
{"event": "training_step", "timestamp": 1769648863.2597845, "step": 398, "max_steps": 931, "loss": 5.830865859985352, "elapsed_time": 37.92499303817749, "prnt": false}
{"event": "training_step", "timestamp": 1769648863.345726, "step": 399, "max_steps": 931, "loss": 5.85872745513916, "elapsed_time": 38.01088237762451, "prnt": false}
{"event": "training_step", "timestamp": 1769648863.4316716, "step": 400, "max_steps": 931, "loss": 5.85040283203125, "elapsed_time": 38.09690284729004, "prnt": false}
{"event": "training_step", "timestamp": 1769648863.5176966, "step": 401, "max_steps": 931, "loss": 5.825459003448486, "elapsed_time": 38.18272566795349, "prnt": false}
{"event": "training_step", "timestamp": 1769648863.6036465, "step": 402, "max_steps": 931, "loss": 5.847542762756348, "elapsed_time": 38.26875638961792, "prnt": false}
{"event": "training_step", "timestamp": 1769648863.6895764, "step": 403, "max_steps": 931, "loss": 5.791561126708984, "elapsed_time": 38.35465955734253, "prnt": false}
{"event": "training_step", "timestamp": 1769648863.7756195, "step": 404, "max_steps": 931, "loss": 5.800583362579346, "elapsed_time": 38.440858364105225, "prnt": false}
{"event": "training_step", "timestamp": 1769648863.8614316, "step": 405, "max_steps": 931, "loss": 5.782459259033203, "elapsed_time": 38.52659630775452, "prnt": false}
{"event": "training_step", "timestamp": 1769648863.9475806, "step": 406, "max_steps": 931, "loss": 5.8491597175598145, "elapsed_time": 38.61247944831848, "prnt": false}
{"event": "training_step", "timestamp": 1769648864.033559, "step": 407, "max_steps": 931, "loss": 5.837939739227295, "elapsed_time": 38.69856905937195, "prnt": false}
{"event": "training_step", "timestamp": 1769648864.1194255, "step": 408, "max_steps": 931, "loss": 5.804245471954346, "elapsed_time": 38.78464341163635, "prnt": false}
{"event": "training_step", "timestamp": 1769648864.2052011, "step": 409, "max_steps": 931, "loss": 5.797635078430176, "elapsed_time": 38.87044644355774, "prnt": false}
{"event": "training_step", "timestamp": 1769648864.2912767, "step": 410, "max_steps": 931, "loss": 5.731278419494629, "elapsed_time": 38.95618033409119, "prnt": false}
{"event": "training_step", "timestamp": 1769648864.3771727, "step": 411, "max_steps": 931, "loss": 5.765076637268066, "elapsed_time": 39.04227018356323, "prnt": false}
{"event": "training_step", "timestamp": 1769648864.4631853, "step": 412, "max_steps": 931, "loss": 5.782555103302002, "elapsed_time": 39.12821865081787, "prnt": false}
{"event": "training_step", "timestamp": 1769648864.5489638, "step": 413, "max_steps": 931, "loss": 5.8280134201049805, "elapsed_time": 39.21410918235779, "prnt": false}
{"event": "training_step", "timestamp": 1769648864.635049, "step": 414, "max_steps": 931, "loss": 5.763166904449463, "elapsed_time": 39.30028700828552, "prnt": false}
{"event": "training_step", "timestamp": 1769648864.7210727, "step": 415, "max_steps": 931, "loss": 5.791586875915527, "elapsed_time": 39.38659882545471, "prnt": false}
{"event": "training_step", "timestamp": 1769648864.8071785, "step": 416, "max_steps": 931, "loss": 5.780102252960205, "elapsed_time": 39.47247123718262, "prnt": false}
{"event": "training_step", "timestamp": 1769648864.893219, "step": 417, "max_steps": 931, "loss": 5.7522053718566895, "elapsed_time": 39.5582709312439, "prnt": false}
{"event": "training_step", "timestamp": 1769648864.9791503, "step": 418, "max_steps": 931, "loss": 5.753756523132324, "elapsed_time": 39.644490480422974, "prnt": false}
{"event": "training_step", "timestamp": 1769648865.0649998, "step": 419, "max_steps": 931, "loss": 5.7745795249938965, "elapsed_time": 39.73027062416077, "prnt": false}
{"event": "training_step", "timestamp": 1769648865.1510296, "step": 420, "max_steps": 931, "loss": 5.792103290557861, "elapsed_time": 39.81600570678711, "prnt": false}
{"event": "training_step", "timestamp": 1769648865.2369525, "step": 421, "max_steps": 931, "loss": 5.763760089874268, "elapsed_time": 39.90196084976196, "prnt": false}
{"event": "training_step", "timestamp": 1769648865.3229694, "step": 422, "max_steps": 931, "loss": 5.773453712463379, "elapsed_time": 39.98800611495972, "prnt": false}
{"event": "training_step", "timestamp": 1769648865.408992, "step": 423, "max_steps": 931, "loss": 5.805356025695801, "elapsed_time": 40.07395148277283, "prnt": false}
{"event": "training_step", "timestamp": 1769648865.4949765, "step": 424, "max_steps": 931, "loss": 5.722066879272461, "elapsed_time": 40.16016864776611, "prnt": false}
{"event": "training_step", "timestamp": 1769648865.5807264, "step": 425, "max_steps": 931, "loss": 5.714217662811279, "elapsed_time": 40.245810985565186, "prnt": false}
{"event": "training_step", "timestamp": 1769648865.666833, "step": 426, "max_steps": 931, "loss": 5.804230213165283, "elapsed_time": 40.332019567489624, "prnt": false}
{"event": "training_step", "timestamp": 1769648865.752849, "step": 427, "max_steps": 931, "loss": 5.817867279052734, "elapsed_time": 40.41798973083496, "prnt": false}
{"event": "training_step", "timestamp": 1769648865.8387573, "step": 428, "max_steps": 931, "loss": 5.809056758880615, "elapsed_time": 40.50396180152893, "prnt": false}
{"event": "training_step", "timestamp": 1769648865.9247038, "step": 429, "max_steps": 931, "loss": 5.750796794891357, "elapsed_time": 40.58961820602417, "prnt": false}
{"event": "training_step", "timestamp": 1769648866.0107574, "step": 430, "max_steps": 931, "loss": 5.762354373931885, "elapsed_time": 40.676000118255615, "prnt": false}
{"event": "training_step", "timestamp": 1769648866.096571, "step": 431, "max_steps": 931, "loss": 5.724985122680664, "elapsed_time": 40.76172065734863, "prnt": false}
{"event": "training_step", "timestamp": 1769648866.182547, "step": 432, "max_steps": 931, "loss": 5.801848411560059, "elapsed_time": 40.84769105911255, "prnt": false}
{"event": "training_step", "timestamp": 1769648866.2684777, "step": 433, "max_steps": 931, "loss": 5.773584842681885, "elapsed_time": 40.93360424041748, "prnt": false}
{"event": "training_step", "timestamp": 1769648866.3544548, "step": 434, "max_steps": 931, "loss": 5.735562324523926, "elapsed_time": 41.01958632469177, "prnt": false}
{"event": "training_step", "timestamp": 1769648866.4402478, "step": 435, "max_steps": 931, "loss": 5.792164325714111, "elapsed_time": 41.105409145355225, "prnt": false}
{"event": "training_step", "timestamp": 1769648866.526144, "step": 436, "max_steps": 931, "loss": 5.754642009735107, "elapsed_time": 41.19120931625366, "prnt": false}
{"event": "training_step", "timestamp": 1769648866.61221, "step": 437, "max_steps": 931, "loss": 5.750085353851318, "elapsed_time": 41.27714800834656, "prnt": false}
{"event": "training_step", "timestamp": 1769648866.698387, "step": 438, "max_steps": 931, "loss": 5.76576566696167, "elapsed_time": 41.364046573638916, "prnt": false}
{"event": "training_step", "timestamp": 1769648866.7843277, "step": 439, "max_steps": 931, "loss": 5.769649505615234, "elapsed_time": 41.44944977760315, "prnt": false}
{"event": "training_step", "timestamp": 1769648866.8703942, "step": 440, "max_steps": 931, "loss": 5.731435775756836, "elapsed_time": 41.53535580635071, "prnt": false}
{"event": "validation_step", "timestamp": 1769648867.2595408, "step": 440, "max_steps": 931, "loss": 1.315160176419663, "elapsed_time": 41.53535580635071}
{"event": "training_step", "timestamp": 1769648867.346047, "step": 441, "max_steps": 931, "loss": 5.770936012268066, "elapsed_time": 42.01079058647156, "prnt": false}
{"event": "training_step", "timestamp": 1769648867.4321573, "step": 442, "max_steps": 931, "loss": 5.7957377433776855, "elapsed_time": 42.09707856178284, "prnt": false}
{"event": "training_step", "timestamp": 1769648867.517956, "step": 443, "max_steps": 931, "loss": 5.725006580352783, "elapsed_time": 42.18314290046692, "prnt": false}
{"event": "training_step", "timestamp": 1769648867.6038146, "step": 444, "max_steps": 931, "loss": 5.729348659515381, "elapsed_time": 42.26906609535217, "prnt": false}
{"event": "training_step", "timestamp": 1769648867.6895928, "step": 445, "max_steps": 931, "loss": 5.67094087600708, "elapsed_time": 42.35469460487366, "prnt": false}
{"event": "training_step", "timestamp": 1769648867.7755687, "step": 446, "max_steps": 931, "loss": 5.7062859535217285, "elapsed_time": 42.440653800964355, "prnt": false}
{"event": "training_step", "timestamp": 1769648867.8613443, "step": 447, "max_steps": 931, "loss": 5.683778762817383, "elapsed_time": 42.52655744552612, "prnt": false}
{"event": "training_step", "timestamp": 1769648867.9473975, "step": 448, "max_steps": 931, "loss": 5.729112148284912, "elapsed_time": 42.61234474182129, "prnt": false}
{"event": "training_step", "timestamp": 1769648868.033383, "step": 449, "max_steps": 931, "loss": 5.720592975616455, "elapsed_time": 42.698466062545776, "prnt": false}
{"event": "training_step", "timestamp": 1769648868.1192114, "step": 450, "max_steps": 931, "loss": 5.679915428161621, "elapsed_time": 42.784422397613525, "prnt": false}
{"event": "training_step", "timestamp": 1769648868.2050335, "step": 451, "max_steps": 931, "loss": 5.79096794128418, "elapsed_time": 42.8701696395874, "prnt": false}
{"event": "training_step", "timestamp": 1769648868.2911334, "step": 452, "max_steps": 931, "loss": 5.7288336753845215, "elapsed_time": 42.95619225502014, "prnt": false}
{"event": "training_step", "timestamp": 1769648868.3769836, "step": 453, "max_steps": 931, "loss": 5.7641448974609375, "elapsed_time": 43.04208827018738, "prnt": false}
{"event": "training_step", "timestamp": 1769648868.4629478, "step": 454, "max_steps": 931, "loss": 5.705297946929932, "elapsed_time": 43.12797474861145, "prnt": false}
{"event": "training_step", "timestamp": 1769648868.5488584, "step": 455, "max_steps": 931, "loss": 5.731112003326416, "elapsed_time": 43.213844537734985, "prnt": false}
{"event": "training_step", "timestamp": 1769648868.6348996, "step": 456, "max_steps": 931, "loss": 5.7144317626953125, "elapsed_time": 43.299912452697754, "prnt": false}
{"event": "training_step", "timestamp": 1769648868.7209818, "step": 457, "max_steps": 931, "loss": 5.749154567718506, "elapsed_time": 43.38688325881958, "prnt": false}
{"event": "training_step", "timestamp": 1769648868.8070004, "step": 458, "max_steps": 931, "loss": 5.7135491371154785, "elapsed_time": 43.47221374511719, "prnt": false}
{"event": "training_step", "timestamp": 1769648868.8929672, "step": 459, "max_steps": 931, "loss": 5.771236419677734, "elapsed_time": 43.557867765426636, "prnt": false}
{"event": "training_step", "timestamp": 1769648868.978888, "step": 460, "max_steps": 931, "loss": 5.719497203826904, "elapsed_time": 43.64400553703308, "prnt": false}
{"event": "training_step", "timestamp": 1769648869.0647907, "step": 461, "max_steps": 931, "loss": 5.699374198913574, "elapsed_time": 43.7298641204834, "prnt": false}
{"event": "training_step", "timestamp": 1769648869.1508243, "step": 462, "max_steps": 931, "loss": 5.67024040222168, "elapsed_time": 43.815943479537964, "prnt": false}
{"event": "training_step", "timestamp": 1769648869.2367997, "step": 463, "max_steps": 931, "loss": 5.675533771514893, "elapsed_time": 43.902276039123535, "prnt": false}
{"event": "training_step", "timestamp": 1769648869.323003, "step": 464, "max_steps": 931, "loss": 5.705225944519043, "elapsed_time": 43.98866677284241, "prnt": false}
{"event": "training_step", "timestamp": 1769648869.408886, "step": 465, "max_steps": 931, "loss": 5.661838531494141, "elapsed_time": 44.0740122795105, "prnt": false}
{"event": "training_step", "timestamp": 1769648869.4949033, "step": 466, "max_steps": 931, "loss": 5.654670715332031, "elapsed_time": 44.16006350517273, "prnt": false}
{"event": "training_step", "timestamp": 1769648869.5806894, "step": 467, "max_steps": 931, "loss": 5.678133010864258, "elapsed_time": 44.24582529067993, "prnt": false}
{"event": "training_step", "timestamp": 1769648869.6666656, "step": 468, "max_steps": 931, "loss": 5.7517547607421875, "elapsed_time": 44.33177828788757, "prnt": false}
{"event": "training_step", "timestamp": 1769648869.7526429, "step": 469, "max_steps": 931, "loss": 5.7650322914123535, "elapsed_time": 44.4176721572876, "prnt": false}
{"event": "training_step", "timestamp": 1769648869.8385801, "step": 470, "max_steps": 931, "loss": 5.647585868835449, "elapsed_time": 44.50365328788757, "prnt": false}
{"event": "training_step", "timestamp": 1769648869.9244132, "step": 471, "max_steps": 931, "loss": 5.646193027496338, "elapsed_time": 44.589539527893066, "prnt": false}
{"event": "training_step", "timestamp": 1769648870.0104809, "step": 472, "max_steps": 931, "loss": 5.688045501708984, "elapsed_time": 44.675485134124756, "prnt": false}
{"event": "training_step", "timestamp": 1769648870.0963888, "step": 473, "max_steps": 931, "loss": 5.698392391204834, "elapsed_time": 44.761467695236206, "prnt": false}
{"event": "training_step", "timestamp": 1769648870.1822872, "step": 474, "max_steps": 931, "loss": 5.640628337860107, "elapsed_time": 44.84740900993347, "prnt": false}
{"event": "training_step", "timestamp": 1769648870.2682774, "step": 475, "max_steps": 931, "loss": 5.715923309326172, "elapsed_time": 44.933271646499634, "prnt": false}
{"event": "training_step", "timestamp": 1769648870.3542588, "step": 476, "max_steps": 931, "loss": 5.667942047119141, "elapsed_time": 45.01933813095093, "prnt": false}
{"event": "training_step", "timestamp": 1769648870.4401383, "step": 477, "max_steps": 931, "loss": 5.633637428283691, "elapsed_time": 45.1053147315979, "prnt": false}
{"event": "training_step", "timestamp": 1769648870.5261166, "step": 478, "max_steps": 931, "loss": 5.722598075866699, "elapsed_time": 45.19119906425476, "prnt": false}
{"event": "training_step", "timestamp": 1769648870.6120582, "step": 479, "max_steps": 931, "loss": 5.6004533767700195, "elapsed_time": 45.277122020721436, "prnt": false}
{"event": "training_step", "timestamp": 1769648870.6981745, "step": 480, "max_steps": 931, "loss": 5.637691497802734, "elapsed_time": 45.36365842819214, "prnt": false}
{"event": "training_step", "timestamp": 1769648870.7841322, "step": 481, "max_steps": 931, "loss": 5.660277366638184, "elapsed_time": 45.44922494888306, "prnt": false}
{"event": "training_step", "timestamp": 1769648870.8702614, "step": 482, "max_steps": 931, "loss": 5.6466264724731445, "elapsed_time": 45.53537654876709, "prnt": false}
{"event": "training_step", "timestamp": 1769648870.956218, "step": 483, "max_steps": 931, "loss": 5.616886615753174, "elapsed_time": 45.62122702598572, "prnt": false}
{"event": "training_step", "timestamp": 1769648871.0421965, "step": 484, "max_steps": 931, "loss": 5.6841511726379395, "elapsed_time": 45.70721220970154, "prnt": false}
{"event": "validation_step", "timestamp": 1769648871.4308803, "step": 484, "max_steps": 931, "loss": 1.306253900639992, "elapsed_time": 45.70721220970154}
{"event": "training_step", "timestamp": 1769648871.5171232, "step": 485, "max_steps": 931, "loss": 5.663465976715088, "elapsed_time": 46.18211388587952, "prnt": false}
{"event": "training_step", "timestamp": 1769648871.6031644, "step": 486, "max_steps": 931, "loss": 5.621677875518799, "elapsed_time": 46.26846694946289, "prnt": false}
{"event": "training_step", "timestamp": 1769648871.6891499, "step": 487, "max_steps": 931, "loss": 5.715065002441406, "elapsed_time": 46.35430693626404, "prnt": false}
{"event": "training_step", "timestamp": 1769648871.7751656, "step": 488, "max_steps": 931, "loss": 5.60083532333374, "elapsed_time": 46.44021272659302, "prnt": false}
{"event": "training_step", "timestamp": 1769648871.8610787, "step": 489, "max_steps": 931, "loss": 5.6494646072387695, "elapsed_time": 46.52615976333618, "prnt": false}
{"event": "training_step", "timestamp": 1769648871.9472167, "step": 490, "max_steps": 931, "loss": 5.6624250411987305, "elapsed_time": 46.6123628616333, "prnt": false}
{"event": "training_step", "timestamp": 1769648872.03317, "step": 491, "max_steps": 931, "loss": 5.655388832092285, "elapsed_time": 46.69827842712402, "prnt": false}
{"event": "training_step", "timestamp": 1769648872.1191661, "step": 492, "max_steps": 931, "loss": 5.656611442565918, "elapsed_time": 46.78425455093384, "prnt": false}
{"event": "training_step", "timestamp": 1769648872.2050736, "step": 493, "max_steps": 931, "loss": 5.660343647003174, "elapsed_time": 46.8702347278595, "prnt": false}
{"event": "training_step", "timestamp": 1769648872.2913158, "step": 494, "max_steps": 931, "loss": 5.639091968536377, "elapsed_time": 46.95634746551514, "prnt": false}
{"event": "training_step", "timestamp": 1769648872.377206, "step": 495, "max_steps": 931, "loss": 5.63892126083374, "elapsed_time": 47.042303800582886, "prnt": false}
{"event": "training_step", "timestamp": 1769648872.4632592, "step": 496, "max_steps": 931, "loss": 5.630276679992676, "elapsed_time": 47.12836742401123, "prnt": false}
{"event": "training_step", "timestamp": 1769648872.5493064, "step": 497, "max_steps": 931, "loss": 5.710987567901611, "elapsed_time": 47.214372396469116, "prnt": false}
{"event": "training_step", "timestamp": 1769648872.6354823, "step": 498, "max_steps": 931, "loss": 5.642735958099365, "elapsed_time": 47.3005006313324, "prnt": false}
{"event": "training_step", "timestamp": 1769648872.721474, "step": 499, "max_steps": 931, "loss": 5.668389797210693, "elapsed_time": 47.387012243270874, "prnt": false}
{"event": "training_step", "timestamp": 1769648872.8075907, "step": 500, "max_steps": 931, "loss": 5.606131076812744, "elapsed_time": 47.4730269908905, "prnt": false}
{"event": "training_step", "timestamp": 1769648872.893695, "step": 501, "max_steps": 931, "loss": 5.585748672485352, "elapsed_time": 47.55860662460327, "prnt": false}
{"event": "training_step", "timestamp": 1769648872.9797487, "step": 502, "max_steps": 931, "loss": 5.635617733001709, "elapsed_time": 47.64509892463684, "prnt": false}
{"event": "training_step", "timestamp": 1769648873.0660057, "step": 503, "max_steps": 931, "loss": 5.643136978149414, "elapsed_time": 47.73078799247742, "prnt": false}
{"event": "training_step", "timestamp": 1769648873.1521149, "step": 504, "max_steps": 931, "loss": 5.65882682800293, "elapsed_time": 47.81721210479736, "prnt": false}
{"event": "training_step", "timestamp": 1769648873.2380342, "step": 505, "max_steps": 931, "loss": 5.588374137878418, "elapsed_time": 47.903106927871704, "prnt": false}
{"event": "training_step", "timestamp": 1769648873.3240721, "step": 506, "max_steps": 931, "loss": 5.548341274261475, "elapsed_time": 47.989176511764526, "prnt": false}
{"event": "training_step", "timestamp": 1769648873.410228, "step": 507, "max_steps": 931, "loss": 5.559884071350098, "elapsed_time": 48.075347661972046, "prnt": false}
{"event": "training_step", "timestamp": 1769648873.4963481, "step": 508, "max_steps": 931, "loss": 5.578935146331787, "elapsed_time": 48.16127610206604, "prnt": false}
{"event": "training_step", "timestamp": 1769648873.5822277, "step": 509, "max_steps": 931, "loss": 5.596120357513428, "elapsed_time": 48.247438192367554, "prnt": false}
{"event": "training_step", "timestamp": 1769648873.6683438, "step": 510, "max_steps": 931, "loss": 5.584271430969238, "elapsed_time": 48.33330178260803, "prnt": false}
{"event": "training_step", "timestamp": 1769648873.7543485, "step": 511, "max_steps": 931, "loss": 5.576516628265381, "elapsed_time": 48.41981077194214, "prnt": false}
{"event": "training_step", "timestamp": 1769648873.8405194, "step": 512, "max_steps": 931, "loss": 5.619222640991211, "elapsed_time": 48.50551199913025, "prnt": false}
{"event": "training_step", "timestamp": 1769648873.926257, "step": 513, "max_steps": 931, "loss": 5.605017185211182, "elapsed_time": 48.591381549835205, "prnt": false}
{"event": "training_step", "timestamp": 1769648874.0123727, "step": 514, "max_steps": 931, "loss": 5.587350368499756, "elapsed_time": 48.67734122276306, "prnt": false}
{"event": "training_step", "timestamp": 1769648874.0983286, "step": 515, "max_steps": 931, "loss": 5.629924297332764, "elapsed_time": 48.76337027549744, "prnt": false}
{"event": "training_step", "timestamp": 1769648874.1843886, "step": 516, "max_steps": 931, "loss": 5.557381629943848, "elapsed_time": 48.849339723587036, "prnt": false}
{"event": "training_step", "timestamp": 1769648874.270498, "step": 517, "max_steps": 931, "loss": 5.6055498123168945, "elapsed_time": 48.935359954833984, "prnt": false}
{"event": "training_step", "timestamp": 1769648874.3564205, "step": 518, "max_steps": 931, "loss": 5.625730037689209, "elapsed_time": 49.021547079086304, "prnt": false}
{"event": "training_step", "timestamp": 1769648874.44243, "step": 519, "max_steps": 931, "loss": 5.63768196105957, "elapsed_time": 49.10735487937927, "prnt": false}
{"event": "training_step", "timestamp": 1769648874.5285573, "step": 520, "max_steps": 931, "loss": 5.58976411819458, "elapsed_time": 49.193483114242554, "prnt": false}
{"event": "training_step", "timestamp": 1769648874.6144345, "step": 521, "max_steps": 931, "loss": 5.589571952819824, "elapsed_time": 49.27952456474304, "prnt": false}
{"event": "training_step", "timestamp": 1769648874.7004595, "step": 522, "max_steps": 931, "loss": 5.6473708152771, "elapsed_time": 49.36548399925232, "prnt": false}
{"event": "training_step", "timestamp": 1769648874.7867134, "step": 523, "max_steps": 931, "loss": 5.588589668273926, "elapsed_time": 49.4521062374115, "prnt": false}
{"event": "training_step", "timestamp": 1769648874.8728092, "step": 524, "max_steps": 931, "loss": 5.5975518226623535, "elapsed_time": 49.53800392150879, "prnt": false}
{"event": "training_step", "timestamp": 1769648874.9587257, "step": 525, "max_steps": 931, "loss": 5.585628032684326, "elapsed_time": 49.62376594543457, "prnt": false}
{"event": "training_step", "timestamp": 1769648875.0446692, "step": 526, "max_steps": 931, "loss": 5.589115142822266, "elapsed_time": 49.70983362197876, "prnt": false}
{"event": "training_step", "timestamp": 1769648875.1307313, "step": 527, "max_steps": 931, "loss": 5.5556960105896, "elapsed_time": 49.7955687046051, "prnt": false}
{"event": "training_step", "timestamp": 1769648875.2167132, "step": 528, "max_steps": 931, "loss": 5.615082740783691, "elapsed_time": 49.881993532180786, "prnt": false}
{"event": "validation_step", "timestamp": 1769648875.6062682, "step": 528, "max_steps": 931, "loss": 1.2995217885677939, "elapsed_time": 49.881993532180786}
{"event": "training_step", "timestamp": 1769648875.692616, "step": 529, "max_steps": 931, "loss": 5.548122406005859, "elapsed_time": 50.35764932632446, "prnt": false}
{"event": "training_step", "timestamp": 1769648875.7786548, "step": 530, "max_steps": 931, "loss": 5.591184139251709, "elapsed_time": 50.443589210510254, "prnt": false}
{"event": "training_step", "timestamp": 1769648875.8647292, "step": 531, "max_steps": 931, "loss": 5.568170070648193, "elapsed_time": 50.53003239631653, "prnt": false}
{"event": "training_step", "timestamp": 1769648875.9509187, "step": 532, "max_steps": 931, "loss": 5.560791969299316, "elapsed_time": 50.61600995063782, "prnt": false}
{"event": "training_step", "timestamp": 1769648876.0370204, "step": 533, "max_steps": 931, "loss": 5.602628231048584, "elapsed_time": 50.702171087265015, "prnt": false}
{"event": "training_step", "timestamp": 1769648876.123063, "step": 534, "max_steps": 931, "loss": 5.55307674407959, "elapsed_time": 50.78821396827698, "prnt": false}
{"event": "training_step", "timestamp": 1769648876.2092273, "step": 535, "max_steps": 931, "loss": 5.52390193939209, "elapsed_time": 50.874085664749146, "prnt": false}
{"event": "training_step", "timestamp": 1769648876.295171, "step": 536, "max_steps": 931, "loss": 5.574246406555176, "elapsed_time": 50.96016311645508, "prnt": false}
{"event": "training_step", "timestamp": 1769648876.381108, "step": 537, "max_steps": 931, "loss": 5.600968360900879, "elapsed_time": 51.046210289001465, "prnt": false}
{"event": "training_step", "timestamp": 1769648876.4670494, "step": 538, "max_steps": 931, "loss": 5.563797950744629, "elapsed_time": 51.13201832771301, "prnt": false}
{"event": "training_step", "timestamp": 1769648876.553145, "step": 539, "max_steps": 931, "loss": 5.549130916595459, "elapsed_time": 51.21813988685608, "prnt": false}
{"event": "training_step", "timestamp": 1769648876.639161, "step": 540, "max_steps": 931, "loss": 5.548710346221924, "elapsed_time": 51.304115533828735, "prnt": false}
{"event": "training_step", "timestamp": 1769648876.7251437, "step": 541, "max_steps": 931, "loss": 5.492599010467529, "elapsed_time": 51.39045214653015, "prnt": false}
{"event": "training_step", "timestamp": 1769648876.8113806, "step": 542, "max_steps": 931, "loss": 5.453152179718018, "elapsed_time": 51.476799964904785, "prnt": false}
{"event": "training_step", "timestamp": 1769648876.897425, "step": 543, "max_steps": 931, "loss": 5.592062473297119, "elapsed_time": 51.56265687942505, "prnt": false}
{"event": "training_step", "timestamp": 1769648876.9834082, "step": 544, "max_steps": 931, "loss": 5.5974297523498535, "elapsed_time": 51.64852523803711, "prnt": false}
{"event": "training_step", "timestamp": 1769648877.0695887, "step": 545, "max_steps": 931, "loss": 5.489538192749023, "elapsed_time": 51.73453617095947, "prnt": false}
{"event": "training_step", "timestamp": 1769648877.1554785, "step": 546, "max_steps": 931, "loss": 5.504635810852051, "elapsed_time": 51.82055735588074, "prnt": false}
{"event": "training_step", "timestamp": 1769648877.2415752, "step": 547, "max_steps": 931, "loss": 5.598759651184082, "elapsed_time": 51.9064667224884, "prnt": false}
{"event": "training_step", "timestamp": 1769648877.3275566, "step": 548, "max_steps": 931, "loss": 5.569463729858398, "elapsed_time": 51.99255347251892, "prnt": false}
{"event": "training_step", "timestamp": 1769648877.413626, "step": 549, "max_steps": 931, "loss": 5.456757068634033, "elapsed_time": 52.078861474990845, "prnt": false}
{"event": "training_step", "timestamp": 1769648877.4996521, "step": 550, "max_steps": 931, "loss": 5.590792655944824, "elapsed_time": 52.164642095565796, "prnt": false}
{"event": "training_step", "timestamp": 1769648877.5857654, "step": 551, "max_steps": 931, "loss": 5.551144599914551, "elapsed_time": 52.25066375732422, "prnt": false}
{"event": "training_step", "timestamp": 1769648877.6717482, "step": 552, "max_steps": 931, "loss": 5.503134250640869, "elapsed_time": 52.33672094345093, "prnt": false}
{"event": "training_step", "timestamp": 1769648877.7577696, "step": 553, "max_steps": 931, "loss": 5.531491279602051, "elapsed_time": 52.42291831970215, "prnt": false}
{"event": "training_step", "timestamp": 1769648877.8438468, "step": 554, "max_steps": 931, "loss": 5.602532386779785, "elapsed_time": 52.50882363319397, "prnt": false}
{"event": "training_step", "timestamp": 1769648877.9300177, "step": 555, "max_steps": 931, "loss": 5.545038223266602, "elapsed_time": 52.59508776664734, "prnt": false}
{"event": "training_step", "timestamp": 1769648878.015935, "step": 556, "max_steps": 931, "loss": 5.5183610916137695, "elapsed_time": 52.68096923828125, "prnt": false}
{"event": "training_step", "timestamp": 1769648878.1020505, "step": 557, "max_steps": 931, "loss": 5.571995258331299, "elapsed_time": 52.767122983932495, "prnt": false}
{"event": "training_step", "timestamp": 1769648878.1880927, "step": 558, "max_steps": 931, "loss": 5.450401782989502, "elapsed_time": 52.8530056476593, "prnt": false}
{"event": "training_step", "timestamp": 1769648878.2740774, "step": 559, "max_steps": 931, "loss": 5.517492294311523, "elapsed_time": 52.939122676849365, "prnt": false}
{"event": "training_step", "timestamp": 1769648878.3599234, "step": 560, "max_steps": 931, "loss": 5.537871837615967, "elapsed_time": 53.025070905685425, "prnt": false}
{"event": "training_step", "timestamp": 1769648878.4460235, "step": 561, "max_steps": 931, "loss": 5.481362819671631, "elapsed_time": 53.11101961135864, "prnt": false}
{"event": "training_step", "timestamp": 1769648878.5321035, "step": 562, "max_steps": 931, "loss": 5.477149486541748, "elapsed_time": 53.19723606109619, "prnt": false}
{"event": "training_step", "timestamp": 1769648878.6181688, "step": 563, "max_steps": 931, "loss": 5.5209760665893555, "elapsed_time": 53.28320240974426, "prnt": false}
{"event": "training_step", "timestamp": 1769648878.704465, "step": 564, "max_steps": 931, "loss": 5.451986789703369, "elapsed_time": 53.369110107421875, "prnt": false}
{"event": "training_step", "timestamp": 1769648878.7909534, "step": 565, "max_steps": 931, "loss": 5.513847827911377, "elapsed_time": 53.45684576034546, "prnt": false}
{"event": "training_step", "timestamp": 1769648878.876999, "step": 566, "max_steps": 931, "loss": 5.564883232116699, "elapsed_time": 53.54218578338623, "prnt": false}
{"event": "training_step", "timestamp": 1769648878.9630163, "step": 567, "max_steps": 931, "loss": 5.441067695617676, "elapsed_time": 53.628169536590576, "prnt": false}
{"event": "training_step", "timestamp": 1769648879.0491104, "step": 568, "max_steps": 931, "loss": 5.5287184715271, "elapsed_time": 53.714014291763306, "prnt": false}
{"event": "training_step", "timestamp": 1769648879.1351137, "step": 569, "max_steps": 931, "loss": 5.529083728790283, "elapsed_time": 53.8003625869751, "prnt": false}
{"event": "training_step", "timestamp": 1769648879.2211697, "step": 570, "max_steps": 931, "loss": 5.5105743408203125, "elapsed_time": 53.886051177978516, "prnt": false}
{"event": "training_step", "timestamp": 1769648879.3073506, "step": 571, "max_steps": 931, "loss": 5.480193138122559, "elapsed_time": 53.97237682342529, "prnt": false}
{"event": "training_step", "timestamp": 1769648879.3934011, "step": 572, "max_steps": 931, "loss": 5.4639668464660645, "elapsed_time": 54.0583062171936, "prnt": false}
{"event": "validation_step", "timestamp": 1769648879.7829635, "step": 572, "max_steps": 931, "loss": 1.2928970063474237, "elapsed_time": 54.0583062171936}
{"event": "training_step", "timestamp": 1769648879.869578, "step": 573, "max_steps": 931, "loss": 5.497008323669434, "elapsed_time": 54.53436207771301, "prnt": false}
{"event": "training_step", "timestamp": 1769648879.9555418, "step": 574, "max_steps": 931, "loss": 5.429388999938965, "elapsed_time": 54.6206316947937, "prnt": false}
{"event": "training_step", "timestamp": 1769648880.0417662, "step": 575, "max_steps": 931, "loss": 5.475471019744873, "elapsed_time": 54.706645488739014, "prnt": false}
{"event": "training_step", "timestamp": 1769648880.1279576, "step": 576, "max_steps": 931, "loss": 5.467973232269287, "elapsed_time": 54.79307246208191, "prnt": false}
{"event": "training_step", "timestamp": 1769648880.214033, "step": 577, "max_steps": 931, "loss": 5.435159206390381, "elapsed_time": 54.879000663757324, "prnt": false}
{"event": "training_step", "timestamp": 1769648880.3002508, "step": 578, "max_steps": 931, "loss": 5.450205326080322, "elapsed_time": 54.965126752853394, "prnt": false}
{"event": "training_step", "timestamp": 1769648880.3863933, "step": 579, "max_steps": 931, "loss": 5.475127696990967, "elapsed_time": 55.05127501487732, "prnt": false}
{"event": "training_step", "timestamp": 1769648880.4724247, "step": 580, "max_steps": 931, "loss": 5.480695724487305, "elapsed_time": 55.13732290267944, "prnt": false}
{"event": "training_step", "timestamp": 1769648880.5585039, "step": 581, "max_steps": 931, "loss": 5.523172855377197, "elapsed_time": 55.223459243774414, "prnt": false}
{"event": "training_step", "timestamp": 1769648880.6444132, "step": 582, "max_steps": 931, "loss": 5.461215972900391, "elapsed_time": 55.30942153930664, "prnt": false}
{"event": "training_step", "timestamp": 1769648880.7306674, "step": 583, "max_steps": 931, "loss": 5.446976661682129, "elapsed_time": 55.3956413269043, "prnt": false}
{"event": "training_step", "timestamp": 1769648880.8169777, "step": 584, "max_steps": 931, "loss": 5.510684967041016, "elapsed_time": 55.482515811920166, "prnt": false}
{"event": "training_step", "timestamp": 1769648880.9032898, "step": 585, "max_steps": 931, "loss": 5.457730293273926, "elapsed_time": 55.56844997406006, "prnt": false}
{"event": "training_step", "timestamp": 1769648880.9894285, "step": 586, "max_steps": 931, "loss": 5.436711311340332, "elapsed_time": 55.65424942970276, "prnt": false}
{"event": "training_step", "timestamp": 1769648881.0754378, "step": 587, "max_steps": 931, "loss": 5.445516109466553, "elapsed_time": 55.74054217338562, "prnt": false}
{"event": "training_step", "timestamp": 1769648881.1617074, "step": 588, "max_steps": 931, "loss": 5.469181060791016, "elapsed_time": 55.82659101486206, "prnt": false}
{"event": "training_step", "timestamp": 1769648881.247956, "step": 589, "max_steps": 931, "loss": 5.469415664672852, "elapsed_time": 55.91276264190674, "prnt": false}
{"event": "training_step", "timestamp": 1769648881.3339126, "step": 590, "max_steps": 931, "loss": 5.4601311683654785, "elapsed_time": 55.99890446662903, "prnt": false}
{"event": "training_step", "timestamp": 1769648881.4199514, "step": 591, "max_steps": 931, "loss": 5.4820051193237305, "elapsed_time": 56.0850305557251, "prnt": false}
{"event": "training_step", "timestamp": 1769648881.5060806, "step": 592, "max_steps": 931, "loss": 5.414332866668701, "elapsed_time": 56.1711699962616, "prnt": false}
{"event": "training_step", "timestamp": 1769648881.5921845, "step": 593, "max_steps": 931, "loss": 5.40749454498291, "elapsed_time": 56.257140159606934, "prnt": false}
{"event": "training_step", "timestamp": 1769648881.6782258, "step": 594, "max_steps": 931, "loss": 5.446738243103027, "elapsed_time": 56.34324622154236, "prnt": false}
{"event": "training_step", "timestamp": 1769648881.7642837, "step": 595, "max_steps": 931, "loss": 5.514317035675049, "elapsed_time": 56.429330587387085, "prnt": false}
{"event": "training_step", "timestamp": 1769648881.8504689, "step": 596, "max_steps": 931, "loss": 5.483364582061768, "elapsed_time": 56.51543688774109, "prnt": false}
{"event": "training_step", "timestamp": 1769648881.9365456, "step": 597, "max_steps": 931, "loss": 5.416674613952637, "elapsed_time": 56.60182237625122, "prnt": false}
{"event": "training_step", "timestamp": 1769648882.0226243, "step": 598, "max_steps": 931, "loss": 5.486591339111328, "elapsed_time": 56.687498807907104, "prnt": false}
{"event": "training_step", "timestamp": 1769648882.108885, "step": 599, "max_steps": 931, "loss": 5.506250381469727, "elapsed_time": 56.77385330200195, "prnt": false}
{"event": "training_step", "timestamp": 1769648882.194871, "step": 600, "max_steps": 931, "loss": 5.467357635498047, "elapsed_time": 56.85982823371887, "prnt": false}
{"event": "training_step", "timestamp": 1769648882.281026, "step": 601, "max_steps": 931, "loss": 5.461122989654541, "elapsed_time": 56.9459593296051, "prnt": false}
{"event": "training_step", "timestamp": 1769648882.3672411, "step": 602, "max_steps": 931, "loss": 5.522580623626709, "elapsed_time": 57.031968116760254, "prnt": false}
{"event": "training_step", "timestamp": 1769648882.4532628, "step": 603, "max_steps": 931, "loss": 5.43196439743042, "elapsed_time": 57.11825680732727, "prnt": false}
{"event": "training_step", "timestamp": 1769648882.539374, "step": 604, "max_steps": 931, "loss": 5.504668235778809, "elapsed_time": 57.2043821811676, "prnt": false}
{"event": "training_step", "timestamp": 1769648882.6256347, "step": 605, "max_steps": 931, "loss": 5.4986982345581055, "elapsed_time": 57.290555238723755, "prnt": false}
{"event": "training_step", "timestamp": 1769648882.7119024, "step": 606, "max_steps": 931, "loss": 5.451683044433594, "elapsed_time": 57.37670564651489, "prnt": false}
{"event": "training_step", "timestamp": 1769648882.7981753, "step": 607, "max_steps": 931, "loss": 5.478001117706299, "elapsed_time": 57.46374011039734, "prnt": false}
{"event": "training_step", "timestamp": 1769648882.884179, "step": 608, "max_steps": 931, "loss": 5.485507011413574, "elapsed_time": 57.54922294616699, "prnt": false}
{"event": "training_step", "timestamp": 1769648882.970356, "step": 609, "max_steps": 931, "loss": 5.433619499206543, "elapsed_time": 57.63524556159973, "prnt": false}
{"event": "training_step", "timestamp": 1769648883.0563307, "step": 610, "max_steps": 931, "loss": 5.460927486419678, "elapsed_time": 57.72134613990784, "prnt": false}
{"event": "training_step", "timestamp": 1769648883.1427372, "step": 611, "max_steps": 931, "loss": 5.391162395477295, "elapsed_time": 57.807512044906616, "prnt": false}
{"event": "training_step", "timestamp": 1769648883.2289913, "step": 612, "max_steps": 931, "loss": 5.467106342315674, "elapsed_time": 57.893680572509766, "prnt": false}
{"event": "training_step", "timestamp": 1769648883.3150856, "step": 613, "max_steps": 931, "loss": 5.463454723358154, "elapsed_time": 57.98027777671814, "prnt": false}
{"event": "training_step", "timestamp": 1769648883.401108, "step": 614, "max_steps": 931, "loss": 5.391909599304199, "elapsed_time": 58.066025733947754, "prnt": false}
{"event": "training_step", "timestamp": 1769648883.487332, "step": 615, "max_steps": 931, "loss": 5.455686569213867, "elapsed_time": 58.15235757827759, "prnt": false}
{"event": "training_step", "timestamp": 1769648883.573324, "step": 616, "max_steps": 931, "loss": 5.356344699859619, "elapsed_time": 58.238215923309326, "prnt": false}
{"event": "validation_step", "timestamp": 1769648883.9631016, "step": 616, "max_steps": 931, "loss": 1.288789045069427, "elapsed_time": 58.238215923309326}
{"event": "training_step", "timestamp": 1769648884.049602, "step": 617, "max_steps": 931, "loss": 5.45242977142334, "elapsed_time": 58.71461296081543, "prnt": false}
{"event": "training_step", "timestamp": 1769648884.135631, "step": 618, "max_steps": 931, "loss": 5.449710845947266, "elapsed_time": 58.80063819885254, "prnt": false}
{"event": "training_step", "timestamp": 1769648884.2219677, "step": 619, "max_steps": 931, "loss": 5.38031530380249, "elapsed_time": 58.886767864227295, "prnt": false}
{"event": "training_step", "timestamp": 1769648884.3082094, "step": 620, "max_steps": 931, "loss": 5.427800178527832, "elapsed_time": 58.972978830337524, "prnt": false}
{"event": "training_step", "timestamp": 1769648884.3942726, "step": 621, "max_steps": 931, "loss": 5.485170364379883, "elapsed_time": 59.05934524536133, "prnt": false}
{"event": "training_step", "timestamp": 1769648884.4803376, "step": 622, "max_steps": 931, "loss": 5.454099655151367, "elapsed_time": 59.14543151855469, "prnt": false}
{"event": "training_step", "timestamp": 1769648884.5666575, "step": 623, "max_steps": 931, "loss": 5.453540802001953, "elapsed_time": 59.23144888877869, "prnt": false}
{"event": "training_step", "timestamp": 1769648884.6527603, "step": 624, "max_steps": 931, "loss": 5.471391201019287, "elapsed_time": 59.3175790309906, "prnt": false}
{"event": "training_step", "timestamp": 1769648884.7389104, "step": 625, "max_steps": 931, "loss": 5.397477626800537, "elapsed_time": 59.403831005096436, "prnt": false}
{"event": "training_step", "timestamp": 1769648884.825367, "step": 626, "max_steps": 931, "loss": 5.425919532775879, "elapsed_time": 59.49077367782593, "prnt": false}
{"event": "training_step", "timestamp": 1769648884.9115925, "step": 627, "max_steps": 931, "loss": 5.385584354400635, "elapsed_time": 59.576679944992065, "prnt": false}
{"event": "training_step", "timestamp": 1769648884.997691, "step": 628, "max_steps": 931, "loss": 5.425268173217773, "elapsed_time": 59.66274070739746, "prnt": false}
{"event": "training_step", "timestamp": 1769648885.0840454, "step": 629, "max_steps": 931, "loss": 5.425034046173096, "elapsed_time": 59.74888801574707, "prnt": false}
{"event": "training_step", "timestamp": 1769648885.170097, "step": 630, "max_steps": 931, "loss": 5.444441795349121, "elapsed_time": 59.83499240875244, "prnt": false}
{"event": "training_step", "timestamp": 1769648885.2562401, "step": 631, "max_steps": 931, "loss": 5.3752593994140625, "elapsed_time": 59.92119646072388, "prnt": false}
{"event": "training_step", "timestamp": 1769648885.3425941, "step": 632, "max_steps": 931, "loss": 5.382061958312988, "elapsed_time": 60.00731372833252, "prnt": false}
{"event": "training_step", "timestamp": 1769648885.4290655, "step": 633, "max_steps": 931, "loss": 5.434157848358154, "elapsed_time": 60.09457349777222, "prnt": false}
{"event": "training_step", "timestamp": 1769648885.5151596, "step": 634, "max_steps": 931, "loss": 5.434558868408203, "elapsed_time": 60.18018102645874, "prnt": false}
{"event": "training_step", "timestamp": 1769648885.6013596, "step": 635, "max_steps": 931, "loss": 5.425615310668945, "elapsed_time": 60.2663140296936, "prnt": false}
{"event": "training_step", "timestamp": 1769648885.687688, "step": 636, "max_steps": 931, "loss": 5.360073566436768, "elapsed_time": 60.352731704711914, "prnt": false}
{"event": "training_step", "timestamp": 1769648885.7737978, "step": 637, "max_steps": 931, "loss": 5.437427997589111, "elapsed_time": 60.43885111808777, "prnt": false}
{"event": "training_step", "timestamp": 1769648885.8598626, "step": 638, "max_steps": 931, "loss": 5.366630554199219, "elapsed_time": 60.524794578552246, "prnt": false}
{"event": "training_step", "timestamp": 1769648885.9462125, "step": 639, "max_steps": 931, "loss": 5.43402624130249, "elapsed_time": 60.610865354537964, "prnt": false}
{"event": "training_step", "timestamp": 1769648886.032282, "step": 640, "max_steps": 931, "loss": 5.367766380310059, "elapsed_time": 60.69717001914978, "prnt": false}
{"event": "training_step", "timestamp": 1769648886.1183667, "step": 641, "max_steps": 931, "loss": 5.359213829040527, "elapsed_time": 60.783344745635986, "prnt": false}
{"event": "training_step", "timestamp": 1769648886.2046378, "step": 642, "max_steps": 931, "loss": 5.383092880249023, "elapsed_time": 60.86957836151123, "prnt": false}
{"event": "training_step", "timestamp": 1769648886.2908158, "step": 643, "max_steps": 931, "loss": 5.433300495147705, "elapsed_time": 60.95575523376465, "prnt": false}
{"event": "training_step", "timestamp": 1769648886.3769288, "step": 644, "max_steps": 931, "loss": 5.302560806274414, "elapsed_time": 61.041691064834595, "prnt": false}
{"event": "training_step", "timestamp": 1769648886.4632463, "step": 645, "max_steps": 931, "loss": 5.366777420043945, "elapsed_time": 61.128056049346924, "prnt": false}
{"event": "training_step", "timestamp": 1769648886.5494003, "step": 646, "max_steps": 931, "loss": 5.434700965881348, "elapsed_time": 61.21419882774353, "prnt": false}
{"event": "training_step", "timestamp": 1769648886.6355126, "step": 647, "max_steps": 931, "loss": 5.3598761558532715, "elapsed_time": 61.30040907859802, "prnt": false}
{"event": "training_step", "timestamp": 1769648886.7216299, "step": 648, "max_steps": 931, "loss": 5.459716796875, "elapsed_time": 61.38652801513672, "prnt": false}
{"event": "training_step", "timestamp": 1769648886.8078208, "step": 649, "max_steps": 931, "loss": 5.398922920227051, "elapsed_time": 61.47279071807861, "prnt": false}
{"event": "training_step", "timestamp": 1769648886.8939795, "step": 650, "max_steps": 931, "loss": 5.372494697570801, "elapsed_time": 61.5594699382782, "prnt": false}
{"event": "training_step", "timestamp": 1769648886.9802325, "step": 651, "max_steps": 931, "loss": 5.343926906585693, "elapsed_time": 61.64512825012207, "prnt": false}
{"event": "training_step", "timestamp": 1769648887.0663884, "step": 652, "max_steps": 931, "loss": 5.36691427230835, "elapsed_time": 61.731154441833496, "prnt": false}
{"event": "training_step", "timestamp": 1769648887.1524878, "step": 653, "max_steps": 931, "loss": 5.389194965362549, "elapsed_time": 61.817413091659546, "prnt": false}
{"event": "training_step", "timestamp": 1769648887.2386644, "step": 654, "max_steps": 931, "loss": 5.423509120941162, "elapsed_time": 61.903422832489014, "prnt": false}
{"event": "training_step", "timestamp": 1769648887.3251226, "step": 655, "max_steps": 931, "loss": 5.335877895355225, "elapsed_time": 61.989816427230835, "prnt": false}
{"event": "training_step", "timestamp": 1769648887.4114063, "step": 656, "max_steps": 931, "loss": 5.351304531097412, "elapsed_time": 62.07606792449951, "prnt": false}
{"event": "training_step", "timestamp": 1769648887.4975615, "step": 657, "max_steps": 931, "loss": 5.355532169342041, "elapsed_time": 62.16262865066528, "prnt": false}
{"event": "training_step", "timestamp": 1769648887.5836768, "step": 658, "max_steps": 931, "loss": 5.4106245040893555, "elapsed_time": 62.2485773563385, "prnt": false}
{"event": "training_step", "timestamp": 1769648887.6699033, "step": 659, "max_steps": 931, "loss": 5.345301628112793, "elapsed_time": 62.33488655090332, "prnt": false}
{"event": "training_step", "timestamp": 1769648887.756002, "step": 660, "max_steps": 931, "loss": 5.343770503997803, "elapsed_time": 62.42082381248474, "prnt": false}
{"event": "validation_step", "timestamp": 1769648888.1460142, "step": 660, "max_steps": 931, "loss": 1.285318647279729, "elapsed_time": 62.42082381248474}
{"event": "training_step", "timestamp": 1769648888.232519, "step": 661, "max_steps": 931, "loss": 5.336400032043457, "elapsed_time": 62.89725947380066, "prnt": false}
{"event": "training_step", "timestamp": 1769648888.3186557, "step": 662, "max_steps": 931, "loss": 5.427241325378418, "elapsed_time": 62.98345422744751, "prnt": false}
{"event": "training_step", "timestamp": 1769648888.40498, "step": 663, "max_steps": 931, "loss": 5.349273204803467, "elapsed_time": 63.069762229919434, "prnt": false}
{"event": "training_step", "timestamp": 1769648888.491116, "step": 664, "max_steps": 931, "loss": 5.364188194274902, "elapsed_time": 63.15590286254883, "prnt": false}
{"event": "training_step", "timestamp": 1769648888.5772626, "step": 665, "max_steps": 931, "loss": 5.341991901397705, "elapsed_time": 63.242149353027344, "prnt": false}
{"event": "training_step", "timestamp": 1769648888.6636212, "step": 666, "max_steps": 931, "loss": 5.38041353225708, "elapsed_time": 63.32843351364136, "prnt": false}
{"event": "training_step", "timestamp": 1769648888.7497203, "step": 667, "max_steps": 931, "loss": 5.346538543701172, "elapsed_time": 63.41472625732422, "prnt": false}
{"event": "training_step", "timestamp": 1769648888.8359442, "step": 668, "max_steps": 931, "loss": 5.284908771514893, "elapsed_time": 63.50091361999512, "prnt": false}
{"event": "training_step", "timestamp": 1769648888.9221048, "step": 669, "max_steps": 931, "loss": 5.388948440551758, "elapsed_time": 63.58729577064514, "prnt": false}
{"event": "training_step", "timestamp": 1769648889.0083547, "step": 670, "max_steps": 931, "loss": 5.416785717010498, "elapsed_time": 63.67342734336853, "prnt": false}
{"event": "training_step", "timestamp": 1769648889.0943754, "step": 671, "max_steps": 931, "loss": 5.379688262939453, "elapsed_time": 63.7593457698822, "prnt": false}
{"event": "training_step", "timestamp": 1769648889.180892, "step": 672, "max_steps": 931, "loss": 5.39763069152832, "elapsed_time": 63.84568929672241, "prnt": false}
{"event": "training_step", "timestamp": 1769648889.2670708, "step": 673, "max_steps": 931, "loss": 5.353513240814209, "elapsed_time": 63.93186092376709, "prnt": false}
{"event": "training_step", "timestamp": 1769648889.353206, "step": 674, "max_steps": 931, "loss": 5.33554744720459, "elapsed_time": 64.01811480522156, "prnt": false}
{"event": "training_step", "timestamp": 1769648889.4392729, "step": 675, "max_steps": 931, "loss": 5.360882759094238, "elapsed_time": 64.10437345504761, "prnt": false}
{"event": "training_step", "timestamp": 1769648889.5256243, "step": 676, "max_steps": 931, "loss": 5.324087619781494, "elapsed_time": 64.19049668312073, "prnt": false}
{"event": "training_step", "timestamp": 1769648889.6116486, "step": 677, "max_steps": 931, "loss": 5.320281982421875, "elapsed_time": 64.27658081054688, "prnt": false}
{"event": "training_step", "timestamp": 1769648889.6979344, "step": 678, "max_steps": 931, "loss": 5.327834129333496, "elapsed_time": 64.36298775672913, "prnt": false}
{"event": "training_step", "timestamp": 1769648889.7842004, "step": 679, "max_steps": 931, "loss": 5.306893825531006, "elapsed_time": 64.4493956565857, "prnt": false}
{"event": "training_step", "timestamp": 1769648889.8705034, "step": 680, "max_steps": 931, "loss": 5.368910312652588, "elapsed_time": 64.5357563495636, "prnt": false}
{"event": "training_step", "timestamp": 1769648889.9565804, "step": 681, "max_steps": 931, "loss": 5.370804309844971, "elapsed_time": 64.62169742584229, "prnt": false}
{"event": "training_step", "timestamp": 1769648890.0427864, "step": 682, "max_steps": 931, "loss": 5.3199615478515625, "elapsed_time": 64.70778346061707, "prnt": false}
{"event": "training_step", "timestamp": 1769648890.1289248, "step": 683, "max_steps": 931, "loss": 5.3671746253967285, "elapsed_time": 64.79376316070557, "prnt": false}
{"event": "training_step", "timestamp": 1769648890.2151756, "step": 684, "max_steps": 931, "loss": 5.345510959625244, "elapsed_time": 64.88023114204407, "prnt": false}
{"event": "training_step", "timestamp": 1769648890.3012807, "step": 685, "max_steps": 931, "loss": 5.281035423278809, "elapsed_time": 64.9665002822876, "prnt": false}
{"event": "training_step", "timestamp": 1769648890.3875527, "step": 686, "max_steps": 931, "loss": 5.265407085418701, "elapsed_time": 65.05234003067017, "prnt": false}
{"event": "training_step", "timestamp": 1769648890.4736311, "step": 687, "max_steps": 931, "loss": 5.290813446044922, "elapsed_time": 65.13880944252014, "prnt": false}
{"event": "training_step", "timestamp": 1769648890.5599642, "step": 688, "max_steps": 931, "loss": 5.3262939453125, "elapsed_time": 65.22476530075073, "prnt": false}
{"event": "training_step", "timestamp": 1769648890.6461256, "step": 689, "max_steps": 931, "loss": 5.328240394592285, "elapsed_time": 65.3109622001648, "prnt": false}
{"event": "training_step", "timestamp": 1769648890.7322695, "step": 690, "max_steps": 931, "loss": 5.278264045715332, "elapsed_time": 65.397141456604, "prnt": false}
{"event": "training_step", "timestamp": 1769648890.8183641, "step": 691, "max_steps": 931, "loss": 5.3261919021606445, "elapsed_time": 65.48352241516113, "prnt": false}
{"event": "training_step", "timestamp": 1769648890.904854, "step": 692, "max_steps": 931, "loss": 5.290006637573242, "elapsed_time": 65.57003927230835, "prnt": false}
{"event": "training_step", "timestamp": 1769648890.9909337, "step": 693, "max_steps": 931, "loss": 5.300182819366455, "elapsed_time": 65.65592408180237, "prnt": false}
{"event": "training_step", "timestamp": 1769648891.0771582, "step": 694, "max_steps": 931, "loss": 5.342588901519775, "elapsed_time": 65.74217104911804, "prnt": false}
{"event": "training_step", "timestamp": 1769648891.163234, "step": 695, "max_steps": 931, "loss": 5.38142728805542, "elapsed_time": 65.82788133621216, "prnt": false}
{"event": "training_step", "timestamp": 1769648891.2494745, "step": 696, "max_steps": 931, "loss": 5.400911808013916, "elapsed_time": 65.9141480922699, "prnt": false}
{"event": "training_step", "timestamp": 1769648891.3356988, "step": 697, "max_steps": 931, "loss": 5.322814464569092, "elapsed_time": 66.00047969818115, "prnt": false}
{"event": "training_step", "timestamp": 1769648891.4218688, "step": 698, "max_steps": 931, "loss": 5.28336763381958, "elapsed_time": 66.08684420585632, "prnt": false}
{"event": "training_step", "timestamp": 1769648891.5081654, "step": 699, "max_steps": 931, "loss": 5.337736129760742, "elapsed_time": 66.17301201820374, "prnt": false}
{"event": "training_step", "timestamp": 1769648891.5943804, "step": 700, "max_steps": 931, "loss": 5.305004119873047, "elapsed_time": 66.25920462608337, "prnt": false}
{"event": "training_step", "timestamp": 1769648891.680535, "step": 701, "max_steps": 931, "loss": 5.365779876708984, "elapsed_time": 66.34547400474548, "prnt": false}
{"event": "training_step", "timestamp": 1769648891.766784, "step": 702, "max_steps": 931, "loss": 5.359645366668701, "elapsed_time": 66.43143701553345, "prnt": false}
{"event": "training_step", "timestamp": 1769648891.8528492, "step": 703, "max_steps": 931, "loss": 5.395795822143555, "elapsed_time": 66.51763343811035, "prnt": false}
{"event": "training_step", "timestamp": 1769648891.9391613, "step": 704, "max_steps": 931, "loss": 5.318706512451172, "elapsed_time": 66.60370421409607, "prnt": false}
{"event": "validation_step", "timestamp": 1769648892.3292985, "step": 704, "max_steps": 931, "loss": 1.283563688852964, "elapsed_time": 66.60370421409607}
{"event": "training_step", "timestamp": 1769648892.4159713, "step": 705, "max_steps": 931, "loss": 5.319106578826904, "elapsed_time": 67.08028888702393, "prnt": false}
{"event": "training_step", "timestamp": 1769648892.5022833, "step": 706, "max_steps": 931, "loss": 5.2955098152160645, "elapsed_time": 67.16696310043335, "prnt": false}
{"event": "training_step", "timestamp": 1769648892.5884097, "step": 707, "max_steps": 931, "loss": 5.315709114074707, "elapsed_time": 67.25305938720703, "prnt": false}
{"event": "training_step", "timestamp": 1769648892.6746492, "step": 708, "max_steps": 931, "loss": 5.330053329467773, "elapsed_time": 67.33956503868103, "prnt": false}
{"event": "training_step", "timestamp": 1769648892.7608259, "step": 709, "max_steps": 931, "loss": 5.375365734100342, "elapsed_time": 67.42542099952698, "prnt": false}
{"event": "training_step", "timestamp": 1769648892.8472292, "step": 710, "max_steps": 931, "loss": 5.321603298187256, "elapsed_time": 67.51215767860413, "prnt": false}
{"event": "training_step", "timestamp": 1769648892.9333825, "step": 711, "max_steps": 931, "loss": 5.313090801239014, "elapsed_time": 67.59855318069458, "prnt": false}
{"event": "training_step", "timestamp": 1769648893.0196815, "step": 712, "max_steps": 931, "loss": 5.254268169403076, "elapsed_time": 67.68432760238647, "prnt": false}
{"event": "training_step", "timestamp": 1769648893.105878, "step": 713, "max_steps": 931, "loss": 5.334169387817383, "elapsed_time": 67.77054738998413, "prnt": false}
{"event": "training_step", "timestamp": 1769648893.1920044, "step": 714, "max_steps": 931, "loss": 5.357572078704834, "elapsed_time": 67.85671424865723, "prnt": false}
{"event": "training_step", "timestamp": 1769648893.2782912, "step": 715, "max_steps": 931, "loss": 5.300360202789307, "elapsed_time": 67.94278120994568, "prnt": false}
{"event": "training_step", "timestamp": 1769648893.3645988, "step": 716, "max_steps": 931, "loss": 5.3193678855896, "elapsed_time": 68.02915906906128, "prnt": false}
{"event": "training_step", "timestamp": 1769648893.4506493, "step": 717, "max_steps": 931, "loss": 5.328625202178955, "elapsed_time": 68.11537051200867, "prnt": false}
{"event": "training_step", "timestamp": 1769648893.536833, "step": 718, "max_steps": 931, "loss": 5.266483306884766, "elapsed_time": 68.20146179199219, "prnt": false}
{"event": "training_step", "timestamp": 1769648893.622946, "step": 719, "max_steps": 931, "loss": 5.262784004211426, "elapsed_time": 68.2877779006958, "prnt": false}
{"event": "training_step", "timestamp": 1769648893.7091906, "step": 720, "max_steps": 931, "loss": 5.307529926300049, "elapsed_time": 68.3738911151886, "prnt": false}
{"event": "training_step", "timestamp": 1769648893.7952769, "step": 721, "max_steps": 931, "loss": 5.285359859466553, "elapsed_time": 68.46011853218079, "prnt": false}
{"event": "training_step", "timestamp": 1769648893.8815389, "step": 722, "max_steps": 931, "loss": 5.330289840698242, "elapsed_time": 68.54618787765503, "prnt": false}
{"event": "training_step", "timestamp": 1769648893.9677536, "step": 723, "max_steps": 931, "loss": 5.2625346183776855, "elapsed_time": 68.6322762966156, "prnt": false}
{"event": "training_step", "timestamp": 1769648894.0539901, "step": 724, "max_steps": 931, "loss": 5.292675495147705, "elapsed_time": 68.71861791610718, "prnt": false}
{"event": "training_step", "timestamp": 1769648894.1400948, "step": 725, "max_steps": 931, "loss": 5.371807098388672, "elapsed_time": 68.80475521087646, "prnt": false}
{"event": "training_step", "timestamp": 1769648894.2263076, "step": 726, "max_steps": 931, "loss": 5.332421779632568, "elapsed_time": 68.89092898368835, "prnt": false}
{"event": "training_step", "timestamp": 1769648894.3124518, "step": 727, "max_steps": 931, "loss": 5.324204444885254, "elapsed_time": 68.97739171981812, "prnt": false}
{"event": "training_step", "timestamp": 1769648894.3986888, "step": 728, "max_steps": 931, "loss": 5.283815860748291, "elapsed_time": 69.06331300735474, "prnt": false}
{"event": "training_step", "timestamp": 1769648894.4848502, "step": 729, "max_steps": 931, "loss": 5.329082489013672, "elapsed_time": 69.14944505691528, "prnt": false}
{"event": "training_step", "timestamp": 1769648894.57123, "step": 730, "max_steps": 931, "loss": 5.347978591918945, "elapsed_time": 69.23570990562439, "prnt": false}
{"event": "training_step", "timestamp": 1769648894.6575909, "step": 731, "max_steps": 931, "loss": 5.293720245361328, "elapsed_time": 69.32248449325562, "prnt": false}
{"event": "training_step", "timestamp": 1769648894.7439692, "step": 732, "max_steps": 931, "loss": 5.307680606842041, "elapsed_time": 69.40891981124878, "prnt": false}
{"event": "training_step", "timestamp": 1769648894.8300269, "step": 733, "max_steps": 931, "loss": 5.3037848472595215, "elapsed_time": 69.49512600898743, "prnt": false}
{"event": "training_step", "timestamp": 1769648894.9163597, "step": 734, "max_steps": 931, "loss": 5.227809429168701, "elapsed_time": 69.58185458183289, "prnt": false}
{"event": "training_step", "timestamp": 1769648895.0026278, "step": 735, "max_steps": 931, "loss": 5.362818717956543, "elapsed_time": 69.66765999794006, "prnt": false}
{"event": "training_step", "timestamp": 1769648895.0889108, "step": 736, "max_steps": 931, "loss": 5.258362293243408, "elapsed_time": 69.75394797325134, "prnt": false}
{"event": "training_step", "timestamp": 1769648895.1749418, "step": 737, "max_steps": 931, "loss": 5.314630508422852, "elapsed_time": 69.84000492095947, "prnt": false}
{"event": "training_step", "timestamp": 1769648895.261452, "step": 738, "max_steps": 931, "loss": 5.340510845184326, "elapsed_time": 69.92648935317993, "prnt": false}
{"event": "training_step", "timestamp": 1769648895.347626, "step": 739, "max_steps": 931, "loss": 5.314493656158447, "elapsed_time": 70.01241326332092, "prnt": false}
{"event": "training_step", "timestamp": 1769648895.4338412, "step": 740, "max_steps": 931, "loss": 5.280113697052002, "elapsed_time": 70.09878706932068, "prnt": false}
{"event": "training_step", "timestamp": 1769648895.520001, "step": 741, "max_steps": 931, "loss": 5.32679557800293, "elapsed_time": 70.18479752540588, "prnt": false}
{"event": "training_step", "timestamp": 1769648895.6062267, "step": 742, "max_steps": 931, "loss": 5.18631649017334, "elapsed_time": 70.27109122276306, "prnt": false}
{"event": "training_step", "timestamp": 1769648895.6924584, "step": 743, "max_steps": 931, "loss": 5.328978061676025, "elapsed_time": 70.35724639892578, "prnt": false}
{"event": "training_step", "timestamp": 1769648895.7788687, "step": 744, "max_steps": 931, "loss": 5.380876064300537, "elapsed_time": 70.44364190101624, "prnt": false}
{"event": "training_step", "timestamp": 1769648895.8650367, "step": 745, "max_steps": 931, "loss": 5.324436664581299, "elapsed_time": 70.53000211715698, "prnt": false}
{"event": "training_step", "timestamp": 1769648895.951159, "step": 746, "max_steps": 931, "loss": 5.230011940002441, "elapsed_time": 70.61611366271973, "prnt": false}
{"event": "training_step", "timestamp": 1769648896.0372152, "step": 747, "max_steps": 931, "loss": 5.311397552490234, "elapsed_time": 70.70203804969788, "prnt": false}
{"event": "training_step", "timestamp": 1769648896.1235044, "step": 748, "max_steps": 931, "loss": 5.358529090881348, "elapsed_time": 70.78814673423767, "prnt": false}
{"event": "validation_step", "timestamp": 1769648896.5137043, "step": 748, "max_steps": 931, "loss": 1.2813503722701671, "elapsed_time": 70.78814673423767}
{"event": "training_step", "timestamp": 1769648896.600272, "step": 749, "max_steps": 931, "loss": 5.32310152053833, "elapsed_time": 71.26502728462219, "prnt": false}
{"event": "training_step", "timestamp": 1769648896.6865253, "step": 750, "max_steps": 931, "loss": 5.346905708312988, "elapsed_time": 71.35150218009949, "prnt": false}
{"event": "training_step", "timestamp": 1769648896.7725978, "step": 751, "max_steps": 931, "loss": 5.323418140411377, "elapsed_time": 71.43744206428528, "prnt": false}
{"event": "training_step", "timestamp": 1769648896.8588886, "step": 752, "max_steps": 931, "loss": 5.3187432289123535, "elapsed_time": 71.52386617660522, "prnt": false}
{"event": "training_step", "timestamp": 1769648896.945248, "step": 753, "max_steps": 931, "loss": 5.300905704498291, "elapsed_time": 71.61040210723877, "prnt": false}
{"event": "training_step", "timestamp": 1769648897.031553, "step": 754, "max_steps": 931, "loss": 5.225347518920898, "elapsed_time": 71.6967134475708, "prnt": false}
{"event": "training_step", "timestamp": 1769648897.1177168, "step": 755, "max_steps": 931, "loss": 5.285264492034912, "elapsed_time": 71.78270030021667, "prnt": false}
{"event": "training_step", "timestamp": 1769648897.2040474, "step": 756, "max_steps": 931, "loss": 5.3370361328125, "elapsed_time": 71.86884546279907, "prnt": false}
{"event": "training_step", "timestamp": 1769648897.2901032, "step": 757, "max_steps": 931, "loss": 5.304770469665527, "elapsed_time": 71.95493149757385, "prnt": false}
{"event": "training_step", "timestamp": 1769648897.3764067, "step": 758, "max_steps": 931, "loss": 5.306058883666992, "elapsed_time": 72.04113459587097, "prnt": false}
{"event": "training_step", "timestamp": 1769648897.4626548, "step": 759, "max_steps": 931, "loss": 5.3099751472473145, "elapsed_time": 72.12743520736694, "prnt": false}
{"event": "training_step", "timestamp": 1769648897.548831, "step": 760, "max_steps": 931, "loss": 5.339261054992676, "elapsed_time": 72.21373224258423, "prnt": false}
{"event": "training_step", "timestamp": 1769648897.6349776, "step": 761, "max_steps": 931, "loss": 5.250375270843506, "elapsed_time": 72.29994058609009, "prnt": false}
{"event": "training_step", "timestamp": 1769648897.721225, "step": 762, "max_steps": 931, "loss": 5.280379772186279, "elapsed_time": 72.38613963127136, "prnt": false}
{"event": "training_step", "timestamp": 1769648897.8073807, "step": 763, "max_steps": 931, "loss": 5.225573539733887, "elapsed_time": 72.47224187850952, "prnt": false}
{"event": "training_step", "timestamp": 1769648897.8936229, "step": 764, "max_steps": 931, "loss": 5.253976345062256, "elapsed_time": 72.55843138694763, "prnt": false}
{"event": "training_step", "timestamp": 1769648897.9798014, "step": 765, "max_steps": 931, "loss": 5.1923909187316895, "elapsed_time": 72.64455962181091, "prnt": false}
{"event": "training_step", "timestamp": 1769648898.06613, "step": 766, "max_steps": 931, "loss": 5.300753593444824, "elapsed_time": 72.73088145256042, "prnt": false}
{"event": "training_step", "timestamp": 1769648898.1523633, "step": 767, "max_steps": 931, "loss": 5.282857894897461, "elapsed_time": 72.81711888313293, "prnt": false}
{"event": "training_step", "timestamp": 1769648898.2386503, "step": 768, "max_steps": 931, "loss": 5.301031112670898, "elapsed_time": 72.90339541435242, "prnt": false}
{"event": "training_step", "timestamp": 1769648898.3248162, "step": 769, "max_steps": 931, "loss": 5.269808769226074, "elapsed_time": 72.98969745635986, "prnt": false}
{"event": "training_step", "timestamp": 1769648898.410991, "step": 770, "max_steps": 931, "loss": 5.323070526123047, "elapsed_time": 73.07584381103516, "prnt": false}
{"event": "training_step", "timestamp": 1769648898.4972165, "step": 771, "max_steps": 931, "loss": 5.323486804962158, "elapsed_time": 73.16193699836731, "prnt": false}
{"event": "training_step", "timestamp": 1769648898.5835857, "step": 772, "max_steps": 931, "loss": 5.2730584144592285, "elapsed_time": 73.2483959197998, "prnt": false}
{"event": "training_step", "timestamp": 1769648898.6695993, "step": 773, "max_steps": 931, "loss": 5.264837741851807, "elapsed_time": 73.334632396698, "prnt": false}
{"event": "training_step", "timestamp": 1769648898.7559645, "step": 774, "max_steps": 931, "loss": 5.3345842361450195, "elapsed_time": 73.42086625099182, "prnt": false}
{"event": "training_step", "timestamp": 1769648898.8422935, "step": 775, "max_steps": 931, "loss": 5.329001426696777, "elapsed_time": 73.50739073753357, "prnt": false}
{"event": "training_step", "timestamp": 1769648898.92854, "step": 776, "max_steps": 931, "loss": 5.238711357116699, "elapsed_time": 73.59373474121094, "prnt": false}
{"event": "training_step", "timestamp": 1769648899.0146673, "step": 777, "max_steps": 931, "loss": 5.185482025146484, "elapsed_time": 73.68027591705322, "prnt": false}
{"event": "training_step", "timestamp": 1769648899.101012, "step": 778, "max_steps": 931, "loss": 5.273636341094971, "elapsed_time": 73.76597762107849, "prnt": false}
{"event": "training_step", "timestamp": 1769648899.187186, "step": 779, "max_steps": 931, "loss": 5.2821431159973145, "elapsed_time": 73.85210752487183, "prnt": false}
{"event": "training_step", "timestamp": 1769648899.2733598, "step": 780, "max_steps": 931, "loss": 5.256893634796143, "elapsed_time": 73.93845844268799, "prnt": false}
{"event": "training_step", "timestamp": 1769648899.3597808, "step": 781, "max_steps": 931, "loss": 5.184318542480469, "elapsed_time": 74.02537655830383, "prnt": false}
{"event": "training_step", "timestamp": 1769648899.4461517, "step": 782, "max_steps": 931, "loss": 5.251154899597168, "elapsed_time": 74.11124897003174, "prnt": false}
{"event": "training_step", "timestamp": 1769648899.532276, "step": 783, "max_steps": 931, "loss": 5.266953945159912, "elapsed_time": 74.1971366405487, "prnt": false}
{"event": "training_step", "timestamp": 1769648899.6186388, "step": 784, "max_steps": 931, "loss": 5.286969184875488, "elapsed_time": 74.28336715698242, "prnt": false}
{"event": "training_step", "timestamp": 1769648899.7047641, "step": 785, "max_steps": 931, "loss": 5.279135704040527, "elapsed_time": 74.36962747573853, "prnt": false}
{"event": "training_step", "timestamp": 1769648899.790893, "step": 786, "max_steps": 931, "loss": 5.270952224731445, "elapsed_time": 74.45601272583008, "prnt": false}
{"event": "training_step", "timestamp": 1769648899.8770819, "step": 787, "max_steps": 931, "loss": 5.287558555603027, "elapsed_time": 74.54196000099182, "prnt": false}
{"event": "training_step", "timestamp": 1769648899.9633887, "step": 788, "max_steps": 931, "loss": 5.337672233581543, "elapsed_time": 74.62822461128235, "prnt": false}
{"event": "training_step", "timestamp": 1769648900.0494666, "step": 789, "max_steps": 931, "loss": 5.279463768005371, "elapsed_time": 74.7146258354187, "prnt": false}
{"event": "training_step", "timestamp": 1769648900.135766, "step": 790, "max_steps": 931, "loss": 5.226813316345215, "elapsed_time": 74.8005838394165, "prnt": false}
{"event": "training_step", "timestamp": 1769648900.2220066, "step": 791, "max_steps": 931, "loss": 5.283260822296143, "elapsed_time": 74.88673281669617, "prnt": false}
{"event": "training_step", "timestamp": 1769648900.3081708, "step": 792, "max_steps": 931, "loss": 5.278853416442871, "elapsed_time": 74.97299885749817, "prnt": false}
{"event": "validation_step", "timestamp": 1769648900.698439, "step": 792, "max_steps": 931, "loss": 1.2795599155293926, "elapsed_time": 74.97299885749817}
{"event": "training_step", "timestamp": 1769648900.7850866, "step": 793, "max_steps": 931, "loss": 5.201765537261963, "elapsed_time": 75.44959759712219, "prnt": false}
{"event": "training_step", "timestamp": 1769648900.8714828, "step": 794, "max_steps": 931, "loss": 5.29081916809082, "elapsed_time": 75.53659105300903, "prnt": false}
{"event": "training_step", "timestamp": 1769648900.9578903, "step": 795, "max_steps": 931, "loss": 5.200370788574219, "elapsed_time": 75.62311887741089, "prnt": false}
{"event": "training_step", "timestamp": 1769648901.0442548, "step": 796, "max_steps": 931, "loss": 5.2375383377075195, "elapsed_time": 75.70931911468506, "prnt": false}
{"event": "training_step", "timestamp": 1769648901.1303248, "step": 797, "max_steps": 931, "loss": 5.262759208679199, "elapsed_time": 75.79541015625, "prnt": false}
{"event": "training_step", "timestamp": 1769648901.216515, "step": 798, "max_steps": 931, "loss": 5.29047966003418, "elapsed_time": 75.88155055046082, "prnt": false}
{"event": "training_step", "timestamp": 1769648901.3031178, "step": 799, "max_steps": 931, "loss": 5.192322731018066, "elapsed_time": 75.96783828735352, "prnt": false}
{"event": "training_step", "timestamp": 1769648901.389233, "step": 800, "max_steps": 931, "loss": 5.1972856521606445, "elapsed_time": 76.05406379699707, "prnt": false}
{"event": "training_step", "timestamp": 1769648901.4755762, "step": 801, "max_steps": 931, "loss": 5.2507710456848145, "elapsed_time": 76.14029431343079, "prnt": false}
{"event": "training_step", "timestamp": 1769648901.5618746, "step": 802, "max_steps": 931, "loss": 5.2220258712768555, "elapsed_time": 76.22650909423828, "prnt": false}
{"event": "training_step", "timestamp": 1769648901.6480963, "step": 803, "max_steps": 931, "loss": 5.225072383880615, "elapsed_time": 76.31297397613525, "prnt": false}
{"event": "training_step", "timestamp": 1769648901.7343116, "step": 804, "max_steps": 931, "loss": 5.29603385925293, "elapsed_time": 76.39910984039307, "prnt": false}
{"event": "training_step", "timestamp": 1769648901.820794, "step": 805, "max_steps": 931, "loss": 5.192914009094238, "elapsed_time": 76.48563575744629, "prnt": false}
{"event": "training_step", "timestamp": 1769648901.9069073, "step": 806, "max_steps": 931, "loss": 5.331811428070068, "elapsed_time": 76.5717420578003, "prnt": false}
{"event": "training_step", "timestamp": 1769648901.9931083, "step": 807, "max_steps": 931, "loss": 5.292593955993652, "elapsed_time": 76.65809178352356, "prnt": false}
{"event": "training_step", "timestamp": 1769648902.0792897, "step": 808, "max_steps": 931, "loss": 5.267286777496338, "elapsed_time": 76.74410200119019, "prnt": false}
{"event": "training_step", "timestamp": 1769648902.1654754, "step": 809, "max_steps": 931, "loss": 5.284353256225586, "elapsed_time": 76.83044362068176, "prnt": false}
{"event": "training_step", "timestamp": 1769648902.2516882, "step": 810, "max_steps": 931, "loss": 5.250585556030273, "elapsed_time": 76.91647005081177, "prnt": false}
{"event": "training_step", "timestamp": 1769648902.33779, "step": 811, "max_steps": 931, "loss": 5.237155914306641, "elapsed_time": 77.00274014472961, "prnt": false}
{"event": "training_step", "timestamp": 1769648902.4240534, "step": 812, "max_steps": 931, "loss": 5.359048366546631, "elapsed_time": 77.08871269226074, "prnt": false}
{"event": "training_step", "timestamp": 1769648902.5101743, "step": 813, "max_steps": 931, "loss": 5.270892143249512, "elapsed_time": 77.17509770393372, "prnt": false}
{"event": "training_step", "timestamp": 1769648902.5963242, "step": 814, "max_steps": 931, "loss": 5.229888916015625, "elapsed_time": 77.26105904579163, "prnt": false}
{"event": "training_step", "timestamp": 1769648902.6825728, "step": 815, "max_steps": 931, "loss": 5.316303730010986, "elapsed_time": 77.3473448753357, "prnt": false}
{"event": "training_step", "timestamp": 1769648902.7686374, "step": 816, "max_steps": 931, "loss": 5.244939804077148, "elapsed_time": 77.43355393409729, "prnt": false}
{"event": "training_step", "timestamp": 1769648902.8548949, "step": 817, "max_steps": 931, "loss": 5.271937370300293, "elapsed_time": 77.51982235908508, "prnt": false}
{"event": "training_step", "timestamp": 1769648902.9411547, "step": 818, "max_steps": 931, "loss": 5.235735893249512, "elapsed_time": 77.60582661628723, "prnt": false}
{"event": "training_step", "timestamp": 1769648903.0274806, "step": 819, "max_steps": 931, "loss": 5.251185417175293, "elapsed_time": 77.69294333457947, "prnt": false}
{"event": "training_step", "timestamp": 1769648903.113724, "step": 820, "max_steps": 931, "loss": 5.288512229919434, "elapsed_time": 77.77851104736328, "prnt": false}
{"event": "training_step", "timestamp": 1769648903.2000065, "step": 821, "max_steps": 931, "loss": 5.292824745178223, "elapsed_time": 77.86484289169312, "prnt": false}
{"event": "training_step", "timestamp": 1769648903.2861173, "step": 822, "max_steps": 931, "loss": 5.244168281555176, "elapsed_time": 77.95092248916626, "prnt": false}
{"event": "training_step", "timestamp": 1769648903.3722696, "step": 823, "max_steps": 931, "loss": 5.2892961502075195, "elapsed_time": 78.03715634346008, "prnt": false}
{"event": "training_step", "timestamp": 1769648903.458323, "step": 824, "max_steps": 931, "loss": 5.258844375610352, "elapsed_time": 78.12322616577148, "prnt": false}
{"event": "training_step", "timestamp": 1769648903.544663, "step": 825, "max_steps": 931, "loss": 5.230808734893799, "elapsed_time": 78.20944380760193, "prnt": false}
{"event": "training_step", "timestamp": 1769648903.6308157, "step": 826, "max_steps": 931, "loss": 5.2832722663879395, "elapsed_time": 78.29582333564758, "prnt": false}
{"event": "training_step", "timestamp": 1769648903.7171216, "step": 827, "max_steps": 931, "loss": 5.243899822235107, "elapsed_time": 78.38195013999939, "prnt": false}
{"event": "training_step", "timestamp": 1769648903.8033526, "step": 828, "max_steps": 931, "loss": 5.217251777648926, "elapsed_time": 78.46820855140686, "prnt": false}
{"event": "training_step", "timestamp": 1769648903.8895338, "step": 829, "max_steps": 931, "loss": 5.221695899963379, "elapsed_time": 78.55447554588318, "prnt": false}
{"event": "training_step", "timestamp": 1769648903.975695, "step": 830, "max_steps": 931, "loss": 5.218323707580566, "elapsed_time": 78.64047574996948, "prnt": false}
{"event": "training_step", "timestamp": 1769648904.0619462, "step": 831, "max_steps": 931, "loss": 5.264573097229004, "elapsed_time": 78.72684836387634, "prnt": false}
{"event": "training_step", "timestamp": 1769648904.1480467, "step": 832, "max_steps": 931, "loss": 5.215285301208496, "elapsed_time": 78.81283473968506, "prnt": false}
{"event": "training_step", "timestamp": 1769648904.2342346, "step": 833, "max_steps": 931, "loss": 5.23727560043335, "elapsed_time": 78.89914655685425, "prnt": false}
{"event": "training_step", "timestamp": 1769648904.3205085, "step": 834, "max_steps": 931, "loss": 5.220599174499512, "elapsed_time": 78.98526358604431, "prnt": false}
{"event": "training_step", "timestamp": 1769648904.4066806, "step": 835, "max_steps": 931, "loss": 5.2973952293396, "elapsed_time": 79.07153677940369, "prnt": false}
{"event": "training_step", "timestamp": 1769648904.492867, "step": 836, "max_steps": 931, "loss": 5.304300308227539, "elapsed_time": 79.15765762329102, "prnt": false}
{"event": "validation_step", "timestamp": 1769648904.8830364, "step": 836, "max_steps": 931, "loss": 1.279552218246945, "elapsed_time": 79.15765762329102}
{"event": "training_step", "timestamp": 1769648904.9700062, "step": 837, "max_steps": 931, "loss": 5.23786735534668, "elapsed_time": 79.63486957550049, "prnt": false}
{"event": "training_step", "timestamp": 1769648905.0563736, "step": 838, "max_steps": 931, "loss": 5.24219274520874, "elapsed_time": 79.72139620780945, "prnt": false}
{"event": "training_step", "timestamp": 1769648905.1426697, "step": 839, "max_steps": 931, "loss": 5.2074995040893555, "elapsed_time": 79.80737781524658, "prnt": false}
{"event": "training_step", "timestamp": 1769648905.2287772, "step": 840, "max_steps": 931, "loss": 5.284913063049316, "elapsed_time": 79.89364099502563, "prnt": false}
{"event": "training_step", "timestamp": 1769648905.314952, "step": 841, "max_steps": 931, "loss": 5.287772178649902, "elapsed_time": 79.97985482215881, "prnt": false}
{"event": "training_step", "timestamp": 1769648905.4013078, "step": 842, "max_steps": 931, "loss": 5.3034138679504395, "elapsed_time": 80.0660457611084, "prnt": false}
{"event": "training_step", "timestamp": 1769648905.4875119, "step": 843, "max_steps": 931, "loss": 5.257957935333252, "elapsed_time": 80.15241122245789, "prnt": false}
{"event": "training_step", "timestamp": 1769648905.573751, "step": 844, "max_steps": 931, "loss": 5.24614143371582, "elapsed_time": 80.23843097686768, "prnt": false}
{"event": "training_step", "timestamp": 1769648905.6601381, "step": 845, "max_steps": 931, "loss": 5.157665729522705, "elapsed_time": 80.324866771698, "prnt": false}
{"event": "training_step", "timestamp": 1769648905.7462614, "step": 846, "max_steps": 931, "loss": 5.349409580230713, "elapsed_time": 80.41111302375793, "prnt": false}
{"event": "training_step", "timestamp": 1769648905.8325732, "step": 847, "max_steps": 931, "loss": 5.22442102432251, "elapsed_time": 80.4973657131195, "prnt": false}
{"event": "training_step", "timestamp": 1769648905.9186819, "step": 848, "max_steps": 931, "loss": 5.24528169631958, "elapsed_time": 80.58349800109863, "prnt": false}
{"event": "training_step", "timestamp": 1769648906.0048852, "step": 849, "max_steps": 931, "loss": 5.271892547607422, "elapsed_time": 80.66976141929626, "prnt": false}
{"event": "training_step", "timestamp": 1769648906.0910516, "step": 850, "max_steps": 931, "loss": 5.246844291687012, "elapsed_time": 80.75582265853882, "prnt": false}
{"event": "training_step", "timestamp": 1769648906.1773093, "step": 851, "max_steps": 931, "loss": 5.200092315673828, "elapsed_time": 80.84211349487305, "prnt": false}
{"event": "training_step", "timestamp": 1769648906.2635202, "step": 852, "max_steps": 931, "loss": 5.3255181312561035, "elapsed_time": 80.9282295703888, "prnt": false}
{"event": "training_step", "timestamp": 1769648906.3497622, "step": 853, "max_steps": 931, "loss": 5.242597579956055, "elapsed_time": 81.01462888717651, "prnt": false}
{"event": "training_step", "timestamp": 1769648906.4360752, "step": 854, "max_steps": 931, "loss": 5.246343612670898, "elapsed_time": 81.10065412521362, "prnt": false}
{"event": "training_step", "timestamp": 1769648906.522352, "step": 855, "max_steps": 931, "loss": 5.307486057281494, "elapsed_time": 81.18710613250732, "prnt": false}
{"event": "training_step", "timestamp": 1769648906.6085, "step": 856, "max_steps": 931, "loss": 5.2818450927734375, "elapsed_time": 81.27339267730713, "prnt": false}
{"event": "training_step", "timestamp": 1769648906.6948311, "step": 857, "max_steps": 931, "loss": 5.1947808265686035, "elapsed_time": 81.35958766937256, "prnt": false}
{"event": "training_step", "timestamp": 1769648906.7810166, "step": 858, "max_steps": 931, "loss": 5.294372081756592, "elapsed_time": 81.44571542739868, "prnt": false}
{"event": "training_step", "timestamp": 1769648906.867316, "step": 859, "max_steps": 931, "loss": 5.288323402404785, "elapsed_time": 81.53244590759277, "prnt": false}
{"event": "training_step", "timestamp": 1769648906.9538066, "step": 860, "max_steps": 931, "loss": 5.248151779174805, "elapsed_time": 81.61945867538452, "prnt": false}
{"event": "training_step", "timestamp": 1769648907.0405526, "step": 861, "max_steps": 931, "loss": 5.260483741760254, "elapsed_time": 81.70607876777649, "prnt": false}
{"event": "training_step", "timestamp": 1769648907.1270852, "step": 862, "max_steps": 931, "loss": 5.242883682250977, "elapsed_time": 81.79251670837402, "prnt": false}
{"event": "training_step", "timestamp": 1769648907.2135823, "step": 863, "max_steps": 931, "loss": 5.264000415802002, "elapsed_time": 81.87913179397583, "prnt": false}
{"event": "training_step", "timestamp": 1769648907.3001204, "step": 864, "max_steps": 931, "loss": 5.250861167907715, "elapsed_time": 81.96544599533081, "prnt": false}
{"event": "training_step", "timestamp": 1769648907.3866963, "step": 865, "max_steps": 931, "loss": 5.232295989990234, "elapsed_time": 82.05240416526794, "prnt": false}
{"event": "training_step", "timestamp": 1769648907.47332, "step": 866, "max_steps": 931, "loss": 5.230555057525635, "elapsed_time": 82.13864398002625, "prnt": false}
{"event": "training_step", "timestamp": 1769648907.5599563, "step": 867, "max_steps": 931, "loss": 5.238839626312256, "elapsed_time": 82.22545123100281, "prnt": false}
{"event": "training_step", "timestamp": 1769648907.6472666, "step": 868, "max_steps": 931, "loss": 5.211538791656494, "elapsed_time": 82.3159761428833, "prnt": false}
{"event": "training_step", "timestamp": 1769648907.733853, "step": 869, "max_steps": 931, "loss": 5.191068649291992, "elapsed_time": 82.39944553375244, "prnt": false}
{"event": "training_step", "timestamp": 1769648907.8203957, "step": 870, "max_steps": 931, "loss": 5.2459635734558105, "elapsed_time": 82.48570561408997, "prnt": false}
{"event": "training_step", "timestamp": 1769648907.9067776, "step": 871, "max_steps": 931, "loss": 5.322063446044922, "elapsed_time": 82.57239842414856, "prnt": false}
{"event": "training_step", "timestamp": 1769648907.9930615, "step": 872, "max_steps": 931, "loss": 5.209704399108887, "elapsed_time": 82.6581346988678, "prnt": false}
{"event": "training_step", "timestamp": 1769648908.0797477, "step": 873, "max_steps": 931, "loss": 5.257113456726074, "elapsed_time": 82.74502325057983, "prnt": false}
{"event": "training_step", "timestamp": 1769648908.1659467, "step": 874, "max_steps": 931, "loss": 5.27848482131958, "elapsed_time": 82.83123326301575, "prnt": false}
{"event": "training_step", "timestamp": 1769648908.2524238, "step": 875, "max_steps": 931, "loss": 5.1811347007751465, "elapsed_time": 82.91785001754761, "prnt": false}
{"event": "training_step", "timestamp": 1769648908.3390272, "step": 876, "max_steps": 931, "loss": 5.1914873123168945, "elapsed_time": 83.00431632995605, "prnt": false}
{"event": "training_step", "timestamp": 1769648908.4256687, "step": 877, "max_steps": 931, "loss": 5.240835666656494, "elapsed_time": 83.09089660644531, "prnt": false}
{"event": "training_step", "timestamp": 1769648908.512178, "step": 878, "max_steps": 931, "loss": 5.281730651855469, "elapsed_time": 83.17733931541443, "prnt": false}
{"event": "training_step", "timestamp": 1769648908.598881, "step": 879, "max_steps": 931, "loss": 5.2287797927856445, "elapsed_time": 83.26429986953735, "prnt": false}
{"event": "training_step", "timestamp": 1769648908.6852338, "step": 880, "max_steps": 931, "loss": 5.279733657836914, "elapsed_time": 83.3504376411438, "prnt": false}
{"event": "validation_step", "timestamp": 1769648909.0761685, "step": 880, "max_steps": 931, "loss": 1.2789221689468395, "elapsed_time": 83.3504376411438}
{"event": "training_step", "timestamp": 1769648909.1630669, "step": 881, "max_steps": 931, "loss": 5.249660015106201, "elapsed_time": 83.82810091972351, "prnt": false}
{"event": "training_step", "timestamp": 1769648909.249477, "step": 882, "max_steps": 931, "loss": 5.233300685882568, "elapsed_time": 83.91472148895264, "prnt": false}
{"event": "training_step", "timestamp": 1769648909.336096, "step": 883, "max_steps": 931, "loss": 5.2306013107299805, "elapsed_time": 84.0014066696167, "prnt": false}
{"event": "training_step", "timestamp": 1769648909.4225278, "step": 884, "max_steps": 931, "loss": 5.209480285644531, "elapsed_time": 84.08757376670837, "prnt": false}
{"event": "training_step", "timestamp": 1769648909.5089986, "step": 885, "max_steps": 931, "loss": 5.243422508239746, "elapsed_time": 84.17402839660645, "prnt": false}
{"event": "training_step", "timestamp": 1769648909.5954015, "step": 886, "max_steps": 931, "loss": 5.233420372009277, "elapsed_time": 84.26055121421814, "prnt": false}
{"event": "training_step", "timestamp": 1769648909.682043, "step": 887, "max_steps": 931, "loss": 5.208667755126953, "elapsed_time": 84.347491979599, "prnt": false}
{"event": "training_step", "timestamp": 1769648909.7684705, "step": 888, "max_steps": 931, "loss": 5.243299961090088, "elapsed_time": 84.43368363380432, "prnt": false}
{"event": "training_step", "timestamp": 1769648909.8550854, "step": 889, "max_steps": 931, "loss": 5.26234245300293, "elapsed_time": 84.52125215530396, "prnt": false}
{"event": "training_step", "timestamp": 1769648909.9422865, "step": 890, "max_steps": 931, "loss": 5.268080711364746, "elapsed_time": 84.61011815071106, "prnt": false}
{"event": "training_step", "timestamp": 1769648910.0288637, "step": 891, "max_steps": 931, "loss": 5.223182201385498, "elapsed_time": 84.69427299499512, "prnt": false}
{"event": "training_step", "timestamp": 1769648910.1153154, "step": 892, "max_steps": 931, "loss": 5.188666820526123, "elapsed_time": 84.7804913520813, "prnt": false}
{"event": "training_step", "timestamp": 1769648910.2019365, "step": 893, "max_steps": 931, "loss": 5.199126243591309, "elapsed_time": 84.86736607551575, "prnt": false}
{"event": "training_step", "timestamp": 1769648910.288369, "step": 894, "max_steps": 931, "loss": 5.227684497833252, "elapsed_time": 84.95358371734619, "prnt": false}
{"event": "training_step", "timestamp": 1769648910.374884, "step": 895, "max_steps": 931, "loss": 5.24803352355957, "elapsed_time": 85.04015851020813, "prnt": false}
{"event": "training_step", "timestamp": 1769648910.461335, "step": 896, "max_steps": 931, "loss": 5.320663928985596, "elapsed_time": 85.12644648551941, "prnt": false}
{"event": "training_step", "timestamp": 1769648910.5476084, "step": 897, "max_steps": 931, "loss": 5.231073379516602, "elapsed_time": 85.21222424507141, "prnt": false}
{"event": "training_step", "timestamp": 1769648910.6338773, "step": 898, "max_steps": 931, "loss": 5.301177501678467, "elapsed_time": 85.29849529266357, "prnt": false}
{"event": "training_step", "timestamp": 1769648910.7201536, "step": 899, "max_steps": 931, "loss": 5.297202110290527, "elapsed_time": 85.38485407829285, "prnt": false}
{"event": "training_step", "timestamp": 1769648910.806476, "step": 900, "max_steps": 931, "loss": 5.22344446182251, "elapsed_time": 85.47186422348022, "prnt": false}
{"event": "training_step", "timestamp": 1769648910.8930507, "step": 901, "max_steps": 931, "loss": 5.201371192932129, "elapsed_time": 85.55830645561218, "prnt": false}
{"event": "training_step", "timestamp": 1769648910.9796221, "step": 902, "max_steps": 931, "loss": 5.191396236419678, "elapsed_time": 85.64501857757568, "prnt": false}
{"event": "training_step", "timestamp": 1769648911.066016, "step": 903, "max_steps": 931, "loss": 5.270848274230957, "elapsed_time": 85.73148202896118, "prnt": false}
{"event": "training_step", "timestamp": 1769648911.1521485, "step": 904, "max_steps": 931, "loss": 5.239971160888672, "elapsed_time": 85.81685733795166, "prnt": false}
{"event": "training_step", "timestamp": 1769648911.2385771, "step": 905, "max_steps": 931, "loss": 5.257054328918457, "elapsed_time": 85.90305376052856, "prnt": false}
{"event": "training_step", "timestamp": 1769648911.324744, "step": 906, "max_steps": 931, "loss": 5.181466102600098, "elapsed_time": 85.98940777778625, "prnt": false}
{"event": "training_step", "timestamp": 1769648911.411374, "step": 907, "max_steps": 931, "loss": 5.171346664428711, "elapsed_time": 86.0771050453186, "prnt": false}
{"event": "training_step", "timestamp": 1769648911.4979506, "step": 908, "max_steps": 931, "loss": 5.212888717651367, "elapsed_time": 86.16340589523315, "prnt": false}
{"event": "training_step", "timestamp": 1769648911.584447, "step": 909, "max_steps": 931, "loss": 5.288416385650635, "elapsed_time": 86.25007343292236, "prnt": false}
{"event": "training_step", "timestamp": 1769648911.670831, "step": 910, "max_steps": 931, "loss": 5.311218738555908, "elapsed_time": 86.33654499053955, "prnt": false}
{"event": "training_step", "timestamp": 1769648911.7575595, "step": 911, "max_steps": 931, "loss": 5.248480319976807, "elapsed_time": 86.42304635047913, "prnt": false}
{"event": "training_step", "timestamp": 1769648911.8439732, "step": 912, "max_steps": 931, "loss": 5.202624320983887, "elapsed_time": 86.5095944404602, "prnt": false}
{"event": "training_step", "timestamp": 1769648911.9305465, "step": 913, "max_steps": 931, "loss": 5.252974510192871, "elapsed_time": 86.59624433517456, "prnt": false}
{"event": "training_step", "timestamp": 1769648912.0171912, "step": 914, "max_steps": 931, "loss": 5.217772006988525, "elapsed_time": 86.68274927139282, "prnt": false}
{"event": "training_step", "timestamp": 1769648912.1034687, "step": 915, "max_steps": 931, "loss": 5.225635528564453, "elapsed_time": 86.76825833320618, "prnt": false}
{"event": "training_step", "timestamp": 1769648912.1896212, "step": 916, "max_steps": 931, "loss": 5.2700910568237305, "elapsed_time": 86.85435557365417, "prnt": false}
{"event": "training_step", "timestamp": 1769648912.2758987, "step": 917, "max_steps": 931, "loss": 5.260041236877441, "elapsed_time": 86.94053626060486, "prnt": false}
{"event": "training_step", "timestamp": 1769648912.3621306, "step": 918, "max_steps": 931, "loss": 5.2688140869140625, "elapsed_time": 87.02668499946594, "prnt": false}
{"event": "training_step", "timestamp": 1769648912.4484043, "step": 919, "max_steps": 931, "loss": 5.2542924880981445, "elapsed_time": 87.11304426193237, "prnt": false}
{"event": "training_step", "timestamp": 1769648912.534578, "step": 920, "max_steps": 931, "loss": 5.248944282531738, "elapsed_time": 87.1991536617279, "prnt": false}
{"event": "training_step", "timestamp": 1769648912.620881, "step": 921, "max_steps": 931, "loss": 5.160884857177734, "elapsed_time": 87.28552961349487, "prnt": false}
{"event": "training_step", "timestamp": 1769648912.7070432, "step": 922, "max_steps": 931, "loss": 5.196544170379639, "elapsed_time": 87.3717532157898, "prnt": false}
{"event": "training_step", "timestamp": 1769648912.79341, "step": 923, "max_steps": 931, "loss": 5.242560386657715, "elapsed_time": 87.4579062461853, "prnt": false}
{"event": "training_step", "timestamp": 1769648912.879636, "step": 924, "max_steps": 931, "loss": 5.214361190795898, "elapsed_time": 87.5442442893982, "prnt": false}
{"event": "validation_step", "timestamp": 1769648913.2695887, "step": 924, "max_steps": 931, "loss": 1.2788052669274006, "elapsed_time": 87.5442442893982}
{"event": "training_step", "timestamp": 1769648913.3563542, "step": 925, "max_steps": 931, "loss": 5.220126628875732, "elapsed_time": 88.02110075950623, "prnt": false}
{"event": "training_step", "timestamp": 1769648913.442566, "step": 926, "max_steps": 931, "loss": 5.207616329193115, "elapsed_time": 88.10715246200562, "prnt": false}
{"event": "training_step", "timestamp": 1769648913.5287685, "step": 927, "max_steps": 931, "loss": 5.248614311218262, "elapsed_time": 88.19346237182617, "prnt": false}
{"event": "training_step", "timestamp": 1769648913.6149445, "step": 928, "max_steps": 931, "loss": 5.280979633331299, "elapsed_time": 88.27959632873535, "prnt": false}
{"event": "training_step", "timestamp": 1769648913.7012463, "step": 929, "max_steps": 931, "loss": 5.243030548095703, "elapsed_time": 88.36595678329468, "prnt": false}
{"event": "training_step", "timestamp": 1769648913.787475, "step": 930, "max_steps": 931, "loss": 5.222542762756348, "elapsed_time": 88.45242285728455, "prnt": false}
{"event": "training_step", "timestamp": 1769648913.873768, "step": 931, "max_steps": 931, "loss": 5.197595119476318, "elapsed_time": 88.5383517742157, "prnt": false}
{"event": "validation_step", "timestamp": 1769648914.264351, "step": 931, "max_steps": 931, "loss": 1.2788056477634495, "elapsed_time": 88.5383517742157}
