{"event": "hyperparameters_configured", "timestamp": 1769651504.1801674, "block_size": 64, "vocab_size": 12000, "n_layer": 8, "n_head": 9, "d_model": 576, "dropout": 0.0, "mlp_ratio": 5.0, "activation": "gelu", "residual_scaling": true, "batch_size": 128, "lr": 0.0003, "weight_decay": 0.1, "evals_per_epoch": 3, "batch_mode": "random", "optimizer": "adamw", "scheduler": "warmup_cosine", "warmup_fraction": 0.05, "normalizer": "none", "pre_tokenizer": "bytelevel", "eos_handling": "string_join", "min_frequency": 1, "domain_tokens": false, "epochs": 7, "seed": 1337, "num_titles": 100000, "val_frac": 0.1, "log_file": "./logs/exp-vocab-12000.log"}
{"event": "device_info", "timestamp": 1769651504.1979172, "device": "cuda"}
{"event": "dataset_info", "timestamp": 1769651513.6171393, "titles_count": 90000, "epochs": 7, "batches_per_epoch": 140, "tokens_per_epoch": 1151480, "vocab_size": 12000}
{"event": "model_info", "timestamp": 1769651514.0289905, "parameters_count": 44173440}
{"event": "training_step", "timestamp": 1769651514.652237, "step": 1, "max_steps": 980, "loss": 9.488633155822754, "elapsed_time": 0.2037205696105957, "prnt": false}
{"event": "validation_step", "timestamp": 1769651515.0436494, "step": 1, "max_steps": 980, "loss": 2.1880417392794067, "elapsed_time": 0.2037205696105957}
{"event": "training_step", "timestamp": 1769651515.1254911, "step": 2, "max_steps": 980, "loss": 9.487013816833496, "elapsed_time": 0.603316068649292, "prnt": false}
{"event": "training_step", "timestamp": 1769651515.2067983, "step": 3, "max_steps": 980, "loss": 9.37661075592041, "elapsed_time": 0.684258222579956, "prnt": false}
{"event": "training_step", "timestamp": 1769651515.2883718, "step": 4, "max_steps": 980, "loss": 9.167366981506348, "elapsed_time": 0.7655353546142578, "prnt": false}
{"event": "training_step", "timestamp": 1769651515.3698807, "step": 5, "max_steps": 980, "loss": 8.973722457885742, "elapsed_time": 0.8471510410308838, "prnt": false}
{"event": "training_step", "timestamp": 1769651515.4514768, "step": 6, "max_steps": 980, "loss": 8.837967872619629, "elapsed_time": 0.9287707805633545, "prnt": false}
{"event": "training_step", "timestamp": 1769651515.5329075, "step": 7, "max_steps": 980, "loss": 8.73284912109375, "elapsed_time": 1.0101871490478516, "prnt": false}
{"event": "training_step", "timestamp": 1769651515.6144426, "step": 8, "max_steps": 980, "loss": 8.645064353942871, "elapsed_time": 1.0923943519592285, "prnt": false}
{"event": "training_step", "timestamp": 1769651515.6957228, "step": 9, "max_steps": 980, "loss": 8.609573364257812, "elapsed_time": 1.173649787902832, "prnt": false}
{"event": "training_step", "timestamp": 1769651515.7770371, "step": 10, "max_steps": 980, "loss": 8.547978401184082, "elapsed_time": 1.254822015762329, "prnt": false}
{"event": "training_step", "timestamp": 1769651515.8583126, "step": 11, "max_steps": 980, "loss": 8.541825294494629, "elapsed_time": 1.3358893394470215, "prnt": false}
{"event": "training_step", "timestamp": 1769651515.9396505, "step": 12, "max_steps": 980, "loss": 8.516714096069336, "elapsed_time": 1.417407512664795, "prnt": false}
{"event": "training_step", "timestamp": 1769651516.021014, "step": 13, "max_steps": 980, "loss": 8.45114517211914, "elapsed_time": 1.498476266860962, "prnt": false}
{"event": "training_step", "timestamp": 1769651516.102452, "step": 14, "max_steps": 980, "loss": 8.432463645935059, "elapsed_time": 1.579761266708374, "prnt": false}
{"event": "training_step", "timestamp": 1769651516.1838033, "step": 15, "max_steps": 980, "loss": 8.411483764648438, "elapsed_time": 1.6611902713775635, "prnt": false}
{"event": "training_step", "timestamp": 1769651516.265517, "step": 16, "max_steps": 980, "loss": 8.322182655334473, "elapsed_time": 1.7433052062988281, "prnt": false}
{"event": "training_step", "timestamp": 1769651516.3472025, "step": 17, "max_steps": 980, "loss": 8.276144981384277, "elapsed_time": 1.825225830078125, "prnt": false}
{"event": "training_step", "timestamp": 1769651516.428932, "step": 18, "max_steps": 980, "loss": 8.196772575378418, "elapsed_time": 1.9065473079681396, "prnt": false}
{"event": "training_step", "timestamp": 1769651516.5107112, "step": 19, "max_steps": 980, "loss": 8.176942825317383, "elapsed_time": 1.9884607791900635, "prnt": false}
{"event": "training_step", "timestamp": 1769651516.592608, "step": 20, "max_steps": 980, "loss": 8.150676727294922, "elapsed_time": 2.070732593536377, "prnt": false}
{"event": "training_step", "timestamp": 1769651516.6742158, "step": 21, "max_steps": 980, "loss": 8.062798500061035, "elapsed_time": 2.1518070697784424, "prnt": false}
{"event": "training_step", "timestamp": 1769651516.7558925, "step": 22, "max_steps": 980, "loss": 8.025854110717773, "elapsed_time": 2.234206438064575, "prnt": false}
{"event": "training_step", "timestamp": 1769651516.837453, "step": 23, "max_steps": 980, "loss": 8.015246391296387, "elapsed_time": 2.315603256225586, "prnt": false}
{"event": "training_step", "timestamp": 1769651516.919167, "step": 24, "max_steps": 980, "loss": 7.911296844482422, "elapsed_time": 2.3971753120422363, "prnt": false}
{"event": "training_step", "timestamp": 1769651517.0016832, "step": 25, "max_steps": 980, "loss": 7.859447002410889, "elapsed_time": 2.4828193187713623, "prnt": false}
{"event": "training_step", "timestamp": 1769651517.0836687, "step": 26, "max_steps": 980, "loss": 7.859181880950928, "elapsed_time": 2.5616965293884277, "prnt": false}
{"event": "training_step", "timestamp": 1769651517.1653206, "step": 27, "max_steps": 980, "loss": 7.7807135581970215, "elapsed_time": 2.6429479122161865, "prnt": false}
{"event": "training_step", "timestamp": 1769651517.2469923, "step": 28, "max_steps": 980, "loss": 7.700649261474609, "elapsed_time": 2.7249746322631836, "prnt": false}
{"event": "training_step", "timestamp": 1769651517.3285491, "step": 29, "max_steps": 980, "loss": 7.716890335083008, "elapsed_time": 2.8058950901031494, "prnt": false}
{"event": "training_step", "timestamp": 1769651517.4105403, "step": 30, "max_steps": 980, "loss": 7.647146224975586, "elapsed_time": 2.8885700702667236, "prnt": false}
{"event": "training_step", "timestamp": 1769651517.4922724, "step": 31, "max_steps": 980, "loss": 7.602323532104492, "elapsed_time": 2.969907283782959, "prnt": false}
{"event": "training_step", "timestamp": 1769651517.573928, "step": 32, "max_steps": 980, "loss": 7.529388427734375, "elapsed_time": 3.0517079830169678, "prnt": false}
{"event": "training_step", "timestamp": 1769651517.6555345, "step": 33, "max_steps": 980, "loss": 7.550423622131348, "elapsed_time": 3.1335275173187256, "prnt": false}
{"event": "training_step", "timestamp": 1769651517.7370756, "step": 34, "max_steps": 980, "loss": 7.518481731414795, "elapsed_time": 3.2149627208709717, "prnt": false}
{"event": "training_step", "timestamp": 1769651517.8187563, "step": 35, "max_steps": 980, "loss": 7.428286552429199, "elapsed_time": 3.2968621253967285, "prnt": false}
{"event": "training_step", "timestamp": 1769651517.900586, "step": 36, "max_steps": 980, "loss": 7.466346740722656, "elapsed_time": 3.378342390060425, "prnt": false}
{"event": "training_step", "timestamp": 1769651517.9822662, "step": 37, "max_steps": 980, "loss": 7.373135089874268, "elapsed_time": 3.4601149559020996, "prnt": false}
{"event": "training_step", "timestamp": 1769651518.0640688, "step": 38, "max_steps": 980, "loss": 7.405566692352295, "elapsed_time": 3.541713237762451, "prnt": false}
{"event": "training_step", "timestamp": 1769651518.1457448, "step": 39, "max_steps": 980, "loss": 7.324944019317627, "elapsed_time": 3.6231369972229004, "prnt": false}
{"event": "training_step", "timestamp": 1769651518.227506, "step": 40, "max_steps": 980, "loss": 7.303121566772461, "elapsed_time": 3.7051947116851807, "prnt": false}
{"event": "training_step", "timestamp": 1769651518.3094087, "step": 41, "max_steps": 980, "loss": 7.30585241317749, "elapsed_time": 3.787219524383545, "prnt": false}
{"event": "training_step", "timestamp": 1769651518.3912048, "step": 42, "max_steps": 980, "loss": 7.24250602722168, "elapsed_time": 3.869035243988037, "prnt": false}
{"event": "training_step", "timestamp": 1769651518.472898, "step": 43, "max_steps": 980, "loss": 7.283442497253418, "elapsed_time": 3.9504761695861816, "prnt": false}
{"event": "training_step", "timestamp": 1769651518.5544348, "step": 44, "max_steps": 980, "loss": 7.261683464050293, "elapsed_time": 4.032253265380859, "prnt": false}
{"event": "training_step", "timestamp": 1769651518.6360128, "step": 45, "max_steps": 980, "loss": 7.245945930480957, "elapsed_time": 4.113953113555908, "prnt": false}
{"event": "training_step", "timestamp": 1769651518.7177703, "step": 46, "max_steps": 980, "loss": 7.265531063079834, "elapsed_time": 4.195765256881714, "prnt": false}
{"event": "validation_step", "timestamp": 1769651519.1097898, "step": 46, "max_steps": 980, "loss": 1.6724360960039635, "elapsed_time": 4.195765256881714}
{"event": "training_step", "timestamp": 1769651519.1918912, "step": 47, "max_steps": 980, "loss": 7.243913650512695, "elapsed_time": 4.669361591339111, "prnt": false}
{"event": "training_step", "timestamp": 1769651519.2743251, "step": 48, "max_steps": 980, "loss": 7.279745101928711, "elapsed_time": 4.7547008991241455, "prnt": false}
{"event": "training_step", "timestamp": 1769651519.3566718, "step": 49, "max_steps": 980, "loss": 7.168012619018555, "elapsed_time": 4.837165832519531, "prnt": false}
{"event": "training_step", "timestamp": 1769651519.4383137, "step": 50, "max_steps": 980, "loss": 7.203418731689453, "elapsed_time": 4.915964841842651, "prnt": false}
{"event": "training_step", "timestamp": 1769651519.519955, "step": 51, "max_steps": 980, "loss": 7.192520618438721, "elapsed_time": 4.9976019859313965, "prnt": false}
{"event": "training_step", "timestamp": 1769651519.60172, "step": 52, "max_steps": 980, "loss": 7.191298961639404, "elapsed_time": 5.079317331314087, "prnt": false}
{"event": "training_step", "timestamp": 1769651519.6833057, "step": 53, "max_steps": 980, "loss": 7.105179786682129, "elapsed_time": 5.161074161529541, "prnt": false}
{"event": "training_step", "timestamp": 1769651519.7650714, "step": 54, "max_steps": 980, "loss": 7.239909648895264, "elapsed_time": 5.243348121643066, "prnt": false}
{"event": "training_step", "timestamp": 1769651519.8466144, "step": 55, "max_steps": 980, "loss": 7.141732692718506, "elapsed_time": 5.3240063190460205, "prnt": false}
{"event": "training_step", "timestamp": 1769651519.9282067, "step": 56, "max_steps": 980, "loss": 7.125008583068848, "elapsed_time": 5.405261278152466, "prnt": false}
{"event": "training_step", "timestamp": 1769651520.0100615, "step": 57, "max_steps": 980, "loss": 7.119404315948486, "elapsed_time": 5.486817836761475, "prnt": false}
{"event": "training_step", "timestamp": 1769651520.0917683, "step": 58, "max_steps": 980, "loss": 7.109256744384766, "elapsed_time": 5.569013595581055, "prnt": false}
{"event": "training_step", "timestamp": 1769651520.1733801, "step": 59, "max_steps": 980, "loss": 7.147340774536133, "elapsed_time": 5.650950193405151, "prnt": false}
{"event": "training_step", "timestamp": 1769651520.2550342, "step": 60, "max_steps": 980, "loss": 7.117690563201904, "elapsed_time": 5.73277473449707, "prnt": false}
{"event": "training_step", "timestamp": 1769651520.3367448, "step": 61, "max_steps": 980, "loss": 7.125560760498047, "elapsed_time": 5.8146936893463135, "prnt": false}
{"event": "training_step", "timestamp": 1769651520.4184732, "step": 62, "max_steps": 980, "loss": 7.060941219329834, "elapsed_time": 5.896245002746582, "prnt": false}
{"event": "training_step", "timestamp": 1769651520.4999568, "step": 63, "max_steps": 980, "loss": 7.008414268493652, "elapsed_time": 5.977218151092529, "prnt": false}
{"event": "training_step", "timestamp": 1769651520.5814571, "step": 64, "max_steps": 980, "loss": 7.023641586303711, "elapsed_time": 6.058529615402222, "prnt": false}
{"event": "training_step", "timestamp": 1769651520.6629415, "step": 65, "max_steps": 980, "loss": 7.137875080108643, "elapsed_time": 6.139902830123901, "prnt": false}
{"event": "training_step", "timestamp": 1769651520.745099, "step": 66, "max_steps": 980, "loss": 7.0003838539123535, "elapsed_time": 6.222981214523315, "prnt": false}
{"event": "training_step", "timestamp": 1769651520.8271484, "step": 67, "max_steps": 980, "loss": 7.014735221862793, "elapsed_time": 6.304992437362671, "prnt": false}
{"event": "training_step", "timestamp": 1769651520.909235, "step": 68, "max_steps": 980, "loss": 6.979292392730713, "elapsed_time": 6.386958837509155, "prnt": false}
{"event": "training_step", "timestamp": 1769651520.9912624, "step": 69, "max_steps": 980, "loss": 7.014999866485596, "elapsed_time": 6.4688310623168945, "prnt": false}
{"event": "training_step", "timestamp": 1769651521.073174, "step": 70, "max_steps": 980, "loss": 6.928584098815918, "elapsed_time": 6.551167726516724, "prnt": false}
{"event": "training_step", "timestamp": 1769651521.1548321, "step": 71, "max_steps": 980, "loss": 6.965371131896973, "elapsed_time": 6.632820129394531, "prnt": false}
{"event": "training_step", "timestamp": 1769651521.2367399, "step": 72, "max_steps": 980, "loss": 6.9500555992126465, "elapsed_time": 6.714609384536743, "prnt": false}
{"event": "training_step", "timestamp": 1769651521.3185246, "step": 73, "max_steps": 980, "loss": 6.930801868438721, "elapsed_time": 6.79657769203186, "prnt": false}
{"event": "training_step", "timestamp": 1769651521.4003458, "step": 74, "max_steps": 980, "loss": 6.896107196807861, "elapsed_time": 6.8776915073394775, "prnt": false}
{"event": "training_step", "timestamp": 1769651521.4818952, "step": 75, "max_steps": 980, "loss": 6.856668472290039, "elapsed_time": 6.958871364593506, "prnt": false}
{"event": "training_step", "timestamp": 1769651521.563567, "step": 76, "max_steps": 980, "loss": 6.91412878036499, "elapsed_time": 7.04059624671936, "prnt": false}
{"event": "training_step", "timestamp": 1769651521.6451147, "step": 77, "max_steps": 980, "loss": 6.951285362243652, "elapsed_time": 7.1220009326934814, "prnt": false}
{"event": "training_step", "timestamp": 1769651521.7269068, "step": 78, "max_steps": 980, "loss": 6.9118218421936035, "elapsed_time": 7.203672647476196, "prnt": false}
{"event": "training_step", "timestamp": 1769651521.808641, "step": 79, "max_steps": 980, "loss": 6.853377819061279, "elapsed_time": 7.285415410995483, "prnt": false}
{"event": "training_step", "timestamp": 1769651521.8905108, "step": 80, "max_steps": 980, "loss": 6.837296485900879, "elapsed_time": 7.367323637008667, "prnt": false}
{"event": "training_step", "timestamp": 1769651521.9722435, "step": 81, "max_steps": 980, "loss": 6.833388805389404, "elapsed_time": 7.4496400356292725, "prnt": false}
{"event": "training_step", "timestamp": 1769651522.053769, "step": 82, "max_steps": 980, "loss": 6.867865562438965, "elapsed_time": 7.530996084213257, "prnt": false}
{"event": "training_step", "timestamp": 1769651522.1351576, "step": 83, "max_steps": 980, "loss": 6.82819128036499, "elapsed_time": 7.612218856811523, "prnt": false}
{"event": "training_step", "timestamp": 1769651522.2167006, "step": 84, "max_steps": 980, "loss": 6.806944847106934, "elapsed_time": 7.693732023239136, "prnt": false}
{"event": "training_step", "timestamp": 1769651522.2981696, "step": 85, "max_steps": 980, "loss": 6.85696268081665, "elapsed_time": 7.775139808654785, "prnt": false}
{"event": "training_step", "timestamp": 1769651522.3797543, "step": 86, "max_steps": 980, "loss": 6.835259437561035, "elapsed_time": 7.85667872428894, "prnt": false}
{"event": "training_step", "timestamp": 1769651522.4612963, "step": 87, "max_steps": 980, "loss": 6.84472131729126, "elapsed_time": 7.938173294067383, "prnt": false}
{"event": "training_step", "timestamp": 1769651522.543014, "step": 88, "max_steps": 980, "loss": 6.777247428894043, "elapsed_time": 8.02028489112854, "prnt": false}
{"event": "training_step", "timestamp": 1769651522.6245565, "step": 89, "max_steps": 980, "loss": 6.767814636230469, "elapsed_time": 8.101649284362793, "prnt": false}
{"event": "training_step", "timestamp": 1769651522.706313, "step": 90, "max_steps": 980, "loss": 6.755449295043945, "elapsed_time": 8.183138608932495, "prnt": false}
{"event": "training_step", "timestamp": 1769651522.7880971, "step": 91, "max_steps": 980, "loss": 6.804696559906006, "elapsed_time": 8.264970064163208, "prnt": false}
{"event": "training_step", "timestamp": 1769651522.8699386, "step": 92, "max_steps": 980, "loss": 6.773284435272217, "elapsed_time": 8.34692645072937, "prnt": false}
{"event": "validation_step", "timestamp": 1769651523.2630355, "step": 92, "max_steps": 980, "loss": 1.5684321952467912, "elapsed_time": 8.34692645072937}
{"event": "training_step", "timestamp": 1769651523.3450315, "step": 93, "max_steps": 980, "loss": 6.7497172355651855, "elapsed_time": 8.821882009506226, "prnt": false}
{"event": "training_step", "timestamp": 1769651523.4269764, "step": 94, "max_steps": 980, "loss": 6.7630767822265625, "elapsed_time": 8.903846740722656, "prnt": false}
{"event": "training_step", "timestamp": 1769651523.5087678, "step": 95, "max_steps": 980, "loss": 6.730815410614014, "elapsed_time": 8.98541522026062, "prnt": false}
{"event": "training_step", "timestamp": 1769651523.590718, "step": 96, "max_steps": 980, "loss": 6.7097015380859375, "elapsed_time": 9.067333936691284, "prnt": false}
{"event": "training_step", "timestamp": 1769651523.6722915, "step": 97, "max_steps": 980, "loss": 6.722639560699463, "elapsed_time": 9.149134397506714, "prnt": false}
{"event": "training_step", "timestamp": 1769651523.7538059, "step": 98, "max_steps": 980, "loss": 6.666352272033691, "elapsed_time": 9.230809211730957, "prnt": false}
{"event": "training_step", "timestamp": 1769651523.83526, "step": 99, "max_steps": 980, "loss": 6.6262288093566895, "elapsed_time": 9.312464475631714, "prnt": false}
{"event": "training_step", "timestamp": 1769651523.9170914, "step": 100, "max_steps": 980, "loss": 6.662835121154785, "elapsed_time": 9.394537687301636, "prnt": false}
{"event": "training_step", "timestamp": 1769651523.9990728, "step": 101, "max_steps": 980, "loss": 6.710500717163086, "elapsed_time": 9.476309299468994, "prnt": false}
{"event": "training_step", "timestamp": 1769651524.0808458, "step": 102, "max_steps": 980, "loss": 6.740981101989746, "elapsed_time": 9.557645082473755, "prnt": false}
{"event": "training_step", "timestamp": 1769651524.1624312, "step": 103, "max_steps": 980, "loss": 6.691691875457764, "elapsed_time": 9.639300346374512, "prnt": false}
{"event": "training_step", "timestamp": 1769651524.2442305, "step": 104, "max_steps": 980, "loss": 6.653088092803955, "elapsed_time": 9.721123218536377, "prnt": false}
{"event": "training_step", "timestamp": 1769651524.3259826, "step": 105, "max_steps": 980, "loss": 6.724813461303711, "elapsed_time": 9.802688598632812, "prnt": false}
{"event": "training_step", "timestamp": 1769651524.4078553, "step": 106, "max_steps": 980, "loss": 6.632245063781738, "elapsed_time": 9.884663105010986, "prnt": false}
{"event": "training_step", "timestamp": 1769651524.4897337, "step": 107, "max_steps": 980, "loss": 6.622416019439697, "elapsed_time": 9.966372013092041, "prnt": false}
{"event": "training_step", "timestamp": 1769651524.5714812, "step": 108, "max_steps": 980, "loss": 6.659723281860352, "elapsed_time": 10.048521757125854, "prnt": false}
{"event": "training_step", "timestamp": 1769651524.6529925, "step": 109, "max_steps": 980, "loss": 6.589963912963867, "elapsed_time": 10.12997579574585, "prnt": false}
{"event": "training_step", "timestamp": 1769651524.7346423, "step": 110, "max_steps": 980, "loss": 6.5950846672058105, "elapsed_time": 10.21170163154602, "prnt": false}
{"event": "training_step", "timestamp": 1769651524.8162851, "step": 111, "max_steps": 980, "loss": 6.570530891418457, "elapsed_time": 10.293617248535156, "prnt": false}
{"event": "training_step", "timestamp": 1769651524.8979816, "step": 112, "max_steps": 980, "loss": 6.598717212677002, "elapsed_time": 10.375057220458984, "prnt": false}
{"event": "training_step", "timestamp": 1769651524.9796453, "step": 113, "max_steps": 980, "loss": 6.679576873779297, "elapsed_time": 10.456626176834106, "prnt": false}
{"event": "training_step", "timestamp": 1769651525.0613265, "step": 114, "max_steps": 980, "loss": 6.556270122528076, "elapsed_time": 10.538445472717285, "prnt": false}
{"event": "training_step", "timestamp": 1769651525.1429563, "step": 115, "max_steps": 980, "loss": 6.551042556762695, "elapsed_time": 10.619915246963501, "prnt": false}
{"event": "training_step", "timestamp": 1769651525.2246988, "step": 116, "max_steps": 980, "loss": 6.57731819152832, "elapsed_time": 10.70167851448059, "prnt": false}
{"event": "training_step", "timestamp": 1769651525.3065836, "step": 117, "max_steps": 980, "loss": 6.583826541900635, "elapsed_time": 10.783326864242554, "prnt": false}
{"event": "training_step", "timestamp": 1769651525.3884673, "step": 118, "max_steps": 980, "loss": 6.631494998931885, "elapsed_time": 10.865243434906006, "prnt": false}
{"event": "training_step", "timestamp": 1769651525.4704003, "step": 119, "max_steps": 980, "loss": 6.547673225402832, "elapsed_time": 10.947065591812134, "prnt": false}
{"event": "training_step", "timestamp": 1769651525.5520365, "step": 120, "max_steps": 980, "loss": 6.574336528778076, "elapsed_time": 11.029042482376099, "prnt": false}
{"event": "training_step", "timestamp": 1769651525.6334875, "step": 121, "max_steps": 980, "loss": 6.550907611846924, "elapsed_time": 11.11064624786377, "prnt": false}
{"event": "training_step", "timestamp": 1769651525.7151418, "step": 122, "max_steps": 980, "loss": 6.529469013214111, "elapsed_time": 11.192195653915405, "prnt": false}
{"event": "training_step", "timestamp": 1769651525.796858, "step": 123, "max_steps": 980, "loss": 6.555948257446289, "elapsed_time": 11.273906230926514, "prnt": false}
{"event": "training_step", "timestamp": 1769651525.87863, "step": 124, "max_steps": 980, "loss": 6.504554748535156, "elapsed_time": 11.355702638626099, "prnt": false}
{"event": "training_step", "timestamp": 1769651525.960291, "step": 125, "max_steps": 980, "loss": 6.476576805114746, "elapsed_time": 11.437203645706177, "prnt": false}
{"event": "training_step", "timestamp": 1769651526.0421746, "step": 126, "max_steps": 980, "loss": 6.5242838859558105, "elapsed_time": 11.519636869430542, "prnt": false}
{"event": "training_step", "timestamp": 1769651526.1239362, "step": 127, "max_steps": 980, "loss": 6.558176040649414, "elapsed_time": 11.600876331329346, "prnt": false}
{"event": "training_step", "timestamp": 1769651526.2059793, "step": 128, "max_steps": 980, "loss": 6.455455780029297, "elapsed_time": 11.682609796524048, "prnt": false}
{"event": "training_step", "timestamp": 1769651526.288017, "step": 129, "max_steps": 980, "loss": 6.5185346603393555, "elapsed_time": 11.764630556106567, "prnt": false}
{"event": "training_step", "timestamp": 1769651526.3700106, "step": 130, "max_steps": 980, "loss": 6.388584136962891, "elapsed_time": 11.846800088882446, "prnt": false}
{"event": "training_step", "timestamp": 1769651526.45155, "step": 131, "max_steps": 980, "loss": 6.533411979675293, "elapsed_time": 11.928521633148193, "prnt": false}
{"event": "training_step", "timestamp": 1769651526.5331526, "step": 132, "max_steps": 980, "loss": 6.514378070831299, "elapsed_time": 12.010469436645508, "prnt": false}
{"event": "training_step", "timestamp": 1769651526.6146822, "step": 133, "max_steps": 980, "loss": 6.441556453704834, "elapsed_time": 12.091864585876465, "prnt": false}
{"event": "training_step", "timestamp": 1769651526.6962492, "step": 134, "max_steps": 980, "loss": 6.527134895324707, "elapsed_time": 12.173518896102905, "prnt": false}
{"event": "training_step", "timestamp": 1769651526.7780042, "step": 135, "max_steps": 980, "loss": 6.415134429931641, "elapsed_time": 12.255001783370972, "prnt": false}
{"event": "training_step", "timestamp": 1769651526.8598495, "step": 136, "max_steps": 980, "loss": 6.494390964508057, "elapsed_time": 12.336957216262817, "prnt": false}
{"event": "training_step", "timestamp": 1769651526.9415295, "step": 137, "max_steps": 980, "loss": 6.478151321411133, "elapsed_time": 12.41843056678772, "prnt": false}
{"event": "training_step", "timestamp": 1769651527.0234118, "step": 138, "max_steps": 980, "loss": 6.45188570022583, "elapsed_time": 12.500346660614014, "prnt": false}
{"event": "validation_step", "timestamp": 1769651527.4172134, "step": 138, "max_steps": 980, "loss": 1.5045762577901478, "elapsed_time": 12.500346660614014}
{"event": "training_step", "timestamp": 1769651527.4993756, "step": 139, "max_steps": 980, "loss": 6.496253490447998, "elapsed_time": 12.976210355758667, "prnt": false}
{"event": "training_step", "timestamp": 1769651527.5811772, "step": 140, "max_steps": 980, "loss": 6.464406490325928, "elapsed_time": 13.058202266693115, "prnt": false}
{"event": "training_step", "timestamp": 1769651527.6630433, "step": 141, "max_steps": 980, "loss": 6.44220495223999, "elapsed_time": 13.139976024627686, "prnt": false}
{"event": "training_step", "timestamp": 1769651527.744949, "step": 142, "max_steps": 980, "loss": 6.443376064300537, "elapsed_time": 13.221721172332764, "prnt": false}
{"event": "training_step", "timestamp": 1769651527.826991, "step": 143, "max_steps": 980, "loss": 6.457168102264404, "elapsed_time": 13.303770303726196, "prnt": false}
{"event": "training_step", "timestamp": 1769651527.908802, "step": 144, "max_steps": 980, "loss": 6.463925361633301, "elapsed_time": 13.385751724243164, "prnt": false}
{"event": "training_step", "timestamp": 1769651527.9906719, "step": 145, "max_steps": 980, "loss": 6.429708003997803, "elapsed_time": 13.467425346374512, "prnt": false}
{"event": "training_step", "timestamp": 1769651528.0723293, "step": 146, "max_steps": 980, "loss": 6.371583938598633, "elapsed_time": 13.549645900726318, "prnt": false}
{"event": "training_step", "timestamp": 1769651528.1540048, "step": 147, "max_steps": 980, "loss": 6.359250068664551, "elapsed_time": 13.631150245666504, "prnt": false}
{"event": "training_step", "timestamp": 1769651528.23573, "step": 148, "max_steps": 980, "loss": 6.361308574676514, "elapsed_time": 13.712653160095215, "prnt": false}
{"event": "training_step", "timestamp": 1769651528.317599, "step": 149, "max_steps": 980, "loss": 6.370595455169678, "elapsed_time": 13.794408321380615, "prnt": false}
{"event": "training_step", "timestamp": 1769651528.399242, "step": 150, "max_steps": 980, "loss": 6.381287097930908, "elapsed_time": 13.876220941543579, "prnt": false}
{"event": "training_step", "timestamp": 1769651528.4809675, "step": 151, "max_steps": 980, "loss": 6.396607875823975, "elapsed_time": 13.958096265792847, "prnt": false}
{"event": "training_step", "timestamp": 1769651528.5627186, "step": 152, "max_steps": 980, "loss": 6.357216835021973, "elapsed_time": 14.039602279663086, "prnt": false}
{"event": "training_step", "timestamp": 1769651528.64458, "step": 153, "max_steps": 980, "loss": 6.413145065307617, "elapsed_time": 14.121555089950562, "prnt": false}
{"event": "training_step", "timestamp": 1769651528.726481, "step": 154, "max_steps": 980, "loss": 6.388021469116211, "elapsed_time": 14.203177213668823, "prnt": false}
{"event": "training_step", "timestamp": 1769651528.8085642, "step": 155, "max_steps": 980, "loss": 6.39865255355835, "elapsed_time": 14.285309314727783, "prnt": false}
{"event": "training_step", "timestamp": 1769651528.890299, "step": 156, "max_steps": 980, "loss": 6.3096022605896, "elapsed_time": 14.36728811264038, "prnt": false}
{"event": "training_step", "timestamp": 1769651528.972068, "step": 157, "max_steps": 980, "loss": 6.382322788238525, "elapsed_time": 14.449268817901611, "prnt": false}
{"event": "training_step", "timestamp": 1769651529.0537026, "step": 158, "max_steps": 980, "loss": 6.3497538566589355, "elapsed_time": 14.530770540237427, "prnt": false}
{"event": "training_step", "timestamp": 1769651529.1356387, "step": 159, "max_steps": 980, "loss": 6.360500812530518, "elapsed_time": 14.61291241645813, "prnt": false}
{"event": "training_step", "timestamp": 1769651529.2174282, "step": 160, "max_steps": 980, "loss": 6.389523983001709, "elapsed_time": 14.694441795349121, "prnt": false}
{"event": "training_step", "timestamp": 1769651529.2993011, "step": 161, "max_steps": 980, "loss": 6.353778839111328, "elapsed_time": 14.77608060836792, "prnt": false}
{"event": "training_step", "timestamp": 1769651529.3809335, "step": 162, "max_steps": 980, "loss": 6.259124279022217, "elapsed_time": 14.857882261276245, "prnt": false}
{"event": "training_step", "timestamp": 1769651529.4628022, "step": 163, "max_steps": 980, "loss": 6.334456920623779, "elapsed_time": 14.939695596694946, "prnt": false}
{"event": "training_step", "timestamp": 1769651529.5448325, "step": 164, "max_steps": 980, "loss": 6.336944103240967, "elapsed_time": 15.021552085876465, "prnt": false}
{"event": "training_step", "timestamp": 1769651529.6268754, "step": 165, "max_steps": 980, "loss": 6.231925964355469, "elapsed_time": 15.103527307510376, "prnt": false}
{"event": "training_step", "timestamp": 1769651529.7088702, "step": 166, "max_steps": 980, "loss": 6.320601463317871, "elapsed_time": 15.185462236404419, "prnt": false}
{"event": "training_step", "timestamp": 1769651529.7906988, "step": 167, "max_steps": 980, "loss": 6.366447925567627, "elapsed_time": 15.26784873008728, "prnt": false}
{"event": "training_step", "timestamp": 1769651529.8724418, "step": 168, "max_steps": 980, "loss": 6.257992744445801, "elapsed_time": 15.349655866622925, "prnt": false}
{"event": "training_step", "timestamp": 1769651529.9543042, "step": 169, "max_steps": 980, "loss": 6.247762680053711, "elapsed_time": 15.431224346160889, "prnt": false}
{"event": "training_step", "timestamp": 1769651530.0362928, "step": 170, "max_steps": 980, "loss": 6.275574207305908, "elapsed_time": 15.513434886932373, "prnt": false}
{"event": "training_step", "timestamp": 1769651530.1182363, "step": 171, "max_steps": 980, "loss": 6.240954875946045, "elapsed_time": 15.59518837928772, "prnt": false}
{"event": "training_step", "timestamp": 1769651530.1999884, "step": 172, "max_steps": 980, "loss": 6.2591872215271, "elapsed_time": 15.676883935928345, "prnt": false}
{"event": "training_step", "timestamp": 1769651530.2818527, "step": 173, "max_steps": 980, "loss": 6.248381614685059, "elapsed_time": 15.75876259803772, "prnt": false}
{"event": "training_step", "timestamp": 1769651530.3638353, "step": 174, "max_steps": 980, "loss": 6.257466793060303, "elapsed_time": 15.840665578842163, "prnt": false}
{"event": "training_step", "timestamp": 1769651530.4458365, "step": 175, "max_steps": 980, "loss": 6.245099067687988, "elapsed_time": 15.922554731369019, "prnt": false}
{"event": "training_step", "timestamp": 1769651530.5278234, "step": 176, "max_steps": 980, "loss": 6.284891128540039, "elapsed_time": 16.00442361831665, "prnt": false}
{"event": "training_step", "timestamp": 1769651530.609937, "step": 177, "max_steps": 980, "loss": 6.202857971191406, "elapsed_time": 16.086730241775513, "prnt": false}
{"event": "training_step", "timestamp": 1769651530.6917918, "step": 178, "max_steps": 980, "loss": 6.23345422744751, "elapsed_time": 16.169008493423462, "prnt": false}
{"event": "training_step", "timestamp": 1769651530.7736838, "step": 179, "max_steps": 980, "loss": 6.278144836425781, "elapsed_time": 16.250762939453125, "prnt": false}
{"event": "training_step", "timestamp": 1769651530.8555026, "step": 180, "max_steps": 980, "loss": 6.260807037353516, "elapsed_time": 16.332266330718994, "prnt": false}
{"event": "training_step", "timestamp": 1769651530.9374201, "step": 181, "max_steps": 980, "loss": 6.260502815246582, "elapsed_time": 16.414223432540894, "prnt": false}
{"event": "training_step", "timestamp": 1769651531.0193572, "step": 182, "max_steps": 980, "loss": 6.215213775634766, "elapsed_time": 16.496228218078613, "prnt": false}
{"event": "training_step", "timestamp": 1769651531.1011903, "step": 183, "max_steps": 980, "loss": 6.240221977233887, "elapsed_time": 16.57820463180542, "prnt": false}
{"event": "training_step", "timestamp": 1769651531.1831467, "step": 184, "max_steps": 980, "loss": 6.177471160888672, "elapsed_time": 16.6598801612854, "prnt": false}
{"event": "validation_step", "timestamp": 1769651531.5774016, "step": 184, "max_steps": 980, "loss": 1.4631808953068812, "elapsed_time": 16.6598801612854}
{"event": "training_step", "timestamp": 1769651531.6597416, "step": 185, "max_steps": 980, "loss": 6.242867946624756, "elapsed_time": 17.136677026748657, "prnt": false}
{"event": "training_step", "timestamp": 1769651531.7415175, "step": 186, "max_steps": 980, "loss": 6.219163417816162, "elapsed_time": 17.218491554260254, "prnt": false}
{"event": "training_step", "timestamp": 1769651531.8235602, "step": 187, "max_steps": 980, "loss": 6.198041915893555, "elapsed_time": 17.300418853759766, "prnt": false}
{"event": "training_step", "timestamp": 1769651531.9055762, "step": 188, "max_steps": 980, "loss": 6.211310386657715, "elapsed_time": 17.382210969924927, "prnt": false}
{"event": "training_step", "timestamp": 1769651531.9876368, "step": 189, "max_steps": 980, "loss": 6.194210529327393, "elapsed_time": 17.464375972747803, "prnt": false}
{"event": "training_step", "timestamp": 1769651532.0696933, "step": 190, "max_steps": 980, "loss": 6.221048831939697, "elapsed_time": 17.546950817108154, "prnt": false}
{"event": "training_step", "timestamp": 1769651532.151563, "step": 191, "max_steps": 980, "loss": 6.246182441711426, "elapsed_time": 17.628710985183716, "prnt": false}
{"event": "training_step", "timestamp": 1769651532.2334082, "step": 192, "max_steps": 980, "loss": 6.2188591957092285, "elapsed_time": 17.71034598350525, "prnt": false}
{"event": "training_step", "timestamp": 1769651532.3153856, "step": 193, "max_steps": 980, "loss": 6.153934001922607, "elapsed_time": 17.7920880317688, "prnt": false}
{"event": "training_step", "timestamp": 1769651532.3972847, "step": 194, "max_steps": 980, "loss": 6.263147354125977, "elapsed_time": 17.874085664749146, "prnt": false}
{"event": "training_step", "timestamp": 1769651532.4791617, "step": 195, "max_steps": 980, "loss": 6.2050580978393555, "elapsed_time": 17.955896377563477, "prnt": false}
{"event": "training_step", "timestamp": 1769651532.5611205, "step": 196, "max_steps": 980, "loss": 6.134772777557373, "elapsed_time": 18.03784418106079, "prnt": false}
{"event": "training_step", "timestamp": 1769651532.643222, "step": 197, "max_steps": 980, "loss": 6.197587966918945, "elapsed_time": 18.119983673095703, "prnt": false}
{"event": "training_step", "timestamp": 1769651532.725432, "step": 198, "max_steps": 980, "loss": 6.141677379608154, "elapsed_time": 18.20201301574707, "prnt": false}
{"event": "training_step", "timestamp": 1769651532.80772, "step": 199, "max_steps": 980, "loss": 6.182377815246582, "elapsed_time": 18.28448987007141, "prnt": false}
{"event": "training_step", "timestamp": 1769651532.8897293, "step": 200, "max_steps": 980, "loss": 6.164412498474121, "elapsed_time": 18.366544008255005, "prnt": false}
{"event": "training_step", "timestamp": 1769651532.9716487, "step": 201, "max_steps": 980, "loss": 6.16616153717041, "elapsed_time": 18.44882345199585, "prnt": false}
{"event": "training_step", "timestamp": 1769651533.053514, "step": 202, "max_steps": 980, "loss": 6.140235424041748, "elapsed_time": 18.530343294143677, "prnt": false}
{"event": "training_step", "timestamp": 1769651533.1355193, "step": 203, "max_steps": 980, "loss": 6.132441520690918, "elapsed_time": 18.612366914749146, "prnt": false}
{"event": "training_step", "timestamp": 1769651533.2173605, "step": 204, "max_steps": 980, "loss": 6.1861677169799805, "elapsed_time": 18.694118976593018, "prnt": false}
{"event": "training_step", "timestamp": 1769651533.2994046, "step": 205, "max_steps": 980, "loss": 6.190903186798096, "elapsed_time": 18.776290893554688, "prnt": false}
{"event": "training_step", "timestamp": 1769651533.381323, "step": 206, "max_steps": 980, "loss": 6.164771556854248, "elapsed_time": 18.858103036880493, "prnt": false}
{"event": "training_step", "timestamp": 1769651533.4636223, "step": 207, "max_steps": 980, "loss": 6.1662187576293945, "elapsed_time": 18.940040111541748, "prnt": false}
{"event": "training_step", "timestamp": 1769651533.54574, "step": 208, "max_steps": 980, "loss": 6.112461566925049, "elapsed_time": 19.022379875183105, "prnt": false}
{"event": "training_step", "timestamp": 1769651533.6278825, "step": 209, "max_steps": 980, "loss": 6.092819690704346, "elapsed_time": 19.104555368423462, "prnt": false}
{"event": "training_step", "timestamp": 1769651533.7096934, "step": 210, "max_steps": 980, "loss": 6.158523082733154, "elapsed_time": 19.18651556968689, "prnt": false}
{"event": "training_step", "timestamp": 1769651533.7915056, "step": 211, "max_steps": 980, "loss": 6.079288005828857, "elapsed_time": 19.268492460250854, "prnt": false}
{"event": "training_step", "timestamp": 1769651533.873447, "step": 212, "max_steps": 980, "loss": 6.184854984283447, "elapsed_time": 19.35029935836792, "prnt": false}
{"event": "training_step", "timestamp": 1769651533.955448, "step": 213, "max_steps": 980, "loss": 6.072242736816406, "elapsed_time": 19.432438850402832, "prnt": false}
{"event": "training_step", "timestamp": 1769651534.0373785, "step": 214, "max_steps": 980, "loss": 6.128294944763184, "elapsed_time": 19.51396870613098, "prnt": false}
{"event": "training_step", "timestamp": 1769651534.1195295, "step": 215, "max_steps": 980, "loss": 6.107705593109131, "elapsed_time": 19.59679651260376, "prnt": false}
{"event": "training_step", "timestamp": 1769651534.201593, "step": 216, "max_steps": 980, "loss": 6.124116897583008, "elapsed_time": 19.67834448814392, "prnt": false}
{"event": "training_step", "timestamp": 1769651534.283759, "step": 217, "max_steps": 980, "loss": 6.1173295974731445, "elapsed_time": 19.760422468185425, "prnt": false}
{"event": "training_step", "timestamp": 1769651534.3658106, "step": 218, "max_steps": 980, "loss": 6.094236850738525, "elapsed_time": 19.84241795539856, "prnt": false}
{"event": "training_step", "timestamp": 1769651534.4479716, "step": 219, "max_steps": 980, "loss": 6.192241668701172, "elapsed_time": 19.9244863986969, "prnt": false}
{"event": "training_step", "timestamp": 1769651534.529861, "step": 220, "max_steps": 980, "loss": 6.064571857452393, "elapsed_time": 20.006689071655273, "prnt": false}
{"event": "training_step", "timestamp": 1769651534.611695, "step": 221, "max_steps": 980, "loss": 6.122189521789551, "elapsed_time": 20.0886447429657, "prnt": false}
{"event": "training_step", "timestamp": 1769651534.6936038, "step": 222, "max_steps": 980, "loss": 6.116918563842773, "elapsed_time": 20.17039203643799, "prnt": false}
{"event": "training_step", "timestamp": 1769651534.775653, "step": 223, "max_steps": 980, "loss": 6.104794979095459, "elapsed_time": 20.252864837646484, "prnt": false}
{"event": "training_step", "timestamp": 1769651534.8575695, "step": 224, "max_steps": 980, "loss": 6.073464393615723, "elapsed_time": 20.334308385849, "prnt": false}
{"event": "training_step", "timestamp": 1769651534.9395945, "step": 225, "max_steps": 980, "loss": 6.10629940032959, "elapsed_time": 20.416459321975708, "prnt": false}
{"event": "training_step", "timestamp": 1769651535.0215614, "step": 226, "max_steps": 980, "loss": 6.046003818511963, "elapsed_time": 20.498197317123413, "prnt": false}
{"event": "training_step", "timestamp": 1769651535.103727, "step": 227, "max_steps": 980, "loss": 6.105899333953857, "elapsed_time": 20.580188274383545, "prnt": false}
{"event": "training_step", "timestamp": 1769651535.1858675, "step": 228, "max_steps": 980, "loss": 6.098882675170898, "elapsed_time": 20.66241216659546, "prnt": false}
{"event": "training_step", "timestamp": 1769651535.2681608, "step": 229, "max_steps": 980, "loss": 6.0261335372924805, "elapsed_time": 20.744695901870728, "prnt": false}
{"event": "training_step", "timestamp": 1769651535.3500295, "step": 230, "max_steps": 980, "loss": 6.107181072235107, "elapsed_time": 20.826814889907837, "prnt": false}
{"event": "validation_step", "timestamp": 1769651535.7445734, "step": 230, "max_steps": 980, "loss": 1.431704854464383, "elapsed_time": 20.826814889907837}
{"event": "training_step", "timestamp": 1769651535.827126, "step": 231, "max_steps": 980, "loss": 6.020263671875, "elapsed_time": 21.303646326065063, "prnt": false}
{"event": "training_step", "timestamp": 1769651535.909053, "step": 232, "max_steps": 980, "loss": 6.042201519012451, "elapsed_time": 21.385937929153442, "prnt": false}
{"event": "training_step", "timestamp": 1769651535.9909205, "step": 233, "max_steps": 980, "loss": 5.947638511657715, "elapsed_time": 21.46781897544861, "prnt": false}
{"event": "training_step", "timestamp": 1769651536.0729403, "step": 234, "max_steps": 980, "loss": 6.096503257751465, "elapsed_time": 21.54987931251526, "prnt": false}
{"event": "training_step", "timestamp": 1769651536.1551545, "step": 235, "max_steps": 980, "loss": 6.055654525756836, "elapsed_time": 21.632062196731567, "prnt": false}
{"event": "training_step", "timestamp": 1769651536.2370436, "step": 236, "max_steps": 980, "loss": 6.05718469619751, "elapsed_time": 21.713837146759033, "prnt": false}
{"event": "training_step", "timestamp": 1769651536.319101, "step": 237, "max_steps": 980, "loss": 6.008597373962402, "elapsed_time": 21.795788526535034, "prnt": false}
{"event": "training_step", "timestamp": 1769651536.4010763, "step": 238, "max_steps": 980, "loss": 6.016152381896973, "elapsed_time": 21.877716064453125, "prnt": false}
{"event": "training_step", "timestamp": 1769651536.4832397, "step": 239, "max_steps": 980, "loss": 6.020418643951416, "elapsed_time": 21.959825038909912, "prnt": false}
{"event": "training_step", "timestamp": 1769651536.5653663, "step": 240, "max_steps": 980, "loss": 6.062137126922607, "elapsed_time": 22.041792631149292, "prnt": false}
{"event": "training_step", "timestamp": 1769651536.6476161, "step": 241, "max_steps": 980, "loss": 6.055346488952637, "elapsed_time": 22.124202251434326, "prnt": false}
{"event": "training_step", "timestamp": 1769651536.729601, "step": 242, "max_steps": 980, "loss": 6.020238399505615, "elapsed_time": 22.206453800201416, "prnt": false}
{"event": "training_step", "timestamp": 1769651536.8116267, "step": 243, "max_steps": 980, "loss": 6.02468729019165, "elapsed_time": 22.288373947143555, "prnt": false}
{"event": "training_step", "timestamp": 1769651536.8936725, "step": 244, "max_steps": 980, "loss": 6.008463382720947, "elapsed_time": 22.37044072151184, "prnt": false}
{"event": "training_step", "timestamp": 1769651536.9757557, "step": 245, "max_steps": 980, "loss": 5.992770195007324, "elapsed_time": 22.452370166778564, "prnt": false}
{"event": "training_step", "timestamp": 1769651537.0578253, "step": 246, "max_steps": 980, "loss": 6.04852294921875, "elapsed_time": 22.53462505340576, "prnt": false}
{"event": "training_step", "timestamp": 1769651537.139943, "step": 247, "max_steps": 980, "loss": 5.977728843688965, "elapsed_time": 22.616793394088745, "prnt": false}
{"event": "training_step", "timestamp": 1769651537.2221067, "step": 248, "max_steps": 980, "loss": 5.981100559234619, "elapsed_time": 22.698554277420044, "prnt": false}
{"event": "training_step", "timestamp": 1769651537.3043213, "step": 249, "max_steps": 980, "loss": 6.032120227813721, "elapsed_time": 22.780823707580566, "prnt": false}
{"event": "training_step", "timestamp": 1769651537.386529, "step": 250, "max_steps": 980, "loss": 6.060089588165283, "elapsed_time": 22.863157749176025, "prnt": false}
{"event": "training_step", "timestamp": 1769651537.4686072, "step": 251, "max_steps": 980, "loss": 5.925043106079102, "elapsed_time": 22.945290565490723, "prnt": false}
{"event": "training_step", "timestamp": 1769651537.550462, "step": 252, "max_steps": 980, "loss": 5.991761207580566, "elapsed_time": 23.027299165725708, "prnt": false}
{"event": "training_step", "timestamp": 1769651537.6325219, "step": 253, "max_steps": 980, "loss": 6.0154829025268555, "elapsed_time": 23.109047651290894, "prnt": false}
{"event": "training_step", "timestamp": 1769651537.7145872, "step": 254, "max_steps": 980, "loss": 5.995630264282227, "elapsed_time": 23.191251516342163, "prnt": false}
{"event": "training_step", "timestamp": 1769651537.7967246, "step": 255, "max_steps": 980, "loss": 5.919557094573975, "elapsed_time": 23.27325749397278, "prnt": false}
{"event": "training_step", "timestamp": 1769651537.8787262, "step": 256, "max_steps": 980, "loss": 6.028911590576172, "elapsed_time": 23.355650186538696, "prnt": false}
{"event": "training_step", "timestamp": 1769651537.9608746, "step": 257, "max_steps": 980, "loss": 6.019298076629639, "elapsed_time": 23.437336683273315, "prnt": false}
{"event": "training_step", "timestamp": 1769651538.0430474, "step": 258, "max_steps": 980, "loss": 5.953164100646973, "elapsed_time": 23.51945424079895, "prnt": false}
{"event": "training_step", "timestamp": 1769651538.125597, "step": 259, "max_steps": 980, "loss": 5.969656944274902, "elapsed_time": 23.60268521308899, "prnt": false}
{"event": "training_step", "timestamp": 1769651538.2077227, "step": 260, "max_steps": 980, "loss": 5.966986179351807, "elapsed_time": 23.68425941467285, "prnt": false}
{"event": "training_step", "timestamp": 1769651538.2897437, "step": 261, "max_steps": 980, "loss": 5.922421932220459, "elapsed_time": 23.766563177108765, "prnt": false}
{"event": "training_step", "timestamp": 1769651538.3717213, "step": 262, "max_steps": 980, "loss": 5.938436031341553, "elapsed_time": 23.84848189353943, "prnt": false}
{"event": "training_step", "timestamp": 1769651538.4539173, "step": 263, "max_steps": 980, "loss": 5.923583984375, "elapsed_time": 23.930665493011475, "prnt": false}
{"event": "training_step", "timestamp": 1769651538.535944, "step": 264, "max_steps": 980, "loss": 5.95270299911499, "elapsed_time": 24.012590169906616, "prnt": false}
{"event": "training_step", "timestamp": 1769651538.6179888, "step": 265, "max_steps": 980, "loss": 5.995243549346924, "elapsed_time": 24.09469246864319, "prnt": false}
{"event": "training_step", "timestamp": 1769651538.7000508, "step": 266, "max_steps": 980, "loss": 5.882767677307129, "elapsed_time": 24.176792860031128, "prnt": false}
{"event": "training_step", "timestamp": 1769651538.782325, "step": 267, "max_steps": 980, "loss": 5.926270008087158, "elapsed_time": 24.258734464645386, "prnt": false}
{"event": "training_step", "timestamp": 1769651538.8645668, "step": 268, "max_steps": 980, "loss": 5.886726379394531, "elapsed_time": 24.341341495513916, "prnt": false}
{"event": "training_step", "timestamp": 1769651538.9469426, "step": 269, "max_steps": 980, "loss": 5.912667274475098, "elapsed_time": 24.423481464385986, "prnt": false}
{"event": "training_step", "timestamp": 1769651539.0288966, "step": 270, "max_steps": 980, "loss": 5.949850559234619, "elapsed_time": 24.505573987960815, "prnt": false}
{"event": "training_step", "timestamp": 1769651539.110869, "step": 271, "max_steps": 980, "loss": 5.895788192749023, "elapsed_time": 24.58771252632141, "prnt": false}
{"event": "training_step", "timestamp": 1769651539.19288, "step": 272, "max_steps": 980, "loss": 5.945791244506836, "elapsed_time": 24.6695339679718, "prnt": false}
{"event": "training_step", "timestamp": 1769651539.275038, "step": 273, "max_steps": 980, "loss": 5.896879196166992, "elapsed_time": 24.75178050994873, "prnt": false}
{"event": "training_step", "timestamp": 1769651539.3571308, "step": 274, "max_steps": 980, "loss": 5.919482707977295, "elapsed_time": 24.833661556243896, "prnt": false}
{"event": "training_step", "timestamp": 1769651539.4392126, "step": 275, "max_steps": 980, "loss": 5.910127639770508, "elapsed_time": 24.91576337814331, "prnt": false}
{"event": "training_step", "timestamp": 1769651539.5213325, "step": 276, "max_steps": 980, "loss": 5.8727545738220215, "elapsed_time": 24.997867345809937, "prnt": false}
{"event": "validation_step", "timestamp": 1769651539.9164798, "step": 276, "max_steps": 980, "loss": 1.4065503185195531, "elapsed_time": 24.997867345809937}
{"event": "training_step", "timestamp": 1769651539.9992929, "step": 277, "max_steps": 980, "loss": 5.901276111602783, "elapsed_time": 25.475866556167603, "prnt": false}
{"event": "training_step", "timestamp": 1769651540.0816026, "step": 278, "max_steps": 980, "loss": 5.930249214172363, "elapsed_time": 25.558157682418823, "prnt": false}
{"event": "training_step", "timestamp": 1769651540.16408, "step": 279, "max_steps": 980, "loss": 5.914546012878418, "elapsed_time": 25.64071750640869, "prnt": false}
{"event": "training_step", "timestamp": 1769651540.2463384, "step": 280, "max_steps": 980, "loss": 5.899051666259766, "elapsed_time": 25.722864389419556, "prnt": false}
{"event": "training_step", "timestamp": 1769651540.3285263, "step": 281, "max_steps": 980, "loss": 5.929976463317871, "elapsed_time": 25.80513310432434, "prnt": false}
{"event": "training_step", "timestamp": 1769651540.4104567, "step": 282, "max_steps": 980, "loss": 5.881564617156982, "elapsed_time": 25.88722062110901, "prnt": false}
{"event": "training_step", "timestamp": 1769651540.492596, "step": 283, "max_steps": 980, "loss": 5.929196834564209, "elapsed_time": 25.96930480003357, "prnt": false}
{"event": "training_step", "timestamp": 1769651540.5746531, "step": 284, "max_steps": 980, "loss": 5.957887649536133, "elapsed_time": 26.051247119903564, "prnt": false}
{"event": "training_step", "timestamp": 1769651540.6569922, "step": 285, "max_steps": 980, "loss": 5.85285758972168, "elapsed_time": 26.13347554206848, "prnt": false}
{"event": "training_step", "timestamp": 1769651540.739137, "step": 286, "max_steps": 980, "loss": 5.88330602645874, "elapsed_time": 26.215646982192993, "prnt": false}
{"event": "training_step", "timestamp": 1769651540.8217247, "step": 287, "max_steps": 980, "loss": 5.918056964874268, "elapsed_time": 26.298187255859375, "prnt": false}
{"event": "training_step", "timestamp": 1769651540.9041374, "step": 288, "max_steps": 980, "loss": 5.8990302085876465, "elapsed_time": 26.380372047424316, "prnt": false}
{"event": "training_step", "timestamp": 1769651540.986506, "step": 289, "max_steps": 980, "loss": 5.827540397644043, "elapsed_time": 26.46300435066223, "prnt": false}
{"event": "training_step", "timestamp": 1769651541.0685465, "step": 290, "max_steps": 980, "loss": 5.863116264343262, "elapsed_time": 26.545156478881836, "prnt": false}
{"event": "training_step", "timestamp": 1769651541.150718, "step": 291, "max_steps": 980, "loss": 5.955122947692871, "elapsed_time": 26.627264261245728, "prnt": false}
{"event": "training_step", "timestamp": 1769651541.23295, "step": 292, "max_steps": 980, "loss": 5.911456108093262, "elapsed_time": 26.70942759513855, "prnt": false}
{"event": "training_step", "timestamp": 1769651541.3150866, "step": 293, "max_steps": 980, "loss": 5.854903221130371, "elapsed_time": 26.791670560836792, "prnt": false}
{"event": "training_step", "timestamp": 1769651541.3972666, "step": 294, "max_steps": 980, "loss": 5.888920783996582, "elapsed_time": 26.87369394302368, "prnt": false}
{"event": "training_step", "timestamp": 1769651541.4794822, "step": 295, "max_steps": 980, "loss": 5.840152263641357, "elapsed_time": 26.956075429916382, "prnt": false}
{"event": "training_step", "timestamp": 1769651541.5617764, "step": 296, "max_steps": 980, "loss": 5.813320636749268, "elapsed_time": 27.038058042526245, "prnt": false}
{"event": "training_step", "timestamp": 1769651541.6440692, "step": 297, "max_steps": 980, "loss": 5.863245487213135, "elapsed_time": 27.120584964752197, "prnt": false}
{"event": "training_step", "timestamp": 1769651541.7263598, "step": 298, "max_steps": 980, "loss": 5.838271141052246, "elapsed_time": 27.202701568603516, "prnt": false}
{"event": "training_step", "timestamp": 1769651541.8084536, "step": 299, "max_steps": 980, "loss": 5.9273576736450195, "elapsed_time": 27.285078287124634, "prnt": false}
{"event": "training_step", "timestamp": 1769651541.8905275, "step": 300, "max_steps": 980, "loss": 5.8793230056762695, "elapsed_time": 27.367159843444824, "prnt": false}
{"event": "training_step", "timestamp": 1769651541.9727285, "step": 301, "max_steps": 980, "loss": 5.8609232902526855, "elapsed_time": 27.449422359466553, "prnt": false}
{"event": "training_step", "timestamp": 1769651542.0549026, "step": 302, "max_steps": 980, "loss": 5.837675094604492, "elapsed_time": 27.53150200843811, "prnt": false}
{"event": "training_step", "timestamp": 1769651542.1372466, "step": 303, "max_steps": 980, "loss": 5.84101676940918, "elapsed_time": 27.614224910736084, "prnt": false}
{"event": "training_step", "timestamp": 1769651542.2193894, "step": 304, "max_steps": 980, "loss": 5.8787946701049805, "elapsed_time": 27.696000337600708, "prnt": false}
{"event": "training_step", "timestamp": 1769651542.30175, "step": 305, "max_steps": 980, "loss": 5.844625473022461, "elapsed_time": 27.778179168701172, "prnt": false}
{"event": "training_step", "timestamp": 1769651542.3839357, "step": 306, "max_steps": 980, "loss": 5.817723751068115, "elapsed_time": 27.86035656929016, "prnt": false}
{"event": "training_step", "timestamp": 1769651542.4663105, "step": 307, "max_steps": 980, "loss": 5.837036609649658, "elapsed_time": 27.942865133285522, "prnt": false}
{"event": "training_step", "timestamp": 1769651542.5484087, "step": 308, "max_steps": 980, "loss": 5.810520648956299, "elapsed_time": 28.025047063827515, "prnt": false}
{"event": "training_step", "timestamp": 1769651542.6307142, "step": 309, "max_steps": 980, "loss": 5.902315616607666, "elapsed_time": 28.10721230506897, "prnt": false}
{"event": "training_step", "timestamp": 1769651542.7127285, "step": 310, "max_steps": 980, "loss": 5.846378803253174, "elapsed_time": 28.189375162124634, "prnt": false}
{"event": "training_step", "timestamp": 1769651542.7950053, "step": 311, "max_steps": 980, "loss": 5.78846549987793, "elapsed_time": 28.271596670150757, "prnt": false}
{"event": "training_step", "timestamp": 1769651542.877123, "step": 312, "max_steps": 980, "loss": 5.8724822998046875, "elapsed_time": 28.35370898246765, "prnt": false}
{"event": "training_step", "timestamp": 1769651542.9595063, "step": 313, "max_steps": 980, "loss": 5.782544136047363, "elapsed_time": 28.435853958129883, "prnt": false}
{"event": "training_step", "timestamp": 1769651543.041833, "step": 314, "max_steps": 980, "loss": 5.812021732330322, "elapsed_time": 28.518353700637817, "prnt": false}
{"event": "training_step", "timestamp": 1769651543.124207, "step": 315, "max_steps": 980, "loss": 5.760728359222412, "elapsed_time": 28.60062026977539, "prnt": false}
{"event": "training_step", "timestamp": 1769651543.206363, "step": 316, "max_steps": 980, "loss": 5.773974418640137, "elapsed_time": 28.68273138999939, "prnt": false}
{"event": "training_step", "timestamp": 1769651543.2884707, "step": 317, "max_steps": 980, "loss": 5.790432929992676, "elapsed_time": 28.7651150226593, "prnt": false}
{"event": "training_step", "timestamp": 1769651543.3705494, "step": 318, "max_steps": 980, "loss": 5.837612152099609, "elapsed_time": 28.847086191177368, "prnt": false}
{"event": "training_step", "timestamp": 1769651543.452794, "step": 319, "max_steps": 980, "loss": 5.750761032104492, "elapsed_time": 28.929320812225342, "prnt": false}
{"event": "training_step", "timestamp": 1769651543.5348902, "step": 320, "max_steps": 980, "loss": 5.812110424041748, "elapsed_time": 29.011393547058105, "prnt": false}
{"event": "training_step", "timestamp": 1769651543.6170287, "step": 321, "max_steps": 980, "loss": 5.749022006988525, "elapsed_time": 29.093657732009888, "prnt": false}
{"event": "training_step", "timestamp": 1769651543.6992135, "step": 322, "max_steps": 980, "loss": 5.820162296295166, "elapsed_time": 29.17565131187439, "prnt": false}
{"event": "validation_step", "timestamp": 1769651544.0949922, "step": 322, "max_steps": 980, "loss": 1.384453610419487, "elapsed_time": 29.17565131187439}
{"event": "training_step", "timestamp": 1769651544.1776538, "step": 323, "max_steps": 980, "loss": 5.857734680175781, "elapsed_time": 29.654475688934326, "prnt": false}
{"event": "training_step", "timestamp": 1769651544.2599785, "step": 324, "max_steps": 980, "loss": 5.78250789642334, "elapsed_time": 29.736429691314697, "prnt": false}
{"event": "training_step", "timestamp": 1769651544.3423207, "step": 325, "max_steps": 980, "loss": 5.822990894317627, "elapsed_time": 29.81866765022278, "prnt": false}
{"event": "training_step", "timestamp": 1769651544.4246984, "step": 326, "max_steps": 980, "loss": 5.825048446655273, "elapsed_time": 29.90104079246521, "prnt": false}
{"event": "training_step", "timestamp": 1769651544.506914, "step": 327, "max_steps": 980, "loss": 5.7781782150268555, "elapsed_time": 29.983360528945923, "prnt": false}
{"event": "training_step", "timestamp": 1769651544.5889826, "step": 328, "max_steps": 980, "loss": 5.743610382080078, "elapsed_time": 30.065552711486816, "prnt": false}
{"event": "training_step", "timestamp": 1769651544.67125, "step": 329, "max_steps": 980, "loss": 5.841862678527832, "elapsed_time": 30.147860288619995, "prnt": false}
{"event": "training_step", "timestamp": 1769651544.753464, "step": 330, "max_steps": 980, "loss": 5.8140177726745605, "elapsed_time": 30.23006558418274, "prnt": false}
{"event": "training_step", "timestamp": 1769651544.8356872, "step": 331, "max_steps": 980, "loss": 5.797180652618408, "elapsed_time": 30.312317371368408, "prnt": false}
{"event": "training_step", "timestamp": 1769651544.9178116, "step": 332, "max_steps": 980, "loss": 5.6665143966674805, "elapsed_time": 30.394384622573853, "prnt": false}
{"event": "training_step", "timestamp": 1769651545.0002756, "step": 333, "max_steps": 980, "loss": 5.760602951049805, "elapsed_time": 30.476670026779175, "prnt": false}
{"event": "training_step", "timestamp": 1769651545.082624, "step": 334, "max_steps": 980, "loss": 5.707136154174805, "elapsed_time": 30.559089422225952, "prnt": false}
{"event": "training_step", "timestamp": 1769651545.1650386, "step": 335, "max_steps": 980, "loss": 5.750638961791992, "elapsed_time": 30.64140748977661, "prnt": false}
{"event": "training_step", "timestamp": 1769651545.2474527, "step": 336, "max_steps": 980, "loss": 5.82936954498291, "elapsed_time": 30.72485637664795, "prnt": false}
{"event": "training_step", "timestamp": 1769651545.3297434, "step": 337, "max_steps": 980, "loss": 5.727960586547852, "elapsed_time": 30.806513786315918, "prnt": false}
{"event": "training_step", "timestamp": 1769651545.4119415, "step": 338, "max_steps": 980, "loss": 5.753916263580322, "elapsed_time": 30.888403177261353, "prnt": false}
{"event": "training_step", "timestamp": 1769651545.4942858, "step": 339, "max_steps": 980, "loss": 5.663734436035156, "elapsed_time": 30.970860719680786, "prnt": false}
{"event": "training_step", "timestamp": 1769651545.5763776, "step": 340, "max_steps": 980, "loss": 5.7673020362854, "elapsed_time": 31.052919626235962, "prnt": false}
{"event": "training_step", "timestamp": 1769651545.6588368, "step": 341, "max_steps": 980, "loss": 5.762094020843506, "elapsed_time": 31.135744094848633, "prnt": false}
{"event": "training_step", "timestamp": 1769651545.7412977, "step": 342, "max_steps": 980, "loss": 5.691824913024902, "elapsed_time": 31.217770099639893, "prnt": false}
{"event": "training_step", "timestamp": 1769651545.823845, "step": 343, "max_steps": 980, "loss": 5.749208450317383, "elapsed_time": 31.30039143562317, "prnt": false}
{"event": "training_step", "timestamp": 1769651545.9059799, "step": 344, "max_steps": 980, "loss": 5.7801408767700195, "elapsed_time": 31.382250785827637, "prnt": false}
{"event": "training_step", "timestamp": 1769651545.9881756, "step": 345, "max_steps": 980, "loss": 5.770524501800537, "elapsed_time": 31.464503049850464, "prnt": false}
{"event": "training_step", "timestamp": 1769651546.0704527, "step": 346, "max_steps": 980, "loss": 5.694167137145996, "elapsed_time": 31.546801805496216, "prnt": false}
{"event": "training_step", "timestamp": 1769651546.152712, "step": 347, "max_steps": 980, "loss": 5.705644130706787, "elapsed_time": 31.6289381980896, "prnt": false}
{"event": "training_step", "timestamp": 1769651546.2350435, "step": 348, "max_steps": 980, "loss": 5.7068328857421875, "elapsed_time": 31.711682558059692, "prnt": false}
{"event": "training_step", "timestamp": 1769651546.3172972, "step": 349, "max_steps": 980, "loss": 5.713863372802734, "elapsed_time": 31.793652534484863, "prnt": false}
{"event": "training_step", "timestamp": 1769651546.3996649, "step": 350, "max_steps": 980, "loss": 5.713897228240967, "elapsed_time": 31.875699043273926, "prnt": false}
{"event": "training_step", "timestamp": 1769651546.4820862, "step": 351, "max_steps": 980, "loss": 5.718957901000977, "elapsed_time": 31.958415031433105, "prnt": false}
{"event": "training_step", "timestamp": 1769651546.5643961, "step": 352, "max_steps": 980, "loss": 5.705804347991943, "elapsed_time": 32.04047107696533, "prnt": false}
{"event": "training_step", "timestamp": 1769651546.646592, "step": 353, "max_steps": 980, "loss": 5.7135725021362305, "elapsed_time": 32.12313485145569, "prnt": false}
{"event": "training_step", "timestamp": 1769651546.7286947, "step": 354, "max_steps": 980, "loss": 5.690390110015869, "elapsed_time": 32.2051055431366, "prnt": false}
{"event": "training_step", "timestamp": 1769651546.811051, "step": 355, "max_steps": 980, "loss": 5.773094654083252, "elapsed_time": 32.287577390670776, "prnt": false}
{"event": "training_step", "timestamp": 1769651546.8932185, "step": 356, "max_steps": 980, "loss": 5.769402027130127, "elapsed_time": 32.36947250366211, "prnt": false}
{"event": "training_step", "timestamp": 1769651546.9754827, "step": 357, "max_steps": 980, "loss": 5.654439449310303, "elapsed_time": 32.451857566833496, "prnt": false}
{"event": "training_step", "timestamp": 1769651547.0577993, "step": 358, "max_steps": 980, "loss": 5.672381401062012, "elapsed_time": 32.53395318984985, "prnt": false}
{"event": "training_step", "timestamp": 1769651547.1402032, "step": 359, "max_steps": 980, "loss": 5.662834644317627, "elapsed_time": 32.61630129814148, "prnt": false}
{"event": "training_step", "timestamp": 1769651547.2225647, "step": 360, "max_steps": 980, "loss": 5.647768497467041, "elapsed_time": 32.6988685131073, "prnt": false}
{"event": "training_step", "timestamp": 1769651547.3050177, "step": 361, "max_steps": 980, "loss": 5.726804733276367, "elapsed_time": 32.78104591369629, "prnt": false}
{"event": "training_step", "timestamp": 1769651547.3870914, "step": 362, "max_steps": 980, "loss": 5.632344722747803, "elapsed_time": 32.86337327957153, "prnt": false}
{"event": "training_step", "timestamp": 1769651547.4692984, "step": 363, "max_steps": 980, "loss": 5.646481990814209, "elapsed_time": 32.94560766220093, "prnt": false}
{"event": "training_step", "timestamp": 1769651547.551613, "step": 364, "max_steps": 980, "loss": 5.707942962646484, "elapsed_time": 33.027727127075195, "prnt": false}
{"event": "training_step", "timestamp": 1769651547.633881, "step": 365, "max_steps": 980, "loss": 5.654095649719238, "elapsed_time": 33.11051559448242, "prnt": false}
{"event": "training_step", "timestamp": 1769651547.7161, "step": 366, "max_steps": 980, "loss": 5.670618057250977, "elapsed_time": 33.19233512878418, "prnt": false}
{"event": "training_step", "timestamp": 1769651547.798611, "step": 367, "max_steps": 980, "loss": 5.707879543304443, "elapsed_time": 33.2746684551239, "prnt": false}
{"event": "training_step", "timestamp": 1769651547.8809536, "step": 368, "max_steps": 980, "loss": 5.702561378479004, "elapsed_time": 33.357104778289795, "prnt": false}
{"event": "validation_step", "timestamp": 1769651548.276972, "step": 368, "max_steps": 980, "loss": 1.3667781744852503, "elapsed_time": 33.357104778289795}
{"event": "training_step", "timestamp": 1769651548.359828, "step": 369, "max_steps": 980, "loss": 5.661960601806641, "elapsed_time": 33.83609366416931, "prnt": false}
{"event": "training_step", "timestamp": 1769651548.4421525, "step": 370, "max_steps": 980, "loss": 5.6622490882873535, "elapsed_time": 33.91833019256592, "prnt": false}
{"event": "training_step", "timestamp": 1769651548.524622, "step": 371, "max_steps": 980, "loss": 5.692297458648682, "elapsed_time": 34.00067448616028, "prnt": false}
{"event": "training_step", "timestamp": 1769651548.6068087, "step": 372, "max_steps": 980, "loss": 5.5846171379089355, "elapsed_time": 34.0830774307251, "prnt": false}
{"event": "training_step", "timestamp": 1769651548.6891005, "step": 373, "max_steps": 980, "loss": 5.607410907745361, "elapsed_time": 34.165355920791626, "prnt": false}
{"event": "training_step", "timestamp": 1769651548.77131, "step": 374, "max_steps": 980, "loss": 5.623288154602051, "elapsed_time": 34.247556924819946, "prnt": false}
{"event": "training_step", "timestamp": 1769651548.8539019, "step": 375, "max_steps": 980, "loss": 5.65500020980835, "elapsed_time": 34.33079242706299, "prnt": false}
{"event": "training_step", "timestamp": 1769651548.9362833, "step": 376, "max_steps": 980, "loss": 5.658262252807617, "elapsed_time": 34.41283202171326, "prnt": false}
{"event": "training_step", "timestamp": 1769651549.0188806, "step": 377, "max_steps": 980, "loss": 5.630732536315918, "elapsed_time": 34.4953236579895, "prnt": false}
{"event": "training_step", "timestamp": 1769651549.1012352, "step": 378, "max_steps": 980, "loss": 5.675548553466797, "elapsed_time": 34.57756733894348, "prnt": false}
{"event": "training_step", "timestamp": 1769651549.183734, "step": 379, "max_steps": 980, "loss": 5.674358367919922, "elapsed_time": 34.660191774368286, "prnt": false}
{"event": "training_step", "timestamp": 1769651549.2659433, "step": 380, "max_steps": 980, "loss": 5.675840377807617, "elapsed_time": 34.742403745651245, "prnt": false}
{"event": "training_step", "timestamp": 1769651549.3482482, "step": 381, "max_steps": 980, "loss": 5.671762943267822, "elapsed_time": 34.82472014427185, "prnt": false}
{"event": "training_step", "timestamp": 1769651549.4305787, "step": 382, "max_steps": 980, "loss": 5.677147388458252, "elapsed_time": 34.906880378723145, "prnt": false}
{"event": "training_step", "timestamp": 1769651549.5130455, "step": 383, "max_steps": 980, "loss": 5.694695949554443, "elapsed_time": 34.989073276519775, "prnt": false}
{"event": "training_step", "timestamp": 1769651549.5953233, "step": 384, "max_steps": 980, "loss": 5.666175365447998, "elapsed_time": 35.0715856552124, "prnt": false}
{"event": "training_step", "timestamp": 1769651549.6777408, "step": 385, "max_steps": 980, "loss": 5.645244598388672, "elapsed_time": 35.15379548072815, "prnt": false}
{"event": "training_step", "timestamp": 1769651549.760226, "step": 386, "max_steps": 980, "loss": 5.64907693862915, "elapsed_time": 35.23607683181763, "prnt": false}
{"event": "training_step", "timestamp": 1769651549.8427448, "step": 387, "max_steps": 980, "loss": 5.6698808670043945, "elapsed_time": 35.31898546218872, "prnt": false}
{"event": "training_step", "timestamp": 1769651549.924969, "step": 388, "max_steps": 980, "loss": 5.638087272644043, "elapsed_time": 35.401198387145996, "prnt": false}
{"event": "training_step", "timestamp": 1769651550.007273, "step": 389, "max_steps": 980, "loss": 5.613070964813232, "elapsed_time": 35.483784437179565, "prnt": false}
{"event": "training_step", "timestamp": 1769651550.0895426, "step": 390, "max_steps": 980, "loss": 5.6636810302734375, "elapsed_time": 35.56569981575012, "prnt": false}
{"event": "training_step", "timestamp": 1769651550.1718998, "step": 391, "max_steps": 980, "loss": 5.618806838989258, "elapsed_time": 35.648019313812256, "prnt": false}
{"event": "training_step", "timestamp": 1769651550.254349, "step": 392, "max_steps": 980, "loss": 5.576648235321045, "elapsed_time": 35.730961084365845, "prnt": false}
{"event": "training_step", "timestamp": 1769651550.3368142, "step": 393, "max_steps": 980, "loss": 5.659219741821289, "elapsed_time": 35.812947034835815, "prnt": false}
{"event": "training_step", "timestamp": 1769651550.4193523, "step": 394, "max_steps": 980, "loss": 5.604858875274658, "elapsed_time": 35.89544415473938, "prnt": false}
{"event": "training_step", "timestamp": 1769651550.5018396, "step": 395, "max_steps": 980, "loss": 5.533516883850098, "elapsed_time": 35.97787523269653, "prnt": false}
{"event": "training_step", "timestamp": 1769651550.5842059, "step": 396, "max_steps": 980, "loss": 5.664398193359375, "elapsed_time": 36.06039357185364, "prnt": false}
{"event": "training_step", "timestamp": 1769651550.6665652, "step": 397, "max_steps": 980, "loss": 5.626303672790527, "elapsed_time": 36.142796993255615, "prnt": false}
{"event": "training_step", "timestamp": 1769651550.748845, "step": 398, "max_steps": 980, "loss": 5.514130592346191, "elapsed_time": 36.22496175765991, "prnt": false}
{"event": "training_step", "timestamp": 1769651550.831375, "step": 399, "max_steps": 980, "loss": 5.579371929168701, "elapsed_time": 36.307642459869385, "prnt": false}
{"event": "training_step", "timestamp": 1769651550.9136584, "step": 400, "max_steps": 980, "loss": 5.651438236236572, "elapsed_time": 36.38987064361572, "prnt": false}
{"event": "training_step", "timestamp": 1769651550.9960358, "step": 401, "max_steps": 980, "loss": 5.533483028411865, "elapsed_time": 36.472195863723755, "prnt": false}
{"event": "training_step", "timestamp": 1769651551.0784354, "step": 402, "max_steps": 980, "loss": 5.544803142547607, "elapsed_time": 36.554612159729004, "prnt": false}
{"event": "training_step", "timestamp": 1769651551.1609695, "step": 403, "max_steps": 980, "loss": 5.558962821960449, "elapsed_time": 36.63698434829712, "prnt": false}
{"event": "training_step", "timestamp": 1769651551.243381, "step": 404, "max_steps": 980, "loss": 5.574580192565918, "elapsed_time": 36.719409227371216, "prnt": false}
{"event": "training_step", "timestamp": 1769651551.3256204, "step": 405, "max_steps": 980, "loss": 5.6189165115356445, "elapsed_time": 36.801918029785156, "prnt": false}
{"event": "training_step", "timestamp": 1769651551.4079268, "step": 406, "max_steps": 980, "loss": 5.645184516906738, "elapsed_time": 36.884244203567505, "prnt": false}
{"event": "training_step", "timestamp": 1769651551.4903326, "step": 407, "max_steps": 980, "loss": 5.608188629150391, "elapsed_time": 36.96654033660889, "prnt": false}
{"event": "training_step", "timestamp": 1769651551.5726461, "step": 408, "max_steps": 980, "loss": 5.5221967697143555, "elapsed_time": 37.048747062683105, "prnt": false}
{"event": "training_step", "timestamp": 1769651551.6549673, "step": 409, "max_steps": 980, "loss": 5.5673651695251465, "elapsed_time": 37.13134479522705, "prnt": false}
{"event": "training_step", "timestamp": 1769651551.7373238, "step": 410, "max_steps": 980, "loss": 5.5287089347839355, "elapsed_time": 37.213385581970215, "prnt": false}
{"event": "training_step", "timestamp": 1769651551.819987, "step": 411, "max_steps": 980, "loss": 5.550381183624268, "elapsed_time": 37.29603624343872, "prnt": false}
{"event": "training_step", "timestamp": 1769651551.9024885, "step": 412, "max_steps": 980, "loss": 5.5516486167907715, "elapsed_time": 37.37844109535217, "prnt": false}
{"event": "training_step", "timestamp": 1769651551.9848366, "step": 413, "max_steps": 980, "loss": 5.558769226074219, "elapsed_time": 37.46116924285889, "prnt": false}
{"event": "training_step", "timestamp": 1769651552.0671067, "step": 414, "max_steps": 980, "loss": 5.5113959312438965, "elapsed_time": 37.54340076446533, "prnt": false}
{"event": "validation_step", "timestamp": 1769651552.463648, "step": 414, "max_steps": 980, "loss": 1.3498904246802383, "elapsed_time": 37.54340076446533}
{"event": "training_step", "timestamp": 1769651552.5466638, "step": 415, "max_steps": 980, "loss": 5.58788537979126, "elapsed_time": 38.02297115325928, "prnt": false}
{"event": "training_step", "timestamp": 1769651552.6289136, "step": 416, "max_steps": 980, "loss": 5.538069248199463, "elapsed_time": 38.105194091796875, "prnt": false}
{"event": "training_step", "timestamp": 1769651552.7114084, "step": 417, "max_steps": 980, "loss": 5.575003623962402, "elapsed_time": 38.1876335144043, "prnt": false}
{"event": "training_step", "timestamp": 1769651552.7938871, "step": 418, "max_steps": 980, "loss": 5.54421329498291, "elapsed_time": 38.27013111114502, "prnt": false}
{"event": "training_step", "timestamp": 1769651552.8763742, "step": 419, "max_steps": 980, "loss": 5.582467079162598, "elapsed_time": 38.35255813598633, "prnt": false}
{"event": "training_step", "timestamp": 1769651552.9589005, "step": 420, "max_steps": 980, "loss": 5.532921314239502, "elapsed_time": 38.43478059768677, "prnt": false}
{"event": "training_step", "timestamp": 1769651553.041493, "step": 421, "max_steps": 980, "loss": 5.524613380432129, "elapsed_time": 38.51759052276611, "prnt": false}
{"event": "training_step", "timestamp": 1769651553.123844, "step": 422, "max_steps": 980, "loss": 5.507769584655762, "elapsed_time": 38.59989404678345, "prnt": false}
{"event": "training_step", "timestamp": 1769651553.2062135, "step": 423, "max_steps": 980, "loss": 5.503772258758545, "elapsed_time": 38.68249726295471, "prnt": false}
{"event": "training_step", "timestamp": 1769651553.2885053, "step": 424, "max_steps": 980, "loss": 5.543184757232666, "elapsed_time": 38.76464653015137, "prnt": false}
{"event": "training_step", "timestamp": 1769651553.370963, "step": 425, "max_steps": 980, "loss": 5.582679748535156, "elapsed_time": 38.84700655937195, "prnt": false}
{"event": "training_step", "timestamp": 1769651553.453305, "step": 426, "max_steps": 980, "loss": 5.512195587158203, "elapsed_time": 38.929466247558594, "prnt": false}
{"event": "training_step", "timestamp": 1769651553.5357804, "step": 427, "max_steps": 980, "loss": 5.5870680809021, "elapsed_time": 39.0118134021759, "prnt": false}
{"event": "training_step", "timestamp": 1769651553.6183214, "step": 428, "max_steps": 980, "loss": 5.48829984664917, "elapsed_time": 39.094255447387695, "prnt": false}
{"event": "training_step", "timestamp": 1769651553.7007928, "step": 429, "max_steps": 980, "loss": 5.51296854019165, "elapsed_time": 39.176833152770996, "prnt": false}
{"event": "training_step", "timestamp": 1769651553.783173, "step": 430, "max_steps": 980, "loss": 5.497137546539307, "elapsed_time": 39.25949048995972, "prnt": false}
{"event": "training_step", "timestamp": 1769651553.8655763, "step": 431, "max_steps": 980, "loss": 5.4901814460754395, "elapsed_time": 39.34193539619446, "prnt": false}
{"event": "training_step", "timestamp": 1769651553.947966, "step": 432, "max_steps": 980, "loss": 5.556921005249023, "elapsed_time": 39.42420959472656, "prnt": false}
{"event": "training_step", "timestamp": 1769651554.0303907, "step": 433, "max_steps": 980, "loss": 5.498401165008545, "elapsed_time": 39.50647306442261, "prnt": false}
{"event": "training_step", "timestamp": 1769651554.112754, "step": 434, "max_steps": 980, "loss": 5.495914459228516, "elapsed_time": 39.58886122703552, "prnt": false}
{"event": "training_step", "timestamp": 1769651554.1953256, "step": 435, "max_steps": 980, "loss": 5.493839263916016, "elapsed_time": 39.6718111038208, "prnt": false}
{"event": "training_step", "timestamp": 1769651554.2778196, "step": 436, "max_steps": 980, "loss": 5.53003454208374, "elapsed_time": 39.75410842895508, "prnt": false}
{"event": "training_step", "timestamp": 1769651554.3604007, "step": 437, "max_steps": 980, "loss": 5.5584564208984375, "elapsed_time": 39.83637309074402, "prnt": false}
{"event": "training_step", "timestamp": 1769651554.4428985, "step": 438, "max_steps": 980, "loss": 5.547272205352783, "elapsed_time": 39.91889715194702, "prnt": false}
{"event": "training_step", "timestamp": 1769651554.5251694, "step": 439, "max_steps": 980, "loss": 5.501407623291016, "elapsed_time": 40.00153350830078, "prnt": false}
{"event": "training_step", "timestamp": 1769651554.6076367, "step": 440, "max_steps": 980, "loss": 5.514915943145752, "elapsed_time": 40.083889961242676, "prnt": false}
{"event": "training_step", "timestamp": 1769651554.6901197, "step": 441, "max_steps": 980, "loss": 5.456538200378418, "elapsed_time": 40.16618084907532, "prnt": false}
{"event": "training_step", "timestamp": 1769651554.7724395, "step": 442, "max_steps": 980, "loss": 5.4998602867126465, "elapsed_time": 40.248536586761475, "prnt": false}
{"event": "training_step", "timestamp": 1769651554.855025, "step": 443, "max_steps": 980, "loss": 5.489216327667236, "elapsed_time": 40.331207036972046, "prnt": false}
{"event": "training_step", "timestamp": 1769651554.9376874, "step": 444, "max_steps": 980, "loss": 5.48378849029541, "elapsed_time": 40.41353678703308, "prnt": false}
{"event": "training_step", "timestamp": 1769651555.020257, "step": 445, "max_steps": 980, "loss": 5.499959468841553, "elapsed_time": 40.49651336669922, "prnt": false}
{"event": "training_step", "timestamp": 1769651555.1027548, "step": 446, "max_steps": 980, "loss": 5.484834671020508, "elapsed_time": 40.57870268821716, "prnt": false}
{"event": "training_step", "timestamp": 1769651555.1850998, "step": 447, "max_steps": 980, "loss": 5.507481098175049, "elapsed_time": 40.66137719154358, "prnt": false}
{"event": "training_step", "timestamp": 1769651555.2674406, "step": 448, "max_steps": 980, "loss": 5.495558738708496, "elapsed_time": 40.74353885650635, "prnt": false}
{"event": "training_step", "timestamp": 1769651555.3499293, "step": 449, "max_steps": 980, "loss": 5.457723140716553, "elapsed_time": 40.82603454589844, "prnt": false}
{"event": "training_step", "timestamp": 1769651555.432384, "step": 450, "max_steps": 980, "loss": 5.453697204589844, "elapsed_time": 40.90845584869385, "prnt": false}
{"event": "training_step", "timestamp": 1769651555.5149896, "step": 451, "max_steps": 980, "loss": 5.521493911743164, "elapsed_time": 40.99105620384216, "prnt": false}
{"event": "training_step", "timestamp": 1769651555.597398, "step": 452, "max_steps": 980, "loss": 5.453628063201904, "elapsed_time": 41.07362365722656, "prnt": false}
{"event": "training_step", "timestamp": 1769651555.6799362, "step": 453, "max_steps": 980, "loss": 5.409836769104004, "elapsed_time": 41.156036376953125, "prnt": false}
{"event": "training_step", "timestamp": 1769651555.762482, "step": 454, "max_steps": 980, "loss": 5.47169303894043, "elapsed_time": 41.238481760025024, "prnt": false}
{"event": "training_step", "timestamp": 1769651555.8448946, "step": 455, "max_steps": 980, "loss": 5.490441799163818, "elapsed_time": 41.32135725021362, "prnt": false}
{"event": "training_step", "timestamp": 1769651555.9272425, "step": 456, "max_steps": 980, "loss": 5.4854841232299805, "elapsed_time": 41.40358638763428, "prnt": false}
{"event": "training_step", "timestamp": 1769651556.0097644, "step": 457, "max_steps": 980, "loss": 5.474198341369629, "elapsed_time": 41.486199378967285, "prnt": false}
{"event": "training_step", "timestamp": 1769651556.092114, "step": 458, "max_steps": 980, "loss": 5.472347259521484, "elapsed_time": 41.56861400604248, "prnt": false}
{"event": "training_step", "timestamp": 1769651556.1746063, "step": 459, "max_steps": 980, "loss": 5.511692047119141, "elapsed_time": 41.650851249694824, "prnt": false}
{"event": "training_step", "timestamp": 1769651556.2570674, "step": 460, "max_steps": 980, "loss": 5.381489276885986, "elapsed_time": 41.73353457450867, "prnt": false}
{"event": "validation_step", "timestamp": 1769651556.653928, "step": 460, "max_steps": 980, "loss": 1.3361832491080234, "elapsed_time": 41.73353457450867}
{"event": "training_step", "timestamp": 1769651556.7369497, "step": 461, "max_steps": 980, "loss": 5.513306617736816, "elapsed_time": 42.21339154243469, "prnt": false}
{"event": "training_step", "timestamp": 1769651556.8195403, "step": 462, "max_steps": 980, "loss": 5.390683174133301, "elapsed_time": 42.29579758644104, "prnt": false}
{"event": "training_step", "timestamp": 1769651556.902112, "step": 463, "max_steps": 980, "loss": 5.436497211456299, "elapsed_time": 42.37878441810608, "prnt": false}
{"event": "training_step", "timestamp": 1769651556.9844866, "step": 464, "max_steps": 980, "loss": 5.47519063949585, "elapsed_time": 42.4609375, "prnt": false}
{"event": "training_step", "timestamp": 1769651557.0669599, "step": 465, "max_steps": 980, "loss": 5.471309185028076, "elapsed_time": 42.54323768615723, "prnt": false}
{"event": "training_step", "timestamp": 1769651557.1493797, "step": 466, "max_steps": 980, "loss": 5.526675224304199, "elapsed_time": 42.625593423843384, "prnt": false}
{"event": "training_step", "timestamp": 1769651557.2318828, "step": 467, "max_steps": 980, "loss": 5.4261345863342285, "elapsed_time": 42.70805597305298, "prnt": false}
{"event": "training_step", "timestamp": 1769651557.314338, "step": 468, "max_steps": 980, "loss": 5.41010856628418, "elapsed_time": 42.790457010269165, "prnt": false}
{"event": "training_step", "timestamp": 1769651557.3969617, "step": 469, "max_steps": 980, "loss": 5.418414115905762, "elapsed_time": 42.87313532829285, "prnt": false}
{"event": "training_step", "timestamp": 1769651557.4794576, "step": 470, "max_steps": 980, "loss": 5.41030740737915, "elapsed_time": 42.95554184913635, "prnt": false}
{"event": "training_step", "timestamp": 1769651557.5620148, "step": 471, "max_steps": 980, "loss": 5.417159557342529, "elapsed_time": 43.03848218917847, "prnt": false}
{"event": "training_step", "timestamp": 1769651557.644264, "step": 472, "max_steps": 980, "loss": 5.4759650230407715, "elapsed_time": 43.12067151069641, "prnt": false}
{"event": "training_step", "timestamp": 1769651557.7267036, "step": 473, "max_steps": 980, "loss": 5.430365562438965, "elapsed_time": 43.2028431892395, "prnt": false}
{"event": "training_step", "timestamp": 1769651557.8092155, "step": 474, "max_steps": 980, "loss": 5.480930805206299, "elapsed_time": 43.28593111038208, "prnt": false}
{"event": "training_step", "timestamp": 1769651557.8917527, "step": 475, "max_steps": 980, "loss": 5.411428451538086, "elapsed_time": 43.36802434921265, "prnt": false}
{"event": "training_step", "timestamp": 1769651557.974168, "step": 476, "max_steps": 980, "loss": 5.388371467590332, "elapsed_time": 43.450416564941406, "prnt": false}
{"event": "training_step", "timestamp": 1769651558.0568156, "step": 477, "max_steps": 980, "loss": 5.452348709106445, "elapsed_time": 43.532864570617676, "prnt": false}
{"event": "training_step", "timestamp": 1769651558.139304, "step": 478, "max_steps": 980, "loss": 5.369764804840088, "elapsed_time": 43.61541414260864, "prnt": false}
{"event": "training_step", "timestamp": 1769651558.2218812, "step": 479, "max_steps": 980, "loss": 5.406848430633545, "elapsed_time": 43.69817781448364, "prnt": false}
{"event": "training_step", "timestamp": 1769651558.304371, "step": 480, "max_steps": 980, "loss": 5.470467567443848, "elapsed_time": 43.78114366531372, "prnt": false}
{"event": "training_step", "timestamp": 1769651558.3869042, "step": 481, "max_steps": 980, "loss": 5.381783962249756, "elapsed_time": 43.8634512424469, "prnt": false}
{"event": "training_step", "timestamp": 1769651558.4693966, "step": 482, "max_steps": 980, "loss": 5.435537338256836, "elapsed_time": 43.945740699768066, "prnt": false}
{"event": "training_step", "timestamp": 1769651558.5518613, "step": 483, "max_steps": 980, "loss": 5.353369235992432, "elapsed_time": 44.02822422981262, "prnt": false}
{"event": "training_step", "timestamp": 1769651558.634335, "step": 484, "max_steps": 980, "loss": 5.392831325531006, "elapsed_time": 44.110493421554565, "prnt": false}
{"event": "training_step", "timestamp": 1769651558.7169971, "step": 485, "max_steps": 980, "loss": 5.388006687164307, "elapsed_time": 44.193049907684326, "prnt": false}
{"event": "training_step", "timestamp": 1769651558.799569, "step": 486, "max_steps": 980, "loss": 5.416530609130859, "elapsed_time": 44.27582359313965, "prnt": false}
{"event": "training_step", "timestamp": 1769651558.8820922, "step": 487, "max_steps": 980, "loss": 5.429287433624268, "elapsed_time": 44.358439445495605, "prnt": false}
{"event": "training_step", "timestamp": 1769651558.9644084, "step": 488, "max_steps": 980, "loss": 5.426806926727295, "elapsed_time": 44.440969944000244, "prnt": false}
{"event": "training_step", "timestamp": 1769651559.046925, "step": 489, "max_steps": 980, "loss": 5.456179618835449, "elapsed_time": 44.523125886917114, "prnt": false}
{"event": "training_step", "timestamp": 1769651559.129364, "step": 490, "max_steps": 980, "loss": 5.366843223571777, "elapsed_time": 44.605488538742065, "prnt": false}
{"event": "training_step", "timestamp": 1769651559.2118444, "step": 491, "max_steps": 980, "loss": 5.36865758895874, "elapsed_time": 44.68834090232849, "prnt": false}
{"event": "training_step", "timestamp": 1769651559.294289, "step": 492, "max_steps": 980, "loss": 5.350501537322998, "elapsed_time": 44.77054834365845, "prnt": false}
{"event": "training_step", "timestamp": 1769651559.3771443, "step": 493, "max_steps": 980, "loss": 5.444808006286621, "elapsed_time": 44.85287857055664, "prnt": false}
{"event": "training_step", "timestamp": 1769651559.4596705, "step": 494, "max_steps": 980, "loss": 5.438568115234375, "elapsed_time": 44.935723543167114, "prnt": false}
{"event": "training_step", "timestamp": 1769651559.5421648, "step": 495, "max_steps": 980, "loss": 5.441975116729736, "elapsed_time": 45.01840376853943, "prnt": false}
{"event": "training_step", "timestamp": 1769651559.624608, "step": 496, "max_steps": 980, "loss": 5.330175876617432, "elapsed_time": 45.1008517742157, "prnt": false}
{"event": "training_step", "timestamp": 1769651559.7071986, "step": 497, "max_steps": 980, "loss": 5.344690322875977, "elapsed_time": 45.18345785140991, "prnt": false}
{"event": "training_step", "timestamp": 1769651559.7896464, "step": 498, "max_steps": 980, "loss": 5.3710737228393555, "elapsed_time": 45.26595687866211, "prnt": false}
{"event": "training_step", "timestamp": 1769651559.872092, "step": 499, "max_steps": 980, "loss": 5.413877964019775, "elapsed_time": 45.34842777252197, "prnt": false}
{"event": "training_step", "timestamp": 1769651559.954509, "step": 500, "max_steps": 980, "loss": 5.391879558563232, "elapsed_time": 45.43067979812622, "prnt": false}
{"event": "training_step", "timestamp": 1769651560.0372741, "step": 501, "max_steps": 980, "loss": 5.357851028442383, "elapsed_time": 45.513248443603516, "prnt": false}
{"event": "training_step", "timestamp": 1769651560.1198099, "step": 502, "max_steps": 980, "loss": 5.329256534576416, "elapsed_time": 45.59595775604248, "prnt": false}
{"event": "training_step", "timestamp": 1769651560.202282, "step": 503, "max_steps": 980, "loss": 5.397848129272461, "elapsed_time": 45.67850923538208, "prnt": false}
{"event": "training_step", "timestamp": 1769651560.284591, "step": 504, "max_steps": 980, "loss": 5.413087368011475, "elapsed_time": 45.76098823547363, "prnt": false}
{"event": "training_step", "timestamp": 1769651560.3671544, "step": 505, "max_steps": 980, "loss": 5.3558220863342285, "elapsed_time": 45.844003438949585, "prnt": false}
{"event": "training_step", "timestamp": 1769651560.4496317, "step": 506, "max_steps": 980, "loss": 5.350287437438965, "elapsed_time": 45.925838470458984, "prnt": false}
{"event": "validation_step", "timestamp": 1769651560.846496, "step": 506, "max_steps": 980, "loss": 1.3258461942643514, "elapsed_time": 45.925838470458984}
{"event": "training_step", "timestamp": 1769651560.9294972, "step": 507, "max_steps": 980, "loss": 5.36415958404541, "elapsed_time": 46.405911684036255, "prnt": false}
{"event": "training_step", "timestamp": 1769651561.011984, "step": 508, "max_steps": 980, "loss": 5.383210182189941, "elapsed_time": 46.488290548324585, "prnt": false}
{"event": "training_step", "timestamp": 1769651561.0946352, "step": 509, "max_steps": 980, "loss": 5.302427768707275, "elapsed_time": 46.57086539268494, "prnt": false}
{"event": "training_step", "timestamp": 1769651561.1773415, "step": 510, "max_steps": 980, "loss": 5.326478004455566, "elapsed_time": 46.65346932411194, "prnt": false}
{"event": "training_step", "timestamp": 1769651561.2600524, "step": 511, "max_steps": 980, "loss": 5.376949787139893, "elapsed_time": 46.736141204833984, "prnt": false}
{"event": "training_step", "timestamp": 1769651561.342369, "step": 512, "max_steps": 980, "loss": 5.364608287811279, "elapsed_time": 46.81874370574951, "prnt": false}
{"event": "training_step", "timestamp": 1769651561.4248466, "step": 513, "max_steps": 980, "loss": 5.358541011810303, "elapsed_time": 46.90108036994934, "prnt": false}
{"event": "training_step", "timestamp": 1769651561.5073154, "step": 514, "max_steps": 980, "loss": 5.389239311218262, "elapsed_time": 46.983572006225586, "prnt": false}
{"event": "training_step", "timestamp": 1769651561.5899305, "step": 515, "max_steps": 980, "loss": 5.303227424621582, "elapsed_time": 47.066017150878906, "prnt": false}
{"event": "training_step", "timestamp": 1769651561.6723814, "step": 516, "max_steps": 980, "loss": 5.2854719161987305, "elapsed_time": 47.148563623428345, "prnt": false}
{"event": "training_step", "timestamp": 1769651561.7550676, "step": 517, "max_steps": 980, "loss": 5.257165908813477, "elapsed_time": 47.23122763633728, "prnt": false}
{"event": "training_step", "timestamp": 1769651561.8376157, "step": 518, "max_steps": 980, "loss": 5.23586893081665, "elapsed_time": 47.313841342926025, "prnt": false}
{"event": "training_step", "timestamp": 1769651561.9203637, "step": 519, "max_steps": 980, "loss": 5.332572937011719, "elapsed_time": 47.39700698852539, "prnt": false}
{"event": "training_step", "timestamp": 1769651562.0027368, "step": 520, "max_steps": 980, "loss": 5.3906049728393555, "elapsed_time": 47.47911024093628, "prnt": false}
{"event": "training_step", "timestamp": 1769651562.085285, "step": 521, "max_steps": 980, "loss": 5.3021674156188965, "elapsed_time": 47.561673641204834, "prnt": false}
{"event": "training_step", "timestamp": 1769651562.1678817, "step": 522, "max_steps": 980, "loss": 5.380228042602539, "elapsed_time": 47.644205808639526, "prnt": false}
{"event": "training_step", "timestamp": 1769651562.2503605, "step": 523, "max_steps": 980, "loss": 5.2873735427856445, "elapsed_time": 47.72651195526123, "prnt": false}
{"event": "training_step", "timestamp": 1769651562.3330667, "step": 524, "max_steps": 980, "loss": 5.331060886383057, "elapsed_time": 47.80971574783325, "prnt": false}
{"event": "training_step", "timestamp": 1769651562.415952, "step": 525, "max_steps": 980, "loss": 5.3411993980407715, "elapsed_time": 47.89206099510193, "prnt": false}
{"event": "training_step", "timestamp": 1769651562.4985278, "step": 526, "max_steps": 980, "loss": 5.307178497314453, "elapsed_time": 47.97454214096069, "prnt": false}
{"event": "training_step", "timestamp": 1769651562.581046, "step": 527, "max_steps": 980, "loss": 5.3073601722717285, "elapsed_time": 48.057613372802734, "prnt": false}
{"event": "training_step", "timestamp": 1769651562.6633794, "step": 528, "max_steps": 980, "loss": 5.282087802886963, "elapsed_time": 48.13969373703003, "prnt": false}
{"event": "training_step", "timestamp": 1769651562.7459004, "step": 529, "max_steps": 980, "loss": 5.294948577880859, "elapsed_time": 48.222058057785034, "prnt": false}
{"event": "training_step", "timestamp": 1769651562.8284912, "step": 530, "max_steps": 980, "loss": 5.308936595916748, "elapsed_time": 48.30482745170593, "prnt": false}
{"event": "training_step", "timestamp": 1769651562.9109473, "step": 531, "max_steps": 980, "loss": 5.248685359954834, "elapsed_time": 48.387261629104614, "prnt": false}
{"event": "training_step", "timestamp": 1769651562.9935372, "step": 532, "max_steps": 980, "loss": 5.284739971160889, "elapsed_time": 48.46956944465637, "prnt": false}
{"event": "training_step", "timestamp": 1769651563.0763025, "step": 533, "max_steps": 980, "loss": 5.37534761428833, "elapsed_time": 48.55225229263306, "prnt": false}
{"event": "training_step", "timestamp": 1769651563.158939, "step": 534, "max_steps": 980, "loss": 5.319293022155762, "elapsed_time": 48.635014057159424, "prnt": false}
{"event": "training_step", "timestamp": 1769651563.2413645, "step": 535, "max_steps": 980, "loss": 5.271775722503662, "elapsed_time": 48.717761754989624, "prnt": false}
{"event": "training_step", "timestamp": 1769651563.3237104, "step": 536, "max_steps": 980, "loss": 5.3078742027282715, "elapsed_time": 48.800018310546875, "prnt": false}
{"event": "training_step", "timestamp": 1769651563.4064524, "step": 537, "max_steps": 980, "loss": 5.351677894592285, "elapsed_time": 48.88282918930054, "prnt": false}
{"event": "training_step", "timestamp": 1769651563.4889047, "step": 538, "max_steps": 980, "loss": 5.272014141082764, "elapsed_time": 48.965211153030396, "prnt": false}
{"event": "training_step", "timestamp": 1769651563.5714195, "step": 539, "max_steps": 980, "loss": 5.33903694152832, "elapsed_time": 49.0478081703186, "prnt": false}
{"event": "training_step", "timestamp": 1769651563.653951, "step": 540, "max_steps": 980, "loss": 5.333245754241943, "elapsed_time": 49.12999129295349, "prnt": false}
{"event": "training_step", "timestamp": 1769651563.7365966, "step": 541, "max_steps": 980, "loss": 5.336664199829102, "elapsed_time": 49.21287775039673, "prnt": false}
{"event": "training_step", "timestamp": 1769651563.819225, "step": 542, "max_steps": 980, "loss": 5.318243026733398, "elapsed_time": 49.29532599449158, "prnt": false}
{"event": "training_step", "timestamp": 1769651563.9016771, "step": 543, "max_steps": 980, "loss": 5.30394983291626, "elapsed_time": 49.37804985046387, "prnt": false}
{"event": "training_step", "timestamp": 1769651563.9841354, "step": 544, "max_steps": 980, "loss": 5.305704116821289, "elapsed_time": 49.46046471595764, "prnt": false}
{"event": "training_step", "timestamp": 1769651564.0666935, "step": 545, "max_steps": 980, "loss": 5.2716593742370605, "elapsed_time": 49.54284310340881, "prnt": false}
{"event": "training_step", "timestamp": 1769651564.1491017, "step": 546, "max_steps": 980, "loss": 5.225988388061523, "elapsed_time": 49.62530469894409, "prnt": false}
{"event": "training_step", "timestamp": 1769651564.231634, "step": 547, "max_steps": 980, "loss": 5.214921474456787, "elapsed_time": 49.70811223983765, "prnt": false}
{"event": "training_step", "timestamp": 1769651564.3142, "step": 548, "max_steps": 980, "loss": 5.289737701416016, "elapsed_time": 49.79023313522339, "prnt": false}
{"event": "training_step", "timestamp": 1769651564.397176, "step": 549, "max_steps": 980, "loss": 5.272818565368652, "elapsed_time": 49.87397742271423, "prnt": false}
{"event": "training_step", "timestamp": 1769651564.4797723, "step": 550, "max_steps": 980, "loss": 5.297866344451904, "elapsed_time": 49.95592260360718, "prnt": false}
{"event": "training_step", "timestamp": 1769651564.562184, "step": 551, "max_steps": 980, "loss": 5.315145969390869, "elapsed_time": 50.03860330581665, "prnt": false}
{"event": "training_step", "timestamp": 1769651564.6445248, "step": 552, "max_steps": 980, "loss": 5.288692474365234, "elapsed_time": 50.120821475982666, "prnt": false}
{"event": "validation_step", "timestamp": 1769651565.0415144, "step": 552, "max_steps": 980, "loss": 1.316918115620887, "elapsed_time": 50.120821475982666}
{"event": "training_step", "timestamp": 1769651565.1247723, "step": 553, "max_steps": 980, "loss": 5.377013206481934, "elapsed_time": 50.600717067718506, "prnt": false}
{"event": "training_step", "timestamp": 1769651565.2073839, "step": 554, "max_steps": 980, "loss": 5.27311372756958, "elapsed_time": 50.68343186378479, "prnt": false}
{"event": "training_step", "timestamp": 1769651565.289859, "step": 555, "max_steps": 980, "loss": 5.231443405151367, "elapsed_time": 50.7661075592041, "prnt": false}
{"event": "training_step", "timestamp": 1769651565.3724253, "step": 556, "max_steps": 980, "loss": 5.3290815353393555, "elapsed_time": 50.848445653915405, "prnt": false}
{"event": "training_step", "timestamp": 1769651565.4552917, "step": 557, "max_steps": 980, "loss": 5.275413990020752, "elapsed_time": 50.93102836608887, "prnt": false}
{"event": "training_step", "timestamp": 1769651565.5378482, "step": 558, "max_steps": 980, "loss": 5.235930919647217, "elapsed_time": 51.01393485069275, "prnt": false}
{"event": "training_step", "timestamp": 1769651565.6203969, "step": 559, "max_steps": 980, "loss": 5.286046981811523, "elapsed_time": 51.09658360481262, "prnt": false}
{"event": "training_step", "timestamp": 1769651565.7028022, "step": 560, "max_steps": 980, "loss": 5.257970333099365, "elapsed_time": 51.17904329299927, "prnt": false}
{"event": "training_step", "timestamp": 1769651565.7855635, "step": 561, "max_steps": 980, "loss": 5.316733360290527, "elapsed_time": 51.261690616607666, "prnt": false}
{"event": "training_step", "timestamp": 1769651565.8680475, "step": 562, "max_steps": 980, "loss": 5.245512008666992, "elapsed_time": 51.34448456764221, "prnt": false}
{"event": "training_step", "timestamp": 1769651565.95067, "step": 563, "max_steps": 980, "loss": 5.218390941619873, "elapsed_time": 51.42671513557434, "prnt": false}
{"event": "training_step", "timestamp": 1769651566.0331147, "step": 564, "max_steps": 980, "loss": 5.271448612213135, "elapsed_time": 51.509244203567505, "prnt": false}
{"event": "training_step", "timestamp": 1769651566.115846, "step": 565, "max_steps": 980, "loss": 5.253023624420166, "elapsed_time": 51.59197402000427, "prnt": false}
{"event": "training_step", "timestamp": 1769651566.1984797, "step": 566, "max_steps": 980, "loss": 5.23117733001709, "elapsed_time": 51.67448282241821, "prnt": false}
{"event": "training_step", "timestamp": 1769651566.2810223, "step": 567, "max_steps": 980, "loss": 5.235673427581787, "elapsed_time": 51.7571964263916, "prnt": false}
{"event": "training_step", "timestamp": 1769651566.3636587, "step": 568, "max_steps": 980, "loss": 5.298727035522461, "elapsed_time": 51.84029817581177, "prnt": false}
{"event": "training_step", "timestamp": 1769651566.445967, "step": 569, "max_steps": 980, "loss": 5.240488529205322, "elapsed_time": 51.92252039909363, "prnt": false}
{"event": "training_step", "timestamp": 1769651566.5284326, "step": 570, "max_steps": 980, "loss": 5.267740726470947, "elapsed_time": 52.00465106964111, "prnt": false}
{"event": "training_step", "timestamp": 1769651566.6111734, "step": 571, "max_steps": 980, "loss": 5.262977123260498, "elapsed_time": 52.087372064590454, "prnt": false}
{"event": "training_step", "timestamp": 1769651566.693743, "step": 572, "max_steps": 980, "loss": 5.219590187072754, "elapsed_time": 52.16971707344055, "prnt": false}
{"event": "training_step", "timestamp": 1769651566.7763846, "step": 573, "max_steps": 980, "loss": 5.261589527130127, "elapsed_time": 52.252790689468384, "prnt": false}
{"event": "training_step", "timestamp": 1769651566.8590305, "step": 574, "max_steps": 980, "loss": 5.167167663574219, "elapsed_time": 52.335219383239746, "prnt": false}
{"event": "training_step", "timestamp": 1769651566.9415455, "step": 575, "max_steps": 980, "loss": 5.164759159088135, "elapsed_time": 52.41788101196289, "prnt": false}
{"event": "training_step", "timestamp": 1769651567.0240083, "step": 576, "max_steps": 980, "loss": 5.2670745849609375, "elapsed_time": 52.5001335144043, "prnt": false}
{"event": "training_step", "timestamp": 1769651567.106646, "step": 577, "max_steps": 980, "loss": 5.2619123458862305, "elapsed_time": 52.58270287513733, "prnt": false}
{"event": "training_step", "timestamp": 1769651567.189188, "step": 578, "max_steps": 980, "loss": 5.243879795074463, "elapsed_time": 52.66540884971619, "prnt": false}
{"event": "training_step", "timestamp": 1769651567.2718256, "step": 579, "max_steps": 980, "loss": 5.24323844909668, "elapsed_time": 52.74790835380554, "prnt": false}
{"event": "training_step", "timestamp": 1769651567.354451, "step": 580, "max_steps": 980, "loss": 5.192179203033447, "elapsed_time": 52.83037495613098, "prnt": false}
{"event": "training_step", "timestamp": 1769651567.4370465, "step": 581, "max_steps": 980, "loss": 5.26716947555542, "elapsed_time": 52.913124322891235, "prnt": false}
{"event": "training_step", "timestamp": 1769651567.5195627, "step": 582, "max_steps": 980, "loss": 5.254626274108887, "elapsed_time": 52.995741844177246, "prnt": false}
{"event": "training_step", "timestamp": 1769651567.6020863, "step": 583, "max_steps": 980, "loss": 5.2661566734313965, "elapsed_time": 53.07830739021301, "prnt": false}
{"event": "training_step", "timestamp": 1769651567.6846004, "step": 584, "max_steps": 980, "loss": 5.247467517852783, "elapsed_time": 53.16051530838013, "prnt": false}
{"event": "training_step", "timestamp": 1769651567.767141, "step": 585, "max_steps": 980, "loss": 5.163857936859131, "elapsed_time": 53.24332237243652, "prnt": false}
{"event": "training_step", "timestamp": 1769651567.849649, "step": 586, "max_steps": 980, "loss": 5.233513832092285, "elapsed_time": 53.3259642124176, "prnt": false}
{"event": "training_step", "timestamp": 1769651567.9322383, "step": 587, "max_steps": 980, "loss": 5.226457118988037, "elapsed_time": 53.408419609069824, "prnt": false}
{"event": "training_step", "timestamp": 1769651568.0148418, "step": 588, "max_steps": 980, "loss": 5.23765754699707, "elapsed_time": 53.49087834358215, "prnt": false}
{"event": "training_step", "timestamp": 1769651568.0976315, "step": 589, "max_steps": 980, "loss": 5.248464107513428, "elapsed_time": 53.573638677597046, "prnt": false}
{"event": "training_step", "timestamp": 1769651568.179984, "step": 590, "max_steps": 980, "loss": 5.1999711990356445, "elapsed_time": 53.65630388259888, "prnt": false}
{"event": "training_step", "timestamp": 1769651568.2624776, "step": 591, "max_steps": 980, "loss": 5.268982410430908, "elapsed_time": 53.73869848251343, "prnt": false}
{"event": "training_step", "timestamp": 1769651568.3450127, "step": 592, "max_steps": 980, "loss": 5.209052085876465, "elapsed_time": 53.82113242149353, "prnt": false}
{"event": "training_step", "timestamp": 1769651568.427807, "step": 593, "max_steps": 980, "loss": 5.236377239227295, "elapsed_time": 53.90423512458801, "prnt": false}
{"event": "training_step", "timestamp": 1769651568.5102503, "step": 594, "max_steps": 980, "loss": 5.285654067993164, "elapsed_time": 53.986494302749634, "prnt": false}
{"event": "training_step", "timestamp": 1769651568.5929387, "step": 595, "max_steps": 980, "loss": 5.2204790115356445, "elapsed_time": 54.06893467903137, "prnt": false}
{"event": "training_step", "timestamp": 1769651568.675643, "step": 596, "max_steps": 980, "loss": 5.21976900100708, "elapsed_time": 54.15161085128784, "prnt": false}
{"event": "training_step", "timestamp": 1769651568.7582967, "step": 597, "max_steps": 980, "loss": 5.224251747131348, "elapsed_time": 54.23447299003601, "prnt": false}
{"event": "training_step", "timestamp": 1769651568.8406441, "step": 598, "max_steps": 980, "loss": 5.22700309753418, "elapsed_time": 54.31715106964111, "prnt": false}
{"event": "validation_step", "timestamp": 1769651569.2380989, "step": 598, "max_steps": 980, "loss": 1.3094920543538584, "elapsed_time": 54.31715106964111}
{"event": "training_step", "timestamp": 1769651569.3214087, "step": 599, "max_steps": 980, "loss": 5.2134690284729, "elapsed_time": 54.797279596328735, "prnt": false}
{"event": "training_step", "timestamp": 1769651569.4039853, "step": 600, "max_steps": 980, "loss": 5.2452616691589355, "elapsed_time": 54.88009762763977, "prnt": false}
{"event": "training_step", "timestamp": 1769651569.4866707, "step": 601, "max_steps": 980, "loss": 5.208235740661621, "elapsed_time": 54.96280360221863, "prnt": false}
{"event": "training_step", "timestamp": 1769651569.5691998, "step": 602, "max_steps": 980, "loss": 5.172974109649658, "elapsed_time": 55.045510053634644, "prnt": false}
{"event": "training_step", "timestamp": 1769651569.6518857, "step": 603, "max_steps": 980, "loss": 5.228646278381348, "elapsed_time": 55.12794089317322, "prnt": false}
{"event": "training_step", "timestamp": 1769651569.7346535, "step": 604, "max_steps": 980, "loss": 5.205235004425049, "elapsed_time": 55.21051836013794, "prnt": false}
{"event": "training_step", "timestamp": 1769651569.8174345, "step": 605, "max_steps": 980, "loss": 5.200333118438721, "elapsed_time": 55.29366064071655, "prnt": false}
{"event": "training_step", "timestamp": 1769651569.8999102, "step": 606, "max_steps": 980, "loss": 5.218772888183594, "elapsed_time": 55.37614035606384, "prnt": false}
{"event": "training_step", "timestamp": 1769651569.9825497, "step": 607, "max_steps": 980, "loss": 5.175465106964111, "elapsed_time": 55.458693742752075, "prnt": false}
{"event": "training_step", "timestamp": 1769651570.065162, "step": 608, "max_steps": 980, "loss": 5.268931865692139, "elapsed_time": 55.54116368293762, "prnt": false}
{"event": "training_step", "timestamp": 1769651570.1477509, "step": 609, "max_steps": 980, "loss": 5.144952297210693, "elapsed_time": 55.6238477230072, "prnt": false}
{"event": "training_step", "timestamp": 1769651570.2302718, "step": 610, "max_steps": 980, "loss": 5.194276809692383, "elapsed_time": 55.70634698867798, "prnt": false}
{"event": "training_step", "timestamp": 1769651570.3130155, "step": 611, "max_steps": 980, "loss": 5.208745956420898, "elapsed_time": 55.78897976875305, "prnt": false}
{"event": "training_step", "timestamp": 1769651570.395657, "step": 612, "max_steps": 980, "loss": 5.2135114669799805, "elapsed_time": 55.871746301651, "prnt": false}
{"event": "training_step", "timestamp": 1769651570.4783268, "step": 613, "max_steps": 980, "loss": 5.143857479095459, "elapsed_time": 55.95468187332153, "prnt": false}
{"event": "training_step", "timestamp": 1769651570.5607426, "step": 614, "max_steps": 980, "loss": 5.159346103668213, "elapsed_time": 56.03715968132019, "prnt": false}
{"event": "training_step", "timestamp": 1769651570.643348, "step": 615, "max_steps": 980, "loss": 5.209471225738525, "elapsed_time": 56.11942529678345, "prnt": false}
{"event": "training_step", "timestamp": 1769651570.7258582, "step": 616, "max_steps": 980, "loss": 5.161407470703125, "elapsed_time": 56.201905250549316, "prnt": false}
{"event": "training_step", "timestamp": 1769651570.808452, "step": 617, "max_steps": 980, "loss": 5.196990489959717, "elapsed_time": 56.284818172454834, "prnt": false}
{"event": "training_step", "timestamp": 1769651570.8910596, "step": 618, "max_steps": 980, "loss": 5.162805557250977, "elapsed_time": 56.36710834503174, "prnt": false}
{"event": "training_step", "timestamp": 1769651570.9738672, "step": 619, "max_steps": 980, "loss": 5.155786991119385, "elapsed_time": 56.449721336364746, "prnt": false}
{"event": "training_step", "timestamp": 1769651571.0565019, "step": 620, "max_steps": 980, "loss": 5.1319684982299805, "elapsed_time": 56.53244090080261, "prnt": false}
{"event": "training_step", "timestamp": 1769651571.1390307, "step": 621, "max_steps": 980, "loss": 5.1502227783203125, "elapsed_time": 56.615312576293945, "prnt": false}
{"event": "training_step", "timestamp": 1769651571.2215846, "step": 622, "max_steps": 980, "loss": 5.115758895874023, "elapsed_time": 56.69770288467407, "prnt": false}
{"event": "training_step", "timestamp": 1769651571.3042529, "step": 623, "max_steps": 980, "loss": 5.156891822814941, "elapsed_time": 56.78031897544861, "prnt": false}
{"event": "training_step", "timestamp": 1769651571.386726, "step": 624, "max_steps": 980, "loss": 5.140036582946777, "elapsed_time": 56.86295437812805, "prnt": false}
{"event": "training_step", "timestamp": 1769651571.469319, "step": 625, "max_steps": 980, "loss": 5.205271244049072, "elapsed_time": 56.945393323898315, "prnt": false}
{"event": "training_step", "timestamp": 1769651571.551942, "step": 626, "max_steps": 980, "loss": 5.156573295593262, "elapsed_time": 57.027811765670776, "prnt": false}
{"event": "training_step", "timestamp": 1769651571.634572, "step": 627, "max_steps": 980, "loss": 5.15191125869751, "elapsed_time": 57.110621213912964, "prnt": false}
{"event": "training_step", "timestamp": 1769651571.7172098, "step": 628, "max_steps": 980, "loss": 5.212796211242676, "elapsed_time": 57.19314122200012, "prnt": false}
{"event": "training_step", "timestamp": 1769651571.7998567, "step": 629, "max_steps": 980, "loss": 5.21681022644043, "elapsed_time": 57.27596354484558, "prnt": false}
{"event": "training_step", "timestamp": 1769651571.882426, "step": 630, "max_steps": 980, "loss": 5.140550136566162, "elapsed_time": 57.358415365219116, "prnt": false}
{"event": "training_step", "timestamp": 1769651571.965152, "step": 631, "max_steps": 980, "loss": 5.170533180236816, "elapsed_time": 57.44103384017944, "prnt": false}
{"event": "training_step", "timestamp": 1769651572.047698, "step": 632, "max_steps": 980, "loss": 5.163474082946777, "elapsed_time": 57.52377367019653, "prnt": false}
{"event": "training_step", "timestamp": 1769651572.1303928, "step": 633, "max_steps": 980, "loss": 5.193546772003174, "elapsed_time": 57.6063506603241, "prnt": false}
{"event": "training_step", "timestamp": 1769651572.2131414, "step": 634, "max_steps": 980, "loss": 5.164389610290527, "elapsed_time": 57.6890332698822, "prnt": false}
{"event": "training_step", "timestamp": 1769651572.2958264, "step": 635, "max_steps": 980, "loss": 5.161448955535889, "elapsed_time": 57.77182936668396, "prnt": false}
{"event": "training_step", "timestamp": 1769651572.3783774, "step": 636, "max_steps": 980, "loss": 5.105766773223877, "elapsed_time": 57.85453271865845, "prnt": false}
{"event": "training_step", "timestamp": 1769651572.461044, "step": 637, "max_steps": 980, "loss": 5.172407627105713, "elapsed_time": 57.937710762023926, "prnt": false}
{"event": "training_step", "timestamp": 1769651572.5436063, "step": 638, "max_steps": 980, "loss": 5.1752777099609375, "elapsed_time": 58.0196897983551, "prnt": false}
{"event": "training_step", "timestamp": 1769651572.6261692, "step": 639, "max_steps": 980, "loss": 5.164497375488281, "elapsed_time": 58.10231876373291, "prnt": false}
{"event": "training_step", "timestamp": 1769651572.7087796, "step": 640, "max_steps": 980, "loss": 5.139710426330566, "elapsed_time": 58.18472218513489, "prnt": false}
{"event": "training_step", "timestamp": 1769651572.7924724, "step": 641, "max_steps": 980, "loss": 5.147702693939209, "elapsed_time": 58.2686288356781, "prnt": false}
{"event": "training_step", "timestamp": 1769651572.8751516, "step": 642, "max_steps": 980, "loss": 5.194092750549316, "elapsed_time": 58.35112714767456, "prnt": false}
{"event": "training_step", "timestamp": 1769651572.9577522, "step": 643, "max_steps": 980, "loss": 5.139147758483887, "elapsed_time": 58.43384099006653, "prnt": false}
{"event": "training_step", "timestamp": 1769651573.0402257, "step": 644, "max_steps": 980, "loss": 5.1553425788879395, "elapsed_time": 58.51637506484985, "prnt": false}
{"event": "validation_step", "timestamp": 1769651573.437645, "step": 644, "max_steps": 980, "loss": 1.3051897641581953, "elapsed_time": 58.51637506484985}
{"event": "training_step", "timestamp": 1769651573.5208526, "step": 645, "max_steps": 980, "loss": 5.189091205596924, "elapsed_time": 58.996785163879395, "prnt": false}
{"event": "training_step", "timestamp": 1769651573.6034815, "step": 646, "max_steps": 980, "loss": 5.201963901519775, "elapsed_time": 59.079516649246216, "prnt": false}
{"event": "training_step", "timestamp": 1769651573.6861284, "step": 647, "max_steps": 980, "loss": 5.121304035186768, "elapsed_time": 59.16214561462402, "prnt": false}
{"event": "training_step", "timestamp": 1769651573.7688591, "step": 648, "max_steps": 980, "loss": 5.146231651306152, "elapsed_time": 59.24473214149475, "prnt": false}
{"event": "training_step", "timestamp": 1769651573.8516772, "step": 649, "max_steps": 980, "loss": 5.091338157653809, "elapsed_time": 59.32775378227234, "prnt": false}
{"event": "training_step", "timestamp": 1769651573.9344187, "step": 650, "max_steps": 980, "loss": 5.129032611846924, "elapsed_time": 59.41065073013306, "prnt": false}
{"event": "training_step", "timestamp": 1769651574.0172238, "step": 651, "max_steps": 980, "loss": 5.089768886566162, "elapsed_time": 59.4933078289032, "prnt": false}
{"event": "training_step", "timestamp": 1769651574.0996819, "step": 652, "max_steps": 980, "loss": 5.148350238800049, "elapsed_time": 59.57589817047119, "prnt": false}
{"event": "training_step", "timestamp": 1769651574.182368, "step": 653, "max_steps": 980, "loss": 5.16395902633667, "elapsed_time": 59.65868353843689, "prnt": false}
{"event": "training_step", "timestamp": 1769651574.2649343, "step": 654, "max_steps": 980, "loss": 5.208939552307129, "elapsed_time": 59.74089598655701, "prnt": false}
{"event": "training_step", "timestamp": 1769651574.3475773, "step": 655, "max_steps": 980, "loss": 5.161879539489746, "elapsed_time": 59.823904514312744, "prnt": false}
{"event": "training_step", "timestamp": 1769651574.4301202, "step": 656, "max_steps": 980, "loss": 5.1655073165893555, "elapsed_time": 59.90628790855408, "prnt": false}
{"event": "training_step", "timestamp": 1769651574.5130103, "step": 657, "max_steps": 980, "loss": 5.179536819458008, "elapsed_time": 59.98899722099304, "prnt": false}
{"event": "training_step", "timestamp": 1769651574.595667, "step": 658, "max_steps": 980, "loss": 5.08369779586792, "elapsed_time": 60.07163190841675, "prnt": false}
{"event": "training_step", "timestamp": 1769651574.6782365, "step": 659, "max_steps": 980, "loss": 5.1164445877075195, "elapsed_time": 60.15429973602295, "prnt": false}
{"event": "training_step", "timestamp": 1769651574.7608237, "step": 660, "max_steps": 980, "loss": 5.1081342697143555, "elapsed_time": 60.23714351654053, "prnt": false}
{"event": "training_step", "timestamp": 1769651574.8435378, "step": 661, "max_steps": 980, "loss": 5.154895782470703, "elapsed_time": 60.319634199142456, "prnt": false}
{"event": "training_step", "timestamp": 1769651574.9260716, "step": 662, "max_steps": 980, "loss": 5.112649917602539, "elapsed_time": 60.40220284461975, "prnt": false}
{"event": "training_step", "timestamp": 1769651575.0087411, "step": 663, "max_steps": 980, "loss": 5.071767330169678, "elapsed_time": 60.485015869140625, "prnt": false}
{"event": "training_step", "timestamp": 1769651575.0914402, "step": 664, "max_steps": 980, "loss": 5.132329940795898, "elapsed_time": 60.567384481430054, "prnt": false}
{"event": "training_step", "timestamp": 1769651575.1742449, "step": 665, "max_steps": 980, "loss": 5.140249252319336, "elapsed_time": 60.65026903152466, "prnt": false}
{"event": "training_step", "timestamp": 1769651575.2568889, "step": 666, "max_steps": 980, "loss": 5.120580196380615, "elapsed_time": 60.732837438583374, "prnt": false}
{"event": "training_step", "timestamp": 1769651575.3393748, "step": 667, "max_steps": 980, "loss": 5.119456768035889, "elapsed_time": 60.81557083129883, "prnt": false}
{"event": "training_step", "timestamp": 1769651575.4219334, "step": 668, "max_steps": 980, "loss": 5.1654839515686035, "elapsed_time": 60.89801239967346, "prnt": false}
{"event": "training_step", "timestamp": 1769651575.5046506, "step": 669, "max_steps": 980, "loss": 5.1186113357543945, "elapsed_time": 60.98070025444031, "prnt": false}
{"event": "training_step", "timestamp": 1769651575.5871959, "step": 670, "max_steps": 980, "loss": 5.155215263366699, "elapsed_time": 61.063352823257446, "prnt": false}
{"event": "training_step", "timestamp": 1769651575.669973, "step": 671, "max_steps": 980, "loss": 5.135362148284912, "elapsed_time": 61.14590835571289, "prnt": false}
{"event": "training_step", "timestamp": 1769651575.7528832, "step": 672, "max_steps": 980, "loss": 5.120265007019043, "elapsed_time": 61.22940945625305, "prnt": false}
{"event": "training_step", "timestamp": 1769651575.8356805, "step": 673, "max_steps": 980, "loss": 5.114015102386475, "elapsed_time": 61.31197810173035, "prnt": false}
{"event": "training_step", "timestamp": 1769651575.918175, "step": 674, "max_steps": 980, "loss": 5.084664344787598, "elapsed_time": 61.39441180229187, "prnt": false}
{"event": "training_step", "timestamp": 1769651576.0008307, "step": 675, "max_steps": 980, "loss": 5.181645393371582, "elapsed_time": 61.476914167404175, "prnt": false}
{"event": "training_step", "timestamp": 1769651576.0834203, "step": 676, "max_steps": 980, "loss": 5.176166534423828, "elapsed_time": 61.55938482284546, "prnt": false}
{"event": "training_step", "timestamp": 1769651576.1660545, "step": 677, "max_steps": 980, "loss": 5.0506157875061035, "elapsed_time": 61.6419575214386, "prnt": false}
{"event": "training_step", "timestamp": 1769651576.2486117, "step": 678, "max_steps": 980, "loss": 5.048022270202637, "elapsed_time": 61.72466993331909, "prnt": false}
{"event": "training_step", "timestamp": 1769651576.3312945, "step": 679, "max_steps": 980, "loss": 5.16085147857666, "elapsed_time": 61.8072943687439, "prnt": false}
{"event": "training_step", "timestamp": 1769651576.4139993, "step": 680, "max_steps": 980, "loss": 5.097008228302002, "elapsed_time": 61.89006423950195, "prnt": false}
{"event": "training_step", "timestamp": 1769651576.4969194, "step": 681, "max_steps": 980, "loss": 5.12417459487915, "elapsed_time": 61.9731183052063, "prnt": false}
{"event": "training_step", "timestamp": 1769651576.5794218, "step": 682, "max_steps": 980, "loss": 5.110558032989502, "elapsed_time": 62.055598974227905, "prnt": false}
{"event": "training_step", "timestamp": 1769651576.6620643, "step": 683, "max_steps": 980, "loss": 5.172144889831543, "elapsed_time": 62.13811922073364, "prnt": false}
{"event": "training_step", "timestamp": 1769651576.744664, "step": 684, "max_steps": 980, "loss": 5.121783256530762, "elapsed_time": 62.220699071884155, "prnt": false}
{"event": "training_step", "timestamp": 1769651576.827374, "step": 685, "max_steps": 980, "loss": 5.093166828155518, "elapsed_time": 62.30378270149231, "prnt": false}
{"event": "training_step", "timestamp": 1769651576.90996, "step": 686, "max_steps": 980, "loss": 5.114974021911621, "elapsed_time": 62.38606667518616, "prnt": false}
{"event": "training_step", "timestamp": 1769651576.9927027, "step": 687, "max_steps": 980, "loss": 5.104795932769775, "elapsed_time": 62.468894243240356, "prnt": false}
{"event": "training_step", "timestamp": 1769651577.075391, "step": 688, "max_steps": 980, "loss": 5.100973129272461, "elapsed_time": 62.55143117904663, "prnt": false}
{"event": "training_step", "timestamp": 1769651577.1579695, "step": 689, "max_steps": 980, "loss": 5.182407855987549, "elapsed_time": 62.63420605659485, "prnt": false}
{"event": "training_step", "timestamp": 1769651577.240486, "step": 690, "max_steps": 980, "loss": 5.101537227630615, "elapsed_time": 62.71655511856079, "prnt": false}
{"event": "validation_step", "timestamp": 1769651577.6380193, "step": 690, "max_steps": 980, "loss": 1.3010354653863387, "elapsed_time": 62.71655511856079}
{"event": "training_step", "timestamp": 1769651577.7212038, "step": 691, "max_steps": 980, "loss": 5.056299209594727, "elapsed_time": 63.197126626968384, "prnt": false}
{"event": "training_step", "timestamp": 1769651577.803857, "step": 692, "max_steps": 980, "loss": 5.101570129394531, "elapsed_time": 63.27995800971985, "prnt": false}
{"event": "training_step", "timestamp": 1769651577.8864067, "step": 693, "max_steps": 980, "loss": 5.11478328704834, "elapsed_time": 63.36263084411621, "prnt": false}
{"event": "training_step", "timestamp": 1769651577.9690335, "step": 694, "max_steps": 980, "loss": 5.14032506942749, "elapsed_time": 63.44502544403076, "prnt": false}
{"event": "training_step", "timestamp": 1769651578.0519066, "step": 695, "max_steps": 980, "loss": 5.047729015350342, "elapsed_time": 63.52768278121948, "prnt": false}
{"event": "training_step", "timestamp": 1769651578.1345553, "step": 696, "max_steps": 980, "loss": 5.073836326599121, "elapsed_time": 63.610511779785156, "prnt": false}
{"event": "training_step", "timestamp": 1769651578.2170956, "step": 697, "max_steps": 980, "loss": 5.085750579833984, "elapsed_time": 63.693326473236084, "prnt": false}
{"event": "training_step", "timestamp": 1769651578.2996237, "step": 698, "max_steps": 980, "loss": 5.091691017150879, "elapsed_time": 63.77566623687744, "prnt": false}
{"event": "training_step", "timestamp": 1769651578.382374, "step": 699, "max_steps": 980, "loss": 5.138482570648193, "elapsed_time": 63.8584361076355, "prnt": false}
{"event": "training_step", "timestamp": 1769651578.4649708, "step": 700, "max_steps": 980, "loss": 5.081146717071533, "elapsed_time": 63.94124460220337, "prnt": false}
{"event": "training_step", "timestamp": 1769651578.5479398, "step": 701, "max_steps": 980, "loss": 5.1106696128845215, "elapsed_time": 64.02439165115356, "prnt": false}
{"event": "training_step", "timestamp": 1769651578.6305928, "step": 702, "max_steps": 980, "loss": 4.961682319641113, "elapsed_time": 64.10662174224854, "prnt": false}
{"event": "training_step", "timestamp": 1769651578.7133777, "step": 703, "max_steps": 980, "loss": 5.055176734924316, "elapsed_time": 64.189373254776, "prnt": false}
{"event": "training_step", "timestamp": 1769651578.7960358, "step": 704, "max_steps": 980, "loss": 5.042751789093018, "elapsed_time": 64.27219796180725, "prnt": false}
{"event": "training_step", "timestamp": 1769651578.8787563, "step": 705, "max_steps": 980, "loss": 5.059649467468262, "elapsed_time": 64.35502886772156, "prnt": false}
{"event": "training_step", "timestamp": 1769651578.9616668, "step": 706, "max_steps": 980, "loss": 5.047480583190918, "elapsed_time": 64.43771290779114, "prnt": false}
{"event": "training_step", "timestamp": 1769651579.0443416, "step": 707, "max_steps": 980, "loss": 5.1103196144104, "elapsed_time": 64.52036046981812, "prnt": false}
{"event": "training_step", "timestamp": 1769651579.126993, "step": 708, "max_steps": 980, "loss": 5.0220842361450195, "elapsed_time": 64.60304117202759, "prnt": false}
{"event": "training_step", "timestamp": 1769651579.209762, "step": 709, "max_steps": 980, "loss": 5.086435794830322, "elapsed_time": 64.68587303161621, "prnt": false}
{"event": "training_step", "timestamp": 1769651579.292387, "step": 710, "max_steps": 980, "loss": 5.08335018157959, "elapsed_time": 64.7684473991394, "prnt": false}
{"event": "training_step", "timestamp": 1769651579.3751132, "step": 711, "max_steps": 980, "loss": 5.116267204284668, "elapsed_time": 64.85109257698059, "prnt": false}
{"event": "training_step", "timestamp": 1769651579.4575915, "step": 712, "max_steps": 980, "loss": 5.087649822235107, "elapsed_time": 64.93369650840759, "prnt": false}
{"event": "training_step", "timestamp": 1769651579.5402775, "step": 713, "max_steps": 980, "loss": 5.090829849243164, "elapsed_time": 65.01642036437988, "prnt": false}
{"event": "training_step", "timestamp": 1769651579.6228905, "step": 714, "max_steps": 980, "loss": 5.0836029052734375, "elapsed_time": 65.09898114204407, "prnt": false}
{"event": "training_step", "timestamp": 1769651579.7055774, "step": 715, "max_steps": 980, "loss": 5.077284812927246, "elapsed_time": 65.18170094490051, "prnt": false}
{"event": "training_step", "timestamp": 1769651579.7881706, "step": 716, "max_steps": 980, "loss": 5.051351547241211, "elapsed_time": 65.26455783843994, "prnt": false}
{"event": "training_step", "timestamp": 1769651579.87124, "step": 717, "max_steps": 980, "loss": 5.120359897613525, "elapsed_time": 65.34695267677307, "prnt": false}
{"event": "training_step", "timestamp": 1769651579.9538708, "step": 718, "max_steps": 980, "loss": 5.069494247436523, "elapsed_time": 65.42986249923706, "prnt": false}
{"event": "training_step", "timestamp": 1769651580.036657, "step": 719, "max_steps": 980, "loss": 5.058862686157227, "elapsed_time": 65.51256036758423, "prnt": false}
{"event": "training_step", "timestamp": 1769651580.1191695, "step": 720, "max_steps": 980, "loss": 5.075445175170898, "elapsed_time": 65.59531712532043, "prnt": false}
{"event": "training_step", "timestamp": 1769651580.2017422, "step": 721, "max_steps": 980, "loss": 5.0609211921691895, "elapsed_time": 65.67778992652893, "prnt": false}
{"event": "training_step", "timestamp": 1769651580.2842422, "step": 722, "max_steps": 980, "loss": 5.084866046905518, "elapsed_time": 65.76031756401062, "prnt": false}
{"event": "training_step", "timestamp": 1769651580.366822, "step": 723, "max_steps": 980, "loss": 5.053127288818359, "elapsed_time": 65.8429024219513, "prnt": false}
{"event": "training_step", "timestamp": 1769651580.4494703, "step": 724, "max_steps": 980, "loss": 5.038203239440918, "elapsed_time": 65.92545342445374, "prnt": false}
{"event": "training_step", "timestamp": 1769651580.5322607, "step": 725, "max_steps": 980, "loss": 5.0828986167907715, "elapsed_time": 66.00860714912415, "prnt": false}
{"event": "training_step", "timestamp": 1769651580.6149228, "step": 726, "max_steps": 980, "loss": 5.07695198059082, "elapsed_time": 66.09105920791626, "prnt": false}
{"event": "training_step", "timestamp": 1769651580.6973722, "step": 727, "max_steps": 980, "loss": 5.053539276123047, "elapsed_time": 66.17366170883179, "prnt": false}
{"event": "training_step", "timestamp": 1769651580.7798653, "step": 728, "max_steps": 980, "loss": 5.038700580596924, "elapsed_time": 66.2561023235321, "prnt": false}
{"event": "training_step", "timestamp": 1769651580.86254, "step": 729, "max_steps": 980, "loss": 5.055587291717529, "elapsed_time": 66.3385739326477, "prnt": false}
{"event": "training_step", "timestamp": 1769651580.9450703, "step": 730, "max_steps": 980, "loss": 4.987692356109619, "elapsed_time": 66.42113900184631, "prnt": false}
{"event": "training_step", "timestamp": 1769651581.027738, "step": 731, "max_steps": 980, "loss": 5.07625675201416, "elapsed_time": 66.50385737419128, "prnt": false}
{"event": "training_step", "timestamp": 1769651581.110423, "step": 732, "max_steps": 980, "loss": 5.0695061683654785, "elapsed_time": 66.58640384674072, "prnt": false}
{"event": "training_step", "timestamp": 1769651581.1932347, "step": 733, "max_steps": 980, "loss": 5.057864189147949, "elapsed_time": 66.66929221153259, "prnt": false}
{"event": "training_step", "timestamp": 1769651581.2757912, "step": 734, "max_steps": 980, "loss": 5.051558494567871, "elapsed_time": 66.75199103355408, "prnt": false}
{"event": "training_step", "timestamp": 1769651581.358789, "step": 735, "max_steps": 980, "loss": 5.0333380699157715, "elapsed_time": 66.83583664894104, "prnt": false}
{"event": "training_step", "timestamp": 1769651581.441658, "step": 736, "max_steps": 980, "loss": 5.044419765472412, "elapsed_time": 66.92061877250671, "prnt": false}
{"event": "validation_step", "timestamp": 1769651581.8392227, "step": 736, "max_steps": 980, "loss": 1.2981688904757709, "elapsed_time": 66.92061877250671}
{"event": "training_step", "timestamp": 1769651581.9225519, "step": 737, "max_steps": 980, "loss": 5.040370941162109, "elapsed_time": 67.39883756637573, "prnt": false}
{"event": "training_step", "timestamp": 1769651582.0062163, "step": 738, "max_steps": 980, "loss": 5.038183212280273, "elapsed_time": 67.4859778881073, "prnt": false}
{"event": "training_step", "timestamp": 1769651582.0901115, "step": 739, "max_steps": 980, "loss": 5.09503173828125, "elapsed_time": 67.56962537765503, "prnt": false}
{"event": "training_step", "timestamp": 1769651582.173148, "step": 740, "max_steps": 980, "loss": 4.997439861297607, "elapsed_time": 67.65024399757385, "prnt": false}
{"event": "training_step", "timestamp": 1769651582.2559886, "step": 741, "max_steps": 980, "loss": 5.0901384353637695, "elapsed_time": 67.73587584495544, "prnt": false}
{"event": "training_step", "timestamp": 1769651582.3386226, "step": 742, "max_steps": 980, "loss": 5.043090343475342, "elapsed_time": 67.81514191627502, "prnt": false}
{"event": "training_step", "timestamp": 1769651582.4215066, "step": 743, "max_steps": 980, "loss": 5.035353660583496, "elapsed_time": 67.89802742004395, "prnt": false}
{"event": "training_step", "timestamp": 1769651582.5044677, "step": 744, "max_steps": 980, "loss": 5.072868347167969, "elapsed_time": 67.98121738433838, "prnt": false}
{"event": "training_step", "timestamp": 1769651582.587403, "step": 745, "max_steps": 980, "loss": 4.939414024353027, "elapsed_time": 68.06388831138611, "prnt": false}
{"event": "training_step", "timestamp": 1769651582.6704428, "step": 746, "max_steps": 980, "loss": 5.115341663360596, "elapsed_time": 68.1468985080719, "prnt": false}
{"event": "training_step", "timestamp": 1769651582.753523, "step": 747, "max_steps": 980, "loss": 4.97155237197876, "elapsed_time": 68.23012804985046, "prnt": false}
{"event": "training_step", "timestamp": 1769651582.8361695, "step": 748, "max_steps": 980, "loss": 5.049145221710205, "elapsed_time": 68.31278443336487, "prnt": false}
{"event": "training_step", "timestamp": 1769651582.9190905, "step": 749, "max_steps": 980, "loss": 5.049654483795166, "elapsed_time": 68.39564990997314, "prnt": false}
{"event": "training_step", "timestamp": 1769651583.0019915, "step": 750, "max_steps": 980, "loss": 5.019129276275635, "elapsed_time": 68.4785327911377, "prnt": false}
{"event": "training_step", "timestamp": 1769651583.0848067, "step": 751, "max_steps": 980, "loss": 5.106650352478027, "elapsed_time": 68.56125545501709, "prnt": false}
{"event": "training_step", "timestamp": 1769651583.1675608, "step": 752, "max_steps": 980, "loss": 5.077273368835449, "elapsed_time": 68.64419484138489, "prnt": false}
{"event": "training_step", "timestamp": 1769651583.2505567, "step": 753, "max_steps": 980, "loss": 5.079266548156738, "elapsed_time": 68.7268979549408, "prnt": false}
{"event": "training_step", "timestamp": 1769651583.333408, "step": 754, "max_steps": 980, "loss": 4.996020317077637, "elapsed_time": 68.80993270874023, "prnt": false}
{"event": "training_step", "timestamp": 1769651583.4163117, "step": 755, "max_steps": 980, "loss": 5.000819683074951, "elapsed_time": 68.89295434951782, "prnt": false}
{"event": "training_step", "timestamp": 1769651583.4990702, "step": 756, "max_steps": 980, "loss": 5.019759654998779, "elapsed_time": 68.97543573379517, "prnt": false}
{"event": "training_step", "timestamp": 1769651583.5819027, "step": 757, "max_steps": 980, "loss": 5.081254005432129, "elapsed_time": 69.05820941925049, "prnt": false}
{"event": "training_step", "timestamp": 1769651583.6648865, "step": 758, "max_steps": 980, "loss": 5.061175346374512, "elapsed_time": 69.14124798774719, "prnt": false}
{"event": "training_step", "timestamp": 1769651583.747956, "step": 759, "max_steps": 980, "loss": 5.034840106964111, "elapsed_time": 69.22459030151367, "prnt": false}
{"event": "training_step", "timestamp": 1769651583.8308072, "step": 760, "max_steps": 980, "loss": 5.034739017486572, "elapsed_time": 69.30718326568604, "prnt": false}
{"event": "training_step", "timestamp": 1769651583.9137695, "step": 761, "max_steps": 980, "loss": 4.997539520263672, "elapsed_time": 69.39014267921448, "prnt": false}
{"event": "training_step", "timestamp": 1769651583.996347, "step": 762, "max_steps": 980, "loss": 5.0497026443481445, "elapsed_time": 69.47286558151245, "prnt": false}
{"event": "training_step", "timestamp": 1769651584.079291, "step": 763, "max_steps": 980, "loss": 5.006105422973633, "elapsed_time": 69.5559012889862, "prnt": false}
{"event": "training_step", "timestamp": 1769651584.1619854, "step": 764, "max_steps": 980, "loss": 5.0072340965271, "elapsed_time": 69.63863110542297, "prnt": false}
{"event": "training_step", "timestamp": 1769651584.244859, "step": 765, "max_steps": 980, "loss": 4.984714984893799, "elapsed_time": 69.72138404846191, "prnt": false}
{"event": "training_step", "timestamp": 1769651584.3285182, "step": 766, "max_steps": 980, "loss": 5.030971527099609, "elapsed_time": 69.80750823020935, "prnt": false}
{"event": "training_step", "timestamp": 1769651584.4117112, "step": 767, "max_steps": 980, "loss": 5.014770984649658, "elapsed_time": 69.88834476470947, "prnt": false}
{"event": "training_step", "timestamp": 1769651584.4944458, "step": 768, "max_steps": 980, "loss": 5.041492462158203, "elapsed_time": 69.97112679481506, "prnt": false}
{"event": "training_step", "timestamp": 1769651584.5772388, "step": 769, "max_steps": 980, "loss": 5.0116472244262695, "elapsed_time": 70.05401730537415, "prnt": false}
{"event": "training_step", "timestamp": 1769651584.6600602, "step": 770, "max_steps": 980, "loss": 5.083204746246338, "elapsed_time": 70.1366651058197, "prnt": false}
{"event": "training_step", "timestamp": 1769651584.7429264, "step": 771, "max_steps": 980, "loss": 5.029910087585449, "elapsed_time": 70.21982550621033, "prnt": false}
{"event": "training_step", "timestamp": 1769651584.82586, "step": 772, "max_steps": 980, "loss": 5.0180792808532715, "elapsed_time": 70.30245542526245, "prnt": false}
{"event": "training_step", "timestamp": 1769651584.908794, "step": 773, "max_steps": 980, "loss": 5.04793643951416, "elapsed_time": 70.38513207435608, "prnt": false}
{"event": "training_step", "timestamp": 1769651584.9915926, "step": 774, "max_steps": 980, "loss": 4.95842981338501, "elapsed_time": 70.46751141548157, "prnt": false}
{"event": "training_step", "timestamp": 1769651585.0742118, "step": 775, "max_steps": 980, "loss": 5.091404438018799, "elapsed_time": 70.55010437965393, "prnt": false}
{"event": "training_step", "timestamp": 1769651585.1566622, "step": 776, "max_steps": 980, "loss": 5.081868648529053, "elapsed_time": 70.6326539516449, "prnt": false}
{"event": "training_step", "timestamp": 1769651585.2397017, "step": 777, "max_steps": 980, "loss": 4.980296611785889, "elapsed_time": 70.71642994880676, "prnt": false}
{"event": "training_step", "timestamp": 1769651585.322401, "step": 778, "max_steps": 980, "loss": 5.046031475067139, "elapsed_time": 70.7987265586853, "prnt": false}
{"event": "training_step", "timestamp": 1769651585.4052854, "step": 779, "max_steps": 980, "loss": 5.024377346038818, "elapsed_time": 70.88203430175781, "prnt": false}
{"event": "training_step", "timestamp": 1769651585.4882174, "step": 780, "max_steps": 980, "loss": 4.9852986335754395, "elapsed_time": 70.96452283859253, "prnt": false}
{"event": "training_step", "timestamp": 1769651585.5708966, "step": 781, "max_steps": 980, "loss": 5.014799118041992, "elapsed_time": 71.04702138900757, "prnt": false}
{"event": "training_step", "timestamp": 1769651585.6535063, "step": 782, "max_steps": 980, "loss": 5.03718376159668, "elapsed_time": 71.12937211990356, "prnt": false}
{"event": "validation_step", "timestamp": 1769651586.051258, "step": 782, "max_steps": 980, "loss": 1.2957867390192663, "elapsed_time": 71.12937211990356}
{"event": "training_step", "timestamp": 1769651586.1344845, "step": 783, "max_steps": 980, "loss": 5.0210466384887695, "elapsed_time": 71.61077904701233, "prnt": false}
{"event": "training_step", "timestamp": 1769651586.2173338, "step": 784, "max_steps": 980, "loss": 4.967872142791748, "elapsed_time": 71.69411492347717, "prnt": false}
{"event": "training_step", "timestamp": 1769651586.3004062, "step": 785, "max_steps": 980, "loss": 5.036097526550293, "elapsed_time": 71.77711939811707, "prnt": false}
{"event": "training_step", "timestamp": 1769651586.3832781, "step": 786, "max_steps": 980, "loss": 5.058157444000244, "elapsed_time": 71.86011004447937, "prnt": false}
{"event": "training_step", "timestamp": 1769651586.4661043, "step": 787, "max_steps": 980, "loss": 4.9741082191467285, "elapsed_time": 71.94227457046509, "prnt": false}
{"event": "training_step", "timestamp": 1769651586.548977, "step": 788, "max_steps": 980, "loss": 4.986403942108154, "elapsed_time": 72.02484631538391, "prnt": false}
{"event": "training_step", "timestamp": 1769651586.6318004, "step": 789, "max_steps": 980, "loss": 4.971687316894531, "elapsed_time": 72.10789775848389, "prnt": false}
{"event": "training_step", "timestamp": 1769651586.7143168, "step": 790, "max_steps": 980, "loss": 4.987945079803467, "elapsed_time": 72.19029951095581, "prnt": false}
{"event": "training_step", "timestamp": 1769651586.7969604, "step": 791, "max_steps": 980, "loss": 5.0745625495910645, "elapsed_time": 72.2729241847992, "prnt": false}
{"event": "training_step", "timestamp": 1769651586.8796566, "step": 792, "max_steps": 980, "loss": 5.053379058837891, "elapsed_time": 72.35556149482727, "prnt": false}
{"event": "training_step", "timestamp": 1769651586.9623606, "step": 793, "max_steps": 980, "loss": 5.018617153167725, "elapsed_time": 72.43832659721375, "prnt": false}
{"event": "training_step", "timestamp": 1769651587.0449104, "step": 794, "max_steps": 980, "loss": 5.092408657073975, "elapsed_time": 72.52081418037415, "prnt": false}
{"event": "training_step", "timestamp": 1769651587.1277342, "step": 795, "max_steps": 980, "loss": 5.024310111999512, "elapsed_time": 72.60358667373657, "prnt": false}
{"event": "training_step", "timestamp": 1769651587.2104168, "step": 796, "max_steps": 980, "loss": 4.952078819274902, "elapsed_time": 72.68629431724548, "prnt": false}
{"event": "training_step", "timestamp": 1769651587.2931185, "step": 797, "max_steps": 980, "loss": 5.027409076690674, "elapsed_time": 72.76897764205933, "prnt": false}
{"event": "training_step", "timestamp": 1769651587.375666, "step": 798, "max_steps": 980, "loss": 5.037901401519775, "elapsed_time": 72.85171675682068, "prnt": false}
{"event": "training_step", "timestamp": 1769651587.4583485, "step": 799, "max_steps": 980, "loss": 4.962719917297363, "elapsed_time": 72.93421626091003, "prnt": false}
{"event": "training_step", "timestamp": 1769651587.540886, "step": 800, "max_steps": 980, "loss": 4.980144500732422, "elapsed_time": 73.01672577857971, "prnt": false}
{"event": "training_step", "timestamp": 1769651587.623533, "step": 801, "max_steps": 980, "loss": 5.10623836517334, "elapsed_time": 73.09958815574646, "prnt": false}
{"event": "training_step", "timestamp": 1769651587.7061355, "step": 802, "max_steps": 980, "loss": 4.954372406005859, "elapsed_time": 73.18194341659546, "prnt": false}
{"event": "training_step", "timestamp": 1769651587.7889328, "step": 803, "max_steps": 980, "loss": 4.99595832824707, "elapsed_time": 73.26479053497314, "prnt": false}
{"event": "training_step", "timestamp": 1769651587.8715496, "step": 804, "max_steps": 980, "loss": 4.985597610473633, "elapsed_time": 73.34734392166138, "prnt": false}
{"event": "training_step", "timestamp": 1769651587.9541347, "step": 805, "max_steps": 980, "loss": 4.989933490753174, "elapsed_time": 73.4300446510315, "prnt": false}
{"event": "training_step", "timestamp": 1769651588.0367405, "step": 806, "max_steps": 980, "loss": 5.0013837814331055, "elapsed_time": 73.51259255409241, "prnt": false}
{"event": "training_step", "timestamp": 1769651588.1194189, "step": 807, "max_steps": 980, "loss": 4.968770980834961, "elapsed_time": 73.59526658058167, "prnt": false}
{"event": "training_step", "timestamp": 1769651588.201989, "step": 808, "max_steps": 980, "loss": 4.920163631439209, "elapsed_time": 73.67788219451904, "prnt": false}
{"event": "training_step", "timestamp": 1769651588.284643, "step": 809, "max_steps": 980, "loss": 4.932723522186279, "elapsed_time": 73.76062321662903, "prnt": false}
{"event": "training_step", "timestamp": 1769651588.367282, "step": 810, "max_steps": 980, "loss": 5.013828277587891, "elapsed_time": 73.8431453704834, "prnt": false}
{"event": "training_step", "timestamp": 1769651588.4500227, "step": 811, "max_steps": 980, "loss": 5.02880334854126, "elapsed_time": 73.92598867416382, "prnt": false}
{"event": "training_step", "timestamp": 1769651588.5326526, "step": 812, "max_steps": 980, "loss": 4.954316139221191, "elapsed_time": 74.00839972496033, "prnt": false}
{"event": "training_step", "timestamp": 1769651588.615411, "step": 813, "max_steps": 980, "loss": 4.989758014678955, "elapsed_time": 74.09186053276062, "prnt": false}
{"event": "training_step", "timestamp": 1769651588.6979964, "step": 814, "max_steps": 980, "loss": 4.969458103179932, "elapsed_time": 74.17383456230164, "prnt": false}
{"event": "training_step", "timestamp": 1769651588.7807434, "step": 815, "max_steps": 980, "loss": 4.88569974899292, "elapsed_time": 74.2565598487854, "prnt": false}
{"event": "training_step", "timestamp": 1769651588.8632798, "step": 816, "max_steps": 980, "loss": 4.967864036560059, "elapsed_time": 74.33927083015442, "prnt": false}
{"event": "training_step", "timestamp": 1769651588.9459796, "step": 817, "max_steps": 980, "loss": 4.9591965675354, "elapsed_time": 74.422039270401, "prnt": false}
{"event": "training_step", "timestamp": 1769651589.028702, "step": 818, "max_steps": 980, "loss": 4.971728324890137, "elapsed_time": 74.50446152687073, "prnt": false}
{"event": "training_step", "timestamp": 1769651589.1115415, "step": 819, "max_steps": 980, "loss": 5.016745567321777, "elapsed_time": 74.587393283844, "prnt": false}
{"event": "training_step", "timestamp": 1769651589.1940506, "step": 820, "max_steps": 980, "loss": 4.989928245544434, "elapsed_time": 74.66996812820435, "prnt": false}
{"event": "training_step", "timestamp": 1769651589.2767322, "step": 821, "max_steps": 980, "loss": 4.956228256225586, "elapsed_time": 74.75270080566406, "prnt": false}
{"event": "training_step", "timestamp": 1769651589.3593261, "step": 822, "max_steps": 980, "loss": 5.014132976531982, "elapsed_time": 74.83510565757751, "prnt": false}
{"event": "training_step", "timestamp": 1769651589.4420054, "step": 823, "max_steps": 980, "loss": 4.944488525390625, "elapsed_time": 74.91797018051147, "prnt": false}
{"event": "training_step", "timestamp": 1769651589.524741, "step": 824, "max_steps": 980, "loss": 5.042141914367676, "elapsed_time": 75.00043630599976, "prnt": false}
{"event": "training_step", "timestamp": 1769651589.607668, "step": 825, "max_steps": 980, "loss": 4.975930690765381, "elapsed_time": 75.0833432674408, "prnt": false}
{"event": "training_step", "timestamp": 1769651589.6903622, "step": 826, "max_steps": 980, "loss": 4.969742774963379, "elapsed_time": 75.16606259346008, "prnt": false}
{"event": "training_step", "timestamp": 1769651589.7729793, "step": 827, "max_steps": 980, "loss": 4.9796648025512695, "elapsed_time": 75.24886083602905, "prnt": false}
{"event": "training_step", "timestamp": 1769651589.855475, "step": 828, "max_steps": 980, "loss": 5.025060653686523, "elapsed_time": 75.33147048950195, "prnt": false}
{"event": "validation_step", "timestamp": 1769651590.253108, "step": 828, "max_steps": 980, "loss": 1.294170075344604, "elapsed_time": 75.33147048950195}
{"event": "training_step", "timestamp": 1769651590.336449, "step": 829, "max_steps": 980, "loss": 4.984526634216309, "elapsed_time": 75.81215262413025, "prnt": false}
{"event": "training_step", "timestamp": 1769651590.41904, "step": 830, "max_steps": 980, "loss": 5.017354488372803, "elapsed_time": 75.8949203491211, "prnt": false}
{"event": "training_step", "timestamp": 1769651590.5016763, "step": 831, "max_steps": 980, "loss": 5.019731044769287, "elapsed_time": 75.97755312919617, "prnt": false}
{"event": "training_step", "timestamp": 1769651590.5844753, "step": 832, "max_steps": 980, "loss": 4.985902309417725, "elapsed_time": 76.06053853034973, "prnt": false}
{"event": "training_step", "timestamp": 1769651590.6673872, "step": 833, "max_steps": 980, "loss": 4.922000885009766, "elapsed_time": 76.1437087059021, "prnt": false}
{"event": "training_step", "timestamp": 1769651590.7500968, "step": 834, "max_steps": 980, "loss": 4.969167232513428, "elapsed_time": 76.22585582733154, "prnt": false}
{"event": "training_step", "timestamp": 1769651590.8330045, "step": 835, "max_steps": 980, "loss": 4.923832893371582, "elapsed_time": 76.30875897407532, "prnt": false}
{"event": "training_step", "timestamp": 1769651590.9157333, "step": 836, "max_steps": 980, "loss": 5.038873195648193, "elapsed_time": 76.39187717437744, "prnt": false}
{"event": "training_step", "timestamp": 1769651590.998483, "step": 837, "max_steps": 980, "loss": 4.962149143218994, "elapsed_time": 76.47435522079468, "prnt": false}
{"event": "training_step", "timestamp": 1769651591.0809991, "step": 838, "max_steps": 980, "loss": 4.977935314178467, "elapsed_time": 76.55700135231018, "prnt": false}
{"event": "training_step", "timestamp": 1769651591.163669, "step": 839, "max_steps": 980, "loss": 5.049129009246826, "elapsed_time": 76.63979768753052, "prnt": false}
{"event": "training_step", "timestamp": 1769651591.2462823, "step": 840, "max_steps": 980, "loss": 4.963940620422363, "elapsed_time": 76.7221417427063, "prnt": false}
{"event": "training_step", "timestamp": 1769651591.3291442, "step": 841, "max_steps": 980, "loss": 4.996783256530762, "elapsed_time": 76.80504012107849, "prnt": false}
{"event": "training_step", "timestamp": 1769651591.4118865, "step": 842, "max_steps": 980, "loss": 4.948528289794922, "elapsed_time": 76.88795137405396, "prnt": false}
{"event": "training_step", "timestamp": 1769651591.4944239, "step": 843, "max_steps": 980, "loss": 4.95330286026001, "elapsed_time": 76.97040057182312, "prnt": false}
{"event": "training_step", "timestamp": 1769651591.577041, "step": 844, "max_steps": 980, "loss": 4.935112476348877, "elapsed_time": 77.05315351486206, "prnt": false}
{"event": "training_step", "timestamp": 1769651591.6596751, "step": 845, "max_steps": 980, "loss": 4.973124980926514, "elapsed_time": 77.13559532165527, "prnt": false}
{"event": "training_step", "timestamp": 1769651591.7421584, "step": 846, "max_steps": 980, "loss": 4.938909530639648, "elapsed_time": 77.21811151504517, "prnt": false}
{"event": "training_step", "timestamp": 1769651591.824765, "step": 847, "max_steps": 980, "loss": 4.996207237243652, "elapsed_time": 77.30067777633667, "prnt": false}
{"event": "training_step", "timestamp": 1769651591.9075544, "step": 848, "max_steps": 980, "loss": 4.965842247009277, "elapsed_time": 77.38326644897461, "prnt": false}
{"event": "training_step", "timestamp": 1769651591.9904234, "step": 849, "max_steps": 980, "loss": 4.943974018096924, "elapsed_time": 77.46635842323303, "prnt": false}
{"event": "training_step", "timestamp": 1769651592.0728946, "step": 850, "max_steps": 980, "loss": 4.994027614593506, "elapsed_time": 77.54882621765137, "prnt": false}
{"event": "training_step", "timestamp": 1769651592.1555862, "step": 851, "max_steps": 980, "loss": 4.996046543121338, "elapsed_time": 77.63151693344116, "prnt": false}
{"event": "training_step", "timestamp": 1769651592.2381954, "step": 852, "max_steps": 980, "loss": 4.964748382568359, "elapsed_time": 77.71399688720703, "prnt": false}
{"event": "training_step", "timestamp": 1769651592.320918, "step": 853, "max_steps": 980, "loss": 4.967724323272705, "elapsed_time": 77.7967414855957, "prnt": false}
{"event": "training_step", "timestamp": 1769651592.4036222, "step": 854, "max_steps": 980, "loss": 4.955983638763428, "elapsed_time": 77.87947106361389, "prnt": false}
{"event": "training_step", "timestamp": 1769651592.4863508, "step": 855, "max_steps": 980, "loss": 4.894777297973633, "elapsed_time": 77.96219301223755, "prnt": false}
{"event": "training_step", "timestamp": 1769651592.5691195, "step": 856, "max_steps": 980, "loss": 4.941015720367432, "elapsed_time": 78.04489803314209, "prnt": false}
{"event": "training_step", "timestamp": 1769651592.6519966, "step": 857, "max_steps": 980, "loss": 4.974674224853516, "elapsed_time": 78.12871861457825, "prnt": false}
{"event": "training_step", "timestamp": 1769651592.734556, "step": 858, "max_steps": 980, "loss": 4.94814920425415, "elapsed_time": 78.21082544326782, "prnt": false}
{"event": "training_step", "timestamp": 1769651592.8173704, "step": 859, "max_steps": 980, "loss": 4.937804222106934, "elapsed_time": 78.29377293586731, "prnt": false}
{"event": "training_step", "timestamp": 1769651592.8999004, "step": 860, "max_steps": 980, "loss": 4.967830181121826, "elapsed_time": 78.37607336044312, "prnt": false}
{"event": "training_step", "timestamp": 1769651592.982659, "step": 861, "max_steps": 980, "loss": 5.000423431396484, "elapsed_time": 78.45910882949829, "prnt": false}
{"event": "training_step", "timestamp": 1769651593.0653536, "step": 862, "max_steps": 980, "loss": 5.009693145751953, "elapsed_time": 78.54137992858887, "prnt": false}
{"event": "training_step", "timestamp": 1769651593.148163, "step": 863, "max_steps": 980, "loss": 4.971275329589844, "elapsed_time": 78.62427973747253, "prnt": false}
{"event": "training_step", "timestamp": 1769651593.2307248, "step": 864, "max_steps": 980, "loss": 4.9796037673950195, "elapsed_time": 78.70675778388977, "prnt": false}
{"event": "training_step", "timestamp": 1769651593.3133292, "step": 865, "max_steps": 980, "loss": 4.931550979614258, "elapsed_time": 78.78953075408936, "prnt": false}
{"event": "training_step", "timestamp": 1769651593.3959944, "step": 866, "max_steps": 980, "loss": 4.985016822814941, "elapsed_time": 78.87218308448792, "prnt": false}
{"event": "training_step", "timestamp": 1769651593.478703, "step": 867, "max_steps": 980, "loss": 5.0006632804870605, "elapsed_time": 78.95477151870728, "prnt": false}
{"event": "training_step", "timestamp": 1769651593.561225, "step": 868, "max_steps": 980, "loss": 4.948531150817871, "elapsed_time": 79.03731226921082, "prnt": false}
{"event": "training_step", "timestamp": 1769651593.6439722, "step": 869, "max_steps": 980, "loss": 4.970175266265869, "elapsed_time": 79.12000465393066, "prnt": false}
{"event": "training_step", "timestamp": 1769651593.7269654, "step": 870, "max_steps": 980, "loss": 4.99424409866333, "elapsed_time": 79.20257067680359, "prnt": false}
{"event": "training_step", "timestamp": 1769651593.8101451, "step": 871, "max_steps": 980, "loss": 5.004692554473877, "elapsed_time": 79.28595161437988, "prnt": false}
{"event": "training_step", "timestamp": 1769651593.8926668, "step": 872, "max_steps": 980, "loss": 4.999398708343506, "elapsed_time": 79.36902785301208, "prnt": false}
{"event": "training_step", "timestamp": 1769651593.9752793, "step": 873, "max_steps": 980, "loss": 4.953993320465088, "elapsed_time": 79.45146775245667, "prnt": false}
{"event": "training_step", "timestamp": 1769651594.057825, "step": 874, "max_steps": 980, "loss": 4.939678192138672, "elapsed_time": 79.5339298248291, "prnt": false}
{"event": "validation_step", "timestamp": 1769651594.4553041, "step": 874, "max_steps": 980, "loss": 1.2925953256066192, "elapsed_time": 79.5339298248291}
{"event": "training_step", "timestamp": 1769651594.5385041, "step": 875, "max_steps": 980, "loss": 5.060085296630859, "elapsed_time": 80.01433324813843, "prnt": false}
{"event": "training_step", "timestamp": 1769651594.6210952, "step": 876, "max_steps": 980, "loss": 4.948469161987305, "elapsed_time": 80.097407579422, "prnt": false}
{"event": "training_step", "timestamp": 1769651594.7039216, "step": 877, "max_steps": 980, "loss": 4.9773783683776855, "elapsed_time": 80.18019533157349, "prnt": false}
{"event": "training_step", "timestamp": 1769651594.786894, "step": 878, "max_steps": 980, "loss": 4.976001739501953, "elapsed_time": 80.26290941238403, "prnt": false}
{"event": "training_step", "timestamp": 1769651594.870103, "step": 879, "max_steps": 980, "loss": 4.968125820159912, "elapsed_time": 80.34762597084045, "prnt": false}
{"event": "training_step", "timestamp": 1769651594.9526627, "step": 880, "max_steps": 980, "loss": 4.939724445343018, "elapsed_time": 80.42918872833252, "prnt": false}
{"event": "training_step", "timestamp": 1769651595.0354378, "step": 881, "max_steps": 980, "loss": 5.003318786621094, "elapsed_time": 80.51191329956055, "prnt": false}
{"event": "training_step", "timestamp": 1769651595.1181722, "step": 882, "max_steps": 980, "loss": 4.970824718475342, "elapsed_time": 80.59429168701172, "prnt": false}
{"event": "training_step", "timestamp": 1769651595.2008624, "step": 883, "max_steps": 980, "loss": 4.895932674407959, "elapsed_time": 80.67690467834473, "prnt": false}
{"event": "training_step", "timestamp": 1769651595.2835395, "step": 884, "max_steps": 980, "loss": 4.9701457023620605, "elapsed_time": 80.75948023796082, "prnt": false}
{"event": "training_step", "timestamp": 1769651595.3664124, "step": 885, "max_steps": 980, "loss": 4.916510105133057, "elapsed_time": 80.84237575531006, "prnt": false}
{"event": "training_step", "timestamp": 1769651595.4491377, "step": 886, "max_steps": 980, "loss": 4.994009494781494, "elapsed_time": 80.92501282691956, "prnt": false}
{"event": "training_step", "timestamp": 1769651595.5317998, "step": 887, "max_steps": 980, "loss": 4.907898902893066, "elapsed_time": 81.00794053077698, "prnt": false}
{"event": "training_step", "timestamp": 1769651595.6143677, "step": 888, "max_steps": 980, "loss": 4.955296039581299, "elapsed_time": 81.09040951728821, "prnt": false}
{"event": "training_step", "timestamp": 1769651595.6971169, "step": 889, "max_steps": 980, "loss": 4.991237163543701, "elapsed_time": 81.17301058769226, "prnt": false}
{"event": "training_step", "timestamp": 1769651595.7796519, "step": 890, "max_steps": 980, "loss": 4.971711158752441, "elapsed_time": 81.25592541694641, "prnt": false}
{"event": "training_step", "timestamp": 1769651595.862303, "step": 891, "max_steps": 980, "loss": 4.919628620147705, "elapsed_time": 81.33837008476257, "prnt": false}
{"event": "training_step", "timestamp": 1769651595.9451115, "step": 892, "max_steps": 980, "loss": 4.945866107940674, "elapsed_time": 81.42121124267578, "prnt": false}
{"event": "training_step", "timestamp": 1769651596.0279472, "step": 893, "max_steps": 980, "loss": 5.044128894805908, "elapsed_time": 81.50412964820862, "prnt": false}
{"event": "training_step", "timestamp": 1769651596.110555, "step": 894, "max_steps": 980, "loss": 4.92597770690918, "elapsed_time": 81.58654403686523, "prnt": false}
{"event": "training_step", "timestamp": 1769651596.193055, "step": 895, "max_steps": 980, "loss": 4.993323802947998, "elapsed_time": 81.66943955421448, "prnt": false}
{"event": "training_step", "timestamp": 1769651596.2757084, "step": 896, "max_steps": 980, "loss": 4.967264652252197, "elapsed_time": 81.75185656547546, "prnt": false}
{"event": "training_step", "timestamp": 1769651596.3583891, "step": 897, "max_steps": 980, "loss": 4.9617414474487305, "elapsed_time": 81.8345365524292, "prnt": false}
{"event": "training_step", "timestamp": 1769651596.4409904, "step": 898, "max_steps": 980, "loss": 4.9642863273620605, "elapsed_time": 81.91718006134033, "prnt": false}
{"event": "training_step", "timestamp": 1769651596.5236905, "step": 899, "max_steps": 980, "loss": 4.960868835449219, "elapsed_time": 81.99982190132141, "prnt": false}
{"event": "training_step", "timestamp": 1769651596.606397, "step": 900, "max_steps": 980, "loss": 5.001689910888672, "elapsed_time": 82.08261060714722, "prnt": false}
{"event": "training_step", "timestamp": 1769651596.6893513, "step": 901, "max_steps": 980, "loss": 4.896701812744141, "elapsed_time": 82.16596841812134, "prnt": false}
{"event": "training_step", "timestamp": 1769651596.771799, "step": 902, "max_steps": 980, "loss": 4.984438896179199, "elapsed_time": 82.24806022644043, "prnt": false}
{"event": "training_step", "timestamp": 1769651596.8544865, "step": 903, "max_steps": 980, "loss": 4.979267120361328, "elapsed_time": 82.33064603805542, "prnt": false}
{"event": "training_step", "timestamp": 1769651596.937166, "step": 904, "max_steps": 980, "loss": 5.000272750854492, "elapsed_time": 82.4131064414978, "prnt": false}
{"event": "training_step", "timestamp": 1769651597.0199873, "step": 905, "max_steps": 980, "loss": 4.99520206451416, "elapsed_time": 82.49634265899658, "prnt": false}
{"event": "training_step", "timestamp": 1769651597.102615, "step": 906, "max_steps": 980, "loss": 5.017850875854492, "elapsed_time": 82.57870030403137, "prnt": false}
{"event": "training_step", "timestamp": 1769651597.1855268, "step": 907, "max_steps": 980, "loss": 4.914001941680908, "elapsed_time": 82.66153597831726, "prnt": false}
{"event": "training_step", "timestamp": 1769651597.268212, "step": 908, "max_steps": 980, "loss": 5.0335798263549805, "elapsed_time": 82.74415469169617, "prnt": false}
{"event": "training_step", "timestamp": 1769651597.3507853, "step": 909, "max_steps": 980, "loss": 4.984197616577148, "elapsed_time": 82.82699012756348, "prnt": false}
{"event": "training_step", "timestamp": 1769651597.4333272, "step": 910, "max_steps": 980, "loss": 4.9943928718566895, "elapsed_time": 82.9094409942627, "prnt": false}
{"event": "training_step", "timestamp": 1769651597.5159872, "step": 911, "max_steps": 980, "loss": 5.040360450744629, "elapsed_time": 82.9920301437378, "prnt": false}
{"event": "training_step", "timestamp": 1769651597.5985982, "step": 912, "max_steps": 980, "loss": 4.993345260620117, "elapsed_time": 83.07476854324341, "prnt": false}
{"event": "training_step", "timestamp": 1769651597.6813655, "step": 913, "max_steps": 980, "loss": 4.946392059326172, "elapsed_time": 83.157310962677, "prnt": false}
{"event": "training_step", "timestamp": 1769651597.7640424, "step": 914, "max_steps": 980, "loss": 4.994266986846924, "elapsed_time": 83.2399492263794, "prnt": false}
{"event": "training_step", "timestamp": 1769651597.846889, "step": 915, "max_steps": 980, "loss": 4.968095302581787, "elapsed_time": 83.32282614707947, "prnt": false}
{"event": "training_step", "timestamp": 1769651597.9297268, "step": 916, "max_steps": 980, "loss": 4.9712910652160645, "elapsed_time": 83.40571689605713, "prnt": false}
{"event": "training_step", "timestamp": 1769651598.012319, "step": 917, "max_steps": 980, "loss": 4.9607768058776855, "elapsed_time": 83.48859429359436, "prnt": false}
{"event": "training_step", "timestamp": 1769651598.0949764, "step": 918, "max_steps": 980, "loss": 4.91515588760376, "elapsed_time": 83.57112908363342, "prnt": false}
{"event": "training_step", "timestamp": 1769651598.177757, "step": 919, "max_steps": 980, "loss": 5.000820159912109, "elapsed_time": 83.65382170677185, "prnt": false}
{"event": "training_step", "timestamp": 1769651598.2605166, "step": 920, "max_steps": 980, "loss": 4.990887641906738, "elapsed_time": 83.73640561103821, "prnt": false}
{"event": "validation_step", "timestamp": 1769651598.6582372, "step": 920, "max_steps": 980, "loss": 1.291985387379398, "elapsed_time": 83.73640561103821}
{"event": "training_step", "timestamp": 1769651598.7414083, "step": 921, "max_steps": 980, "loss": 4.878698825836182, "elapsed_time": 84.21766352653503, "prnt": false}
{"event": "training_step", "timestamp": 1769651598.824141, "step": 922, "max_steps": 980, "loss": 4.964873313903809, "elapsed_time": 84.30024576187134, "prnt": false}
{"event": "training_step", "timestamp": 1769651598.9070456, "step": 923, "max_steps": 980, "loss": 5.027139663696289, "elapsed_time": 84.38337922096252, "prnt": false}
{"event": "training_step", "timestamp": 1769651598.989704, "step": 924, "max_steps": 980, "loss": 4.965200901031494, "elapsed_time": 84.46582412719727, "prnt": false}
{"event": "training_step", "timestamp": 1769651599.0722723, "step": 925, "max_steps": 980, "loss": 4.9603962898254395, "elapsed_time": 84.5483992099762, "prnt": false}
{"event": "training_step", "timestamp": 1769651599.154929, "step": 926, "max_steps": 980, "loss": 4.927252292633057, "elapsed_time": 84.630930185318, "prnt": false}
{"event": "training_step", "timestamp": 1769651599.2376714, "step": 927, "max_steps": 980, "loss": 4.9545440673828125, "elapsed_time": 84.71371746063232, "prnt": false}
{"event": "training_step", "timestamp": 1769651599.3202882, "step": 928, "max_steps": 980, "loss": 4.92869234085083, "elapsed_time": 84.79628729820251, "prnt": false}
{"event": "training_step", "timestamp": 1769651599.4031005, "step": 929, "max_steps": 980, "loss": 4.954090118408203, "elapsed_time": 84.8791446685791, "prnt": false}
{"event": "training_step", "timestamp": 1769651599.4857833, "step": 930, "max_steps": 980, "loss": 4.973684310913086, "elapsed_time": 84.96172881126404, "prnt": false}
{"event": "training_step", "timestamp": 1769651599.5684977, "step": 931, "max_steps": 980, "loss": 4.977917671203613, "elapsed_time": 85.04448819160461, "prnt": false}
{"event": "training_step", "timestamp": 1769651599.650988, "step": 932, "max_steps": 980, "loss": 4.922058582305908, "elapsed_time": 85.12719488143921, "prnt": false}
{"event": "training_step", "timestamp": 1769651599.7336733, "step": 933, "max_steps": 980, "loss": 5.016225337982178, "elapsed_time": 85.20975923538208, "prnt": false}
{"event": "training_step", "timestamp": 1769651599.816414, "step": 934, "max_steps": 980, "loss": 4.979883670806885, "elapsed_time": 85.29252076148987, "prnt": false}
{"event": "training_step", "timestamp": 1769651599.899101, "step": 935, "max_steps": 980, "loss": 5.006563186645508, "elapsed_time": 85.37521147727966, "prnt": false}
{"event": "training_step", "timestamp": 1769651599.9818645, "step": 936, "max_steps": 980, "loss": 4.902436256408691, "elapsed_time": 85.45788598060608, "prnt": false}
{"event": "training_step", "timestamp": 1769651600.0647538, "step": 937, "max_steps": 980, "loss": 4.944834232330322, "elapsed_time": 85.54059934616089, "prnt": false}
{"event": "training_step", "timestamp": 1769651600.1474664, "step": 938, "max_steps": 980, "loss": 4.955211162567139, "elapsed_time": 85.62351965904236, "prnt": false}
{"event": "training_step", "timestamp": 1769651600.2300262, "step": 939, "max_steps": 980, "loss": 4.960948467254639, "elapsed_time": 85.70625567436218, "prnt": false}
{"event": "training_step", "timestamp": 1769651600.312522, "step": 940, "max_steps": 980, "loss": 5.02547550201416, "elapsed_time": 85.78865647315979, "prnt": false}
{"event": "training_step", "timestamp": 1769651600.395223, "step": 941, "max_steps": 980, "loss": 4.943437576293945, "elapsed_time": 85.87122654914856, "prnt": false}
{"event": "training_step", "timestamp": 1769651600.4778507, "step": 942, "max_steps": 980, "loss": 4.92938756942749, "elapsed_time": 85.95385575294495, "prnt": false}
{"event": "training_step", "timestamp": 1769651600.5605047, "step": 943, "max_steps": 980, "loss": 5.000463008880615, "elapsed_time": 86.03663849830627, "prnt": false}
{"event": "training_step", "timestamp": 1769651600.643248, "step": 944, "max_steps": 980, "loss": 4.994385242462158, "elapsed_time": 86.11915493011475, "prnt": false}
{"event": "training_step", "timestamp": 1769651600.7262135, "step": 945, "max_steps": 980, "loss": 4.904820919036865, "elapsed_time": 86.20266246795654, "prnt": false}
{"event": "training_step", "timestamp": 1769651600.8089082, "step": 946, "max_steps": 980, "loss": 4.984958648681641, "elapsed_time": 86.2852635383606, "prnt": false}
{"event": "training_step", "timestamp": 1769651600.8915622, "step": 947, "max_steps": 980, "loss": 4.936395168304443, "elapsed_time": 86.36796975135803, "prnt": false}
{"event": "training_step", "timestamp": 1769651600.974247, "step": 948, "max_steps": 980, "loss": 5.017126083374023, "elapsed_time": 86.45056939125061, "prnt": false}
{"event": "training_step", "timestamp": 1769651601.0569515, "step": 949, "max_steps": 980, "loss": 4.923159599304199, "elapsed_time": 86.53306341171265, "prnt": false}
{"event": "training_step", "timestamp": 1769651601.139557, "step": 950, "max_steps": 980, "loss": 4.954983711242676, "elapsed_time": 86.61554789543152, "prnt": false}
{"event": "training_step", "timestamp": 1769651601.2222195, "step": 951, "max_steps": 980, "loss": 5.0421905517578125, "elapsed_time": 86.69829559326172, "prnt": false}
{"event": "training_step", "timestamp": 1769651601.3049517, "step": 952, "max_steps": 980, "loss": 4.9724531173706055, "elapsed_time": 86.78085017204285, "prnt": false}
{"event": "training_step", "timestamp": 1769651601.387728, "step": 953, "max_steps": 980, "loss": 4.956035614013672, "elapsed_time": 86.86386442184448, "prnt": false}
{"event": "training_step", "timestamp": 1769651601.4702368, "step": 954, "max_steps": 980, "loss": 4.913422584533691, "elapsed_time": 86.94636654853821, "prnt": false}
{"event": "training_step", "timestamp": 1769651601.5529115, "step": 955, "max_steps": 980, "loss": 4.963369846343994, "elapsed_time": 87.0289614200592, "prnt": false}
{"event": "training_step", "timestamp": 1769651601.6356063, "step": 956, "max_steps": 980, "loss": 4.919207572937012, "elapsed_time": 87.11154842376709, "prnt": false}
{"event": "training_step", "timestamp": 1769651601.718318, "step": 957, "max_steps": 980, "loss": 4.9591217041015625, "elapsed_time": 87.19430613517761, "prnt": false}
{"event": "training_step", "timestamp": 1769651601.8009946, "step": 958, "max_steps": 980, "loss": 4.956399440765381, "elapsed_time": 87.27705693244934, "prnt": false}
{"event": "training_step", "timestamp": 1769651601.883948, "step": 959, "max_steps": 980, "loss": 4.922992706298828, "elapsed_time": 87.35985159873962, "prnt": false}
{"event": "training_step", "timestamp": 1769651601.9666438, "step": 960, "max_steps": 980, "loss": 4.993264198303223, "elapsed_time": 87.4427399635315, "prnt": false}
{"event": "training_step", "timestamp": 1769651602.049292, "step": 961, "max_steps": 980, "loss": 4.9887518882751465, "elapsed_time": 87.52548575401306, "prnt": false}
{"event": "training_step", "timestamp": 1769651602.1318102, "step": 962, "max_steps": 980, "loss": 4.94145393371582, "elapsed_time": 87.60809445381165, "prnt": false}
{"event": "training_step", "timestamp": 1769651602.2144692, "step": 963, "max_steps": 980, "loss": 4.975190162658691, "elapsed_time": 87.69064807891846, "prnt": false}
{"event": "training_step", "timestamp": 1769651602.2970686, "step": 964, "max_steps": 980, "loss": 4.963484764099121, "elapsed_time": 87.77312874794006, "prnt": false}
{"event": "training_step", "timestamp": 1769651602.3796973, "step": 965, "max_steps": 980, "loss": 5.01588249206543, "elapsed_time": 87.85592126846313, "prnt": false}
{"event": "training_step", "timestamp": 1769651602.4623575, "step": 966, "max_steps": 980, "loss": 4.965104103088379, "elapsed_time": 87.93844723701477, "prnt": false}
{"event": "validation_step", "timestamp": 1769651602.8602057, "step": 966, "max_steps": 980, "loss": 1.2918790975029342, "elapsed_time": 87.93844723701477}
{"event": "training_step", "timestamp": 1769651602.943512, "step": 967, "max_steps": 980, "loss": 5.0093092918396, "elapsed_time": 88.41968059539795, "prnt": false}
{"event": "training_step", "timestamp": 1769651603.026165, "step": 968, "max_steps": 980, "loss": 4.94617223739624, "elapsed_time": 88.5022349357605, "prnt": false}
{"event": "training_step", "timestamp": 1769651603.1088376, "step": 969, "max_steps": 980, "loss": 5.002882957458496, "elapsed_time": 88.58484959602356, "prnt": false}
{"event": "training_step", "timestamp": 1769651603.1913707, "step": 970, "max_steps": 980, "loss": 4.977919578552246, "elapsed_time": 88.66753911972046, "prnt": false}
{"event": "training_step", "timestamp": 1769651603.2741075, "step": 971, "max_steps": 980, "loss": 4.994543075561523, "elapsed_time": 88.75002980232239, "prnt": false}
{"event": "training_step", "timestamp": 1769651603.356689, "step": 972, "max_steps": 980, "loss": 4.993065357208252, "elapsed_time": 88.83278059959412, "prnt": false}
{"event": "training_step", "timestamp": 1769651603.4394207, "step": 973, "max_steps": 980, "loss": 4.969823837280273, "elapsed_time": 88.9152512550354, "prnt": false}
{"event": "training_step", "timestamp": 1769651603.522112, "step": 974, "max_steps": 980, "loss": 4.992003917694092, "elapsed_time": 88.99801468849182, "prnt": false}
{"event": "training_step", "timestamp": 1769651603.6048741, "step": 975, "max_steps": 980, "loss": 4.977280616760254, "elapsed_time": 89.08092093467712, "prnt": false}
{"event": "training_step", "timestamp": 1769651603.6875124, "step": 976, "max_steps": 980, "loss": 4.981455326080322, "elapsed_time": 89.16378545761108, "prnt": false}
{"event": "training_step", "timestamp": 1769651603.7701318, "step": 977, "max_steps": 980, "loss": 4.943416595458984, "elapsed_time": 89.24628973007202, "prnt": false}
{"event": "training_step", "timestamp": 1769651603.852834, "step": 978, "max_steps": 980, "loss": 4.953643321990967, "elapsed_time": 89.32917022705078, "prnt": false}
{"event": "training_step", "timestamp": 1769651603.9357688, "step": 979, "max_steps": 980, "loss": 4.934591293334961, "elapsed_time": 89.41197872161865, "prnt": false}
{"event": "training_step", "timestamp": 1769651604.0185843, "step": 980, "max_steps": 980, "loss": 4.957352638244629, "elapsed_time": 89.49446892738342, "prnt": false}
{"event": "validation_step", "timestamp": 1769651604.4163444, "step": 980, "max_steps": 980, "loss": 1.291867965372277, "elapsed_time": 89.49446892738342}
