{"event": "hyperparameters_configured", "timestamp": 1769664044.391217, "block_size": 64, "vocab_size": 16000, "n_layer": 8, "n_head": 9, "d_model": 576, "dropout": 0.0, "mlp_ratio": 5.0, "activation": "gelu", "residual_scaling": true, "batch_size": 128, "lr": 0.0003, "weight_decay": 0.1, "evals_per_epoch": 3, "batch_mode": "random", "optimizer": "adamw", "scheduler": "warmup_cosine", "warmup_fraction": 0.05, "normalizer": "lowercase", "pre_tokenizer": "bytelevel", "eos_handling": "string_join", "min_frequency": 1, "domain_tokens": false, "epochs": 7, "seed": 1337, "num_titles": 100000, "val_frac": 0.1, "log_file": "./logs/exp-lowercase.log"}
{"event": "device_info", "timestamp": 1769664044.4089932, "device": "cuda"}
{"event": "dataset_info", "timestamp": 1769664055.934796, "titles_count": 90000, "epochs": 7, "batches_per_epoch": 126, "tokens_per_epoch": 1034162, "vocab_size": 16000}
{"event": "model_info", "timestamp": 1769664056.4177024, "parameters_count": 46477440}
{"event": "training_step", "timestamp": 1769664057.1477673, "step": 1, "max_steps": 882, "loss": 9.782012939453125, "elapsed_time": 0.20947909355163574, "prnt": false}
{"event": "validation_step", "timestamp": 1769664057.5015094, "step": 1, "max_steps": 882, "loss": 1.9534276621260074, "elapsed_time": 0.20947909355163574}
{"event": "training_step", "timestamp": 1769664057.5864797, "step": 2, "max_steps": 882, "loss": 9.778528213500977, "elapsed_time": 0.5712521076202393, "prnt": false}
{"event": "training_step", "timestamp": 1769664057.670887, "step": 3, "max_steps": 882, "loss": 9.608675956726074, "elapsed_time": 0.6554868221282959, "prnt": false}
{"event": "training_step", "timestamp": 1769664057.7555368, "step": 4, "max_steps": 882, "loss": 9.348392486572266, "elapsed_time": 0.7400383949279785, "prnt": false}
{"event": "training_step", "timestamp": 1769664057.839873, "step": 5, "max_steps": 882, "loss": 9.113595008850098, "elapsed_time": 0.824561595916748, "prnt": false}
{"event": "training_step", "timestamp": 1769664057.9242828, "step": 6, "max_steps": 882, "loss": 8.97740364074707, "elapsed_time": 0.9089574813842773, "prnt": false}
{"event": "training_step", "timestamp": 1769664058.0087044, "step": 7, "max_steps": 882, "loss": 8.895475387573242, "elapsed_time": 0.9934136867523193, "prnt": false}
{"event": "training_step", "timestamp": 1769664058.0931242, "step": 8, "max_steps": 882, "loss": 8.832395553588867, "elapsed_time": 1.0778653621673584, "prnt": false}
{"event": "training_step", "timestamp": 1769664058.1773975, "step": 9, "max_steps": 882, "loss": 8.767327308654785, "elapsed_time": 1.1620798110961914, "prnt": false}
{"event": "training_step", "timestamp": 1769664058.261611, "step": 10, "max_steps": 882, "loss": 8.721070289611816, "elapsed_time": 1.2466340065002441, "prnt": false}
{"event": "training_step", "timestamp": 1769664058.3458843, "step": 11, "max_steps": 882, "loss": 8.671690940856934, "elapsed_time": 1.3306522369384766, "prnt": false}
{"event": "training_step", "timestamp": 1769664058.430123, "step": 12, "max_steps": 882, "loss": 8.63734245300293, "elapsed_time": 1.4148097038269043, "prnt": false}
{"event": "training_step", "timestamp": 1769664058.514366, "step": 13, "max_steps": 882, "loss": 8.60983943939209, "elapsed_time": 1.499060869216919, "prnt": false}
{"event": "training_step", "timestamp": 1769664058.5987744, "step": 14, "max_steps": 882, "loss": 8.545743942260742, "elapsed_time": 1.5833721160888672, "prnt": false}
{"event": "training_step", "timestamp": 1769664058.6831315, "step": 15, "max_steps": 882, "loss": 8.506033897399902, "elapsed_time": 1.6677677631378174, "prnt": false}
{"event": "training_step", "timestamp": 1769664058.76795, "step": 16, "max_steps": 882, "loss": 8.41749382019043, "elapsed_time": 1.7522523403167725, "prnt": false}
{"event": "training_step", "timestamp": 1769664058.85296, "step": 17, "max_steps": 882, "loss": 8.348179817199707, "elapsed_time": 1.837104320526123, "prnt": false}
{"event": "training_step", "timestamp": 1769664058.9378998, "step": 18, "max_steps": 882, "loss": 8.330034255981445, "elapsed_time": 1.922008991241455, "prnt": false}
{"event": "training_step", "timestamp": 1769664059.0225627, "step": 19, "max_steps": 882, "loss": 8.20539665222168, "elapsed_time": 2.00702166557312, "prnt": false}
{"event": "training_step", "timestamp": 1769664059.1073146, "step": 20, "max_steps": 882, "loss": 8.166893005371094, "elapsed_time": 2.0921921730041504, "prnt": false}
{"event": "training_step", "timestamp": 1769664059.192022, "step": 21, "max_steps": 882, "loss": 8.123343467712402, "elapsed_time": 2.176276922225952, "prnt": false}
{"event": "training_step", "timestamp": 1769664059.2766323, "step": 22, "max_steps": 882, "loss": 8.022115707397461, "elapsed_time": 2.261294364929199, "prnt": false}
{"event": "training_step", "timestamp": 1769664059.360813, "step": 23, "max_steps": 882, "loss": 8.027987480163574, "elapsed_time": 2.345644474029541, "prnt": false}
{"event": "training_step", "timestamp": 1769664059.446839, "step": 24, "max_steps": 882, "loss": 7.937588691711426, "elapsed_time": 2.4317262172698975, "prnt": false}
{"event": "training_step", "timestamp": 1769664059.5312114, "step": 25, "max_steps": 882, "loss": 7.876928329467773, "elapsed_time": 2.5160255432128906, "prnt": false}
{"event": "training_step", "timestamp": 1769664059.6157942, "step": 26, "max_steps": 882, "loss": 7.836087703704834, "elapsed_time": 2.6003472805023193, "prnt": false}
{"event": "training_step", "timestamp": 1769664059.7000866, "step": 27, "max_steps": 882, "loss": 7.755523681640625, "elapsed_time": 2.684849739074707, "prnt": false}
{"event": "training_step", "timestamp": 1769664059.7843418, "step": 28, "max_steps": 882, "loss": 7.705019474029541, "elapsed_time": 2.769144296646118, "prnt": false}
{"event": "training_step", "timestamp": 1769664059.8685465, "step": 29, "max_steps": 882, "loss": 7.619632720947266, "elapsed_time": 2.853475570678711, "prnt": false}
{"event": "training_step", "timestamp": 1769664059.9529397, "step": 30, "max_steps": 882, "loss": 7.597488880157471, "elapsed_time": 2.937504529953003, "prnt": false}
{"event": "training_step", "timestamp": 1769664060.0375762, "step": 31, "max_steps": 882, "loss": 7.511167526245117, "elapsed_time": 3.021979808807373, "prnt": false}
{"event": "training_step", "timestamp": 1769664060.1219435, "step": 32, "max_steps": 882, "loss": 7.446265697479248, "elapsed_time": 3.106981039047241, "prnt": false}
{"event": "training_step", "timestamp": 1769664060.206118, "step": 33, "max_steps": 882, "loss": 7.360595226287842, "elapsed_time": 3.190889358520508, "prnt": false}
{"event": "training_step", "timestamp": 1769664060.2906957, "step": 34, "max_steps": 882, "loss": 7.372017860412598, "elapsed_time": 3.27536940574646, "prnt": false}
{"event": "training_step", "timestamp": 1769664060.3752055, "step": 35, "max_steps": 882, "loss": 7.33673095703125, "elapsed_time": 3.359628677368164, "prnt": false}
{"event": "training_step", "timestamp": 1769664060.4600768, "step": 36, "max_steps": 882, "loss": 7.281632423400879, "elapsed_time": 3.445436954498291, "prnt": false}
{"event": "training_step", "timestamp": 1769664060.5446694, "step": 37, "max_steps": 882, "loss": 7.290339469909668, "elapsed_time": 3.5302109718322754, "prnt": false}
{"event": "training_step", "timestamp": 1769664060.6296535, "step": 38, "max_steps": 882, "loss": 7.160130500793457, "elapsed_time": 3.6148409843444824, "prnt": false}
{"event": "training_step", "timestamp": 1769664060.7142842, "step": 39, "max_steps": 882, "loss": 7.191593647003174, "elapsed_time": 3.6994762420654297, "prnt": false}
{"event": "training_step", "timestamp": 1769664060.7989845, "step": 40, "max_steps": 882, "loss": 7.12242317199707, "elapsed_time": 3.784494400024414, "prnt": false}
{"event": "training_step", "timestamp": 1769664060.8836305, "step": 41, "max_steps": 882, "loss": 7.158932209014893, "elapsed_time": 3.869319438934326, "prnt": false}
{"event": "training_step", "timestamp": 1769664060.96849, "step": 42, "max_steps": 882, "loss": 7.118714332580566, "elapsed_time": 3.954072952270508, "prnt": false}
{"event": "validation_step", "timestamp": 1769664061.3240445, "step": 42, "max_steps": 882, "loss": 1.4162883695248667, "elapsed_time": 3.954072952270508}
{"event": "training_step", "timestamp": 1769664061.4091709, "step": 43, "max_steps": 882, "loss": 6.9904093742370605, "elapsed_time": 4.394068241119385, "prnt": false}
{"event": "training_step", "timestamp": 1769664061.494035, "step": 44, "max_steps": 882, "loss": 7.071864604949951, "elapsed_time": 4.479140043258667, "prnt": false}
{"event": "training_step", "timestamp": 1769664061.5788472, "step": 45, "max_steps": 882, "loss": 7.000605583190918, "elapsed_time": 4.564323425292969, "prnt": false}
{"event": "training_step", "timestamp": 1769664061.6635807, "step": 46, "max_steps": 882, "loss": 7.041257381439209, "elapsed_time": 4.64886999130249, "prnt": false}
{"event": "training_step", "timestamp": 1769664061.7483642, "step": 47, "max_steps": 882, "loss": 7.0283002853393555, "elapsed_time": 4.733753442764282, "prnt": false}
{"event": "training_step", "timestamp": 1769664061.8333955, "step": 48, "max_steps": 882, "loss": 7.0403008460998535, "elapsed_time": 4.818882703781128, "prnt": false}
{"event": "training_step", "timestamp": 1769664061.9181979, "step": 49, "max_steps": 882, "loss": 7.028194904327393, "elapsed_time": 4.903332471847534, "prnt": false}
{"event": "training_step", "timestamp": 1769664062.0030756, "step": 50, "max_steps": 882, "loss": 6.971087455749512, "elapsed_time": 4.988364934921265, "prnt": false}
{"event": "training_step", "timestamp": 1769664062.0877917, "step": 51, "max_steps": 882, "loss": 6.955460071563721, "elapsed_time": 5.073320627212524, "prnt": false}
{"event": "training_step", "timestamp": 1769664062.172707, "step": 52, "max_steps": 882, "loss": 6.9397430419921875, "elapsed_time": 5.157739639282227, "prnt": false}
{"event": "training_step", "timestamp": 1769664062.257617, "step": 53, "max_steps": 882, "loss": 6.9028215408325195, "elapsed_time": 5.242811918258667, "prnt": false}
{"event": "training_step", "timestamp": 1769664062.3424568, "step": 54, "max_steps": 882, "loss": 6.915872097015381, "elapsed_time": 5.327779769897461, "prnt": false}
{"event": "training_step", "timestamp": 1769664062.4271152, "step": 55, "max_steps": 882, "loss": 6.975506782531738, "elapsed_time": 5.41247820854187, "prnt": false}
{"event": "training_step", "timestamp": 1769664062.5119364, "step": 56, "max_steps": 882, "loss": 6.915441036224365, "elapsed_time": 5.497533559799194, "prnt": false}
{"event": "training_step", "timestamp": 1769664062.5968032, "step": 57, "max_steps": 882, "loss": 6.856670379638672, "elapsed_time": 5.581802129745483, "prnt": false}
{"event": "training_step", "timestamp": 1769664062.6816492, "step": 58, "max_steps": 882, "loss": 6.896494388580322, "elapsed_time": 5.666865825653076, "prnt": false}
{"event": "training_step", "timestamp": 1769664062.7664232, "step": 59, "max_steps": 882, "loss": 6.817960262298584, "elapsed_time": 5.751889705657959, "prnt": false}
{"event": "training_step", "timestamp": 1769664062.8516219, "step": 60, "max_steps": 882, "loss": 6.830667972564697, "elapsed_time": 5.836809396743774, "prnt": false}
{"event": "training_step", "timestamp": 1769664062.936512, "step": 61, "max_steps": 882, "loss": 6.871438503265381, "elapsed_time": 5.9214208126068115, "prnt": false}
{"event": "training_step", "timestamp": 1769664063.0211525, "step": 62, "max_steps": 882, "loss": 6.78692626953125, "elapsed_time": 6.006151437759399, "prnt": false}
{"event": "training_step", "timestamp": 1769664063.1059177, "step": 63, "max_steps": 882, "loss": 6.873015880584717, "elapsed_time": 6.091249465942383, "prnt": false}
{"event": "training_step", "timestamp": 1769664063.1909194, "step": 64, "max_steps": 882, "loss": 6.838430404663086, "elapsed_time": 6.17601466178894, "prnt": false}
{"event": "training_step", "timestamp": 1769664063.2758887, "step": 65, "max_steps": 882, "loss": 6.866206169128418, "elapsed_time": 6.260951042175293, "prnt": false}
{"event": "training_step", "timestamp": 1769664063.3608, "step": 66, "max_steps": 882, "loss": 6.733609199523926, "elapsed_time": 6.346027135848999, "prnt": false}
{"event": "training_step", "timestamp": 1769664063.4462428, "step": 67, "max_steps": 882, "loss": 6.774834156036377, "elapsed_time": 6.433870077133179, "prnt": false}
{"event": "training_step", "timestamp": 1769664063.5312984, "step": 68, "max_steps": 882, "loss": 6.784675598144531, "elapsed_time": 6.516585111618042, "prnt": false}
{"event": "training_step", "timestamp": 1769664063.6162686, "step": 69, "max_steps": 882, "loss": 6.741274356842041, "elapsed_time": 6.601169109344482, "prnt": false}
{"event": "training_step", "timestamp": 1769664063.7011278, "step": 70, "max_steps": 882, "loss": 6.713232040405273, "elapsed_time": 6.68644905090332, "prnt": false}
{"event": "training_step", "timestamp": 1769664063.7859502, "step": 71, "max_steps": 882, "loss": 6.791200160980225, "elapsed_time": 6.771113634109497, "prnt": false}
{"event": "training_step", "timestamp": 1769664063.871145, "step": 72, "max_steps": 882, "loss": 6.680570125579834, "elapsed_time": 6.856300115585327, "prnt": false}
{"event": "training_step", "timestamp": 1769664063.9560902, "step": 73, "max_steps": 882, "loss": 6.713022708892822, "elapsed_time": 6.941264629364014, "prnt": false}
{"event": "training_step", "timestamp": 1769664064.0407314, "step": 74, "max_steps": 882, "loss": 6.650725364685059, "elapsed_time": 7.025560617446899, "prnt": false}
{"event": "training_step", "timestamp": 1769664064.1253574, "step": 75, "max_steps": 882, "loss": 6.669238090515137, "elapsed_time": 7.109771966934204, "prnt": false}
{"event": "training_step", "timestamp": 1769664064.2101629, "step": 76, "max_steps": 882, "loss": 6.711856842041016, "elapsed_time": 7.1946492195129395, "prnt": false}
{"event": "training_step", "timestamp": 1769664064.2948825, "step": 77, "max_steps": 882, "loss": 6.662906646728516, "elapsed_time": 7.279417037963867, "prnt": false}
{"event": "training_step", "timestamp": 1769664064.3797417, "step": 78, "max_steps": 882, "loss": 6.717198371887207, "elapsed_time": 7.3650617599487305, "prnt": false}
{"event": "training_step", "timestamp": 1769664064.464636, "step": 79, "max_steps": 882, "loss": 6.614562034606934, "elapsed_time": 7.450126886367798, "prnt": false}
{"event": "training_step", "timestamp": 1769664064.5497932, "step": 80, "max_steps": 882, "loss": 6.645258903503418, "elapsed_time": 7.535288095474243, "prnt": false}
{"event": "training_step", "timestamp": 1769664064.6347532, "step": 81, "max_steps": 882, "loss": 6.70165491104126, "elapsed_time": 7.619647741317749, "prnt": false}
{"event": "training_step", "timestamp": 1769664064.719451, "step": 82, "max_steps": 882, "loss": 6.667633056640625, "elapsed_time": 7.704070091247559, "prnt": false}
{"event": "training_step", "timestamp": 1769664064.8040636, "step": 83, "max_steps": 882, "loss": 6.650547504425049, "elapsed_time": 7.78885293006897, "prnt": false}
{"event": "training_step", "timestamp": 1769664064.8890977, "step": 84, "max_steps": 882, "loss": 6.582440376281738, "elapsed_time": 7.87437105178833, "prnt": false}
{"event": "validation_step", "timestamp": 1769664065.2455297, "step": 84, "max_steps": 882, "loss": 1.3301560279432885, "elapsed_time": 7.87437105178833}
{"event": "training_step", "timestamp": 1769664065.3308463, "step": 85, "max_steps": 882, "loss": 6.617422580718994, "elapsed_time": 8.316253423690796, "prnt": false}
{"event": "training_step", "timestamp": 1769664065.4161813, "step": 86, "max_steps": 882, "loss": 6.607586860656738, "elapsed_time": 8.401238441467285, "prnt": false}
{"event": "training_step", "timestamp": 1769664065.5010374, "step": 87, "max_steps": 882, "loss": 6.547440052032471, "elapsed_time": 8.486219644546509, "prnt": false}
{"event": "training_step", "timestamp": 1769664065.5856216, "step": 88, "max_steps": 882, "loss": 6.575669765472412, "elapsed_time": 8.57021689414978, "prnt": false}
{"event": "training_step", "timestamp": 1769664065.6702907, "step": 89, "max_steps": 882, "loss": 6.5795674324035645, "elapsed_time": 8.65446424484253, "prnt": false}
{"event": "training_step", "timestamp": 1769664065.7551262, "step": 90, "max_steps": 882, "loss": 6.566707611083984, "elapsed_time": 8.739307880401611, "prnt": false}
{"event": "training_step", "timestamp": 1769664065.8397176, "step": 91, "max_steps": 882, "loss": 6.553278923034668, "elapsed_time": 8.824093103408813, "prnt": false}
{"event": "training_step", "timestamp": 1769664065.9243774, "step": 92, "max_steps": 882, "loss": 6.6392621994018555, "elapsed_time": 8.90879511833191, "prnt": false}
{"event": "training_step", "timestamp": 1769664066.0089374, "step": 93, "max_steps": 882, "loss": 6.587006092071533, "elapsed_time": 8.99366807937622, "prnt": false}
{"event": "training_step", "timestamp": 1769664066.0936744, "step": 94, "max_steps": 882, "loss": 6.545495510101318, "elapsed_time": 9.07796859741211, "prnt": false}
{"event": "training_step", "timestamp": 1769664066.178323, "step": 95, "max_steps": 882, "loss": 6.545790672302246, "elapsed_time": 9.162716150283813, "prnt": false}
{"event": "training_step", "timestamp": 1769664066.2629414, "step": 96, "max_steps": 882, "loss": 6.474481582641602, "elapsed_time": 9.247470617294312, "prnt": false}
{"event": "training_step", "timestamp": 1769664066.347645, "step": 97, "max_steps": 882, "loss": 6.544374942779541, "elapsed_time": 9.331812620162964, "prnt": false}
{"event": "training_step", "timestamp": 1769664066.4322357, "step": 98, "max_steps": 882, "loss": 6.534502983093262, "elapsed_time": 9.41671895980835, "prnt": false}
{"event": "training_step", "timestamp": 1769664066.516906, "step": 99, "max_steps": 882, "loss": 6.439634799957275, "elapsed_time": 9.501181840896606, "prnt": false}
{"event": "training_step", "timestamp": 1769664066.6016054, "step": 100, "max_steps": 882, "loss": 6.501097679138184, "elapsed_time": 9.585943460464478, "prnt": false}
{"event": "training_step", "timestamp": 1769664066.6860838, "step": 101, "max_steps": 882, "loss": 6.479674816131592, "elapsed_time": 9.670622825622559, "prnt": false}
{"event": "training_step", "timestamp": 1769664066.7708929, "step": 102, "max_steps": 882, "loss": 6.486713409423828, "elapsed_time": 9.755084037780762, "prnt": false}
{"event": "training_step", "timestamp": 1769664066.8556576, "step": 103, "max_steps": 882, "loss": 6.504505157470703, "elapsed_time": 9.839847326278687, "prnt": false}
{"event": "training_step", "timestamp": 1769664066.9402816, "step": 104, "max_steps": 882, "loss": 6.580513000488281, "elapsed_time": 9.92464542388916, "prnt": false}
{"event": "training_step", "timestamp": 1769664067.0248103, "step": 105, "max_steps": 882, "loss": 6.440995216369629, "elapsed_time": 10.009208917617798, "prnt": false}
{"event": "training_step", "timestamp": 1769664067.1096992, "step": 106, "max_steps": 882, "loss": 6.514474391937256, "elapsed_time": 10.094000816345215, "prnt": false}
{"event": "training_step", "timestamp": 1769664067.1946516, "step": 107, "max_steps": 882, "loss": 6.451735496520996, "elapsed_time": 10.1791672706604, "prnt": false}
{"event": "training_step", "timestamp": 1769664067.2793574, "step": 108, "max_steps": 882, "loss": 6.504821300506592, "elapsed_time": 10.263829946517944, "prnt": false}
{"event": "training_step", "timestamp": 1769664067.3639615, "step": 109, "max_steps": 882, "loss": 6.426548004150391, "elapsed_time": 10.348280429840088, "prnt": false}
{"event": "training_step", "timestamp": 1769664067.4487047, "step": 110, "max_steps": 882, "loss": 6.490297794342041, "elapsed_time": 10.433087348937988, "prnt": false}
{"event": "training_step", "timestamp": 1769664067.5334826, "step": 111, "max_steps": 882, "loss": 6.425363540649414, "elapsed_time": 10.517544031143188, "prnt": false}
{"event": "training_step", "timestamp": 1769664067.6182888, "step": 112, "max_steps": 882, "loss": 6.443841457366943, "elapsed_time": 10.602793216705322, "prnt": false}
{"event": "training_step", "timestamp": 1769664067.7029283, "step": 113, "max_steps": 882, "loss": 6.429965972900391, "elapsed_time": 10.68728756904602, "prnt": false}
{"event": "training_step", "timestamp": 1769664067.7878504, "step": 114, "max_steps": 882, "loss": 6.42218017578125, "elapsed_time": 10.772151708602905, "prnt": false}
{"event": "training_step", "timestamp": 1769664067.8726857, "step": 115, "max_steps": 882, "loss": 6.458874225616455, "elapsed_time": 10.856833219528198, "prnt": false}
{"event": "training_step", "timestamp": 1769664067.957479, "step": 116, "max_steps": 882, "loss": 6.460792541503906, "elapsed_time": 10.941687107086182, "prnt": false}
{"event": "training_step", "timestamp": 1769664068.042093, "step": 117, "max_steps": 882, "loss": 6.4837517738342285, "elapsed_time": 11.026682138442993, "prnt": false}
{"event": "training_step", "timestamp": 1769664068.1268656, "step": 118, "max_steps": 882, "loss": 6.438148021697998, "elapsed_time": 11.111293077468872, "prnt": false}
{"event": "training_step", "timestamp": 1769664068.211635, "step": 119, "max_steps": 882, "loss": 6.403844833374023, "elapsed_time": 11.196075916290283, "prnt": false}
{"event": "training_step", "timestamp": 1769664068.2962582, "step": 120, "max_steps": 882, "loss": 6.404167652130127, "elapsed_time": 11.280785322189331, "prnt": false}
{"event": "training_step", "timestamp": 1769664068.3809147, "step": 121, "max_steps": 882, "loss": 6.409168243408203, "elapsed_time": 11.365406274795532, "prnt": false}
{"event": "training_step", "timestamp": 1769664068.465768, "step": 122, "max_steps": 882, "loss": 6.411203384399414, "elapsed_time": 11.44994831085205, "prnt": false}
{"event": "training_step", "timestamp": 1769664068.550486, "step": 123, "max_steps": 882, "loss": 6.408909797668457, "elapsed_time": 11.534885883331299, "prnt": false}
{"event": "training_step", "timestamp": 1769664068.635454, "step": 124, "max_steps": 882, "loss": 6.450215816497803, "elapsed_time": 11.619587898254395, "prnt": false}
{"event": "training_step", "timestamp": 1769664068.7200778, "step": 125, "max_steps": 882, "loss": 6.407374382019043, "elapsed_time": 11.704406976699829, "prnt": false}
{"event": "training_step", "timestamp": 1769664068.8049314, "step": 126, "max_steps": 882, "loss": 6.424826145172119, "elapsed_time": 11.789172410964966, "prnt": false}
{"event": "validation_step", "timestamp": 1769664069.1612096, "step": 126, "max_steps": 882, "loss": 1.287688897609709, "elapsed_time": 11.789172410964966}
{"event": "training_step", "timestamp": 1769664069.2464948, "step": 127, "max_steps": 882, "loss": 6.441151142120361, "elapsed_time": 12.231032133102417, "prnt": false}
{"event": "training_step", "timestamp": 1769664069.3311884, "step": 128, "max_steps": 882, "loss": 6.3682074546813965, "elapsed_time": 12.31572437286377, "prnt": false}
{"event": "training_step", "timestamp": 1769664069.415887, "step": 129, "max_steps": 882, "loss": 6.415619850158691, "elapsed_time": 12.400249481201172, "prnt": false}
{"event": "training_step", "timestamp": 1769664069.5003831, "step": 130, "max_steps": 882, "loss": 6.353508949279785, "elapsed_time": 12.484807014465332, "prnt": false}
{"event": "training_step", "timestamp": 1769664069.585003, "step": 131, "max_steps": 882, "loss": 6.331615447998047, "elapsed_time": 12.569485425949097, "prnt": false}
{"event": "training_step", "timestamp": 1769664069.6698232, "step": 132, "max_steps": 882, "loss": 6.3694963455200195, "elapsed_time": 12.65420937538147, "prnt": false}
{"event": "training_step", "timestamp": 1769664069.7547626, "step": 133, "max_steps": 882, "loss": 6.331528186798096, "elapsed_time": 12.739509582519531, "prnt": false}
{"event": "training_step", "timestamp": 1769664069.8393319, "step": 134, "max_steps": 882, "loss": 6.339778423309326, "elapsed_time": 12.824132442474365, "prnt": false}
{"event": "training_step", "timestamp": 1769664069.9240713, "step": 135, "max_steps": 882, "loss": 6.323641777038574, "elapsed_time": 12.908893823623657, "prnt": false}
{"event": "training_step", "timestamp": 1769664070.0089092, "step": 136, "max_steps": 882, "loss": 6.312840461730957, "elapsed_time": 12.992998600006104, "prnt": false}
{"event": "training_step", "timestamp": 1769664070.09383, "step": 137, "max_steps": 882, "loss": 6.350809097290039, "elapsed_time": 13.078100681304932, "prnt": false}
{"event": "training_step", "timestamp": 1769664070.1784384, "step": 138, "max_steps": 882, "loss": 6.203151226043701, "elapsed_time": 13.162795543670654, "prnt": false}
{"event": "training_step", "timestamp": 1769664070.2631462, "step": 139, "max_steps": 882, "loss": 6.310191631317139, "elapsed_time": 13.247584581375122, "prnt": false}
{"event": "training_step", "timestamp": 1769664070.3478932, "step": 140, "max_steps": 882, "loss": 6.351380348205566, "elapsed_time": 13.332140922546387, "prnt": false}
{"event": "training_step", "timestamp": 1769664070.4327514, "step": 141, "max_steps": 882, "loss": 6.266922473907471, "elapsed_time": 13.41696310043335, "prnt": false}
{"event": "training_step", "timestamp": 1769664070.517435, "step": 142, "max_steps": 882, "loss": 6.255283832550049, "elapsed_time": 13.502048969268799, "prnt": false}
{"event": "training_step", "timestamp": 1769664070.6021247, "step": 143, "max_steps": 882, "loss": 6.3196821212768555, "elapsed_time": 13.586703300476074, "prnt": false}
{"event": "training_step", "timestamp": 1769664070.6868432, "step": 144, "max_steps": 882, "loss": 6.3020548820495605, "elapsed_time": 13.671326875686646, "prnt": false}
{"event": "training_step", "timestamp": 1769664070.7716708, "step": 145, "max_steps": 882, "loss": 6.302586078643799, "elapsed_time": 13.755890369415283, "prnt": false}
{"event": "training_step", "timestamp": 1769664070.8563678, "step": 146, "max_steps": 882, "loss": 6.285102844238281, "elapsed_time": 13.840698003768921, "prnt": false}
{"event": "training_step", "timestamp": 1769664070.9410274, "step": 147, "max_steps": 882, "loss": 6.271883487701416, "elapsed_time": 13.925472497940063, "prnt": false}
{"event": "training_step", "timestamp": 1769664071.025601, "step": 148, "max_steps": 882, "loss": 6.308233261108398, "elapsed_time": 14.010066509246826, "prnt": false}
{"event": "training_step", "timestamp": 1769664071.1102986, "step": 149, "max_steps": 882, "loss": 6.246825695037842, "elapsed_time": 14.09476900100708, "prnt": false}
{"event": "training_step", "timestamp": 1769664071.1952858, "step": 150, "max_steps": 882, "loss": 6.260368824005127, "elapsed_time": 14.180152893066406, "prnt": false}
{"event": "training_step", "timestamp": 1769664071.2801578, "step": 151, "max_steps": 882, "loss": 6.271561145782471, "elapsed_time": 14.264454126358032, "prnt": false}
{"event": "training_step", "timestamp": 1769664071.3647454, "step": 152, "max_steps": 882, "loss": 6.2417378425598145, "elapsed_time": 14.34926176071167, "prnt": false}
{"event": "training_step", "timestamp": 1769664071.44956, "step": 153, "max_steps": 882, "loss": 6.321691036224365, "elapsed_time": 14.433870315551758, "prnt": false}
{"event": "training_step", "timestamp": 1769664071.5343926, "step": 154, "max_steps": 882, "loss": 6.258922576904297, "elapsed_time": 14.518618822097778, "prnt": false}
{"event": "training_step", "timestamp": 1769664071.6190588, "step": 155, "max_steps": 882, "loss": 6.171901702880859, "elapsed_time": 14.603594064712524, "prnt": false}
{"event": "training_step", "timestamp": 1769664071.7037268, "step": 156, "max_steps": 882, "loss": 6.262256622314453, "elapsed_time": 14.688177824020386, "prnt": false}
{"event": "training_step", "timestamp": 1769664071.7886558, "step": 157, "max_steps": 882, "loss": 6.280104637145996, "elapsed_time": 14.772863388061523, "prnt": false}
{"event": "training_step", "timestamp": 1769664071.8735461, "step": 158, "max_steps": 882, "loss": 6.242697715759277, "elapsed_time": 14.857608795166016, "prnt": false}
{"event": "training_step", "timestamp": 1769664071.9581907, "step": 159, "max_steps": 882, "loss": 6.268054008483887, "elapsed_time": 14.942613124847412, "prnt": false}
{"event": "training_step", "timestamp": 1769664072.0428774, "step": 160, "max_steps": 882, "loss": 6.268833160400391, "elapsed_time": 15.027146577835083, "prnt": false}
{"event": "training_step", "timestamp": 1769664072.1278462, "step": 161, "max_steps": 882, "loss": 6.346965789794922, "elapsed_time": 15.11223316192627, "prnt": false}
{"event": "training_step", "timestamp": 1769664072.2126224, "step": 162, "max_steps": 882, "loss": 6.22661828994751, "elapsed_time": 15.19677448272705, "prnt": false}
{"event": "training_step", "timestamp": 1769664072.2974057, "step": 163, "max_steps": 882, "loss": 6.247878551483154, "elapsed_time": 15.281731843948364, "prnt": false}
{"event": "training_step", "timestamp": 1769664072.3820298, "step": 164, "max_steps": 882, "loss": 6.280179977416992, "elapsed_time": 15.36640191078186, "prnt": false}
{"event": "training_step", "timestamp": 1769664072.4667933, "step": 165, "max_steps": 882, "loss": 6.241479396820068, "elapsed_time": 15.451035737991333, "prnt": false}
{"event": "training_step", "timestamp": 1769664072.551623, "step": 166, "max_steps": 882, "loss": 6.275747776031494, "elapsed_time": 15.535787582397461, "prnt": false}
{"event": "training_step", "timestamp": 1769664072.6364996, "step": 167, "max_steps": 882, "loss": 6.250297546386719, "elapsed_time": 15.620800256729126, "prnt": false}
{"event": "training_step", "timestamp": 1769664072.7211354, "step": 168, "max_steps": 882, "loss": 6.235504627227783, "elapsed_time": 15.705602169036865, "prnt": false}
{"event": "validation_step", "timestamp": 1769664073.0777133, "step": 168, "max_steps": 882, "loss": 1.2633623505013443, "elapsed_time": 15.705602169036865}
{"event": "training_step", "timestamp": 1769664073.1630747, "step": 169, "max_steps": 882, "loss": 6.20259952545166, "elapsed_time": 16.146990537643433, "prnt": false}
{"event": "training_step", "timestamp": 1769664073.2480752, "step": 170, "max_steps": 882, "loss": 6.1831817626953125, "elapsed_time": 16.232890605926514, "prnt": false}
{"event": "training_step", "timestamp": 1769664073.3330224, "step": 171, "max_steps": 882, "loss": 6.16978645324707, "elapsed_time": 16.317328929901123, "prnt": false}
{"event": "training_step", "timestamp": 1769664073.417799, "step": 172, "max_steps": 882, "loss": 6.2161712646484375, "elapsed_time": 16.402021884918213, "prnt": false}
{"event": "training_step", "timestamp": 1769664073.5025156, "step": 173, "max_steps": 882, "loss": 6.1903910636901855, "elapsed_time": 16.486881256103516, "prnt": false}
{"event": "training_step", "timestamp": 1769664073.587193, "step": 174, "max_steps": 882, "loss": 6.19804048538208, "elapsed_time": 16.571599006652832, "prnt": false}
{"event": "training_step", "timestamp": 1769664073.6720676, "step": 175, "max_steps": 882, "loss": 6.262244701385498, "elapsed_time": 16.65625, "prnt": false}
{"event": "training_step", "timestamp": 1769664073.7567866, "step": 176, "max_steps": 882, "loss": 6.15168571472168, "elapsed_time": 16.740997552871704, "prnt": false}
{"event": "training_step", "timestamp": 1769664073.841505, "step": 177, "max_steps": 882, "loss": 6.1677045822143555, "elapsed_time": 16.825889825820923, "prnt": false}
{"event": "training_step", "timestamp": 1769664073.9261646, "step": 178, "max_steps": 882, "loss": 6.1574482917785645, "elapsed_time": 16.910622119903564, "prnt": false}
{"event": "training_step", "timestamp": 1769664074.0110886, "step": 179, "max_steps": 882, "loss": 6.125331401824951, "elapsed_time": 16.995222091674805, "prnt": false}
{"event": "training_step", "timestamp": 1769664074.095894, "step": 180, "max_steps": 882, "loss": 6.150251388549805, "elapsed_time": 17.080040216445923, "prnt": false}
{"event": "training_step", "timestamp": 1769664074.1806593, "step": 181, "max_steps": 882, "loss": 6.2810959815979, "elapsed_time": 17.16506838798523, "prnt": false}
{"event": "training_step", "timestamp": 1769664074.2653654, "step": 182, "max_steps": 882, "loss": 6.161242485046387, "elapsed_time": 17.24970293045044, "prnt": false}
{"event": "training_step", "timestamp": 1769664074.3503633, "step": 183, "max_steps": 882, "loss": 6.116885185241699, "elapsed_time": 17.334575176239014, "prnt": false}
{"event": "training_step", "timestamp": 1769664074.4352076, "step": 184, "max_steps": 882, "loss": 6.199654579162598, "elapsed_time": 17.41951584815979, "prnt": false}
{"event": "training_step", "timestamp": 1769664074.5199509, "step": 185, "max_steps": 882, "loss": 6.177797794342041, "elapsed_time": 17.504314184188843, "prnt": false}
{"event": "training_step", "timestamp": 1769664074.604682, "step": 186, "max_steps": 882, "loss": 6.194492816925049, "elapsed_time": 17.58899211883545, "prnt": false}
{"event": "training_step", "timestamp": 1769664074.6895764, "step": 187, "max_steps": 882, "loss": 6.145853042602539, "elapsed_time": 17.673958778381348, "prnt": false}
{"event": "training_step", "timestamp": 1769664074.7743907, "step": 188, "max_steps": 882, "loss": 6.1718292236328125, "elapsed_time": 17.758506298065186, "prnt": false}
{"event": "training_step", "timestamp": 1769664074.8593104, "step": 189, "max_steps": 882, "loss": 6.144145965576172, "elapsed_time": 17.843660354614258, "prnt": false}
{"event": "training_step", "timestamp": 1769664074.9439976, "step": 190, "max_steps": 882, "loss": 6.119185447692871, "elapsed_time": 17.92828607559204, "prnt": false}
{"event": "training_step", "timestamp": 1769664075.0289843, "step": 191, "max_steps": 882, "loss": 6.197120189666748, "elapsed_time": 18.01322650909424, "prnt": false}
{"event": "training_step", "timestamp": 1769664075.1138773, "step": 192, "max_steps": 882, "loss": 6.058223724365234, "elapsed_time": 18.098008155822754, "prnt": false}
{"event": "training_step", "timestamp": 1769664075.1988647, "step": 193, "max_steps": 882, "loss": 6.148733615875244, "elapsed_time": 18.183282375335693, "prnt": false}
{"event": "training_step", "timestamp": 1769664075.2837365, "step": 194, "max_steps": 882, "loss": 6.113115310668945, "elapsed_time": 18.268190383911133, "prnt": false}
{"event": "training_step", "timestamp": 1769664075.3686736, "step": 195, "max_steps": 882, "loss": 6.152864456176758, "elapsed_time": 18.352822303771973, "prnt": false}
{"event": "training_step", "timestamp": 1769664075.4535441, "step": 196, "max_steps": 882, "loss": 6.161251068115234, "elapsed_time": 18.43748903274536, "prnt": false}
{"event": "training_step", "timestamp": 1769664075.5383477, "step": 197, "max_steps": 882, "loss": 6.075615882873535, "elapsed_time": 18.522815465927124, "prnt": false}
{"event": "training_step", "timestamp": 1769664075.6230667, "step": 198, "max_steps": 882, "loss": 6.1243672370910645, "elapsed_time": 18.607385873794556, "prnt": false}
{"event": "training_step", "timestamp": 1769664075.7080848, "step": 199, "max_steps": 882, "loss": 6.13413667678833, "elapsed_time": 18.692124366760254, "prnt": false}
{"event": "training_step", "timestamp": 1769664075.7929435, "step": 200, "max_steps": 882, "loss": 6.058876037597656, "elapsed_time": 18.777003526687622, "prnt": false}
{"event": "training_step", "timestamp": 1769664075.8779118, "step": 201, "max_steps": 882, "loss": 6.178211212158203, "elapsed_time": 18.862061500549316, "prnt": false}
{"event": "training_step", "timestamp": 1769664075.9626322, "step": 202, "max_steps": 882, "loss": 6.061844348907471, "elapsed_time": 18.947197198867798, "prnt": false}
{"event": "training_step", "timestamp": 1769664076.0477548, "step": 203, "max_steps": 882, "loss": 6.022392749786377, "elapsed_time": 19.031821966171265, "prnt": false}
{"event": "training_step", "timestamp": 1769664076.1326058, "step": 204, "max_steps": 882, "loss": 6.050796985626221, "elapsed_time": 19.11661982536316, "prnt": false}
{"event": "training_step", "timestamp": 1769664076.217443, "step": 205, "max_steps": 882, "loss": 6.068727493286133, "elapsed_time": 19.20164442062378, "prnt": false}
{"event": "training_step", "timestamp": 1769664076.302263, "step": 206, "max_steps": 882, "loss": 6.076011657714844, "elapsed_time": 19.286628007888794, "prnt": false}
{"event": "training_step", "timestamp": 1769664076.3874214, "step": 207, "max_steps": 882, "loss": 6.12290096282959, "elapsed_time": 19.371516942977905, "prnt": false}
{"event": "training_step", "timestamp": 1769664076.4723516, "step": 208, "max_steps": 882, "loss": 6.015354633331299, "elapsed_time": 19.456497192382812, "prnt": false}
{"event": "training_step", "timestamp": 1769664076.557306, "step": 209, "max_steps": 882, "loss": 6.070615291595459, "elapsed_time": 19.541539192199707, "prnt": false}
{"event": "training_step", "timestamp": 1769664076.642104, "step": 210, "max_steps": 882, "loss": 6.086787700653076, "elapsed_time": 19.626344442367554, "prnt": false}
{"event": "validation_step", "timestamp": 1769664076.9990969, "step": 210, "max_steps": 882, "loss": 1.2452593821597178, "elapsed_time": 19.626344442367554}
{"event": "training_step", "timestamp": 1769664077.0842931, "step": 211, "max_steps": 882, "loss": 6.03521728515625, "elapsed_time": 20.068408966064453, "prnt": false}
{"event": "training_step", "timestamp": 1769664077.1692038, "step": 212, "max_steps": 882, "loss": 6.06816291809082, "elapsed_time": 20.15334153175354, "prnt": false}
{"event": "training_step", "timestamp": 1769664077.2543428, "step": 213, "max_steps": 882, "loss": 6.113149166107178, "elapsed_time": 20.23874592781067, "prnt": false}
{"event": "training_step", "timestamp": 1769664077.339182, "step": 214, "max_steps": 882, "loss": 6.027858257293701, "elapsed_time": 20.32357358932495, "prnt": false}
{"event": "training_step", "timestamp": 1769664077.423982, "step": 215, "max_steps": 882, "loss": 6.063481330871582, "elapsed_time": 20.40826964378357, "prnt": false}
{"event": "training_step", "timestamp": 1769664077.5087702, "step": 216, "max_steps": 882, "loss": 6.066878318786621, "elapsed_time": 20.493062496185303, "prnt": false}
{"event": "training_step", "timestamp": 1769664077.5937097, "step": 217, "max_steps": 882, "loss": 6.0454583168029785, "elapsed_time": 20.577948808670044, "prnt": false}
{"event": "training_step", "timestamp": 1769664077.6784723, "step": 218, "max_steps": 882, "loss": 6.028275012969971, "elapsed_time": 20.662619829177856, "prnt": false}
{"event": "training_step", "timestamp": 1769664077.7633352, "step": 219, "max_steps": 882, "loss": 6.048386573791504, "elapsed_time": 20.74765634536743, "prnt": false}
{"event": "training_step", "timestamp": 1769664077.848224, "step": 220, "max_steps": 882, "loss": 6.0396881103515625, "elapsed_time": 20.832295656204224, "prnt": false}
{"event": "training_step", "timestamp": 1769664077.9332838, "step": 221, "max_steps": 882, "loss": 6.108602523803711, "elapsed_time": 20.917535066604614, "prnt": false}
{"event": "training_step", "timestamp": 1769664078.0181394, "step": 222, "max_steps": 882, "loss": 6.0506086349487305, "elapsed_time": 21.00217628479004, "prnt": false}
{"event": "training_step", "timestamp": 1769664078.1029806, "step": 223, "max_steps": 882, "loss": 6.105926990509033, "elapsed_time": 21.087451457977295, "prnt": false}
{"event": "training_step", "timestamp": 1769664078.1878116, "step": 224, "max_steps": 882, "loss": 6.094141960144043, "elapsed_time": 21.17195463180542, "prnt": false}
{"event": "training_step", "timestamp": 1769664078.2727876, "step": 225, "max_steps": 882, "loss": 6.056798934936523, "elapsed_time": 21.25693678855896, "prnt": false}
{"event": "training_step", "timestamp": 1769664078.3574917, "step": 226, "max_steps": 882, "loss": 6.031703948974609, "elapsed_time": 21.341798067092896, "prnt": false}
{"event": "training_step", "timestamp": 1769664078.4425454, "step": 227, "max_steps": 882, "loss": 6.025272369384766, "elapsed_time": 21.426609754562378, "prnt": false}
{"event": "training_step", "timestamp": 1769664078.5274453, "step": 228, "max_steps": 882, "loss": 6.041912078857422, "elapsed_time": 21.511764764785767, "prnt": false}
{"event": "training_step", "timestamp": 1769664078.6123912, "step": 229, "max_steps": 882, "loss": 6.037321090698242, "elapsed_time": 21.596481323242188, "prnt": false}
{"event": "training_step", "timestamp": 1769664078.6972, "step": 230, "max_steps": 882, "loss": 6.057422637939453, "elapsed_time": 21.681257963180542, "prnt": false}
{"event": "training_step", "timestamp": 1769664078.7820387, "step": 231, "max_steps": 882, "loss": 5.959160804748535, "elapsed_time": 21.76641011238098, "prnt": false}
{"event": "training_step", "timestamp": 1769664078.866963, "step": 232, "max_steps": 882, "loss": 6.115987777709961, "elapsed_time": 21.850953102111816, "prnt": false}
{"event": "training_step", "timestamp": 1769664078.9520123, "step": 233, "max_steps": 882, "loss": 6.050108432769775, "elapsed_time": 21.93612265586853, "prnt": false}
{"event": "training_step", "timestamp": 1769664079.036848, "step": 234, "max_steps": 882, "loss": 6.025183200836182, "elapsed_time": 22.020941495895386, "prnt": false}
{"event": "training_step", "timestamp": 1769664079.1217444, "step": 235, "max_steps": 882, "loss": 6.061862468719482, "elapsed_time": 22.1060893535614, "prnt": false}
{"event": "training_step", "timestamp": 1769664079.206686, "step": 236, "max_steps": 882, "loss": 6.083187580108643, "elapsed_time": 22.190600395202637, "prnt": false}
{"event": "training_step", "timestamp": 1769664079.2918797, "step": 237, "max_steps": 882, "loss": 5.933527946472168, "elapsed_time": 22.276406049728394, "prnt": false}
{"event": "training_step", "timestamp": 1769664079.376768, "step": 238, "max_steps": 882, "loss": 5.980035305023193, "elapsed_time": 22.360931634902954, "prnt": false}
{"event": "training_step", "timestamp": 1769664079.4617386, "step": 239, "max_steps": 882, "loss": 5.993493556976318, "elapsed_time": 22.44578194618225, "prnt": false}
{"event": "training_step", "timestamp": 1769664079.5467336, "step": 240, "max_steps": 882, "loss": 6.017251491546631, "elapsed_time": 22.530988216400146, "prnt": false}
{"event": "training_step", "timestamp": 1769664079.631753, "step": 241, "max_steps": 882, "loss": 6.030527591705322, "elapsed_time": 22.615893125534058, "prnt": false}
{"event": "training_step", "timestamp": 1769664079.7167022, "step": 242, "max_steps": 882, "loss": 6.084290504455566, "elapsed_time": 22.700953722000122, "prnt": false}
{"event": "training_step", "timestamp": 1769664079.8015916, "step": 243, "max_steps": 882, "loss": 6.020195960998535, "elapsed_time": 22.785841703414917, "prnt": false}
{"event": "training_step", "timestamp": 1769664079.8865483, "step": 244, "max_steps": 882, "loss": 5.980898380279541, "elapsed_time": 22.87052273750305, "prnt": false}
{"event": "training_step", "timestamp": 1769664079.971629, "step": 245, "max_steps": 882, "loss": 5.990708827972412, "elapsed_time": 22.955920219421387, "prnt": false}
{"event": "training_step", "timestamp": 1769664080.0565915, "step": 246, "max_steps": 882, "loss": 6.007386684417725, "elapsed_time": 23.04060173034668, "prnt": false}
{"event": "training_step", "timestamp": 1769664080.141585, "step": 247, "max_steps": 882, "loss": 5.8900604248046875, "elapsed_time": 23.12594199180603, "prnt": false}
{"event": "training_step", "timestamp": 1769664080.226576, "step": 248, "max_steps": 882, "loss": 6.016611576080322, "elapsed_time": 23.210587978363037, "prnt": false}
{"event": "training_step", "timestamp": 1769664080.3117077, "step": 249, "max_steps": 882, "loss": 6.001582622528076, "elapsed_time": 23.295889616012573, "prnt": false}
{"event": "training_step", "timestamp": 1769664080.3966799, "step": 250, "max_steps": 882, "loss": 5.98563814163208, "elapsed_time": 23.380767345428467, "prnt": false}
{"event": "training_step", "timestamp": 1769664080.481652, "step": 251, "max_steps": 882, "loss": 5.951083183288574, "elapsed_time": 23.465994596481323, "prnt": false}
{"event": "training_step", "timestamp": 1769664080.5664864, "step": 252, "max_steps": 882, "loss": 5.9719367027282715, "elapsed_time": 23.5506751537323, "prnt": false}
{"event": "validation_step", "timestamp": 1769664080.923809, "step": 252, "max_steps": 882, "loss": 1.2317338800303168, "elapsed_time": 23.5506751537323}
{"event": "training_step", "timestamp": 1769664081.0093865, "step": 253, "max_steps": 882, "loss": 5.973813533782959, "elapsed_time": 23.993305683135986, "prnt": false}
{"event": "training_step", "timestamp": 1769664081.094423, "step": 254, "max_steps": 882, "loss": 5.892951488494873, "elapsed_time": 24.078547477722168, "prnt": false}
{"event": "training_step", "timestamp": 1769664081.1793485, "step": 255, "max_steps": 882, "loss": 5.910025119781494, "elapsed_time": 24.16363215446472, "prnt": false}
{"event": "training_step", "timestamp": 1769664081.2643762, "step": 256, "max_steps": 882, "loss": 5.97488260269165, "elapsed_time": 24.24890923500061, "prnt": false}
{"event": "training_step", "timestamp": 1769664081.3494732, "step": 257, "max_steps": 882, "loss": 5.919852256774902, "elapsed_time": 24.33354687690735, "prnt": false}
{"event": "training_step", "timestamp": 1769664081.4345045, "step": 258, "max_steps": 882, "loss": 5.925565719604492, "elapsed_time": 24.418415307998657, "prnt": false}
{"event": "training_step", "timestamp": 1769664081.5195801, "step": 259, "max_steps": 882, "loss": 5.911624431610107, "elapsed_time": 24.50359058380127, "prnt": false}
{"event": "training_step", "timestamp": 1769664081.604615, "step": 260, "max_steps": 882, "loss": 5.950989723205566, "elapsed_time": 24.588600635528564, "prnt": false}
{"event": "training_step", "timestamp": 1769664081.6896622, "step": 261, "max_steps": 882, "loss": 5.969365119934082, "elapsed_time": 24.673804998397827, "prnt": false}
{"event": "training_step", "timestamp": 1769664081.774607, "step": 262, "max_steps": 882, "loss": 5.9180779457092285, "elapsed_time": 24.759124755859375, "prnt": false}
{"event": "training_step", "timestamp": 1769664081.8596008, "step": 263, "max_steps": 882, "loss": 5.9051313400268555, "elapsed_time": 24.844619035720825, "prnt": false}
{"event": "training_step", "timestamp": 1769664081.9445915, "step": 264, "max_steps": 882, "loss": 5.969444751739502, "elapsed_time": 24.928608894348145, "prnt": false}
{"event": "training_step", "timestamp": 1769664082.0297556, "step": 265, "max_steps": 882, "loss": 5.962385654449463, "elapsed_time": 25.01381015777588, "prnt": false}
{"event": "training_step", "timestamp": 1769664082.1147175, "step": 266, "max_steps": 882, "loss": 5.896437644958496, "elapsed_time": 25.09894037246704, "prnt": false}
{"event": "training_step", "timestamp": 1769664082.1997383, "step": 267, "max_steps": 882, "loss": 5.976415157318115, "elapsed_time": 25.18375825881958, "prnt": false}
{"event": "training_step", "timestamp": 1769664082.2848918, "step": 268, "max_steps": 882, "loss": 5.957130432128906, "elapsed_time": 25.26871371269226, "prnt": false}
{"event": "training_step", "timestamp": 1769664082.3701007, "step": 269, "max_steps": 882, "loss": 5.881796360015869, "elapsed_time": 25.35400366783142, "prnt": false}
{"event": "training_step", "timestamp": 1769664082.4552135, "step": 270, "max_steps": 882, "loss": 5.9765801429748535, "elapsed_time": 25.4390652179718, "prnt": false}
{"event": "training_step", "timestamp": 1769664082.5403209, "step": 271, "max_steps": 882, "loss": 5.944857120513916, "elapsed_time": 25.524406671524048, "prnt": false}
{"event": "training_step", "timestamp": 1769664082.625402, "step": 272, "max_steps": 882, "loss": 5.869266986846924, "elapsed_time": 25.609405755996704, "prnt": false}
{"event": "training_step", "timestamp": 1769664082.7106342, "step": 273, "max_steps": 882, "loss": 5.968762397766113, "elapsed_time": 25.69446325302124, "prnt": false}
{"event": "training_step", "timestamp": 1769664082.7955976, "step": 274, "max_steps": 882, "loss": 5.960103511810303, "elapsed_time": 25.779675006866455, "prnt": false}
{"event": "training_step", "timestamp": 1769664082.8805516, "step": 275, "max_steps": 882, "loss": 5.859010219573975, "elapsed_time": 25.8647780418396, "prnt": false}
{"event": "training_step", "timestamp": 1769664082.9656475, "step": 276, "max_steps": 882, "loss": 5.875755786895752, "elapsed_time": 25.949564456939697, "prnt": false}
{"event": "training_step", "timestamp": 1769664083.0507545, "step": 277, "max_steps": 882, "loss": 5.863790035247803, "elapsed_time": 26.03474760055542, "prnt": false}
{"event": "training_step", "timestamp": 1769664083.135788, "step": 278, "max_steps": 882, "loss": 5.856157302856445, "elapsed_time": 26.11971378326416, "prnt": false}
{"event": "training_step", "timestamp": 1769664083.2207012, "step": 279, "max_steps": 882, "loss": 5.908394813537598, "elapsed_time": 26.204933881759644, "prnt": false}
{"event": "training_step", "timestamp": 1769664083.3059354, "step": 280, "max_steps": 882, "loss": 5.905995845794678, "elapsed_time": 26.290427684783936, "prnt": false}
{"event": "training_step", "timestamp": 1769664083.3910635, "step": 281, "max_steps": 882, "loss": 5.955427646636963, "elapsed_time": 26.37503218650818, "prnt": false}
{"event": "training_step", "timestamp": 1769664083.4760678, "step": 282, "max_steps": 882, "loss": 5.900546550750732, "elapsed_time": 26.4601149559021, "prnt": false}
{"event": "training_step", "timestamp": 1769664083.5611491, "step": 283, "max_steps": 882, "loss": 5.846595764160156, "elapsed_time": 26.545138120651245, "prnt": false}
{"event": "training_step", "timestamp": 1769664083.646031, "step": 284, "max_steps": 882, "loss": 5.850102424621582, "elapsed_time": 26.630171060562134, "prnt": false}
{"event": "training_step", "timestamp": 1769664083.731159, "step": 285, "max_steps": 882, "loss": 5.873131275177002, "elapsed_time": 26.715018033981323, "prnt": false}
{"event": "training_step", "timestamp": 1769664083.816146, "step": 286, "max_steps": 882, "loss": 5.870514869689941, "elapsed_time": 26.800045490264893, "prnt": false}
{"event": "training_step", "timestamp": 1769664083.9010868, "step": 287, "max_steps": 882, "loss": 5.894304275512695, "elapsed_time": 26.885379791259766, "prnt": false}
{"event": "training_step", "timestamp": 1769664083.985959, "step": 288, "max_steps": 882, "loss": 5.898376941680908, "elapsed_time": 26.97000741958618, "prnt": false}
{"event": "training_step", "timestamp": 1769664084.0710087, "step": 289, "max_steps": 882, "loss": 5.884603023529053, "elapsed_time": 27.054932594299316, "prnt": false}
{"event": "training_step", "timestamp": 1769664084.1558661, "step": 290, "max_steps": 882, "loss": 5.870804786682129, "elapsed_time": 27.140013217926025, "prnt": false}
{"event": "training_step", "timestamp": 1769664084.2408273, "step": 291, "max_steps": 882, "loss": 5.8814568519592285, "elapsed_time": 27.225185871124268, "prnt": false}
{"event": "training_step", "timestamp": 1769664084.3257177, "step": 292, "max_steps": 882, "loss": 5.876805305480957, "elapsed_time": 27.30977749824524, "prnt": false}
{"event": "training_step", "timestamp": 1769664084.410656, "step": 293, "max_steps": 882, "loss": 5.828521728515625, "elapsed_time": 27.394716024398804, "prnt": false}
{"event": "training_step", "timestamp": 1769664084.4955387, "step": 294, "max_steps": 882, "loss": 5.8688249588012695, "elapsed_time": 27.479634761810303, "prnt": false}
{"event": "validation_step", "timestamp": 1769664084.852538, "step": 294, "max_steps": 882, "loss": 1.2202391568360187, "elapsed_time": 27.479634761810303}
{"event": "training_step", "timestamp": 1769664084.9381144, "step": 295, "max_steps": 882, "loss": 5.846710681915283, "elapsed_time": 27.92173719406128, "prnt": false}
{"event": "training_step", "timestamp": 1769664085.023104, "step": 296, "max_steps": 882, "loss": 5.885122299194336, "elapsed_time": 28.00725555419922, "prnt": false}
{"event": "training_step", "timestamp": 1769664085.1083202, "step": 297, "max_steps": 882, "loss": 5.797743797302246, "elapsed_time": 28.092194318771362, "prnt": false}
{"event": "training_step", "timestamp": 1769664085.1932247, "step": 298, "max_steps": 882, "loss": 5.8965678215026855, "elapsed_time": 28.177276372909546, "prnt": false}
{"event": "training_step", "timestamp": 1769664085.2782187, "step": 299, "max_steps": 882, "loss": 5.939743995666504, "elapsed_time": 28.26235318183899, "prnt": false}
{"event": "training_step", "timestamp": 1769664085.3634677, "step": 300, "max_steps": 882, "loss": 5.816709041595459, "elapsed_time": 28.347754955291748, "prnt": false}
{"event": "training_step", "timestamp": 1769664085.4486396, "step": 301, "max_steps": 882, "loss": 5.868884563446045, "elapsed_time": 28.432526350021362, "prnt": false}
{"event": "training_step", "timestamp": 1769664085.533531, "step": 302, "max_steps": 882, "loss": 5.8806586265563965, "elapsed_time": 28.517722129821777, "prnt": false}
{"event": "training_step", "timestamp": 1769664085.6186528, "step": 303, "max_steps": 882, "loss": 5.875019550323486, "elapsed_time": 28.602712392807007, "prnt": false}
{"event": "training_step", "timestamp": 1769664085.7037387, "step": 304, "max_steps": 882, "loss": 5.813260078430176, "elapsed_time": 28.687896966934204, "prnt": false}
{"event": "training_step", "timestamp": 1769664085.7890897, "step": 305, "max_steps": 882, "loss": 5.866824626922607, "elapsed_time": 28.77305769920349, "prnt": false}
{"event": "training_step", "timestamp": 1769664085.8740034, "step": 306, "max_steps": 882, "loss": 5.740740776062012, "elapsed_time": 28.85801863670349, "prnt": false}
{"event": "training_step", "timestamp": 1769664085.959118, "step": 307, "max_steps": 882, "loss": 5.772622108459473, "elapsed_time": 28.943153619766235, "prnt": false}
{"event": "training_step", "timestamp": 1769664086.0438995, "step": 308, "max_steps": 882, "loss": 5.891765594482422, "elapsed_time": 29.028188705444336, "prnt": false}
{"event": "training_step", "timestamp": 1769664086.1290405, "step": 309, "max_steps": 882, "loss": 5.8365702629089355, "elapsed_time": 29.11288595199585, "prnt": false}
{"event": "training_step", "timestamp": 1769664086.2140121, "step": 310, "max_steps": 882, "loss": 5.805152893066406, "elapsed_time": 29.19809651374817, "prnt": false}
{"event": "training_step", "timestamp": 1769664086.2990432, "step": 311, "max_steps": 882, "loss": 5.832476615905762, "elapsed_time": 29.28321599960327, "prnt": false}
{"event": "training_step", "timestamp": 1769664086.3841908, "step": 312, "max_steps": 882, "loss": 5.868101596832275, "elapsed_time": 29.36809754371643, "prnt": false}
{"event": "training_step", "timestamp": 1769664086.4693875, "step": 313, "max_steps": 882, "loss": 5.80501127243042, "elapsed_time": 29.4532949924469, "prnt": false}
{"event": "training_step", "timestamp": 1769664086.5543227, "step": 314, "max_steps": 882, "loss": 5.855615139007568, "elapsed_time": 29.538363456726074, "prnt": false}
{"event": "training_step", "timestamp": 1769664086.639437, "step": 315, "max_steps": 882, "loss": 5.867606163024902, "elapsed_time": 29.62339758872986, "prnt": false}
{"event": "training_step", "timestamp": 1769664086.7243323, "step": 316, "max_steps": 882, "loss": 5.846398830413818, "elapsed_time": 29.708387851715088, "prnt": false}
{"event": "training_step", "timestamp": 1769664086.809387, "step": 317, "max_steps": 882, "loss": 5.829405784606934, "elapsed_time": 29.793469429016113, "prnt": false}
{"event": "training_step", "timestamp": 1769664086.8942409, "step": 318, "max_steps": 882, "loss": 5.792900085449219, "elapsed_time": 29.878355026245117, "prnt": false}
{"event": "training_step", "timestamp": 1769664086.9794586, "step": 319, "max_steps": 882, "loss": 5.776940822601318, "elapsed_time": 29.963634729385376, "prnt": false}
{"event": "training_step", "timestamp": 1769664087.064445, "step": 320, "max_steps": 882, "loss": 5.883189678192139, "elapsed_time": 30.04839301109314, "prnt": false}
{"event": "training_step", "timestamp": 1769664087.1496654, "step": 321, "max_steps": 882, "loss": 5.803032398223877, "elapsed_time": 30.13345980644226, "prnt": false}
{"event": "training_step", "timestamp": 1769664087.2346022, "step": 322, "max_steps": 882, "loss": 5.766216278076172, "elapsed_time": 30.218529224395752, "prnt": false}
{"event": "training_step", "timestamp": 1769664087.3198788, "step": 323, "max_steps": 882, "loss": 5.794379711151123, "elapsed_time": 30.304171323776245, "prnt": false}
{"event": "training_step", "timestamp": 1769664087.4048746, "step": 324, "max_steps": 882, "loss": 5.781271457672119, "elapsed_time": 30.389006853103638, "prnt": false}
{"event": "training_step", "timestamp": 1769664087.489925, "step": 325, "max_steps": 882, "loss": 5.835061073303223, "elapsed_time": 30.473974227905273, "prnt": false}
{"event": "training_step", "timestamp": 1769664087.5749269, "step": 326, "max_steps": 882, "loss": 5.802151203155518, "elapsed_time": 30.5591402053833, "prnt": false}
{"event": "training_step", "timestamp": 1769664087.6600459, "step": 327, "max_steps": 882, "loss": 5.7643141746521, "elapsed_time": 30.643959999084473, "prnt": false}
{"event": "training_step", "timestamp": 1769664087.7450361, "step": 328, "max_steps": 882, "loss": 5.792326927185059, "elapsed_time": 30.728996992111206, "prnt": false}
{"event": "training_step", "timestamp": 1769664087.8301132, "step": 329, "max_steps": 882, "loss": 5.868073463439941, "elapsed_time": 30.814324140548706, "prnt": false}
{"event": "training_step", "timestamp": 1769664087.915102, "step": 330, "max_steps": 882, "loss": 5.743148326873779, "elapsed_time": 30.899205446243286, "prnt": false}
{"event": "training_step", "timestamp": 1769664088.0003517, "step": 331, "max_steps": 882, "loss": 5.839324474334717, "elapsed_time": 30.9842746257782, "prnt": false}
{"event": "training_step", "timestamp": 1769664088.08535, "step": 332, "max_steps": 882, "loss": 5.772894382476807, "elapsed_time": 31.069262266159058, "prnt": false}
{"event": "training_step", "timestamp": 1769664088.1704648, "step": 333, "max_steps": 882, "loss": 5.852272033691406, "elapsed_time": 31.154492139816284, "prnt": false}
{"event": "training_step", "timestamp": 1769664088.255411, "step": 334, "max_steps": 882, "loss": 5.7939300537109375, "elapsed_time": 31.239511966705322, "prnt": false}
{"event": "training_step", "timestamp": 1769664088.3405023, "step": 335, "max_steps": 882, "loss": 5.765827178955078, "elapsed_time": 31.324653148651123, "prnt": false}
{"event": "training_step", "timestamp": 1769664088.4255242, "step": 336, "max_steps": 882, "loss": 5.836407661437988, "elapsed_time": 31.40938425064087, "prnt": false}
{"event": "validation_step", "timestamp": 1769664088.7836266, "step": 336, "max_steps": 882, "loss": 1.209746911302464, "elapsed_time": 31.40938425064087}
{"event": "training_step", "timestamp": 1769664088.869173, "step": 337, "max_steps": 882, "loss": 5.869357585906982, "elapsed_time": 31.852864265441895, "prnt": false}
{"event": "training_step", "timestamp": 1769664088.9542565, "step": 338, "max_steps": 882, "loss": 5.780684471130371, "elapsed_time": 31.93838858604431, "prnt": false}
{"event": "training_step", "timestamp": 1769664089.0394948, "step": 339, "max_steps": 882, "loss": 5.7598748207092285, "elapsed_time": 32.02334761619568, "prnt": false}
{"event": "training_step", "timestamp": 1769664089.1246347, "step": 340, "max_steps": 882, "loss": 5.836497783660889, "elapsed_time": 32.10863995552063, "prnt": false}
{"event": "training_step", "timestamp": 1769664089.209729, "step": 341, "max_steps": 882, "loss": 5.745414733886719, "elapsed_time": 32.19368100166321, "prnt": false}
{"event": "training_step", "timestamp": 1769664089.2947724, "step": 342, "max_steps": 882, "loss": 5.866747856140137, "elapsed_time": 32.278911113739014, "prnt": false}
{"event": "training_step", "timestamp": 1769664089.3800907, "step": 343, "max_steps": 882, "loss": 5.790135383605957, "elapsed_time": 32.364516496658325, "prnt": false}
{"event": "training_step", "timestamp": 1769664089.4652057, "step": 344, "max_steps": 882, "loss": 5.761175632476807, "elapsed_time": 32.44918656349182, "prnt": false}
{"event": "training_step", "timestamp": 1769664089.550323, "step": 345, "max_steps": 882, "loss": 5.7749528884887695, "elapsed_time": 32.5342538356781, "prnt": false}
{"event": "training_step", "timestamp": 1769664089.6353788, "step": 346, "max_steps": 882, "loss": 5.772053241729736, "elapsed_time": 32.619219064712524, "prnt": false}
{"event": "training_step", "timestamp": 1769664089.7205641, "step": 347, "max_steps": 882, "loss": 5.68380069732666, "elapsed_time": 32.7045795917511, "prnt": false}
{"event": "training_step", "timestamp": 1769664089.8058093, "step": 348, "max_steps": 882, "loss": 5.720753192901611, "elapsed_time": 32.78939890861511, "prnt": false}
{"event": "training_step", "timestamp": 1769664089.8910804, "step": 349, "max_steps": 882, "loss": 5.771473407745361, "elapsed_time": 32.87519431114197, "prnt": false}
{"event": "training_step", "timestamp": 1769664089.9761283, "step": 350, "max_steps": 882, "loss": 5.723243713378906, "elapsed_time": 32.96005201339722, "prnt": false}
{"event": "training_step", "timestamp": 1769664090.0612726, "step": 351, "max_steps": 882, "loss": 5.782789707183838, "elapsed_time": 33.04515480995178, "prnt": false}
{"event": "training_step", "timestamp": 1769664090.1464949, "step": 352, "max_steps": 882, "loss": 5.740911960601807, "elapsed_time": 33.13029742240906, "prnt": false}
{"event": "training_step", "timestamp": 1769664090.2316575, "step": 353, "max_steps": 882, "loss": 5.676772594451904, "elapsed_time": 33.21553945541382, "prnt": false}
{"event": "training_step", "timestamp": 1769664090.3168302, "step": 354, "max_steps": 882, "loss": 5.699355125427246, "elapsed_time": 33.30085849761963, "prnt": false}
{"event": "training_step", "timestamp": 1769664090.402083, "step": 355, "max_steps": 882, "loss": 5.732000827789307, "elapsed_time": 33.38589119911194, "prnt": false}
{"event": "training_step", "timestamp": 1769664090.4874327, "step": 356, "max_steps": 882, "loss": 5.757303237915039, "elapsed_time": 33.471399784088135, "prnt": false}
{"event": "training_step", "timestamp": 1769664090.572695, "step": 357, "max_steps": 882, "loss": 5.649263381958008, "elapsed_time": 33.55669689178467, "prnt": false}
{"event": "training_step", "timestamp": 1769664090.65783, "step": 358, "max_steps": 882, "loss": 5.754554271697998, "elapsed_time": 33.641557455062866, "prnt": false}
{"event": "training_step", "timestamp": 1769664090.7431154, "step": 359, "max_steps": 882, "loss": 5.760011196136475, "elapsed_time": 33.72708702087402, "prnt": false}
{"event": "training_step", "timestamp": 1769664090.828416, "step": 360, "max_steps": 882, "loss": 5.722179889678955, "elapsed_time": 33.812063694000244, "prnt": false}
{"event": "training_step", "timestamp": 1769664090.9134994, "step": 361, "max_steps": 882, "loss": 5.79368257522583, "elapsed_time": 33.897430181503296, "prnt": false}
{"event": "training_step", "timestamp": 1769664090.9986022, "step": 362, "max_steps": 882, "loss": 5.675348281860352, "elapsed_time": 33.982463359832764, "prnt": false}
{"event": "training_step", "timestamp": 1769664091.0840232, "step": 363, "max_steps": 882, "loss": 5.712520599365234, "elapsed_time": 34.068705797195435, "prnt": false}
{"event": "training_step", "timestamp": 1769664091.1694634, "step": 364, "max_steps": 882, "loss": 5.705094337463379, "elapsed_time": 34.15419673919678, "prnt": false}
{"event": "training_step", "timestamp": 1769664091.2548718, "step": 365, "max_steps": 882, "loss": 5.70752477645874, "elapsed_time": 34.23939871788025, "prnt": false}
{"event": "training_step", "timestamp": 1769664091.3403902, "step": 366, "max_steps": 882, "loss": 5.752182960510254, "elapsed_time": 34.32467436790466, "prnt": false}
{"event": "training_step", "timestamp": 1769664091.4259763, "step": 367, "max_steps": 882, "loss": 5.741826057434082, "elapsed_time": 34.41012358665466, "prnt": false}
{"event": "training_step", "timestamp": 1769664091.5113006, "step": 368, "max_steps": 882, "loss": 5.770038604736328, "elapsed_time": 34.49536633491516, "prnt": false}
{"event": "training_step", "timestamp": 1769664091.5967696, "step": 369, "max_steps": 882, "loss": 5.706433296203613, "elapsed_time": 34.58115220069885, "prnt": false}
{"event": "training_step", "timestamp": 1769664091.6821477, "step": 370, "max_steps": 882, "loss": 5.66546630859375, "elapsed_time": 34.66631317138672, "prnt": false}
{"event": "training_step", "timestamp": 1769664091.7687037, "step": 371, "max_steps": 882, "loss": 5.676406383514404, "elapsed_time": 34.75597310066223, "prnt": false}
{"event": "training_step", "timestamp": 1769664091.8548784, "step": 372, "max_steps": 882, "loss": 5.69481086730957, "elapsed_time": 34.84237813949585, "prnt": false}
{"event": "training_step", "timestamp": 1769664091.9404814, "step": 373, "max_steps": 882, "loss": 5.639096260070801, "elapsed_time": 34.92489671707153, "prnt": false}
{"event": "training_step", "timestamp": 1769664092.0259497, "step": 374, "max_steps": 882, "loss": 5.7222700119018555, "elapsed_time": 35.010127782821655, "prnt": false}
{"event": "training_step", "timestamp": 1769664092.111426, "step": 375, "max_steps": 882, "loss": 5.673548221588135, "elapsed_time": 35.0957727432251, "prnt": false}
{"event": "training_step", "timestamp": 1769664092.1969361, "step": 376, "max_steps": 882, "loss": 5.734732627868652, "elapsed_time": 35.18125629425049, "prnt": false}
{"event": "training_step", "timestamp": 1769664092.2825694, "step": 377, "max_steps": 882, "loss": 5.751800060272217, "elapsed_time": 35.266977310180664, "prnt": false}
{"event": "training_step", "timestamp": 1769664092.3681312, "step": 378, "max_steps": 882, "loss": 5.710972785949707, "elapsed_time": 35.35225009918213, "prnt": false}
{"event": "validation_step", "timestamp": 1769664092.7266667, "step": 378, "max_steps": 882, "loss": 1.2009589803249552, "elapsed_time": 35.35225009918213}
{"event": "training_step", "timestamp": 1769664092.8126795, "step": 379, "max_steps": 882, "loss": 5.686721324920654, "elapsed_time": 35.79689407348633, "prnt": false}
{"event": "training_step", "timestamp": 1769664092.8980172, "step": 380, "max_steps": 882, "loss": 5.701077461242676, "elapsed_time": 35.88256359100342, "prnt": false}
{"event": "training_step", "timestamp": 1769664092.9833803, "step": 381, "max_steps": 882, "loss": 5.697136878967285, "elapsed_time": 35.967729806900024, "prnt": false}
{"event": "training_step", "timestamp": 1769664093.068841, "step": 382, "max_steps": 882, "loss": 5.692742824554443, "elapsed_time": 36.053301095962524, "prnt": false}
{"event": "training_step", "timestamp": 1769664093.154251, "step": 383, "max_steps": 882, "loss": 5.673903942108154, "elapsed_time": 36.13880705833435, "prnt": false}
{"event": "training_step", "timestamp": 1769664093.2395577, "step": 384, "max_steps": 882, "loss": 5.72509241104126, "elapsed_time": 36.223785400390625, "prnt": false}
{"event": "training_step", "timestamp": 1769664093.3250494, "step": 385, "max_steps": 882, "loss": 5.675677299499512, "elapsed_time": 36.30899930000305, "prnt": false}
{"event": "training_step", "timestamp": 1769664093.410533, "step": 386, "max_steps": 882, "loss": 5.709721088409424, "elapsed_time": 36.394901275634766, "prnt": false}
{"event": "training_step", "timestamp": 1769664093.4960692, "step": 387, "max_steps": 882, "loss": 5.685815334320068, "elapsed_time": 36.48049354553223, "prnt": false}
{"event": "training_step", "timestamp": 1769664093.581249, "step": 388, "max_steps": 882, "loss": 5.672926425933838, "elapsed_time": 36.56545329093933, "prnt": false}
{"event": "training_step", "timestamp": 1769664093.6667454, "step": 389, "max_steps": 882, "loss": 5.705678939819336, "elapsed_time": 36.650580644607544, "prnt": false}
{"event": "training_step", "timestamp": 1769664093.7521086, "step": 390, "max_steps": 882, "loss": 5.656064033508301, "elapsed_time": 36.73633050918579, "prnt": false}
{"event": "training_step", "timestamp": 1769664093.837539, "step": 391, "max_steps": 882, "loss": 5.729677200317383, "elapsed_time": 36.821969747543335, "prnt": false}
{"event": "training_step", "timestamp": 1769664093.9229686, "step": 392, "max_steps": 882, "loss": 5.691244125366211, "elapsed_time": 36.90713167190552, "prnt": false}
{"event": "training_step", "timestamp": 1769664094.0084937, "step": 393, "max_steps": 882, "loss": 5.65788459777832, "elapsed_time": 36.994725704193115, "prnt": false}
{"event": "training_step", "timestamp": 1769664094.09449, "step": 394, "max_steps": 882, "loss": 5.6370463371276855, "elapsed_time": 37.081225633621216, "prnt": false}
{"event": "training_step", "timestamp": 1769664094.1800673, "step": 395, "max_steps": 882, "loss": 5.5792317390441895, "elapsed_time": 37.16453790664673, "prnt": false}
{"event": "training_step", "timestamp": 1769664094.26574, "step": 396, "max_steps": 882, "loss": 5.66050910949707, "elapsed_time": 37.24993300437927, "prnt": false}
{"event": "training_step", "timestamp": 1769664094.3512628, "step": 397, "max_steps": 882, "loss": 5.630375385284424, "elapsed_time": 37.335885763168335, "prnt": false}
{"event": "training_step", "timestamp": 1769664094.436872, "step": 398, "max_steps": 882, "loss": 5.638206481933594, "elapsed_time": 37.42106223106384, "prnt": false}
{"event": "training_step", "timestamp": 1769664094.5224204, "step": 399, "max_steps": 882, "loss": 5.686709403991699, "elapsed_time": 37.5066773891449, "prnt": false}
{"event": "training_step", "timestamp": 1769664094.6077874, "step": 400, "max_steps": 882, "loss": 5.667126178741455, "elapsed_time": 37.59232568740845, "prnt": false}
{"event": "training_step", "timestamp": 1769664094.6929197, "step": 401, "max_steps": 882, "loss": 5.595476150512695, "elapsed_time": 37.6770224571228, "prnt": false}
{"event": "training_step", "timestamp": 1769664094.7781117, "step": 402, "max_steps": 882, "loss": 5.681429386138916, "elapsed_time": 37.76199817657471, "prnt": false}
{"event": "training_step", "timestamp": 1769664094.8633182, "step": 403, "max_steps": 882, "loss": 5.586459636688232, "elapsed_time": 37.84738731384277, "prnt": false}
{"event": "training_step", "timestamp": 1769664094.9487877, "step": 404, "max_steps": 882, "loss": 5.622920989990234, "elapsed_time": 37.93309450149536, "prnt": false}
{"event": "training_step", "timestamp": 1769664095.0342362, "step": 405, "max_steps": 882, "loss": 5.6695146560668945, "elapsed_time": 38.018468141555786, "prnt": false}
{"event": "training_step", "timestamp": 1769664095.1197622, "step": 406, "max_steps": 882, "loss": 5.595500469207764, "elapsed_time": 38.104339361190796, "prnt": false}
{"event": "training_step", "timestamp": 1769664095.2054985, "step": 407, "max_steps": 882, "loss": 5.641064643859863, "elapsed_time": 38.19004011154175, "prnt": false}
{"event": "training_step", "timestamp": 1769664095.2906752, "step": 408, "max_steps": 882, "loss": 5.702895164489746, "elapsed_time": 38.274807929992676, "prnt": false}
{"event": "training_step", "timestamp": 1769664095.3760138, "step": 409, "max_steps": 882, "loss": 5.618324279785156, "elapsed_time": 38.36030673980713, "prnt": false}
{"event": "training_step", "timestamp": 1769664095.4612875, "step": 410, "max_steps": 882, "loss": 5.652655601501465, "elapsed_time": 38.445322036743164, "prnt": false}
{"event": "training_step", "timestamp": 1769664095.547176, "step": 411, "max_steps": 882, "loss": 5.620283603668213, "elapsed_time": 38.53338384628296, "prnt": false}
{"event": "training_step", "timestamp": 1769664095.6326387, "step": 412, "max_steps": 882, "loss": 5.649757385253906, "elapsed_time": 38.61736512184143, "prnt": false}
{"event": "training_step", "timestamp": 1769664095.7183836, "step": 413, "max_steps": 882, "loss": 5.621922969818115, "elapsed_time": 38.70267200469971, "prnt": false}
{"event": "training_step", "timestamp": 1769664095.8039188, "step": 414, "max_steps": 882, "loss": 5.598626613616943, "elapsed_time": 38.78840088844299, "prnt": false}
{"event": "training_step", "timestamp": 1769664095.8894951, "step": 415, "max_steps": 882, "loss": 5.60986852645874, "elapsed_time": 38.87395668029785, "prnt": false}
{"event": "training_step", "timestamp": 1769664095.9750345, "step": 416, "max_steps": 882, "loss": 5.592084884643555, "elapsed_time": 38.96147584915161, "prnt": false}
{"event": "training_step", "timestamp": 1769664096.0608284, "step": 417, "max_steps": 882, "loss": 5.6089301109313965, "elapsed_time": 39.04519867897034, "prnt": false}
{"event": "training_step", "timestamp": 1769664096.1463835, "step": 418, "max_steps": 882, "loss": 5.578872203826904, "elapsed_time": 39.13048338890076, "prnt": false}
{"event": "training_step", "timestamp": 1769664096.231624, "step": 419, "max_steps": 882, "loss": 5.6512064933776855, "elapsed_time": 39.21531319618225, "prnt": false}
{"event": "training_step", "timestamp": 1769664096.3168056, "step": 420, "max_steps": 882, "loss": 5.632308006286621, "elapsed_time": 39.30035352706909, "prnt": false}
{"event": "validation_step", "timestamp": 1769664096.6758604, "step": 420, "max_steps": 882, "loss": 1.1920832519906592, "elapsed_time": 39.30035352706909}
{"event": "training_step", "timestamp": 1769664096.7615476, "step": 421, "max_steps": 882, "loss": 5.650938510894775, "elapsed_time": 39.74508786201477, "prnt": false}
{"event": "training_step", "timestamp": 1769664096.8470259, "step": 422, "max_steps": 882, "loss": 5.580532073974609, "elapsed_time": 39.8306040763855, "prnt": false}
{"event": "training_step", "timestamp": 1769664096.9323263, "step": 423, "max_steps": 882, "loss": 5.6806135177612305, "elapsed_time": 39.915985107421875, "prnt": false}
{"event": "training_step", "timestamp": 1769664097.0174968, "step": 424, "max_steps": 882, "loss": 5.632564067840576, "elapsed_time": 40.00123119354248, "prnt": false}
{"event": "training_step", "timestamp": 1769664097.1028178, "step": 425, "max_steps": 882, "loss": 5.610201358795166, "elapsed_time": 40.086371421813965, "prnt": false}
{"event": "training_step", "timestamp": 1769664097.188066, "step": 426, "max_steps": 882, "loss": 5.610294818878174, "elapsed_time": 40.17153477668762, "prnt": false}
{"event": "training_step", "timestamp": 1769664097.2731996, "step": 427, "max_steps": 882, "loss": 5.580846786499023, "elapsed_time": 40.256856203079224, "prnt": false}
{"event": "training_step", "timestamp": 1769664097.3584948, "step": 428, "max_steps": 882, "loss": 5.594625473022461, "elapsed_time": 40.34191823005676, "prnt": false}
{"event": "training_step", "timestamp": 1769664097.4441724, "step": 429, "max_steps": 882, "loss": 5.608483791351318, "elapsed_time": 40.42797255516052, "prnt": false}
{"event": "training_step", "timestamp": 1769664097.529448, "step": 430, "max_steps": 882, "loss": 5.537744045257568, "elapsed_time": 40.51288056373596, "prnt": false}
{"event": "training_step", "timestamp": 1769664097.6147797, "step": 431, "max_steps": 882, "loss": 5.652964115142822, "elapsed_time": 40.59839606285095, "prnt": false}
{"event": "training_step", "timestamp": 1769664097.7001579, "step": 432, "max_steps": 882, "loss": 5.535303592681885, "elapsed_time": 40.68349862098694, "prnt": false}
{"event": "training_step", "timestamp": 1769664097.7855952, "step": 433, "max_steps": 882, "loss": 5.561060905456543, "elapsed_time": 40.76896023750305, "prnt": false}
{"event": "training_step", "timestamp": 1769664097.8708966, "step": 434, "max_steps": 882, "loss": 5.575394153594971, "elapsed_time": 40.85448479652405, "prnt": false}
{"event": "training_step", "timestamp": 1769664097.9561782, "step": 435, "max_steps": 882, "loss": 5.589266777038574, "elapsed_time": 40.939696311950684, "prnt": false}
{"event": "training_step", "timestamp": 1769664098.0415637, "step": 436, "max_steps": 882, "loss": 5.599461078643799, "elapsed_time": 41.025301694869995, "prnt": false}
{"event": "training_step", "timestamp": 1769664098.1269152, "step": 437, "max_steps": 882, "loss": 5.54880428314209, "elapsed_time": 41.11049675941467, "prnt": false}
{"event": "training_step", "timestamp": 1769664098.212059, "step": 438, "max_steps": 882, "loss": 5.572076797485352, "elapsed_time": 41.19568920135498, "prnt": false}
{"event": "training_step", "timestamp": 1769664098.2973163, "step": 439, "max_steps": 882, "loss": 5.584159851074219, "elapsed_time": 41.280951738357544, "prnt": false}
{"event": "training_step", "timestamp": 1769664098.382566, "step": 440, "max_steps": 882, "loss": 5.611151695251465, "elapsed_time": 41.36611866950989, "prnt": false}
{"event": "training_step", "timestamp": 1769664098.4679277, "step": 441, "max_steps": 882, "loss": 5.547763824462891, "elapsed_time": 41.45142841339111, "prnt": false}
{"event": "training_step", "timestamp": 1769664098.5531542, "step": 442, "max_steps": 882, "loss": 5.576789379119873, "elapsed_time": 41.53673720359802, "prnt": false}
{"event": "training_step", "timestamp": 1769664098.638393, "step": 443, "max_steps": 882, "loss": 5.539760112762451, "elapsed_time": 41.62217974662781, "prnt": false}
{"event": "training_step", "timestamp": 1769664098.7237678, "step": 444, "max_steps": 882, "loss": 5.522149562835693, "elapsed_time": 41.70715379714966, "prnt": false}
{"event": "training_step", "timestamp": 1769664098.8090992, "step": 445, "max_steps": 882, "loss": 5.5281782150268555, "elapsed_time": 41.79282355308533, "prnt": false}
{"event": "training_step", "timestamp": 1769664098.89437, "step": 446, "max_steps": 882, "loss": 5.574283599853516, "elapsed_time": 41.877851724624634, "prnt": false}
{"event": "training_step", "timestamp": 1769664098.9798589, "step": 447, "max_steps": 882, "loss": 5.5384440422058105, "elapsed_time": 41.963345766067505, "prnt": false}
{"event": "training_step", "timestamp": 1769664099.065307, "step": 448, "max_steps": 882, "loss": 5.581912994384766, "elapsed_time": 42.048662424087524, "prnt": false}
{"event": "training_step", "timestamp": 1769664099.150581, "step": 449, "max_steps": 882, "loss": 5.574944019317627, "elapsed_time": 42.13411211967468, "prnt": false}
{"event": "training_step", "timestamp": 1769664099.2357845, "step": 450, "max_steps": 882, "loss": 5.538082122802734, "elapsed_time": 42.2193329334259, "prnt": false}
{"event": "training_step", "timestamp": 1769664099.3212135, "step": 451, "max_steps": 882, "loss": 5.564345359802246, "elapsed_time": 42.304598331451416, "prnt": false}
{"event": "training_step", "timestamp": 1769664099.4067364, "step": 452, "max_steps": 882, "loss": 5.49487829208374, "elapsed_time": 42.39067482948303, "prnt": false}
{"event": "training_step", "timestamp": 1769664099.4920213, "step": 453, "max_steps": 882, "loss": 5.625749588012695, "elapsed_time": 42.4757661819458, "prnt": false}
{"event": "training_step", "timestamp": 1769664099.577241, "step": 454, "max_steps": 882, "loss": 5.516550540924072, "elapsed_time": 42.56075477600098, "prnt": false}
{"event": "training_step", "timestamp": 1769664099.662797, "step": 455, "max_steps": 882, "loss": 5.566444396972656, "elapsed_time": 42.64617991447449, "prnt": false}
{"event": "training_step", "timestamp": 1769664099.748109, "step": 456, "max_steps": 882, "loss": 5.445411205291748, "elapsed_time": 42.731518268585205, "prnt": false}
{"event": "training_step", "timestamp": 1769664099.8334317, "step": 457, "max_steps": 882, "loss": 5.588865280151367, "elapsed_time": 42.8170702457428, "prnt": false}
{"event": "training_step", "timestamp": 1769664099.918707, "step": 458, "max_steps": 882, "loss": 5.466647624969482, "elapsed_time": 42.90229868888855, "prnt": false}
{"event": "training_step", "timestamp": 1769664100.0044086, "step": 459, "max_steps": 882, "loss": 5.562328338623047, "elapsed_time": 42.987608671188354, "prnt": false}
{"event": "training_step", "timestamp": 1769664100.089607, "step": 460, "max_steps": 882, "loss": 5.548162460327148, "elapsed_time": 43.07313847541809, "prnt": false}
{"event": "training_step", "timestamp": 1769664100.1751552, "step": 461, "max_steps": 882, "loss": 5.497034549713135, "elapsed_time": 43.15870404243469, "prnt": false}
{"event": "training_step", "timestamp": 1769664100.2605436, "step": 462, "max_steps": 882, "loss": 5.5228681564331055, "elapsed_time": 43.24407148361206, "prnt": false}
{"event": "validation_step", "timestamp": 1769664100.619713, "step": 462, "max_steps": 882, "loss": 1.1866296358293367, "elapsed_time": 43.24407148361206}
{"event": "training_step", "timestamp": 1769664100.7054954, "step": 463, "max_steps": 882, "loss": 5.633421897888184, "elapsed_time": 43.68904948234558, "prnt": false}
{"event": "training_step", "timestamp": 1769664100.7908738, "step": 464, "max_steps": 882, "loss": 5.4795660972595215, "elapsed_time": 43.7744996547699, "prnt": false}
{"event": "training_step", "timestamp": 1769664100.8762825, "step": 465, "max_steps": 882, "loss": 5.486930847167969, "elapsed_time": 43.85987591743469, "prnt": false}
{"event": "training_step", "timestamp": 1769664100.9617038, "step": 466, "max_steps": 882, "loss": 5.516021251678467, "elapsed_time": 43.94503045082092, "prnt": false}
{"event": "training_step", "timestamp": 1769664101.0471606, "step": 467, "max_steps": 882, "loss": 5.5475687980651855, "elapsed_time": 44.030704736709595, "prnt": false}
{"event": "training_step", "timestamp": 1769664101.1324673, "step": 468, "max_steps": 882, "loss": 5.542036533355713, "elapsed_time": 44.11589503288269, "prnt": false}
{"event": "training_step", "timestamp": 1769664101.2178316, "step": 469, "max_steps": 882, "loss": 5.451448440551758, "elapsed_time": 44.20134615898132, "prnt": false}
{"event": "training_step", "timestamp": 1769664101.3033404, "step": 470, "max_steps": 882, "loss": 5.503768444061279, "elapsed_time": 44.28654170036316, "prnt": false}
{"event": "training_step", "timestamp": 1769664101.3887742, "step": 471, "max_steps": 882, "loss": 5.513883590698242, "elapsed_time": 44.37218117713928, "prnt": false}
{"event": "training_step", "timestamp": 1769664101.4742227, "step": 472, "max_steps": 882, "loss": 5.460386753082275, "elapsed_time": 44.458173751831055, "prnt": false}
{"event": "training_step", "timestamp": 1769664101.559605, "step": 473, "max_steps": 882, "loss": 5.47380256652832, "elapsed_time": 44.543363094329834, "prnt": false}
{"event": "training_step", "timestamp": 1769664101.6451104, "step": 474, "max_steps": 882, "loss": 5.49981689453125, "elapsed_time": 44.628318548202515, "prnt": false}
{"event": "training_step", "timestamp": 1769664101.7306101, "step": 475, "max_steps": 882, "loss": 5.5908732414245605, "elapsed_time": 44.71399235725403, "prnt": false}
{"event": "training_step", "timestamp": 1769664101.8160088, "step": 476, "max_steps": 882, "loss": 5.471072673797607, "elapsed_time": 44.799362659454346, "prnt": false}
{"event": "training_step", "timestamp": 1769664101.9014497, "step": 477, "max_steps": 882, "loss": 5.466418266296387, "elapsed_time": 44.88487362861633, "prnt": false}
{"event": "training_step", "timestamp": 1769664101.9867842, "step": 478, "max_steps": 882, "loss": 5.516446113586426, "elapsed_time": 44.97014927864075, "prnt": false}
{"event": "training_step", "timestamp": 1769664102.0721407, "step": 479, "max_steps": 882, "loss": 5.520836353302002, "elapsed_time": 45.05579733848572, "prnt": false}
{"event": "training_step", "timestamp": 1769664102.1575205, "step": 480, "max_steps": 882, "loss": 5.509403228759766, "elapsed_time": 45.14111590385437, "prnt": false}
{"event": "training_step", "timestamp": 1769664102.2430837, "step": 481, "max_steps": 882, "loss": 5.439568996429443, "elapsed_time": 45.22649312019348, "prnt": false}
{"event": "training_step", "timestamp": 1769664102.3284035, "step": 482, "max_steps": 882, "loss": 5.488151550292969, "elapsed_time": 45.311755418777466, "prnt": false}
{"event": "training_step", "timestamp": 1769664102.413859, "step": 483, "max_steps": 882, "loss": 5.4849724769592285, "elapsed_time": 45.397372007369995, "prnt": false}
{"event": "training_step", "timestamp": 1769664102.499346, "step": 484, "max_steps": 882, "loss": 5.509609222412109, "elapsed_time": 45.48255276679993, "prnt": false}
{"event": "training_step", "timestamp": 1769664102.5848656, "step": 485, "max_steps": 882, "loss": 5.48899507522583, "elapsed_time": 45.56820821762085, "prnt": false}
{"event": "training_step", "timestamp": 1769664102.670123, "step": 486, "max_steps": 882, "loss": 5.472768783569336, "elapsed_time": 45.65354871749878, "prnt": false}
{"event": "training_step", "timestamp": 1769664102.755439, "step": 487, "max_steps": 882, "loss": 5.485071182250977, "elapsed_time": 45.739052057266235, "prnt": false}
{"event": "training_step", "timestamp": 1769664102.8408148, "step": 488, "max_steps": 882, "loss": 5.490192890167236, "elapsed_time": 45.82415008544922, "prnt": false}
{"event": "training_step", "timestamp": 1769664102.9262714, "step": 489, "max_steps": 882, "loss": 5.468754768371582, "elapsed_time": 45.90969228744507, "prnt": false}
{"event": "training_step", "timestamp": 1769664103.0116103, "step": 490, "max_steps": 882, "loss": 5.425615310668945, "elapsed_time": 45.99505662918091, "prnt": false}
{"event": "training_step", "timestamp": 1769664103.0970523, "step": 491, "max_steps": 882, "loss": 5.443713665008545, "elapsed_time": 46.08051586151123, "prnt": false}
{"event": "training_step", "timestamp": 1769664103.1825583, "step": 492, "max_steps": 882, "loss": 5.446655750274658, "elapsed_time": 46.16578555107117, "prnt": false}
{"event": "training_step", "timestamp": 1769664103.268005, "step": 493, "max_steps": 882, "loss": 5.420154094696045, "elapsed_time": 46.25142574310303, "prnt": false}
{"event": "training_step", "timestamp": 1769664103.3531747, "step": 494, "max_steps": 882, "loss": 5.419144630432129, "elapsed_time": 46.33680248260498, "prnt": false}
{"event": "training_step", "timestamp": 1769664103.4388654, "step": 495, "max_steps": 882, "loss": 5.411283016204834, "elapsed_time": 46.422274351119995, "prnt": false}
{"event": "training_step", "timestamp": 1769664103.524394, "step": 496, "max_steps": 882, "loss": 5.485904216766357, "elapsed_time": 46.507734060287476, "prnt": false}
{"event": "training_step", "timestamp": 1769664103.60973, "step": 497, "max_steps": 882, "loss": 5.523159980773926, "elapsed_time": 46.59337139129639, "prnt": false}
{"event": "training_step", "timestamp": 1769664103.6951017, "step": 498, "max_steps": 882, "loss": 5.421108245849609, "elapsed_time": 46.67847442626953, "prnt": false}
{"event": "training_step", "timestamp": 1769664103.7805493, "step": 499, "max_steps": 882, "loss": 5.451894283294678, "elapsed_time": 46.764312982559204, "prnt": false}
{"event": "training_step", "timestamp": 1769664103.8660097, "step": 500, "max_steps": 882, "loss": 5.454896926879883, "elapsed_time": 46.84931659698486, "prnt": false}
{"event": "training_step", "timestamp": 1769664103.9514158, "step": 501, "max_steps": 882, "loss": 5.468696594238281, "elapsed_time": 46.93494200706482, "prnt": false}
{"event": "training_step", "timestamp": 1769664104.0367386, "step": 502, "max_steps": 882, "loss": 5.430540084838867, "elapsed_time": 47.020225048065186, "prnt": false}
{"event": "training_step", "timestamp": 1769664104.1219683, "step": 503, "max_steps": 882, "loss": 5.491336822509766, "elapsed_time": 47.10557508468628, "prnt": false}
{"event": "training_step", "timestamp": 1769664104.2074354, "step": 504, "max_steps": 882, "loss": 5.394885540008545, "elapsed_time": 47.19076156616211, "prnt": false}
{"event": "validation_step", "timestamp": 1769664104.5667117, "step": 504, "max_steps": 882, "loss": 1.1804030689643696, "elapsed_time": 47.19076156616211}
{"event": "training_step", "timestamp": 1769664104.6529408, "step": 505, "max_steps": 882, "loss": 5.442319869995117, "elapsed_time": 47.63597798347473, "prnt": false}
{"event": "training_step", "timestamp": 1769664104.7386382, "step": 506, "max_steps": 882, "loss": 5.4477996826171875, "elapsed_time": 47.72207856178284, "prnt": false}
{"event": "training_step", "timestamp": 1769664104.82427, "step": 507, "max_steps": 882, "loss": 5.473047256469727, "elapsed_time": 47.80754637718201, "prnt": false}
{"event": "training_step", "timestamp": 1769664104.9096205, "step": 508, "max_steps": 882, "loss": 5.454963684082031, "elapsed_time": 47.89306330680847, "prnt": false}
{"event": "training_step", "timestamp": 1769664104.9951015, "step": 509, "max_steps": 882, "loss": 5.367023944854736, "elapsed_time": 47.978458881378174, "prnt": false}
{"event": "training_step", "timestamp": 1769664105.0806098, "step": 510, "max_steps": 882, "loss": 5.5066375732421875, "elapsed_time": 48.064167499542236, "prnt": false}
{"event": "training_step", "timestamp": 1769664105.1661062, "step": 511, "max_steps": 882, "loss": 5.472724914550781, "elapsed_time": 48.149423360824585, "prnt": false}
{"event": "training_step", "timestamp": 1769664105.2515361, "step": 512, "max_steps": 882, "loss": 5.403989315032959, "elapsed_time": 48.234774351119995, "prnt": false}
{"event": "training_step", "timestamp": 1769664105.3370264, "step": 513, "max_steps": 882, "loss": 5.4788665771484375, "elapsed_time": 48.32097053527832, "prnt": false}
{"event": "training_step", "timestamp": 1769664105.4226832, "step": 514, "max_steps": 882, "loss": 5.3775177001953125, "elapsed_time": 48.4058575630188, "prnt": false}
{"event": "training_step", "timestamp": 1769664105.5084789, "step": 515, "max_steps": 882, "loss": 5.431967735290527, "elapsed_time": 48.49256992340088, "prnt": false}
{"event": "training_step", "timestamp": 1769664105.5940611, "step": 516, "max_steps": 882, "loss": 5.458327770233154, "elapsed_time": 48.57759380340576, "prnt": false}
{"event": "training_step", "timestamp": 1769664105.6797135, "step": 517, "max_steps": 882, "loss": 5.374336242675781, "elapsed_time": 48.66336941719055, "prnt": false}
{"event": "training_step", "timestamp": 1769664105.7651937, "step": 518, "max_steps": 882, "loss": 5.3889875411987305, "elapsed_time": 48.748512268066406, "prnt": false}
{"event": "training_step", "timestamp": 1769664105.8507638, "step": 519, "max_steps": 882, "loss": 5.474007606506348, "elapsed_time": 48.83414316177368, "prnt": false}
{"event": "training_step", "timestamp": 1769664105.9361727, "step": 520, "max_steps": 882, "loss": 5.455449104309082, "elapsed_time": 48.9195761680603, "prnt": false}
{"event": "training_step", "timestamp": 1769664106.0217931, "step": 521, "max_steps": 882, "loss": 5.4763970375061035, "elapsed_time": 49.00503492355347, "prnt": false}
{"event": "training_step", "timestamp": 1769664106.1072936, "step": 522, "max_steps": 882, "loss": 5.468286991119385, "elapsed_time": 49.090717792510986, "prnt": false}
{"event": "training_step", "timestamp": 1769664106.1927478, "step": 523, "max_steps": 882, "loss": 5.4567551612854, "elapsed_time": 49.17624044418335, "prnt": false}
{"event": "training_step", "timestamp": 1769664106.2782664, "step": 524, "max_steps": 882, "loss": 5.41248893737793, "elapsed_time": 49.261484146118164, "prnt": false}
{"event": "training_step", "timestamp": 1769664106.3638735, "step": 525, "max_steps": 882, "loss": 5.443802833557129, "elapsed_time": 49.34727954864502, "prnt": false}
{"event": "training_step", "timestamp": 1769664106.4492488, "step": 526, "max_steps": 882, "loss": 5.398346900939941, "elapsed_time": 49.43265700340271, "prnt": false}
{"event": "training_step", "timestamp": 1769664106.5348847, "step": 527, "max_steps": 882, "loss": 5.498062610626221, "elapsed_time": 49.51835608482361, "prnt": false}
{"event": "training_step", "timestamp": 1769664106.6204252, "step": 528, "max_steps": 882, "loss": 5.421031951904297, "elapsed_time": 49.60361862182617, "prnt": false}
{"event": "training_step", "timestamp": 1769664106.7061348, "step": 529, "max_steps": 882, "loss": 5.359613418579102, "elapsed_time": 49.689701318740845, "prnt": false}
{"event": "training_step", "timestamp": 1769664106.7915437, "step": 530, "max_steps": 882, "loss": 5.4550933837890625, "elapsed_time": 49.77505540847778, "prnt": false}
{"event": "training_step", "timestamp": 1769664106.876981, "step": 531, "max_steps": 882, "loss": 5.337279796600342, "elapsed_time": 49.860570430755615, "prnt": false}
{"event": "training_step", "timestamp": 1769664106.9626186, "step": 532, "max_steps": 882, "loss": 5.38299036026001, "elapsed_time": 49.94593262672424, "prnt": false}
{"event": "training_step", "timestamp": 1769664107.0481777, "step": 533, "max_steps": 882, "loss": 5.423015117645264, "elapsed_time": 50.03167915344238, "prnt": false}
{"event": "training_step", "timestamp": 1769664107.1338487, "step": 534, "max_steps": 882, "loss": 5.394024848937988, "elapsed_time": 50.11732268333435, "prnt": false}
{"event": "training_step", "timestamp": 1769664107.2193012, "step": 535, "max_steps": 882, "loss": 5.453494548797607, "elapsed_time": 50.202924966812134, "prnt": false}
{"event": "training_step", "timestamp": 1769664107.304858, "step": 536, "max_steps": 882, "loss": 5.41961669921875, "elapsed_time": 50.288644790649414, "prnt": false}
{"event": "training_step", "timestamp": 1769664107.3903427, "step": 537, "max_steps": 882, "loss": 5.48130464553833, "elapsed_time": 50.37387275695801, "prnt": false}
{"event": "training_step", "timestamp": 1769664107.4759512, "step": 538, "max_steps": 882, "loss": 5.346749305725098, "elapsed_time": 50.45967364311218, "prnt": false}
{"event": "training_step", "timestamp": 1769664107.5616035, "step": 539, "max_steps": 882, "loss": 5.392354488372803, "elapsed_time": 50.545029640197754, "prnt": false}
{"event": "training_step", "timestamp": 1769664107.6471307, "step": 540, "max_steps": 882, "loss": 5.404360294342041, "elapsed_time": 50.63053631782532, "prnt": false}
{"event": "training_step", "timestamp": 1769664107.7327752, "step": 541, "max_steps": 882, "loss": 5.355108261108398, "elapsed_time": 50.716278076171875, "prnt": false}
{"event": "training_step", "timestamp": 1769664107.81832, "step": 542, "max_steps": 882, "loss": 5.43112325668335, "elapsed_time": 50.80176496505737, "prnt": false}
{"event": "training_step", "timestamp": 1769664107.9039009, "step": 543, "max_steps": 882, "loss": 5.310399055480957, "elapsed_time": 50.88739085197449, "prnt": false}
{"event": "training_step", "timestamp": 1769664107.989265, "step": 544, "max_steps": 882, "loss": 5.320066452026367, "elapsed_time": 50.97286510467529, "prnt": false}
{"event": "training_step", "timestamp": 1769664108.074717, "step": 545, "max_steps": 882, "loss": 5.382543087005615, "elapsed_time": 51.05835175514221, "prnt": false}
{"event": "training_step", "timestamp": 1769664108.1603215, "step": 546, "max_steps": 882, "loss": 5.371413230895996, "elapsed_time": 51.14356780052185, "prnt": false}
{"event": "validation_step", "timestamp": 1769664108.5201836, "step": 546, "max_steps": 882, "loss": 1.1761541690532393, "elapsed_time": 51.14356780052185}
{"event": "training_step", "timestamp": 1769664108.6061916, "step": 547, "max_steps": 882, "loss": 5.409079074859619, "elapsed_time": 51.58934545516968, "prnt": false}
{"event": "training_step", "timestamp": 1769664108.6917164, "step": 548, "max_steps": 882, "loss": 5.390130519866943, "elapsed_time": 51.67540645599365, "prnt": false}
{"event": "training_step", "timestamp": 1769664108.777534, "step": 549, "max_steps": 882, "loss": 5.344112396240234, "elapsed_time": 51.76083779335022, "prnt": false}
{"event": "training_step", "timestamp": 1769664108.8631206, "step": 550, "max_steps": 882, "loss": 5.383728981018066, "elapsed_time": 51.84688901901245, "prnt": false}
{"event": "training_step", "timestamp": 1769664108.9487054, "step": 551, "max_steps": 882, "loss": 5.317254066467285, "elapsed_time": 51.932294845581055, "prnt": false}
{"event": "training_step", "timestamp": 1769664109.0342085, "step": 552, "max_steps": 882, "loss": 5.360930442810059, "elapsed_time": 52.01793146133423, "prnt": false}
{"event": "training_step", "timestamp": 1769664109.1198642, "step": 553, "max_steps": 882, "loss": 5.3303961753845215, "elapsed_time": 52.10321092605591, "prnt": false}
{"event": "training_step", "timestamp": 1769664109.2053967, "step": 554, "max_steps": 882, "loss": 5.341468334197998, "elapsed_time": 52.18874740600586, "prnt": false}
{"event": "training_step", "timestamp": 1769664109.2910872, "step": 555, "max_steps": 882, "loss": 5.3782758712768555, "elapsed_time": 52.27467679977417, "prnt": false}
{"event": "training_step", "timestamp": 1769664109.3766131, "step": 556, "max_steps": 882, "loss": 5.321146011352539, "elapsed_time": 52.36003398895264, "prnt": false}
{"event": "training_step", "timestamp": 1769664109.4623303, "step": 557, "max_steps": 882, "loss": 5.355964660644531, "elapsed_time": 52.44567894935608, "prnt": false}
{"event": "training_step", "timestamp": 1769664109.5479226, "step": 558, "max_steps": 882, "loss": 5.337821960449219, "elapsed_time": 52.53178095817566, "prnt": false}
{"event": "training_step", "timestamp": 1769664109.6335576, "step": 559, "max_steps": 882, "loss": 5.360708236694336, "elapsed_time": 52.61730718612671, "prnt": false}
{"event": "training_step", "timestamp": 1769664109.7190628, "step": 560, "max_steps": 882, "loss": 5.395888805389404, "elapsed_time": 52.702614068984985, "prnt": false}
{"event": "training_step", "timestamp": 1769664109.8047717, "step": 561, "max_steps": 882, "loss": 5.310534954071045, "elapsed_time": 52.78828549385071, "prnt": false}
{"event": "training_step", "timestamp": 1769664109.8903184, "step": 562, "max_steps": 882, "loss": 5.361902236938477, "elapsed_time": 52.87366580963135, "prnt": false}
{"event": "training_step", "timestamp": 1769664109.976069, "step": 563, "max_steps": 882, "loss": 5.362267971038818, "elapsed_time": 52.95934009552002, "prnt": false}
{"event": "training_step", "timestamp": 1769664110.0617104, "step": 564, "max_steps": 882, "loss": 5.2794318199157715, "elapsed_time": 53.04496455192566, "prnt": false}
{"event": "training_step", "timestamp": 1769664110.147353, "step": 565, "max_steps": 882, "loss": 5.355158805847168, "elapsed_time": 53.13097095489502, "prnt": false}
{"event": "training_step", "timestamp": 1769664110.2328432, "step": 566, "max_steps": 882, "loss": 5.335145473480225, "elapsed_time": 53.21625733375549, "prnt": false}
{"event": "training_step", "timestamp": 1769664110.3183618, "step": 567, "max_steps": 882, "loss": 5.345976829528809, "elapsed_time": 53.30191349983215, "prnt": false}
{"event": "training_step", "timestamp": 1769664110.403831, "step": 568, "max_steps": 882, "loss": 5.4210286140441895, "elapsed_time": 53.387335538864136, "prnt": false}
{"event": "training_step", "timestamp": 1769664110.4893932, "step": 569, "max_steps": 882, "loss": 5.459355354309082, "elapsed_time": 53.47298717498779, "prnt": false}
{"event": "training_step", "timestamp": 1769664110.5749612, "step": 570, "max_steps": 882, "loss": 5.3050127029418945, "elapsed_time": 53.55833148956299, "prnt": false}
{"event": "training_step", "timestamp": 1769664110.660693, "step": 571, "max_steps": 882, "loss": 5.349353790283203, "elapsed_time": 53.64398264884949, "prnt": false}
{"event": "training_step", "timestamp": 1769664110.7461956, "step": 572, "max_steps": 882, "loss": 5.381199836730957, "elapsed_time": 53.729578733444214, "prnt": false}
{"event": "training_step", "timestamp": 1769664110.8317785, "step": 573, "max_steps": 882, "loss": 5.3254289627075195, "elapsed_time": 53.81531882286072, "prnt": false}
{"event": "training_step", "timestamp": 1769664110.9173694, "step": 574, "max_steps": 882, "loss": 5.261971950531006, "elapsed_time": 53.90072822570801, "prnt": false}
{"event": "training_step", "timestamp": 1769664111.0029886, "step": 575, "max_steps": 882, "loss": 5.389499664306641, "elapsed_time": 53.986411333084106, "prnt": false}
{"event": "training_step", "timestamp": 1769664111.088406, "step": 576, "max_steps": 882, "loss": 5.341340065002441, "elapsed_time": 54.07199025154114, "prnt": false}
{"event": "training_step", "timestamp": 1769664111.1739879, "step": 577, "max_steps": 882, "loss": 5.383364677429199, "elapsed_time": 54.157506227493286, "prnt": false}
{"event": "training_step", "timestamp": 1769664111.2596862, "step": 578, "max_steps": 882, "loss": 5.365367889404297, "elapsed_time": 54.24292039871216, "prnt": false}
{"event": "training_step", "timestamp": 1769664111.345257, "step": 579, "max_steps": 882, "loss": 5.312469959259033, "elapsed_time": 54.328670263290405, "prnt": false}
{"event": "training_step", "timestamp": 1769664111.4307039, "step": 580, "max_steps": 882, "loss": 5.364315032958984, "elapsed_time": 54.41421151161194, "prnt": false}
{"event": "training_step", "timestamp": 1769664111.5166366, "step": 581, "max_steps": 882, "loss": 5.346879005432129, "elapsed_time": 54.500568151474, "prnt": false}
{"event": "training_step", "timestamp": 1769664111.6023722, "step": 582, "max_steps": 882, "loss": 5.344631671905518, "elapsed_time": 54.58610153198242, "prnt": false}
{"event": "training_step", "timestamp": 1769664111.6879268, "step": 583, "max_steps": 882, "loss": 5.273916721343994, "elapsed_time": 54.67152237892151, "prnt": false}
{"event": "training_step", "timestamp": 1769664111.7734513, "step": 584, "max_steps": 882, "loss": 5.298422813415527, "elapsed_time": 54.75688934326172, "prnt": false}
{"event": "training_step", "timestamp": 1769664111.8595223, "step": 585, "max_steps": 882, "loss": 5.348728656768799, "elapsed_time": 54.84353971481323, "prnt": false}
{"event": "training_step", "timestamp": 1769664111.945135, "step": 586, "max_steps": 882, "loss": 5.237758636474609, "elapsed_time": 54.92870044708252, "prnt": false}
{"event": "training_step", "timestamp": 1769664112.030703, "step": 587, "max_steps": 882, "loss": 5.311767578125, "elapsed_time": 55.01419758796692, "prnt": false}
{"event": "training_step", "timestamp": 1769664112.1163955, "step": 588, "max_steps": 882, "loss": 5.355179786682129, "elapsed_time": 55.09977674484253, "prnt": false}
{"event": "validation_step", "timestamp": 1769664112.476556, "step": 588, "max_steps": 882, "loss": 1.1720564757010197, "elapsed_time": 55.09977674484253}
{"event": "training_step", "timestamp": 1769664112.562593, "step": 589, "max_steps": 882, "loss": 5.434167385101318, "elapsed_time": 55.54593801498413, "prnt": false}
{"event": "training_step", "timestamp": 1769664112.6480863, "step": 590, "max_steps": 882, "loss": 5.309574127197266, "elapsed_time": 55.63168120384216, "prnt": false}
{"event": "training_step", "timestamp": 1769664112.7337255, "step": 591, "max_steps": 882, "loss": 5.300647258758545, "elapsed_time": 55.717180013656616, "prnt": false}
{"event": "training_step", "timestamp": 1769664112.8194025, "step": 592, "max_steps": 882, "loss": 5.264549255371094, "elapsed_time": 55.802719831466675, "prnt": false}
{"event": "training_step", "timestamp": 1769664112.9050453, "step": 593, "max_steps": 882, "loss": 5.234385967254639, "elapsed_time": 55.888460636138916, "prnt": false}
{"event": "training_step", "timestamp": 1769664112.9906652, "step": 594, "max_steps": 882, "loss": 5.381222248077393, "elapsed_time": 55.973954916000366, "prnt": false}
{"event": "training_step", "timestamp": 1769664113.076332, "step": 595, "max_steps": 882, "loss": 5.375729560852051, "elapsed_time": 56.05970120429993, "prnt": false}
{"event": "training_step", "timestamp": 1769664113.1619885, "step": 596, "max_steps": 882, "loss": 5.370669841766357, "elapsed_time": 56.14522194862366, "prnt": false}
{"event": "training_step", "timestamp": 1769664113.2475128, "step": 597, "max_steps": 882, "loss": 5.321325302124023, "elapsed_time": 56.23091959953308, "prnt": false}
{"event": "training_step", "timestamp": 1769664113.333064, "step": 598, "max_steps": 882, "loss": 5.339548587799072, "elapsed_time": 56.31639003753662, "prnt": false}
{"event": "training_step", "timestamp": 1769664113.41874, "step": 599, "max_steps": 882, "loss": 5.341490745544434, "elapsed_time": 56.40206265449524, "prnt": false}
{"event": "training_step", "timestamp": 1769664113.5043993, "step": 600, "max_steps": 882, "loss": 5.231468677520752, "elapsed_time": 56.48765254020691, "prnt": false}
{"event": "training_step", "timestamp": 1769664113.590124, "step": 601, "max_steps": 882, "loss": 5.256148815155029, "elapsed_time": 56.57397747039795, "prnt": false}
{"event": "training_step", "timestamp": 1769664113.6757734, "step": 602, "max_steps": 882, "loss": 5.319378852844238, "elapsed_time": 56.65916705131531, "prnt": false}
{"event": "training_step", "timestamp": 1769664113.761501, "step": 603, "max_steps": 882, "loss": 5.18394136428833, "elapsed_time": 56.74474787712097, "prnt": false}
{"event": "training_step", "timestamp": 1769664113.8469875, "step": 604, "max_steps": 882, "loss": 5.33038330078125, "elapsed_time": 56.8304717540741, "prnt": false}
{"event": "training_step", "timestamp": 1769664113.9327433, "step": 605, "max_steps": 882, "loss": 5.3027448654174805, "elapsed_time": 56.91599988937378, "prnt": false}
{"event": "training_step", "timestamp": 1769664114.0184224, "step": 606, "max_steps": 882, "loss": 5.335607051849365, "elapsed_time": 57.001652002334595, "prnt": false}
{"event": "training_step", "timestamp": 1769664114.1041262, "step": 607, "max_steps": 882, "loss": 5.299726963043213, "elapsed_time": 57.08742690086365, "prnt": false}
{"event": "training_step", "timestamp": 1769664114.1896842, "step": 608, "max_steps": 882, "loss": 5.323246479034424, "elapsed_time": 57.17305636405945, "prnt": false}
{"event": "training_step", "timestamp": 1769664114.2754114, "step": 609, "max_steps": 882, "loss": 5.278087139129639, "elapsed_time": 57.25873112678528, "prnt": false}
{"event": "training_step", "timestamp": 1769664114.3613474, "step": 610, "max_steps": 882, "loss": 5.401954650878906, "elapsed_time": 57.344277143478394, "prnt": false}
{"event": "training_step", "timestamp": 1769664114.4469168, "step": 611, "max_steps": 882, "loss": 5.310164451599121, "elapsed_time": 57.43035125732422, "prnt": false}
{"event": "training_step", "timestamp": 1769664114.5324836, "step": 612, "max_steps": 882, "loss": 5.290345668792725, "elapsed_time": 57.51591467857361, "prnt": false}
{"event": "training_step", "timestamp": 1769664114.618219, "step": 613, "max_steps": 882, "loss": 5.318508148193359, "elapsed_time": 57.601479291915894, "prnt": false}
{"event": "training_step", "timestamp": 1769664114.7038982, "step": 614, "max_steps": 882, "loss": 5.358294486999512, "elapsed_time": 57.6871292591095, "prnt": false}
{"event": "training_step", "timestamp": 1769664114.7894907, "step": 615, "max_steps": 882, "loss": 5.276988983154297, "elapsed_time": 57.772921085357666, "prnt": false}
{"event": "training_step", "timestamp": 1769664114.875142, "step": 616, "max_steps": 882, "loss": 5.236872673034668, "elapsed_time": 57.85844588279724, "prnt": false}
{"event": "training_step", "timestamp": 1769664114.9608653, "step": 617, "max_steps": 882, "loss": 5.326760768890381, "elapsed_time": 57.944366455078125, "prnt": false}
{"event": "training_step", "timestamp": 1769664115.046488, "step": 618, "max_steps": 882, "loss": 5.287284851074219, "elapsed_time": 58.029802083969116, "prnt": false}
{"event": "training_step", "timestamp": 1769664115.1321049, "step": 619, "max_steps": 882, "loss": 5.314699172973633, "elapsed_time": 58.11558437347412, "prnt": false}
{"event": "training_step", "timestamp": 1769664115.2178195, "step": 620, "max_steps": 882, "loss": 5.214050769805908, "elapsed_time": 58.20104622840881, "prnt": false}
{"event": "training_step", "timestamp": 1769664115.3035412, "step": 621, "max_steps": 882, "loss": 5.265237331390381, "elapsed_time": 58.28680634498596, "prnt": false}
{"event": "training_step", "timestamp": 1769664115.3890033, "step": 622, "max_steps": 882, "loss": 5.27733850479126, "elapsed_time": 58.37242317199707, "prnt": false}
{"event": "training_step", "timestamp": 1769664115.4746978, "step": 623, "max_steps": 882, "loss": 5.329932689666748, "elapsed_time": 58.458152294158936, "prnt": false}
{"event": "training_step", "timestamp": 1769664115.5605404, "step": 624, "max_steps": 882, "loss": 5.218616008758545, "elapsed_time": 58.544148683547974, "prnt": false}
{"event": "training_step", "timestamp": 1769664115.6461813, "step": 625, "max_steps": 882, "loss": 5.250007629394531, "elapsed_time": 58.62964367866516, "prnt": false}
{"event": "training_step", "timestamp": 1769664115.7317448, "step": 626, "max_steps": 882, "loss": 5.338752746582031, "elapsed_time": 58.715144872665405, "prnt": false}
{"event": "training_step", "timestamp": 1769664115.8175735, "step": 627, "max_steps": 882, "loss": 5.2265520095825195, "elapsed_time": 58.80093598365784, "prnt": false}
{"event": "training_step", "timestamp": 1769664115.9033215, "step": 628, "max_steps": 882, "loss": 5.347379684448242, "elapsed_time": 58.886624813079834, "prnt": false}
{"event": "training_step", "timestamp": 1769664115.9888887, "step": 629, "max_steps": 882, "loss": 5.232756614685059, "elapsed_time": 58.97242450714111, "prnt": false}
{"event": "training_step", "timestamp": 1769664116.0745144, "step": 630, "max_steps": 882, "loss": 5.288608551025391, "elapsed_time": 59.05784749984741, "prnt": false}
{"event": "validation_step", "timestamp": 1769664116.435045, "step": 630, "max_steps": 882, "loss": 1.1701357364127072, "elapsed_time": 59.05784749984741}
{"event": "training_step", "timestamp": 1769664116.5212586, "step": 631, "max_steps": 882, "loss": 5.288875102996826, "elapsed_time": 59.50444436073303, "prnt": false}
{"event": "training_step", "timestamp": 1769664116.6068811, "step": 632, "max_steps": 882, "loss": 5.213568687438965, "elapsed_time": 59.59046649932861, "prnt": false}
{"event": "training_step", "timestamp": 1769664116.692579, "step": 633, "max_steps": 882, "loss": 5.2690863609313965, "elapsed_time": 59.675883769989014, "prnt": false}
{"event": "training_step", "timestamp": 1769664116.7783067, "step": 634, "max_steps": 882, "loss": 5.2345452308654785, "elapsed_time": 59.76155495643616, "prnt": false}
{"event": "training_step", "timestamp": 1769664116.8639095, "step": 635, "max_steps": 882, "loss": 5.2850117683410645, "elapsed_time": 59.84737539291382, "prnt": false}
{"event": "training_step", "timestamp": 1769664116.9494772, "step": 636, "max_steps": 882, "loss": 5.338644504547119, "elapsed_time": 59.93290567398071, "prnt": false}
{"event": "training_step", "timestamp": 1769664117.035162, "step": 637, "max_steps": 882, "loss": 5.2688822746276855, "elapsed_time": 60.01850914955139, "prnt": false}
{"event": "training_step", "timestamp": 1769664117.1208582, "step": 638, "max_steps": 882, "loss": 5.238095760345459, "elapsed_time": 60.10405254364014, "prnt": false}
{"event": "training_step", "timestamp": 1769664117.2065203, "step": 639, "max_steps": 882, "loss": 5.246242046356201, "elapsed_time": 60.18986916542053, "prnt": false}
{"event": "training_step", "timestamp": 1769664117.2922273, "step": 640, "max_steps": 882, "loss": 5.28010368347168, "elapsed_time": 60.27546763420105, "prnt": false}
{"event": "training_step", "timestamp": 1769664117.3780208, "step": 641, "max_steps": 882, "loss": 5.215795516967773, "elapsed_time": 60.3611946105957, "prnt": false}
{"event": "training_step", "timestamp": 1769664117.4636106, "step": 642, "max_steps": 882, "loss": 5.261612415313721, "elapsed_time": 60.4469838142395, "prnt": false}
{"event": "training_step", "timestamp": 1769664117.5492609, "step": 643, "max_steps": 882, "loss": 5.257919788360596, "elapsed_time": 60.532634019851685, "prnt": false}
{"event": "training_step", "timestamp": 1769664117.6350439, "step": 644, "max_steps": 882, "loss": 5.201013565063477, "elapsed_time": 60.61880564689636, "prnt": false}
{"event": "training_step", "timestamp": 1769664117.7208524, "step": 645, "max_steps": 882, "loss": 5.268576622009277, "elapsed_time": 60.7043833732605, "prnt": false}
{"event": "training_step", "timestamp": 1769664117.8063893, "step": 646, "max_steps": 882, "loss": 5.185135841369629, "elapsed_time": 60.78981041908264, "prnt": false}
{"event": "training_step", "timestamp": 1769664117.892027, "step": 647, "max_steps": 882, "loss": 5.165323734283447, "elapsed_time": 60.87561559677124, "prnt": false}
{"event": "training_step", "timestamp": 1769664117.9778028, "step": 648, "max_steps": 882, "loss": 5.270244121551514, "elapsed_time": 60.96096324920654, "prnt": false}
{"event": "training_step", "timestamp": 1769664118.0634198, "step": 649, "max_steps": 882, "loss": 5.261094570159912, "elapsed_time": 61.04686141014099, "prnt": false}
{"event": "training_step", "timestamp": 1769664118.1489367, "step": 650, "max_steps": 882, "loss": 5.273978233337402, "elapsed_time": 61.13226771354675, "prnt": false}
{"event": "training_step", "timestamp": 1769664118.2348483, "step": 651, "max_steps": 882, "loss": 5.35584020614624, "elapsed_time": 61.21806883811951, "prnt": false}
{"event": "training_step", "timestamp": 1769664118.320554, "step": 652, "max_steps": 882, "loss": 5.207179546356201, "elapsed_time": 61.30372357368469, "prnt": false}
{"event": "training_step", "timestamp": 1769664118.4061518, "step": 653, "max_steps": 882, "loss": 5.29365873336792, "elapsed_time": 61.38953113555908, "prnt": false}
{"event": "training_step", "timestamp": 1769664118.4917371, "step": 654, "max_steps": 882, "loss": 5.195187568664551, "elapsed_time": 61.47509741783142, "prnt": false}
{"event": "training_step", "timestamp": 1769664118.5775197, "step": 655, "max_steps": 882, "loss": 5.209786891937256, "elapsed_time": 61.56077837944031, "prnt": false}
{"event": "training_step", "timestamp": 1769664118.663153, "step": 656, "max_steps": 882, "loss": 5.1893720626831055, "elapsed_time": 61.64639234542847, "prnt": false}
{"event": "training_step", "timestamp": 1769664118.748891, "step": 657, "max_steps": 882, "loss": 5.1820068359375, "elapsed_time": 61.73219132423401, "prnt": false}
{"event": "training_step", "timestamp": 1769664118.8345068, "step": 658, "max_steps": 882, "loss": 5.168843746185303, "elapsed_time": 61.81777572631836, "prnt": false}
{"event": "training_step", "timestamp": 1769664118.9202504, "step": 659, "max_steps": 882, "loss": 5.248911380767822, "elapsed_time": 61.90356111526489, "prnt": false}
{"event": "training_step", "timestamp": 1769664119.005835, "step": 660, "max_steps": 882, "loss": 5.225975036621094, "elapsed_time": 61.98916244506836, "prnt": false}
{"event": "training_step", "timestamp": 1769664119.09143, "step": 661, "max_steps": 882, "loss": 5.24265718460083, "elapsed_time": 62.07483172416687, "prnt": false}
{"event": "training_step", "timestamp": 1769664119.1771557, "step": 662, "max_steps": 882, "loss": 5.261825084686279, "elapsed_time": 62.160356283187866, "prnt": false}
{"event": "training_step", "timestamp": 1769664119.2628648, "step": 663, "max_steps": 882, "loss": 5.178369045257568, "elapsed_time": 62.24615025520325, "prnt": false}
{"event": "training_step", "timestamp": 1769664119.3485534, "step": 664, "max_steps": 882, "loss": 5.333868026733398, "elapsed_time": 62.33178758621216, "prnt": false}
{"event": "training_step", "timestamp": 1769664119.4342115, "step": 665, "max_steps": 882, "loss": 5.177063465118408, "elapsed_time": 62.41756224632263, "prnt": false}
{"event": "training_step", "timestamp": 1769664119.519989, "step": 666, "max_steps": 882, "loss": 5.213400363922119, "elapsed_time": 62.50310230255127, "prnt": false}
{"event": "training_step", "timestamp": 1769664119.6057987, "step": 667, "max_steps": 882, "loss": 5.259437084197998, "elapsed_time": 62.58980941772461, "prnt": false}
{"event": "training_step", "timestamp": 1769664119.6915138, "step": 668, "max_steps": 882, "loss": 5.273815155029297, "elapsed_time": 62.67471742630005, "prnt": false}
{"event": "training_step", "timestamp": 1769664119.7773232, "step": 669, "max_steps": 882, "loss": 5.185533046722412, "elapsed_time": 62.760685205459595, "prnt": false}
{"event": "training_step", "timestamp": 1769664119.8629205, "step": 670, "max_steps": 882, "loss": 5.241140842437744, "elapsed_time": 62.84625577926636, "prnt": false}
{"event": "training_step", "timestamp": 1769664119.9486449, "step": 671, "max_steps": 882, "loss": 5.215068340301514, "elapsed_time": 62.93205165863037, "prnt": false}
{"event": "training_step", "timestamp": 1769664120.0346336, "step": 672, "max_steps": 882, "loss": 5.219517230987549, "elapsed_time": 63.01760649681091, "prnt": false}
{"event": "validation_step", "timestamp": 1769664120.39508, "step": 672, "max_steps": 882, "loss": 1.1687851160132068, "elapsed_time": 63.01760649681091}
{"event": "training_step", "timestamp": 1769664120.4811933, "step": 673, "max_steps": 882, "loss": 5.170116901397705, "elapsed_time": 63.46467566490173, "prnt": false}
{"event": "training_step", "timestamp": 1769664120.5668397, "step": 674, "max_steps": 882, "loss": 5.184905052185059, "elapsed_time": 63.550278425216675, "prnt": false}
{"event": "training_step", "timestamp": 1769664120.6527393, "step": 675, "max_steps": 882, "loss": 5.232687473297119, "elapsed_time": 63.63601112365723, "prnt": false}
{"event": "training_step", "timestamp": 1769664120.7384937, "step": 676, "max_steps": 882, "loss": 5.17565393447876, "elapsed_time": 63.72174620628357, "prnt": false}
{"event": "training_step", "timestamp": 1769664120.8242078, "step": 677, "max_steps": 882, "loss": 5.218533992767334, "elapsed_time": 63.807530879974365, "prnt": false}
{"event": "training_step", "timestamp": 1769664120.9098864, "step": 678, "max_steps": 882, "loss": 5.207059383392334, "elapsed_time": 63.89329552650452, "prnt": false}
{"event": "training_step", "timestamp": 1769664120.9956725, "step": 679, "max_steps": 882, "loss": 5.227489948272705, "elapsed_time": 63.979127645492554, "prnt": false}
{"event": "training_step", "timestamp": 1769664121.0813484, "step": 680, "max_steps": 882, "loss": 5.262337684631348, "elapsed_time": 64.06449341773987, "prnt": false}
{"event": "training_step", "timestamp": 1769664121.1670582, "step": 681, "max_steps": 882, "loss": 5.193867206573486, "elapsed_time": 64.15039801597595, "prnt": false}
{"event": "training_step", "timestamp": 1769664121.2529008, "step": 682, "max_steps": 882, "loss": 5.188295364379883, "elapsed_time": 64.23599362373352, "prnt": false}
{"event": "training_step", "timestamp": 1769664121.338784, "step": 683, "max_steps": 882, "loss": 5.192255020141602, "elapsed_time": 64.32197856903076, "prnt": false}
{"event": "training_step", "timestamp": 1769664121.4244287, "step": 684, "max_steps": 882, "loss": 5.2244672775268555, "elapsed_time": 64.40776872634888, "prnt": false}
{"event": "training_step", "timestamp": 1769664121.5103137, "step": 685, "max_steps": 882, "loss": 5.236466884613037, "elapsed_time": 64.49369025230408, "prnt": false}
{"event": "training_step", "timestamp": 1769664121.5962532, "step": 686, "max_steps": 882, "loss": 5.188896656036377, "elapsed_time": 64.57998704910278, "prnt": false}
{"event": "training_step", "timestamp": 1769664121.6819448, "step": 687, "max_steps": 882, "loss": 5.246310234069824, "elapsed_time": 64.66560316085815, "prnt": false}
{"event": "training_step", "timestamp": 1769664121.7675717, "step": 688, "max_steps": 882, "loss": 5.228336811065674, "elapsed_time": 64.7509286403656, "prnt": false}
{"event": "training_step", "timestamp": 1769664121.8532884, "step": 689, "max_steps": 882, "loss": 5.153559684753418, "elapsed_time": 64.83650255203247, "prnt": false}
{"event": "training_step", "timestamp": 1769664121.939022, "step": 690, "max_steps": 882, "loss": 5.207431316375732, "elapsed_time": 64.92221021652222, "prnt": false}
{"event": "training_step", "timestamp": 1769664122.0248184, "step": 691, "max_steps": 882, "loss": 5.226816177368164, "elapsed_time": 65.00816869735718, "prnt": false}
{"event": "training_step", "timestamp": 1769664122.1105995, "step": 692, "max_steps": 882, "loss": 5.155808925628662, "elapsed_time": 65.09414267539978, "prnt": false}
{"event": "training_step", "timestamp": 1769664122.1964045, "step": 693, "max_steps": 882, "loss": 5.212043762207031, "elapsed_time": 65.1798026561737, "prnt": false}
{"event": "training_step", "timestamp": 1769664122.2821357, "step": 694, "max_steps": 882, "loss": 5.2443132400512695, "elapsed_time": 65.26532101631165, "prnt": false}
{"event": "training_step", "timestamp": 1769664122.367852, "step": 695, "max_steps": 882, "loss": 5.197027683258057, "elapsed_time": 65.35122513771057, "prnt": false}
{"event": "training_step", "timestamp": 1769664122.4534905, "step": 696, "max_steps": 882, "loss": 5.2492265701293945, "elapsed_time": 65.4366979598999, "prnt": false}
{"event": "training_step", "timestamp": 1769664122.5392778, "step": 697, "max_steps": 882, "loss": 5.22390604019165, "elapsed_time": 65.52243947982788, "prnt": false}
{"event": "training_step", "timestamp": 1769664122.6249604, "step": 698, "max_steps": 882, "loss": 5.092426776885986, "elapsed_time": 65.6083254814148, "prnt": false}
{"event": "training_step", "timestamp": 1769664122.7108479, "step": 699, "max_steps": 882, "loss": 5.239036560058594, "elapsed_time": 65.69396638870239, "prnt": false}
{"event": "training_step", "timestamp": 1769664122.7966123, "step": 700, "max_steps": 882, "loss": 5.13209867477417, "elapsed_time": 65.77975177764893, "prnt": false}
{"event": "training_step", "timestamp": 1769664122.8823621, "step": 701, "max_steps": 882, "loss": 5.173367023468018, "elapsed_time": 65.86560535430908, "prnt": false}
{"event": "training_step", "timestamp": 1769664122.9679945, "step": 702, "max_steps": 882, "loss": 5.2313714027404785, "elapsed_time": 65.95117521286011, "prnt": false}
{"event": "training_step", "timestamp": 1769664123.053721, "step": 703, "max_steps": 882, "loss": 5.2281494140625, "elapsed_time": 66.03687238693237, "prnt": false}
{"event": "training_step", "timestamp": 1769664123.1395442, "step": 704, "max_steps": 882, "loss": 5.223688125610352, "elapsed_time": 66.12269592285156, "prnt": false}
{"event": "training_step", "timestamp": 1769664123.2253118, "step": 705, "max_steps": 882, "loss": 5.185583591461182, "elapsed_time": 66.20858383178711, "prnt": false}
{"event": "training_step", "timestamp": 1769664123.3109918, "step": 706, "max_steps": 882, "loss": 5.147093772888184, "elapsed_time": 66.29414510726929, "prnt": false}
{"event": "training_step", "timestamp": 1769664123.3969166, "step": 707, "max_steps": 882, "loss": 5.196566104888916, "elapsed_time": 66.38003921508789, "prnt": false}
{"event": "training_step", "timestamp": 1769664123.4825253, "step": 708, "max_steps": 882, "loss": 5.186285018920898, "elapsed_time": 66.4658510684967, "prnt": false}
{"event": "training_step", "timestamp": 1769664123.568151, "step": 709, "max_steps": 882, "loss": 5.2080864906311035, "elapsed_time": 66.5514235496521, "prnt": false}
{"event": "training_step", "timestamp": 1769664123.65399, "step": 710, "max_steps": 882, "loss": 5.225258827209473, "elapsed_time": 66.63770627975464, "prnt": false}
{"event": "training_step", "timestamp": 1769664123.7398844, "step": 711, "max_steps": 882, "loss": 5.2495222091674805, "elapsed_time": 66.723304271698, "prnt": false}
{"event": "training_step", "timestamp": 1769664123.825568, "step": 712, "max_steps": 882, "loss": 5.147268772125244, "elapsed_time": 66.8087956905365, "prnt": false}
{"event": "training_step", "timestamp": 1769664123.9114408, "step": 713, "max_steps": 882, "loss": 5.1526031494140625, "elapsed_time": 66.894859790802, "prnt": false}
{"event": "training_step", "timestamp": 1769664123.997208, "step": 714, "max_steps": 882, "loss": 5.185907363891602, "elapsed_time": 66.98036456108093, "prnt": false}
{"event": "validation_step", "timestamp": 1769664124.3580174, "step": 714, "max_steps": 882, "loss": 1.1677634427508503, "elapsed_time": 66.98036456108093}
{"event": "training_step", "timestamp": 1769664124.4442356, "step": 715, "max_steps": 882, "loss": 5.109407901763916, "elapsed_time": 67.42709708213806, "prnt": false}
{"event": "training_step", "timestamp": 1769664124.5299792, "step": 716, "max_steps": 882, "loss": 5.1614909172058105, "elapsed_time": 67.51334595680237, "prnt": false}
{"event": "training_step", "timestamp": 1769664124.6158566, "step": 717, "max_steps": 882, "loss": 5.1195549964904785, "elapsed_time": 67.59909582138062, "prnt": false}
{"event": "training_step", "timestamp": 1769664124.701597, "step": 718, "max_steps": 882, "loss": 5.230337619781494, "elapsed_time": 67.68477249145508, "prnt": false}
{"event": "training_step", "timestamp": 1769664124.7874124, "step": 719, "max_steps": 882, "loss": 5.160258769989014, "elapsed_time": 67.7706789970398, "prnt": false}
{"event": "training_step", "timestamp": 1769664124.8730886, "step": 720, "max_steps": 882, "loss": 5.268494606018066, "elapsed_time": 67.85664415359497, "prnt": false}
{"event": "training_step", "timestamp": 1769664124.9588518, "step": 721, "max_steps": 882, "loss": 5.243711948394775, "elapsed_time": 67.942054271698, "prnt": false}
{"event": "training_step", "timestamp": 1769664125.0444927, "step": 722, "max_steps": 882, "loss": 5.164170742034912, "elapsed_time": 68.02774262428284, "prnt": false}
{"event": "training_step", "timestamp": 1769664125.130279, "step": 723, "max_steps": 882, "loss": 5.109499931335449, "elapsed_time": 68.11357378959656, "prnt": false}
{"event": "training_step", "timestamp": 1769664125.216053, "step": 724, "max_steps": 882, "loss": 5.212702751159668, "elapsed_time": 68.19917392730713, "prnt": false}
{"event": "training_step", "timestamp": 1769664125.301785, "step": 725, "max_steps": 882, "loss": 5.180830001831055, "elapsed_time": 68.28512811660767, "prnt": false}
{"event": "training_step", "timestamp": 1769664125.387433, "step": 726, "max_steps": 882, "loss": 5.174474716186523, "elapsed_time": 68.37073373794556, "prnt": false}
{"event": "training_step", "timestamp": 1769664125.473256, "step": 727, "max_steps": 882, "loss": 5.1460466384887695, "elapsed_time": 68.45670127868652, "prnt": false}
{"event": "training_step", "timestamp": 1769664125.5589972, "step": 728, "max_steps": 882, "loss": 5.145339012145996, "elapsed_time": 68.54222464561462, "prnt": false}
{"event": "training_step", "timestamp": 1769664125.6449223, "step": 729, "max_steps": 882, "loss": 5.214146614074707, "elapsed_time": 68.62868165969849, "prnt": false}
{"event": "training_step", "timestamp": 1769664125.7307642, "step": 730, "max_steps": 882, "loss": 5.2398905754089355, "elapsed_time": 68.71391415596008, "prnt": false}
{"event": "training_step", "timestamp": 1769664125.8165836, "step": 731, "max_steps": 882, "loss": 5.245058536529541, "elapsed_time": 68.79988074302673, "prnt": false}
{"event": "training_step", "timestamp": 1769664125.90231, "step": 732, "max_steps": 882, "loss": 5.171436309814453, "elapsed_time": 68.88551902770996, "prnt": false}
{"event": "training_step", "timestamp": 1769664125.9879446, "step": 733, "max_steps": 882, "loss": 5.1803059577941895, "elapsed_time": 68.9712815284729, "prnt": false}
{"event": "training_step", "timestamp": 1769664126.073673, "step": 734, "max_steps": 882, "loss": 5.083816051483154, "elapsed_time": 69.05707168579102, "prnt": false}
{"event": "training_step", "timestamp": 1769664126.1595075, "step": 735, "max_steps": 882, "loss": 5.212366580963135, "elapsed_time": 69.14268660545349, "prnt": false}
{"event": "training_step", "timestamp": 1769664126.245177, "step": 736, "max_steps": 882, "loss": 5.1244354248046875, "elapsed_time": 69.22844767570496, "prnt": false}
{"event": "training_step", "timestamp": 1769664126.3310385, "step": 737, "max_steps": 882, "loss": 5.2685227394104, "elapsed_time": 69.31433773040771, "prnt": false}
{"event": "training_step", "timestamp": 1769664126.4169111, "step": 738, "max_steps": 882, "loss": 5.236649513244629, "elapsed_time": 69.40015578269958, "prnt": false}
{"event": "training_step", "timestamp": 1769664126.5029204, "step": 739, "max_steps": 882, "loss": 5.201495170593262, "elapsed_time": 69.48682904243469, "prnt": false}
{"event": "training_step", "timestamp": 1769664126.5885956, "step": 740, "max_steps": 882, "loss": 5.258028030395508, "elapsed_time": 69.5718891620636, "prnt": false}
{"event": "training_step", "timestamp": 1769664126.674554, "step": 741, "max_steps": 882, "loss": 5.191586971282959, "elapsed_time": 69.65796566009521, "prnt": false}
{"event": "training_step", "timestamp": 1769664126.7602885, "step": 742, "max_steps": 882, "loss": 5.175118446350098, "elapsed_time": 69.74355149269104, "prnt": false}
{"event": "training_step", "timestamp": 1769664126.8461456, "step": 743, "max_steps": 882, "loss": 5.108889579772949, "elapsed_time": 69.8293559551239, "prnt": false}
{"event": "training_step", "timestamp": 1769664126.9320343, "step": 744, "max_steps": 882, "loss": 5.1504411697387695, "elapsed_time": 69.91521787643433, "prnt": false}
{"event": "training_step", "timestamp": 1769664127.017945, "step": 745, "max_steps": 882, "loss": 5.198531150817871, "elapsed_time": 70.00104236602783, "prnt": false}
{"event": "training_step", "timestamp": 1769664127.103718, "step": 746, "max_steps": 882, "loss": 5.157225608825684, "elapsed_time": 70.08713412284851, "prnt": false}
{"event": "training_step", "timestamp": 1769664127.189511, "step": 747, "max_steps": 882, "loss": 5.169169902801514, "elapsed_time": 70.17279171943665, "prnt": false}
{"event": "training_step", "timestamp": 1769664127.27533, "step": 748, "max_steps": 882, "loss": 5.219692707061768, "elapsed_time": 70.25860643386841, "prnt": false}
{"event": "training_step", "timestamp": 1769664127.3610547, "step": 749, "max_steps": 882, "loss": 5.155211925506592, "elapsed_time": 70.34437108039856, "prnt": false}
{"event": "training_step", "timestamp": 1769664127.446761, "step": 750, "max_steps": 882, "loss": 5.215169429779053, "elapsed_time": 70.42997217178345, "prnt": false}
{"event": "training_step", "timestamp": 1769664127.532589, "step": 751, "max_steps": 882, "loss": 5.163480758666992, "elapsed_time": 70.5160813331604, "prnt": false}
{"event": "training_step", "timestamp": 1769664127.6183364, "step": 752, "max_steps": 882, "loss": 5.129316806793213, "elapsed_time": 70.60156393051147, "prnt": false}
{"event": "training_step", "timestamp": 1769664127.7042356, "step": 753, "max_steps": 882, "loss": 5.184892654418945, "elapsed_time": 70.68805932998657, "prnt": false}
{"event": "training_step", "timestamp": 1769664127.7900352, "step": 754, "max_steps": 882, "loss": 5.165499687194824, "elapsed_time": 70.77318453788757, "prnt": false}
{"event": "training_step", "timestamp": 1769664127.876007, "step": 755, "max_steps": 882, "loss": 5.172536849975586, "elapsed_time": 70.859379529953, "prnt": false}
{"event": "training_step", "timestamp": 1769664127.9617434, "step": 756, "max_steps": 882, "loss": 5.163934230804443, "elapsed_time": 70.94499969482422, "prnt": false}
{"event": "validation_step", "timestamp": 1769664128.3224194, "step": 756, "max_steps": 882, "loss": 1.166065089743722, "elapsed_time": 70.94499969482422}
{"event": "training_step", "timestamp": 1769664128.4088905, "step": 757, "max_steps": 882, "loss": 5.163509845733643, "elapsed_time": 71.39184761047363, "prnt": false}
{"event": "training_step", "timestamp": 1769664128.4948, "step": 758, "max_steps": 882, "loss": 5.156418800354004, "elapsed_time": 71.47794437408447, "prnt": false}
{"event": "training_step", "timestamp": 1769664128.5806656, "step": 759, "max_steps": 882, "loss": 5.127955436706543, "elapsed_time": 71.56397652626038, "prnt": false}
{"event": "training_step", "timestamp": 1769664128.666524, "step": 760, "max_steps": 882, "loss": 5.213095188140869, "elapsed_time": 71.64955186843872, "prnt": false}
{"event": "training_step", "timestamp": 1769664128.7523925, "step": 761, "max_steps": 882, "loss": 5.137475490570068, "elapsed_time": 71.73554396629333, "prnt": false}
{"event": "training_step", "timestamp": 1769664128.8382113, "step": 762, "max_steps": 882, "loss": 5.17711877822876, "elapsed_time": 71.82134556770325, "prnt": false}
{"event": "training_step", "timestamp": 1769664128.9240642, "step": 763, "max_steps": 882, "loss": 5.136724472045898, "elapsed_time": 71.90724468231201, "prnt": false}
{"event": "training_step", "timestamp": 1769664129.00987, "step": 764, "max_steps": 882, "loss": 5.191088676452637, "elapsed_time": 71.992990732193, "prnt": false}
{"event": "training_step", "timestamp": 1769664129.0959315, "step": 765, "max_steps": 882, "loss": 5.08856201171875, "elapsed_time": 72.07899451255798, "prnt": false}
{"event": "training_step", "timestamp": 1769664129.1816697, "step": 766, "max_steps": 882, "loss": 5.102205753326416, "elapsed_time": 72.16486239433289, "prnt": false}
{"event": "training_step", "timestamp": 1769664129.267414, "step": 767, "max_steps": 882, "loss": 5.143917083740234, "elapsed_time": 72.25074124336243, "prnt": false}
{"event": "training_step", "timestamp": 1769664129.353311, "step": 768, "max_steps": 882, "loss": 5.188251495361328, "elapsed_time": 72.33638167381287, "prnt": false}
{"event": "training_step", "timestamp": 1769664129.4392836, "step": 769, "max_steps": 882, "loss": 5.088503360748291, "elapsed_time": 72.42258739471436, "prnt": false}
{"event": "training_step", "timestamp": 1769664129.5251646, "step": 770, "max_steps": 882, "loss": 5.179023742675781, "elapsed_time": 72.50818085670471, "prnt": false}
{"event": "training_step", "timestamp": 1769664129.6110697, "step": 771, "max_steps": 882, "loss": 5.198092937469482, "elapsed_time": 72.59426426887512, "prnt": false}
{"event": "training_step", "timestamp": 1769664129.697169, "step": 772, "max_steps": 882, "loss": 5.204179286956787, "elapsed_time": 72.6807291507721, "prnt": false}
{"event": "training_step", "timestamp": 1769664129.7829506, "step": 773, "max_steps": 882, "loss": 5.201937198638916, "elapsed_time": 72.76625180244446, "prnt": false}
{"event": "training_step", "timestamp": 1769664129.8686903, "step": 774, "max_steps": 882, "loss": 5.184424877166748, "elapsed_time": 72.85196614265442, "prnt": false}
{"event": "training_step", "timestamp": 1769664129.9547298, "step": 775, "max_steps": 882, "loss": 5.038517475128174, "elapsed_time": 72.93800354003906, "prnt": false}
{"event": "training_step", "timestamp": 1769664130.0404494, "step": 776, "max_steps": 882, "loss": 5.169770240783691, "elapsed_time": 73.02371978759766, "prnt": false}
{"event": "training_step", "timestamp": 1769664130.1262574, "step": 777, "max_steps": 882, "loss": 5.154245853424072, "elapsed_time": 73.10943412780762, "prnt": false}
{"event": "training_step", "timestamp": 1769664130.212013, "step": 778, "max_steps": 882, "loss": 5.2021613121032715, "elapsed_time": 73.19510459899902, "prnt": false}
{"event": "training_step", "timestamp": 1769664130.2979646, "step": 779, "max_steps": 882, "loss": 5.207932472229004, "elapsed_time": 73.28105139732361, "prnt": false}
{"event": "training_step", "timestamp": 1769664130.3837204, "step": 780, "max_steps": 882, "loss": 5.12446403503418, "elapsed_time": 73.3669741153717, "prnt": false}
{"event": "training_step", "timestamp": 1769664130.4697273, "step": 781, "max_steps": 882, "loss": 5.100813865661621, "elapsed_time": 73.45281863212585, "prnt": false}
{"event": "training_step", "timestamp": 1769664130.5556438, "step": 782, "max_steps": 882, "loss": 5.121242523193359, "elapsed_time": 73.53887271881104, "prnt": false}
{"event": "training_step", "timestamp": 1769664130.6414864, "step": 783, "max_steps": 882, "loss": 5.151565074920654, "elapsed_time": 73.6247284412384, "prnt": false}
{"event": "training_step", "timestamp": 1769664130.727211, "step": 784, "max_steps": 882, "loss": 5.188180446624756, "elapsed_time": 73.71049952507019, "prnt": false}
{"event": "training_step", "timestamp": 1769664130.8131943, "step": 785, "max_steps": 882, "loss": 5.16982889175415, "elapsed_time": 73.79622054100037, "prnt": false}
{"event": "training_step", "timestamp": 1769664130.8990984, "step": 786, "max_steps": 882, "loss": 5.222506523132324, "elapsed_time": 73.88222575187683, "prnt": false}
{"event": "training_step", "timestamp": 1769664130.9850562, "step": 787, "max_steps": 882, "loss": 5.123437881469727, "elapsed_time": 73.96828699111938, "prnt": false}
{"event": "training_step", "timestamp": 1769664131.0708742, "step": 788, "max_steps": 882, "loss": 5.130735397338867, "elapsed_time": 74.05394840240479, "prnt": false}
{"event": "training_step", "timestamp": 1769664131.1568217, "step": 789, "max_steps": 882, "loss": 5.142335891723633, "elapsed_time": 74.13982582092285, "prnt": false}
{"event": "training_step", "timestamp": 1769664131.2426822, "step": 790, "max_steps": 882, "loss": 5.099985599517822, "elapsed_time": 74.22583532333374, "prnt": false}
{"event": "training_step", "timestamp": 1769664131.3284705, "step": 791, "max_steps": 882, "loss": 5.192780494689941, "elapsed_time": 74.31166982650757, "prnt": false}
{"event": "training_step", "timestamp": 1769664131.4143674, "step": 792, "max_steps": 882, "loss": 5.217214584350586, "elapsed_time": 74.3974039554596, "prnt": false}
{"event": "training_step", "timestamp": 1769664131.500226, "step": 793, "max_steps": 882, "loss": 5.101038932800293, "elapsed_time": 74.48345732688904, "prnt": false}
{"event": "training_step", "timestamp": 1769664131.5859532, "step": 794, "max_steps": 882, "loss": 5.284691333770752, "elapsed_time": 74.56909084320068, "prnt": false}
{"event": "training_step", "timestamp": 1769664131.6718814, "step": 795, "max_steps": 882, "loss": 5.144074440002441, "elapsed_time": 74.65535259246826, "prnt": false}
{"event": "training_step", "timestamp": 1769664131.7578015, "step": 796, "max_steps": 882, "loss": 5.177829742431641, "elapsed_time": 74.74093961715698, "prnt": false}
{"event": "training_step", "timestamp": 1769664131.8436904, "step": 797, "max_steps": 882, "loss": 5.23947811126709, "elapsed_time": 74.82708692550659, "prnt": false}
{"event": "training_step", "timestamp": 1769664131.9294343, "step": 798, "max_steps": 882, "loss": 5.194253444671631, "elapsed_time": 74.91267132759094, "prnt": false}
{"event": "validation_step", "timestamp": 1769664132.2906127, "step": 798, "max_steps": 882, "loss": 1.165604336714845, "elapsed_time": 74.91267132759094}
{"event": "training_step", "timestamp": 1769664132.3768985, "step": 799, "max_steps": 882, "loss": 5.063556671142578, "elapsed_time": 75.36012864112854, "prnt": false}
{"event": "training_step", "timestamp": 1769664132.4626892, "step": 800, "max_steps": 882, "loss": 5.1300530433654785, "elapsed_time": 75.44598913192749, "prnt": false}
{"event": "training_step", "timestamp": 1769664132.5486429, "step": 801, "max_steps": 882, "loss": 5.146080493927002, "elapsed_time": 75.53176712989807, "prnt": false}
{"event": "training_step", "timestamp": 1769664132.6346698, "step": 802, "max_steps": 882, "loss": 5.138299465179443, "elapsed_time": 75.61764931678772, "prnt": false}
{"event": "training_step", "timestamp": 1769664132.7205632, "step": 803, "max_steps": 882, "loss": 5.153780460357666, "elapsed_time": 75.70371651649475, "prnt": false}
{"event": "training_step", "timestamp": 1769664132.8064468, "step": 804, "max_steps": 882, "loss": 5.113010406494141, "elapsed_time": 75.78960680961609, "prnt": false}
{"event": "training_step", "timestamp": 1769664132.8924713, "step": 805, "max_steps": 882, "loss": 5.1647138595581055, "elapsed_time": 75.87556767463684, "prnt": false}
{"event": "training_step", "timestamp": 1769664132.9783366, "step": 806, "max_steps": 882, "loss": 5.13948392868042, "elapsed_time": 75.9613311290741, "prnt": false}
{"event": "training_step", "timestamp": 1769664133.0642755, "step": 807, "max_steps": 882, "loss": 5.167646408081055, "elapsed_time": 76.04724049568176, "prnt": false}
{"event": "training_step", "timestamp": 1769664133.1502047, "step": 808, "max_steps": 882, "loss": 5.167407035827637, "elapsed_time": 76.13316226005554, "prnt": false}
{"event": "training_step", "timestamp": 1769664133.236298, "step": 809, "max_steps": 882, "loss": 5.218503475189209, "elapsed_time": 76.21943879127502, "prnt": false}
{"event": "training_step", "timestamp": 1769664133.322094, "step": 810, "max_steps": 882, "loss": 5.083451271057129, "elapsed_time": 76.30512189865112, "prnt": false}
{"event": "training_step", "timestamp": 1769664133.4079545, "step": 811, "max_steps": 882, "loss": 5.145000457763672, "elapsed_time": 76.3911623954773, "prnt": false}
{"event": "training_step", "timestamp": 1769664133.4939525, "step": 812, "max_steps": 882, "loss": 5.19959831237793, "elapsed_time": 76.47687935829163, "prnt": false}
{"event": "training_step", "timestamp": 1769664133.5798633, "step": 813, "max_steps": 882, "loss": 5.187154769897461, "elapsed_time": 76.56305766105652, "prnt": false}
{"event": "training_step", "timestamp": 1769664133.6656082, "step": 814, "max_steps": 882, "loss": 5.245621204376221, "elapsed_time": 76.64875602722168, "prnt": false}
{"event": "training_step", "timestamp": 1769664133.7517612, "step": 815, "max_steps": 882, "loss": 5.080477714538574, "elapsed_time": 76.7355649471283, "prnt": false}
{"event": "training_step", "timestamp": 1769664133.83769, "step": 816, "max_steps": 882, "loss": 5.164574146270752, "elapsed_time": 76.82085585594177, "prnt": false}
{"event": "training_step", "timestamp": 1769664133.9231508, "step": 817, "max_steps": 882, "loss": 5.184548377990723, "elapsed_time": 76.90677905082703, "prnt": false}
{"event": "training_step", "timestamp": 1769664134.0090072, "step": 818, "max_steps": 882, "loss": 5.177704334259033, "elapsed_time": 76.99234414100647, "prnt": false}
{"event": "training_step", "timestamp": 1769664134.094999, "step": 819, "max_steps": 882, "loss": 5.177415370941162, "elapsed_time": 77.0780336856842, "prnt": false}
{"event": "training_step", "timestamp": 1769664134.180767, "step": 820, "max_steps": 882, "loss": 5.0866522789001465, "elapsed_time": 77.16389775276184, "prnt": false}
{"event": "training_step", "timestamp": 1769664134.266656, "step": 821, "max_steps": 882, "loss": 5.144865036010742, "elapsed_time": 77.24977421760559, "prnt": false}
{"event": "training_step", "timestamp": 1769664134.3520994, "step": 822, "max_steps": 882, "loss": 5.100269794464111, "elapsed_time": 77.33566236495972, "prnt": false}
{"event": "training_step", "timestamp": 1769664134.438045, "step": 823, "max_steps": 882, "loss": 5.067545413970947, "elapsed_time": 77.4210946559906, "prnt": false}
{"event": "training_step", "timestamp": 1769664134.5239997, "step": 824, "max_steps": 882, "loss": 5.18452262878418, "elapsed_time": 77.50707340240479, "prnt": false}
{"event": "training_step", "timestamp": 1769664134.6098912, "step": 825, "max_steps": 882, "loss": 5.095803737640381, "elapsed_time": 77.59290337562561, "prnt": false}
{"event": "training_step", "timestamp": 1769664134.6957366, "step": 826, "max_steps": 882, "loss": 5.091959476470947, "elapsed_time": 77.67885208129883, "prnt": false}
{"event": "training_step", "timestamp": 1769664134.7817748, "step": 827, "max_steps": 882, "loss": 5.173147201538086, "elapsed_time": 77.76501750946045, "prnt": false}
{"event": "training_step", "timestamp": 1769664134.8677077, "step": 828, "max_steps": 882, "loss": 5.15626859664917, "elapsed_time": 77.85067987442017, "prnt": false}
{"event": "training_step", "timestamp": 1769664134.9538019, "step": 829, "max_steps": 882, "loss": 5.139766693115234, "elapsed_time": 77.93675827980042, "prnt": false}
{"event": "training_step", "timestamp": 1769664135.0396214, "step": 830, "max_steps": 882, "loss": 5.1759819984436035, "elapsed_time": 78.022789478302, "prnt": false}
{"event": "training_step", "timestamp": 1769664135.1252801, "step": 831, "max_steps": 882, "loss": 5.1491594314575195, "elapsed_time": 78.1087417602539, "prnt": false}
{"event": "training_step", "timestamp": 1769664135.2110868, "step": 832, "max_steps": 882, "loss": 5.178354263305664, "elapsed_time": 78.1941933631897, "prnt": false}
{"event": "training_step", "timestamp": 1769664135.297006, "step": 833, "max_steps": 882, "loss": 5.136167049407959, "elapsed_time": 78.28007435798645, "prnt": false}
{"event": "training_step", "timestamp": 1769664135.3827543, "step": 834, "max_steps": 882, "loss": 5.122689247131348, "elapsed_time": 78.36590123176575, "prnt": false}
{"event": "training_step", "timestamp": 1769664135.4687579, "step": 835, "max_steps": 882, "loss": 5.1363911628723145, "elapsed_time": 78.45175409317017, "prnt": false}
{"event": "training_step", "timestamp": 1769664135.5546913, "step": 836, "max_steps": 882, "loss": 5.184137344360352, "elapsed_time": 78.53778100013733, "prnt": false}
{"event": "training_step", "timestamp": 1769664135.640597, "step": 837, "max_steps": 882, "loss": 5.145897388458252, "elapsed_time": 78.62403893470764, "prnt": false}
{"event": "training_step", "timestamp": 1769664135.7267332, "step": 838, "max_steps": 882, "loss": 5.246791362762451, "elapsed_time": 78.71012997627258, "prnt": false}
{"event": "training_step", "timestamp": 1769664135.8129241, "step": 839, "max_steps": 882, "loss": 5.132339954376221, "elapsed_time": 78.79604434967041, "prnt": false}
{"event": "training_step", "timestamp": 1769664135.898825, "step": 840, "max_steps": 882, "loss": 5.20267915725708, "elapsed_time": 78.88211131095886, "prnt": false}
{"event": "validation_step", "timestamp": 1769664136.2602348, "step": 840, "max_steps": 882, "loss": 1.1655667950689583, "elapsed_time": 78.88211131095886}
{"event": "training_step", "timestamp": 1769664136.3465984, "step": 841, "max_steps": 882, "loss": 5.120483875274658, "elapsed_time": 79.32982921600342, "prnt": false}
{"event": "training_step", "timestamp": 1769664136.432586, "step": 842, "max_steps": 882, "loss": 5.122713565826416, "elapsed_time": 79.41575598716736, "prnt": false}
{"event": "training_step", "timestamp": 1769664136.5184314, "step": 843, "max_steps": 882, "loss": 5.154458045959473, "elapsed_time": 79.50159907341003, "prnt": false}
{"event": "training_step", "timestamp": 1769664136.6043637, "step": 844, "max_steps": 882, "loss": 5.146106719970703, "elapsed_time": 79.58742690086365, "prnt": false}
{"event": "training_step", "timestamp": 1769664136.690353, "step": 845, "max_steps": 882, "loss": 5.175320625305176, "elapsed_time": 79.67345929145813, "prnt": false}
{"event": "training_step", "timestamp": 1769664136.7762387, "step": 846, "max_steps": 882, "loss": 5.133092880249023, "elapsed_time": 79.75931549072266, "prnt": false}
{"event": "training_step", "timestamp": 1769664136.8621464, "step": 847, "max_steps": 882, "loss": 5.13350772857666, "elapsed_time": 79.8453471660614, "prnt": false}
{"event": "training_step", "timestamp": 1769664136.9480448, "step": 848, "max_steps": 882, "loss": 5.152263641357422, "elapsed_time": 79.93099641799927, "prnt": false}
{"event": "training_step", "timestamp": 1769664137.034088, "step": 849, "max_steps": 882, "loss": 5.139148712158203, "elapsed_time": 80.0170567035675, "prnt": false}
{"event": "training_step", "timestamp": 1769664137.119901, "step": 850, "max_steps": 882, "loss": 5.12802791595459, "elapsed_time": 80.1029748916626, "prnt": false}
{"event": "training_step", "timestamp": 1769664137.2059827, "step": 851, "max_steps": 882, "loss": 5.130543231964111, "elapsed_time": 80.18894720077515, "prnt": false}
{"event": "training_step", "timestamp": 1769664137.2919488, "step": 852, "max_steps": 882, "loss": 5.072237491607666, "elapsed_time": 80.27485418319702, "prnt": false}
{"event": "training_step", "timestamp": 1769664137.377931, "step": 853, "max_steps": 882, "loss": 5.147354602813721, "elapsed_time": 80.36090588569641, "prnt": false}
{"event": "training_step", "timestamp": 1769664137.4637432, "step": 854, "max_steps": 882, "loss": 5.183466911315918, "elapsed_time": 80.44682049751282, "prnt": false}
{"event": "training_step", "timestamp": 1769664137.549834, "step": 855, "max_steps": 882, "loss": 5.138276100158691, "elapsed_time": 80.5327525138855, "prnt": false}
{"event": "training_step", "timestamp": 1769664137.63576, "step": 856, "max_steps": 882, "loss": 5.195606708526611, "elapsed_time": 80.61870121955872, "prnt": false}
{"event": "training_step", "timestamp": 1769664137.7217317, "step": 857, "max_steps": 882, "loss": 5.19960355758667, "elapsed_time": 80.70504593849182, "prnt": false}
{"event": "training_step", "timestamp": 1769664137.80784, "step": 858, "max_steps": 882, "loss": 5.205936431884766, "elapsed_time": 80.79071950912476, "prnt": false}
{"event": "training_step", "timestamp": 1769664137.893939, "step": 859, "max_steps": 882, "loss": 5.170663833618164, "elapsed_time": 80.87689971923828, "prnt": false}
{"event": "training_step", "timestamp": 1769664137.9798088, "step": 860, "max_steps": 882, "loss": 5.099520206451416, "elapsed_time": 80.96295666694641, "prnt": false}
{"event": "training_step", "timestamp": 1769664138.0657015, "step": 861, "max_steps": 882, "loss": 5.072503089904785, "elapsed_time": 81.04886269569397, "prnt": false}
{"event": "training_step", "timestamp": 1769664138.151632, "step": 862, "max_steps": 882, "loss": 5.242085933685303, "elapsed_time": 81.13459372520447, "prnt": false}
{"event": "training_step", "timestamp": 1769664138.2376575, "step": 863, "max_steps": 882, "loss": 5.116295337677002, "elapsed_time": 81.22064781188965, "prnt": false}
{"event": "training_step", "timestamp": 1769664138.323446, "step": 864, "max_steps": 882, "loss": 5.259725093841553, "elapsed_time": 81.30659818649292, "prnt": false}
{"event": "training_step", "timestamp": 1769664138.409556, "step": 865, "max_steps": 882, "loss": 5.166468143463135, "elapsed_time": 81.39265632629395, "prnt": false}
{"event": "training_step", "timestamp": 1769664138.4954953, "step": 866, "max_steps": 882, "loss": 5.123608589172363, "elapsed_time": 81.47855424880981, "prnt": false}
{"event": "training_step", "timestamp": 1769664138.5814219, "step": 867, "max_steps": 882, "loss": 5.182817459106445, "elapsed_time": 81.56480479240417, "prnt": false}
{"event": "training_step", "timestamp": 1769664138.667285, "step": 868, "max_steps": 882, "loss": 5.1929426193237305, "elapsed_time": 81.65040040016174, "prnt": false}
{"event": "training_step", "timestamp": 1769664138.7533107, "step": 869, "max_steps": 882, "loss": 5.101924419403076, "elapsed_time": 81.73619174957275, "prnt": false}
{"event": "training_step", "timestamp": 1769664138.839155, "step": 870, "max_steps": 882, "loss": 5.199753761291504, "elapsed_time": 81.82229900360107, "prnt": false}
{"event": "training_step", "timestamp": 1769664138.9250984, "step": 871, "max_steps": 882, "loss": 5.159780979156494, "elapsed_time": 81.90839290618896, "prnt": false}
{"event": "training_step", "timestamp": 1769664139.0110512, "step": 872, "max_steps": 882, "loss": 5.133073329925537, "elapsed_time": 81.99408602714539, "prnt": false}
{"event": "training_step", "timestamp": 1769664139.0970507, "step": 873, "max_steps": 882, "loss": 5.14408016204834, "elapsed_time": 82.08006620407104, "prnt": false}
{"event": "training_step", "timestamp": 1769664139.1828642, "step": 874, "max_steps": 882, "loss": 5.130100250244141, "elapsed_time": 82.16592335700989, "prnt": false}
{"event": "training_step", "timestamp": 1769664139.268837, "step": 875, "max_steps": 882, "loss": 5.204758167266846, "elapsed_time": 82.25193381309509, "prnt": false}
{"event": "training_step", "timestamp": 1769664139.3547587, "step": 876, "max_steps": 882, "loss": 5.148364067077637, "elapsed_time": 82.33781576156616, "prnt": false}
{"event": "training_step", "timestamp": 1769664139.440775, "step": 877, "max_steps": 882, "loss": 5.1865010261535645, "elapsed_time": 82.42401599884033, "prnt": false}
{"event": "training_step", "timestamp": 1769664139.5267978, "step": 878, "max_steps": 882, "loss": 5.259514331817627, "elapsed_time": 82.50970363616943, "prnt": false}
{"event": "training_step", "timestamp": 1769664139.6128058, "step": 879, "max_steps": 882, "loss": 5.153034210205078, "elapsed_time": 82.59598898887634, "prnt": false}
{"event": "training_step", "timestamp": 1769664139.6986215, "step": 880, "max_steps": 882, "loss": 5.155188083648682, "elapsed_time": 82.68176817893982, "prnt": false}
{"event": "training_step", "timestamp": 1769664139.784608, "step": 881, "max_steps": 882, "loss": 5.087698459625244, "elapsed_time": 82.76791739463806, "prnt": false}
{"event": "training_step", "timestamp": 1769664139.870513, "step": 882, "max_steps": 882, "loss": 5.146848201751709, "elapsed_time": 82.85359907150269, "prnt": false}
{"event": "validation_step", "timestamp": 1769664140.231982, "step": 882, "max_steps": 882, "loss": 1.1654827328349575, "elapsed_time": 82.85359907150269}
