{"event": "hyperparameters_configured", "timestamp": 1769648670.203215, "block_size": 64, "vocab_size": 16000, "n_layer": 8, "n_head": 9, "d_model": 576, "dropout": 0.0, "mlp_ratio": 5.0, "activation": "gelu", "residual_scaling": true, "batch_size": 128, "lr": 0.0003, "weight_decay": 0.1, "evals_per_epoch": 3, "batch_mode": "random", "optimizer": "adamw", "scheduler": "warmup_cosine", "warmup_fraction": 0.05, "normalizer": "none", "pre_tokenizer": "whitespace", "eos_handling": "string_join", "min_frequency": 1, "domain_tokens": false, "epochs": 7, "seed": 1337, "num_titles": 100000, "val_frac": 0.1, "log_file": "./logs/exp-whitespace.log"}
{"event": "device_info", "timestamp": 1769648670.2206209, "device": "cuda"}
{"event": "dataset_info", "timestamp": 1769648679.3936505, "titles_count": 90000, "epochs": 7, "batches_per_epoch": 131, "tokens_per_epoch": 1075134, "vocab_size": 16000}
{"event": "model_info", "timestamp": 1769648679.805001, "parameters_count": 46477440}
{"event": "training_step", "timestamp": 1769648680.4362729, "step": 1, "max_steps": 917, "loss": 9.775962829589844, "elapsed_time": 0.21753430366516113, "prnt": false}
{"event": "validation_step", "timestamp": 1769648680.8190885, "step": 1, "max_steps": 917, "loss": 2.1025558522431127, "elapsed_time": 0.21753430366516113}
{"event": "training_step", "timestamp": 1769648680.9042103, "step": 2, "max_steps": 917, "loss": 9.776947021484375, "elapsed_time": 0.6084403991699219, "prnt": false}
{"event": "training_step", "timestamp": 1769648680.988823, "step": 3, "max_steps": 917, "loss": 9.6190185546875, "elapsed_time": 0.6928672790527344, "prnt": false}
{"event": "training_step", "timestamp": 1769648681.073622, "step": 4, "max_steps": 917, "loss": 9.383971214294434, "elapsed_time": 0.7774772644042969, "prnt": false}
{"event": "training_step", "timestamp": 1769648681.158119, "step": 5, "max_steps": 917, "loss": 9.166672706604004, "elapsed_time": 0.8621964454650879, "prnt": false}
{"event": "training_step", "timestamp": 1769648681.2428093, "step": 6, "max_steps": 917, "loss": 9.025331497192383, "elapsed_time": 0.9466874599456787, "prnt": false}
{"event": "training_step", "timestamp": 1769648681.327237, "step": 7, "max_steps": 917, "loss": 8.943163871765137, "elapsed_time": 1.0314652919769287, "prnt": false}
{"event": "training_step", "timestamp": 1769648681.411844, "step": 8, "max_steps": 917, "loss": 8.892779350280762, "elapsed_time": 1.1157965660095215, "prnt": false}
{"event": "training_step", "timestamp": 1769648681.4962492, "step": 9, "max_steps": 917, "loss": 8.817682266235352, "elapsed_time": 1.2003660202026367, "prnt": false}
{"event": "training_step", "timestamp": 1769648681.5807028, "step": 10, "max_steps": 917, "loss": 8.771627426147461, "elapsed_time": 1.2850234508514404, "prnt": false}
{"event": "training_step", "timestamp": 1769648681.6651168, "step": 11, "max_steps": 917, "loss": 8.744543075561523, "elapsed_time": 1.3692257404327393, "prnt": false}
{"event": "training_step", "timestamp": 1769648681.7497725, "step": 12, "max_steps": 917, "loss": 8.704225540161133, "elapsed_time": 1.4538705348968506, "prnt": false}
{"event": "training_step", "timestamp": 1769648681.8343275, "step": 13, "max_steps": 917, "loss": 8.633028030395508, "elapsed_time": 1.5383358001708984, "prnt": false}
{"event": "training_step", "timestamp": 1769648681.918887, "step": 14, "max_steps": 917, "loss": 8.614180564880371, "elapsed_time": 1.6230616569519043, "prnt": false}
{"event": "training_step", "timestamp": 1769648682.003602, "step": 15, "max_steps": 917, "loss": 8.546300888061523, "elapsed_time": 1.7073869705200195, "prnt": false}
{"event": "training_step", "timestamp": 1769648682.088489, "step": 16, "max_steps": 917, "loss": 8.511560440063477, "elapsed_time": 1.7922391891479492, "prnt": false}
{"event": "training_step", "timestamp": 1769648682.1731308, "step": 17, "max_steps": 917, "loss": 8.402396202087402, "elapsed_time": 1.8769662380218506, "prnt": false}
{"event": "training_step", "timestamp": 1769648682.2577195, "step": 18, "max_steps": 917, "loss": 8.347441673278809, "elapsed_time": 1.9617383480072021, "prnt": false}
{"event": "training_step", "timestamp": 1769648682.3424313, "step": 19, "max_steps": 917, "loss": 8.312335014343262, "elapsed_time": 2.046393394470215, "prnt": false}
{"event": "training_step", "timestamp": 1769648682.4273822, "step": 20, "max_steps": 917, "loss": 8.224907875061035, "elapsed_time": 2.131498336791992, "prnt": false}
{"event": "training_step", "timestamp": 1769648682.512133, "step": 21, "max_steps": 917, "loss": 8.178668022155762, "elapsed_time": 2.2159523963928223, "prnt": false}
{"event": "training_step", "timestamp": 1769648682.5967114, "step": 22, "max_steps": 917, "loss": 8.10244083404541, "elapsed_time": 2.300734043121338, "prnt": false}
{"event": "training_step", "timestamp": 1769648682.6811652, "step": 23, "max_steps": 917, "loss": 8.11308479309082, "elapsed_time": 2.385256052017212, "prnt": false}
{"event": "training_step", "timestamp": 1769648682.7658157, "step": 24, "max_steps": 917, "loss": 7.976166725158691, "elapsed_time": 2.4697988033294678, "prnt": false}
{"event": "training_step", "timestamp": 1769648682.8505085, "step": 25, "max_steps": 917, "loss": 7.942135334014893, "elapsed_time": 2.5544817447662354, "prnt": false}
{"event": "training_step", "timestamp": 1769648682.9351428, "step": 26, "max_steps": 917, "loss": 7.895483016967773, "elapsed_time": 2.639176368713379, "prnt": false}
{"event": "training_step", "timestamp": 1769648683.0195992, "step": 27, "max_steps": 917, "loss": 7.8454461097717285, "elapsed_time": 2.723668336868286, "prnt": false}
{"event": "training_step", "timestamp": 1769648683.104115, "step": 28, "max_steps": 917, "loss": 7.784061908721924, "elapsed_time": 2.808115243911743, "prnt": false}
{"event": "training_step", "timestamp": 1769648683.1886625, "step": 29, "max_steps": 917, "loss": 7.738587856292725, "elapsed_time": 2.892672538757324, "prnt": false}
{"event": "training_step", "timestamp": 1769648683.2733374, "step": 30, "max_steps": 917, "loss": 7.658992290496826, "elapsed_time": 2.9772539138793945, "prnt": false}
{"event": "training_step", "timestamp": 1769648683.3577406, "step": 31, "max_steps": 917, "loss": 7.604908466339111, "elapsed_time": 3.0619959831237793, "prnt": false}
{"event": "training_step", "timestamp": 1769648683.4422617, "step": 32, "max_steps": 917, "loss": 7.593481540679932, "elapsed_time": 3.1463069915771484, "prnt": false}
{"event": "training_step", "timestamp": 1769648683.526864, "step": 33, "max_steps": 917, "loss": 7.493430137634277, "elapsed_time": 3.230734348297119, "prnt": false}
{"event": "training_step", "timestamp": 1769648683.6117063, "step": 34, "max_steps": 917, "loss": 7.501653671264648, "elapsed_time": 3.3154993057250977, "prnt": false}
{"event": "training_step", "timestamp": 1769648683.696206, "step": 35, "max_steps": 917, "loss": 7.434586524963379, "elapsed_time": 3.4003219604492188, "prnt": false}
{"event": "training_step", "timestamp": 1769648683.7809367, "step": 36, "max_steps": 917, "loss": 7.402340888977051, "elapsed_time": 3.484954833984375, "prnt": false}
{"event": "training_step", "timestamp": 1769648683.8657553, "step": 37, "max_steps": 917, "loss": 7.417109489440918, "elapsed_time": 3.569772958755493, "prnt": false}
{"event": "training_step", "timestamp": 1769648683.9507222, "step": 38, "max_steps": 917, "loss": 7.3385138511657715, "elapsed_time": 3.6544127464294434, "prnt": false}
{"event": "training_step", "timestamp": 1769648684.0354016, "step": 39, "max_steps": 917, "loss": 7.315521240234375, "elapsed_time": 3.739251136779785, "prnt": false}
{"event": "training_step", "timestamp": 1769648684.119972, "step": 40, "max_steps": 917, "loss": 7.323673725128174, "elapsed_time": 3.823885679244995, "prnt": false}
{"event": "training_step", "timestamp": 1769648684.2047384, "step": 41, "max_steps": 917, "loss": 7.251942157745361, "elapsed_time": 3.908607006072998, "prnt": false}
{"event": "training_step", "timestamp": 1769648684.2894506, "step": 42, "max_steps": 917, "loss": 7.227126598358154, "elapsed_time": 3.9934067726135254, "prnt": false}
{"event": "training_step", "timestamp": 1769648684.374295, "step": 43, "max_steps": 917, "loss": 7.229869365692139, "elapsed_time": 4.078212022781372, "prnt": false}
{"event": "validation_step", "timestamp": 1769648684.757402, "step": 43, "max_steps": 917, "loss": 1.558529908695436, "elapsed_time": 4.078212022781372}
{"event": "training_step", "timestamp": 1769648684.8425426, "step": 44, "max_steps": 917, "loss": 7.234798431396484, "elapsed_time": 4.546454429626465, "prnt": false}
{"event": "training_step", "timestamp": 1769648684.9272833, "step": 45, "max_steps": 917, "loss": 7.236881256103516, "elapsed_time": 4.631217002868652, "prnt": false}
{"event": "training_step", "timestamp": 1769648685.0121894, "step": 46, "max_steps": 917, "loss": 7.19986629486084, "elapsed_time": 4.7158544063568115, "prnt": false}
{"event": "training_step", "timestamp": 1769648685.0968285, "step": 47, "max_steps": 917, "loss": 7.112135887145996, "elapsed_time": 4.800887584686279, "prnt": false}
{"event": "training_step", "timestamp": 1769648685.1815014, "step": 48, "max_steps": 917, "loss": 7.261515140533447, "elapsed_time": 4.885479211807251, "prnt": false}
{"event": "training_step", "timestamp": 1769648685.265998, "step": 49, "max_steps": 917, "loss": 7.102421760559082, "elapsed_time": 4.969856023788452, "prnt": false}
{"event": "training_step", "timestamp": 1769648685.351007, "step": 50, "max_steps": 917, "loss": 7.257997035980225, "elapsed_time": 5.054549217224121, "prnt": false}
{"event": "training_step", "timestamp": 1769648685.4356484, "step": 51, "max_steps": 917, "loss": 7.153364658355713, "elapsed_time": 5.139442205429077, "prnt": false}
{"event": "training_step", "timestamp": 1769648685.5204637, "step": 52, "max_steps": 917, "loss": 7.134576320648193, "elapsed_time": 5.2242960929870605, "prnt": false}
{"event": "training_step", "timestamp": 1769648685.6052039, "step": 53, "max_steps": 917, "loss": 7.14534330368042, "elapsed_time": 5.308974027633667, "prnt": false}
{"event": "training_step", "timestamp": 1769648685.690005, "step": 54, "max_steps": 917, "loss": 7.130886077880859, "elapsed_time": 5.393804550170898, "prnt": false}
{"event": "training_step", "timestamp": 1769648685.7747838, "step": 55, "max_steps": 917, "loss": 7.09311580657959, "elapsed_time": 5.478433132171631, "prnt": false}
{"event": "training_step", "timestamp": 1769648685.859819, "step": 56, "max_steps": 917, "loss": 7.10914421081543, "elapsed_time": 5.563597202301025, "prnt": false}
{"event": "training_step", "timestamp": 1769648685.944563, "step": 57, "max_steps": 917, "loss": 7.067010879516602, "elapsed_time": 5.648327350616455, "prnt": false}
{"event": "training_step", "timestamp": 1769648686.0294785, "step": 58, "max_steps": 917, "loss": 7.110954284667969, "elapsed_time": 5.733195066452026, "prnt": false}
{"event": "training_step", "timestamp": 1769648686.1142783, "step": 59, "max_steps": 917, "loss": 7.0620269775390625, "elapsed_time": 5.818007707595825, "prnt": false}
{"event": "training_step", "timestamp": 1769648686.198986, "step": 60, "max_steps": 917, "loss": 7.091395378112793, "elapsed_time": 5.902844190597534, "prnt": false}
{"event": "training_step", "timestamp": 1769648686.2837925, "step": 61, "max_steps": 917, "loss": 7.038117408752441, "elapsed_time": 5.987481355667114, "prnt": false}
{"event": "training_step", "timestamp": 1769648686.3686476, "step": 62, "max_steps": 917, "loss": 7.120630264282227, "elapsed_time": 6.072491884231567, "prnt": false}
{"event": "training_step", "timestamp": 1769648686.4535391, "step": 63, "max_steps": 917, "loss": 7.00634765625, "elapsed_time": 6.157418251037598, "prnt": false}
{"event": "training_step", "timestamp": 1769648686.5382962, "step": 64, "max_steps": 917, "loss": 7.023605823516846, "elapsed_time": 6.242239713668823, "prnt": false}
{"event": "training_step", "timestamp": 1769648686.6230743, "step": 65, "max_steps": 917, "loss": 7.052933216094971, "elapsed_time": 6.326767444610596, "prnt": false}
{"event": "training_step", "timestamp": 1769648686.708177, "step": 66, "max_steps": 917, "loss": 7.0713629722595215, "elapsed_time": 6.41178822517395, "prnt": false}
{"event": "training_step", "timestamp": 1769648686.7929757, "step": 67, "max_steps": 917, "loss": 7.025799751281738, "elapsed_time": 6.4966139793396, "prnt": false}
{"event": "training_step", "timestamp": 1769648686.8777223, "step": 68, "max_steps": 917, "loss": 7.042934894561768, "elapsed_time": 6.581494331359863, "prnt": false}
{"event": "training_step", "timestamp": 1769648686.9625325, "step": 69, "max_steps": 917, "loss": 6.966116428375244, "elapsed_time": 6.666192293167114, "prnt": false}
{"event": "training_step", "timestamp": 1769648687.0473733, "step": 70, "max_steps": 917, "loss": 7.006595611572266, "elapsed_time": 6.751072406768799, "prnt": false}
{"event": "training_step", "timestamp": 1769648687.1322744, "step": 71, "max_steps": 917, "loss": 6.914302825927734, "elapsed_time": 6.835897445678711, "prnt": false}
{"event": "training_step", "timestamp": 1769648687.216973, "step": 72, "max_steps": 917, "loss": 6.997291088104248, "elapsed_time": 6.9209372997283936, "prnt": false}
{"event": "training_step", "timestamp": 1769648687.301803, "step": 73, "max_steps": 917, "loss": 6.950459957122803, "elapsed_time": 7.005492925643921, "prnt": false}
{"event": "training_step", "timestamp": 1769648687.3866508, "step": 74, "max_steps": 917, "loss": 7.002325057983398, "elapsed_time": 7.090402364730835, "prnt": false}
{"event": "training_step", "timestamp": 1769648687.4715962, "step": 75, "max_steps": 917, "loss": 7.008720874786377, "elapsed_time": 7.175360918045044, "prnt": false}
{"event": "training_step", "timestamp": 1769648687.5563505, "step": 76, "max_steps": 917, "loss": 6.8859663009643555, "elapsed_time": 7.260152339935303, "prnt": false}
{"event": "training_step", "timestamp": 1769648687.6411946, "step": 77, "max_steps": 917, "loss": 6.954861640930176, "elapsed_time": 7.344813585281372, "prnt": false}
{"event": "training_step", "timestamp": 1769648687.7259715, "step": 78, "max_steps": 917, "loss": 6.915143966674805, "elapsed_time": 7.429683446884155, "prnt": false}
{"event": "training_step", "timestamp": 1769648687.8109143, "step": 79, "max_steps": 917, "loss": 6.902359962463379, "elapsed_time": 7.514444828033447, "prnt": false}
{"event": "training_step", "timestamp": 1769648687.8958004, "step": 80, "max_steps": 917, "loss": 6.945121765136719, "elapsed_time": 7.599652528762817, "prnt": false}
{"event": "training_step", "timestamp": 1769648687.9806106, "step": 81, "max_steps": 917, "loss": 6.946895599365234, "elapsed_time": 7.684351921081543, "prnt": false}
{"event": "training_step", "timestamp": 1769648688.0653813, "step": 82, "max_steps": 917, "loss": 6.904866695404053, "elapsed_time": 7.769152402877808, "prnt": false}
{"event": "training_step", "timestamp": 1769648688.1504414, "step": 83, "max_steps": 917, "loss": 6.850276470184326, "elapsed_time": 7.853963613510132, "prnt": false}
{"event": "training_step", "timestamp": 1769648688.2352993, "step": 84, "max_steps": 917, "loss": 6.924671173095703, "elapsed_time": 7.939018964767456, "prnt": false}
{"event": "training_step", "timestamp": 1769648688.32001, "step": 85, "max_steps": 917, "loss": 6.920742034912109, "elapsed_time": 8.023694038391113, "prnt": false}
{"event": "training_step", "timestamp": 1769648688.4048562, "step": 86, "max_steps": 917, "loss": 6.8622565269470215, "elapsed_time": 8.108669519424438, "prnt": false}
{"event": "validation_step", "timestamp": 1769648688.7891092, "step": 86, "max_steps": 917, "loss": 1.4902121693288473, "elapsed_time": 8.108669519424438}
{"event": "training_step", "timestamp": 1769648688.8744228, "step": 87, "max_steps": 917, "loss": 6.88562536239624, "elapsed_time": 8.577890634536743, "prnt": false}
{"event": "training_step", "timestamp": 1769648688.9596267, "step": 88, "max_steps": 917, "loss": 6.909218788146973, "elapsed_time": 8.663935899734497, "prnt": false}
{"event": "training_step", "timestamp": 1769648689.0443316, "step": 89, "max_steps": 917, "loss": 6.87139892578125, "elapsed_time": 8.748147010803223, "prnt": false}
{"event": "training_step", "timestamp": 1769648689.129316, "step": 90, "max_steps": 917, "loss": 6.848046779632568, "elapsed_time": 8.832831859588623, "prnt": false}
{"event": "training_step", "timestamp": 1769648689.2140503, "step": 91, "max_steps": 917, "loss": 6.837321758270264, "elapsed_time": 8.917760372161865, "prnt": false}
{"event": "training_step", "timestamp": 1769648689.298843, "step": 92, "max_steps": 917, "loss": 6.7857208251953125, "elapsed_time": 9.002563238143921, "prnt": false}
{"event": "training_step", "timestamp": 1769648689.3833938, "step": 93, "max_steps": 917, "loss": 6.782829761505127, "elapsed_time": 9.087323188781738, "prnt": false}
{"event": "training_step", "timestamp": 1769648689.4682496, "step": 94, "max_steps": 917, "loss": 6.841964244842529, "elapsed_time": 9.17192029953003, "prnt": false}
{"event": "training_step", "timestamp": 1769648689.5530303, "step": 95, "max_steps": 917, "loss": 6.83894157409668, "elapsed_time": 9.25688648223877, "prnt": false}
{"event": "training_step", "timestamp": 1769648689.6377783, "step": 96, "max_steps": 917, "loss": 6.775600433349609, "elapsed_time": 9.341543912887573, "prnt": false}
{"event": "training_step", "timestamp": 1769648689.722506, "step": 97, "max_steps": 917, "loss": 6.804991245269775, "elapsed_time": 9.426373720169067, "prnt": false}
{"event": "training_step", "timestamp": 1769648689.8073392, "step": 98, "max_steps": 917, "loss": 6.739161014556885, "elapsed_time": 9.511132001876831, "prnt": false}
{"event": "training_step", "timestamp": 1769648689.8921177, "step": 99, "max_steps": 917, "loss": 6.792782306671143, "elapsed_time": 9.596007347106934, "prnt": false}
{"event": "training_step", "timestamp": 1769648689.9769752, "step": 100, "max_steps": 917, "loss": 6.79543399810791, "elapsed_time": 9.680779218673706, "prnt": false}
{"event": "training_step", "timestamp": 1769648690.0616927, "step": 101, "max_steps": 917, "loss": 6.807174205780029, "elapsed_time": 9.76542329788208, "prnt": false}
{"event": "training_step", "timestamp": 1769648690.1466875, "step": 102, "max_steps": 917, "loss": 6.757871150970459, "elapsed_time": 9.850289821624756, "prnt": false}
{"event": "training_step", "timestamp": 1769648690.23161, "step": 103, "max_steps": 917, "loss": 6.811788082122803, "elapsed_time": 9.935559034347534, "prnt": false}
{"event": "training_step", "timestamp": 1769648690.3165405, "step": 104, "max_steps": 917, "loss": 6.750855445861816, "elapsed_time": 10.020556688308716, "prnt": false}
{"event": "training_step", "timestamp": 1769648690.4011579, "step": 105, "max_steps": 917, "loss": 6.784555435180664, "elapsed_time": 10.105043888092041, "prnt": false}
{"event": "training_step", "timestamp": 1769648690.4862518, "step": 106, "max_steps": 917, "loss": 6.683110237121582, "elapsed_time": 10.190148830413818, "prnt": false}
{"event": "training_step", "timestamp": 1769648690.5710692, "step": 107, "max_steps": 917, "loss": 6.755561351776123, "elapsed_time": 10.27473759651184, "prnt": false}
{"event": "training_step", "timestamp": 1769648690.6558385, "step": 108, "max_steps": 917, "loss": 6.713901996612549, "elapsed_time": 10.359869718551636, "prnt": false}
{"event": "training_step", "timestamp": 1769648690.7404957, "step": 109, "max_steps": 917, "loss": 6.693657398223877, "elapsed_time": 10.444360971450806, "prnt": false}
{"event": "training_step", "timestamp": 1769648690.8255346, "step": 110, "max_steps": 917, "loss": 6.775430679321289, "elapsed_time": 10.529241561889648, "prnt": false}
{"event": "training_step", "timestamp": 1769648690.9104686, "step": 111, "max_steps": 917, "loss": 6.672822952270508, "elapsed_time": 10.614363193511963, "prnt": false}
{"event": "training_step", "timestamp": 1769648690.9953504, "step": 112, "max_steps": 917, "loss": 6.65996789932251, "elapsed_time": 10.699127197265625, "prnt": false}
{"event": "training_step", "timestamp": 1769648691.0800138, "step": 113, "max_steps": 917, "loss": 6.706597328186035, "elapsed_time": 10.783795356750488, "prnt": false}
{"event": "training_step", "timestamp": 1769648691.1651552, "step": 114, "max_steps": 917, "loss": 6.685849666595459, "elapsed_time": 10.868781805038452, "prnt": false}
{"event": "training_step", "timestamp": 1769648691.250151, "step": 115, "max_steps": 917, "loss": 6.630661964416504, "elapsed_time": 10.953585863113403, "prnt": false}
{"event": "training_step", "timestamp": 1769648691.3350363, "step": 116, "max_steps": 917, "loss": 6.7175493240356445, "elapsed_time": 11.038714170455933, "prnt": false}
{"event": "training_step", "timestamp": 1769648691.4196637, "step": 117, "max_steps": 917, "loss": 6.671990871429443, "elapsed_time": 11.12356972694397, "prnt": false}
{"event": "training_step", "timestamp": 1769648691.5046966, "step": 118, "max_steps": 917, "loss": 6.720095157623291, "elapsed_time": 11.20822286605835, "prnt": false}
{"event": "training_step", "timestamp": 1769648691.5897946, "step": 119, "max_steps": 917, "loss": 6.710423469543457, "elapsed_time": 11.293293237686157, "prnt": false}
{"event": "training_step", "timestamp": 1769648691.6747043, "step": 120, "max_steps": 917, "loss": 6.674539566040039, "elapsed_time": 11.378559350967407, "prnt": false}
{"event": "training_step", "timestamp": 1769648691.7593873, "step": 121, "max_steps": 917, "loss": 6.668673038482666, "elapsed_time": 11.463236570358276, "prnt": false}
{"event": "training_step", "timestamp": 1769648691.8444612, "step": 122, "max_steps": 917, "loss": 6.654386043548584, "elapsed_time": 11.54800820350647, "prnt": false}
{"event": "training_step", "timestamp": 1769648691.929537, "step": 123, "max_steps": 917, "loss": 6.638819217681885, "elapsed_time": 11.633081197738647, "prnt": false}
{"event": "training_step", "timestamp": 1769648692.0144167, "step": 124, "max_steps": 917, "loss": 6.591516017913818, "elapsed_time": 11.718092441558838, "prnt": false}
{"event": "training_step", "timestamp": 1769648692.0991685, "step": 125, "max_steps": 917, "loss": 6.621963977813721, "elapsed_time": 11.802867650985718, "prnt": false}
{"event": "training_step", "timestamp": 1769648692.184291, "step": 126, "max_steps": 917, "loss": 6.632786273956299, "elapsed_time": 11.887722730636597, "prnt": false}
{"event": "training_step", "timestamp": 1769648692.269307, "step": 127, "max_steps": 917, "loss": 6.642005443572998, "elapsed_time": 11.972818374633789, "prnt": false}
{"event": "training_step", "timestamp": 1769648692.354202, "step": 128, "max_steps": 917, "loss": 6.571606159210205, "elapsed_time": 12.057972192764282, "prnt": false}
{"event": "training_step", "timestamp": 1769648692.4389896, "step": 129, "max_steps": 917, "loss": 6.614965915679932, "elapsed_time": 12.143354415893555, "prnt": false}
{"event": "validation_step", "timestamp": 1769648692.8234472, "step": 129, "max_steps": 917, "loss": 1.439036768665888, "elapsed_time": 12.143354415893555}
{"event": "training_step", "timestamp": 1769648692.9089794, "step": 130, "max_steps": 917, "loss": 6.568458080291748, "elapsed_time": 12.61247992515564, "prnt": false}
{"event": "training_step", "timestamp": 1769648692.9938369, "step": 131, "max_steps": 917, "loss": 6.607840061187744, "elapsed_time": 12.6974778175354, "prnt": false}
{"event": "training_step", "timestamp": 1769648693.0790656, "step": 132, "max_steps": 917, "loss": 6.63445520401001, "elapsed_time": 12.782500982284546, "prnt": false}
{"event": "training_step", "timestamp": 1769648693.1641808, "step": 133, "max_steps": 917, "loss": 6.560122489929199, "elapsed_time": 12.867784261703491, "prnt": false}
{"event": "training_step", "timestamp": 1769648693.2493305, "step": 134, "max_steps": 917, "loss": 6.6362810134887695, "elapsed_time": 12.952783346176147, "prnt": false}
{"event": "training_step", "timestamp": 1769648693.334136, "step": 135, "max_steps": 917, "loss": 6.565334796905518, "elapsed_time": 13.037777423858643, "prnt": false}
{"event": "training_step", "timestamp": 1769648693.4192057, "step": 136, "max_steps": 917, "loss": 6.552953243255615, "elapsed_time": 13.122689962387085, "prnt": false}
{"event": "training_step", "timestamp": 1769648693.5041392, "step": 137, "max_steps": 917, "loss": 6.597867965698242, "elapsed_time": 13.207653284072876, "prnt": false}
{"event": "training_step", "timestamp": 1769648693.589293, "step": 138, "max_steps": 917, "loss": 6.587751388549805, "elapsed_time": 13.292747497558594, "prnt": false}
{"event": "training_step", "timestamp": 1769648693.6741302, "step": 139, "max_steps": 917, "loss": 6.569809436798096, "elapsed_time": 13.377692699432373, "prnt": false}
{"event": "training_step", "timestamp": 1769648693.759286, "step": 140, "max_steps": 917, "loss": 6.518301963806152, "elapsed_time": 13.462873697280884, "prnt": false}
{"event": "training_step", "timestamp": 1769648693.8442795, "step": 141, "max_steps": 917, "loss": 6.542405128479004, "elapsed_time": 13.547690868377686, "prnt": false}
{"event": "training_step", "timestamp": 1769648693.9294655, "step": 142, "max_steps": 917, "loss": 6.540374755859375, "elapsed_time": 13.632972478866577, "prnt": false}
{"event": "training_step", "timestamp": 1769648694.01438, "step": 143, "max_steps": 917, "loss": 6.518998146057129, "elapsed_time": 13.718091011047363, "prnt": false}
{"event": "training_step", "timestamp": 1769648694.099258, "step": 144, "max_steps": 917, "loss": 6.492069721221924, "elapsed_time": 13.802992820739746, "prnt": false}
{"event": "training_step", "timestamp": 1769648694.1842616, "step": 145, "max_steps": 917, "loss": 6.519491672515869, "elapsed_time": 13.887718677520752, "prnt": false}
{"event": "training_step", "timestamp": 1769648694.2694194, "step": 146, "max_steps": 917, "loss": 6.491968154907227, "elapsed_time": 13.972834348678589, "prnt": false}
{"event": "training_step", "timestamp": 1769648694.354284, "step": 147, "max_steps": 917, "loss": 6.486499309539795, "elapsed_time": 14.058029651641846, "prnt": false}
{"event": "training_step", "timestamp": 1769648694.4391599, "step": 148, "max_steps": 917, "loss": 6.542520999908447, "elapsed_time": 14.142851114273071, "prnt": false}
{"event": "training_step", "timestamp": 1769648694.5242536, "step": 149, "max_steps": 917, "loss": 6.541175365447998, "elapsed_time": 14.228119373321533, "prnt": false}
{"event": "training_step", "timestamp": 1769648694.6095104, "step": 150, "max_steps": 917, "loss": 6.552753925323486, "elapsed_time": 14.31313180923462, "prnt": false}
{"event": "training_step", "timestamp": 1769648694.6944146, "step": 151, "max_steps": 917, "loss": 6.58322811126709, "elapsed_time": 14.398036479949951, "prnt": false}
{"event": "training_step", "timestamp": 1769648694.7792244, "step": 152, "max_steps": 917, "loss": 6.52703857421875, "elapsed_time": 14.483089685440063, "prnt": false}
{"event": "training_step", "timestamp": 1769648694.8642802, "step": 153, "max_steps": 917, "loss": 6.546227931976318, "elapsed_time": 14.567778825759888, "prnt": false}
{"event": "training_step", "timestamp": 1769648694.9493418, "step": 154, "max_steps": 917, "loss": 6.483502388000488, "elapsed_time": 14.652878999710083, "prnt": false}
{"event": "training_step", "timestamp": 1769648695.0341742, "step": 155, "max_steps": 917, "loss": 6.485671043395996, "elapsed_time": 14.737883806228638, "prnt": false}
{"event": "training_step", "timestamp": 1769648695.118978, "step": 156, "max_steps": 917, "loss": 6.483780860900879, "elapsed_time": 14.822696924209595, "prnt": false}
{"event": "training_step", "timestamp": 1769648695.2040625, "step": 157, "max_steps": 917, "loss": 6.483654499053955, "elapsed_time": 14.907656908035278, "prnt": false}
{"event": "training_step", "timestamp": 1769648695.2892923, "step": 158, "max_steps": 917, "loss": 6.475287914276123, "elapsed_time": 14.992645263671875, "prnt": false}
{"event": "training_step", "timestamp": 1769648695.3742037, "step": 159, "max_steps": 917, "loss": 6.463721752166748, "elapsed_time": 15.077958822250366, "prnt": false}
{"event": "training_step", "timestamp": 1769648695.4590566, "step": 160, "max_steps": 917, "loss": 6.450164318084717, "elapsed_time": 15.162771224975586, "prnt": false}
{"event": "training_step", "timestamp": 1769648695.5440636, "step": 161, "max_steps": 917, "loss": 6.489786148071289, "elapsed_time": 15.24762487411499, "prnt": false}
{"event": "training_step", "timestamp": 1769648695.629159, "step": 162, "max_steps": 917, "loss": 6.465381622314453, "elapsed_time": 15.332772016525269, "prnt": false}
{"event": "training_step", "timestamp": 1769648695.7140307, "step": 163, "max_steps": 917, "loss": 6.425171852111816, "elapsed_time": 15.417643785476685, "prnt": false}
{"event": "training_step", "timestamp": 1769648695.7989542, "step": 164, "max_steps": 917, "loss": 6.4972758293151855, "elapsed_time": 15.50297212600708, "prnt": false}
{"event": "training_step", "timestamp": 1769648695.8839886, "step": 165, "max_steps": 917, "loss": 6.4963178634643555, "elapsed_time": 15.587443351745605, "prnt": false}
{"event": "training_step", "timestamp": 1769648695.969092, "step": 166, "max_steps": 917, "loss": 6.370222568511963, "elapsed_time": 15.672773122787476, "prnt": false}
{"event": "training_step", "timestamp": 1769648696.0539794, "step": 167, "max_steps": 917, "loss": 6.363046169281006, "elapsed_time": 15.757633686065674, "prnt": false}
{"event": "training_step", "timestamp": 1769648696.1388836, "step": 168, "max_steps": 917, "loss": 6.453433513641357, "elapsed_time": 15.842498064041138, "prnt": false}
{"event": "training_step", "timestamp": 1769648696.2239184, "step": 169, "max_steps": 917, "loss": 6.4670023918151855, "elapsed_time": 15.927326440811157, "prnt": false}
{"event": "training_step", "timestamp": 1769648696.3091166, "step": 170, "max_steps": 917, "loss": 6.401213645935059, "elapsed_time": 16.012605667114258, "prnt": false}
{"event": "training_step", "timestamp": 1769648696.394123, "step": 171, "max_steps": 917, "loss": 6.445095062255859, "elapsed_time": 16.09760856628418, "prnt": false}
{"event": "training_step", "timestamp": 1769648696.4791808, "step": 172, "max_steps": 917, "loss": 6.425610542297363, "elapsed_time": 16.183045864105225, "prnt": false}
{"event": "validation_step", "timestamp": 1769648696.8643043, "step": 172, "max_steps": 917, "loss": 1.4066859693906248, "elapsed_time": 16.183045864105225}
{"event": "training_step", "timestamp": 1769648696.949705, "step": 173, "max_steps": 917, "loss": 6.424973964691162, "elapsed_time": 16.65328359603882, "prnt": false}
{"event": "training_step", "timestamp": 1769648697.034743, "step": 174, "max_steps": 917, "loss": 6.445672035217285, "elapsed_time": 16.738463401794434, "prnt": false}
{"event": "training_step", "timestamp": 1769648697.1196334, "step": 175, "max_steps": 917, "loss": 6.391450881958008, "elapsed_time": 16.823188543319702, "prnt": false}
{"event": "training_step", "timestamp": 1769648697.2047753, "step": 176, "max_steps": 917, "loss": 6.4380927085876465, "elapsed_time": 16.908228397369385, "prnt": false}
{"event": "training_step", "timestamp": 1769648697.2897968, "step": 177, "max_steps": 917, "loss": 6.356854438781738, "elapsed_time": 16.993279218673706, "prnt": false}
{"event": "training_step", "timestamp": 1769648697.3748674, "step": 178, "max_steps": 917, "loss": 6.387248992919922, "elapsed_time": 17.07833480834961, "prnt": false}
{"event": "training_step", "timestamp": 1769648697.4598663, "step": 179, "max_steps": 917, "loss": 6.353568077087402, "elapsed_time": 17.1633358001709, "prnt": false}
{"event": "training_step", "timestamp": 1769648697.5450919, "step": 180, "max_steps": 917, "loss": 6.387001037597656, "elapsed_time": 17.24846863746643, "prnt": false}
{"event": "training_step", "timestamp": 1769648697.6302056, "step": 181, "max_steps": 917, "loss": 6.3470845222473145, "elapsed_time": 17.3336021900177, "prnt": false}
{"event": "training_step", "timestamp": 1769648697.7152767, "step": 182, "max_steps": 917, "loss": 6.362583160400391, "elapsed_time": 17.41874647140503, "prnt": false}
{"event": "training_step", "timestamp": 1769648697.800363, "step": 183, "max_steps": 917, "loss": 6.316738605499268, "elapsed_time": 17.503965139389038, "prnt": false}
{"event": "training_step", "timestamp": 1769648697.8854933, "step": 184, "max_steps": 917, "loss": 6.3216233253479, "elapsed_time": 17.58884596824646, "prnt": false}
{"event": "training_step", "timestamp": 1769648697.9704936, "step": 185, "max_steps": 917, "loss": 6.404042720794678, "elapsed_time": 17.67401671409607, "prnt": false}
{"event": "training_step", "timestamp": 1769648698.055563, "step": 186, "max_steps": 917, "loss": 6.334301471710205, "elapsed_time": 17.75906467437744, "prnt": false}
{"event": "training_step", "timestamp": 1769648698.1404834, "step": 187, "max_steps": 917, "loss": 6.335415840148926, "elapsed_time": 17.843997478485107, "prnt": false}
{"event": "training_step", "timestamp": 1769648698.2257297, "step": 188, "max_steps": 917, "loss": 6.367395401000977, "elapsed_time": 17.92916178703308, "prnt": false}
{"event": "training_step", "timestamp": 1769648698.3107662, "step": 189, "max_steps": 917, "loss": 6.351502895355225, "elapsed_time": 18.014190912246704, "prnt": false}
{"event": "training_step", "timestamp": 1769648698.3958688, "step": 190, "max_steps": 917, "loss": 6.254866123199463, "elapsed_time": 18.09958291053772, "prnt": false}
{"event": "training_step", "timestamp": 1769648698.4808693, "step": 191, "max_steps": 917, "loss": 6.323394775390625, "elapsed_time": 18.184332847595215, "prnt": false}
{"event": "training_step", "timestamp": 1769648698.5662618, "step": 192, "max_steps": 917, "loss": 6.290368556976318, "elapsed_time": 18.269978284835815, "prnt": false}
{"event": "training_step", "timestamp": 1769648698.6512642, "step": 193, "max_steps": 917, "loss": 6.330818176269531, "elapsed_time": 18.35474967956543, "prnt": false}
{"event": "training_step", "timestamp": 1769648698.7363591, "step": 194, "max_steps": 917, "loss": 6.276942253112793, "elapsed_time": 18.439811944961548, "prnt": false}
{"event": "training_step", "timestamp": 1769648698.8214293, "step": 195, "max_steps": 917, "loss": 6.41878604888916, "elapsed_time": 18.52485966682434, "prnt": false}
{"event": "training_step", "timestamp": 1769648698.906688, "step": 196, "max_steps": 917, "loss": 6.3720316886901855, "elapsed_time": 18.610000371932983, "prnt": false}
{"event": "training_step", "timestamp": 1769648698.991598, "step": 197, "max_steps": 917, "loss": 6.320091724395752, "elapsed_time": 18.695375204086304, "prnt": false}
{"event": "training_step", "timestamp": 1769648699.076613, "step": 198, "max_steps": 917, "loss": 6.3307952880859375, "elapsed_time": 18.78015112876892, "prnt": false}
{"event": "training_step", "timestamp": 1769648699.1616828, "step": 199, "max_steps": 917, "loss": 6.291050910949707, "elapsed_time": 18.86506152153015, "prnt": false}
{"event": "training_step", "timestamp": 1769648699.2469466, "step": 200, "max_steps": 917, "loss": 6.303661346435547, "elapsed_time": 18.950313806533813, "prnt": false}
{"event": "training_step", "timestamp": 1769648699.3319225, "step": 201, "max_steps": 917, "loss": 6.269880294799805, "elapsed_time": 19.035419940948486, "prnt": false}
{"event": "training_step", "timestamp": 1769648699.417115, "step": 202, "max_steps": 917, "loss": 6.274794101715088, "elapsed_time": 19.120693922042847, "prnt": false}
{"event": "training_step", "timestamp": 1769648699.5021322, "step": 203, "max_steps": 917, "loss": 6.253881931304932, "elapsed_time": 19.20550537109375, "prnt": false}
{"event": "training_step", "timestamp": 1769648699.58743, "step": 204, "max_steps": 917, "loss": 6.315423011779785, "elapsed_time": 19.29092764854431, "prnt": false}
{"event": "training_step", "timestamp": 1769648699.672443, "step": 205, "max_steps": 917, "loss": 6.309598922729492, "elapsed_time": 19.375885248184204, "prnt": false}
{"event": "training_step", "timestamp": 1769648699.7576103, "step": 206, "max_steps": 917, "loss": 6.355617523193359, "elapsed_time": 19.46110725402832, "prnt": false}
{"event": "training_step", "timestamp": 1769648699.842814, "step": 207, "max_steps": 917, "loss": 6.306916236877441, "elapsed_time": 19.54631495475769, "prnt": false}
{"event": "training_step", "timestamp": 1769648699.928093, "step": 208, "max_steps": 917, "loss": 6.3019890785217285, "elapsed_time": 19.63143563270569, "prnt": false}
{"event": "training_step", "timestamp": 1769648700.013408, "step": 209, "max_steps": 917, "loss": 6.370371341705322, "elapsed_time": 19.71654486656189, "prnt": false}
{"event": "training_step", "timestamp": 1769648700.0986586, "step": 210, "max_steps": 917, "loss": 6.304117679595947, "elapsed_time": 19.802147388458252, "prnt": false}
{"event": "training_step", "timestamp": 1769648700.1836534, "step": 211, "max_steps": 917, "loss": 6.277897357940674, "elapsed_time": 19.887145280838013, "prnt": false}
{"event": "training_step", "timestamp": 1769648700.2686954, "step": 212, "max_steps": 917, "loss": 6.288177967071533, "elapsed_time": 19.972167253494263, "prnt": false}
{"event": "training_step", "timestamp": 1769648700.3537025, "step": 213, "max_steps": 917, "loss": 6.412582874298096, "elapsed_time": 20.057037591934204, "prnt": false}
{"event": "training_step", "timestamp": 1769648700.4389293, "step": 214, "max_steps": 917, "loss": 6.27958869934082, "elapsed_time": 20.142266511917114, "prnt": false}
{"event": "training_step", "timestamp": 1769648700.524252, "step": 215, "max_steps": 917, "loss": 6.257374286651611, "elapsed_time": 20.22796058654785, "prnt": false}
{"event": "validation_step", "timestamp": 1769648700.9097636, "step": 215, "max_steps": 917, "loss": 1.3814877032141157, "elapsed_time": 20.22796058654785}
{"event": "training_step", "timestamp": 1769648700.9956465, "step": 216, "max_steps": 917, "loss": 6.259957790374756, "elapsed_time": 20.699031591415405, "prnt": false}
{"event": "training_step", "timestamp": 1769648701.0811055, "step": 217, "max_steps": 917, "loss": 6.321873188018799, "elapsed_time": 20.78426480293274, "prnt": false}
{"event": "training_step", "timestamp": 1769648701.1664057, "step": 218, "max_steps": 917, "loss": 6.2737321853637695, "elapsed_time": 20.869582891464233, "prnt": false}
{"event": "training_step", "timestamp": 1769648701.2515397, "step": 219, "max_steps": 917, "loss": 6.325372219085693, "elapsed_time": 20.954972982406616, "prnt": false}
{"event": "training_step", "timestamp": 1769648701.3367603, "step": 220, "max_steps": 917, "loss": 6.2811408042907715, "elapsed_time": 21.04011869430542, "prnt": false}
{"event": "training_step", "timestamp": 1769648701.422031, "step": 221, "max_steps": 917, "loss": 6.276671409606934, "elapsed_time": 21.125375986099243, "prnt": false}
{"event": "training_step", "timestamp": 1769648701.5073707, "step": 222, "max_steps": 917, "loss": 6.26598596572876, "elapsed_time": 21.210525035858154, "prnt": false}
{"event": "training_step", "timestamp": 1769648701.5924084, "step": 223, "max_steps": 917, "loss": 6.2393693923950195, "elapsed_time": 21.295782804489136, "prnt": false}
{"event": "training_step", "timestamp": 1769648701.6775336, "step": 224, "max_steps": 917, "loss": 6.239510536193848, "elapsed_time": 21.3809654712677, "prnt": false}
{"event": "training_step", "timestamp": 1769648701.7626915, "step": 225, "max_steps": 917, "loss": 6.270103931427002, "elapsed_time": 21.46617102622986, "prnt": false}
{"event": "training_step", "timestamp": 1769648701.8482902, "step": 226, "max_steps": 917, "loss": 6.2317304611206055, "elapsed_time": 21.55243682861328, "prnt": false}
{"event": "training_step", "timestamp": 1769648701.933334, "step": 227, "max_steps": 917, "loss": 6.258743762969971, "elapsed_time": 21.636866569519043, "prnt": false}
{"event": "training_step", "timestamp": 1769648702.0185645, "step": 228, "max_steps": 917, "loss": 6.239475727081299, "elapsed_time": 21.72217583656311, "prnt": false}
{"event": "training_step", "timestamp": 1769648702.1038146, "step": 229, "max_steps": 917, "loss": 6.2419328689575195, "elapsed_time": 21.80701208114624, "prnt": false}
{"event": "training_step", "timestamp": 1769648702.1891167, "step": 230, "max_steps": 917, "loss": 6.196859836578369, "elapsed_time": 21.892417192459106, "prnt": false}
{"event": "training_step", "timestamp": 1769648702.2742076, "step": 231, "max_steps": 917, "loss": 6.207472801208496, "elapsed_time": 21.97766351699829, "prnt": false}
{"event": "training_step", "timestamp": 1769648702.3596778, "step": 232, "max_steps": 917, "loss": 6.197366237640381, "elapsed_time": 22.062838554382324, "prnt": false}
{"event": "training_step", "timestamp": 1769648702.4453804, "step": 233, "max_steps": 917, "loss": 6.169799327850342, "elapsed_time": 22.14926767349243, "prnt": false}
{"event": "training_step", "timestamp": 1769648702.5304642, "step": 234, "max_steps": 917, "loss": 6.167245864868164, "elapsed_time": 22.23421287536621, "prnt": false}
{"event": "training_step", "timestamp": 1769648702.6155374, "step": 235, "max_steps": 917, "loss": 6.176077365875244, "elapsed_time": 22.31923270225525, "prnt": false}
{"event": "training_step", "timestamp": 1769648702.70088, "step": 236, "max_steps": 917, "loss": 6.218670845031738, "elapsed_time": 22.404207468032837, "prnt": false}
{"event": "training_step", "timestamp": 1769648702.786084, "step": 237, "max_steps": 917, "loss": 6.120180606842041, "elapsed_time": 22.489377975463867, "prnt": false}
{"event": "training_step", "timestamp": 1769648702.871101, "step": 238, "max_steps": 917, "loss": 6.2117767333984375, "elapsed_time": 22.574663162231445, "prnt": false}
{"event": "training_step", "timestamp": 1769648702.9560838, "step": 239, "max_steps": 917, "loss": 6.181034088134766, "elapsed_time": 22.659510135650635, "prnt": false}
{"event": "training_step", "timestamp": 1769648703.0411053, "step": 240, "max_steps": 917, "loss": 6.145384788513184, "elapsed_time": 22.74466323852539, "prnt": false}
{"event": "training_step", "timestamp": 1769648703.1262984, "step": 241, "max_steps": 917, "loss": 6.251089096069336, "elapsed_time": 22.829522609710693, "prnt": false}
{"event": "training_step", "timestamp": 1769648703.2115169, "step": 242, "max_steps": 917, "loss": 6.274712085723877, "elapsed_time": 22.915160655975342, "prnt": false}
{"event": "training_step", "timestamp": 1769648703.2964895, "step": 243, "max_steps": 917, "loss": 6.146751403808594, "elapsed_time": 23.0000262260437, "prnt": false}
{"event": "training_step", "timestamp": 1769648703.3817377, "step": 244, "max_steps": 917, "loss": 6.098779201507568, "elapsed_time": 23.085066080093384, "prnt": false}
{"event": "training_step", "timestamp": 1769648703.466963, "step": 245, "max_steps": 917, "loss": 6.201610565185547, "elapsed_time": 23.1702983379364, "prnt": false}
{"event": "training_step", "timestamp": 1769648703.5520158, "step": 246, "max_steps": 917, "loss": 6.199821949005127, "elapsed_time": 23.255533933639526, "prnt": false}
{"event": "training_step", "timestamp": 1769648703.6369479, "step": 247, "max_steps": 917, "loss": 6.1541547775268555, "elapsed_time": 23.340481758117676, "prnt": false}
{"event": "training_step", "timestamp": 1769648703.7222452, "step": 248, "max_steps": 917, "loss": 6.180758476257324, "elapsed_time": 23.426224946975708, "prnt": false}
{"event": "training_step", "timestamp": 1769648703.8072581, "step": 249, "max_steps": 917, "loss": 6.137611389160156, "elapsed_time": 23.510770320892334, "prnt": false}
{"event": "training_step", "timestamp": 1769648703.8923085, "step": 250, "max_steps": 917, "loss": 6.182855606079102, "elapsed_time": 23.596030950546265, "prnt": false}
{"event": "training_step", "timestamp": 1769648703.9772606, "step": 251, "max_steps": 917, "loss": 6.1544389724731445, "elapsed_time": 23.68073344230652, "prnt": false}
{"event": "training_step", "timestamp": 1769648704.0624223, "step": 252, "max_steps": 917, "loss": 6.142405986785889, "elapsed_time": 23.765883207321167, "prnt": false}
{"event": "training_step", "timestamp": 1769648704.147431, "step": 253, "max_steps": 917, "loss": 6.085273742675781, "elapsed_time": 23.85084104537964, "prnt": false}
{"event": "training_step", "timestamp": 1769648704.2325451, "step": 254, "max_steps": 917, "loss": 6.177337169647217, "elapsed_time": 23.936199426651, "prnt": false}
{"event": "training_step", "timestamp": 1769648704.317518, "step": 255, "max_steps": 917, "loss": 6.120437145233154, "elapsed_time": 24.02102828025818, "prnt": false}
{"event": "training_step", "timestamp": 1769648704.4026272, "step": 256, "max_steps": 917, "loss": 6.169581413269043, "elapsed_time": 24.106101274490356, "prnt": false}
{"event": "training_step", "timestamp": 1769648704.4877205, "step": 257, "max_steps": 917, "loss": 6.125042915344238, "elapsed_time": 24.191081285476685, "prnt": false}
{"event": "training_step", "timestamp": 1769648704.5730848, "step": 258, "max_steps": 917, "loss": 6.1676554679870605, "elapsed_time": 24.27701449394226, "prnt": false}
{"event": "validation_step", "timestamp": 1769648704.9590156, "step": 258, "max_steps": 917, "loss": 1.3630188319910719, "elapsed_time": 24.27701449394226}
{"event": "training_step", "timestamp": 1769648705.0446694, "step": 259, "max_steps": 917, "loss": 6.070448875427246, "elapsed_time": 24.74797010421753, "prnt": false}
{"event": "training_step", "timestamp": 1769648705.129782, "step": 260, "max_steps": 917, "loss": 6.129914283752441, "elapsed_time": 24.833234548568726, "prnt": false}
{"event": "training_step", "timestamp": 1769648705.2149663, "step": 261, "max_steps": 917, "loss": 6.174694538116455, "elapsed_time": 24.918227195739746, "prnt": false}
{"event": "training_step", "timestamp": 1769648705.3001704, "step": 262, "max_steps": 917, "loss": 6.121313095092773, "elapsed_time": 25.003562211990356, "prnt": false}
{"event": "training_step", "timestamp": 1769648705.3855014, "step": 263, "max_steps": 917, "loss": 6.140173435211182, "elapsed_time": 25.08878779411316, "prnt": false}
{"event": "training_step", "timestamp": 1769648705.4705427, "step": 264, "max_steps": 917, "loss": 6.112515449523926, "elapsed_time": 25.174039363861084, "prnt": false}
{"event": "training_step", "timestamp": 1769648705.5558522, "step": 265, "max_steps": 917, "loss": 6.174378395080566, "elapsed_time": 25.259109020233154, "prnt": false}
{"event": "training_step", "timestamp": 1769648705.6409576, "step": 266, "max_steps": 917, "loss": 6.105695724487305, "elapsed_time": 25.34433627128601, "prnt": false}
{"event": "training_step", "timestamp": 1769648705.726399, "step": 267, "max_steps": 917, "loss": 6.034917831420898, "elapsed_time": 25.429583072662354, "prnt": false}
{"event": "training_step", "timestamp": 1769648705.8115425, "step": 268, "max_steps": 917, "loss": 6.127129077911377, "elapsed_time": 25.51487112045288, "prnt": false}
{"event": "training_step", "timestamp": 1769648705.8967423, "step": 269, "max_steps": 917, "loss": 6.210902214050293, "elapsed_time": 25.600140810012817, "prnt": false}
{"event": "training_step", "timestamp": 1769648705.9818327, "step": 270, "max_steps": 917, "loss": 6.138296604156494, "elapsed_time": 25.68527054786682, "prnt": false}
{"event": "training_step", "timestamp": 1769648706.0670114, "step": 271, "max_steps": 917, "loss": 6.114009380340576, "elapsed_time": 25.77049684524536, "prnt": false}
{"event": "training_step", "timestamp": 1769648706.1520967, "step": 272, "max_steps": 917, "loss": 6.128776550292969, "elapsed_time": 25.85560441017151, "prnt": false}
{"event": "training_step", "timestamp": 1769648706.237296, "step": 273, "max_steps": 917, "loss": 6.089871406555176, "elapsed_time": 25.94068717956543, "prnt": false}
{"event": "training_step", "timestamp": 1769648706.322581, "step": 274, "max_steps": 917, "loss": 6.11639404296875, "elapsed_time": 26.025816679000854, "prnt": false}
{"event": "training_step", "timestamp": 1769648706.4078496, "step": 275, "max_steps": 917, "loss": 6.112900733947754, "elapsed_time": 26.111169815063477, "prnt": false}
{"event": "training_step", "timestamp": 1769648706.4930007, "step": 276, "max_steps": 917, "loss": 6.104710102081299, "elapsed_time": 26.19632863998413, "prnt": false}
{"event": "training_step", "timestamp": 1769648706.5783978, "step": 277, "max_steps": 917, "loss": 6.085521221160889, "elapsed_time": 26.28225040435791, "prnt": false}
{"event": "training_step", "timestamp": 1769648706.6636767, "step": 278, "max_steps": 917, "loss": 6.05543327331543, "elapsed_time": 26.367193937301636, "prnt": false}
{"event": "training_step", "timestamp": 1769648706.7488513, "step": 279, "max_steps": 917, "loss": 6.138095378875732, "elapsed_time": 26.452226638793945, "prnt": false}
{"event": "training_step", "timestamp": 1769648706.8339813, "step": 280, "max_steps": 917, "loss": 6.039636135101318, "elapsed_time": 26.537344694137573, "prnt": false}
{"event": "training_step", "timestamp": 1769648706.9193492, "step": 281, "max_steps": 917, "loss": 6.089692115783691, "elapsed_time": 26.62256956100464, "prnt": false}
{"event": "training_step", "timestamp": 1769648707.0046566, "step": 282, "max_steps": 917, "loss": 6.139649868011475, "elapsed_time": 26.70781183242798, "prnt": false}
{"event": "training_step", "timestamp": 1769648707.0898764, "step": 283, "max_steps": 917, "loss": 6.082512855529785, "elapsed_time": 26.79311490058899, "prnt": false}
{"event": "training_step", "timestamp": 1769648707.175049, "step": 284, "max_steps": 917, "loss": 6.055426597595215, "elapsed_time": 26.87830686569214, "prnt": false}
{"event": "training_step", "timestamp": 1769648707.2602527, "step": 285, "max_steps": 917, "loss": 5.974681377410889, "elapsed_time": 26.96360969543457, "prnt": false}
{"event": "training_step", "timestamp": 1769648707.345572, "step": 286, "max_steps": 917, "loss": 6.083507537841797, "elapsed_time": 27.048755645751953, "prnt": false}
{"event": "training_step", "timestamp": 1769648707.4307408, "step": 287, "max_steps": 917, "loss": 5.9950270652771, "elapsed_time": 27.134154081344604, "prnt": false}
{"event": "training_step", "timestamp": 1769648707.5159023, "step": 288, "max_steps": 917, "loss": 6.078404426574707, "elapsed_time": 27.219311714172363, "prnt": false}
{"event": "training_step", "timestamp": 1769648707.6010575, "step": 289, "max_steps": 917, "loss": 6.0932698249816895, "elapsed_time": 27.30437183380127, "prnt": false}
{"event": "training_step", "timestamp": 1769648707.686385, "step": 290, "max_steps": 917, "loss": 6.094202995300293, "elapsed_time": 27.38976502418518, "prnt": false}
{"event": "training_step", "timestamp": 1769648707.7714548, "step": 291, "max_steps": 917, "loss": 6.049917221069336, "elapsed_time": 27.475008249282837, "prnt": false}
{"event": "training_step", "timestamp": 1769648707.8567665, "step": 292, "max_steps": 917, "loss": 6.020350933074951, "elapsed_time": 27.559861183166504, "prnt": false}
{"event": "training_step", "timestamp": 1769648707.942182, "step": 293, "max_steps": 917, "loss": 6.032428741455078, "elapsed_time": 27.64561653137207, "prnt": false}
{"event": "training_step", "timestamp": 1769648708.0274954, "step": 294, "max_steps": 917, "loss": 6.142249584197998, "elapsed_time": 27.730603218078613, "prnt": false}
{"event": "training_step", "timestamp": 1769648708.11272, "step": 295, "max_steps": 917, "loss": 5.979297637939453, "elapsed_time": 27.81622815132141, "prnt": false}
{"event": "training_step", "timestamp": 1769648708.1979353, "step": 296, "max_steps": 917, "loss": 6.034978866577148, "elapsed_time": 27.90118145942688, "prnt": false}
{"event": "training_step", "timestamp": 1769648708.2834673, "step": 297, "max_steps": 917, "loss": 6.079376220703125, "elapsed_time": 27.986759185791016, "prnt": false}
{"event": "training_step", "timestamp": 1769648708.368587, "step": 298, "max_steps": 917, "loss": 6.069164752960205, "elapsed_time": 28.07193875312805, "prnt": false}
{"event": "training_step", "timestamp": 1769648708.4538207, "step": 299, "max_steps": 917, "loss": 5.996025562286377, "elapsed_time": 28.157291889190674, "prnt": false}
{"event": "training_step", "timestamp": 1769648708.5391176, "step": 300, "max_steps": 917, "loss": 6.051388263702393, "elapsed_time": 28.242342472076416, "prnt": false}
{"event": "training_step", "timestamp": 1769648708.6246226, "step": 301, "max_steps": 917, "loss": 5.937685489654541, "elapsed_time": 28.32823395729065, "prnt": false}
{"event": "validation_step", "timestamp": 1769648709.0106547, "step": 301, "max_steps": 917, "loss": 1.3475839277695805, "elapsed_time": 28.32823395729065}
{"event": "training_step", "timestamp": 1769648709.0963125, "step": 302, "max_steps": 917, "loss": 6.023762226104736, "elapsed_time": 28.799410104751587, "prnt": false}
{"event": "training_step", "timestamp": 1769648709.1817832, "step": 303, "max_steps": 917, "loss": 6.070619583129883, "elapsed_time": 28.884998321533203, "prnt": false}
{"event": "training_step", "timestamp": 1769648709.2671723, "step": 304, "max_steps": 917, "loss": 5.9932098388671875, "elapsed_time": 28.97023606300354, "prnt": false}
{"event": "training_step", "timestamp": 1769648709.3524766, "step": 305, "max_steps": 917, "loss": 6.014779567718506, "elapsed_time": 29.05584692955017, "prnt": false}
{"event": "training_step", "timestamp": 1769648709.437733, "step": 306, "max_steps": 917, "loss": 6.045588970184326, "elapsed_time": 29.140852212905884, "prnt": false}
{"event": "training_step", "timestamp": 1769648709.5232463, "step": 307, "max_steps": 917, "loss": 5.9760870933532715, "elapsed_time": 29.226405143737793, "prnt": false}
{"event": "training_step", "timestamp": 1769648709.608386, "step": 308, "max_steps": 917, "loss": 5.99328088760376, "elapsed_time": 29.311787366867065, "prnt": false}
{"event": "training_step", "timestamp": 1769648709.6936188, "step": 309, "max_steps": 917, "loss": 6.041048049926758, "elapsed_time": 29.396931171417236, "prnt": false}
{"event": "training_step", "timestamp": 1769648709.779065, "step": 310, "max_steps": 917, "loss": 5.97079610824585, "elapsed_time": 29.482398509979248, "prnt": false}
{"event": "training_step", "timestamp": 1769648709.8645942, "step": 311, "max_steps": 917, "loss": 6.026644706726074, "elapsed_time": 29.56795907020569, "prnt": false}
{"event": "training_step", "timestamp": 1769648709.9497926, "step": 312, "max_steps": 917, "loss": 6.0387749671936035, "elapsed_time": 29.65330147743225, "prnt": false}
{"event": "training_step", "timestamp": 1769648710.0350273, "step": 313, "max_steps": 917, "loss": 6.056282997131348, "elapsed_time": 29.738396406173706, "prnt": false}
{"event": "training_step", "timestamp": 1769648710.1202319, "step": 314, "max_steps": 917, "loss": 5.9894537925720215, "elapsed_time": 29.823752880096436, "prnt": false}
{"event": "training_step", "timestamp": 1769648710.2055852, "step": 315, "max_steps": 917, "loss": 6.005982875823975, "elapsed_time": 29.90878176689148, "prnt": false}
{"event": "training_step", "timestamp": 1769648710.290802, "step": 316, "max_steps": 917, "loss": 5.994998455047607, "elapsed_time": 29.994214057922363, "prnt": false}
{"event": "training_step", "timestamp": 1769648710.3761132, "step": 317, "max_steps": 917, "loss": 6.015748500823975, "elapsed_time": 30.07943320274353, "prnt": false}
{"event": "training_step", "timestamp": 1769648710.4615066, "step": 318, "max_steps": 917, "loss": 6.029414653778076, "elapsed_time": 30.164531707763672, "prnt": false}
{"event": "training_step", "timestamp": 1769648710.5470512, "step": 319, "max_steps": 917, "loss": 5.9713134765625, "elapsed_time": 30.250261306762695, "prnt": false}
{"event": "training_step", "timestamp": 1769648710.6325073, "step": 320, "max_steps": 917, "loss": 5.96445369720459, "elapsed_time": 30.336342096328735, "prnt": false}
{"event": "training_step", "timestamp": 1769648710.7178996, "step": 321, "max_steps": 917, "loss": 5.932936668395996, "elapsed_time": 30.42131280899048, "prnt": false}
{"event": "training_step", "timestamp": 1769648710.8033242, "step": 322, "max_steps": 917, "loss": 5.9613871574401855, "elapsed_time": 30.50655698776245, "prnt": false}
{"event": "training_step", "timestamp": 1769648710.888616, "step": 323, "max_steps": 917, "loss": 5.948529243469238, "elapsed_time": 30.59196186065674, "prnt": false}
{"event": "training_step", "timestamp": 1769648710.9738038, "step": 324, "max_steps": 917, "loss": 5.928180694580078, "elapsed_time": 30.6771399974823, "prnt": false}
{"event": "training_step", "timestamp": 1769648711.0592554, "step": 325, "max_steps": 917, "loss": 5.988073825836182, "elapsed_time": 30.76241183280945, "prnt": false}
{"event": "training_step", "timestamp": 1769648711.1446574, "step": 326, "max_steps": 917, "loss": 6.021147727966309, "elapsed_time": 30.847888469696045, "prnt": false}
{"event": "training_step", "timestamp": 1769648711.229993, "step": 327, "max_steps": 917, "loss": 5.9202423095703125, "elapsed_time": 30.933313369750977, "prnt": false}
{"event": "training_step", "timestamp": 1769648711.3151948, "step": 328, "max_steps": 917, "loss": 6.00180196762085, "elapsed_time": 31.018474102020264, "prnt": false}
{"event": "training_step", "timestamp": 1769648711.400655, "step": 329, "max_steps": 917, "loss": 5.966616630554199, "elapsed_time": 31.103757619857788, "prnt": false}
{"event": "training_step", "timestamp": 1769648711.486051, "step": 330, "max_steps": 917, "loss": 5.9763898849487305, "elapsed_time": 31.189117670059204, "prnt": false}
{"event": "training_step", "timestamp": 1769648711.5713053, "step": 331, "max_steps": 917, "loss": 5.968124866485596, "elapsed_time": 31.27452778816223, "prnt": false}
{"event": "training_step", "timestamp": 1769648711.656579, "step": 332, "max_steps": 917, "loss": 6.050793170928955, "elapsed_time": 31.359737157821655, "prnt": false}
{"event": "training_step", "timestamp": 1769648711.7424839, "step": 333, "max_steps": 917, "loss": 5.970699787139893, "elapsed_time": 31.446298122406006, "prnt": false}
{"event": "training_step", "timestamp": 1769648711.8281097, "step": 334, "max_steps": 917, "loss": 5.974254131317139, "elapsed_time": 31.53237009048462, "prnt": false}
{"event": "training_step", "timestamp": 1769648711.9138002, "step": 335, "max_steps": 917, "loss": 5.972459316253662, "elapsed_time": 31.61754846572876, "prnt": false}
{"event": "training_step", "timestamp": 1769648711.9992695, "step": 336, "max_steps": 917, "loss": 5.943507194519043, "elapsed_time": 31.702985286712646, "prnt": false}
{"event": "training_step", "timestamp": 1769648712.0849838, "step": 337, "max_steps": 917, "loss": 5.88197135925293, "elapsed_time": 31.788498401641846, "prnt": false}
{"event": "training_step", "timestamp": 1769648712.170346, "step": 338, "max_steps": 917, "loss": 5.843465328216553, "elapsed_time": 31.87384009361267, "prnt": false}
{"event": "training_step", "timestamp": 1769648712.2560744, "step": 339, "max_steps": 917, "loss": 5.944751739501953, "elapsed_time": 31.95984721183777, "prnt": false}
{"event": "training_step", "timestamp": 1769648712.3416955, "step": 340, "max_steps": 917, "loss": 5.970137119293213, "elapsed_time": 32.0450963973999, "prnt": false}
{"event": "training_step", "timestamp": 1769648712.428135, "step": 341, "max_steps": 917, "loss": 5.978531837463379, "elapsed_time": 32.1350314617157, "prnt": false}
{"event": "training_step", "timestamp": 1769648712.5144417, "step": 342, "max_steps": 917, "loss": 5.964561939239502, "elapsed_time": 32.22152662277222, "prnt": false}
{"event": "training_step", "timestamp": 1769648712.60003, "step": 343, "max_steps": 917, "loss": 5.965128421783447, "elapsed_time": 32.30401158332825, "prnt": false}
{"event": "training_step", "timestamp": 1769648712.6857693, "step": 344, "max_steps": 917, "loss": 5.944694519042969, "elapsed_time": 32.38939023017883, "prnt": false}
{"event": "validation_step", "timestamp": 1769648713.0727298, "step": 344, "max_steps": 917, "loss": 1.3338470836044105, "elapsed_time": 32.38939023017883}
{"event": "training_step", "timestamp": 1769648713.1587882, "step": 345, "max_steps": 917, "loss": 5.941744804382324, "elapsed_time": 32.86211848258972, "prnt": false}
{"event": "training_step", "timestamp": 1769648713.244495, "step": 346, "max_steps": 917, "loss": 5.887088775634766, "elapsed_time": 32.94800591468811, "prnt": false}
{"event": "training_step", "timestamp": 1769648713.3301196, "step": 347, "max_steps": 917, "loss": 5.957171440124512, "elapsed_time": 33.03397178649902, "prnt": false}
{"event": "training_step", "timestamp": 1769648713.415706, "step": 348, "max_steps": 917, "loss": 5.89009428024292, "elapsed_time": 33.11939859390259, "prnt": false}
{"event": "training_step", "timestamp": 1769648713.5015478, "step": 349, "max_steps": 917, "loss": 5.969902038574219, "elapsed_time": 33.205137968063354, "prnt": false}
{"event": "training_step", "timestamp": 1769648713.5870962, "step": 350, "max_steps": 917, "loss": 5.830820560455322, "elapsed_time": 33.29059600830078, "prnt": false}
{"event": "training_step", "timestamp": 1769648713.6725616, "step": 351, "max_steps": 917, "loss": 5.953517436981201, "elapsed_time": 33.37618947029114, "prnt": false}
{"event": "training_step", "timestamp": 1769648713.7582912, "step": 352, "max_steps": 917, "loss": 5.961355209350586, "elapsed_time": 33.462098598480225, "prnt": false}
{"event": "training_step", "timestamp": 1769648713.8440492, "step": 353, "max_steps": 917, "loss": 5.87485933303833, "elapsed_time": 33.54760766029358, "prnt": false}
{"event": "training_step", "timestamp": 1769648713.9295135, "step": 354, "max_steps": 917, "loss": 5.9347147941589355, "elapsed_time": 33.63296604156494, "prnt": false}
{"event": "training_step", "timestamp": 1769648714.0150924, "step": 355, "max_steps": 917, "loss": 5.926881313323975, "elapsed_time": 33.718631982803345, "prnt": false}
{"event": "training_step", "timestamp": 1769648714.1009269, "step": 356, "max_steps": 917, "loss": 5.937424182891846, "elapsed_time": 33.80438041687012, "prnt": false}
{"event": "training_step", "timestamp": 1769648714.1866765, "step": 357, "max_steps": 917, "loss": 5.906744956970215, "elapsed_time": 33.890363693237305, "prnt": false}
{"event": "training_step", "timestamp": 1769648714.2721682, "step": 358, "max_steps": 917, "loss": 5.818501949310303, "elapsed_time": 33.97551488876343, "prnt": false}
{"event": "training_step", "timestamp": 1769648714.3577971, "step": 359, "max_steps": 917, "loss": 5.940773963928223, "elapsed_time": 34.06118035316467, "prnt": false}
{"event": "training_step", "timestamp": 1769648714.4434524, "step": 360, "max_steps": 917, "loss": 5.8869524002075195, "elapsed_time": 34.146878719329834, "prnt": false}
{"event": "training_step", "timestamp": 1769648714.5289571, "step": 361, "max_steps": 917, "loss": 5.8381028175354, "elapsed_time": 34.232826709747314, "prnt": false}
{"event": "training_step", "timestamp": 1769648714.6146612, "step": 362, "max_steps": 917, "loss": 5.914341926574707, "elapsed_time": 34.31837439537048, "prnt": false}
{"event": "training_step", "timestamp": 1769648714.7013488, "step": 363, "max_steps": 917, "loss": 5.888640403747559, "elapsed_time": 34.41040110588074, "prnt": false}
{"event": "training_step", "timestamp": 1769648714.787819, "step": 364, "max_steps": 917, "loss": 5.751047611236572, "elapsed_time": 34.49482798576355, "prnt": false}
{"event": "training_step", "timestamp": 1769648714.873539, "step": 365, "max_steps": 917, "loss": 5.879744052886963, "elapsed_time": 34.57717537879944, "prnt": false}
{"event": "training_step", "timestamp": 1769648714.9591138, "step": 366, "max_steps": 917, "loss": 5.874325275421143, "elapsed_time": 34.66257333755493, "prnt": false}
{"event": "training_step", "timestamp": 1769648715.0449605, "step": 367, "max_steps": 917, "loss": 5.858649730682373, "elapsed_time": 34.748477935791016, "prnt": false}
{"event": "training_step", "timestamp": 1769648715.1306088, "step": 368, "max_steps": 917, "loss": 5.867740154266357, "elapsed_time": 34.833964347839355, "prnt": false}
{"event": "training_step", "timestamp": 1769648715.2164183, "step": 369, "max_steps": 917, "loss": 5.925780296325684, "elapsed_time": 34.91987919807434, "prnt": false}
{"event": "training_step", "timestamp": 1769648715.3019855, "step": 370, "max_steps": 917, "loss": 5.850745677947998, "elapsed_time": 35.00504803657532, "prnt": false}
{"event": "training_step", "timestamp": 1769648715.3876448, "step": 371, "max_steps": 917, "loss": 5.873127460479736, "elapsed_time": 35.09045457839966, "prnt": false}
{"event": "training_step", "timestamp": 1769648715.4730332, "step": 372, "max_steps": 917, "loss": 5.8076910972595215, "elapsed_time": 35.176005125045776, "prnt": false}
{"event": "training_step", "timestamp": 1769648715.5587347, "step": 373, "max_steps": 917, "loss": 5.944207191467285, "elapsed_time": 35.26249861717224, "prnt": false}
{"event": "training_step", "timestamp": 1769648715.6444092, "step": 374, "max_steps": 917, "loss": 5.867969512939453, "elapsed_time": 35.34761309623718, "prnt": false}
{"event": "training_step", "timestamp": 1769648715.730198, "step": 375, "max_steps": 917, "loss": 5.847753047943115, "elapsed_time": 35.43394136428833, "prnt": false}
{"event": "training_step", "timestamp": 1769648715.8158739, "step": 376, "max_steps": 917, "loss": 5.919317245483398, "elapsed_time": 35.519328355789185, "prnt": false}
{"event": "training_step", "timestamp": 1769648715.901634, "step": 377, "max_steps": 917, "loss": 5.874909400939941, "elapsed_time": 35.60442852973938, "prnt": false}
{"event": "training_step", "timestamp": 1769648715.9870312, "step": 378, "max_steps": 917, "loss": 5.787986755371094, "elapsed_time": 35.689899921417236, "prnt": false}
{"event": "training_step", "timestamp": 1769648716.0723898, "step": 379, "max_steps": 917, "loss": 5.869898796081543, "elapsed_time": 35.775471925735474, "prnt": false}
{"event": "training_step", "timestamp": 1769648716.158165, "step": 380, "max_steps": 917, "loss": 5.824213027954102, "elapsed_time": 35.86148762702942, "prnt": false}
{"event": "training_step", "timestamp": 1769648716.2440372, "step": 381, "max_steps": 917, "loss": 5.949109077453613, "elapsed_time": 35.947527170181274, "prnt": false}
{"event": "training_step", "timestamp": 1769648716.3297625, "step": 382, "max_steps": 917, "loss": 5.781915187835693, "elapsed_time": 36.03359365463257, "prnt": false}
{"event": "training_step", "timestamp": 1769648716.4155362, "step": 383, "max_steps": 917, "loss": 5.913564682006836, "elapsed_time": 36.119412899017334, "prnt": false}
{"event": "training_step", "timestamp": 1769648716.501437, "step": 384, "max_steps": 917, "loss": 5.853048801422119, "elapsed_time": 36.2049081325531, "prnt": false}
{"event": "training_step", "timestamp": 1769648716.5872934, "step": 385, "max_steps": 917, "loss": 5.82915735244751, "elapsed_time": 36.29093527793884, "prnt": false}
{"event": "training_step", "timestamp": 1769648716.673134, "step": 386, "max_steps": 917, "loss": 5.804477214813232, "elapsed_time": 36.37666463851929, "prnt": false}
{"event": "training_step", "timestamp": 1769648716.7587824, "step": 387, "max_steps": 917, "loss": 5.864465713500977, "elapsed_time": 36.46381855010986, "prnt": false}
{"event": "validation_step", "timestamp": 1769648717.1456816, "step": 387, "max_steps": 917, "loss": 1.322232924366195, "elapsed_time": 36.46381855010986}
{"event": "training_step", "timestamp": 1769648717.2317567, "step": 388, "max_steps": 917, "loss": 5.873411655426025, "elapsed_time": 36.934571504592896, "prnt": false}
{"event": "training_step", "timestamp": 1769648717.3172355, "step": 389, "max_steps": 917, "loss": 5.809942722320557, "elapsed_time": 37.020219564437866, "prnt": false}
{"event": "training_step", "timestamp": 1769648717.4027345, "step": 390, "max_steps": 917, "loss": 5.751478672027588, "elapsed_time": 37.10544800758362, "prnt": false}
{"event": "training_step", "timestamp": 1769648717.4878986, "step": 391, "max_steps": 917, "loss": 5.800416946411133, "elapsed_time": 37.19108009338379, "prnt": false}
{"event": "training_step", "timestamp": 1769648717.573365, "step": 392, "max_steps": 917, "loss": 5.744051933288574, "elapsed_time": 37.27621245384216, "prnt": false}
{"event": "training_step", "timestamp": 1769648717.6591225, "step": 393, "max_steps": 917, "loss": 5.828609466552734, "elapsed_time": 37.36195373535156, "prnt": false}
{"event": "training_step", "timestamp": 1769648717.7449987, "step": 394, "max_steps": 917, "loss": 5.836523056030273, "elapsed_time": 37.44804525375366, "prnt": false}
{"event": "training_step", "timestamp": 1769648717.830338, "step": 395, "max_steps": 917, "loss": 5.8526506423950195, "elapsed_time": 37.533329010009766, "prnt": false}
{"event": "training_step", "timestamp": 1769648717.9159548, "step": 396, "max_steps": 917, "loss": 5.769896507263184, "elapsed_time": 37.618720293045044, "prnt": false}
{"event": "training_step", "timestamp": 1769648718.0015912, "step": 397, "max_steps": 917, "loss": 5.771213531494141, "elapsed_time": 37.70431709289551, "prnt": false}
{"event": "training_step", "timestamp": 1769648718.0871024, "step": 398, "max_steps": 917, "loss": 5.866983890533447, "elapsed_time": 37.789977073669434, "prnt": false}
{"event": "training_step", "timestamp": 1769648718.1726043, "step": 399, "max_steps": 917, "loss": 5.740474700927734, "elapsed_time": 37.875590562820435, "prnt": false}
{"event": "training_step", "timestamp": 1769648718.2582357, "step": 400, "max_steps": 917, "loss": 5.7982282638549805, "elapsed_time": 37.96104574203491, "prnt": false}
{"event": "training_step", "timestamp": 1769648718.3438694, "step": 401, "max_steps": 917, "loss": 5.798338413238525, "elapsed_time": 38.046518325805664, "prnt": false}
{"event": "training_step", "timestamp": 1769648718.4293957, "step": 402, "max_steps": 917, "loss": 5.808276176452637, "elapsed_time": 38.13233160972595, "prnt": false}
{"event": "training_step", "timestamp": 1769648718.5147622, "step": 403, "max_steps": 917, "loss": 5.80709981918335, "elapsed_time": 38.21766376495361, "prnt": false}
{"event": "training_step", "timestamp": 1769648718.6004672, "step": 404, "max_steps": 917, "loss": 5.8902788162231445, "elapsed_time": 38.30316758155823, "prnt": false}
{"event": "training_step", "timestamp": 1769648718.6861768, "step": 405, "max_steps": 917, "loss": 5.808319568634033, "elapsed_time": 38.38970065116882, "prnt": false}
{"event": "training_step", "timestamp": 1769648718.7717164, "step": 406, "max_steps": 917, "loss": 5.758248805999756, "elapsed_time": 38.474841833114624, "prnt": false}
{"event": "training_step", "timestamp": 1769648718.8569746, "step": 407, "max_steps": 917, "loss": 5.763211727142334, "elapsed_time": 38.56004309654236, "prnt": false}
{"event": "training_step", "timestamp": 1769648718.9426885, "step": 408, "max_steps": 917, "loss": 5.838468074798584, "elapsed_time": 38.64570999145508, "prnt": false}
{"event": "training_step", "timestamp": 1769648719.0284142, "step": 409, "max_steps": 917, "loss": 5.820803165435791, "elapsed_time": 38.73159599304199, "prnt": false}
{"event": "training_step", "timestamp": 1769648719.1140285, "step": 410, "max_steps": 917, "loss": 5.790903568267822, "elapsed_time": 38.81689953804016, "prnt": false}
{"event": "training_step", "timestamp": 1769648719.1995955, "step": 411, "max_steps": 917, "loss": 5.755847930908203, "elapsed_time": 38.902318477630615, "prnt": false}
{"event": "training_step", "timestamp": 1769648719.285148, "step": 412, "max_steps": 917, "loss": 5.76549768447876, "elapsed_time": 38.98802089691162, "prnt": false}
{"event": "training_step", "timestamp": 1769648719.370635, "step": 413, "max_steps": 917, "loss": 5.79033088684082, "elapsed_time": 39.07342028617859, "prnt": false}
{"event": "training_step", "timestamp": 1769648719.4562101, "step": 414, "max_steps": 917, "loss": 5.768239498138428, "elapsed_time": 39.15914797782898, "prnt": false}
{"event": "training_step", "timestamp": 1769648719.5417657, "step": 415, "max_steps": 917, "loss": 5.862771987915039, "elapsed_time": 39.24454426765442, "prnt": false}
{"event": "training_step", "timestamp": 1769648719.6272929, "step": 416, "max_steps": 917, "loss": 5.696907997131348, "elapsed_time": 39.33025145530701, "prnt": false}
{"event": "training_step", "timestamp": 1769648719.7127664, "step": 417, "max_steps": 917, "loss": 5.765978813171387, "elapsed_time": 39.41587686538696, "prnt": false}
{"event": "training_step", "timestamp": 1769648719.798568, "step": 418, "max_steps": 917, "loss": 5.826833248138428, "elapsed_time": 39.50138735771179, "prnt": false}
{"event": "training_step", "timestamp": 1769648719.884196, "step": 419, "max_steps": 917, "loss": 5.772127151489258, "elapsed_time": 39.586952924728394, "prnt": false}
{"event": "training_step", "timestamp": 1769648719.969738, "step": 420, "max_steps": 917, "loss": 5.747074127197266, "elapsed_time": 39.67269945144653, "prnt": false}
{"event": "training_step", "timestamp": 1769648720.0552766, "step": 421, "max_steps": 917, "loss": 5.779646873474121, "elapsed_time": 39.75801992416382, "prnt": false}
{"event": "training_step", "timestamp": 1769648720.1409392, "step": 422, "max_steps": 917, "loss": 5.795419692993164, "elapsed_time": 39.8436484336853, "prnt": false}
{"event": "training_step", "timestamp": 1769648720.2264078, "step": 423, "max_steps": 917, "loss": 5.706925392150879, "elapsed_time": 39.929197549819946, "prnt": false}
{"event": "training_step", "timestamp": 1769648720.3120468, "step": 424, "max_steps": 917, "loss": 5.757646083831787, "elapsed_time": 40.01511263847351, "prnt": false}
{"event": "training_step", "timestamp": 1769648720.3974588, "step": 425, "max_steps": 917, "loss": 5.765354633331299, "elapsed_time": 40.10030388832092, "prnt": false}
{"event": "training_step", "timestamp": 1769648720.4831572, "step": 426, "max_steps": 917, "loss": 5.771637916564941, "elapsed_time": 40.18582487106323, "prnt": false}
{"event": "training_step", "timestamp": 1769648720.5683484, "step": 427, "max_steps": 917, "loss": 5.686923503875732, "elapsed_time": 40.27141809463501, "prnt": false}
{"event": "training_step", "timestamp": 1769648720.6540902, "step": 428, "max_steps": 917, "loss": 5.729197978973389, "elapsed_time": 40.35886192321777, "prnt": false}
{"event": "training_step", "timestamp": 1769648720.7399235, "step": 429, "max_steps": 917, "loss": 5.7596306800842285, "elapsed_time": 40.44395208358765, "prnt": false}
{"event": "training_step", "timestamp": 1769648720.8255854, "step": 430, "max_steps": 917, "loss": 5.754168510437012, "elapsed_time": 40.528812646865845, "prnt": false}
{"event": "validation_step", "timestamp": 1769648721.2133684, "step": 430, "max_steps": 917, "loss": 1.313151954696681, "elapsed_time": 40.528812646865845}
{"event": "training_step", "timestamp": 1769648721.2995102, "step": 431, "max_steps": 917, "loss": 5.767618179321289, "elapsed_time": 41.00242853164673, "prnt": false}
{"event": "training_step", "timestamp": 1769648721.3851562, "step": 432, "max_steps": 917, "loss": 5.756134510040283, "elapsed_time": 41.08791732788086, "prnt": false}
{"event": "training_step", "timestamp": 1769648721.4706159, "step": 433, "max_steps": 917, "loss": 5.722712516784668, "elapsed_time": 41.17354607582092, "prnt": false}
{"event": "training_step", "timestamp": 1769648721.556451, "step": 434, "max_steps": 917, "loss": 5.758757591247559, "elapsed_time": 41.259092569351196, "prnt": false}
{"event": "training_step", "timestamp": 1769648721.6420546, "step": 435, "max_steps": 917, "loss": 5.7574462890625, "elapsed_time": 41.344693183898926, "prnt": false}
{"event": "training_step", "timestamp": 1769648721.7275975, "step": 436, "max_steps": 917, "loss": 5.726795196533203, "elapsed_time": 41.43058228492737, "prnt": false}
{"event": "training_step", "timestamp": 1769648721.8129997, "step": 437, "max_steps": 917, "loss": 5.72318696975708, "elapsed_time": 41.515851736068726, "prnt": false}
{"event": "training_step", "timestamp": 1769648721.8988104, "step": 438, "max_steps": 917, "loss": 5.727302551269531, "elapsed_time": 41.60128712654114, "prnt": false}
{"event": "training_step", "timestamp": 1769648721.9842863, "step": 439, "max_steps": 917, "loss": 5.691868782043457, "elapsed_time": 41.68703007698059, "prnt": false}
{"event": "training_step", "timestamp": 1769648722.06996, "step": 440, "max_steps": 917, "loss": 5.77549934387207, "elapsed_time": 41.77258920669556, "prnt": false}
{"event": "training_step", "timestamp": 1769648722.155462, "step": 441, "max_steps": 917, "loss": 5.753371238708496, "elapsed_time": 41.85821342468262, "prnt": false}
{"event": "training_step", "timestamp": 1769648722.2411706, "step": 442, "max_steps": 917, "loss": 5.7140936851501465, "elapsed_time": 41.94378423690796, "prnt": false}
{"event": "training_step", "timestamp": 1769648722.326723, "step": 443, "max_steps": 917, "loss": 5.756372451782227, "elapsed_time": 42.029497146606445, "prnt": false}
{"event": "training_step", "timestamp": 1769648722.412391, "step": 444, "max_steps": 917, "loss": 5.736937046051025, "elapsed_time": 42.115007400512695, "prnt": false}
{"event": "training_step", "timestamp": 1769648722.4980168, "step": 445, "max_steps": 917, "loss": 5.6414875984191895, "elapsed_time": 42.200602293014526, "prnt": false}
{"event": "training_step", "timestamp": 1769648722.583954, "step": 446, "max_steps": 917, "loss": 5.72707986831665, "elapsed_time": 42.28637719154358, "prnt": false}
{"event": "training_step", "timestamp": 1769648722.6694481, "step": 447, "max_steps": 917, "loss": 5.716190814971924, "elapsed_time": 42.37213611602783, "prnt": false}
{"event": "training_step", "timestamp": 1769648722.7553759, "step": 448, "max_steps": 917, "loss": 5.703402519226074, "elapsed_time": 42.45842170715332, "prnt": false}
{"event": "training_step", "timestamp": 1769648722.8409467, "step": 449, "max_steps": 917, "loss": 5.652169704437256, "elapsed_time": 42.54373478889465, "prnt": false}
{"event": "training_step", "timestamp": 1769648722.926521, "step": 450, "max_steps": 917, "loss": 5.739964485168457, "elapsed_time": 42.62928891181946, "prnt": false}
{"event": "training_step", "timestamp": 1769648723.0121691, "step": 451, "max_steps": 917, "loss": 5.802173137664795, "elapsed_time": 42.7147479057312, "prnt": false}
{"event": "training_step", "timestamp": 1769648723.097891, "step": 452, "max_steps": 917, "loss": 5.784486293792725, "elapsed_time": 42.80052709579468, "prnt": false}
{"event": "training_step", "timestamp": 1769648723.1835606, "step": 453, "max_steps": 917, "loss": 5.7067952156066895, "elapsed_time": 42.88613986968994, "prnt": false}
{"event": "training_step", "timestamp": 1769648723.2692108, "step": 454, "max_steps": 917, "loss": 5.656650066375732, "elapsed_time": 42.97189450263977, "prnt": false}
{"event": "training_step", "timestamp": 1769648723.3548243, "step": 455, "max_steps": 917, "loss": 5.74367094039917, "elapsed_time": 43.0575168132782, "prnt": false}
{"event": "training_step", "timestamp": 1769648723.4406502, "step": 456, "max_steps": 917, "loss": 5.74341344833374, "elapsed_time": 43.14332056045532, "prnt": false}
{"event": "training_step", "timestamp": 1769648723.5261962, "step": 457, "max_steps": 917, "loss": 5.7035932540893555, "elapsed_time": 43.228872299194336, "prnt": false}
{"event": "training_step", "timestamp": 1769648723.611864, "step": 458, "max_steps": 917, "loss": 5.689769268035889, "elapsed_time": 43.31454539299011, "prnt": false}
{"event": "training_step", "timestamp": 1769648723.6975305, "step": 459, "max_steps": 917, "loss": 5.659217357635498, "elapsed_time": 43.40009617805481, "prnt": false}
{"event": "training_step", "timestamp": 1769648723.7833831, "step": 460, "max_steps": 917, "loss": 5.732303619384766, "elapsed_time": 43.48592734336853, "prnt": false}
{"event": "training_step", "timestamp": 1769648723.8689613, "step": 461, "max_steps": 917, "loss": 5.6754889488220215, "elapsed_time": 43.57164692878723, "prnt": false}
{"event": "training_step", "timestamp": 1769648723.954758, "step": 462, "max_steps": 917, "loss": 5.661632537841797, "elapsed_time": 43.65739107131958, "prnt": false}
{"event": "training_step", "timestamp": 1769648724.0403395, "step": 463, "max_steps": 917, "loss": 5.737888813018799, "elapsed_time": 43.74300026893616, "prnt": false}
{"event": "training_step", "timestamp": 1769648724.1259894, "step": 464, "max_steps": 917, "loss": 5.680017471313477, "elapsed_time": 43.82867741584778, "prnt": false}
{"event": "training_step", "timestamp": 1769648724.2116127, "step": 465, "max_steps": 917, "loss": 5.726137161254883, "elapsed_time": 43.9142587184906, "prnt": false}
{"event": "training_step", "timestamp": 1769648724.2974002, "step": 466, "max_steps": 917, "loss": 5.694131374359131, "elapsed_time": 44.000089168548584, "prnt": false}
{"event": "training_step", "timestamp": 1769648724.3830585, "step": 467, "max_steps": 917, "loss": 5.745608329772949, "elapsed_time": 44.08562660217285, "prnt": false}
{"event": "training_step", "timestamp": 1769648724.4686503, "step": 468, "max_steps": 917, "loss": 5.714159965515137, "elapsed_time": 44.171483755111694, "prnt": false}
{"event": "training_step", "timestamp": 1769648724.5544076, "step": 469, "max_steps": 917, "loss": 5.548512935638428, "elapsed_time": 44.25701689720154, "prnt": false}
{"event": "training_step", "timestamp": 1769648724.6401956, "step": 470, "max_steps": 917, "loss": 5.613533973693848, "elapsed_time": 44.342819690704346, "prnt": false}
{"event": "training_step", "timestamp": 1769648724.7260098, "step": 471, "max_steps": 917, "loss": 5.654339790344238, "elapsed_time": 44.42931127548218, "prnt": false}
{"event": "training_step", "timestamp": 1769648724.8117278, "step": 472, "max_steps": 917, "loss": 5.636356353759766, "elapsed_time": 44.51473522186279, "prnt": false}
{"event": "training_step", "timestamp": 1769648724.8973813, "step": 473, "max_steps": 917, "loss": 5.648190975189209, "elapsed_time": 44.60011053085327, "prnt": false}
{"event": "validation_step", "timestamp": 1769648725.285145, "step": 473, "max_steps": 917, "loss": 1.3050255286121537, "elapsed_time": 44.60011053085327}
{"event": "training_step", "timestamp": 1769648725.3714507, "step": 474, "max_steps": 917, "loss": 5.645356178283691, "elapsed_time": 45.073790073394775, "prnt": false}
{"event": "training_step", "timestamp": 1769648725.4571266, "step": 475, "max_steps": 917, "loss": 5.690388202667236, "elapsed_time": 45.15968894958496, "prnt": false}
{"event": "training_step", "timestamp": 1769648725.5429194, "step": 476, "max_steps": 917, "loss": 5.64924430847168, "elapsed_time": 45.24549698829651, "prnt": false}
{"event": "training_step", "timestamp": 1769648725.6285415, "step": 477, "max_steps": 917, "loss": 5.648227691650391, "elapsed_time": 45.331218957901, "prnt": false}
{"event": "training_step", "timestamp": 1769648725.7142293, "step": 478, "max_steps": 917, "loss": 5.619256496429443, "elapsed_time": 45.41691756248474, "prnt": false}
{"event": "training_step", "timestamp": 1769648725.7999616, "step": 479, "max_steps": 917, "loss": 5.694270610809326, "elapsed_time": 45.50277328491211, "prnt": false}
{"event": "training_step", "timestamp": 1769648725.8857322, "step": 480, "max_steps": 917, "loss": 5.639077186584473, "elapsed_time": 45.58840370178223, "prnt": false}
{"event": "training_step", "timestamp": 1769648725.9713106, "step": 481, "max_steps": 917, "loss": 5.646008491516113, "elapsed_time": 45.67392444610596, "prnt": false}
{"event": "training_step", "timestamp": 1769648726.0571506, "step": 482, "max_steps": 917, "loss": 5.655115127563477, "elapsed_time": 45.759679079055786, "prnt": false}
{"event": "training_step", "timestamp": 1769648726.1427603, "step": 483, "max_steps": 917, "loss": 5.561206817626953, "elapsed_time": 45.845470905303955, "prnt": false}
{"event": "training_step", "timestamp": 1769648726.2284229, "step": 484, "max_steps": 917, "loss": 5.661816120147705, "elapsed_time": 45.93118953704834, "prnt": false}
{"event": "training_step", "timestamp": 1769648726.314181, "step": 485, "max_steps": 917, "loss": 5.671947956085205, "elapsed_time": 46.016716718673706, "prnt": false}
{"event": "training_step", "timestamp": 1769648726.3999403, "step": 486, "max_steps": 917, "loss": 5.6465163230896, "elapsed_time": 46.10261297225952, "prnt": false}
{"event": "training_step", "timestamp": 1769648726.4854712, "step": 487, "max_steps": 917, "loss": 5.618203639984131, "elapsed_time": 46.188215255737305, "prnt": false}
{"event": "training_step", "timestamp": 1769648726.5711963, "step": 488, "max_steps": 917, "loss": 5.686826705932617, "elapsed_time": 46.27383899688721, "prnt": false}
{"event": "training_step", "timestamp": 1769648726.6569288, "step": 489, "max_steps": 917, "loss": 5.6230878829956055, "elapsed_time": 46.35950207710266, "prnt": false}
{"event": "training_step", "timestamp": 1769648726.7428045, "step": 490, "max_steps": 917, "loss": 5.605920791625977, "elapsed_time": 46.445868492126465, "prnt": false}
{"event": "training_step", "timestamp": 1769648726.828405, "step": 491, "max_steps": 917, "loss": 5.593939304351807, "elapsed_time": 46.53123474121094, "prnt": false}
{"event": "training_step", "timestamp": 1769648726.914235, "step": 492, "max_steps": 917, "loss": 5.694343090057373, "elapsed_time": 46.616928577423096, "prnt": false}
{"event": "training_step", "timestamp": 1769648726.99984, "step": 493, "max_steps": 917, "loss": 5.601611614227295, "elapsed_time": 46.70247030258179, "prnt": false}
{"event": "training_step", "timestamp": 1769648727.085695, "step": 494, "max_steps": 917, "loss": 5.658419609069824, "elapsed_time": 46.78820586204529, "prnt": false}
{"event": "training_step", "timestamp": 1769648727.1713755, "step": 495, "max_steps": 917, "loss": 5.741410732269287, "elapsed_time": 46.87391901016235, "prnt": false}
{"event": "training_step", "timestamp": 1769648727.2572696, "step": 496, "max_steps": 917, "loss": 5.627258777618408, "elapsed_time": 46.95988059043884, "prnt": false}
{"event": "training_step", "timestamp": 1769648727.3428698, "step": 497, "max_steps": 917, "loss": 5.6006083488464355, "elapsed_time": 47.0454638004303, "prnt": false}
{"event": "training_step", "timestamp": 1769648727.428684, "step": 498, "max_steps": 917, "loss": 5.597459316253662, "elapsed_time": 47.13137459754944, "prnt": false}
{"event": "training_step", "timestamp": 1769648727.5142899, "step": 499, "max_steps": 917, "loss": 5.58888053894043, "elapsed_time": 47.21692895889282, "prnt": false}
{"event": "training_step", "timestamp": 1769648727.600143, "step": 500, "max_steps": 917, "loss": 5.608553409576416, "elapsed_time": 47.302703619003296, "prnt": false}
{"event": "training_step", "timestamp": 1769648727.68585, "step": 501, "max_steps": 917, "loss": 5.646100997924805, "elapsed_time": 47.38840436935425, "prnt": false}
{"event": "training_step", "timestamp": 1769648727.7716684, "step": 502, "max_steps": 917, "loss": 5.632410526275635, "elapsed_time": 47.474388122558594, "prnt": false}
{"event": "training_step", "timestamp": 1769648727.8575237, "step": 503, "max_steps": 917, "loss": 5.6255316734313965, "elapsed_time": 47.559983015060425, "prnt": false}
{"event": "training_step", "timestamp": 1769648727.9432611, "step": 504, "max_steps": 917, "loss": 5.643064022064209, "elapsed_time": 47.64594030380249, "prnt": false}
{"event": "training_step", "timestamp": 1769648728.0289133, "step": 505, "max_steps": 917, "loss": 5.618007659912109, "elapsed_time": 47.73172068595886, "prnt": false}
{"event": "training_step", "timestamp": 1769648728.1146188, "step": 506, "max_steps": 917, "loss": 5.667324066162109, "elapsed_time": 47.81732535362244, "prnt": false}
{"event": "training_step", "timestamp": 1769648728.2003162, "step": 507, "max_steps": 917, "loss": 5.616201877593994, "elapsed_time": 47.90290307998657, "prnt": false}
{"event": "training_step", "timestamp": 1769648728.286061, "step": 508, "max_steps": 917, "loss": 5.637022972106934, "elapsed_time": 47.988723039627075, "prnt": false}
{"event": "training_step", "timestamp": 1769648728.371938, "step": 509, "max_steps": 917, "loss": 5.571396350860596, "elapsed_time": 48.07432532310486, "prnt": false}
{"event": "training_step", "timestamp": 1769648728.457844, "step": 510, "max_steps": 917, "loss": 5.543391704559326, "elapsed_time": 48.16028356552124, "prnt": false}
{"event": "training_step", "timestamp": 1769648728.543625, "step": 511, "max_steps": 917, "loss": 5.639468193054199, "elapsed_time": 48.24619245529175, "prnt": false}
{"event": "training_step", "timestamp": 1769648728.6293397, "step": 512, "max_steps": 917, "loss": 5.628114223480225, "elapsed_time": 48.33226704597473, "prnt": false}
{"event": "training_step", "timestamp": 1769648728.715014, "step": 513, "max_steps": 917, "loss": 5.574882984161377, "elapsed_time": 48.417601108551025, "prnt": false}
{"event": "training_step", "timestamp": 1769648728.8010743, "step": 514, "max_steps": 917, "loss": 5.56337308883667, "elapsed_time": 48.50406289100647, "prnt": false}
{"event": "training_step", "timestamp": 1769648728.8866289, "step": 515, "max_steps": 917, "loss": 5.597625732421875, "elapsed_time": 48.5894455909729, "prnt": false}
{"event": "training_step", "timestamp": 1769648728.9725163, "step": 516, "max_steps": 917, "loss": 5.521051406860352, "elapsed_time": 48.6750545501709, "prnt": false}
{"event": "validation_step", "timestamp": 1769648729.3608217, "step": 516, "max_steps": 917, "loss": 1.2986543612289685, "elapsed_time": 48.6750545501709}
{"event": "training_step", "timestamp": 1769648729.44713, "step": 517, "max_steps": 917, "loss": 5.524212837219238, "elapsed_time": 49.14938306808472, "prnt": false}
{"event": "training_step", "timestamp": 1769648729.5329497, "step": 518, "max_steps": 917, "loss": 5.566478252410889, "elapsed_time": 49.23552870750427, "prnt": false}
{"event": "training_step", "timestamp": 1769648729.6186988, "step": 519, "max_steps": 917, "loss": 5.5249528884887695, "elapsed_time": 49.321218490600586, "prnt": false}
{"event": "training_step", "timestamp": 1769648729.7047453, "step": 520, "max_steps": 917, "loss": 5.498952388763428, "elapsed_time": 49.40717053413391, "prnt": false}
{"event": "training_step", "timestamp": 1769648729.7905622, "step": 521, "max_steps": 917, "loss": 5.586608409881592, "elapsed_time": 49.493056535720825, "prnt": false}
{"event": "training_step", "timestamp": 1769648729.8765843, "step": 522, "max_steps": 917, "loss": 5.565471649169922, "elapsed_time": 49.57899451255798, "prnt": false}
{"event": "training_step", "timestamp": 1769648729.9622223, "step": 523, "max_steps": 917, "loss": 5.537874221801758, "elapsed_time": 49.66489362716675, "prnt": false}
{"event": "training_step", "timestamp": 1769648730.0479362, "step": 524, "max_steps": 917, "loss": 5.565291881561279, "elapsed_time": 49.750828981399536, "prnt": false}
{"event": "training_step", "timestamp": 1769648730.133908, "step": 525, "max_steps": 917, "loss": 5.590553283691406, "elapsed_time": 49.83638405799866, "prnt": false}
{"event": "training_step", "timestamp": 1769648730.2196615, "step": 526, "max_steps": 917, "loss": 5.608292579650879, "elapsed_time": 49.92216420173645, "prnt": false}
{"event": "training_step", "timestamp": 1769648730.305512, "step": 527, "max_steps": 917, "loss": 5.592187881469727, "elapsed_time": 50.0080931186676, "prnt": false}
{"event": "training_step", "timestamp": 1769648730.3914573, "step": 528, "max_steps": 917, "loss": 5.566742420196533, "elapsed_time": 50.09383845329285, "prnt": false}
{"event": "training_step", "timestamp": 1769648730.4774382, "step": 529, "max_steps": 917, "loss": 5.518848896026611, "elapsed_time": 50.17981004714966, "prnt": false}
{"event": "training_step", "timestamp": 1769648730.5631027, "step": 530, "max_steps": 917, "loss": 5.579112529754639, "elapsed_time": 50.265681743621826, "prnt": false}
{"event": "training_step", "timestamp": 1769648730.6488569, "step": 531, "max_steps": 917, "loss": 5.541971683502197, "elapsed_time": 50.35152006149292, "prnt": false}
{"event": "training_step", "timestamp": 1769648730.7347848, "step": 532, "max_steps": 917, "loss": 5.469908714294434, "elapsed_time": 50.43715214729309, "prnt": false}
{"event": "training_step", "timestamp": 1769648730.8208227, "step": 533, "max_steps": 917, "loss": 5.552579879760742, "elapsed_time": 50.52363848686218, "prnt": false}
{"event": "training_step", "timestamp": 1769648730.9066224, "step": 534, "max_steps": 917, "loss": 5.4914727210998535, "elapsed_time": 50.60914587974548, "prnt": false}
{"event": "training_step", "timestamp": 1769648730.9925468, "step": 535, "max_steps": 917, "loss": 5.540742874145508, "elapsed_time": 50.69509530067444, "prnt": false}
{"event": "training_step", "timestamp": 1769648731.0783575, "step": 536, "max_steps": 917, "loss": 5.502448081970215, "elapsed_time": 50.78076958656311, "prnt": false}
{"event": "training_step", "timestamp": 1769648731.1641006, "step": 537, "max_steps": 917, "loss": 5.574155330657959, "elapsed_time": 50.86670446395874, "prnt": false}
{"event": "training_step", "timestamp": 1769648731.2497354, "step": 538, "max_steps": 917, "loss": 5.461374759674072, "elapsed_time": 50.95232820510864, "prnt": false}
{"event": "training_step", "timestamp": 1769648731.3356192, "step": 539, "max_steps": 917, "loss": 5.495755195617676, "elapsed_time": 51.03826308250427, "prnt": false}
{"event": "training_step", "timestamp": 1769648731.4213448, "step": 540, "max_steps": 917, "loss": 5.583818435668945, "elapsed_time": 51.12382793426514, "prnt": false}
{"event": "training_step", "timestamp": 1769648731.50722, "step": 541, "max_steps": 917, "loss": 5.573799133300781, "elapsed_time": 51.20967650413513, "prnt": false}
{"event": "training_step", "timestamp": 1769648731.5927904, "step": 542, "max_steps": 917, "loss": 5.5209784507751465, "elapsed_time": 51.295525312423706, "prnt": false}
{"event": "training_step", "timestamp": 1769648731.678722, "step": 543, "max_steps": 917, "loss": 5.542178153991699, "elapsed_time": 51.38114285469055, "prnt": false}
{"event": "training_step", "timestamp": 1769648731.7644513, "step": 544, "max_steps": 917, "loss": 5.519026756286621, "elapsed_time": 51.46695566177368, "prnt": false}
{"event": "training_step", "timestamp": 1769648731.8502254, "step": 545, "max_steps": 917, "loss": 5.5798659324646, "elapsed_time": 51.55284094810486, "prnt": false}
{"event": "training_step", "timestamp": 1769648731.9361322, "step": 546, "max_steps": 917, "loss": 5.463866233825684, "elapsed_time": 51.63849234580994, "prnt": false}
{"event": "training_step", "timestamp": 1769648732.0219617, "step": 547, "max_steps": 917, "loss": 5.55771541595459, "elapsed_time": 51.72459673881531, "prnt": false}
{"event": "training_step", "timestamp": 1769648732.1076987, "step": 548, "max_steps": 917, "loss": 5.481675624847412, "elapsed_time": 51.810181856155396, "prnt": false}
{"event": "training_step", "timestamp": 1769648732.1934173, "step": 549, "max_steps": 917, "loss": 5.547800540924072, "elapsed_time": 51.896053075790405, "prnt": false}
{"event": "training_step", "timestamp": 1769648732.2792008, "step": 550, "max_steps": 917, "loss": 5.556632995605469, "elapsed_time": 51.98168444633484, "prnt": false}
{"event": "training_step", "timestamp": 1769648732.365014, "step": 551, "max_steps": 917, "loss": 5.523981094360352, "elapsed_time": 52.06754469871521, "prnt": false}
{"event": "training_step", "timestamp": 1769648732.4508328, "step": 552, "max_steps": 917, "loss": 5.481663227081299, "elapsed_time": 52.15323829650879, "prnt": false}
{"event": "training_step", "timestamp": 1769648732.5368474, "step": 553, "max_steps": 917, "loss": 5.549656391143799, "elapsed_time": 52.2391619682312, "prnt": false}
{"event": "training_step", "timestamp": 1769648732.6226048, "step": 554, "max_steps": 917, "loss": 5.48916482925415, "elapsed_time": 52.32514977455139, "prnt": false}
{"event": "training_step", "timestamp": 1769648732.7084043, "step": 555, "max_steps": 917, "loss": 5.559278964996338, "elapsed_time": 52.4109411239624, "prnt": false}
{"event": "training_step", "timestamp": 1769648732.7944136, "step": 556, "max_steps": 917, "loss": 5.451368808746338, "elapsed_time": 52.49746131896973, "prnt": false}
{"event": "training_step", "timestamp": 1769648732.8803182, "step": 557, "max_steps": 917, "loss": 5.541586399078369, "elapsed_time": 52.58305811882019, "prnt": false}
{"event": "training_step", "timestamp": 1769648732.9660454, "step": 558, "max_steps": 917, "loss": 5.474072456359863, "elapsed_time": 52.66858696937561, "prnt": false}
{"event": "training_step", "timestamp": 1769648733.052109, "step": 559, "max_steps": 917, "loss": 5.442977428436279, "elapsed_time": 52.75451421737671, "prnt": false}
{"event": "validation_step", "timestamp": 1769648733.4406612, "step": 559, "max_steps": 917, "loss": 1.2924860183368456, "elapsed_time": 52.75451421737671}
{"event": "training_step", "timestamp": 1769648733.5270367, "step": 560, "max_steps": 917, "loss": 5.57278299331665, "elapsed_time": 53.22921085357666, "prnt": false}
{"event": "training_step", "timestamp": 1769648733.6128492, "step": 561, "max_steps": 917, "loss": 5.479452133178711, "elapsed_time": 53.315409898757935, "prnt": false}
{"event": "training_step", "timestamp": 1769648733.6986997, "step": 562, "max_steps": 917, "loss": 5.510102272033691, "elapsed_time": 53.40110898017883, "prnt": false}
{"event": "training_step", "timestamp": 1769648733.7845764, "step": 563, "max_steps": 917, "loss": 5.5, "elapsed_time": 53.487046241760254, "prnt": false}
{"event": "training_step", "timestamp": 1769648733.870391, "step": 564, "max_steps": 917, "loss": 5.54045295715332, "elapsed_time": 53.572832107543945, "prnt": false}
{"event": "training_step", "timestamp": 1769648733.956454, "step": 565, "max_steps": 917, "loss": 5.489614486694336, "elapsed_time": 53.65893864631653, "prnt": false}
{"event": "training_step", "timestamp": 1769648734.042209, "step": 566, "max_steps": 917, "loss": 5.506197929382324, "elapsed_time": 53.74475359916687, "prnt": false}
{"event": "training_step", "timestamp": 1769648734.1281195, "step": 567, "max_steps": 917, "loss": 5.479433059692383, "elapsed_time": 53.830567359924316, "prnt": false}
{"event": "training_step", "timestamp": 1769648734.2139974, "step": 568, "max_steps": 917, "loss": 5.491659641265869, "elapsed_time": 53.916414737701416, "prnt": false}
{"event": "training_step", "timestamp": 1769648734.2999763, "step": 569, "max_steps": 917, "loss": 5.5123186111450195, "elapsed_time": 54.002394676208496, "prnt": false}
{"event": "training_step", "timestamp": 1769648734.3857534, "step": 570, "max_steps": 917, "loss": 5.503993511199951, "elapsed_time": 54.08825922012329, "prnt": false}
{"event": "training_step", "timestamp": 1769648734.4717383, "step": 571, "max_steps": 917, "loss": 5.4613847732543945, "elapsed_time": 54.17416286468506, "prnt": false}
{"event": "training_step", "timestamp": 1769648734.5575912, "step": 572, "max_steps": 917, "loss": 5.536001682281494, "elapsed_time": 54.26001048088074, "prnt": false}
{"event": "training_step", "timestamp": 1769648734.6434107, "step": 573, "max_steps": 917, "loss": 5.438363552093506, "elapsed_time": 54.34597706794739, "prnt": false}
{"event": "training_step", "timestamp": 1769648734.729291, "step": 574, "max_steps": 917, "loss": 5.451172351837158, "elapsed_time": 54.43163728713989, "prnt": false}
{"event": "training_step", "timestamp": 1769648734.8156369, "step": 575, "max_steps": 917, "loss": 5.506452560424805, "elapsed_time": 54.51858878135681, "prnt": false}
{"event": "training_step", "timestamp": 1769648734.9014835, "step": 576, "max_steps": 917, "loss": 5.484066009521484, "elapsed_time": 54.60414147377014, "prnt": false}
{"event": "training_step", "timestamp": 1769648734.987274, "step": 577, "max_steps": 917, "loss": 5.50762939453125, "elapsed_time": 54.68985176086426, "prnt": false}
{"event": "training_step", "timestamp": 1769648735.0730584, "step": 578, "max_steps": 917, "loss": 5.400492191314697, "elapsed_time": 54.77557635307312, "prnt": false}
{"event": "training_step", "timestamp": 1769648735.1588998, "step": 579, "max_steps": 917, "loss": 5.500580310821533, "elapsed_time": 54.86147141456604, "prnt": false}
{"event": "training_step", "timestamp": 1769648735.2447426, "step": 580, "max_steps": 917, "loss": 5.421383380889893, "elapsed_time": 54.947163581848145, "prnt": false}
{"event": "training_step", "timestamp": 1769648735.3307014, "step": 581, "max_steps": 917, "loss": 5.512587547302246, "elapsed_time": 55.033103704452515, "prnt": false}
{"event": "training_step", "timestamp": 1769648735.4166362, "step": 582, "max_steps": 917, "loss": 5.462773323059082, "elapsed_time": 55.11897373199463, "prnt": false}
{"event": "training_step", "timestamp": 1769648735.5024993, "step": 583, "max_steps": 917, "loss": 5.52587890625, "elapsed_time": 55.205037117004395, "prnt": false}
{"event": "training_step", "timestamp": 1769648735.5882392, "step": 584, "max_steps": 917, "loss": 5.401456832885742, "elapsed_time": 55.29081583023071, "prnt": false}
{"event": "training_step", "timestamp": 1769648735.674243, "step": 585, "max_steps": 917, "loss": 5.413487911224365, "elapsed_time": 55.3767614364624, "prnt": false}
{"event": "training_step", "timestamp": 1769648735.760031, "step": 586, "max_steps": 917, "loss": 5.435140132904053, "elapsed_time": 55.462520599365234, "prnt": false}
{"event": "training_step", "timestamp": 1769648735.8459215, "step": 587, "max_steps": 917, "loss": 5.410847187042236, "elapsed_time": 55.54846000671387, "prnt": false}
{"event": "training_step", "timestamp": 1769648735.9316747, "step": 588, "max_steps": 917, "loss": 5.446147441864014, "elapsed_time": 55.634206771850586, "prnt": false}
{"event": "training_step", "timestamp": 1769648736.017675, "step": 589, "max_steps": 917, "loss": 5.410558700561523, "elapsed_time": 55.72018909454346, "prnt": false}
{"event": "training_step", "timestamp": 1769648736.1034577, "step": 590, "max_steps": 917, "loss": 5.4607038497924805, "elapsed_time": 55.805896282196045, "prnt": false}
{"event": "training_step", "timestamp": 1769648736.189399, "step": 591, "max_steps": 917, "loss": 5.450974464416504, "elapsed_time": 55.891812801361084, "prnt": false}
{"event": "training_step", "timestamp": 1769648736.2753766, "step": 592, "max_steps": 917, "loss": 5.422301292419434, "elapsed_time": 55.97764039039612, "prnt": false}
{"event": "training_step", "timestamp": 1769648736.3612645, "step": 593, "max_steps": 917, "loss": 5.401957988739014, "elapsed_time": 56.063732385635376, "prnt": false}
{"event": "training_step", "timestamp": 1769648736.4469657, "step": 594, "max_steps": 917, "loss": 5.510064125061035, "elapsed_time": 56.14950633049011, "prnt": false}
{"event": "training_step", "timestamp": 1769648736.5329845, "step": 595, "max_steps": 917, "loss": 5.429238319396973, "elapsed_time": 56.2353572845459, "prnt": false}
{"event": "training_step", "timestamp": 1769648736.6188724, "step": 596, "max_steps": 917, "loss": 5.475451469421387, "elapsed_time": 56.32128190994263, "prnt": false}
{"event": "training_step", "timestamp": 1769648736.7048986, "step": 597, "max_steps": 917, "loss": 5.453556060791016, "elapsed_time": 56.40750980377197, "prnt": false}
{"event": "training_step", "timestamp": 1769648736.7910392, "step": 598, "max_steps": 917, "loss": 5.460544586181641, "elapsed_time": 56.4934401512146, "prnt": false}
{"event": "training_step", "timestamp": 1769648736.877378, "step": 599, "max_steps": 917, "loss": 5.511068344116211, "elapsed_time": 56.57997107505798, "prnt": false}
{"event": "training_step", "timestamp": 1769648736.9632661, "step": 600, "max_steps": 917, "loss": 5.458550930023193, "elapsed_time": 56.665746212005615, "prnt": false}
{"event": "training_step", "timestamp": 1769648737.0489907, "step": 601, "max_steps": 917, "loss": 5.402632236480713, "elapsed_time": 56.75161933898926, "prnt": false}
{"event": "training_step", "timestamp": 1769648737.1349163, "step": 602, "max_steps": 917, "loss": 5.409043312072754, "elapsed_time": 56.837244749069214, "prnt": false}
{"event": "validation_step", "timestamp": 1769648737.524045, "step": 602, "max_steps": 917, "loss": 1.2883579899285855, "elapsed_time": 56.837244749069214}
{"event": "training_step", "timestamp": 1769648737.6103609, "step": 603, "max_steps": 917, "loss": 5.416964530944824, "elapsed_time": 57.31257390975952, "prnt": false}
{"event": "training_step", "timestamp": 1769648737.6966186, "step": 604, "max_steps": 917, "loss": 5.423495769500732, "elapsed_time": 57.39864778518677, "prnt": false}
{"event": "training_step", "timestamp": 1769648737.7825348, "step": 605, "max_steps": 917, "loss": 5.484058856964111, "elapsed_time": 57.4850914478302, "prnt": false}
{"event": "training_step", "timestamp": 1769648737.8685725, "step": 606, "max_steps": 917, "loss": 5.431504726409912, "elapsed_time": 57.57084560394287, "prnt": false}
{"event": "training_step", "timestamp": 1769648737.9545896, "step": 607, "max_steps": 917, "loss": 5.41138219833374, "elapsed_time": 57.6569402217865, "prnt": false}
{"event": "training_step", "timestamp": 1769648738.040411, "step": 608, "max_steps": 917, "loss": 5.42465353012085, "elapsed_time": 57.74294638633728, "prnt": false}
{"event": "training_step", "timestamp": 1769648738.126209, "step": 609, "max_steps": 917, "loss": 5.4206318855285645, "elapsed_time": 57.82894015312195, "prnt": false}
{"event": "training_step", "timestamp": 1769648738.212071, "step": 610, "max_steps": 917, "loss": 5.422536373138428, "elapsed_time": 57.91449022293091, "prnt": false}
{"event": "training_step", "timestamp": 1769648738.2980332, "step": 611, "max_steps": 917, "loss": 5.392813682556152, "elapsed_time": 58.00047707557678, "prnt": false}
{"event": "training_step", "timestamp": 1769648738.3839025, "step": 612, "max_steps": 917, "loss": 5.3933515548706055, "elapsed_time": 58.08628463745117, "prnt": false}
{"event": "training_step", "timestamp": 1769648738.4699507, "step": 613, "max_steps": 917, "loss": 5.45197868347168, "elapsed_time": 58.172300577163696, "prnt": false}
{"event": "training_step", "timestamp": 1769648738.5559995, "step": 614, "max_steps": 917, "loss": 5.386694431304932, "elapsed_time": 58.25823616981506, "prnt": false}
{"event": "training_step", "timestamp": 1769648738.6419969, "step": 615, "max_steps": 917, "loss": 5.371954441070557, "elapsed_time": 58.34440851211548, "prnt": false}
{"event": "training_step", "timestamp": 1769648738.7278414, "step": 616, "max_steps": 917, "loss": 5.432748794555664, "elapsed_time": 58.430317878723145, "prnt": false}
{"event": "training_step", "timestamp": 1769648738.8139913, "step": 617, "max_steps": 917, "loss": 5.397266387939453, "elapsed_time": 58.51632332801819, "prnt": false}
{"event": "training_step", "timestamp": 1769648738.8999329, "step": 618, "max_steps": 917, "loss": 5.423027038574219, "elapsed_time": 58.602789640426636, "prnt": false}
{"event": "training_step", "timestamp": 1769648738.985793, "step": 619, "max_steps": 917, "loss": 5.441668510437012, "elapsed_time": 58.68836498260498, "prnt": false}
{"event": "training_step", "timestamp": 1769648739.0717018, "step": 620, "max_steps": 917, "loss": 5.3925652503967285, "elapsed_time": 58.774168729782104, "prnt": false}
{"event": "training_step", "timestamp": 1769648739.1575928, "step": 621, "max_steps": 917, "loss": 5.371251583099365, "elapsed_time": 58.86003255844116, "prnt": false}
{"event": "training_step", "timestamp": 1769648739.2433882, "step": 622, "max_steps": 917, "loss": 5.380621910095215, "elapsed_time": 58.94583868980408, "prnt": false}
{"event": "training_step", "timestamp": 1769648739.3293886, "step": 623, "max_steps": 917, "loss": 5.379474639892578, "elapsed_time": 59.03178811073303, "prnt": false}
{"event": "training_step", "timestamp": 1769648739.4153278, "step": 624, "max_steps": 917, "loss": 5.369865894317627, "elapsed_time": 59.11765241622925, "prnt": false}
{"event": "training_step", "timestamp": 1769648739.501232, "step": 625, "max_steps": 917, "loss": 5.497822284698486, "elapsed_time": 59.203683376312256, "prnt": false}
{"event": "training_step", "timestamp": 1769648739.587244, "step": 626, "max_steps": 917, "loss": 5.4241108894348145, "elapsed_time": 59.289560079574585, "prnt": false}
{"event": "training_step", "timestamp": 1769648739.6734061, "step": 627, "max_steps": 917, "loss": 5.4205827713012695, "elapsed_time": 59.37573480606079, "prnt": false}
{"event": "training_step", "timestamp": 1769648739.7591865, "step": 628, "max_steps": 917, "loss": 5.4039387702941895, "elapsed_time": 59.46164608001709, "prnt": false}
{"event": "training_step", "timestamp": 1769648739.8450675, "step": 629, "max_steps": 917, "loss": 5.341152667999268, "elapsed_time": 59.547755002975464, "prnt": false}
{"event": "training_step", "timestamp": 1769648739.9309604, "step": 630, "max_steps": 917, "loss": 5.449586868286133, "elapsed_time": 59.63333702087402, "prnt": false}
{"event": "training_step", "timestamp": 1769648740.016976, "step": 631, "max_steps": 917, "loss": 5.382040977478027, "elapsed_time": 59.71944499015808, "prnt": false}
{"event": "training_step", "timestamp": 1769648740.1028223, "step": 632, "max_steps": 917, "loss": 5.428050994873047, "elapsed_time": 59.80527353286743, "prnt": false}
{"event": "training_step", "timestamp": 1769648740.1889138, "step": 633, "max_steps": 917, "loss": 5.413468360900879, "elapsed_time": 59.89127016067505, "prnt": false}
{"event": "training_step", "timestamp": 1769648740.2749221, "step": 634, "max_steps": 917, "loss": 5.376408100128174, "elapsed_time": 59.97749972343445, "prnt": false}
{"event": "training_step", "timestamp": 1769648740.3608606, "step": 635, "max_steps": 917, "loss": 5.407926559448242, "elapsed_time": 60.06341576576233, "prnt": false}
{"event": "training_step", "timestamp": 1769648740.4466596, "step": 636, "max_steps": 917, "loss": 5.424595355987549, "elapsed_time": 60.14910960197449, "prnt": false}
{"event": "training_step", "timestamp": 1769648740.532811, "step": 637, "max_steps": 917, "loss": 5.352015972137451, "elapsed_time": 60.23504400253296, "prnt": false}
{"event": "training_step", "timestamp": 1769648740.6186786, "step": 638, "max_steps": 917, "loss": 5.470170497894287, "elapsed_time": 60.32105374336243, "prnt": false}
{"event": "training_step", "timestamp": 1769648740.7045386, "step": 639, "max_steps": 917, "loss": 5.3140058517456055, "elapsed_time": 60.40710139274597, "prnt": false}
{"event": "training_step", "timestamp": 1769648740.7905262, "step": 640, "max_steps": 917, "loss": 5.3699774742126465, "elapsed_time": 60.49297380447388, "prnt": false}
{"event": "training_step", "timestamp": 1769648740.8767524, "step": 641, "max_steps": 917, "loss": 5.442205429077148, "elapsed_time": 60.579501152038574, "prnt": false}
{"event": "training_step", "timestamp": 1769648740.9626358, "step": 642, "max_steps": 917, "loss": 5.378381729125977, "elapsed_time": 60.665119886398315, "prnt": false}
{"event": "training_step", "timestamp": 1769648741.0486016, "step": 643, "max_steps": 917, "loss": 5.312427043914795, "elapsed_time": 60.751177072525024, "prnt": false}
{"event": "training_step", "timestamp": 1769648741.1346214, "step": 644, "max_steps": 917, "loss": 5.401418209075928, "elapsed_time": 60.8371365070343, "prnt": false}
{"event": "training_step", "timestamp": 1769648741.2205598, "step": 645, "max_steps": 917, "loss": 5.360456466674805, "elapsed_time": 60.92315888404846, "prnt": false}
{"event": "validation_step", "timestamp": 1769648741.6095245, "step": 645, "max_steps": 917, "loss": 1.2854652545109737, "elapsed_time": 60.92315888404846}
{"event": "training_step", "timestamp": 1769648741.6958413, "step": 646, "max_steps": 917, "loss": 5.416890621185303, "elapsed_time": 61.39792847633362, "prnt": false}
{"event": "training_step", "timestamp": 1769648741.781821, "step": 647, "max_steps": 917, "loss": 5.416452884674072, "elapsed_time": 61.48420071601868, "prnt": false}
{"event": "training_step", "timestamp": 1769648741.8679037, "step": 648, "max_steps": 917, "loss": 5.3635454177856445, "elapsed_time": 61.57009029388428, "prnt": false}
{"event": "training_step", "timestamp": 1769648741.9540992, "step": 649, "max_steps": 917, "loss": 5.420524597167969, "elapsed_time": 61.65628170967102, "prnt": false}
{"event": "training_step", "timestamp": 1769648742.0399623, "step": 650, "max_steps": 917, "loss": 5.352138996124268, "elapsed_time": 61.742355823516846, "prnt": false}
{"event": "training_step", "timestamp": 1769648742.1259224, "step": 651, "max_steps": 917, "loss": 5.350758075714111, "elapsed_time": 61.82842230796814, "prnt": false}
{"event": "training_step", "timestamp": 1769648742.2119486, "step": 652, "max_steps": 917, "loss": 5.387756824493408, "elapsed_time": 61.91422891616821, "prnt": false}
{"event": "training_step", "timestamp": 1769648742.2979612, "step": 653, "max_steps": 917, "loss": 5.387576103210449, "elapsed_time": 62.00044631958008, "prnt": false}
{"event": "training_step", "timestamp": 1769648742.3837936, "step": 654, "max_steps": 917, "loss": 5.371053695678711, "elapsed_time": 62.086225509643555, "prnt": false}
{"event": "training_step", "timestamp": 1769648742.4698632, "step": 655, "max_steps": 917, "loss": 5.4259490966796875, "elapsed_time": 62.172229290008545, "prnt": false}
{"event": "training_step", "timestamp": 1769648742.5559573, "step": 656, "max_steps": 917, "loss": 5.347533226013184, "elapsed_time": 62.258392572402954, "prnt": false}
{"event": "training_step", "timestamp": 1769648742.6417913, "step": 657, "max_steps": 917, "loss": 5.3359575271606445, "elapsed_time": 62.344194650650024, "prnt": false}
{"event": "training_step", "timestamp": 1769648742.7278469, "step": 658, "max_steps": 917, "loss": 5.410747051239014, "elapsed_time": 62.430341720581055, "prnt": false}
{"event": "training_step", "timestamp": 1769648742.8139136, "step": 659, "max_steps": 917, "loss": 5.305072784423828, "elapsed_time": 62.51614856719971, "prnt": false}
{"event": "training_step", "timestamp": 1769648742.9000616, "step": 660, "max_steps": 917, "loss": 5.381533622741699, "elapsed_time": 62.602853536605835, "prnt": false}
{"event": "training_step", "timestamp": 1769648742.9859746, "step": 661, "max_steps": 917, "loss": 5.365303039550781, "elapsed_time": 62.68841314315796, "prnt": false}
{"event": "training_step", "timestamp": 1769648743.0720947, "step": 662, "max_steps": 917, "loss": 5.403762340545654, "elapsed_time": 62.774388790130615, "prnt": false}
{"event": "training_step", "timestamp": 1769648743.15805, "step": 663, "max_steps": 917, "loss": 5.427435874938965, "elapsed_time": 62.86036038398743, "prnt": false}
{"event": "training_step", "timestamp": 1769648743.24404, "step": 664, "max_steps": 917, "loss": 5.395064830780029, "elapsed_time": 62.94645547866821, "prnt": false}
{"event": "training_step", "timestamp": 1769648743.3299513, "step": 665, "max_steps": 917, "loss": 5.325471878051758, "elapsed_time": 63.03233480453491, "prnt": false}
{"event": "training_step", "timestamp": 1769648743.4159877, "step": 666, "max_steps": 917, "loss": 5.370039939880371, "elapsed_time": 63.11837983131409, "prnt": false}
{"event": "training_step", "timestamp": 1769648743.5018663, "step": 667, "max_steps": 917, "loss": 5.396790027618408, "elapsed_time": 63.20423245429993, "prnt": false}
{"event": "training_step", "timestamp": 1769648743.5879946, "step": 668, "max_steps": 917, "loss": 5.359323978424072, "elapsed_time": 63.29025673866272, "prnt": false}
{"event": "training_step", "timestamp": 1769648743.6739664, "step": 669, "max_steps": 917, "loss": 5.332672119140625, "elapsed_time": 63.37628507614136, "prnt": false}
{"event": "training_step", "timestamp": 1769648743.7599907, "step": 670, "max_steps": 917, "loss": 5.3417510986328125, "elapsed_time": 63.462499141693115, "prnt": false}
{"event": "training_step", "timestamp": 1769648743.8458483, "step": 671, "max_steps": 917, "loss": 5.392597198486328, "elapsed_time": 63.54829955101013, "prnt": false}
{"event": "training_step", "timestamp": 1769648743.9320579, "step": 672, "max_steps": 917, "loss": 5.299336910247803, "elapsed_time": 63.63430690765381, "prnt": false}
{"event": "training_step", "timestamp": 1769648744.0180395, "step": 673, "max_steps": 917, "loss": 5.372454643249512, "elapsed_time": 63.7203803062439, "prnt": false}
{"event": "training_step", "timestamp": 1769648744.1041646, "step": 674, "max_steps": 917, "loss": 5.411289215087891, "elapsed_time": 63.80645489692688, "prnt": false}
{"event": "training_step", "timestamp": 1769648744.1901734, "step": 675, "max_steps": 917, "loss": 5.388420104980469, "elapsed_time": 63.89244771003723, "prnt": false}
{"event": "training_step", "timestamp": 1769648744.2762587, "step": 676, "max_steps": 917, "loss": 5.326457500457764, "elapsed_time": 63.97859025001526, "prnt": false}
{"event": "training_step", "timestamp": 1769648744.3621855, "step": 677, "max_steps": 917, "loss": 5.3944268226623535, "elapsed_time": 64.06450819969177, "prnt": false}
{"event": "training_step", "timestamp": 1769648744.4483151, "step": 678, "max_steps": 917, "loss": 5.3409013748168945, "elapsed_time": 64.15054845809937, "prnt": false}
{"event": "training_step", "timestamp": 1769648744.5343685, "step": 679, "max_steps": 917, "loss": 5.359452247619629, "elapsed_time": 64.2366271018982, "prnt": false}
{"event": "training_step", "timestamp": 1769648744.6203637, "step": 680, "max_steps": 917, "loss": 5.414002895355225, "elapsed_time": 64.32270383834839, "prnt": false}
{"event": "training_step", "timestamp": 1769648744.706239, "step": 681, "max_steps": 917, "loss": 5.346061706542969, "elapsed_time": 64.40858626365662, "prnt": false}
{"event": "training_step", "timestamp": 1769648744.7924347, "step": 682, "max_steps": 917, "loss": 5.329113960266113, "elapsed_time": 64.49496293067932, "prnt": false}
{"event": "training_step", "timestamp": 1769648744.8783665, "step": 683, "max_steps": 917, "loss": 5.263026714324951, "elapsed_time": 64.58080053329468, "prnt": false}
{"event": "training_step", "timestamp": 1769648744.964665, "step": 684, "max_steps": 917, "loss": 5.321352481842041, "elapsed_time": 64.66738176345825, "prnt": false}
{"event": "training_step", "timestamp": 1769648745.0506122, "step": 685, "max_steps": 917, "loss": 5.3694658279418945, "elapsed_time": 64.7530128955841, "prnt": false}
{"event": "training_step", "timestamp": 1769648745.1366696, "step": 686, "max_steps": 917, "loss": 5.365281105041504, "elapsed_time": 64.83901381492615, "prnt": false}
{"event": "training_step", "timestamp": 1769648745.2225924, "step": 687, "max_steps": 917, "loss": 5.369852066040039, "elapsed_time": 64.92493343353271, "prnt": false}
{"event": "training_step", "timestamp": 1769648745.308497, "step": 688, "max_steps": 917, "loss": 5.339145660400391, "elapsed_time": 65.01093649864197, "prnt": false}
{"event": "validation_step", "timestamp": 1769648745.6981251, "step": 688, "max_steps": 917, "loss": 1.2836440086404082, "elapsed_time": 65.01093649864197}
{"event": "training_step", "timestamp": 1769648745.7845614, "step": 689, "max_steps": 917, "loss": 5.370208263397217, "elapsed_time": 65.48674511909485, "prnt": false}
{"event": "training_step", "timestamp": 1769648745.8707802, "step": 690, "max_steps": 917, "loss": 5.374858379364014, "elapsed_time": 65.573086977005, "prnt": false}
{"event": "training_step", "timestamp": 1769648745.956767, "step": 691, "max_steps": 917, "loss": 5.401448726654053, "elapsed_time": 65.65905380249023, "prnt": false}
{"event": "training_step", "timestamp": 1769648746.042746, "step": 692, "max_steps": 917, "loss": 5.260879039764404, "elapsed_time": 65.74527096748352, "prnt": false}
{"event": "training_step", "timestamp": 1769648746.128826, "step": 693, "max_steps": 917, "loss": 5.38232946395874, "elapsed_time": 65.83098030090332, "prnt": false}
{"event": "training_step", "timestamp": 1769648746.2148664, "step": 694, "max_steps": 917, "loss": 5.268387794494629, "elapsed_time": 65.91719508171082, "prnt": false}
{"event": "training_step", "timestamp": 1769648746.3007066, "step": 695, "max_steps": 917, "loss": 5.395263671875, "elapsed_time": 66.0031111240387, "prnt": false}
{"event": "training_step", "timestamp": 1769648746.386753, "step": 696, "max_steps": 917, "loss": 5.315481185913086, "elapsed_time": 66.08908772468567, "prnt": false}
{"event": "training_step", "timestamp": 1769648746.4728189, "step": 697, "max_steps": 917, "loss": 5.306334972381592, "elapsed_time": 66.17501902580261, "prnt": false}
{"event": "training_step", "timestamp": 1769648746.5588534, "step": 698, "max_steps": 917, "loss": 5.26333475112915, "elapsed_time": 66.26112270355225, "prnt": false}
{"event": "training_step", "timestamp": 1769648746.6448505, "step": 699, "max_steps": 917, "loss": 5.320335388183594, "elapsed_time": 66.34712290763855, "prnt": false}
{"event": "training_step", "timestamp": 1769648746.7310984, "step": 700, "max_steps": 917, "loss": 5.28605842590332, "elapsed_time": 66.43325233459473, "prnt": false}
{"event": "training_step", "timestamp": 1769648746.8170588, "step": 701, "max_steps": 917, "loss": 5.358231067657471, "elapsed_time": 66.51958870887756, "prnt": false}
{"event": "training_step", "timestamp": 1769648746.9030032, "step": 702, "max_steps": 917, "loss": 5.275424957275391, "elapsed_time": 66.60563063621521, "prnt": false}
{"event": "training_step", "timestamp": 1769648746.9890335, "step": 703, "max_steps": 917, "loss": 5.378105640411377, "elapsed_time": 66.69166469573975, "prnt": false}
{"event": "training_step", "timestamp": 1769648747.075204, "step": 704, "max_steps": 917, "loss": 5.306134223937988, "elapsed_time": 66.77747845649719, "prnt": false}
{"event": "training_step", "timestamp": 1769648747.1612093, "step": 705, "max_steps": 917, "loss": 5.327879428863525, "elapsed_time": 66.8635048866272, "prnt": false}
{"event": "training_step", "timestamp": 1769648747.247374, "step": 706, "max_steps": 917, "loss": 5.358986854553223, "elapsed_time": 66.94963598251343, "prnt": false}
{"event": "training_step", "timestamp": 1769648747.3334303, "step": 707, "max_steps": 917, "loss": 5.333071231842041, "elapsed_time": 67.03557419776917, "prnt": false}
{"event": "training_step", "timestamp": 1769648747.4194467, "step": 708, "max_steps": 917, "loss": 5.313794136047363, "elapsed_time": 67.12191581726074, "prnt": false}
{"event": "training_step", "timestamp": 1769648747.5053782, "step": 709, "max_steps": 917, "loss": 5.290751934051514, "elapsed_time": 67.20773410797119, "prnt": false}
{"event": "training_step", "timestamp": 1769648747.591564, "step": 710, "max_steps": 917, "loss": 5.247823238372803, "elapsed_time": 67.29379487037659, "prnt": false}
{"event": "training_step", "timestamp": 1769648747.677552, "step": 711, "max_steps": 917, "loss": 5.351285457611084, "elapsed_time": 67.3798246383667, "prnt": false}
{"event": "training_step", "timestamp": 1769648747.7635262, "step": 712, "max_steps": 917, "loss": 5.257363319396973, "elapsed_time": 67.46594166755676, "prnt": false}
{"event": "training_step", "timestamp": 1769648747.8495462, "step": 713, "max_steps": 917, "loss": 5.275023937225342, "elapsed_time": 67.55179786682129, "prnt": false}
{"event": "training_step", "timestamp": 1769648747.935631, "step": 714, "max_steps": 917, "loss": 5.3356828689575195, "elapsed_time": 67.63792562484741, "prnt": false}
{"event": "training_step", "timestamp": 1769648748.0215979, "step": 715, "max_steps": 917, "loss": 5.361162185668945, "elapsed_time": 67.72407579421997, "prnt": false}
{"event": "training_step", "timestamp": 1769648748.1075149, "step": 716, "max_steps": 917, "loss": 5.235414505004883, "elapsed_time": 67.80997109413147, "prnt": false}
{"event": "training_step", "timestamp": 1769648748.1935413, "step": 717, "max_steps": 917, "loss": 5.34246826171875, "elapsed_time": 67.89577293395996, "prnt": false}
{"event": "training_step", "timestamp": 1769648748.2796648, "step": 718, "max_steps": 917, "loss": 5.400108814239502, "elapsed_time": 67.98195958137512, "prnt": false}
{"event": "training_step", "timestamp": 1769648748.3657336, "step": 719, "max_steps": 917, "loss": 5.325661659240723, "elapsed_time": 68.06791305541992, "prnt": false}
{"event": "training_step", "timestamp": 1769648748.4519951, "step": 720, "max_steps": 917, "loss": 5.251276969909668, "elapsed_time": 68.15423679351807, "prnt": false}
{"event": "training_step", "timestamp": 1769648748.5379653, "step": 721, "max_steps": 917, "loss": 5.313023090362549, "elapsed_time": 68.24025201797485, "prnt": false}
{"event": "training_step", "timestamp": 1769648748.624129, "step": 722, "max_steps": 917, "loss": 5.3578057289123535, "elapsed_time": 68.32650685310364, "prnt": false}
{"event": "training_step", "timestamp": 1769648748.7104378, "step": 723, "max_steps": 917, "loss": 5.3054022789001465, "elapsed_time": 68.41303968429565, "prnt": false}
{"event": "training_step", "timestamp": 1769648748.7965477, "step": 724, "max_steps": 917, "loss": 5.296194076538086, "elapsed_time": 68.49909043312073, "prnt": false}
{"event": "training_step", "timestamp": 1769648748.8826122, "step": 725, "max_steps": 917, "loss": 5.301126480102539, "elapsed_time": 68.58503246307373, "prnt": false}
{"event": "training_step", "timestamp": 1769648748.9689977, "step": 726, "max_steps": 917, "loss": 5.267407417297363, "elapsed_time": 68.6716833114624, "prnt": false}
{"event": "training_step", "timestamp": 1769648749.0552669, "step": 727, "max_steps": 917, "loss": 5.331454753875732, "elapsed_time": 68.75828456878662, "prnt": false}
{"event": "training_step", "timestamp": 1769648749.141361, "step": 728, "max_steps": 917, "loss": 5.289865493774414, "elapsed_time": 68.84380507469177, "prnt": false}
{"event": "training_step", "timestamp": 1769648749.2273676, "step": 729, "max_steps": 917, "loss": 5.358205318450928, "elapsed_time": 68.92969346046448, "prnt": false}
{"event": "training_step", "timestamp": 1769648749.3135414, "step": 730, "max_steps": 917, "loss": 5.339249610900879, "elapsed_time": 69.01576161384583, "prnt": false}
{"event": "training_step", "timestamp": 1769648749.3994846, "step": 731, "max_steps": 917, "loss": 5.350030422210693, "elapsed_time": 69.10177493095398, "prnt": false}
{"event": "validation_step", "timestamp": 1769648749.7888596, "step": 731, "max_steps": 917, "loss": 1.2827019008171687, "elapsed_time": 69.10177493095398}
{"event": "training_step", "timestamp": 1769648749.8753405, "step": 732, "max_steps": 917, "loss": 5.367177963256836, "elapsed_time": 69.57759618759155, "prnt": false}
{"event": "training_step", "timestamp": 1769648749.9613557, "step": 733, "max_steps": 917, "loss": 5.363808631896973, "elapsed_time": 69.66368699073792, "prnt": false}
{"event": "training_step", "timestamp": 1769648750.0475116, "step": 734, "max_steps": 917, "loss": 5.2747883796691895, "elapsed_time": 69.74975395202637, "prnt": false}
{"event": "training_step", "timestamp": 1769648750.1335666, "step": 735, "max_steps": 917, "loss": 5.363131523132324, "elapsed_time": 69.835857629776, "prnt": false}
{"event": "training_step", "timestamp": 1769648750.2196567, "step": 736, "max_steps": 917, "loss": 5.2597198486328125, "elapsed_time": 69.92202281951904, "prnt": false}
{"event": "training_step", "timestamp": 1769648750.305973, "step": 737, "max_steps": 917, "loss": 5.318671226501465, "elapsed_time": 70.00814199447632, "prnt": false}
{"event": "training_step", "timestamp": 1769648750.3921764, "step": 738, "max_steps": 917, "loss": 5.351927757263184, "elapsed_time": 70.0944926738739, "prnt": false}
{"event": "training_step", "timestamp": 1769648750.478122, "step": 739, "max_steps": 917, "loss": 5.323081016540527, "elapsed_time": 70.18041706085205, "prnt": false}
{"event": "training_step", "timestamp": 1769648750.5642684, "step": 740, "max_steps": 917, "loss": 5.364589691162109, "elapsed_time": 70.26650977134705, "prnt": false}
{"event": "training_step", "timestamp": 1769648750.6504078, "step": 741, "max_steps": 917, "loss": 5.300230026245117, "elapsed_time": 70.35267686843872, "prnt": false}
{"event": "training_step", "timestamp": 1769648750.7365766, "step": 742, "max_steps": 917, "loss": 5.367410182952881, "elapsed_time": 70.43876481056213, "prnt": false}
{"event": "training_step", "timestamp": 1769648750.8226333, "step": 743, "max_steps": 917, "loss": 5.311322212219238, "elapsed_time": 70.52537131309509, "prnt": false}
{"event": "training_step", "timestamp": 1769648750.908857, "step": 744, "max_steps": 917, "loss": 5.2729811668396, "elapsed_time": 70.6114821434021, "prnt": false}
{"event": "training_step", "timestamp": 1769648750.9951522, "step": 745, "max_steps": 917, "loss": 5.300120830535889, "elapsed_time": 70.69779682159424, "prnt": false}
{"event": "training_step", "timestamp": 1769648751.0813844, "step": 746, "max_steps": 917, "loss": 5.346002578735352, "elapsed_time": 70.78367733955383, "prnt": false}
{"event": "training_step", "timestamp": 1769648751.1675198, "step": 747, "max_steps": 917, "loss": 5.238919734954834, "elapsed_time": 70.86975073814392, "prnt": false}
{"event": "training_step", "timestamp": 1769648751.253852, "step": 748, "max_steps": 917, "loss": 5.2279372215271, "elapsed_time": 70.95583820343018, "prnt": false}
{"event": "training_step", "timestamp": 1769648751.339826, "step": 749, "max_steps": 917, "loss": 5.307950496673584, "elapsed_time": 71.04211974143982, "prnt": false}
{"event": "training_step", "timestamp": 1769648751.4259677, "step": 750, "max_steps": 917, "loss": 5.274368762969971, "elapsed_time": 71.12825727462769, "prnt": false}
{"event": "training_step", "timestamp": 1769648751.5120344, "step": 751, "max_steps": 917, "loss": 5.363082408905029, "elapsed_time": 71.2142243385315, "prnt": false}
{"event": "training_step", "timestamp": 1769648751.598179, "step": 752, "max_steps": 917, "loss": 5.255434036254883, "elapsed_time": 71.30047178268433, "prnt": false}
{"event": "training_step", "timestamp": 1769648751.6843524, "step": 753, "max_steps": 917, "loss": 5.329239845275879, "elapsed_time": 71.3864095211029, "prnt": false}
{"event": "training_step", "timestamp": 1769648751.7706358, "step": 754, "max_steps": 917, "loss": 5.274313449859619, "elapsed_time": 71.4727635383606, "prnt": false}
{"event": "training_step", "timestamp": 1769648751.8566422, "step": 755, "max_steps": 917, "loss": 5.261287689208984, "elapsed_time": 71.55892944335938, "prnt": false}
{"event": "training_step", "timestamp": 1769648751.9427083, "step": 756, "max_steps": 917, "loss": 5.318875789642334, "elapsed_time": 71.64506363868713, "prnt": false}
{"event": "training_step", "timestamp": 1769648752.028725, "step": 757, "max_steps": 917, "loss": 5.244414329528809, "elapsed_time": 71.73097944259644, "prnt": false}
{"event": "training_step", "timestamp": 1769648752.1148534, "step": 758, "max_steps": 917, "loss": 5.328733921051025, "elapsed_time": 71.81715607643127, "prnt": false}
{"event": "training_step", "timestamp": 1769648752.2008262, "step": 759, "max_steps": 917, "loss": 5.2690935134887695, "elapsed_time": 71.90308713912964, "prnt": false}
{"event": "training_step", "timestamp": 1769648752.2870545, "step": 760, "max_steps": 917, "loss": 5.278771877288818, "elapsed_time": 71.98921060562134, "prnt": false}
{"event": "training_step", "timestamp": 1769648752.3730726, "step": 761, "max_steps": 917, "loss": 5.291385173797607, "elapsed_time": 72.07538986206055, "prnt": false}
{"event": "training_step", "timestamp": 1769648752.4591904, "step": 762, "max_steps": 917, "loss": 5.278136253356934, "elapsed_time": 72.16147089004517, "prnt": false}
{"event": "training_step", "timestamp": 1769648752.545312, "step": 763, "max_steps": 917, "loss": 5.293684005737305, "elapsed_time": 72.24746489524841, "prnt": false}
{"event": "training_step", "timestamp": 1769648752.6315026, "step": 764, "max_steps": 917, "loss": 5.280267715454102, "elapsed_time": 72.33366417884827, "prnt": false}
{"event": "training_step", "timestamp": 1769648752.7175314, "step": 765, "max_steps": 917, "loss": 5.274906635284424, "elapsed_time": 72.41992020606995, "prnt": false}
{"event": "training_step", "timestamp": 1769648752.803679, "step": 766, "max_steps": 917, "loss": 5.225904941558838, "elapsed_time": 72.50600123405457, "prnt": false}
{"event": "training_step", "timestamp": 1769648752.8898268, "step": 767, "max_steps": 917, "loss": 5.372122287750244, "elapsed_time": 72.59195685386658, "prnt": false}
{"event": "training_step", "timestamp": 1769648752.9760454, "step": 768, "max_steps": 917, "loss": 5.22343111038208, "elapsed_time": 72.67925214767456, "prnt": false}
{"event": "training_step", "timestamp": 1769648753.0621548, "step": 769, "max_steps": 917, "loss": 5.309942722320557, "elapsed_time": 72.7644476890564, "prnt": false}
{"event": "training_step", "timestamp": 1769648753.14835, "step": 770, "max_steps": 917, "loss": 5.303515434265137, "elapsed_time": 72.85066342353821, "prnt": false}
{"event": "training_step", "timestamp": 1769648753.2344146, "step": 771, "max_steps": 917, "loss": 5.251096725463867, "elapsed_time": 72.93665766716003, "prnt": false}
{"event": "training_step", "timestamp": 1769648753.3204994, "step": 772, "max_steps": 917, "loss": 5.276700496673584, "elapsed_time": 73.02277135848999, "prnt": false}
{"event": "training_step", "timestamp": 1769648753.4066212, "step": 773, "max_steps": 917, "loss": 5.223761558532715, "elapsed_time": 73.1087601184845, "prnt": false}
{"event": "training_step", "timestamp": 1769648753.4928048, "step": 774, "max_steps": 917, "loss": 5.222545146942139, "elapsed_time": 73.19501996040344, "prnt": false}
{"event": "validation_step", "timestamp": 1769648753.8825233, "step": 774, "max_steps": 917, "loss": 1.2803731249976564, "elapsed_time": 73.19501996040344}
{"event": "training_step", "timestamp": 1769648753.9690351, "step": 775, "max_steps": 917, "loss": 5.238826274871826, "elapsed_time": 73.67104387283325, "prnt": false}
{"event": "training_step", "timestamp": 1769648754.0552154, "step": 776, "max_steps": 917, "loss": 5.288130760192871, "elapsed_time": 73.75743222236633, "prnt": false}
{"event": "training_step", "timestamp": 1769648754.1411853, "step": 777, "max_steps": 917, "loss": 5.356922626495361, "elapsed_time": 73.84345412254333, "prnt": false}
{"event": "training_step", "timestamp": 1769648754.2273936, "step": 778, "max_steps": 917, "loss": 5.332777976989746, "elapsed_time": 73.9295916557312, "prnt": false}
{"event": "training_step", "timestamp": 1769648754.313478, "step": 779, "max_steps": 917, "loss": 5.289778232574463, "elapsed_time": 74.01568913459778, "prnt": false}
{"event": "training_step", "timestamp": 1769648754.3995893, "step": 780, "max_steps": 917, "loss": 5.2384843826293945, "elapsed_time": 74.10181546211243, "prnt": false}
{"event": "training_step", "timestamp": 1769648754.4856222, "step": 781, "max_steps": 917, "loss": 5.268089294433594, "elapsed_time": 74.18790030479431, "prnt": false}
{"event": "training_step", "timestamp": 1769648754.5718281, "step": 782, "max_steps": 917, "loss": 5.21610164642334, "elapsed_time": 74.27394437789917, "prnt": false}
{"event": "training_step", "timestamp": 1769648754.6578891, "step": 783, "max_steps": 917, "loss": 5.2878265380859375, "elapsed_time": 74.36026453971863, "prnt": false}
{"event": "training_step", "timestamp": 1769648754.744101, "step": 784, "max_steps": 917, "loss": 5.153262615203857, "elapsed_time": 74.44648957252502, "prnt": false}
{"event": "training_step", "timestamp": 1769648754.8303058, "step": 785, "max_steps": 917, "loss": 5.32474422454834, "elapsed_time": 74.53253316879272, "prnt": false}
{"event": "training_step", "timestamp": 1769648754.9164004, "step": 786, "max_steps": 917, "loss": 5.304525375366211, "elapsed_time": 74.618807554245, "prnt": false}
{"event": "training_step", "timestamp": 1769648755.002948, "step": 787, "max_steps": 917, "loss": 5.286291599273682, "elapsed_time": 74.70561289787292, "prnt": false}
{"event": "training_step", "timestamp": 1769648755.089144, "step": 788, "max_steps": 917, "loss": 5.220480918884277, "elapsed_time": 74.7912814617157, "prnt": false}
{"event": "training_step", "timestamp": 1769648755.1752777, "step": 789, "max_steps": 917, "loss": 5.315992832183838, "elapsed_time": 74.87741279602051, "prnt": false}
{"event": "training_step", "timestamp": 1769648755.2612913, "step": 790, "max_steps": 917, "loss": 5.27266788482666, "elapsed_time": 74.9635841846466, "prnt": false}
{"event": "training_step", "timestamp": 1769648755.3475246, "step": 791, "max_steps": 917, "loss": 5.273611545562744, "elapsed_time": 75.04975008964539, "prnt": false}
{"event": "training_step", "timestamp": 1769648755.4336038, "step": 792, "max_steps": 917, "loss": 5.271647930145264, "elapsed_time": 75.13574957847595, "prnt": false}
{"event": "training_step", "timestamp": 1769648755.5196679, "step": 793, "max_steps": 917, "loss": 5.288496494293213, "elapsed_time": 75.22207283973694, "prnt": false}
{"event": "training_step", "timestamp": 1769648755.60578, "step": 794, "max_steps": 917, "loss": 5.304530620574951, "elapsed_time": 75.30791711807251, "prnt": false}
{"event": "training_step", "timestamp": 1769648755.6919057, "step": 795, "max_steps": 917, "loss": 5.288915157318115, "elapsed_time": 75.39413118362427, "prnt": false}
{"event": "training_step", "timestamp": 1769648755.7779465, "step": 796, "max_steps": 917, "loss": 5.244344234466553, "elapsed_time": 75.48015594482422, "prnt": false}
{"event": "training_step", "timestamp": 1769648755.8642461, "step": 797, "max_steps": 917, "loss": 5.270798683166504, "elapsed_time": 75.5665717124939, "prnt": false}
{"event": "training_step", "timestamp": 1769648755.950387, "step": 798, "max_steps": 917, "loss": 5.316743850708008, "elapsed_time": 75.65259099006653, "prnt": false}
{"event": "training_step", "timestamp": 1769648756.036469, "step": 799, "max_steps": 917, "loss": 5.225043773651123, "elapsed_time": 75.73874640464783, "prnt": false}
{"event": "training_step", "timestamp": 1769648756.122559, "step": 800, "max_steps": 917, "loss": 5.224351406097412, "elapsed_time": 75.8247811794281, "prnt": false}
{"event": "training_step", "timestamp": 1769648756.2087984, "step": 801, "max_steps": 917, "loss": 5.201598644256592, "elapsed_time": 75.9108579158783, "prnt": false}
{"event": "training_step", "timestamp": 1769648756.2948148, "step": 802, "max_steps": 917, "loss": 5.313820838928223, "elapsed_time": 75.99709844589233, "prnt": false}
{"event": "training_step", "timestamp": 1769648756.3809652, "step": 803, "max_steps": 917, "loss": 5.279695987701416, "elapsed_time": 76.0832884311676, "prnt": false}
{"event": "training_step", "timestamp": 1769648756.467177, "step": 804, "max_steps": 917, "loss": 5.2591071128845215, "elapsed_time": 76.16957497596741, "prnt": false}
{"event": "training_step", "timestamp": 1769648756.553349, "step": 805, "max_steps": 917, "loss": 5.235710144042969, "elapsed_time": 76.25556993484497, "prnt": false}
{"event": "training_step", "timestamp": 1769648756.6393826, "step": 806, "max_steps": 917, "loss": 5.293272018432617, "elapsed_time": 76.34158444404602, "prnt": false}
{"event": "training_step", "timestamp": 1769648756.7257, "step": 807, "max_steps": 917, "loss": 5.239457130432129, "elapsed_time": 76.42787718772888, "prnt": false}
{"event": "training_step", "timestamp": 1769648756.811819, "step": 808, "max_steps": 917, "loss": 5.276553630828857, "elapsed_time": 76.51442289352417, "prnt": false}
{"event": "training_step", "timestamp": 1769648756.8979602, "step": 809, "max_steps": 917, "loss": 5.243653774261475, "elapsed_time": 76.60026335716248, "prnt": false}
{"event": "training_step", "timestamp": 1769648756.9842436, "step": 810, "max_steps": 917, "loss": 5.250376224517822, "elapsed_time": 76.68629574775696, "prnt": false}
{"event": "training_step", "timestamp": 1769648757.0706646, "step": 811, "max_steps": 917, "loss": 5.24055814743042, "elapsed_time": 76.77322316169739, "prnt": false}
{"event": "training_step", "timestamp": 1769648757.1567845, "step": 812, "max_steps": 917, "loss": 5.264454364776611, "elapsed_time": 76.85896158218384, "prnt": false}
{"event": "training_step", "timestamp": 1769648757.2430196, "step": 813, "max_steps": 917, "loss": 5.226594924926758, "elapsed_time": 76.94530129432678, "prnt": false}
{"event": "training_step", "timestamp": 1769648757.3292506, "step": 814, "max_steps": 917, "loss": 5.275882720947266, "elapsed_time": 77.03129744529724, "prnt": false}
{"event": "training_step", "timestamp": 1769648757.41547, "step": 815, "max_steps": 917, "loss": 5.3313374519348145, "elapsed_time": 77.1179051399231, "prnt": false}
{"event": "training_step", "timestamp": 1769648757.5016236, "step": 816, "max_steps": 917, "loss": 5.193016529083252, "elapsed_time": 77.20375394821167, "prnt": false}
{"event": "training_step", "timestamp": 1769648757.5878787, "step": 817, "max_steps": 917, "loss": 5.27718448638916, "elapsed_time": 77.29008674621582, "prnt": false}
{"event": "validation_step", "timestamp": 1769648757.9781532, "step": 817, "max_steps": 917, "loss": 1.2802471195318974, "elapsed_time": 77.29008674621582}
{"event": "training_step", "timestamp": 1769648758.0646415, "step": 818, "max_steps": 917, "loss": 5.272820472717285, "elapsed_time": 77.76676750183105, "prnt": false}
{"event": "training_step", "timestamp": 1769648758.150867, "step": 819, "max_steps": 917, "loss": 5.2720489501953125, "elapsed_time": 77.8530912399292, "prnt": false}
{"event": "training_step", "timestamp": 1769648758.2370358, "step": 820, "max_steps": 917, "loss": 5.245983123779297, "elapsed_time": 77.93912172317505, "prnt": false}
{"event": "training_step", "timestamp": 1769648758.3231406, "step": 821, "max_steps": 917, "loss": 5.29780912399292, "elapsed_time": 78.0254635810852, "prnt": false}
{"event": "training_step", "timestamp": 1769648758.4095516, "step": 822, "max_steps": 917, "loss": 5.289883136749268, "elapsed_time": 78.11141562461853, "prnt": false}
{"event": "training_step", "timestamp": 1769648758.4956837, "step": 823, "max_steps": 917, "loss": 5.228288173675537, "elapsed_time": 78.19797945022583, "prnt": false}
{"event": "training_step", "timestamp": 1769648758.5817742, "step": 824, "max_steps": 917, "loss": 5.253964900970459, "elapsed_time": 78.28392791748047, "prnt": false}
{"event": "training_step", "timestamp": 1769648758.6680937, "step": 825, "max_steps": 917, "loss": 5.287553787231445, "elapsed_time": 78.37021255493164, "prnt": false}
{"event": "training_step", "timestamp": 1769648758.754198, "step": 826, "max_steps": 917, "loss": 5.257752895355225, "elapsed_time": 78.45635032653809, "prnt": false}
{"event": "training_step", "timestamp": 1769648758.8403742, "step": 827, "max_steps": 917, "loss": 5.261287212371826, "elapsed_time": 78.5426549911499, "prnt": false}
{"event": "training_step", "timestamp": 1769648758.9265366, "step": 828, "max_steps": 917, "loss": 5.209376335144043, "elapsed_time": 78.62863898277283, "prnt": false}
{"event": "training_step", "timestamp": 1769648759.012893, "step": 829, "max_steps": 917, "loss": 5.220280647277832, "elapsed_time": 78.71528816223145, "prnt": false}
{"event": "training_step", "timestamp": 1769648759.0990715, "step": 830, "max_steps": 917, "loss": 5.198136329650879, "elapsed_time": 78.80161166191101, "prnt": false}
{"event": "training_step", "timestamp": 1769648759.1852844, "step": 831, "max_steps": 917, "loss": 5.246476173400879, "elapsed_time": 78.88759279251099, "prnt": false}
{"event": "training_step", "timestamp": 1769648759.2713895, "step": 832, "max_steps": 917, "loss": 5.1764421463012695, "elapsed_time": 78.97355461120605, "prnt": false}
{"event": "training_step", "timestamp": 1769648759.3575442, "step": 833, "max_steps": 917, "loss": 5.271245002746582, "elapsed_time": 79.05974555015564, "prnt": false}
{"event": "training_step", "timestamp": 1769648759.4435756, "step": 834, "max_steps": 917, "loss": 5.2326979637146, "elapsed_time": 79.14579272270203, "prnt": false}
{"event": "training_step", "timestamp": 1769648759.5298321, "step": 835, "max_steps": 917, "loss": 5.280470371246338, "elapsed_time": 79.2321720123291, "prnt": false}
{"event": "training_step", "timestamp": 1769648759.6159558, "step": 836, "max_steps": 917, "loss": 5.243012428283691, "elapsed_time": 79.31821060180664, "prnt": false}
{"event": "training_step", "timestamp": 1769648759.7023633, "step": 837, "max_steps": 917, "loss": 5.254785060882568, "elapsed_time": 79.40460205078125, "prnt": false}
{"event": "training_step", "timestamp": 1769648759.7886884, "step": 838, "max_steps": 917, "loss": 5.314118385314941, "elapsed_time": 79.49074029922485, "prnt": false}
{"event": "training_step", "timestamp": 1769648759.8749304, "step": 839, "max_steps": 917, "loss": 5.207723140716553, "elapsed_time": 79.57739877700806, "prnt": false}
{"event": "training_step", "timestamp": 1769648759.9609716, "step": 840, "max_steps": 917, "loss": 5.23431396484375, "elapsed_time": 79.66325163841248, "prnt": false}
{"event": "training_step", "timestamp": 1769648760.0475411, "step": 841, "max_steps": 917, "loss": 5.227577209472656, "elapsed_time": 79.74944019317627, "prnt": false}
{"event": "training_step", "timestamp": 1769648760.1336498, "step": 842, "max_steps": 917, "loss": 5.163026332855225, "elapsed_time": 79.83594489097595, "prnt": false}
{"event": "training_step", "timestamp": 1769648760.2197976, "step": 843, "max_steps": 917, "loss": 5.262688159942627, "elapsed_time": 79.92205142974854, "prnt": false}
{"event": "training_step", "timestamp": 1769648760.3062642, "step": 844, "max_steps": 917, "loss": 5.255331993103027, "elapsed_time": 80.00856113433838, "prnt": false}
{"event": "training_step", "timestamp": 1769648760.3924866, "step": 845, "max_steps": 917, "loss": 5.264462471008301, "elapsed_time": 80.09472250938416, "prnt": false}
{"event": "training_step", "timestamp": 1769648760.4785864, "step": 846, "max_steps": 917, "loss": 5.27523946762085, "elapsed_time": 80.18070220947266, "prnt": false}
{"event": "training_step", "timestamp": 1769648760.564682, "step": 847, "max_steps": 917, "loss": 5.244687557220459, "elapsed_time": 80.26714324951172, "prnt": false}
{"event": "training_step", "timestamp": 1769648760.6509223, "step": 848, "max_steps": 917, "loss": 5.219113826751709, "elapsed_time": 80.35299253463745, "prnt": false}
{"event": "training_step", "timestamp": 1769648760.7371354, "step": 849, "max_steps": 917, "loss": 5.282405853271484, "elapsed_time": 80.43936133384705, "prnt": false}
{"event": "training_step", "timestamp": 1769648760.8233876, "step": 850, "max_steps": 917, "loss": 5.1953277587890625, "elapsed_time": 80.52571511268616, "prnt": false}
{"event": "training_step", "timestamp": 1769648760.9096682, "step": 851, "max_steps": 917, "loss": 5.226592540740967, "elapsed_time": 80.61179733276367, "prnt": false}
{"event": "training_step", "timestamp": 1769648760.9957635, "step": 852, "max_steps": 917, "loss": 5.235590934753418, "elapsed_time": 80.69799733161926, "prnt": false}
{"event": "training_step", "timestamp": 1769648761.0823803, "step": 853, "max_steps": 917, "loss": 5.207042694091797, "elapsed_time": 80.78487229347229, "prnt": false}
{"event": "training_step", "timestamp": 1769648761.1681943, "step": 854, "max_steps": 917, "loss": 5.199180603027344, "elapsed_time": 80.87081861495972, "prnt": false}
{"event": "training_step", "timestamp": 1769648761.2542398, "step": 855, "max_steps": 917, "loss": 5.275509357452393, "elapsed_time": 80.95660042762756, "prnt": false}
{"event": "training_step", "timestamp": 1769648761.3403206, "step": 856, "max_steps": 917, "loss": 5.328921794891357, "elapsed_time": 81.04257798194885, "prnt": false}
{"event": "training_step", "timestamp": 1769648761.4266388, "step": 857, "max_steps": 917, "loss": 5.261769771575928, "elapsed_time": 81.12884187698364, "prnt": false}
{"event": "training_step", "timestamp": 1769648761.512803, "step": 858, "max_steps": 917, "loss": 5.233203887939453, "elapsed_time": 81.21507453918457, "prnt": false}
{"event": "training_step", "timestamp": 1769648761.5989225, "step": 859, "max_steps": 917, "loss": 5.2764763832092285, "elapsed_time": 81.3013813495636, "prnt": false}
{"event": "training_step", "timestamp": 1769648761.6850562, "step": 860, "max_steps": 917, "loss": 5.296587944030762, "elapsed_time": 81.38726449012756, "prnt": false}
{"event": "validation_step", "timestamp": 1769648762.0751154, "step": 860, "max_steps": 917, "loss": 1.2796225117930278, "elapsed_time": 81.38726449012756}
{"event": "training_step", "timestamp": 1769648762.1617038, "step": 861, "max_steps": 917, "loss": 5.234156608581543, "elapsed_time": 81.86366558074951, "prnt": false}
{"event": "training_step", "timestamp": 1769648762.2479804, "step": 862, "max_steps": 917, "loss": 5.2551469802856445, "elapsed_time": 81.95001220703125, "prnt": false}
{"event": "training_step", "timestamp": 1769648762.334167, "step": 863, "max_steps": 917, "loss": 5.235095977783203, "elapsed_time": 82.03650283813477, "prnt": false}
{"event": "training_step", "timestamp": 1769648762.4203787, "step": 864, "max_steps": 917, "loss": 5.3237504959106445, "elapsed_time": 82.12244868278503, "prnt": false}
{"event": "training_step", "timestamp": 1769648762.5067074, "step": 865, "max_steps": 917, "loss": 5.244013786315918, "elapsed_time": 82.20871877670288, "prnt": false}
{"event": "training_step", "timestamp": 1769648762.5927284, "step": 866, "max_steps": 917, "loss": 5.2170491218566895, "elapsed_time": 82.29503798484802, "prnt": false}
{"event": "training_step", "timestamp": 1769648762.6788964, "step": 867, "max_steps": 917, "loss": 5.245553016662598, "elapsed_time": 82.38117718696594, "prnt": false}
{"event": "training_step", "timestamp": 1769648762.7650502, "step": 868, "max_steps": 917, "loss": 5.296483516693115, "elapsed_time": 82.46717238426208, "prnt": false}
{"event": "training_step", "timestamp": 1769648762.8512733, "step": 869, "max_steps": 917, "loss": 5.261908531188965, "elapsed_time": 82.55349206924438, "prnt": false}
{"event": "training_step", "timestamp": 1769648762.9373345, "step": 870, "max_steps": 917, "loss": 5.190799713134766, "elapsed_time": 82.63950109481812, "prnt": false}
{"event": "training_step", "timestamp": 1769648763.0236127, "step": 871, "max_steps": 917, "loss": 5.256672382354736, "elapsed_time": 82.72572612762451, "prnt": false}
{"event": "training_step", "timestamp": 1769648763.1099281, "step": 872, "max_steps": 917, "loss": 5.219736099243164, "elapsed_time": 82.81235194206238, "prnt": false}
{"event": "training_step", "timestamp": 1769648763.1961658, "step": 873, "max_steps": 917, "loss": 5.297354698181152, "elapsed_time": 82.89842319488525, "prnt": false}
{"event": "training_step", "timestamp": 1769648763.2823353, "step": 874, "max_steps": 917, "loss": 5.27497673034668, "elapsed_time": 82.98451399803162, "prnt": false}
{"event": "training_step", "timestamp": 1769648763.3686159, "step": 875, "max_steps": 917, "loss": 5.23699951171875, "elapsed_time": 83.07069730758667, "prnt": false}
{"event": "training_step", "timestamp": 1769648763.454817, "step": 876, "max_steps": 917, "loss": 5.278347015380859, "elapsed_time": 83.15694427490234, "prnt": false}
{"event": "training_step", "timestamp": 1769648763.541117, "step": 877, "max_steps": 917, "loss": 5.231107234954834, "elapsed_time": 83.24322295188904, "prnt": false}
{"event": "training_step", "timestamp": 1769648763.6275034, "step": 878, "max_steps": 917, "loss": 5.220762729644775, "elapsed_time": 83.32949781417847, "prnt": false}
{"event": "training_step", "timestamp": 1769648763.713642, "step": 879, "max_steps": 917, "loss": 5.264485836029053, "elapsed_time": 83.415855884552, "prnt": false}
{"event": "training_step", "timestamp": 1769648763.7999878, "step": 880, "max_steps": 917, "loss": 5.201435089111328, "elapsed_time": 83.50202107429504, "prnt": false}
{"event": "training_step", "timestamp": 1769648763.886326, "step": 881, "max_steps": 917, "loss": 5.239048957824707, "elapsed_time": 83.58841443061829, "prnt": false}
{"event": "training_step", "timestamp": 1769648763.9724212, "step": 882, "max_steps": 917, "loss": 5.256555080413818, "elapsed_time": 83.6745936870575, "prnt": false}
{"event": "training_step", "timestamp": 1769648764.0585861, "step": 883, "max_steps": 917, "loss": 5.315834045410156, "elapsed_time": 83.76085877418518, "prnt": false}
{"event": "training_step", "timestamp": 1769648764.1447773, "step": 884, "max_steps": 917, "loss": 5.246644020080566, "elapsed_time": 83.8469569683075, "prnt": false}
{"event": "training_step", "timestamp": 1769648764.2310722, "step": 885, "max_steps": 917, "loss": 5.207188129425049, "elapsed_time": 83.93313646316528, "prnt": false}
{"event": "training_step", "timestamp": 1769648764.317111, "step": 886, "max_steps": 917, "loss": 5.268394947052002, "elapsed_time": 84.01929903030396, "prnt": false}
{"event": "training_step", "timestamp": 1769648764.4033237, "step": 887, "max_steps": 917, "loss": 5.185242176055908, "elapsed_time": 84.10546541213989, "prnt": false}
{"event": "training_step", "timestamp": 1769648764.4895291, "step": 888, "max_steps": 917, "loss": 5.308774471282959, "elapsed_time": 84.19166541099548, "prnt": false}
{"event": "training_step", "timestamp": 1769648764.5757878, "step": 889, "max_steps": 917, "loss": 5.191588401794434, "elapsed_time": 84.27788519859314, "prnt": false}
{"event": "training_step", "timestamp": 1769648764.66192, "step": 890, "max_steps": 917, "loss": 5.251791954040527, "elapsed_time": 84.3640878200531, "prnt": false}
{"event": "training_step", "timestamp": 1769648764.7482495, "step": 891, "max_steps": 917, "loss": 5.169968605041504, "elapsed_time": 84.45052313804626, "prnt": false}
{"event": "training_step", "timestamp": 1769648764.8345687, "step": 892, "max_steps": 917, "loss": 5.245573997497559, "elapsed_time": 84.53698682785034, "prnt": false}
{"event": "training_step", "timestamp": 1769648764.920966, "step": 893, "max_steps": 917, "loss": 5.2845282554626465, "elapsed_time": 84.62302136421204, "prnt": false}
{"event": "training_step", "timestamp": 1769648765.007201, "step": 894, "max_steps": 917, "loss": 5.247616291046143, "elapsed_time": 84.7094349861145, "prnt": false}
{"event": "training_step", "timestamp": 1769648765.0935097, "step": 895, "max_steps": 917, "loss": 5.283458232879639, "elapsed_time": 84.79630494117737, "prnt": false}
{"event": "training_step", "timestamp": 1769648765.179761, "step": 896, "max_steps": 917, "loss": 5.292394161224365, "elapsed_time": 84.88183832168579, "prnt": false}
{"event": "training_step", "timestamp": 1769648765.2661796, "step": 897, "max_steps": 917, "loss": 5.2628631591796875, "elapsed_time": 84.96824097633362, "prnt": false}
{"event": "training_step", "timestamp": 1769648765.3522232, "step": 898, "max_steps": 917, "loss": 5.221649169921875, "elapsed_time": 85.05440616607666, "prnt": false}
{"event": "training_step", "timestamp": 1769648765.4384382, "step": 899, "max_steps": 917, "loss": 5.241468906402588, "elapsed_time": 85.14072108268738, "prnt": false}
{"event": "training_step", "timestamp": 1769648765.5245996, "step": 900, "max_steps": 917, "loss": 5.272769927978516, "elapsed_time": 85.22669196128845, "prnt": false}
{"event": "training_step", "timestamp": 1769648765.611067, "step": 901, "max_steps": 917, "loss": 5.267216205596924, "elapsed_time": 85.31327390670776, "prnt": false}
{"event": "training_step", "timestamp": 1769648765.6971738, "step": 902, "max_steps": 917, "loss": 5.1799774169921875, "elapsed_time": 85.39943170547485, "prnt": false}
{"event": "training_step", "timestamp": 1769648765.7834291, "step": 903, "max_steps": 917, "loss": 5.247774600982666, "elapsed_time": 85.48557615280151, "prnt": false}
{"event": "validation_step", "timestamp": 1769648766.1736178, "step": 903, "max_steps": 917, "loss": 1.279375107512946, "elapsed_time": 85.48557615280151}
{"event": "training_step", "timestamp": 1769648766.2601447, "step": 904, "max_steps": 917, "loss": 5.22761869430542, "elapsed_time": 85.96219062805176, "prnt": false}
{"event": "training_step", "timestamp": 1769648766.3464925, "step": 905, "max_steps": 917, "loss": 5.339051723480225, "elapsed_time": 86.04845070838928, "prnt": false}
{"event": "training_step", "timestamp": 1769648766.4325275, "step": 906, "max_steps": 917, "loss": 5.2359418869018555, "elapsed_time": 86.13469219207764, "prnt": false}
{"event": "training_step", "timestamp": 1769648766.5187376, "step": 907, "max_steps": 917, "loss": 5.263950347900391, "elapsed_time": 86.22088837623596, "prnt": false}
{"event": "training_step", "timestamp": 1769648766.605, "step": 908, "max_steps": 917, "loss": 5.232581615447998, "elapsed_time": 86.30696892738342, "prnt": false}
{"event": "training_step", "timestamp": 1769648766.6911576, "step": 909, "max_steps": 917, "loss": 5.258770942687988, "elapsed_time": 86.39352202415466, "prnt": false}
{"event": "training_step", "timestamp": 1769648766.7771707, "step": 910, "max_steps": 917, "loss": 5.2266645431518555, "elapsed_time": 86.47939157485962, "prnt": false}
{"event": "training_step", "timestamp": 1769648766.8633819, "step": 911, "max_steps": 917, "loss": 5.280684471130371, "elapsed_time": 86.56557154655457, "prnt": false}
{"event": "training_step", "timestamp": 1769648766.9495056, "step": 912, "max_steps": 917, "loss": 5.308935642242432, "elapsed_time": 86.65162134170532, "prnt": false}
{"event": "training_step", "timestamp": 1769648767.0357363, "step": 913, "max_steps": 917, "loss": 5.210864543914795, "elapsed_time": 86.73790001869202, "prnt": false}
{"event": "training_step", "timestamp": 1769648767.122027, "step": 914, "max_steps": 917, "loss": 5.2431230545043945, "elapsed_time": 86.82460021972656, "prnt": false}
{"event": "training_step", "timestamp": 1769648767.2083018, "step": 915, "max_steps": 917, "loss": 5.296126842498779, "elapsed_time": 86.9107038974762, "prnt": false}
{"event": "training_step", "timestamp": 1769648767.2944124, "step": 916, "max_steps": 917, "loss": 5.25892972946167, "elapsed_time": 86.99681687355042, "prnt": false}
{"event": "training_step", "timestamp": 1769648767.3807492, "step": 917, "max_steps": 917, "loss": 5.1539764404296875, "elapsed_time": 87.08278942108154, "prnt": false}
{"event": "validation_step", "timestamp": 1769648767.771177, "step": 917, "max_steps": 917, "loss": 1.2793776854800456, "elapsed_time": 87.08278942108154}
