{"event": "hyperparameters_configured", "timestamp": 1769649537.4093294, "block_size": 64, "vocab_size": 16000, "n_layer": 8, "n_head": 9, "d_model": 576, "dropout": 0.0, "mlp_ratio": 5.0, "activation": "gelu", "residual_scaling": true, "batch_size": 128, "lr": 0.0003, "weight_decay": 0.1, "evals_per_epoch": 3, "batch_mode": "random", "optimizer": "adamw", "scheduler": "warmup_cosine", "warmup_fraction": 0.05, "normalizer": "none", "pre_tokenizer": "bytelevel", "eos_handling": "string_join", "min_frequency": 2, "domain_tokens": true, "epochs": 7, "seed": 1337, "num_titles": 100000, "val_frac": 0.1, "log_file": "./logs/exp-min-freq.log"}
{"event": "device_info", "timestamp": 1769649537.426765, "device": "cuda"}
{"event": "dataset_info", "timestamp": 1769649547.5454712, "titles_count": 90000, "epochs": 7, "batches_per_epoch": 133, "tokens_per_epoch": 1090105, "vocab_size": 16000}
{"event": "model_info", "timestamp": 1769649547.9849694, "parameters_count": 46477440}
{"event": "training_step", "timestamp": 1769649548.6070845, "step": 1, "max_steps": 931, "loss": 9.783167839050293, "elapsed_time": 0.19275665283203125, "prnt": false}
{"event": "validation_step", "timestamp": 1769649548.989409, "step": 1, "max_steps": 931, "loss": 2.102789758814773, "elapsed_time": 0.19275665283203125}
{"event": "training_step", "timestamp": 1769649549.0741363, "step": 2, "max_steps": 931, "loss": 9.783357620239258, "elapsed_time": 0.5829424858093262, "prnt": false}
{"event": "training_step", "timestamp": 1769649549.1585617, "step": 3, "max_steps": 931, "loss": 9.639348983764648, "elapsed_time": 0.6673169136047363, "prnt": false}
{"event": "training_step", "timestamp": 1769649549.2430632, "step": 4, "max_steps": 931, "loss": 9.421770095825195, "elapsed_time": 0.7515649795532227, "prnt": false}
{"event": "training_step", "timestamp": 1769649549.32775, "step": 5, "max_steps": 931, "loss": 9.214204788208008, "elapsed_time": 0.8362724781036377, "prnt": false}
{"event": "training_step", "timestamp": 1769649549.4124482, "step": 6, "max_steps": 931, "loss": 9.102188110351562, "elapsed_time": 0.9209291934967041, "prnt": false}
{"event": "training_step", "timestamp": 1769649549.4968855, "step": 7, "max_steps": 931, "loss": 9.005766868591309, "elapsed_time": 1.005664587020874, "prnt": false}
{"event": "training_step", "timestamp": 1769649549.581257, "step": 8, "max_steps": 931, "loss": 8.950043678283691, "elapsed_time": 1.0899171829223633, "prnt": false}
{"event": "training_step", "timestamp": 1769649549.6655934, "step": 9, "max_steps": 931, "loss": 8.909308433532715, "elapsed_time": 1.1741969585418701, "prnt": false}
{"event": "training_step", "timestamp": 1769649549.749968, "step": 10, "max_steps": 931, "loss": 8.850273132324219, "elapsed_time": 1.2586219310760498, "prnt": false}
{"event": "training_step", "timestamp": 1769649549.8344712, "step": 11, "max_steps": 931, "loss": 8.817081451416016, "elapsed_time": 1.3429970741271973, "prnt": false}
{"event": "training_step", "timestamp": 1769649549.918853, "step": 12, "max_steps": 931, "loss": 8.798812866210938, "elapsed_time": 1.4276061058044434, "prnt": false}
{"event": "training_step", "timestamp": 1769649550.0032365, "step": 13, "max_steps": 931, "loss": 8.746599197387695, "elapsed_time": 1.5117058753967285, "prnt": false}
{"event": "training_step", "timestamp": 1769649550.087833, "step": 14, "max_steps": 931, "loss": 8.729439735412598, "elapsed_time": 1.5964789390563965, "prnt": false}
{"event": "training_step", "timestamp": 1769649550.1723843, "step": 15, "max_steps": 931, "loss": 8.679410934448242, "elapsed_time": 1.6808311939239502, "prnt": false}
{"event": "training_step", "timestamp": 1769649550.2569463, "step": 16, "max_steps": 931, "loss": 8.624032974243164, "elapsed_time": 1.765406608581543, "prnt": false}
{"event": "training_step", "timestamp": 1769649550.3413334, "step": 17, "max_steps": 931, "loss": 8.574883460998535, "elapsed_time": 1.850050926208496, "prnt": false}
{"event": "training_step", "timestamp": 1769649550.4261456, "step": 18, "max_steps": 931, "loss": 8.504842758178711, "elapsed_time": 1.9349451065063477, "prnt": false}
{"event": "training_step", "timestamp": 1769649550.5106938, "step": 19, "max_steps": 931, "loss": 8.44107723236084, "elapsed_time": 2.019300937652588, "prnt": false}
{"event": "training_step", "timestamp": 1769649550.5952246, "step": 20, "max_steps": 931, "loss": 8.435738563537598, "elapsed_time": 2.1036601066589355, "prnt": false}
{"event": "training_step", "timestamp": 1769649550.6795592, "step": 21, "max_steps": 931, "loss": 8.368380546569824, "elapsed_time": 2.1882073879241943, "prnt": false}
{"event": "training_step", "timestamp": 1769649550.76432, "step": 22, "max_steps": 931, "loss": 8.325525283813477, "elapsed_time": 2.2727482318878174, "prnt": false}
{"event": "training_step", "timestamp": 1769649550.8488595, "step": 23, "max_steps": 931, "loss": 8.271036148071289, "elapsed_time": 2.3578224182128906, "prnt": false}
{"event": "training_step", "timestamp": 1769649550.9337516, "step": 24, "max_steps": 931, "loss": 8.207297325134277, "elapsed_time": 2.4428656101226807, "prnt": false}
{"event": "training_step", "timestamp": 1769649551.0182078, "step": 25, "max_steps": 931, "loss": 8.1591796875, "elapsed_time": 2.5272254943847656, "prnt": false}
{"event": "training_step", "timestamp": 1769649551.1027973, "step": 26, "max_steps": 931, "loss": 8.1350679397583, "elapsed_time": 2.6115567684173584, "prnt": false}
{"event": "training_step", "timestamp": 1769649551.1870706, "step": 27, "max_steps": 931, "loss": 8.051939964294434, "elapsed_time": 2.695960283279419, "prnt": false}
{"event": "training_step", "timestamp": 1769649551.2716584, "step": 28, "max_steps": 931, "loss": 8.002934455871582, "elapsed_time": 2.7806708812713623, "prnt": false}
{"event": "training_step", "timestamp": 1769649551.3562624, "step": 29, "max_steps": 931, "loss": 7.938720703125, "elapsed_time": 2.86506986618042, "prnt": false}
{"event": "training_step", "timestamp": 1769649551.440979, "step": 30, "max_steps": 931, "loss": 7.908829212188721, "elapsed_time": 2.9503016471862793, "prnt": false}
{"event": "training_step", "timestamp": 1769649551.5255191, "step": 31, "max_steps": 931, "loss": 7.83750057220459, "elapsed_time": 3.0348970890045166, "prnt": false}
{"event": "training_step", "timestamp": 1769649551.6100655, "step": 32, "max_steps": 931, "loss": 7.810563564300537, "elapsed_time": 3.118788719177246, "prnt": false}
{"event": "training_step", "timestamp": 1769649551.6944284, "step": 33, "max_steps": 931, "loss": 7.792586803436279, "elapsed_time": 3.2029917240142822, "prnt": false}
{"event": "training_step", "timestamp": 1769649551.7787554, "step": 34, "max_steps": 931, "loss": 7.7328009605407715, "elapsed_time": 3.2874608039855957, "prnt": false}
{"event": "training_step", "timestamp": 1769649551.8629787, "step": 35, "max_steps": 931, "loss": 7.68926477432251, "elapsed_time": 3.3716986179351807, "prnt": false}
{"event": "training_step", "timestamp": 1769649551.947542, "step": 36, "max_steps": 931, "loss": 7.668684959411621, "elapsed_time": 3.456098794937134, "prnt": false}
{"event": "training_step", "timestamp": 1769649552.032103, "step": 37, "max_steps": 931, "loss": 7.5794358253479, "elapsed_time": 3.5405118465423584, "prnt": false}
{"event": "training_step", "timestamp": 1769649552.116589, "step": 38, "max_steps": 931, "loss": 7.614607810974121, "elapsed_time": 3.625239610671997, "prnt": false}
{"event": "training_step", "timestamp": 1769649552.200894, "step": 39, "max_steps": 931, "loss": 7.513483047485352, "elapsed_time": 3.7095417976379395, "prnt": false}
{"event": "training_step", "timestamp": 1769649552.2851906, "step": 40, "max_steps": 931, "loss": 7.5855712890625, "elapsed_time": 3.794008493423462, "prnt": false}
{"event": "training_step", "timestamp": 1769649552.369638, "step": 41, "max_steps": 931, "loss": 7.508224964141846, "elapsed_time": 3.878443956375122, "prnt": false}
{"event": "training_step", "timestamp": 1769649552.4542935, "step": 42, "max_steps": 931, "loss": 7.50685977935791, "elapsed_time": 3.9630837440490723, "prnt": false}
{"event": "training_step", "timestamp": 1769649552.5387905, "step": 43, "max_steps": 931, "loss": 7.50282621383667, "elapsed_time": 4.048060417175293, "prnt": false}
{"event": "training_step", "timestamp": 1769649552.6233428, "step": 44, "max_steps": 931, "loss": 7.491718769073486, "elapsed_time": 4.132193088531494, "prnt": false}
{"event": "validation_step", "timestamp": 1769649553.0064015, "step": 44, "max_steps": 931, "loss": 1.6086164185334273, "elapsed_time": 4.132193088531494}
{"event": "training_step", "timestamp": 1769649553.0916057, "step": 45, "max_steps": 931, "loss": 7.508821487426758, "elapsed_time": 4.600184440612793, "prnt": false}
{"event": "training_step", "timestamp": 1769649553.1760688, "step": 46, "max_steps": 931, "loss": 7.435725688934326, "elapsed_time": 4.684677600860596, "prnt": false}
{"event": "training_step", "timestamp": 1769649553.2605307, "step": 47, "max_steps": 931, "loss": 7.41837739944458, "elapsed_time": 4.769423961639404, "prnt": false}
{"event": "training_step", "timestamp": 1769649553.3452082, "step": 48, "max_steps": 931, "loss": 7.437272548675537, "elapsed_time": 4.854090452194214, "prnt": false}
{"event": "training_step", "timestamp": 1769649553.4296997, "step": 49, "max_steps": 931, "loss": 7.420940399169922, "elapsed_time": 4.938257455825806, "prnt": false}
{"event": "training_step", "timestamp": 1769649553.5142612, "step": 50, "max_steps": 931, "loss": 7.408436298370361, "elapsed_time": 5.022690057754517, "prnt": false}
{"event": "training_step", "timestamp": 1769649553.598642, "step": 51, "max_steps": 931, "loss": 7.401634216308594, "elapsed_time": 5.107199668884277, "prnt": false}
{"event": "training_step", "timestamp": 1769649553.6831229, "step": 52, "max_steps": 931, "loss": 7.389210224151611, "elapsed_time": 5.191643714904785, "prnt": false}
{"event": "training_step", "timestamp": 1769649553.7677832, "step": 53, "max_steps": 931, "loss": 7.468357563018799, "elapsed_time": 5.276552677154541, "prnt": false}
{"event": "training_step", "timestamp": 1769649553.8526702, "step": 54, "max_steps": 931, "loss": 7.4047746658325195, "elapsed_time": 5.360783815383911, "prnt": false}
{"event": "training_step", "timestamp": 1769649553.937154, "step": 55, "max_steps": 931, "loss": 7.299943923950195, "elapsed_time": 5.445653200149536, "prnt": false}
{"event": "training_step", "timestamp": 1769649554.0217109, "step": 56, "max_steps": 931, "loss": 7.35072135925293, "elapsed_time": 5.530161619186401, "prnt": false}
{"event": "training_step", "timestamp": 1769649554.1064694, "step": 57, "max_steps": 931, "loss": 7.319458484649658, "elapsed_time": 5.614995241165161, "prnt": false}
{"event": "training_step", "timestamp": 1769649554.1913018, "step": 58, "max_steps": 931, "loss": 7.296055793762207, "elapsed_time": 5.699599266052246, "prnt": false}
{"event": "training_step", "timestamp": 1769649554.2759233, "step": 59, "max_steps": 931, "loss": 7.296871185302734, "elapsed_time": 5.784296274185181, "prnt": false}
{"event": "training_step", "timestamp": 1769649554.360516, "step": 60, "max_steps": 931, "loss": 7.338267803192139, "elapsed_time": 5.869159698486328, "prnt": false}
{"event": "training_step", "timestamp": 1769649554.4452653, "step": 61, "max_steps": 931, "loss": 7.291414260864258, "elapsed_time": 5.954125165939331, "prnt": false}
{"event": "training_step", "timestamp": 1769649554.5299454, "step": 62, "max_steps": 931, "loss": 7.288540840148926, "elapsed_time": 6.038394451141357, "prnt": false}
{"event": "training_step", "timestamp": 1769649554.6144757, "step": 63, "max_steps": 931, "loss": 7.239140510559082, "elapsed_time": 6.122951984405518, "prnt": false}
{"event": "training_step", "timestamp": 1769649554.6990697, "step": 64, "max_steps": 931, "loss": 7.32435417175293, "elapsed_time": 6.207347869873047, "prnt": false}
{"event": "training_step", "timestamp": 1769649554.783728, "step": 65, "max_steps": 931, "loss": 7.233513832092285, "elapsed_time": 6.29206919670105, "prnt": false}
{"event": "training_step", "timestamp": 1769649554.8683584, "step": 66, "max_steps": 931, "loss": 7.261270046234131, "elapsed_time": 6.376861810684204, "prnt": false}
{"event": "training_step", "timestamp": 1769649554.952973, "step": 67, "max_steps": 931, "loss": 7.200771331787109, "elapsed_time": 6.461349964141846, "prnt": false}
{"event": "training_step", "timestamp": 1769649555.037499, "step": 68, "max_steps": 931, "loss": 7.224404811859131, "elapsed_time": 6.546111345291138, "prnt": false}
{"event": "training_step", "timestamp": 1769649555.1221025, "step": 69, "max_steps": 931, "loss": 7.188195705413818, "elapsed_time": 6.630842924118042, "prnt": false}
{"event": "training_step", "timestamp": 1769649555.2067738, "step": 70, "max_steps": 931, "loss": 7.1929121017456055, "elapsed_time": 6.715251922607422, "prnt": false}
{"event": "training_step", "timestamp": 1769649555.2915504, "step": 71, "max_steps": 931, "loss": 7.160073757171631, "elapsed_time": 6.799702882766724, "prnt": false}
{"event": "training_step", "timestamp": 1769649555.3761683, "step": 72, "max_steps": 931, "loss": 7.159803867340088, "elapsed_time": 6.884861707687378, "prnt": false}
{"event": "training_step", "timestamp": 1769649555.4606316, "step": 73, "max_steps": 931, "loss": 7.171091079711914, "elapsed_time": 6.969075441360474, "prnt": false}
{"event": "training_step", "timestamp": 1769649555.545182, "step": 74, "max_steps": 931, "loss": 7.0759124755859375, "elapsed_time": 7.053754806518555, "prnt": false}
{"event": "training_step", "timestamp": 1769649555.6297746, "step": 75, "max_steps": 931, "loss": 7.1330413818359375, "elapsed_time": 7.13811731338501, "prnt": false}
{"event": "training_step", "timestamp": 1769649555.7144427, "step": 76, "max_steps": 931, "loss": 7.0898919105529785, "elapsed_time": 7.222980260848999, "prnt": false}
{"event": "training_step", "timestamp": 1769649555.7991586, "step": 77, "max_steps": 931, "loss": 7.071845531463623, "elapsed_time": 7.307375192642212, "prnt": false}
{"event": "training_step", "timestamp": 1769649555.883863, "step": 78, "max_steps": 931, "loss": 7.087713241577148, "elapsed_time": 7.39243483543396, "prnt": false}
{"event": "training_step", "timestamp": 1769649555.9686718, "step": 79, "max_steps": 931, "loss": 7.051911354064941, "elapsed_time": 7.4769368171691895, "prnt": false}
{"event": "training_step", "timestamp": 1769649556.053375, "step": 80, "max_steps": 931, "loss": 7.116502285003662, "elapsed_time": 7.561800003051758, "prnt": false}
{"event": "training_step", "timestamp": 1769649556.1380966, "step": 81, "max_steps": 931, "loss": 7.027775287628174, "elapsed_time": 7.646636009216309, "prnt": false}
{"event": "training_step", "timestamp": 1769649556.2227068, "step": 82, "max_steps": 931, "loss": 7.073318958282471, "elapsed_time": 7.7312421798706055, "prnt": false}
{"event": "training_step", "timestamp": 1769649556.3074343, "step": 83, "max_steps": 931, "loss": 6.991446018218994, "elapsed_time": 7.815599679946899, "prnt": false}
{"event": "training_step", "timestamp": 1769649556.3924751, "step": 84, "max_steps": 931, "loss": 7.0660271644592285, "elapsed_time": 7.900804042816162, "prnt": false}
{"event": "training_step", "timestamp": 1769649556.4772463, "step": 85, "max_steps": 931, "loss": 6.975340843200684, "elapsed_time": 7.986218690872192, "prnt": false}
{"event": "training_step", "timestamp": 1769649556.5619545, "step": 86, "max_steps": 931, "loss": 6.937651634216309, "elapsed_time": 8.07071042060852, "prnt": false}
{"event": "training_step", "timestamp": 1769649556.6467552, "step": 87, "max_steps": 931, "loss": 6.9901957511901855, "elapsed_time": 8.154968500137329, "prnt": false}
{"event": "training_step", "timestamp": 1769649556.7318096, "step": 88, "max_steps": 931, "loss": 6.955423831939697, "elapsed_time": 8.240082740783691, "prnt": false}
{"event": "validation_step", "timestamp": 1769649557.1156034, "step": 88, "max_steps": 931, "loss": 1.5154271263775718, "elapsed_time": 8.240082740783691}
{"event": "training_step", "timestamp": 1769649557.200963, "step": 89, "max_steps": 931, "loss": 7.002382278442383, "elapsed_time": 8.709120035171509, "prnt": false}
{"event": "training_step", "timestamp": 1769649557.2857852, "step": 90, "max_steps": 931, "loss": 6.98850154876709, "elapsed_time": 8.794214248657227, "prnt": false}
{"event": "training_step", "timestamp": 1769649557.3708067, "step": 91, "max_steps": 931, "loss": 6.95909309387207, "elapsed_time": 8.878885984420776, "prnt": false}
{"event": "training_step", "timestamp": 1769649557.4555042, "step": 92, "max_steps": 931, "loss": 6.932015419006348, "elapsed_time": 8.963773250579834, "prnt": false}
{"event": "training_step", "timestamp": 1769649557.540208, "step": 93, "max_steps": 931, "loss": 6.971706390380859, "elapsed_time": 9.04845118522644, "prnt": false}
{"event": "training_step", "timestamp": 1769649557.624911, "step": 94, "max_steps": 931, "loss": 6.940830707550049, "elapsed_time": 9.133247137069702, "prnt": false}
{"event": "training_step", "timestamp": 1769649557.7098627, "step": 95, "max_steps": 931, "loss": 6.968994140625, "elapsed_time": 9.217878103256226, "prnt": false}
{"event": "training_step", "timestamp": 1769649557.794646, "step": 96, "max_steps": 931, "loss": 6.966299057006836, "elapsed_time": 9.302998781204224, "prnt": false}
{"event": "training_step", "timestamp": 1769649557.879306, "step": 97, "max_steps": 931, "loss": 6.932338237762451, "elapsed_time": 9.387712478637695, "prnt": false}
{"event": "training_step", "timestamp": 1769649557.964042, "step": 98, "max_steps": 931, "loss": 6.964575290679932, "elapsed_time": 9.472261428833008, "prnt": false}
{"event": "training_step", "timestamp": 1769649558.0487857, "step": 99, "max_steps": 931, "loss": 6.895017147064209, "elapsed_time": 9.557029008865356, "prnt": false}
{"event": "training_step", "timestamp": 1769649558.1336994, "step": 100, "max_steps": 931, "loss": 6.861922740936279, "elapsed_time": 9.642191410064697, "prnt": false}
{"event": "training_step", "timestamp": 1769649558.218434, "step": 101, "max_steps": 931, "loss": 6.881725788116455, "elapsed_time": 9.726800680160522, "prnt": false}
{"event": "training_step", "timestamp": 1769649558.3036025, "step": 102, "max_steps": 931, "loss": 6.8542022705078125, "elapsed_time": 9.81254768371582, "prnt": false}
{"event": "training_step", "timestamp": 1769649558.3888981, "step": 103, "max_steps": 931, "loss": 6.868483543395996, "elapsed_time": 9.897472143173218, "prnt": false}
{"event": "training_step", "timestamp": 1769649558.474077, "step": 104, "max_steps": 931, "loss": 6.960302829742432, "elapsed_time": 9.982800483703613, "prnt": false}
{"event": "training_step", "timestamp": 1769649558.559061, "step": 105, "max_steps": 931, "loss": 6.889243125915527, "elapsed_time": 10.067702293395996, "prnt": false}
{"event": "training_step", "timestamp": 1769649558.6441011, "step": 106, "max_steps": 931, "loss": 6.806108474731445, "elapsed_time": 10.15283727645874, "prnt": false}
{"event": "training_step", "timestamp": 1769649558.7293081, "step": 107, "max_steps": 931, "loss": 6.848217010498047, "elapsed_time": 10.237910032272339, "prnt": false}
{"event": "training_step", "timestamp": 1769649558.8144727, "step": 108, "max_steps": 931, "loss": 6.815047264099121, "elapsed_time": 10.323428869247437, "prnt": false}
{"event": "training_step", "timestamp": 1769649558.8993943, "step": 109, "max_steps": 931, "loss": 6.8874053955078125, "elapsed_time": 10.408002853393555, "prnt": false}
{"event": "training_step", "timestamp": 1769649558.985328, "step": 110, "max_steps": 931, "loss": 6.883283615112305, "elapsed_time": 10.497369766235352, "prnt": false}
{"event": "training_step", "timestamp": 1769649559.071452, "step": 111, "max_steps": 931, "loss": 6.805212497711182, "elapsed_time": 10.583192348480225, "prnt": false}
{"event": "training_step", "timestamp": 1769649559.1565728, "step": 112, "max_steps": 931, "loss": 6.858029842376709, "elapsed_time": 10.665709972381592, "prnt": false}
{"event": "training_step", "timestamp": 1769649559.241529, "step": 113, "max_steps": 931, "loss": 6.83452844619751, "elapsed_time": 10.750446319580078, "prnt": false}
{"event": "training_step", "timestamp": 1769649559.3266573, "step": 114, "max_steps": 931, "loss": 6.8179240226745605, "elapsed_time": 10.835201740264893, "prnt": false}
{"event": "training_step", "timestamp": 1769649559.4117749, "step": 115, "max_steps": 931, "loss": 6.873483180999756, "elapsed_time": 10.920747518539429, "prnt": false}
{"event": "training_step", "timestamp": 1769649559.496884, "step": 116, "max_steps": 931, "loss": 6.793728351593018, "elapsed_time": 11.005957126617432, "prnt": false}
{"event": "training_step", "timestamp": 1769649559.5817165, "step": 117, "max_steps": 931, "loss": 6.736623287200928, "elapsed_time": 11.090622425079346, "prnt": false}
{"event": "training_step", "timestamp": 1769649559.6670961, "step": 118, "max_steps": 931, "loss": 6.804319381713867, "elapsed_time": 11.175893545150757, "prnt": false}
{"event": "training_step", "timestamp": 1769649559.7521641, "step": 119, "max_steps": 931, "loss": 6.798079490661621, "elapsed_time": 11.260831594467163, "prnt": false}
{"event": "training_step", "timestamp": 1769649559.8373492, "step": 120, "max_steps": 931, "loss": 6.793111801147461, "elapsed_time": 11.345975637435913, "prnt": false}
{"event": "training_step", "timestamp": 1769649559.9223828, "step": 121, "max_steps": 931, "loss": 6.765586853027344, "elapsed_time": 11.431509017944336, "prnt": false}
{"event": "training_step", "timestamp": 1769649560.0076556, "step": 122, "max_steps": 931, "loss": 6.817723751068115, "elapsed_time": 11.516567707061768, "prnt": false}
{"event": "training_step", "timestamp": 1769649560.0926888, "step": 123, "max_steps": 931, "loss": 6.7287678718566895, "elapsed_time": 11.60154676437378, "prnt": false}
{"event": "training_step", "timestamp": 1769649560.1777632, "step": 124, "max_steps": 931, "loss": 6.713127136230469, "elapsed_time": 11.68658995628357, "prnt": false}
{"event": "training_step", "timestamp": 1769649560.2627795, "step": 125, "max_steps": 931, "loss": 6.718746662139893, "elapsed_time": 11.771393775939941, "prnt": false}
{"event": "training_step", "timestamp": 1769649560.3481102, "step": 126, "max_steps": 931, "loss": 6.685718059539795, "elapsed_time": 11.857194423675537, "prnt": false}
{"event": "training_step", "timestamp": 1769649560.4333527, "step": 127, "max_steps": 931, "loss": 6.732588291168213, "elapsed_time": 11.94184398651123, "prnt": false}
{"event": "training_step", "timestamp": 1769649560.5185742, "step": 128, "max_steps": 931, "loss": 6.743919849395752, "elapsed_time": 12.027178764343262, "prnt": false}
{"event": "training_step", "timestamp": 1769649560.6035268, "step": 129, "max_steps": 931, "loss": 6.740297794342041, "elapsed_time": 12.112340450286865, "prnt": false}
{"event": "training_step", "timestamp": 1769649560.6888785, "step": 130, "max_steps": 931, "loss": 6.730447769165039, "elapsed_time": 12.197630405426025, "prnt": false}
{"event": "training_step", "timestamp": 1769649560.7740636, "step": 131, "max_steps": 931, "loss": 6.685105800628662, "elapsed_time": 12.282821655273438, "prnt": false}
{"event": "training_step", "timestamp": 1769649560.8592994, "step": 132, "max_steps": 931, "loss": 6.732385158538818, "elapsed_time": 12.368256092071533, "prnt": false}
{"event": "validation_step", "timestamp": 1769649561.2447686, "step": 132, "max_steps": 931, "loss": 1.4583749054940698, "elapsed_time": 12.368256092071533}
{"event": "training_step", "timestamp": 1769649561.3310235, "step": 133, "max_steps": 931, "loss": 6.744559288024902, "elapsed_time": 12.841829776763916, "prnt": false}
{"event": "training_step", "timestamp": 1769649561.4163005, "step": 134, "max_steps": 931, "loss": 6.6324286460876465, "elapsed_time": 12.92525839805603, "prnt": false}
{"event": "training_step", "timestamp": 1769649561.5014222, "step": 135, "max_steps": 931, "loss": 6.67173433303833, "elapsed_time": 13.01037049293518, "prnt": false}
{"event": "training_step", "timestamp": 1769649561.5866508, "step": 136, "max_steps": 931, "loss": 6.633174419403076, "elapsed_time": 13.09583330154419, "prnt": false}
{"event": "training_step", "timestamp": 1769649561.6720097, "step": 137, "max_steps": 931, "loss": 6.731988906860352, "elapsed_time": 13.180629253387451, "prnt": false}
{"event": "training_step", "timestamp": 1769649561.7571719, "step": 138, "max_steps": 931, "loss": 6.71561336517334, "elapsed_time": 13.266253471374512, "prnt": false}
{"event": "training_step", "timestamp": 1769649561.842281, "step": 139, "max_steps": 931, "loss": 6.6589202880859375, "elapsed_time": 13.351076364517212, "prnt": false}
{"event": "training_step", "timestamp": 1769649561.927288, "step": 140, "max_steps": 931, "loss": 6.72047233581543, "elapsed_time": 13.43566608428955, "prnt": false}
{"event": "training_step", "timestamp": 1769649562.012157, "step": 141, "max_steps": 931, "loss": 6.6284332275390625, "elapsed_time": 13.520273685455322, "prnt": false}
{"event": "training_step", "timestamp": 1769649562.0970948, "step": 142, "max_steps": 931, "loss": 6.630397319793701, "elapsed_time": 13.605479001998901, "prnt": false}
{"event": "training_step", "timestamp": 1769649562.1823554, "step": 143, "max_steps": 931, "loss": 6.648889541625977, "elapsed_time": 13.69112229347229, "prnt": false}
{"event": "training_step", "timestamp": 1769649562.2676852, "step": 144, "max_steps": 931, "loss": 6.5924482345581055, "elapsed_time": 13.776223421096802, "prnt": false}
{"event": "training_step", "timestamp": 1769649562.3531308, "step": 145, "max_steps": 931, "loss": 6.589441299438477, "elapsed_time": 13.862188339233398, "prnt": false}
{"event": "training_step", "timestamp": 1769649562.4383304, "step": 146, "max_steps": 931, "loss": 6.585290908813477, "elapsed_time": 13.94743824005127, "prnt": false}
{"event": "training_step", "timestamp": 1769649562.5234222, "step": 147, "max_steps": 931, "loss": 6.616860389709473, "elapsed_time": 14.031720638275146, "prnt": false}
{"event": "training_step", "timestamp": 1769649562.6087577, "step": 148, "max_steps": 931, "loss": 6.613969326019287, "elapsed_time": 14.116746187210083, "prnt": false}
{"event": "training_step", "timestamp": 1769649562.6937754, "step": 149, "max_steps": 931, "loss": 6.55466365814209, "elapsed_time": 14.201747179031372, "prnt": false}
{"event": "training_step", "timestamp": 1769649562.7792368, "step": 150, "max_steps": 931, "loss": 6.667558670043945, "elapsed_time": 14.288243055343628, "prnt": false}
{"event": "training_step", "timestamp": 1769649562.86477, "step": 151, "max_steps": 931, "loss": 6.608415126800537, "elapsed_time": 14.373648405075073, "prnt": false}
{"event": "training_step", "timestamp": 1769649562.9503615, "step": 152, "max_steps": 931, "loss": 6.57594108581543, "elapsed_time": 14.4592604637146, "prnt": false}
{"event": "training_step", "timestamp": 1769649563.0356934, "step": 153, "max_steps": 931, "loss": 6.605113983154297, "elapsed_time": 14.545001745223999, "prnt": false}
{"event": "training_step", "timestamp": 1769649563.121117, "step": 154, "max_steps": 931, "loss": 6.644150257110596, "elapsed_time": 14.630557775497437, "prnt": false}
{"event": "training_step", "timestamp": 1769649563.2064574, "step": 155, "max_steps": 931, "loss": 6.571156024932861, "elapsed_time": 14.715518236160278, "prnt": false}
{"event": "training_step", "timestamp": 1769649563.2920287, "step": 156, "max_steps": 931, "loss": 6.615324020385742, "elapsed_time": 14.800797939300537, "prnt": false}
{"event": "training_step", "timestamp": 1769649563.3772187, "step": 157, "max_steps": 931, "loss": 6.540113925933838, "elapsed_time": 14.886181354522705, "prnt": false}
{"event": "training_step", "timestamp": 1769649563.4621675, "step": 158, "max_steps": 931, "loss": 6.58006477355957, "elapsed_time": 14.970761775970459, "prnt": false}
{"event": "training_step", "timestamp": 1769649563.547102, "step": 159, "max_steps": 931, "loss": 6.518588542938232, "elapsed_time": 15.055083274841309, "prnt": false}
{"event": "training_step", "timestamp": 1769649563.6320825, "step": 160, "max_steps": 931, "loss": 6.556551933288574, "elapsed_time": 15.14018201828003, "prnt": false}
{"event": "training_step", "timestamp": 1769649563.7168925, "step": 161, "max_steps": 931, "loss": 6.566078186035156, "elapsed_time": 15.225012302398682, "prnt": false}
{"event": "training_step", "timestamp": 1769649563.80185, "step": 162, "max_steps": 931, "loss": 6.530814170837402, "elapsed_time": 15.30993103981018, "prnt": false}
{"event": "training_step", "timestamp": 1769649563.8867185, "step": 163, "max_steps": 931, "loss": 6.522485256195068, "elapsed_time": 15.394744634628296, "prnt": false}
{"event": "training_step", "timestamp": 1769649563.9717867, "step": 164, "max_steps": 931, "loss": 6.584048748016357, "elapsed_time": 15.479715824127197, "prnt": false}
{"event": "training_step", "timestamp": 1769649564.056656, "step": 165, "max_steps": 931, "loss": 6.539255619049072, "elapsed_time": 15.56464171409607, "prnt": false}
{"event": "training_step", "timestamp": 1769649564.1415277, "step": 166, "max_steps": 931, "loss": 6.530524730682373, "elapsed_time": 15.649788618087769, "prnt": false}
{"event": "training_step", "timestamp": 1769649564.2264605, "step": 167, "max_steps": 931, "loss": 6.500608921051025, "elapsed_time": 15.734441041946411, "prnt": false}
{"event": "training_step", "timestamp": 1769649564.3114498, "step": 168, "max_steps": 931, "loss": 6.478143215179443, "elapsed_time": 15.81951904296875, "prnt": false}
{"event": "training_step", "timestamp": 1769649564.3963528, "step": 169, "max_steps": 931, "loss": 6.46952486038208, "elapsed_time": 15.904680728912354, "prnt": false}
{"event": "training_step", "timestamp": 1769649564.4813597, "step": 170, "max_steps": 931, "loss": 6.5509257316589355, "elapsed_time": 15.98962950706482, "prnt": false}
{"event": "training_step", "timestamp": 1769649564.566321, "step": 171, "max_steps": 931, "loss": 6.494915008544922, "elapsed_time": 16.074424743652344, "prnt": false}
{"event": "training_step", "timestamp": 1769649564.651456, "step": 172, "max_steps": 931, "loss": 6.475159168243408, "elapsed_time": 16.15963125228882, "prnt": false}
{"event": "training_step", "timestamp": 1769649564.7362921, "step": 173, "max_steps": 931, "loss": 6.508205890655518, "elapsed_time": 16.244415998458862, "prnt": false}
{"event": "training_step", "timestamp": 1769649564.8212185, "step": 174, "max_steps": 931, "loss": 6.453333377838135, "elapsed_time": 16.329317092895508, "prnt": false}
{"event": "training_step", "timestamp": 1769649564.9062393, "step": 175, "max_steps": 931, "loss": 6.508170127868652, "elapsed_time": 16.414512157440186, "prnt": false}
{"event": "training_step", "timestamp": 1769649564.9912293, "step": 176, "max_steps": 931, "loss": 6.490346908569336, "elapsed_time": 16.499278783798218, "prnt": false}
{"event": "validation_step", "timestamp": 1769649565.376599, "step": 176, "max_steps": 931, "loss": 1.4191685886192595, "elapsed_time": 16.499278783798218}
{"event": "training_step", "timestamp": 1769649565.4621506, "step": 177, "max_steps": 931, "loss": 6.4732666015625, "elapsed_time": 16.970115661621094, "prnt": false}
{"event": "training_step", "timestamp": 1769649565.5474286, "step": 178, "max_steps": 931, "loss": 6.5005598068237305, "elapsed_time": 17.05550456047058, "prnt": false}
{"event": "training_step", "timestamp": 1769649565.6324303, "step": 179, "max_steps": 931, "loss": 6.4903035163879395, "elapsed_time": 17.14045286178589, "prnt": false}
{"event": "training_step", "timestamp": 1769649565.7174664, "step": 180, "max_steps": 931, "loss": 6.478610038757324, "elapsed_time": 17.225453853607178, "prnt": false}
{"event": "training_step", "timestamp": 1769649565.8024945, "step": 181, "max_steps": 931, "loss": 6.407078266143799, "elapsed_time": 17.310356855392456, "prnt": false}
{"event": "training_step", "timestamp": 1769649565.887671, "step": 182, "max_steps": 931, "loss": 6.484498500823975, "elapsed_time": 17.3955237865448, "prnt": false}
{"event": "training_step", "timestamp": 1769649565.97269, "step": 183, "max_steps": 931, "loss": 6.481300354003906, "elapsed_time": 17.480729341506958, "prnt": false}
{"event": "training_step", "timestamp": 1769649566.0576587, "step": 184, "max_steps": 931, "loss": 6.477304935455322, "elapsed_time": 17.565736770629883, "prnt": false}
{"event": "training_step", "timestamp": 1769649566.1428404, "step": 185, "max_steps": 931, "loss": 6.510743141174316, "elapsed_time": 17.650558471679688, "prnt": false}
{"event": "training_step", "timestamp": 1769649566.22819, "step": 186, "max_steps": 931, "loss": 6.456932544708252, "elapsed_time": 17.73586940765381, "prnt": false}
{"event": "training_step", "timestamp": 1769649566.3131268, "step": 187, "max_steps": 931, "loss": 6.4042534828186035, "elapsed_time": 17.82113027572632, "prnt": false}
{"event": "training_step", "timestamp": 1769649566.3982022, "step": 188, "max_steps": 931, "loss": 6.519657135009766, "elapsed_time": 17.90631628036499, "prnt": false}
{"event": "training_step", "timestamp": 1769649566.4834578, "step": 189, "max_steps": 931, "loss": 6.398276329040527, "elapsed_time": 17.991158962249756, "prnt": false}
{"event": "training_step", "timestamp": 1769649566.5688076, "step": 190, "max_steps": 931, "loss": 6.430083751678467, "elapsed_time": 18.077102184295654, "prnt": false}
{"event": "training_step", "timestamp": 1769649566.6537192, "step": 191, "max_steps": 931, "loss": 6.421408653259277, "elapsed_time": 18.16190791130066, "prnt": false}
{"event": "training_step", "timestamp": 1769649566.738695, "step": 192, "max_steps": 931, "loss": 6.4676713943481445, "elapsed_time": 18.246863842010498, "prnt": false}
{"event": "training_step", "timestamp": 1769649566.8238773, "step": 193, "max_steps": 931, "loss": 6.393424034118652, "elapsed_time": 18.33163022994995, "prnt": false}
{"event": "training_step", "timestamp": 1769649566.9091513, "step": 194, "max_steps": 931, "loss": 6.456206798553467, "elapsed_time": 18.41718316078186, "prnt": false}
{"event": "training_step", "timestamp": 1769649566.9940836, "step": 195, "max_steps": 931, "loss": 6.373009204864502, "elapsed_time": 18.502286434173584, "prnt": false}
{"event": "training_step", "timestamp": 1769649567.0791264, "step": 196, "max_steps": 931, "loss": 6.362915515899658, "elapsed_time": 18.58713412284851, "prnt": false}
{"event": "training_step", "timestamp": 1769649567.1644022, "step": 197, "max_steps": 931, "loss": 6.423266887664795, "elapsed_time": 18.672098636627197, "prnt": false}
{"event": "training_step", "timestamp": 1769649567.2496026, "step": 198, "max_steps": 931, "loss": 6.399953365325928, "elapsed_time": 18.75756072998047, "prnt": false}
{"event": "training_step", "timestamp": 1769649567.3346336, "step": 199, "max_steps": 931, "loss": 6.402532577514648, "elapsed_time": 18.84255814552307, "prnt": false}
{"event": "training_step", "timestamp": 1769649567.4197617, "step": 200, "max_steps": 931, "loss": 6.415524959564209, "elapsed_time": 18.92776918411255, "prnt": false}
{"event": "training_step", "timestamp": 1769649567.5049264, "step": 201, "max_steps": 931, "loss": 6.382112503051758, "elapsed_time": 19.013076305389404, "prnt": false}
{"event": "training_step", "timestamp": 1769649567.5900981, "step": 202, "max_steps": 931, "loss": 6.347726345062256, "elapsed_time": 19.09791111946106, "prnt": false}
{"event": "training_step", "timestamp": 1769649567.6750882, "step": 203, "max_steps": 931, "loss": 6.416550159454346, "elapsed_time": 19.182990312576294, "prnt": false}
{"event": "training_step", "timestamp": 1769649567.7603014, "step": 204, "max_steps": 931, "loss": 6.344621181488037, "elapsed_time": 19.268155813217163, "prnt": false}
{"event": "training_step", "timestamp": 1769649567.8452523, "step": 205, "max_steps": 931, "loss": 6.435116291046143, "elapsed_time": 19.353177070617676, "prnt": false}
{"event": "training_step", "timestamp": 1769649567.930481, "step": 206, "max_steps": 931, "loss": 6.405252933502197, "elapsed_time": 19.438312530517578, "prnt": false}
{"event": "training_step", "timestamp": 1769649568.0154192, "step": 207, "max_steps": 931, "loss": 6.395914077758789, "elapsed_time": 19.52338743209839, "prnt": false}
{"event": "training_step", "timestamp": 1769649568.1005223, "step": 208, "max_steps": 931, "loss": 6.372726917266846, "elapsed_time": 19.608373165130615, "prnt": false}
{"event": "training_step", "timestamp": 1769649568.185617, "step": 209, "max_steps": 931, "loss": 6.371364593505859, "elapsed_time": 19.693432807922363, "prnt": false}
{"event": "training_step", "timestamp": 1769649568.2708185, "step": 210, "max_steps": 931, "loss": 6.328459739685059, "elapsed_time": 19.778579235076904, "prnt": false}
{"event": "training_step", "timestamp": 1769649568.3558705, "step": 211, "max_steps": 931, "loss": 6.361957550048828, "elapsed_time": 19.863771438598633, "prnt": false}
{"event": "training_step", "timestamp": 1769649568.4412916, "step": 212, "max_steps": 931, "loss": 6.397085189819336, "elapsed_time": 19.948970317840576, "prnt": false}
{"event": "training_step", "timestamp": 1769649568.5267527, "step": 213, "max_steps": 931, "loss": 6.297189712524414, "elapsed_time": 20.034888982772827, "prnt": false}
{"event": "training_step", "timestamp": 1769649568.611935, "step": 214, "max_steps": 931, "loss": 6.312904357910156, "elapsed_time": 20.120015144348145, "prnt": false}
{"event": "training_step", "timestamp": 1769649568.697091, "step": 215, "max_steps": 931, "loss": 6.358285427093506, "elapsed_time": 20.204823970794678, "prnt": false}
{"event": "training_step", "timestamp": 1769649568.7822132, "step": 216, "max_steps": 931, "loss": 6.3285932540893555, "elapsed_time": 20.290261268615723, "prnt": false}
{"event": "training_step", "timestamp": 1769649568.867418, "step": 217, "max_steps": 931, "loss": 6.358941078186035, "elapsed_time": 20.375115156173706, "prnt": false}
{"event": "training_step", "timestamp": 1769649568.9524722, "step": 218, "max_steps": 931, "loss": 6.3737616539001465, "elapsed_time": 20.46052050590515, "prnt": false}
{"event": "training_step", "timestamp": 1769649569.0375013, "step": 219, "max_steps": 931, "loss": 6.374927997589111, "elapsed_time": 20.545400857925415, "prnt": false}
{"event": "training_step", "timestamp": 1769649569.1227815, "step": 220, "max_steps": 931, "loss": 6.375487327575684, "elapsed_time": 20.630478382110596, "prnt": false}
{"event": "validation_step", "timestamp": 1769649569.5088336, "step": 220, "max_steps": 931, "loss": 1.3942558762416426, "elapsed_time": 20.630478382110596}
{"event": "training_step", "timestamp": 1769649569.594434, "step": 221, "max_steps": 931, "loss": 6.310553550720215, "elapsed_time": 21.102195262908936, "prnt": false}
{"event": "training_step", "timestamp": 1769649569.6796682, "step": 222, "max_steps": 931, "loss": 6.327638626098633, "elapsed_time": 21.187543153762817, "prnt": false}
{"event": "training_step", "timestamp": 1769649569.764847, "step": 223, "max_steps": 931, "loss": 6.238386631011963, "elapsed_time": 21.272674322128296, "prnt": false}
{"event": "training_step", "timestamp": 1769649569.8500092, "step": 224, "max_steps": 931, "loss": 6.350381374359131, "elapsed_time": 21.357900857925415, "prnt": false}
{"event": "training_step", "timestamp": 1769649569.9351866, "step": 225, "max_steps": 931, "loss": 6.322213649749756, "elapsed_time": 21.442890644073486, "prnt": false}
{"event": "training_step", "timestamp": 1769649570.0204406, "step": 226, "max_steps": 931, "loss": 6.281771183013916, "elapsed_time": 21.528441905975342, "prnt": false}
{"event": "training_step", "timestamp": 1769649570.1056957, "step": 227, "max_steps": 931, "loss": 6.305463790893555, "elapsed_time": 21.61335301399231, "prnt": false}
{"event": "training_step", "timestamp": 1769649570.190866, "step": 228, "max_steps": 931, "loss": 6.2639241218566895, "elapsed_time": 21.698793172836304, "prnt": false}
{"event": "training_step", "timestamp": 1769649570.2761068, "step": 229, "max_steps": 931, "loss": 6.314122676849365, "elapsed_time": 21.78409695625305, "prnt": false}
{"event": "training_step", "timestamp": 1769649570.3614624, "step": 230, "max_steps": 931, "loss": 6.280582904815674, "elapsed_time": 21.869254112243652, "prnt": false}
{"event": "training_step", "timestamp": 1769649570.4467697, "step": 231, "max_steps": 931, "loss": 6.282800674438477, "elapsed_time": 21.95460605621338, "prnt": false}
{"event": "training_step", "timestamp": 1769649570.5320508, "step": 232, "max_steps": 931, "loss": 6.271089553833008, "elapsed_time": 22.040350437164307, "prnt": false}
{"event": "training_step", "timestamp": 1769649570.617165, "step": 233, "max_steps": 931, "loss": 6.317025184631348, "elapsed_time": 22.12537693977356, "prnt": false}
{"event": "training_step", "timestamp": 1769649570.70245, "step": 234, "max_steps": 931, "loss": 6.327325820922852, "elapsed_time": 22.210301637649536, "prnt": false}
{"event": "training_step", "timestamp": 1769649570.7877347, "step": 235, "max_steps": 931, "loss": 6.284189224243164, "elapsed_time": 22.29548215866089, "prnt": false}
{"event": "training_step", "timestamp": 1769649570.8729267, "step": 236, "max_steps": 931, "loss": 6.283510208129883, "elapsed_time": 22.380828857421875, "prnt": false}
{"event": "training_step", "timestamp": 1769649570.9581113, "step": 237, "max_steps": 931, "loss": 6.263452053070068, "elapsed_time": 22.466121673583984, "prnt": false}
{"event": "training_step", "timestamp": 1769649571.0431805, "step": 238, "max_steps": 931, "loss": 6.256694316864014, "elapsed_time": 22.551371097564697, "prnt": false}
{"event": "training_step", "timestamp": 1769649571.1284297, "step": 239, "max_steps": 931, "loss": 6.239963531494141, "elapsed_time": 22.6363742351532, "prnt": false}
{"event": "training_step", "timestamp": 1769649571.2136886, "step": 240, "max_steps": 931, "loss": 6.24522066116333, "elapsed_time": 22.72162961959839, "prnt": false}
{"event": "training_step", "timestamp": 1769649571.2989829, "step": 241, "max_steps": 931, "loss": 6.265660285949707, "elapsed_time": 22.80641460418701, "prnt": false}
{"event": "training_step", "timestamp": 1769649571.3841949, "step": 242, "max_steps": 931, "loss": 6.205946445465088, "elapsed_time": 22.891775608062744, "prnt": false}
{"event": "training_step", "timestamp": 1769649571.4694612, "step": 243, "max_steps": 931, "loss": 6.24183464050293, "elapsed_time": 22.976928234100342, "prnt": false}
{"event": "training_step", "timestamp": 1769649571.5546594, "step": 244, "max_steps": 931, "loss": 6.261962413787842, "elapsed_time": 23.062386989593506, "prnt": false}
{"event": "training_step", "timestamp": 1769649571.6398413, "step": 245, "max_steps": 931, "loss": 6.211260795593262, "elapsed_time": 23.147476196289062, "prnt": false}
{"event": "training_step", "timestamp": 1769649571.7252932, "step": 246, "max_steps": 931, "loss": 6.2687177658081055, "elapsed_time": 23.232679843902588, "prnt": false}
{"event": "training_step", "timestamp": 1769649571.8105204, "step": 247, "max_steps": 931, "loss": 6.198811054229736, "elapsed_time": 23.317951440811157, "prnt": false}
{"event": "training_step", "timestamp": 1769649571.895832, "step": 248, "max_steps": 931, "loss": 6.223595142364502, "elapsed_time": 23.403741598129272, "prnt": false}
{"event": "training_step", "timestamp": 1769649571.9811537, "step": 249, "max_steps": 931, "loss": 6.19072961807251, "elapsed_time": 23.488903522491455, "prnt": false}
{"event": "training_step", "timestamp": 1769649572.0665188, "step": 250, "max_steps": 931, "loss": 6.146952152252197, "elapsed_time": 23.573962211608887, "prnt": false}
{"event": "training_step", "timestamp": 1769649572.1516554, "step": 251, "max_steps": 931, "loss": 6.179585933685303, "elapsed_time": 23.659255981445312, "prnt": false}
{"event": "training_step", "timestamp": 1769649572.2369208, "step": 252, "max_steps": 931, "loss": 6.244600772857666, "elapsed_time": 23.744426250457764, "prnt": false}
{"event": "training_step", "timestamp": 1769649572.3222659, "step": 253, "max_steps": 931, "loss": 6.233582496643066, "elapsed_time": 23.829610586166382, "prnt": false}
{"event": "training_step", "timestamp": 1769649572.4076152, "step": 254, "max_steps": 931, "loss": 6.231733798980713, "elapsed_time": 23.915093183517456, "prnt": false}
{"event": "training_step", "timestamp": 1769649572.4928255, "step": 255, "max_steps": 931, "loss": 6.212486267089844, "elapsed_time": 24.000643014907837, "prnt": false}
{"event": "training_step", "timestamp": 1769649572.578096, "step": 256, "max_steps": 931, "loss": 6.232710838317871, "elapsed_time": 24.08620548248291, "prnt": false}
{"event": "training_step", "timestamp": 1769649572.6632557, "step": 257, "max_steps": 931, "loss": 6.2750701904296875, "elapsed_time": 24.17093586921692, "prnt": false}
{"event": "training_step", "timestamp": 1769649572.748628, "step": 258, "max_steps": 931, "loss": 6.201451778411865, "elapsed_time": 24.25614094734192, "prnt": false}
{"event": "training_step", "timestamp": 1769649572.833733, "step": 259, "max_steps": 931, "loss": 6.205584526062012, "elapsed_time": 24.341402769088745, "prnt": false}
{"event": "training_step", "timestamp": 1769649572.9189644, "step": 260, "max_steps": 931, "loss": 6.145705223083496, "elapsed_time": 24.42661714553833, "prnt": false}
{"event": "training_step", "timestamp": 1769649573.0042477, "step": 261, "max_steps": 931, "loss": 6.239594459533691, "elapsed_time": 24.51170039176941, "prnt": false}
{"event": "training_step", "timestamp": 1769649573.0895765, "step": 262, "max_steps": 931, "loss": 6.178356170654297, "elapsed_time": 24.597134351730347, "prnt": false}
{"event": "training_step", "timestamp": 1769649573.174779, "step": 263, "max_steps": 931, "loss": 6.163039207458496, "elapsed_time": 24.682257413864136, "prnt": false}
{"event": "training_step", "timestamp": 1769649573.2602236, "step": 264, "max_steps": 931, "loss": 6.181855201721191, "elapsed_time": 24.767991065979004, "prnt": false}
{"event": "validation_step", "timestamp": 1769649573.6468265, "step": 264, "max_steps": 931, "loss": 1.3732660607936202, "elapsed_time": 24.767991065979004}
{"event": "training_step", "timestamp": 1769649573.73241, "step": 265, "max_steps": 931, "loss": 6.205423831939697, "elapsed_time": 25.239896059036255, "prnt": false}
{"event": "training_step", "timestamp": 1769649573.8176687, "step": 266, "max_steps": 931, "loss": 6.208284854888916, "elapsed_time": 25.325434684753418, "prnt": false}
{"event": "training_step", "timestamp": 1769649573.903179, "step": 267, "max_steps": 931, "loss": 6.129477500915527, "elapsed_time": 25.410675048828125, "prnt": false}
{"event": "training_step", "timestamp": 1769649573.9885416, "step": 268, "max_steps": 931, "loss": 6.1736955642700195, "elapsed_time": 25.49597978591919, "prnt": false}
{"event": "training_step", "timestamp": 1769649574.0737412, "step": 269, "max_steps": 931, "loss": 6.103518486022949, "elapsed_time": 25.581342697143555, "prnt": false}
{"event": "training_step", "timestamp": 1769649574.1589835, "step": 270, "max_steps": 931, "loss": 6.2082695960998535, "elapsed_time": 25.66675877571106, "prnt": false}
{"event": "training_step", "timestamp": 1769649574.2444136, "step": 271, "max_steps": 931, "loss": 6.183588027954102, "elapsed_time": 25.751801013946533, "prnt": false}
{"event": "training_step", "timestamp": 1769649574.3296776, "step": 272, "max_steps": 931, "loss": 6.231101036071777, "elapsed_time": 25.837231159210205, "prnt": false}
{"event": "training_step", "timestamp": 1769649574.4150565, "step": 273, "max_steps": 931, "loss": 6.159546375274658, "elapsed_time": 25.92263960838318, "prnt": false}
{"event": "training_step", "timestamp": 1769649574.5002227, "step": 274, "max_steps": 931, "loss": 6.174948215484619, "elapsed_time": 26.007901906967163, "prnt": false}
{"event": "training_step", "timestamp": 1769649574.5858145, "step": 275, "max_steps": 931, "loss": 6.159031391143799, "elapsed_time": 26.09384274482727, "prnt": false}
{"event": "training_step", "timestamp": 1769649574.6710138, "step": 276, "max_steps": 931, "loss": 6.138486862182617, "elapsed_time": 26.178641080856323, "prnt": false}
{"event": "training_step", "timestamp": 1769649574.7563255, "step": 277, "max_steps": 931, "loss": 6.1250410079956055, "elapsed_time": 26.263973236083984, "prnt": false}
{"event": "training_step", "timestamp": 1769649574.841659, "step": 278, "max_steps": 931, "loss": 6.109113693237305, "elapsed_time": 26.349323987960815, "prnt": false}
{"event": "training_step", "timestamp": 1769649574.9271286, "step": 279, "max_steps": 931, "loss": 6.130364894866943, "elapsed_time": 26.434544563293457, "prnt": false}
{"event": "training_step", "timestamp": 1769649575.0123446, "step": 280, "max_steps": 931, "loss": 6.199889183044434, "elapsed_time": 26.519895792007446, "prnt": false}
{"event": "training_step", "timestamp": 1769649575.0975518, "step": 281, "max_steps": 931, "loss": 6.140125274658203, "elapsed_time": 26.605180025100708, "prnt": false}
{"event": "training_step", "timestamp": 1769649575.182891, "step": 282, "max_steps": 931, "loss": 6.150094509124756, "elapsed_time": 26.690343379974365, "prnt": false}
{"event": "training_step", "timestamp": 1769649575.2682967, "step": 283, "max_steps": 931, "loss": 6.194324016571045, "elapsed_time": 26.775724411010742, "prnt": false}
{"event": "training_step", "timestamp": 1769649575.353548, "step": 284, "max_steps": 931, "loss": 6.156345367431641, "elapsed_time": 26.861073970794678, "prnt": false}
{"event": "training_step", "timestamp": 1769649575.438886, "step": 285, "max_steps": 931, "loss": 6.0966668128967285, "elapsed_time": 26.946494102478027, "prnt": false}
{"event": "training_step", "timestamp": 1769649575.5242245, "step": 286, "max_steps": 931, "loss": 6.080083847045898, "elapsed_time": 27.031583786010742, "prnt": false}
{"event": "training_step", "timestamp": 1769649575.6098857, "step": 287, "max_steps": 931, "loss": 6.171658992767334, "elapsed_time": 27.117273807525635, "prnt": false}
{"event": "training_step", "timestamp": 1769649575.6951706, "step": 288, "max_steps": 931, "loss": 6.095359802246094, "elapsed_time": 27.20261025428772, "prnt": false}
{"event": "training_step", "timestamp": 1769649575.7805972, "step": 289, "max_steps": 931, "loss": 6.06982946395874, "elapsed_time": 27.288174152374268, "prnt": false}
{"event": "training_step", "timestamp": 1769649575.8660293, "step": 290, "max_steps": 931, "loss": 6.078373432159424, "elapsed_time": 27.37335205078125, "prnt": false}
{"event": "training_step", "timestamp": 1769649575.9513505, "step": 291, "max_steps": 931, "loss": 6.139071941375732, "elapsed_time": 27.458869457244873, "prnt": false}
{"event": "training_step", "timestamp": 1769649576.0367174, "step": 292, "max_steps": 931, "loss": 6.094664573669434, "elapsed_time": 27.54430365562439, "prnt": false}
{"event": "training_step", "timestamp": 1769649576.1221054, "step": 293, "max_steps": 931, "loss": 6.133405685424805, "elapsed_time": 27.62967848777771, "prnt": false}
{"event": "training_step", "timestamp": 1769649576.2074966, "step": 294, "max_steps": 931, "loss": 6.089004039764404, "elapsed_time": 27.71480917930603, "prnt": false}
{"event": "training_step", "timestamp": 1769649576.292805, "step": 295, "max_steps": 931, "loss": 6.163315773010254, "elapsed_time": 27.80038809776306, "prnt": false}
{"event": "training_step", "timestamp": 1769649576.3782208, "step": 296, "max_steps": 931, "loss": 6.079437255859375, "elapsed_time": 27.885754346847534, "prnt": false}
{"event": "training_step", "timestamp": 1769649576.4637735, "step": 297, "max_steps": 931, "loss": 6.090551853179932, "elapsed_time": 27.97103714942932, "prnt": false}
{"event": "training_step", "timestamp": 1769649576.5491636, "step": 298, "max_steps": 931, "loss": 6.066661357879639, "elapsed_time": 28.056462049484253, "prnt": false}
{"event": "training_step", "timestamp": 1769649576.6348846, "step": 299, "max_steps": 931, "loss": 6.0879130363464355, "elapsed_time": 28.14292049407959, "prnt": false}
{"event": "training_step", "timestamp": 1769649576.7202582, "step": 300, "max_steps": 931, "loss": 6.143655776977539, "elapsed_time": 28.227599620819092, "prnt": false}
{"event": "training_step", "timestamp": 1769649576.8057225, "step": 301, "max_steps": 931, "loss": 6.068614482879639, "elapsed_time": 28.313138008117676, "prnt": false}
{"event": "training_step", "timestamp": 1769649576.8910427, "step": 302, "max_steps": 931, "loss": 6.0791778564453125, "elapsed_time": 28.39858841896057, "prnt": false}
{"event": "training_step", "timestamp": 1769649576.9764757, "step": 303, "max_steps": 931, "loss": 6.082611083984375, "elapsed_time": 28.48406982421875, "prnt": false}
{"event": "training_step", "timestamp": 1769649577.061826, "step": 304, "max_steps": 931, "loss": 6.126546859741211, "elapsed_time": 28.569268941879272, "prnt": false}
{"event": "training_step", "timestamp": 1769649577.1473563, "step": 305, "max_steps": 931, "loss": 6.0738525390625, "elapsed_time": 28.654873609542847, "prnt": false}
{"event": "training_step", "timestamp": 1769649577.2325957, "step": 306, "max_steps": 931, "loss": 6.02610445022583, "elapsed_time": 28.740162134170532, "prnt": false}
{"event": "training_step", "timestamp": 1769649577.3181388, "step": 307, "max_steps": 931, "loss": 6.126900672912598, "elapsed_time": 28.825504779815674, "prnt": false}
{"event": "training_step", "timestamp": 1769649577.4037042, "step": 308, "max_steps": 931, "loss": 6.068317890167236, "elapsed_time": 28.91095542907715, "prnt": false}
{"event": "validation_step", "timestamp": 1769649577.790326, "step": 308, "max_steps": 931, "loss": 1.354955800461128, "elapsed_time": 28.91095542907715}
{"event": "training_step", "timestamp": 1769649577.8758953, "step": 309, "max_steps": 931, "loss": 6.042213439941406, "elapsed_time": 29.383341789245605, "prnt": false}
{"event": "training_step", "timestamp": 1769649577.961319, "step": 310, "max_steps": 931, "loss": 5.993407726287842, "elapsed_time": 29.46885347366333, "prnt": false}
{"event": "training_step", "timestamp": 1769649578.046702, "step": 311, "max_steps": 931, "loss": 6.036972999572754, "elapsed_time": 29.554234981536865, "prnt": false}
{"event": "training_step", "timestamp": 1769649578.1318214, "step": 312, "max_steps": 931, "loss": 6.044860363006592, "elapsed_time": 29.639488458633423, "prnt": false}
{"event": "training_step", "timestamp": 1769649578.2169669, "step": 313, "max_steps": 931, "loss": 6.100435733795166, "elapsed_time": 29.724656343460083, "prnt": false}
{"event": "training_step", "timestamp": 1769649578.302095, "step": 314, "max_steps": 931, "loss": 6.085237979888916, "elapsed_time": 29.809714555740356, "prnt": false}
{"event": "training_step", "timestamp": 1769649578.3873963, "step": 315, "max_steps": 931, "loss": 6.053221225738525, "elapsed_time": 29.894963026046753, "prnt": false}
{"event": "training_step", "timestamp": 1769649578.4724598, "step": 316, "max_steps": 931, "loss": 6.093385219573975, "elapsed_time": 29.98017644882202, "prnt": false}
{"event": "training_step", "timestamp": 1769649578.5577245, "step": 317, "max_steps": 931, "loss": 6.049203395843506, "elapsed_time": 30.06533169746399, "prnt": false}
{"event": "training_step", "timestamp": 1769649578.6431854, "step": 318, "max_steps": 931, "loss": 6.0777668952941895, "elapsed_time": 30.150965690612793, "prnt": false}
{"event": "training_step", "timestamp": 1769649578.7287097, "step": 319, "max_steps": 931, "loss": 6.039105415344238, "elapsed_time": 30.236369609832764, "prnt": false}
{"event": "training_step", "timestamp": 1769649578.813854, "step": 320, "max_steps": 931, "loss": 5.991409778594971, "elapsed_time": 30.321434259414673, "prnt": false}
{"event": "training_step", "timestamp": 1769649578.8990967, "step": 321, "max_steps": 931, "loss": 5.988870143890381, "elapsed_time": 30.406737327575684, "prnt": false}
{"event": "training_step", "timestamp": 1769649578.9843812, "step": 322, "max_steps": 931, "loss": 6.0827765464782715, "elapsed_time": 30.491875171661377, "prnt": false}
{"event": "training_step", "timestamp": 1769649579.0695863, "step": 323, "max_steps": 931, "loss": 5.986345291137695, "elapsed_time": 30.57727575302124, "prnt": false}
{"event": "training_step", "timestamp": 1769649579.1547515, "step": 324, "max_steps": 931, "loss": 5.979015350341797, "elapsed_time": 30.66231894493103, "prnt": false}
{"event": "training_step", "timestamp": 1769649579.2401178, "step": 325, "max_steps": 931, "loss": 6.020831108093262, "elapsed_time": 30.74767541885376, "prnt": false}
{"event": "training_step", "timestamp": 1769649579.3254874, "step": 326, "max_steps": 931, "loss": 6.011502265930176, "elapsed_time": 30.833122968673706, "prnt": false}
{"event": "training_step", "timestamp": 1769649579.410754, "step": 327, "max_steps": 931, "loss": 6.012977600097656, "elapsed_time": 30.91831398010254, "prnt": false}
{"event": "training_step", "timestamp": 1769649579.4958704, "step": 328, "max_steps": 931, "loss": 6.026833534240723, "elapsed_time": 31.00345730781555, "prnt": false}
{"event": "training_step", "timestamp": 1769649579.5812764, "step": 329, "max_steps": 931, "loss": 5.98190975189209, "elapsed_time": 31.088776350021362, "prnt": false}
{"event": "training_step", "timestamp": 1769649579.6665444, "step": 330, "max_steps": 931, "loss": 6.033148288726807, "elapsed_time": 31.174050092697144, "prnt": false}
{"event": "training_step", "timestamp": 1769649579.7518272, "step": 331, "max_steps": 931, "loss": 6.0563645362854, "elapsed_time": 31.25949215888977, "prnt": false}
{"event": "training_step", "timestamp": 1769649579.8370275, "step": 332, "max_steps": 931, "loss": 6.066677093505859, "elapsed_time": 31.34463858604431, "prnt": false}
{"event": "training_step", "timestamp": 1769649579.9225051, "step": 333, "max_steps": 931, "loss": 5.977529048919678, "elapsed_time": 31.430065393447876, "prnt": false}
{"event": "training_step", "timestamp": 1769649580.0079026, "step": 334, "max_steps": 931, "loss": 5.967121601104736, "elapsed_time": 31.51521921157837, "prnt": false}
{"event": "training_step", "timestamp": 1769649580.0931673, "step": 335, "max_steps": 931, "loss": 6.023705959320068, "elapsed_time": 31.60073232650757, "prnt": false}
{"event": "training_step", "timestamp": 1769649580.1783166, "step": 336, "max_steps": 931, "loss": 5.988856315612793, "elapsed_time": 31.68587613105774, "prnt": false}
{"event": "training_step", "timestamp": 1769649580.2638006, "step": 337, "max_steps": 931, "loss": 5.961672306060791, "elapsed_time": 31.77114486694336, "prnt": false}
{"event": "training_step", "timestamp": 1769649580.3491275, "step": 338, "max_steps": 931, "loss": 5.995039939880371, "elapsed_time": 31.856701612472534, "prnt": false}
{"event": "training_step", "timestamp": 1769649580.4343977, "step": 339, "max_steps": 931, "loss": 5.9740753173828125, "elapsed_time": 31.941972732543945, "prnt": false}
{"event": "training_step", "timestamp": 1769649580.5197568, "step": 340, "max_steps": 931, "loss": 6.019420623779297, "elapsed_time": 32.02738857269287, "prnt": false}
{"event": "training_step", "timestamp": 1769649580.605207, "step": 341, "max_steps": 931, "loss": 5.963196754455566, "elapsed_time": 32.112653732299805, "prnt": false}
{"event": "training_step", "timestamp": 1769649580.6904583, "step": 342, "max_steps": 931, "loss": 5.972733497619629, "elapsed_time": 32.19843244552612, "prnt": false}
{"event": "training_step", "timestamp": 1769649580.7758932, "step": 343, "max_steps": 931, "loss": 5.97158145904541, "elapsed_time": 32.283339738845825, "prnt": false}
{"event": "training_step", "timestamp": 1769649580.8611684, "step": 344, "max_steps": 931, "loss": 5.990662574768066, "elapsed_time": 32.36871528625488, "prnt": false}
{"event": "training_step", "timestamp": 1769649580.9465594, "step": 345, "max_steps": 931, "loss": 6.0257744789123535, "elapsed_time": 32.454118728637695, "prnt": false}
{"event": "training_step", "timestamp": 1769649581.0318158, "step": 346, "max_steps": 931, "loss": 5.961782455444336, "elapsed_time": 32.53954195976257, "prnt": false}
{"event": "training_step", "timestamp": 1769649581.1172717, "step": 347, "max_steps": 931, "loss": 5.915596961975098, "elapsed_time": 32.62463879585266, "prnt": false}
{"event": "training_step", "timestamp": 1769649581.2026985, "step": 348, "max_steps": 931, "loss": 6.002684593200684, "elapsed_time": 32.71002435684204, "prnt": false}
{"event": "training_step", "timestamp": 1769649581.2882617, "step": 349, "max_steps": 931, "loss": 5.919196605682373, "elapsed_time": 32.795745611190796, "prnt": false}
{"event": "training_step", "timestamp": 1769649581.3735168, "step": 350, "max_steps": 931, "loss": 5.910669803619385, "elapsed_time": 32.881064653396606, "prnt": false}
{"event": "training_step", "timestamp": 1769649581.459004, "step": 351, "max_steps": 931, "loss": 5.947638511657715, "elapsed_time": 32.96637296676636, "prnt": false}
{"event": "training_step", "timestamp": 1769649581.5444, "step": 352, "max_steps": 931, "loss": 5.986487865447998, "elapsed_time": 33.05200386047363, "prnt": false}
{"event": "validation_step", "timestamp": 1769649581.931173, "step": 352, "max_steps": 931, "loss": 1.3391803848693955, "elapsed_time": 33.05200386047363}
{"event": "training_step", "timestamp": 1769649582.0168326, "step": 353, "max_steps": 931, "loss": 5.909198760986328, "elapsed_time": 33.52424097061157, "prnt": false}
{"event": "training_step", "timestamp": 1769649582.1023211, "step": 354, "max_steps": 931, "loss": 5.926452159881592, "elapsed_time": 33.609617710113525, "prnt": false}
{"event": "training_step", "timestamp": 1769649582.1878004, "step": 355, "max_steps": 931, "loss": 5.874621868133545, "elapsed_time": 33.695112466812134, "prnt": false}
{"event": "training_step", "timestamp": 1769649582.2730556, "step": 356, "max_steps": 931, "loss": 5.969931125640869, "elapsed_time": 33.78050184249878, "prnt": false}
{"event": "training_step", "timestamp": 1769649582.3587189, "step": 357, "max_steps": 931, "loss": 5.920929908752441, "elapsed_time": 33.865941524505615, "prnt": false}
{"event": "training_step", "timestamp": 1769649582.44414, "step": 358, "max_steps": 931, "loss": 5.929431438446045, "elapsed_time": 33.95144867897034, "prnt": false}
{"event": "training_step", "timestamp": 1769649582.5294967, "step": 359, "max_steps": 931, "loss": 5.932908058166504, "elapsed_time": 34.037057638168335, "prnt": false}
{"event": "training_step", "timestamp": 1769649582.614707, "step": 360, "max_steps": 931, "loss": 5.924617290496826, "elapsed_time": 34.122238636016846, "prnt": false}
{"event": "training_step", "timestamp": 1769649582.7003548, "step": 361, "max_steps": 931, "loss": 5.907229900360107, "elapsed_time": 34.2080819606781, "prnt": false}
{"event": "training_step", "timestamp": 1769649582.785748, "step": 362, "max_steps": 931, "loss": 5.939453601837158, "elapsed_time": 34.293081521987915, "prnt": false}
{"event": "training_step", "timestamp": 1769649582.8709695, "step": 363, "max_steps": 931, "loss": 6.000699520111084, "elapsed_time": 34.37851810455322, "prnt": false}
{"event": "training_step", "timestamp": 1769649582.956295, "step": 364, "max_steps": 931, "loss": 5.932208061218262, "elapsed_time": 34.463829040527344, "prnt": false}
{"event": "training_step", "timestamp": 1769649583.0417912, "step": 365, "max_steps": 931, "loss": 5.925813674926758, "elapsed_time": 34.54904508590698, "prnt": false}
{"event": "training_step", "timestamp": 1769649583.1272366, "step": 366, "max_steps": 931, "loss": 5.941202163696289, "elapsed_time": 34.63450050354004, "prnt": false}
{"event": "training_step", "timestamp": 1769649583.2125728, "step": 367, "max_steps": 931, "loss": 5.859256267547607, "elapsed_time": 34.720170974731445, "prnt": false}
{"event": "training_step", "timestamp": 1769649583.2979665, "step": 368, "max_steps": 931, "loss": 5.911052703857422, "elapsed_time": 34.80530595779419, "prnt": false}
{"event": "training_step", "timestamp": 1769649583.3834937, "step": 369, "max_steps": 931, "loss": 5.8784894943237305, "elapsed_time": 34.89081001281738, "prnt": false}
{"event": "training_step", "timestamp": 1769649583.4686818, "step": 370, "max_steps": 931, "loss": 5.87375020980835, "elapsed_time": 34.97620224952698, "prnt": false}
{"event": "training_step", "timestamp": 1769649583.5540245, "step": 371, "max_steps": 931, "loss": 5.876733303070068, "elapsed_time": 35.06160235404968, "prnt": false}
{"event": "training_step", "timestamp": 1769649583.6394415, "step": 372, "max_steps": 931, "loss": 5.8327507972717285, "elapsed_time": 35.14678144454956, "prnt": false}
{"event": "training_step", "timestamp": 1769649583.7249315, "step": 373, "max_steps": 931, "loss": 5.903144359588623, "elapsed_time": 35.23232078552246, "prnt": false}
{"event": "training_step", "timestamp": 1769649583.8101883, "step": 374, "max_steps": 931, "loss": 5.942137241363525, "elapsed_time": 35.31761336326599, "prnt": false}
{"event": "training_step", "timestamp": 1769649583.8954954, "step": 375, "max_steps": 931, "loss": 5.91809606552124, "elapsed_time": 35.40298628807068, "prnt": false}
{"event": "training_step", "timestamp": 1769649583.9808655, "step": 376, "max_steps": 931, "loss": 5.819162845611572, "elapsed_time": 35.48818325996399, "prnt": false}
{"event": "training_step", "timestamp": 1769649584.0662448, "step": 377, "max_steps": 931, "loss": 5.86275053024292, "elapsed_time": 35.57370948791504, "prnt": false}
{"event": "training_step", "timestamp": 1769649584.1515315, "step": 378, "max_steps": 931, "loss": 5.890969753265381, "elapsed_time": 35.6589560508728, "prnt": false}
{"event": "training_step", "timestamp": 1769649584.2368784, "step": 379, "max_steps": 931, "loss": 5.878154754638672, "elapsed_time": 35.744380950927734, "prnt": false}
{"event": "training_step", "timestamp": 1769649584.3223536, "step": 380, "max_steps": 931, "loss": 5.853250980377197, "elapsed_time": 35.8296217918396, "prnt": false}
{"event": "training_step", "timestamp": 1769649584.407766, "step": 381, "max_steps": 931, "loss": 5.862238883972168, "elapsed_time": 35.91517400741577, "prnt": false}
{"event": "training_step", "timestamp": 1769649584.4931507, "step": 382, "max_steps": 931, "loss": 5.923329830169678, "elapsed_time": 36.00052356719971, "prnt": false}
{"event": "training_step", "timestamp": 1769649584.5786576, "step": 383, "max_steps": 931, "loss": 5.85266637802124, "elapsed_time": 36.08601260185242, "prnt": false}
{"event": "training_step", "timestamp": 1769649584.6643245, "step": 384, "max_steps": 931, "loss": 5.849643707275391, "elapsed_time": 36.172245264053345, "prnt": false}
{"event": "training_step", "timestamp": 1769649584.7498019, "step": 385, "max_steps": 931, "loss": 5.824041366577148, "elapsed_time": 36.257603883743286, "prnt": false}
{"event": "training_step", "timestamp": 1769649584.8351371, "step": 386, "max_steps": 931, "loss": 5.873902797698975, "elapsed_time": 36.34251356124878, "prnt": false}
{"event": "training_step", "timestamp": 1769649584.92062, "step": 387, "max_steps": 931, "loss": 5.8792219161987305, "elapsed_time": 36.428160667419434, "prnt": false}
{"event": "training_step", "timestamp": 1769649585.0061123, "step": 388, "max_steps": 931, "loss": 5.890175819396973, "elapsed_time": 36.51336336135864, "prnt": false}
{"event": "training_step", "timestamp": 1769649585.091639, "step": 389, "max_steps": 931, "loss": 5.846588611602783, "elapsed_time": 36.5989305973053, "prnt": false}
{"event": "training_step", "timestamp": 1769649585.1769958, "step": 390, "max_steps": 931, "loss": 5.850607395172119, "elapsed_time": 36.68440222740173, "prnt": false}
{"event": "training_step", "timestamp": 1769649585.262631, "step": 391, "max_steps": 931, "loss": 5.9132843017578125, "elapsed_time": 36.76983380317688, "prnt": false}
{"event": "training_step", "timestamp": 1769649585.3479443, "step": 392, "max_steps": 931, "loss": 5.785307884216309, "elapsed_time": 36.855462074279785, "prnt": false}
{"event": "training_step", "timestamp": 1769649585.4333577, "step": 393, "max_steps": 931, "loss": 5.868494033813477, "elapsed_time": 36.940858125686646, "prnt": false}
{"event": "training_step", "timestamp": 1769649585.518845, "step": 394, "max_steps": 931, "loss": 5.858212947845459, "elapsed_time": 37.026222229003906, "prnt": false}
{"event": "training_step", "timestamp": 1769649585.6044223, "step": 395, "max_steps": 931, "loss": 5.835089683532715, "elapsed_time": 37.11172652244568, "prnt": false}
{"event": "training_step", "timestamp": 1769649585.6898732, "step": 396, "max_steps": 931, "loss": 5.873532295227051, "elapsed_time": 37.19730567932129, "prnt": false}
{"event": "validation_step", "timestamp": 1769649586.077359, "step": 396, "max_steps": 931, "loss": 1.326732905090032, "elapsed_time": 37.19730567932129}
{"event": "training_step", "timestamp": 1769649586.1633801, "step": 397, "max_steps": 931, "loss": 5.842988014221191, "elapsed_time": 37.67053151130676, "prnt": false}
{"event": "training_step", "timestamp": 1769649586.2486923, "step": 398, "max_steps": 931, "loss": 5.830865859985352, "elapsed_time": 37.756149768829346, "prnt": false}
{"event": "training_step", "timestamp": 1769649586.3340924, "step": 399, "max_steps": 931, "loss": 5.85872745513916, "elapsed_time": 37.84149360656738, "prnt": false}
{"event": "training_step", "timestamp": 1769649586.4195945, "step": 400, "max_steps": 931, "loss": 5.85040283203125, "elapsed_time": 37.927016258239746, "prnt": false}
{"event": "training_step", "timestamp": 1769649586.5050879, "step": 401, "max_steps": 931, "loss": 5.825459003448486, "elapsed_time": 38.012330770492554, "prnt": false}
{"event": "training_step", "timestamp": 1769649586.5904324, "step": 402, "max_steps": 931, "loss": 5.847542762756348, "elapsed_time": 38.09794068336487, "prnt": false}
{"event": "training_step", "timestamp": 1769649586.6759748, "step": 403, "max_steps": 931, "loss": 5.791561126708984, "elapsed_time": 38.18407893180847, "prnt": false}
{"event": "training_step", "timestamp": 1769649586.761645, "step": 404, "max_steps": 931, "loss": 5.800583362579346, "elapsed_time": 38.26909875869751, "prnt": false}
{"event": "training_step", "timestamp": 1769649586.8471165, "step": 405, "max_steps": 931, "loss": 5.782459259033203, "elapsed_time": 38.35457444190979, "prnt": false}
{"event": "training_step", "timestamp": 1769649586.932466, "step": 406, "max_steps": 931, "loss": 5.8491597175598145, "elapsed_time": 38.43990683555603, "prnt": false}
{"event": "training_step", "timestamp": 1769649587.0180137, "step": 407, "max_steps": 931, "loss": 5.837939739227295, "elapsed_time": 38.52527856826782, "prnt": false}
{"event": "training_step", "timestamp": 1769649587.1035895, "step": 408, "max_steps": 931, "loss": 5.804245471954346, "elapsed_time": 38.61080884933472, "prnt": false}
{"event": "training_step", "timestamp": 1769649587.1890383, "step": 409, "max_steps": 931, "loss": 5.797635078430176, "elapsed_time": 38.69636654853821, "prnt": false}
{"event": "training_step", "timestamp": 1769649587.274454, "step": 410, "max_steps": 931, "loss": 5.731278419494629, "elapsed_time": 38.78186345100403, "prnt": false}
{"event": "training_step", "timestamp": 1769649587.3599913, "step": 411, "max_steps": 931, "loss": 5.765076637268066, "elapsed_time": 38.867419958114624, "prnt": false}
{"event": "training_step", "timestamp": 1769649587.4455316, "step": 412, "max_steps": 931, "loss": 5.782555103302002, "elapsed_time": 38.9529333114624, "prnt": false}
{"event": "training_step", "timestamp": 1769649587.5308788, "step": 413, "max_steps": 931, "loss": 5.8280134201049805, "elapsed_time": 39.03824162483215, "prnt": false}
{"event": "training_step", "timestamp": 1769649587.6163855, "step": 414, "max_steps": 931, "loss": 5.763166904449463, "elapsed_time": 39.12370467185974, "prnt": false}
{"event": "training_step", "timestamp": 1769649587.7020175, "step": 415, "max_steps": 931, "loss": 5.791586875915527, "elapsed_time": 39.20914888381958, "prnt": false}
{"event": "training_step", "timestamp": 1769649587.7874634, "step": 416, "max_steps": 931, "loss": 5.780102252960205, "elapsed_time": 39.294809103012085, "prnt": false}
{"event": "training_step", "timestamp": 1769649587.872989, "step": 417, "max_steps": 931, "loss": 5.7522053718566895, "elapsed_time": 39.38021206855774, "prnt": false}
{"event": "training_step", "timestamp": 1769649587.958482, "step": 418, "max_steps": 931, "loss": 5.753756523132324, "elapsed_time": 39.46585726737976, "prnt": false}
{"event": "training_step", "timestamp": 1769649588.043988, "step": 419, "max_steps": 931, "loss": 5.7745795249938965, "elapsed_time": 39.55128812789917, "prnt": false}
{"event": "training_step", "timestamp": 1769649588.1293728, "step": 420, "max_steps": 931, "loss": 5.792103290557861, "elapsed_time": 39.63679122924805, "prnt": false}
{"event": "training_step", "timestamp": 1769649588.214895, "step": 421, "max_steps": 931, "loss": 5.763760089874268, "elapsed_time": 39.7220983505249, "prnt": false}
{"event": "training_step", "timestamp": 1769649588.3004842, "step": 422, "max_steps": 931, "loss": 5.773453712463379, "elapsed_time": 39.80778455734253, "prnt": false}
{"event": "training_step", "timestamp": 1769649588.3859925, "step": 423, "max_steps": 931, "loss": 5.805356025695801, "elapsed_time": 39.89320111274719, "prnt": false}
{"event": "training_step", "timestamp": 1769649588.4715466, "step": 424, "max_steps": 931, "loss": 5.722066879272461, "elapsed_time": 39.97882866859436, "prnt": false}
{"event": "training_step", "timestamp": 1769649588.5570216, "step": 425, "max_steps": 931, "loss": 5.714217662811279, "elapsed_time": 40.06422257423401, "prnt": false}
{"event": "training_step", "timestamp": 1769649588.642563, "step": 426, "max_steps": 931, "loss": 5.804230213165283, "elapsed_time": 40.1498339176178, "prnt": false}
{"event": "training_step", "timestamp": 1769649588.7281947, "step": 427, "max_steps": 931, "loss": 5.817867279052734, "elapsed_time": 40.23586392402649, "prnt": false}
{"event": "training_step", "timestamp": 1769649588.813874, "step": 428, "max_steps": 931, "loss": 5.809056758880615, "elapsed_time": 40.32139468193054, "prnt": false}
{"event": "training_step", "timestamp": 1769649588.899282, "step": 429, "max_steps": 931, "loss": 5.750796794891357, "elapsed_time": 40.40659189224243, "prnt": false}
{"event": "training_step", "timestamp": 1769649588.9848819, "step": 430, "max_steps": 931, "loss": 5.762354373931885, "elapsed_time": 40.49214243888855, "prnt": false}
{"event": "training_step", "timestamp": 1769649589.0701907, "step": 431, "max_steps": 931, "loss": 5.724985122680664, "elapsed_time": 40.57761788368225, "prnt": false}
{"event": "training_step", "timestamp": 1769649589.1558287, "step": 432, "max_steps": 931, "loss": 5.801848411560059, "elapsed_time": 40.66307616233826, "prnt": false}
{"event": "training_step", "timestamp": 1769649589.2414196, "step": 433, "max_steps": 931, "loss": 5.773584842681885, "elapsed_time": 40.74865746498108, "prnt": false}
{"event": "training_step", "timestamp": 1769649589.3269012, "step": 434, "max_steps": 931, "loss": 5.735562324523926, "elapsed_time": 40.8343231678009, "prnt": false}
{"event": "training_step", "timestamp": 1769649589.4123437, "step": 435, "max_steps": 931, "loss": 5.792164325714111, "elapsed_time": 40.91966700553894, "prnt": false}
{"event": "training_step", "timestamp": 1769649589.4979045, "step": 436, "max_steps": 931, "loss": 5.754642009735107, "elapsed_time": 41.005218267440796, "prnt": false}
{"event": "training_step", "timestamp": 1769649589.583454, "step": 437, "max_steps": 931, "loss": 5.750085353851318, "elapsed_time": 41.09060859680176, "prnt": false}
{"event": "training_step", "timestamp": 1769649589.6688735, "step": 438, "max_steps": 931, "loss": 5.76576566696167, "elapsed_time": 41.176252603530884, "prnt": false}
{"event": "training_step", "timestamp": 1769649589.7542934, "step": 439, "max_steps": 931, "loss": 5.769649505615234, "elapsed_time": 41.26159620285034, "prnt": false}
{"event": "training_step", "timestamp": 1769649589.8398418, "step": 440, "max_steps": 931, "loss": 5.731435775756836, "elapsed_time": 41.34711265563965, "prnt": false}
{"event": "validation_step", "timestamp": 1769649590.2277384, "step": 440, "max_steps": 931, "loss": 1.315160176419663, "elapsed_time": 41.34711265563965}
{"event": "training_step", "timestamp": 1769649590.3135443, "step": 441, "max_steps": 931, "loss": 5.770936012268066, "elapsed_time": 41.820656299591064, "prnt": false}
{"event": "training_step", "timestamp": 1769649590.3991327, "step": 442, "max_steps": 931, "loss": 5.7957377433776855, "elapsed_time": 41.9063835144043, "prnt": false}
{"event": "training_step", "timestamp": 1769649590.484769, "step": 443, "max_steps": 931, "loss": 5.725006580352783, "elapsed_time": 41.99185538291931, "prnt": false}
{"event": "training_step", "timestamp": 1769649590.5702655, "step": 444, "max_steps": 931, "loss": 5.729348659515381, "elapsed_time": 42.0775625705719, "prnt": false}
{"event": "training_step", "timestamp": 1769649590.6557267, "step": 445, "max_steps": 931, "loss": 5.67094087600708, "elapsed_time": 42.163005113601685, "prnt": false}
{"event": "training_step", "timestamp": 1769649590.7416186, "step": 446, "max_steps": 931, "loss": 5.7062859535217285, "elapsed_time": 42.249197244644165, "prnt": false}
{"event": "training_step", "timestamp": 1769649590.8272138, "step": 447, "max_steps": 931, "loss": 5.683778762817383, "elapsed_time": 42.33486771583557, "prnt": false}
{"event": "training_step", "timestamp": 1769649590.9130044, "step": 448, "max_steps": 931, "loss": 5.729112148284912, "elapsed_time": 42.420703172683716, "prnt": false}
{"event": "training_step", "timestamp": 1769649590.9986835, "step": 449, "max_steps": 931, "loss": 5.720592975616455, "elapsed_time": 42.50618648529053, "prnt": false}
{"event": "training_step", "timestamp": 1769649591.0843701, "step": 450, "max_steps": 931, "loss": 5.679915428161621, "elapsed_time": 42.591556787490845, "prnt": false}
{"event": "training_step", "timestamp": 1769649591.1699486, "step": 451, "max_steps": 931, "loss": 5.79096794128418, "elapsed_time": 42.67711305618286, "prnt": false}
{"event": "training_step", "timestamp": 1769649591.2556086, "step": 452, "max_steps": 931, "loss": 5.7288336753845215, "elapsed_time": 42.762831926345825, "prnt": false}
{"event": "training_step", "timestamp": 1769649591.341252, "step": 453, "max_steps": 931, "loss": 5.7641448974609375, "elapsed_time": 42.84835362434387, "prnt": false}
{"event": "training_step", "timestamp": 1769649591.4268327, "step": 454, "max_steps": 931, "loss": 5.705297946929932, "elapsed_time": 42.934147119522095, "prnt": false}
{"event": "training_step", "timestamp": 1769649591.512302, "step": 455, "max_steps": 931, "loss": 5.731112003326416, "elapsed_time": 43.01954770088196, "prnt": false}
{"event": "training_step", "timestamp": 1769649591.5978968, "step": 456, "max_steps": 931, "loss": 5.7144317626953125, "elapsed_time": 43.10509395599365, "prnt": false}
{"event": "training_step", "timestamp": 1769649591.6834905, "step": 457, "max_steps": 931, "loss": 5.749154567718506, "elapsed_time": 43.19066286087036, "prnt": false}
{"event": "training_step", "timestamp": 1769649591.7691123, "step": 458, "max_steps": 931, "loss": 5.7135491371154785, "elapsed_time": 43.27633309364319, "prnt": false}
{"event": "training_step", "timestamp": 1769649591.8548126, "step": 459, "max_steps": 931, "loss": 5.771236419677734, "elapsed_time": 43.361807107925415, "prnt": false}
{"event": "training_step", "timestamp": 1769649591.9405408, "step": 460, "max_steps": 931, "loss": 5.719497203826904, "elapsed_time": 43.447601318359375, "prnt": false}
{"event": "training_step", "timestamp": 1769649592.0260577, "step": 461, "max_steps": 931, "loss": 5.699374198913574, "elapsed_time": 43.53338146209717, "prnt": false}
{"event": "training_step", "timestamp": 1769649592.1118329, "step": 462, "max_steps": 931, "loss": 5.67024040222168, "elapsed_time": 43.61916136741638, "prnt": false}
{"event": "training_step", "timestamp": 1769649592.197419, "step": 463, "max_steps": 931, "loss": 5.675533771514893, "elapsed_time": 43.704663038253784, "prnt": false}
{"event": "training_step", "timestamp": 1769649592.283075, "step": 464, "max_steps": 931, "loss": 5.705225944519043, "elapsed_time": 43.79023838043213, "prnt": false}
{"event": "training_step", "timestamp": 1769649592.3685308, "step": 465, "max_steps": 931, "loss": 5.661838531494141, "elapsed_time": 43.87587308883667, "prnt": false}
{"event": "training_step", "timestamp": 1769649592.4541287, "step": 466, "max_steps": 931, "loss": 5.654670715332031, "elapsed_time": 43.961435079574585, "prnt": false}
{"event": "training_step", "timestamp": 1769649592.539839, "step": 467, "max_steps": 931, "loss": 5.678133010864258, "elapsed_time": 44.04687857627869, "prnt": false}
{"event": "training_step", "timestamp": 1769649592.6254132, "step": 468, "max_steps": 931, "loss": 5.7517547607421875, "elapsed_time": 44.13264775276184, "prnt": false}
{"event": "training_step", "timestamp": 1769649592.7109199, "step": 469, "max_steps": 931, "loss": 5.7650322914123535, "elapsed_time": 44.21821045875549, "prnt": false}
{"event": "training_step", "timestamp": 1769649592.7967162, "step": 470, "max_steps": 931, "loss": 5.647585868835449, "elapsed_time": 44.30434608459473, "prnt": false}
{"event": "training_step", "timestamp": 1769649592.8823078, "step": 471, "max_steps": 931, "loss": 5.646193027496338, "elapsed_time": 44.389517068862915, "prnt": false}
{"event": "training_step", "timestamp": 1769649592.9678938, "step": 472, "max_steps": 931, "loss": 5.688045501708984, "elapsed_time": 44.475425004959106, "prnt": false}
{"event": "training_step", "timestamp": 1769649593.053434, "step": 473, "max_steps": 931, "loss": 5.698392391204834, "elapsed_time": 44.56066298484802, "prnt": false}
{"event": "training_step", "timestamp": 1769649593.1390789, "step": 474, "max_steps": 931, "loss": 5.640628337860107, "elapsed_time": 44.64625811576843, "prnt": false}
{"event": "training_step", "timestamp": 1769649593.2247517, "step": 475, "max_steps": 931, "loss": 5.715923309326172, "elapsed_time": 44.73185968399048, "prnt": false}
{"event": "training_step", "timestamp": 1769649593.3102643, "step": 476, "max_steps": 931, "loss": 5.667942047119141, "elapsed_time": 44.817527532577515, "prnt": false}
{"event": "training_step", "timestamp": 1769649593.3958726, "step": 477, "max_steps": 931, "loss": 5.633637428283691, "elapsed_time": 44.90316200256348, "prnt": false}
{"event": "training_step", "timestamp": 1769649593.481534, "step": 478, "max_steps": 931, "loss": 5.722598075866699, "elapsed_time": 44.98874282836914, "prnt": false}
{"event": "training_step", "timestamp": 1769649593.567096, "step": 479, "max_steps": 931, "loss": 5.6004533767700195, "elapsed_time": 45.07440114021301, "prnt": false}
{"event": "training_step", "timestamp": 1769649593.6526043, "step": 480, "max_steps": 931, "loss": 5.637691497802734, "elapsed_time": 45.15994191169739, "prnt": false}
{"event": "training_step", "timestamp": 1769649593.7382162, "step": 481, "max_steps": 931, "loss": 5.660277366638184, "elapsed_time": 45.245349168777466, "prnt": false}
{"event": "training_step", "timestamp": 1769649593.823938, "step": 482, "max_steps": 931, "loss": 5.6466264724731445, "elapsed_time": 45.331092834472656, "prnt": false}
{"event": "training_step", "timestamp": 1769649593.909357, "step": 483, "max_steps": 931, "loss": 5.616886615753174, "elapsed_time": 45.416664600372314, "prnt": false}
{"event": "training_step", "timestamp": 1769649593.995007, "step": 484, "max_steps": 931, "loss": 5.6841511726379395, "elapsed_time": 45.502211570739746, "prnt": false}
{"event": "validation_step", "timestamp": 1769649594.38342, "step": 484, "max_steps": 931, "loss": 1.306253900639992, "elapsed_time": 45.502211570739746}
{"event": "training_step", "timestamp": 1769649594.4694378, "step": 485, "max_steps": 931, "loss": 5.663465976715088, "elapsed_time": 45.97641563415527, "prnt": false}
{"event": "training_step", "timestamp": 1769649594.5552444, "step": 486, "max_steps": 931, "loss": 5.621677875518799, "elapsed_time": 46.062272787094116, "prnt": false}
{"event": "training_step", "timestamp": 1769649594.6409793, "step": 487, "max_steps": 931, "loss": 5.715065002441406, "elapsed_time": 46.14793872833252, "prnt": false}
{"event": "training_step", "timestamp": 1769649594.7266912, "step": 488, "max_steps": 931, "loss": 5.60083532333374, "elapsed_time": 46.23414087295532, "prnt": false}
{"event": "training_step", "timestamp": 1769649594.8122728, "step": 489, "max_steps": 931, "loss": 5.6494646072387695, "elapsed_time": 46.31981682777405, "prnt": false}
{"event": "training_step", "timestamp": 1769649594.8980136, "step": 490, "max_steps": 931, "loss": 5.6624250411987305, "elapsed_time": 46.40517830848694, "prnt": false}
{"event": "training_step", "timestamp": 1769649594.9836597, "step": 491, "max_steps": 931, "loss": 5.655388832092285, "elapsed_time": 46.49075770378113, "prnt": false}
{"event": "training_step", "timestamp": 1769649595.0693574, "step": 492, "max_steps": 931, "loss": 5.656611442565918, "elapsed_time": 46.576544761657715, "prnt": false}
{"event": "training_step", "timestamp": 1769649595.1551332, "step": 493, "max_steps": 931, "loss": 5.660343647003174, "elapsed_time": 46.662078619003296, "prnt": false}
{"event": "training_step", "timestamp": 1769649595.2408683, "step": 494, "max_steps": 931, "loss": 5.639091968536377, "elapsed_time": 46.74791622161865, "prnt": false}
{"event": "training_step", "timestamp": 1769649595.326659, "step": 495, "max_steps": 931, "loss": 5.63892126083374, "elapsed_time": 46.83438062667847, "prnt": false}
{"event": "training_step", "timestamp": 1769649595.4122872, "step": 496, "max_steps": 931, "loss": 5.630276679992676, "elapsed_time": 46.919676780700684, "prnt": false}
{"event": "training_step", "timestamp": 1769649595.4979672, "step": 497, "max_steps": 931, "loss": 5.710987567901611, "elapsed_time": 47.00500726699829, "prnt": false}
{"event": "training_step", "timestamp": 1769649595.5836859, "step": 498, "max_steps": 931, "loss": 5.642735958099365, "elapsed_time": 47.09081554412842, "prnt": false}
{"event": "training_step", "timestamp": 1769649595.6693163, "step": 499, "max_steps": 931, "loss": 5.668389797210693, "elapsed_time": 47.17639374732971, "prnt": false}
{"event": "training_step", "timestamp": 1769649595.754997, "step": 500, "max_steps": 931, "loss": 5.606131076812744, "elapsed_time": 47.26223182678223, "prnt": false}
{"event": "training_step", "timestamp": 1769649595.8406365, "step": 501, "max_steps": 931, "loss": 5.585748672485352, "elapsed_time": 47.34775495529175, "prnt": false}
{"event": "training_step", "timestamp": 1769649595.926296, "step": 502, "max_steps": 931, "loss": 5.635617733001709, "elapsed_time": 47.433525800704956, "prnt": false}
{"event": "training_step", "timestamp": 1769649596.0118444, "step": 503, "max_steps": 931, "loss": 5.643136978149414, "elapsed_time": 47.51935648918152, "prnt": false}
{"event": "training_step", "timestamp": 1769649596.097606, "step": 504, "max_steps": 931, "loss": 5.65882682800293, "elapsed_time": 47.604668617248535, "prnt": false}
{"event": "training_step", "timestamp": 1769649596.1833074, "step": 505, "max_steps": 931, "loss": 5.588374137878418, "elapsed_time": 47.69034695625305, "prnt": false}
{"event": "training_step", "timestamp": 1769649596.2689977, "step": 506, "max_steps": 931, "loss": 5.548341274261475, "elapsed_time": 47.77621126174927, "prnt": false}
{"event": "training_step", "timestamp": 1769649596.3546362, "step": 507, "max_steps": 931, "loss": 5.559884071350098, "elapsed_time": 47.86171245574951, "prnt": false}
{"event": "training_step", "timestamp": 1769649596.4404488, "step": 508, "max_steps": 931, "loss": 5.578935146331787, "elapsed_time": 47.947563886642456, "prnt": false}
{"event": "training_step", "timestamp": 1769649596.5260348, "step": 509, "max_steps": 931, "loss": 5.596120357513428, "elapsed_time": 48.03318929672241, "prnt": false}
{"event": "training_step", "timestamp": 1769649596.6117232, "step": 510, "max_steps": 931, "loss": 5.584271430969238, "elapsed_time": 48.11887884140015, "prnt": false}
{"event": "training_step", "timestamp": 1769649596.6973958, "step": 511, "max_steps": 931, "loss": 5.576516628265381, "elapsed_time": 48.20441174507141, "prnt": false}
{"event": "training_step", "timestamp": 1769649596.7833533, "step": 512, "max_steps": 931, "loss": 5.619222640991211, "elapsed_time": 48.29106140136719, "prnt": false}
{"event": "training_step", "timestamp": 1769649596.8689861, "step": 513, "max_steps": 931, "loss": 5.605017185211182, "elapsed_time": 48.37615966796875, "prnt": false}
{"event": "training_step", "timestamp": 1769649596.954733, "step": 514, "max_steps": 931, "loss": 5.587350368499756, "elapsed_time": 48.46183490753174, "prnt": false}
{"event": "training_step", "timestamp": 1769649597.0407176, "step": 515, "max_steps": 931, "loss": 5.629924297332764, "elapsed_time": 48.547487020492554, "prnt": false}
{"event": "training_step", "timestamp": 1769649597.1263626, "step": 516, "max_steps": 931, "loss": 5.557381629943848, "elapsed_time": 48.63355827331543, "prnt": false}
{"event": "training_step", "timestamp": 1769649597.2119849, "step": 517, "max_steps": 931, "loss": 5.6055498123168945, "elapsed_time": 48.719186544418335, "prnt": false}
{"event": "training_step", "timestamp": 1769649597.2977479, "step": 518, "max_steps": 931, "loss": 5.625730037689209, "elapsed_time": 48.80477285385132, "prnt": false}
{"event": "training_step", "timestamp": 1769649597.3835151, "step": 519, "max_steps": 931, "loss": 5.63768196105957, "elapsed_time": 48.89073586463928, "prnt": false}
{"event": "training_step", "timestamp": 1769649597.469267, "step": 520, "max_steps": 931, "loss": 5.58976411819458, "elapsed_time": 48.97677659988403, "prnt": false}
{"event": "training_step", "timestamp": 1769649597.5550358, "step": 521, "max_steps": 931, "loss": 5.589571952819824, "elapsed_time": 49.06215715408325, "prnt": false}
{"event": "training_step", "timestamp": 1769649597.6407819, "step": 522, "max_steps": 931, "loss": 5.6473708152771, "elapsed_time": 49.14814376831055, "prnt": false}
{"event": "training_step", "timestamp": 1769649597.7263994, "step": 523, "max_steps": 931, "loss": 5.588589668273926, "elapsed_time": 49.23376250267029, "prnt": false}
{"event": "training_step", "timestamp": 1769649597.812128, "step": 524, "max_steps": 931, "loss": 5.5975518226623535, "elapsed_time": 49.31952238082886, "prnt": false}
{"event": "training_step", "timestamp": 1769649597.8978763, "step": 525, "max_steps": 931, "loss": 5.585628032684326, "elapsed_time": 49.40530872344971, "prnt": false}
{"event": "training_step", "timestamp": 1769649597.9836392, "step": 526, "max_steps": 931, "loss": 5.589115142822266, "elapsed_time": 49.49111533164978, "prnt": false}
{"event": "training_step", "timestamp": 1769649598.0692205, "step": 527, "max_steps": 931, "loss": 5.5556960105896, "elapsed_time": 49.57672476768494, "prnt": false}
{"event": "training_step", "timestamp": 1769649598.1551871, "step": 528, "max_steps": 931, "loss": 5.615082740783691, "elapsed_time": 49.66230773925781, "prnt": false}
{"event": "validation_step", "timestamp": 1769649598.5437803, "step": 528, "max_steps": 931, "loss": 1.2995217885677939, "elapsed_time": 49.66230773925781}
{"event": "training_step", "timestamp": 1769649598.6300802, "step": 529, "max_steps": 931, "loss": 5.548122406005859, "elapsed_time": 50.13711643218994, "prnt": false}
{"event": "training_step", "timestamp": 1769649598.7158, "step": 530, "max_steps": 931, "loss": 5.591184139251709, "elapsed_time": 50.22311067581177, "prnt": false}
{"event": "training_step", "timestamp": 1769649598.801713, "step": 531, "max_steps": 931, "loss": 5.568170070648193, "elapsed_time": 50.30927133560181, "prnt": false}
{"event": "training_step", "timestamp": 1769649598.8875268, "step": 532, "max_steps": 931, "loss": 5.560791969299316, "elapsed_time": 50.394845485687256, "prnt": false}
{"event": "training_step", "timestamp": 1769649598.9735022, "step": 533, "max_steps": 931, "loss": 5.602628231048584, "elapsed_time": 50.48075556755066, "prnt": false}
{"event": "training_step", "timestamp": 1769649599.0593297, "step": 534, "max_steps": 931, "loss": 5.55307674407959, "elapsed_time": 50.56647992134094, "prnt": false}
{"event": "training_step", "timestamp": 1769649599.145088, "step": 535, "max_steps": 931, "loss": 5.52390193939209, "elapsed_time": 50.65237212181091, "prnt": false}
{"event": "training_step", "timestamp": 1769649599.230701, "step": 536, "max_steps": 931, "loss": 5.574246406555176, "elapsed_time": 50.73799800872803, "prnt": false}
{"event": "training_step", "timestamp": 1769649599.3165557, "step": 537, "max_steps": 931, "loss": 5.600968360900879, "elapsed_time": 50.823691606521606, "prnt": false}
{"event": "training_step", "timestamp": 1769649599.402301, "step": 538, "max_steps": 931, "loss": 5.563797950744629, "elapsed_time": 50.90952014923096, "prnt": false}
{"event": "training_step", "timestamp": 1769649599.4880998, "step": 539, "max_steps": 931, "loss": 5.549130916595459, "elapsed_time": 50.99526023864746, "prnt": false}
{"event": "training_step", "timestamp": 1769649599.5738847, "step": 540, "max_steps": 931, "loss": 5.548710346221924, "elapsed_time": 51.08102321624756, "prnt": false}
{"event": "training_step", "timestamp": 1769649599.659874, "step": 541, "max_steps": 931, "loss": 5.492599010467529, "elapsed_time": 51.16722106933594, "prnt": false}
{"event": "training_step", "timestamp": 1769649599.7455041, "step": 542, "max_steps": 931, "loss": 5.453152179718018, "elapsed_time": 51.25281095504761, "prnt": false}
{"event": "training_step", "timestamp": 1769649599.831215, "step": 543, "max_steps": 931, "loss": 5.592062473297119, "elapsed_time": 51.338661909103394, "prnt": false}
{"event": "training_step", "timestamp": 1769649599.916975, "step": 544, "max_steps": 931, "loss": 5.5974297523498535, "elapsed_time": 51.42426800727844, "prnt": false}
{"event": "training_step", "timestamp": 1769649600.0030522, "step": 545, "max_steps": 931, "loss": 5.489538192749023, "elapsed_time": 51.51001214981079, "prnt": false}
{"event": "training_step", "timestamp": 1769649600.0887182, "step": 546, "max_steps": 931, "loss": 5.504635810852051, "elapsed_time": 51.596123933792114, "prnt": false}
{"event": "training_step", "timestamp": 1769649600.1746109, "step": 547, "max_steps": 931, "loss": 5.598759651184082, "elapsed_time": 51.68176078796387, "prnt": false}
{"event": "training_step", "timestamp": 1769649600.2603748, "step": 548, "max_steps": 931, "loss": 5.569463729858398, "elapsed_time": 51.76764106750488, "prnt": false}
{"event": "training_step", "timestamp": 1769649600.346122, "step": 549, "max_steps": 931, "loss": 5.456757068634033, "elapsed_time": 51.85337734222412, "prnt": false}
{"event": "training_step", "timestamp": 1769649600.4316974, "step": 550, "max_steps": 931, "loss": 5.590792655944824, "elapsed_time": 51.93903994560242, "prnt": false}
{"event": "training_step", "timestamp": 1769649600.517666, "step": 551, "max_steps": 931, "loss": 5.551144599914551, "elapsed_time": 52.024760007858276, "prnt": false}
{"event": "training_step", "timestamp": 1769649600.6032314, "step": 552, "max_steps": 931, "loss": 5.503134250640869, "elapsed_time": 52.110517263412476, "prnt": false}
{"event": "training_step", "timestamp": 1769649600.6890066, "step": 553, "max_steps": 931, "loss": 5.531491279602051, "elapsed_time": 52.19636368751526, "prnt": false}
{"event": "training_step", "timestamp": 1769649600.7745361, "step": 554, "max_steps": 931, "loss": 5.602532386779785, "elapsed_time": 52.28186345100403, "prnt": false}
{"event": "training_step", "timestamp": 1769649600.8605402, "step": 555, "max_steps": 931, "loss": 5.545038223266602, "elapsed_time": 52.368119955062866, "prnt": false}
{"event": "training_step", "timestamp": 1769649600.9462698, "step": 556, "max_steps": 931, "loss": 5.5183610916137695, "elapsed_time": 52.45357155799866, "prnt": false}
{"event": "training_step", "timestamp": 1769649601.0321748, "step": 557, "max_steps": 931, "loss": 5.571995258331299, "elapsed_time": 52.539554595947266, "prnt": false}
{"event": "training_step", "timestamp": 1769649601.1180356, "step": 558, "max_steps": 931, "loss": 5.450401782989502, "elapsed_time": 52.625181436538696, "prnt": false}
{"event": "training_step", "timestamp": 1769649601.2038453, "step": 559, "max_steps": 931, "loss": 5.517492294311523, "elapsed_time": 52.71107625961304, "prnt": false}
{"event": "training_step", "timestamp": 1769649601.289387, "step": 560, "max_steps": 931, "loss": 5.537871837615967, "elapsed_time": 52.796812534332275, "prnt": false}
{"event": "training_step", "timestamp": 1769649601.3751826, "step": 561, "max_steps": 931, "loss": 5.481362819671631, "elapsed_time": 52.882516384124756, "prnt": false}
{"event": "training_step", "timestamp": 1769649601.460952, "step": 562, "max_steps": 931, "loss": 5.477149486541748, "elapsed_time": 52.96822237968445, "prnt": false}
{"event": "training_step", "timestamp": 1769649601.5467405, "step": 563, "max_steps": 931, "loss": 5.5209760665893555, "elapsed_time": 53.054136991500854, "prnt": false}
{"event": "training_step", "timestamp": 1769649601.6326606, "step": 564, "max_steps": 931, "loss": 5.451986789703369, "elapsed_time": 53.13969850540161, "prnt": false}
{"event": "training_step", "timestamp": 1769649601.718545, "step": 565, "max_steps": 931, "loss": 5.513847827911377, "elapsed_time": 53.22570490837097, "prnt": false}
{"event": "training_step", "timestamp": 1769649601.8041847, "step": 566, "max_steps": 931, "loss": 5.564883232116699, "elapsed_time": 53.31143569946289, "prnt": false}
{"event": "training_step", "timestamp": 1769649601.8899157, "step": 567, "max_steps": 931, "loss": 5.441067695617676, "elapsed_time": 53.39722728729248, "prnt": false}
{"event": "training_step", "timestamp": 1769649601.9756997, "step": 568, "max_steps": 931, "loss": 5.5287184715271, "elapsed_time": 53.48293399810791, "prnt": false}
{"event": "training_step", "timestamp": 1769649602.06147, "step": 569, "max_steps": 931, "loss": 5.529083728790283, "elapsed_time": 53.56886529922485, "prnt": false}
{"event": "training_step", "timestamp": 1769649602.1471574, "step": 570, "max_steps": 931, "loss": 5.5105743408203125, "elapsed_time": 53.65441274642944, "prnt": false}
{"event": "training_step", "timestamp": 1769649602.2331915, "step": 571, "max_steps": 931, "loss": 5.480193138122559, "elapsed_time": 53.74030089378357, "prnt": false}
{"event": "training_step", "timestamp": 1769649602.3189893, "step": 572, "max_steps": 931, "loss": 5.4639668464660645, "elapsed_time": 53.82610774040222, "prnt": false}
{"event": "validation_step", "timestamp": 1769649602.707761, "step": 572, "max_steps": 931, "loss": 1.2928970063474237, "elapsed_time": 53.82610774040222}
{"event": "training_step", "timestamp": 1769649602.7938602, "step": 573, "max_steps": 931, "loss": 5.497008323669434, "elapsed_time": 54.30104899406433, "prnt": false}
{"event": "training_step", "timestamp": 1769649602.8796995, "step": 574, "max_steps": 931, "loss": 5.429388999938965, "elapsed_time": 54.387123346328735, "prnt": false}
{"event": "training_step", "timestamp": 1769649602.9655702, "step": 575, "max_steps": 931, "loss": 5.475471019744873, "elapsed_time": 54.47279334068298, "prnt": false}
{"event": "training_step", "timestamp": 1769649603.051271, "step": 576, "max_steps": 931, "loss": 5.467973232269287, "elapsed_time": 54.55848145484924, "prnt": false}
{"event": "training_step", "timestamp": 1769649603.1372352, "step": 577, "max_steps": 931, "loss": 5.435159206390381, "elapsed_time": 54.64432764053345, "prnt": false}
{"event": "training_step", "timestamp": 1769649603.2229166, "step": 578, "max_steps": 931, "loss": 5.450205326080322, "elapsed_time": 54.730411767959595, "prnt": false}
{"event": "training_step", "timestamp": 1769649603.3086052, "step": 579, "max_steps": 931, "loss": 5.475127696990967, "elapsed_time": 54.81596302986145, "prnt": false}
{"event": "training_step", "timestamp": 1769649603.394317, "step": 580, "max_steps": 931, "loss": 5.480695724487305, "elapsed_time": 54.90148448944092, "prnt": false}
{"event": "training_step", "timestamp": 1769649603.4800918, "step": 581, "max_steps": 931, "loss": 5.523172855377197, "elapsed_time": 54.98728799819946, "prnt": false}
{"event": "training_step", "timestamp": 1769649603.5658402, "step": 582, "max_steps": 931, "loss": 5.461215972900391, "elapsed_time": 55.073078870773315, "prnt": false}
{"event": "training_step", "timestamp": 1769649603.6518028, "step": 583, "max_steps": 931, "loss": 5.446976661682129, "elapsed_time": 55.15888261795044, "prnt": false}
{"event": "training_step", "timestamp": 1769649603.7376008, "step": 584, "max_steps": 931, "loss": 5.510684967041016, "elapsed_time": 55.24467420578003, "prnt": false}
{"event": "training_step", "timestamp": 1769649603.8233778, "step": 585, "max_steps": 931, "loss": 5.457730293273926, "elapsed_time": 55.33061170578003, "prnt": false}
{"event": "training_step", "timestamp": 1769649603.908709, "step": 586, "max_steps": 931, "loss": 5.436711311340332, "elapsed_time": 55.4162654876709, "prnt": false}
{"event": "training_step", "timestamp": 1769649603.9945297, "step": 587, "max_steps": 931, "loss": 5.445516109466553, "elapsed_time": 55.50192189216614, "prnt": false}
{"event": "training_step", "timestamp": 1769649604.0802963, "step": 588, "max_steps": 931, "loss": 5.469181060791016, "elapsed_time": 55.58746337890625, "prnt": false}
{"event": "training_step", "timestamp": 1769649604.1660724, "step": 589, "max_steps": 931, "loss": 5.469415664672852, "elapsed_time": 55.67334580421448, "prnt": false}
{"event": "training_step", "timestamp": 1769649604.252104, "step": 590, "max_steps": 931, "loss": 5.4601311683654785, "elapsed_time": 55.759073972702026, "prnt": false}
{"event": "training_step", "timestamp": 1769649604.3380346, "step": 591, "max_steps": 931, "loss": 5.4820051193237305, "elapsed_time": 55.8452582359314, "prnt": false}
{"event": "training_step", "timestamp": 1769649604.4237232, "step": 592, "max_steps": 931, "loss": 5.414332866668701, "elapsed_time": 55.931241512298584, "prnt": false}
{"event": "training_step", "timestamp": 1769649604.5095148, "step": 593, "max_steps": 931, "loss": 5.40749454498291, "elapsed_time": 56.01701998710632, "prnt": false}
{"event": "training_step", "timestamp": 1769649604.5952837, "step": 594, "max_steps": 931, "loss": 5.446738243103027, "elapsed_time": 56.102477073669434, "prnt": false}
{"event": "training_step", "timestamp": 1769649604.6811745, "step": 595, "max_steps": 931, "loss": 5.514317035675049, "elapsed_time": 56.18839144706726, "prnt": false}
{"event": "training_step", "timestamp": 1769649604.7670388, "step": 596, "max_steps": 931, "loss": 5.483364582061768, "elapsed_time": 56.27414321899414, "prnt": false}
{"event": "training_step", "timestamp": 1769649604.8531277, "step": 597, "max_steps": 931, "loss": 5.416674613952637, "elapsed_time": 56.36070799827576, "prnt": false}
{"event": "training_step", "timestamp": 1769649604.938913, "step": 598, "max_steps": 931, "loss": 5.486591339111328, "elapsed_time": 56.44634437561035, "prnt": false}
{"event": "training_step", "timestamp": 1769649605.024756, "step": 599, "max_steps": 931, "loss": 5.506250381469727, "elapsed_time": 56.53187847137451, "prnt": false}
{"event": "training_step", "timestamp": 1769649605.1105068, "step": 600, "max_steps": 931, "loss": 5.467357635498047, "elapsed_time": 56.617717266082764, "prnt": false}
{"event": "training_step", "timestamp": 1769649605.1965399, "step": 601, "max_steps": 931, "loss": 5.461122989654541, "elapsed_time": 56.70366334915161, "prnt": false}
{"event": "training_step", "timestamp": 1769649605.282287, "step": 602, "max_steps": 931, "loss": 5.522580623626709, "elapsed_time": 56.78960347175598, "prnt": false}
{"event": "training_step", "timestamp": 1769649605.3681126, "step": 603, "max_steps": 931, "loss": 5.43196439743042, "elapsed_time": 56.87545943260193, "prnt": false}
{"event": "training_step", "timestamp": 1769649605.453846, "step": 604, "max_steps": 931, "loss": 5.504668235778809, "elapsed_time": 56.96105098724365, "prnt": false}
{"event": "training_step", "timestamp": 1769649605.5397158, "step": 605, "max_steps": 931, "loss": 5.4986982345581055, "elapsed_time": 57.04690861701965, "prnt": false}
{"event": "training_step", "timestamp": 1769649605.6254175, "step": 606, "max_steps": 931, "loss": 5.451683044433594, "elapsed_time": 57.13273882865906, "prnt": false}
{"event": "training_step", "timestamp": 1769649605.7113538, "step": 607, "max_steps": 931, "loss": 5.478001117706299, "elapsed_time": 57.21847152709961, "prnt": false}
{"event": "training_step", "timestamp": 1769649605.797214, "step": 608, "max_steps": 931, "loss": 5.485507011413574, "elapsed_time": 57.30427289009094, "prnt": false}
{"event": "training_step", "timestamp": 1769649605.8830245, "step": 609, "max_steps": 931, "loss": 5.433619499206543, "elapsed_time": 57.39038705825806, "prnt": false}
{"event": "training_step", "timestamp": 1769649605.9687514, "step": 610, "max_steps": 931, "loss": 5.460927486419678, "elapsed_time": 57.47593927383423, "prnt": false}
{"event": "training_step", "timestamp": 1769649606.0547044, "step": 611, "max_steps": 931, "loss": 5.391162395477295, "elapsed_time": 57.562031984329224, "prnt": false}
{"event": "training_step", "timestamp": 1769649606.1404948, "step": 612, "max_steps": 931, "loss": 5.467106342315674, "elapsed_time": 57.64772629737854, "prnt": false}
{"event": "training_step", "timestamp": 1769649606.2263434, "step": 613, "max_steps": 931, "loss": 5.463454723358154, "elapsed_time": 57.733649253845215, "prnt": false}
{"event": "training_step", "timestamp": 1769649606.312105, "step": 614, "max_steps": 931, "loss": 5.391909599304199, "elapsed_time": 57.81932210922241, "prnt": false}
{"event": "training_step", "timestamp": 1769649606.3980331, "step": 615, "max_steps": 931, "loss": 5.455686569213867, "elapsed_time": 57.90524220466614, "prnt": false}
{"event": "training_step", "timestamp": 1769649606.4837759, "step": 616, "max_steps": 931, "loss": 5.356344699859619, "elapsed_time": 57.990872859954834, "prnt": false}
{"event": "validation_step", "timestamp": 1769649606.8728645, "step": 616, "max_steps": 931, "loss": 1.288789045069427, "elapsed_time": 57.990872859954834}
{"event": "training_step", "timestamp": 1769649606.9590576, "step": 617, "max_steps": 931, "loss": 5.45242977142334, "elapsed_time": 58.46640491485596, "prnt": false}
{"event": "training_step", "timestamp": 1769649607.0448542, "step": 618, "max_steps": 931, "loss": 5.449710845947266, "elapsed_time": 58.552098512649536, "prnt": false}
{"event": "training_step", "timestamp": 1769649607.1308804, "step": 619, "max_steps": 931, "loss": 5.38031530380249, "elapsed_time": 58.63806629180908, "prnt": false}
{"event": "training_step", "timestamp": 1769649607.216781, "step": 620, "max_steps": 931, "loss": 5.427800178527832, "elapsed_time": 58.72378754615784, "prnt": false}
{"event": "training_step", "timestamp": 1769649607.3025806, "step": 621, "max_steps": 931, "loss": 5.485170364379883, "elapsed_time": 58.809964656829834, "prnt": false}
{"event": "training_step", "timestamp": 1769649607.3883796, "step": 622, "max_steps": 931, "loss": 5.454099655151367, "elapsed_time": 58.89563179016113, "prnt": false}
{"event": "training_step", "timestamp": 1769649607.4742656, "step": 623, "max_steps": 931, "loss": 5.453540802001953, "elapsed_time": 58.981537103652954, "prnt": false}
{"event": "training_step", "timestamp": 1769649607.5600402, "step": 624, "max_steps": 931, "loss": 5.471391201019287, "elapsed_time": 59.067150592803955, "prnt": false}
{"event": "training_step", "timestamp": 1769649607.6459832, "step": 625, "max_steps": 931, "loss": 5.397477626800537, "elapsed_time": 59.15318012237549, "prnt": false}
{"event": "training_step", "timestamp": 1769649607.7319129, "step": 626, "max_steps": 931, "loss": 5.425919532775879, "elapsed_time": 59.23888969421387, "prnt": false}
{"event": "training_step", "timestamp": 1769649607.8178272, "step": 627, "max_steps": 931, "loss": 5.385584354400635, "elapsed_time": 59.32484316825867, "prnt": false}
{"event": "training_step", "timestamp": 1769649607.903543, "step": 628, "max_steps": 931, "loss": 5.425268173217773, "elapsed_time": 59.41088509559631, "prnt": false}
{"event": "training_step", "timestamp": 1769649607.9893196, "step": 629, "max_steps": 931, "loss": 5.425034046173096, "elapsed_time": 59.49656939506531, "prnt": false}
{"event": "training_step", "timestamp": 1769649608.0751796, "step": 630, "max_steps": 931, "loss": 5.444441795349121, "elapsed_time": 59.582228660583496, "prnt": false}
{"event": "training_step", "timestamp": 1769649608.1610525, "step": 631, "max_steps": 931, "loss": 5.3752593994140625, "elapsed_time": 59.66816329956055, "prnt": false}
{"event": "training_step", "timestamp": 1769649608.2468204, "step": 632, "max_steps": 931, "loss": 5.382061958312988, "elapsed_time": 59.754058837890625, "prnt": false}
{"event": "training_step", "timestamp": 1769649608.332772, "step": 633, "max_steps": 931, "loss": 5.434157848358154, "elapsed_time": 59.83982300758362, "prnt": false}
{"event": "training_step", "timestamp": 1769649608.418612, "step": 634, "max_steps": 931, "loss": 5.434558868408203, "elapsed_time": 59.925689935684204, "prnt": false}
{"event": "training_step", "timestamp": 1769649608.5044358, "step": 635, "max_steps": 931, "loss": 5.425615310668945, "elapsed_time": 60.01167678833008, "prnt": false}
{"event": "training_step", "timestamp": 1769649608.590187, "step": 636, "max_steps": 931, "loss": 5.360073566436768, "elapsed_time": 60.09740090370178, "prnt": false}
{"event": "training_step", "timestamp": 1769649608.6762621, "step": 637, "max_steps": 931, "loss": 5.437427997589111, "elapsed_time": 60.183255672454834, "prnt": false}
{"event": "training_step", "timestamp": 1769649608.7620502, "step": 638, "max_steps": 931, "loss": 5.366630554199219, "elapsed_time": 60.26931309700012, "prnt": false}
{"event": "training_step", "timestamp": 1769649608.847905, "step": 639, "max_steps": 931, "loss": 5.43402624130249, "elapsed_time": 60.3553352355957, "prnt": false}
{"event": "training_step", "timestamp": 1769649608.9338844, "step": 640, "max_steps": 931, "loss": 5.367766380310059, "elapsed_time": 60.44119477272034, "prnt": false}
{"event": "training_step", "timestamp": 1769649609.0199022, "step": 641, "max_steps": 931, "loss": 5.359213829040527, "elapsed_time": 60.52705001831055, "prnt": false}
{"event": "training_step", "timestamp": 1769649609.1056738, "step": 642, "max_steps": 931, "loss": 5.383092880249023, "elapsed_time": 60.61294412612915, "prnt": false}
{"event": "training_step", "timestamp": 1769649609.1915092, "step": 643, "max_steps": 931, "loss": 5.433300495147705, "elapsed_time": 60.69874715805054, "prnt": false}
{"event": "training_step", "timestamp": 1769649609.2772741, "step": 644, "max_steps": 931, "loss": 5.302560806274414, "elapsed_time": 60.784441232681274, "prnt": false}
{"event": "training_step", "timestamp": 1769649609.363127, "step": 645, "max_steps": 931, "loss": 5.366777420043945, "elapsed_time": 60.87031817436218, "prnt": false}
{"event": "training_step", "timestamp": 1769649609.4488792, "step": 646, "max_steps": 931, "loss": 5.434700965881348, "elapsed_time": 60.95611643791199, "prnt": false}
{"event": "training_step", "timestamp": 1769649609.5349667, "step": 647, "max_steps": 931, "loss": 5.3598761558532715, "elapsed_time": 61.04185223579407, "prnt": false}
{"event": "training_step", "timestamp": 1769649609.6208286, "step": 648, "max_steps": 931, "loss": 5.459716796875, "elapsed_time": 61.12799906730652, "prnt": false}
{"event": "training_step", "timestamp": 1769649609.706632, "step": 649, "max_steps": 931, "loss": 5.398922920227051, "elapsed_time": 61.213857650756836, "prnt": false}
{"event": "training_step", "timestamp": 1769649609.7924497, "step": 650, "max_steps": 931, "loss": 5.372494697570801, "elapsed_time": 61.299598693847656, "prnt": false}
{"event": "training_step", "timestamp": 1769649609.8784785, "step": 651, "max_steps": 931, "loss": 5.343926906585693, "elapsed_time": 61.3856987953186, "prnt": false}
{"event": "training_step", "timestamp": 1769649609.9642959, "step": 652, "max_steps": 931, "loss": 5.36691427230835, "elapsed_time": 61.47147607803345, "prnt": false}
{"event": "training_step", "timestamp": 1769649610.050386, "step": 653, "max_steps": 931, "loss": 5.389194965362549, "elapsed_time": 61.55775284767151, "prnt": false}
{"event": "training_step", "timestamp": 1769649610.1363037, "step": 654, "max_steps": 931, "loss": 5.423509120941162, "elapsed_time": 61.64333200454712, "prnt": false}
{"event": "training_step", "timestamp": 1769649610.2221484, "step": 655, "max_steps": 931, "loss": 5.335877895355225, "elapsed_time": 61.72956871986389, "prnt": false}
{"event": "training_step", "timestamp": 1769649610.3078644, "step": 656, "max_steps": 931, "loss": 5.351304531097412, "elapsed_time": 61.81510305404663, "prnt": false}
{"event": "training_step", "timestamp": 1769649610.3938875, "step": 657, "max_steps": 931, "loss": 5.355532169342041, "elapsed_time": 61.90101099014282, "prnt": false}
{"event": "training_step", "timestamp": 1769649610.4797354, "step": 658, "max_steps": 931, "loss": 5.4106245040893555, "elapsed_time": 61.98683166503906, "prnt": false}
{"event": "training_step", "timestamp": 1769649610.565598, "step": 659, "max_steps": 931, "loss": 5.345301628112793, "elapsed_time": 62.072763442993164, "prnt": false}
{"event": "training_step", "timestamp": 1769649610.651304, "step": 660, "max_steps": 931, "loss": 5.343770503997803, "elapsed_time": 62.15852904319763, "prnt": false}
{"event": "validation_step", "timestamp": 1769649611.0405571, "step": 660, "max_steps": 931, "loss": 1.285318647279729, "elapsed_time": 62.15852904319763}
{"event": "training_step", "timestamp": 1769649611.127014, "step": 661, "max_steps": 931, "loss": 5.336400032043457, "elapsed_time": 62.63422679901123, "prnt": false}
{"event": "training_step", "timestamp": 1769649611.2127728, "step": 662, "max_steps": 931, "loss": 5.427241325378418, "elapsed_time": 62.7200493812561, "prnt": false}
{"event": "training_step", "timestamp": 1769649611.2988043, "step": 663, "max_steps": 931, "loss": 5.349273204803467, "elapsed_time": 62.806081771850586, "prnt": false}
{"event": "training_step", "timestamp": 1769649611.3850453, "step": 664, "max_steps": 931, "loss": 5.364188194274902, "elapsed_time": 62.89189600944519, "prnt": false}
{"event": "training_step", "timestamp": 1769649611.4710088, "step": 665, "max_steps": 931, "loss": 5.341991901397705, "elapsed_time": 62.978049755096436, "prnt": false}
{"event": "training_step", "timestamp": 1769649611.5570676, "step": 666, "max_steps": 931, "loss": 5.38041353225708, "elapsed_time": 63.06424856185913, "prnt": false}
{"event": "training_step", "timestamp": 1769649611.6429594, "step": 667, "max_steps": 931, "loss": 5.346538543701172, "elapsed_time": 63.15004801750183, "prnt": false}
{"event": "training_step", "timestamp": 1769649611.729089, "step": 668, "max_steps": 931, "loss": 5.284908771514893, "elapsed_time": 63.23598122596741, "prnt": false}
{"event": "training_step", "timestamp": 1769649611.8146484, "step": 669, "max_steps": 931, "loss": 5.388948440551758, "elapsed_time": 63.32199430465698, "prnt": false}
{"event": "training_step", "timestamp": 1769649611.900548, "step": 670, "max_steps": 931, "loss": 5.416785717010498, "elapsed_time": 63.4077033996582, "prnt": false}
{"event": "training_step", "timestamp": 1769649611.986483, "step": 671, "max_steps": 931, "loss": 5.379688262939453, "elapsed_time": 63.49390387535095, "prnt": false}
{"event": "training_step", "timestamp": 1769649612.0724924, "step": 672, "max_steps": 931, "loss": 5.39763069152832, "elapsed_time": 63.57952165603638, "prnt": false}
{"event": "training_step", "timestamp": 1769649612.1583562, "step": 673, "max_steps": 931, "loss": 5.353513240814209, "elapsed_time": 63.66577935218811, "prnt": false}
{"event": "training_step", "timestamp": 1769649612.2443185, "step": 674, "max_steps": 931, "loss": 5.33554744720459, "elapsed_time": 63.75160765647888, "prnt": false}
{"event": "training_step", "timestamp": 1769649612.3300555, "step": 675, "max_steps": 931, "loss": 5.360882759094238, "elapsed_time": 63.837204456329346, "prnt": false}
{"event": "training_step", "timestamp": 1769649612.415995, "step": 676, "max_steps": 931, "loss": 5.324087619781494, "elapsed_time": 63.92323184013367, "prnt": false}
{"event": "training_step", "timestamp": 1769649612.5018394, "step": 677, "max_steps": 931, "loss": 5.320281982421875, "elapsed_time": 64.0089259147644, "prnt": false}
{"event": "training_step", "timestamp": 1769649612.5877974, "step": 678, "max_steps": 931, "loss": 5.327834129333496, "elapsed_time": 64.0949559211731, "prnt": false}
{"event": "training_step", "timestamp": 1769649612.6738539, "step": 679, "max_steps": 931, "loss": 5.306893825531006, "elapsed_time": 64.18093848228455, "prnt": false}
{"event": "training_step", "timestamp": 1769649612.7598317, "step": 680, "max_steps": 931, "loss": 5.368910312652588, "elapsed_time": 64.26714062690735, "prnt": false}
{"event": "training_step", "timestamp": 1769649612.845749, "step": 681, "max_steps": 931, "loss": 5.370804309844971, "elapsed_time": 64.35277390480042, "prnt": false}
{"event": "training_step", "timestamp": 1769649612.9318526, "step": 682, "max_steps": 931, "loss": 5.3199615478515625, "elapsed_time": 64.43918490409851, "prnt": false}
{"event": "training_step", "timestamp": 1769649613.0177429, "step": 683, "max_steps": 931, "loss": 5.3671746253967285, "elapsed_time": 64.52499318122864, "prnt": false}
{"event": "training_step", "timestamp": 1769649613.1037538, "step": 684, "max_steps": 931, "loss": 5.345510959625244, "elapsed_time": 64.61080503463745, "prnt": false}
{"event": "training_step", "timestamp": 1769649613.1897645, "step": 685, "max_steps": 931, "loss": 5.281035423278809, "elapsed_time": 64.69668054580688, "prnt": false}
{"event": "training_step", "timestamp": 1769649613.2757425, "step": 686, "max_steps": 931, "loss": 5.265407085418701, "elapsed_time": 64.7826931476593, "prnt": false}
{"event": "training_step", "timestamp": 1769649613.3616447, "step": 687, "max_steps": 931, "loss": 5.290813446044922, "elapsed_time": 64.86911487579346, "prnt": false}
{"event": "training_step", "timestamp": 1769649613.4477384, "step": 688, "max_steps": 931, "loss": 5.3262939453125, "elapsed_time": 64.95469832420349, "prnt": false}
{"event": "training_step", "timestamp": 1769649613.5337257, "step": 689, "max_steps": 931, "loss": 5.328240394592285, "elapsed_time": 65.04063487052917, "prnt": false}
{"event": "training_step", "timestamp": 1769649613.6196175, "step": 690, "max_steps": 931, "loss": 5.278264045715332, "elapsed_time": 65.12669563293457, "prnt": false}
{"event": "training_step", "timestamp": 1769649613.7052228, "step": 691, "max_steps": 931, "loss": 5.3261919021606445, "elapsed_time": 65.21257305145264, "prnt": false}
{"event": "training_step", "timestamp": 1769649613.791233, "step": 692, "max_steps": 931, "loss": 5.290006637573242, "elapsed_time": 65.29826331138611, "prnt": false}
{"event": "training_step", "timestamp": 1769649613.8770926, "step": 693, "max_steps": 931, "loss": 5.300182819366455, "elapsed_time": 65.38419151306152, "prnt": false}
{"event": "training_step", "timestamp": 1769649613.963053, "step": 694, "max_steps": 931, "loss": 5.342588901519775, "elapsed_time": 65.47011613845825, "prnt": false}
{"event": "training_step", "timestamp": 1769649614.0490746, "step": 695, "max_steps": 931, "loss": 5.38142728805542, "elapsed_time": 65.55614686012268, "prnt": false}
{"event": "training_step", "timestamp": 1769649614.135095, "step": 696, "max_steps": 931, "loss": 5.400911808013916, "elapsed_time": 65.6421389579773, "prnt": false}
{"event": "training_step", "timestamp": 1769649614.2209144, "step": 697, "max_steps": 931, "loss": 5.322814464569092, "elapsed_time": 65.72807812690735, "prnt": false}
{"event": "training_step", "timestamp": 1769649614.3069873, "step": 698, "max_steps": 931, "loss": 5.28336763381958, "elapsed_time": 65.81400632858276, "prnt": false}
{"event": "training_step", "timestamp": 1769649614.3929784, "step": 699, "max_steps": 931, "loss": 5.337736129760742, "elapsed_time": 65.90009570121765, "prnt": false}
{"event": "training_step", "timestamp": 1769649614.4788415, "step": 700, "max_steps": 931, "loss": 5.305004119873047, "elapsed_time": 65.98596692085266, "prnt": false}
{"event": "training_step", "timestamp": 1769649614.5646977, "step": 701, "max_steps": 931, "loss": 5.365779876708984, "elapsed_time": 66.07185745239258, "prnt": false}
{"event": "training_step", "timestamp": 1769649614.6507332, "step": 702, "max_steps": 931, "loss": 5.359645366668701, "elapsed_time": 66.15765523910522, "prnt": false}
{"event": "training_step", "timestamp": 1769649614.7365873, "step": 703, "max_steps": 931, "loss": 5.395795822143555, "elapsed_time": 66.24365568161011, "prnt": false}
{"event": "training_step", "timestamp": 1769649614.8225186, "step": 704, "max_steps": 931, "loss": 5.318706512451172, "elapsed_time": 66.32966637611389, "prnt": false}
{"event": "validation_step", "timestamp": 1769649615.2119708, "step": 704, "max_steps": 931, "loss": 1.283563688852964, "elapsed_time": 66.32966637611389}
{"event": "training_step", "timestamp": 1769649615.2983844, "step": 705, "max_steps": 931, "loss": 5.319106578826904, "elapsed_time": 66.80569553375244, "prnt": false}
{"event": "training_step", "timestamp": 1769649615.3843982, "step": 706, "max_steps": 931, "loss": 5.2955098152160645, "elapsed_time": 66.89165902137756, "prnt": false}
{"event": "training_step", "timestamp": 1769649615.470355, "step": 707, "max_steps": 931, "loss": 5.315709114074707, "elapsed_time": 66.97730231285095, "prnt": false}
{"event": "training_step", "timestamp": 1769649615.5563276, "step": 708, "max_steps": 931, "loss": 5.330053329467773, "elapsed_time": 67.06333231925964, "prnt": false}
{"event": "training_step", "timestamp": 1769649615.6421916, "step": 709, "max_steps": 931, "loss": 5.375365734100342, "elapsed_time": 67.1493890285492, "prnt": false}
{"event": "training_step", "timestamp": 1769649615.7283168, "step": 710, "max_steps": 931, "loss": 5.321603298187256, "elapsed_time": 67.23523497581482, "prnt": false}
{"event": "training_step", "timestamp": 1769649615.814253, "step": 711, "max_steps": 931, "loss": 5.313090801239014, "elapsed_time": 67.32127737998962, "prnt": false}
{"event": "training_step", "timestamp": 1769649615.9001114, "step": 712, "max_steps": 931, "loss": 5.254268169403076, "elapsed_time": 67.40720081329346, "prnt": false}
{"event": "training_step", "timestamp": 1769649615.986129, "step": 713, "max_steps": 931, "loss": 5.334169387817383, "elapsed_time": 67.49334764480591, "prnt": false}
{"event": "training_step", "timestamp": 1769649616.0722156, "step": 714, "max_steps": 931, "loss": 5.357572078704834, "elapsed_time": 67.57929182052612, "prnt": false}
{"event": "training_step", "timestamp": 1769649616.1581855, "step": 715, "max_steps": 931, "loss": 5.300360202789307, "elapsed_time": 67.66516947746277, "prnt": false}
{"event": "training_step", "timestamp": 1769649616.2441978, "step": 716, "max_steps": 931, "loss": 5.3193678855896, "elapsed_time": 67.75138187408447, "prnt": false}
{"event": "training_step", "timestamp": 1769649616.3301752, "step": 717, "max_steps": 931, "loss": 5.328625202178955, "elapsed_time": 67.83739924430847, "prnt": false}
{"event": "training_step", "timestamp": 1769649616.4161096, "step": 718, "max_steps": 931, "loss": 5.266483306884766, "elapsed_time": 67.92315554618835, "prnt": false}
{"event": "training_step", "timestamp": 1769649616.5019455, "step": 719, "max_steps": 931, "loss": 5.262784004211426, "elapsed_time": 68.00900554656982, "prnt": false}
{"event": "training_step", "timestamp": 1769649616.5879571, "step": 720, "max_steps": 931, "loss": 5.307529926300049, "elapsed_time": 68.0950722694397, "prnt": false}
{"event": "training_step", "timestamp": 1769649616.6739075, "step": 721, "max_steps": 931, "loss": 5.285359859466553, "elapsed_time": 68.18097066879272, "prnt": false}
{"event": "training_step", "timestamp": 1769649616.7598302, "step": 722, "max_steps": 931, "loss": 5.330289840698242, "elapsed_time": 68.26701474189758, "prnt": false}
{"event": "training_step", "timestamp": 1769649616.8457549, "step": 723, "max_steps": 931, "loss": 5.2625346183776855, "elapsed_time": 68.35273838043213, "prnt": false}
{"event": "training_step", "timestamp": 1769649616.9320047, "step": 724, "max_steps": 931, "loss": 5.292675495147705, "elapsed_time": 68.43951630592346, "prnt": false}
{"event": "training_step", "timestamp": 1769649617.0178988, "step": 725, "max_steps": 931, "loss": 5.371807098388672, "elapsed_time": 68.52509188652039, "prnt": false}
{"event": "training_step", "timestamp": 1769649617.1039188, "step": 726, "max_steps": 931, "loss": 5.332421779632568, "elapsed_time": 68.6108808517456, "prnt": false}
{"event": "training_step", "timestamp": 1769649617.1898923, "step": 727, "max_steps": 931, "loss": 5.324204444885254, "elapsed_time": 68.69681811332703, "prnt": false}
{"event": "training_step", "timestamp": 1769649617.2759018, "step": 728, "max_steps": 931, "loss": 5.283815860748291, "elapsed_time": 68.7830719947815, "prnt": false}
{"event": "training_step", "timestamp": 1769649617.361756, "step": 729, "max_steps": 931, "loss": 5.329082489013672, "elapsed_time": 68.86880993843079, "prnt": false}
{"event": "training_step", "timestamp": 1769649617.4478803, "step": 730, "max_steps": 931, "loss": 5.347978591918945, "elapsed_time": 68.95479393005371, "prnt": false}
{"event": "training_step", "timestamp": 1769649617.5339496, "step": 731, "max_steps": 931, "loss": 5.293720245361328, "elapsed_time": 69.04086065292358, "prnt": false}
{"event": "training_step", "timestamp": 1769649617.6198428, "step": 732, "max_steps": 931, "loss": 5.307680606842041, "elapsed_time": 69.12698078155518, "prnt": false}
{"event": "training_step", "timestamp": 1769649617.7057536, "step": 733, "max_steps": 931, "loss": 5.3037848472595215, "elapsed_time": 69.21292281150818, "prnt": false}
{"event": "training_step", "timestamp": 1769649617.7919424, "step": 734, "max_steps": 931, "loss": 5.227809429168701, "elapsed_time": 69.29908204078674, "prnt": false}
{"event": "training_step", "timestamp": 1769649617.8778894, "step": 735, "max_steps": 931, "loss": 5.362818717956543, "elapsed_time": 69.38487362861633, "prnt": false}
{"event": "training_step", "timestamp": 1769649617.96389, "step": 736, "max_steps": 931, "loss": 5.258362293243408, "elapsed_time": 69.47123885154724, "prnt": false}
{"event": "training_step", "timestamp": 1769649618.0499873, "step": 737, "max_steps": 931, "loss": 5.314630508422852, "elapsed_time": 69.55699467658997, "prnt": false}
{"event": "training_step", "timestamp": 1769649618.1361485, "step": 738, "max_steps": 931, "loss": 5.340510845184326, "elapsed_time": 69.64329719543457, "prnt": false}
{"event": "training_step", "timestamp": 1769649618.222469, "step": 739, "max_steps": 931, "loss": 5.314493656158447, "elapsed_time": 69.73000860214233, "prnt": false}
{"event": "training_step", "timestamp": 1769649618.308585, "step": 740, "max_steps": 931, "loss": 5.280113697052002, "elapsed_time": 69.81610465049744, "prnt": false}
{"event": "training_step", "timestamp": 1769649618.3947656, "step": 741, "max_steps": 931, "loss": 5.32679557800293, "elapsed_time": 69.90215039253235, "prnt": false}
{"event": "training_step", "timestamp": 1769649618.480754, "step": 742, "max_steps": 931, "loss": 5.18631649017334, "elapsed_time": 69.98805737495422, "prnt": false}
{"event": "training_step", "timestamp": 1769649618.5669503, "step": 743, "max_steps": 931, "loss": 5.328978061676025, "elapsed_time": 70.07380247116089, "prnt": false}
{"event": "training_step", "timestamp": 1769649618.653051, "step": 744, "max_steps": 931, "loss": 5.380876064300537, "elapsed_time": 70.16010785102844, "prnt": false}
{"event": "training_step", "timestamp": 1769649618.7391226, "step": 745, "max_steps": 931, "loss": 5.324436664581299, "elapsed_time": 70.24672174453735, "prnt": false}
{"event": "training_step", "timestamp": 1769649618.8251612, "step": 746, "max_steps": 931, "loss": 5.230011940002441, "elapsed_time": 70.3323163986206, "prnt": false}
{"event": "training_step", "timestamp": 1769649618.9111135, "step": 747, "max_steps": 931, "loss": 5.311397552490234, "elapsed_time": 70.41809940338135, "prnt": false}
{"event": "training_step", "timestamp": 1769649618.9972866, "step": 748, "max_steps": 931, "loss": 5.358529090881348, "elapsed_time": 70.50464391708374, "prnt": false}
{"event": "validation_step", "timestamp": 1769649619.3870122, "step": 748, "max_steps": 931, "loss": 1.2813503722701671, "elapsed_time": 70.50464391708374}
{"event": "training_step", "timestamp": 1769649619.4735298, "step": 749, "max_steps": 931, "loss": 5.32310152053833, "elapsed_time": 70.98087477684021, "prnt": false}
{"event": "training_step", "timestamp": 1769649619.5595174, "step": 750, "max_steps": 931, "loss": 5.346905708312988, "elapsed_time": 71.06669187545776, "prnt": false}
{"event": "training_step", "timestamp": 1769649619.6453366, "step": 751, "max_steps": 931, "loss": 5.323418140411377, "elapsed_time": 71.15241074562073, "prnt": false}
{"event": "training_step", "timestamp": 1769649619.731505, "step": 752, "max_steps": 931, "loss": 5.3187432289123535, "elapsed_time": 71.23836541175842, "prnt": false}
{"event": "training_step", "timestamp": 1769649619.8173964, "step": 753, "max_steps": 931, "loss": 5.300905704498291, "elapsed_time": 71.32443952560425, "prnt": false}
{"event": "training_step", "timestamp": 1769649619.9034848, "step": 754, "max_steps": 931, "loss": 5.225347518920898, "elapsed_time": 71.41043090820312, "prnt": false}
{"event": "training_step", "timestamp": 1769649619.9893818, "step": 755, "max_steps": 931, "loss": 5.285264492034912, "elapsed_time": 71.49647617340088, "prnt": false}
{"event": "training_step", "timestamp": 1769649620.075334, "step": 756, "max_steps": 931, "loss": 5.3370361328125, "elapsed_time": 71.5823700428009, "prnt": false}
{"event": "training_step", "timestamp": 1769649620.1612887, "step": 757, "max_steps": 931, "loss": 5.304770469665527, "elapsed_time": 71.66855120658875, "prnt": false}
{"event": "training_step", "timestamp": 1769649620.247382, "step": 758, "max_steps": 931, "loss": 5.306058883666992, "elapsed_time": 71.75433325767517, "prnt": false}
{"event": "training_step", "timestamp": 1769649620.333354, "step": 759, "max_steps": 931, "loss": 5.3099751472473145, "elapsed_time": 71.84030961990356, "prnt": false}
{"event": "training_step", "timestamp": 1769649620.4193954, "step": 760, "max_steps": 931, "loss": 5.339261054992676, "elapsed_time": 71.92669916152954, "prnt": false}
{"event": "training_step", "timestamp": 1769649620.5055192, "step": 761, "max_steps": 931, "loss": 5.250375270843506, "elapsed_time": 72.012451171875, "prnt": false}
{"event": "training_step", "timestamp": 1769649620.591691, "step": 762, "max_steps": 931, "loss": 5.280379772186279, "elapsed_time": 72.09859037399292, "prnt": false}
{"event": "training_step", "timestamp": 1769649620.6775289, "step": 763, "max_steps": 931, "loss": 5.225573539733887, "elapsed_time": 72.18457078933716, "prnt": false}
{"event": "training_step", "timestamp": 1769649620.7634346, "step": 764, "max_steps": 931, "loss": 5.253976345062256, "elapsed_time": 72.27062225341797, "prnt": false}
{"event": "training_step", "timestamp": 1769649620.8493717, "step": 765, "max_steps": 931, "loss": 5.1923909187316895, "elapsed_time": 72.35641479492188, "prnt": false}
{"event": "training_step", "timestamp": 1769649620.9357522, "step": 766, "max_steps": 931, "loss": 5.300753593444824, "elapsed_time": 72.44359469413757, "prnt": false}
{"event": "training_step", "timestamp": 1769649621.021892, "step": 767, "max_steps": 931, "loss": 5.282857894897461, "elapsed_time": 72.52950382232666, "prnt": false}
{"event": "training_step", "timestamp": 1769649621.1081016, "step": 768, "max_steps": 931, "loss": 5.301031112670898, "elapsed_time": 72.6154899597168, "prnt": false}
{"event": "training_step", "timestamp": 1769649621.194167, "step": 769, "max_steps": 931, "loss": 5.269808769226074, "elapsed_time": 72.7012505531311, "prnt": false}
{"event": "training_step", "timestamp": 1769649621.2801142, "step": 770, "max_steps": 931, "loss": 5.323070526123047, "elapsed_time": 72.78713202476501, "prnt": false}
{"event": "training_step", "timestamp": 1769649621.366029, "step": 771, "max_steps": 931, "loss": 5.323486804962158, "elapsed_time": 72.87301564216614, "prnt": false}
{"event": "training_step", "timestamp": 1769649621.4523785, "step": 772, "max_steps": 931, "loss": 5.2730584144592285, "elapsed_time": 72.9593734741211, "prnt": false}
{"event": "training_step", "timestamp": 1769649621.5382645, "step": 773, "max_steps": 931, "loss": 5.264837741851807, "elapsed_time": 73.04548358917236, "prnt": false}
{"event": "training_step", "timestamp": 1769649621.62421, "step": 774, "max_steps": 931, "loss": 5.3345842361450195, "elapsed_time": 73.13134551048279, "prnt": false}
{"event": "training_step", "timestamp": 1769649621.710208, "step": 775, "max_steps": 931, "loss": 5.329001426696777, "elapsed_time": 73.21712565422058, "prnt": false}
{"event": "training_step", "timestamp": 1769649621.7963977, "step": 776, "max_steps": 931, "loss": 5.238711357116699, "elapsed_time": 73.30367636680603, "prnt": false}
{"event": "training_step", "timestamp": 1769649621.8823042, "step": 777, "max_steps": 931, "loss": 5.185482025146484, "elapsed_time": 73.38949990272522, "prnt": false}
{"event": "training_step", "timestamp": 1769649621.9683008, "step": 778, "max_steps": 931, "loss": 5.273636341094971, "elapsed_time": 73.47555899620056, "prnt": false}
{"event": "training_step", "timestamp": 1769649622.054227, "step": 779, "max_steps": 931, "loss": 5.2821431159973145, "elapsed_time": 73.5612998008728, "prnt": false}
{"event": "training_step", "timestamp": 1769649622.1404762, "step": 780, "max_steps": 931, "loss": 5.256893634796143, "elapsed_time": 73.64781188964844, "prnt": false}
{"event": "training_step", "timestamp": 1769649622.2265155, "step": 781, "max_steps": 931, "loss": 5.184318542480469, "elapsed_time": 73.7335753440857, "prnt": false}
{"event": "training_step", "timestamp": 1769649622.3127062, "step": 782, "max_steps": 931, "loss": 5.251154899597168, "elapsed_time": 73.81967329978943, "prnt": false}
{"event": "training_step", "timestamp": 1769649622.398704, "step": 783, "max_steps": 931, "loss": 5.266953945159912, "elapsed_time": 73.90582609176636, "prnt": false}
{"event": "training_step", "timestamp": 1769649622.484748, "step": 784, "max_steps": 931, "loss": 5.286969184875488, "elapsed_time": 73.99178266525269, "prnt": false}
{"event": "training_step", "timestamp": 1769649622.5709143, "step": 785, "max_steps": 931, "loss": 5.279135704040527, "elapsed_time": 74.07787322998047, "prnt": false}
{"event": "training_step", "timestamp": 1769649622.6571558, "step": 786, "max_steps": 931, "loss": 5.270952224731445, "elapsed_time": 74.16451501846313, "prnt": false}
{"event": "training_step", "timestamp": 1769649622.743141, "step": 787, "max_steps": 931, "loss": 5.287558555603027, "elapsed_time": 74.25075125694275, "prnt": false}
{"event": "training_step", "timestamp": 1769649622.829221, "step": 788, "max_steps": 931, "loss": 5.337672233581543, "elapsed_time": 74.33620858192444, "prnt": false}
{"event": "training_step", "timestamp": 1769649622.91521, "step": 789, "max_steps": 931, "loss": 5.279463768005371, "elapsed_time": 74.4225025177002, "prnt": false}
{"event": "training_step", "timestamp": 1769649623.0014446, "step": 790, "max_steps": 931, "loss": 5.226813316345215, "elapsed_time": 74.50924897193909, "prnt": false}
{"event": "training_step", "timestamp": 1769649623.0876162, "step": 791, "max_steps": 931, "loss": 5.283260822296143, "elapsed_time": 74.59450721740723, "prnt": false}
{"event": "training_step", "timestamp": 1769649623.1736727, "step": 792, "max_steps": 931, "loss": 5.278853416442871, "elapsed_time": 74.68095445632935, "prnt": false}
{"event": "validation_step", "timestamp": 1769649623.563543, "step": 792, "max_steps": 931, "loss": 1.2795599155293926, "elapsed_time": 74.68095445632935}
{"event": "training_step", "timestamp": 1769649623.6502142, "step": 793, "max_steps": 931, "loss": 5.201765537261963, "elapsed_time": 75.15748000144958, "prnt": false}
{"event": "training_step", "timestamp": 1769649623.7365272, "step": 794, "max_steps": 931, "loss": 5.29081916809082, "elapsed_time": 75.24406957626343, "prnt": false}
{"event": "training_step", "timestamp": 1769649623.822751, "step": 795, "max_steps": 931, "loss": 5.200370788574219, "elapsed_time": 75.33040976524353, "prnt": false}
{"event": "training_step", "timestamp": 1769649623.9091268, "step": 796, "max_steps": 931, "loss": 5.2375383377075195, "elapsed_time": 75.41682815551758, "prnt": false}
{"event": "training_step", "timestamp": 1769649623.9953399, "step": 797, "max_steps": 931, "loss": 5.262759208679199, "elapsed_time": 75.50269150733948, "prnt": false}
{"event": "training_step", "timestamp": 1769649624.082571, "step": 798, "max_steps": 931, "loss": 5.29047966003418, "elapsed_time": 75.59326958656311, "prnt": false}
{"event": "training_step", "timestamp": 1769649624.1701767, "step": 799, "max_steps": 931, "loss": 5.192322731018066, "elapsed_time": 75.68020558357239, "prnt": false}
{"event": "training_step", "timestamp": 1769649624.2564151, "step": 800, "max_steps": 931, "loss": 5.1972856521606445, "elapsed_time": 75.76401615142822, "prnt": false}
{"event": "training_step", "timestamp": 1769649624.342683, "step": 801, "max_steps": 931, "loss": 5.2507710456848145, "elapsed_time": 75.85018229484558, "prnt": false}
{"event": "training_step", "timestamp": 1769649624.4287777, "step": 802, "max_steps": 931, "loss": 5.2220258712768555, "elapsed_time": 75.9360466003418, "prnt": false}
{"event": "training_step", "timestamp": 1769649624.5151143, "step": 803, "max_steps": 931, "loss": 5.225072383880615, "elapsed_time": 76.02271842956543, "prnt": false}
{"event": "training_step", "timestamp": 1769649624.601312, "step": 804, "max_steps": 931, "loss": 5.29603385925293, "elapsed_time": 76.10861253738403, "prnt": false}
{"event": "training_step", "timestamp": 1769649624.687656, "step": 805, "max_steps": 931, "loss": 5.192914009094238, "elapsed_time": 76.19507074356079, "prnt": false}
{"event": "training_step", "timestamp": 1769649624.7739487, "step": 806, "max_steps": 931, "loss": 5.331811428070068, "elapsed_time": 76.28149437904358, "prnt": false}
{"event": "training_step", "timestamp": 1769649624.8602533, "step": 807, "max_steps": 931, "loss": 5.292593955993652, "elapsed_time": 76.36761569976807, "prnt": false}
{"event": "training_step", "timestamp": 1769649624.9465492, "step": 808, "max_steps": 931, "loss": 5.267286777496338, "elapsed_time": 76.45403409004211, "prnt": false}
{"event": "training_step", "timestamp": 1769649625.0329888, "step": 809, "max_steps": 931, "loss": 5.284353256225586, "elapsed_time": 76.54059910774231, "prnt": false}
{"event": "training_step", "timestamp": 1769649625.1190784, "step": 810, "max_steps": 931, "loss": 5.250585556030273, "elapsed_time": 76.62660765647888, "prnt": false}
{"event": "training_step", "timestamp": 1769649625.205381, "step": 811, "max_steps": 931, "loss": 5.237155914306641, "elapsed_time": 76.71289396286011, "prnt": false}
{"event": "training_step", "timestamp": 1769649625.2917361, "step": 812, "max_steps": 931, "loss": 5.359048366546631, "elapsed_time": 76.79890966415405, "prnt": false}
{"event": "training_step", "timestamp": 1769649625.3780148, "step": 813, "max_steps": 931, "loss": 5.270892143249512, "elapsed_time": 76.88579225540161, "prnt": false}
{"event": "training_step", "timestamp": 1769649625.4642062, "step": 814, "max_steps": 931, "loss": 5.229888916015625, "elapsed_time": 76.97184252738953, "prnt": false}
{"event": "training_step", "timestamp": 1769649625.5506449, "step": 815, "max_steps": 931, "loss": 5.316303730010986, "elapsed_time": 77.05796122550964, "prnt": false}
{"event": "training_step", "timestamp": 1769649625.6367013, "step": 816, "max_steps": 931, "loss": 5.244939804077148, "elapsed_time": 77.14403414726257, "prnt": false}
{"event": "training_step", "timestamp": 1769649625.7232196, "step": 817, "max_steps": 931, "loss": 5.271937370300293, "elapsed_time": 77.2306718826294, "prnt": false}
{"event": "training_step", "timestamp": 1769649625.809624, "step": 818, "max_steps": 931, "loss": 5.235735893249512, "elapsed_time": 77.31704592704773, "prnt": false}
{"event": "training_step", "timestamp": 1769649625.8958974, "step": 819, "max_steps": 931, "loss": 5.251185417175293, "elapsed_time": 77.40314984321594, "prnt": false}
{"event": "training_step", "timestamp": 1769649625.9819999, "step": 820, "max_steps": 931, "loss": 5.288512229919434, "elapsed_time": 77.48920917510986, "prnt": false}
{"event": "training_step", "timestamp": 1769649626.0683272, "step": 821, "max_steps": 931, "loss": 5.292824745178223, "elapsed_time": 77.5758364200592, "prnt": false}
{"event": "training_step", "timestamp": 1769649626.1545787, "step": 822, "max_steps": 931, "loss": 5.244168281555176, "elapsed_time": 77.66203427314758, "prnt": false}
{"event": "training_step", "timestamp": 1769649626.2408788, "step": 823, "max_steps": 931, "loss": 5.2892961502075195, "elapsed_time": 77.74844288825989, "prnt": false}
{"event": "training_step", "timestamp": 1769649626.3277144, "step": 824, "max_steps": 931, "loss": 5.258844375610352, "elapsed_time": 77.83780169487, "prnt": false}
{"event": "training_step", "timestamp": 1769649626.4149873, "step": 825, "max_steps": 931, "loss": 5.230808734893799, "elapsed_time": 77.92494297027588, "prnt": false}
{"event": "training_step", "timestamp": 1769649626.5012734, "step": 826, "max_steps": 931, "loss": 5.2832722663879395, "elapsed_time": 78.00861477851868, "prnt": false}
{"event": "training_step", "timestamp": 1769649626.5875807, "step": 827, "max_steps": 931, "loss": 5.243899822235107, "elapsed_time": 78.0949764251709, "prnt": false}
{"event": "training_step", "timestamp": 1769649626.673802, "step": 828, "max_steps": 931, "loss": 5.217251777648926, "elapsed_time": 78.18134570121765, "prnt": false}
{"event": "training_step", "timestamp": 1769649626.7601178, "step": 829, "max_steps": 931, "loss": 5.221695899963379, "elapsed_time": 78.26756143569946, "prnt": false}
{"event": "training_step", "timestamp": 1769649626.8464372, "step": 830, "max_steps": 931, "loss": 5.218323707580566, "elapsed_time": 78.35368466377258, "prnt": false}
{"event": "training_step", "timestamp": 1769649626.9326038, "step": 831, "max_steps": 931, "loss": 5.264573097229004, "elapsed_time": 78.44004273414612, "prnt": false}
{"event": "training_step", "timestamp": 1769649627.0185647, "step": 832, "max_steps": 931, "loss": 5.215285301208496, "elapsed_time": 78.52562618255615, "prnt": false}
{"event": "training_step", "timestamp": 1769649627.1046093, "step": 833, "max_steps": 931, "loss": 5.23727560043335, "elapsed_time": 78.61153364181519, "prnt": false}
{"event": "training_step", "timestamp": 1769649627.1907244, "step": 834, "max_steps": 931, "loss": 5.220599174499512, "elapsed_time": 78.69737148284912, "prnt": false}
{"event": "training_step", "timestamp": 1769649627.2769272, "step": 835, "max_steps": 931, "loss": 5.2973952293396, "elapsed_time": 78.78389930725098, "prnt": false}
{"event": "training_step", "timestamp": 1769649627.3631878, "step": 836, "max_steps": 931, "loss": 5.304300308227539, "elapsed_time": 78.87064528465271, "prnt": false}
{"event": "validation_step", "timestamp": 1769649627.753334, "step": 836, "max_steps": 931, "loss": 1.279552218246945, "elapsed_time": 78.87064528465271}
{"event": "training_step", "timestamp": 1769649627.8402998, "step": 837, "max_steps": 931, "loss": 5.23786735534668, "elapsed_time": 79.34740567207336, "prnt": false}
{"event": "training_step", "timestamp": 1769649627.9266977, "step": 838, "max_steps": 931, "loss": 5.24219274520874, "elapsed_time": 79.43449902534485, "prnt": false}
{"event": "training_step", "timestamp": 1769649628.0131223, "step": 839, "max_steps": 931, "loss": 5.2074995040893555, "elapsed_time": 79.52087926864624, "prnt": false}
{"event": "training_step", "timestamp": 1769649628.0994148, "step": 840, "max_steps": 931, "loss": 5.284913063049316, "elapsed_time": 79.60700535774231, "prnt": false}
{"event": "training_step", "timestamp": 1769649628.1860626, "step": 841, "max_steps": 931, "loss": 5.287772178649902, "elapsed_time": 79.69364953041077, "prnt": false}
{"event": "training_step", "timestamp": 1769649628.2723625, "step": 842, "max_steps": 931, "loss": 5.3034138679504395, "elapsed_time": 79.78024625778198, "prnt": false}
{"event": "training_step", "timestamp": 1769649628.3588154, "step": 843, "max_steps": 931, "loss": 5.257957935333252, "elapsed_time": 79.86682391166687, "prnt": false}
{"event": "training_step", "timestamp": 1769649628.4451458, "step": 844, "max_steps": 931, "loss": 5.24614143371582, "elapsed_time": 79.95248293876648, "prnt": false}
{"event": "training_step", "timestamp": 1769649628.5313585, "step": 845, "max_steps": 931, "loss": 5.157665729522705, "elapsed_time": 80.03816604614258, "prnt": false}
{"event": "training_step", "timestamp": 1769649628.6172538, "step": 846, "max_steps": 931, "loss": 5.349409580230713, "elapsed_time": 80.1240828037262, "prnt": false}
{"event": "training_step", "timestamp": 1769649628.7033653, "step": 847, "max_steps": 931, "loss": 5.22442102432251, "elapsed_time": 80.21008110046387, "prnt": false}
{"event": "training_step", "timestamp": 1769649628.7894568, "step": 848, "max_steps": 931, "loss": 5.24528169631958, "elapsed_time": 80.29606676101685, "prnt": false}
{"event": "training_step", "timestamp": 1769649628.8754234, "step": 849, "max_steps": 931, "loss": 5.271892547607422, "elapsed_time": 80.38224577903748, "prnt": false}
{"event": "training_step", "timestamp": 1769649628.9614425, "step": 850, "max_steps": 931, "loss": 5.246844291687012, "elapsed_time": 80.46822619438171, "prnt": false}
{"event": "training_step", "timestamp": 1769649629.0477908, "step": 851, "max_steps": 931, "loss": 5.200092315673828, "elapsed_time": 80.55524063110352, "prnt": false}
{"event": "training_step", "timestamp": 1769649629.1337864, "step": 852, "max_steps": 931, "loss": 5.3255181312561035, "elapsed_time": 80.64063930511475, "prnt": false}
{"event": "training_step", "timestamp": 1769649629.2198262, "step": 853, "max_steps": 931, "loss": 5.242597579956055, "elapsed_time": 80.7266206741333, "prnt": false}
{"event": "training_step", "timestamp": 1769649629.3058157, "step": 854, "max_steps": 931, "loss": 5.246343612670898, "elapsed_time": 80.81259727478027, "prnt": false}
{"event": "training_step", "timestamp": 1769649629.3918717, "step": 855, "max_steps": 931, "loss": 5.307486057281494, "elapsed_time": 80.89881658554077, "prnt": false}
{"event": "training_step", "timestamp": 1769649629.4778237, "step": 856, "max_steps": 931, "loss": 5.2818450927734375, "elapsed_time": 80.98462438583374, "prnt": false}
{"event": "training_step", "timestamp": 1769649629.5640519, "step": 857, "max_steps": 931, "loss": 5.1947808265686035, "elapsed_time": 81.07063460350037, "prnt": false}
{"event": "training_step", "timestamp": 1769649629.6503031, "step": 858, "max_steps": 931, "loss": 5.294372081756592, "elapsed_time": 81.15686392784119, "prnt": false}
{"event": "training_step", "timestamp": 1769649629.736265, "step": 859, "max_steps": 931, "loss": 5.288323402404785, "elapsed_time": 81.24317169189453, "prnt": false}
{"event": "training_step", "timestamp": 1769649629.8221755, "step": 860, "max_steps": 931, "loss": 5.248151779174805, "elapsed_time": 81.32903218269348, "prnt": false}
{"event": "training_step", "timestamp": 1769649629.9083269, "step": 861, "max_steps": 931, "loss": 5.260483741760254, "elapsed_time": 81.4150083065033, "prnt": false}
{"event": "training_step", "timestamp": 1769649629.99431, "step": 862, "max_steps": 931, "loss": 5.242883682250977, "elapsed_time": 81.50101017951965, "prnt": false}
{"event": "training_step", "timestamp": 1769649630.0803363, "step": 863, "max_steps": 931, "loss": 5.264000415802002, "elapsed_time": 81.58718538284302, "prnt": false}
{"event": "training_step", "timestamp": 1769649630.166371, "step": 864, "max_steps": 931, "loss": 5.250861167907715, "elapsed_time": 81.67304706573486, "prnt": false}
{"event": "training_step", "timestamp": 1769649630.252402, "step": 865, "max_steps": 931, "loss": 5.232295989990234, "elapsed_time": 81.75926184654236, "prnt": false}
{"event": "training_step", "timestamp": 1769649630.3384085, "step": 866, "max_steps": 931, "loss": 5.230555057525635, "elapsed_time": 81.84518551826477, "prnt": false}
{"event": "training_step", "timestamp": 1769649630.424429, "step": 867, "max_steps": 931, "loss": 5.238839626312256, "elapsed_time": 81.93127608299255, "prnt": false}
{"event": "training_step", "timestamp": 1769649630.5104592, "step": 868, "max_steps": 931, "loss": 5.211538791656494, "elapsed_time": 82.0172188282013, "prnt": false}
{"event": "training_step", "timestamp": 1769649630.5964375, "step": 869, "max_steps": 931, "loss": 5.191068649291992, "elapsed_time": 82.10333704948425, "prnt": false}
{"event": "training_step", "timestamp": 1769649630.6825724, "step": 870, "max_steps": 931, "loss": 5.2459635734558105, "elapsed_time": 82.18913650512695, "prnt": false}
{"event": "training_step", "timestamp": 1769649630.7687776, "step": 871, "max_steps": 931, "loss": 5.322063446044922, "elapsed_time": 82.2754898071289, "prnt": false}
{"event": "training_step", "timestamp": 1769649630.8547127, "step": 872, "max_steps": 931, "loss": 5.209704399108887, "elapsed_time": 82.36147999763489, "prnt": false}
{"event": "training_step", "timestamp": 1769649630.9407125, "step": 873, "max_steps": 931, "loss": 5.257113456726074, "elapsed_time": 82.44762134552002, "prnt": false}
{"event": "training_step", "timestamp": 1769649631.0268607, "step": 874, "max_steps": 931, "loss": 5.27848482131958, "elapsed_time": 82.53362655639648, "prnt": false}
{"event": "training_step", "timestamp": 1769649631.1131415, "step": 875, "max_steps": 931, "loss": 5.1811347007751465, "elapsed_time": 82.62037253379822, "prnt": false}
{"event": "training_step", "timestamp": 1769649631.1991434, "step": 876, "max_steps": 931, "loss": 5.1914873123168945, "elapsed_time": 82.70600700378418, "prnt": false}
{"event": "training_step", "timestamp": 1769649631.285257, "step": 877, "max_steps": 931, "loss": 5.240835666656494, "elapsed_time": 82.79189276695251, "prnt": false}
{"event": "training_step", "timestamp": 1769649631.3711803, "step": 878, "max_steps": 931, "loss": 5.281730651855469, "elapsed_time": 82.8779354095459, "prnt": false}
{"event": "training_step", "timestamp": 1769649631.4572287, "step": 879, "max_steps": 931, "loss": 5.2287797927856445, "elapsed_time": 82.96394062042236, "prnt": false}
{"event": "training_step", "timestamp": 1769649631.5432377, "step": 880, "max_steps": 931, "loss": 5.279733657836914, "elapsed_time": 83.05001044273376, "prnt": false}
{"event": "validation_step", "timestamp": 1769649631.9332752, "step": 880, "max_steps": 931, "loss": 1.2789221689468395, "elapsed_time": 83.05001044273376}
{"event": "training_step", "timestamp": 1769649632.019822, "step": 881, "max_steps": 931, "loss": 5.249660015106201, "elapsed_time": 83.52627563476562, "prnt": false}
{"event": "training_step", "timestamp": 1769649632.1058123, "step": 882, "max_steps": 931, "loss": 5.233300685882568, "elapsed_time": 83.61254930496216, "prnt": false}
{"event": "training_step", "timestamp": 1769649632.1918812, "step": 883, "max_steps": 931, "loss": 5.2306013107299805, "elapsed_time": 83.69872760772705, "prnt": false}
{"event": "training_step", "timestamp": 1769649632.278, "step": 884, "max_steps": 931, "loss": 5.209480285644531, "elapsed_time": 83.78460216522217, "prnt": false}
{"event": "training_step", "timestamp": 1769649632.3641365, "step": 885, "max_steps": 931, "loss": 5.243422508239746, "elapsed_time": 83.87084341049194, "prnt": false}
{"event": "training_step", "timestamp": 1769649632.4503815, "step": 886, "max_steps": 931, "loss": 5.233420372009277, "elapsed_time": 83.95684337615967, "prnt": false}
{"event": "training_step", "timestamp": 1769649632.5364363, "step": 887, "max_steps": 931, "loss": 5.208667755126953, "elapsed_time": 84.04318308830261, "prnt": false}
{"event": "training_step", "timestamp": 1769649632.6225488, "step": 888, "max_steps": 931, "loss": 5.243299961090088, "elapsed_time": 84.1291184425354, "prnt": false}
{"event": "training_step", "timestamp": 1769649632.7088308, "step": 889, "max_steps": 931, "loss": 5.26234245300293, "elapsed_time": 84.21565890312195, "prnt": false}
{"event": "training_step", "timestamp": 1769649632.7947478, "step": 890, "max_steps": 931, "loss": 5.268080711364746, "elapsed_time": 84.30168271064758, "prnt": false}
{"event": "training_step", "timestamp": 1769649632.8810372, "step": 891, "max_steps": 931, "loss": 5.223182201385498, "elapsed_time": 84.38766837120056, "prnt": false}
{"event": "training_step", "timestamp": 1769649632.967151, "step": 892, "max_steps": 931, "loss": 5.188666820526123, "elapsed_time": 84.47375273704529, "prnt": false}
{"event": "training_step", "timestamp": 1769649633.0533762, "step": 893, "max_steps": 931, "loss": 5.199126243591309, "elapsed_time": 84.56049013137817, "prnt": false}
{"event": "training_step", "timestamp": 1769649633.1393938, "step": 894, "max_steps": 931, "loss": 5.227684497833252, "elapsed_time": 84.64658236503601, "prnt": false}
{"event": "training_step", "timestamp": 1769649633.2255058, "step": 895, "max_steps": 931, "loss": 5.24803352355957, "elapsed_time": 84.73233819007874, "prnt": false}
{"event": "training_step", "timestamp": 1769649633.3115141, "step": 896, "max_steps": 931, "loss": 5.320663928985596, "elapsed_time": 84.81830191612244, "prnt": false}
{"event": "training_step", "timestamp": 1769649633.3976552, "step": 897, "max_steps": 931, "loss": 5.231073379516602, "elapsed_time": 84.90453267097473, "prnt": false}
{"event": "training_step", "timestamp": 1769649633.4837356, "step": 898, "max_steps": 931, "loss": 5.301177501678467, "elapsed_time": 84.99044632911682, "prnt": false}
{"event": "training_step", "timestamp": 1769649633.5698826, "step": 899, "max_steps": 931, "loss": 5.297202110290527, "elapsed_time": 85.07664275169373, "prnt": false}
{"event": "training_step", "timestamp": 1769649633.655943, "step": 900, "max_steps": 931, "loss": 5.22344446182251, "elapsed_time": 85.16309356689453, "prnt": false}
{"event": "training_step", "timestamp": 1769649633.741892, "step": 901, "max_steps": 931, "loss": 5.201371192932129, "elapsed_time": 85.2488009929657, "prnt": false}
{"event": "training_step", "timestamp": 1769649633.8279073, "step": 902, "max_steps": 931, "loss": 5.191396236419678, "elapsed_time": 85.3345947265625, "prnt": false}
{"event": "training_step", "timestamp": 1769649633.9139009, "step": 903, "max_steps": 931, "loss": 5.270848274230957, "elapsed_time": 85.42081451416016, "prnt": false}
{"event": "training_step", "timestamp": 1769649633.9997957, "step": 904, "max_steps": 931, "loss": 5.239971160888672, "elapsed_time": 85.50661969184875, "prnt": false}
{"event": "training_step", "timestamp": 1769649634.0858684, "step": 905, "max_steps": 931, "loss": 5.257054328918457, "elapsed_time": 85.59262180328369, "prnt": false}
{"event": "training_step", "timestamp": 1769649634.171818, "step": 906, "max_steps": 931, "loss": 5.181466102600098, "elapsed_time": 85.67858004570007, "prnt": false}
{"event": "training_step", "timestamp": 1769649634.2579699, "step": 907, "max_steps": 931, "loss": 5.171346664428711, "elapsed_time": 85.7648606300354, "prnt": false}
{"event": "training_step", "timestamp": 1769649634.3439631, "step": 908, "max_steps": 931, "loss": 5.212888717651367, "elapsed_time": 85.85068488121033, "prnt": false}
{"event": "training_step", "timestamp": 1769649634.4300916, "step": 909, "max_steps": 931, "loss": 5.288416385650635, "elapsed_time": 85.93683528900146, "prnt": false}
{"event": "training_step", "timestamp": 1769649634.5161123, "step": 910, "max_steps": 931, "loss": 5.311218738555908, "elapsed_time": 86.02285647392273, "prnt": false}
{"event": "training_step", "timestamp": 1769649634.6023817, "step": 911, "max_steps": 931, "loss": 5.248480319976807, "elapsed_time": 86.10900497436523, "prnt": false}
{"event": "training_step", "timestamp": 1769649634.6885483, "step": 912, "max_steps": 931, "loss": 5.202624320983887, "elapsed_time": 86.19511485099792, "prnt": false}
{"event": "training_step", "timestamp": 1769649634.7745633, "step": 913, "max_steps": 931, "loss": 5.252974510192871, "elapsed_time": 86.28136801719666, "prnt": false}
{"event": "training_step", "timestamp": 1769649634.8605876, "step": 914, "max_steps": 931, "loss": 5.217772006988525, "elapsed_time": 86.36730742454529, "prnt": false}
{"event": "training_step", "timestamp": 1769649634.9469821, "step": 915, "max_steps": 931, "loss": 5.225635528564453, "elapsed_time": 86.45335531234741, "prnt": false}
{"event": "training_step", "timestamp": 1769649635.0329106, "step": 916, "max_steps": 931, "loss": 5.2700910568237305, "elapsed_time": 86.53968334197998, "prnt": false}
{"event": "training_step", "timestamp": 1769649635.1191535, "step": 917, "max_steps": 931, "loss": 5.260041236877441, "elapsed_time": 86.62620091438293, "prnt": false}
{"event": "training_step", "timestamp": 1769649635.2052493, "step": 918, "max_steps": 931, "loss": 5.2688140869140625, "elapsed_time": 86.71194696426392, "prnt": false}
{"event": "training_step", "timestamp": 1769649635.291356, "step": 919, "max_steps": 931, "loss": 5.2542924880981445, "elapsed_time": 86.79800844192505, "prnt": false}
{"event": "training_step", "timestamp": 1769649635.3773296, "step": 920, "max_steps": 931, "loss": 5.248944282531738, "elapsed_time": 86.8840868473053, "prnt": false}
{"event": "training_step", "timestamp": 1769649635.4633708, "step": 921, "max_steps": 931, "loss": 5.160884857177734, "elapsed_time": 86.97013688087463, "prnt": false}
{"event": "training_step", "timestamp": 1769649635.549464, "step": 922, "max_steps": 931, "loss": 5.196544170379639, "elapsed_time": 87.05607652664185, "prnt": false}
{"event": "training_step", "timestamp": 1769649635.6354373, "step": 923, "max_steps": 931, "loss": 5.242560386657715, "elapsed_time": 87.14231014251709, "prnt": false}
{"event": "training_step", "timestamp": 1769649635.7215939, "step": 924, "max_steps": 931, "loss": 5.214361190795898, "elapsed_time": 87.22813892364502, "prnt": false}
{"event": "validation_step", "timestamp": 1769649636.1117334, "step": 924, "max_steps": 931, "loss": 1.2788052669274006, "elapsed_time": 87.22813892364502}
{"event": "training_step", "timestamp": 1769649636.1983206, "step": 925, "max_steps": 931, "loss": 5.220126628875732, "elapsed_time": 87.7048978805542, "prnt": false}
{"event": "training_step", "timestamp": 1769649636.2843282, "step": 926, "max_steps": 931, "loss": 5.207616329193115, "elapsed_time": 87.79105138778687, "prnt": false}
{"event": "training_step", "timestamp": 1769649636.3704488, "step": 927, "max_steps": 931, "loss": 5.248614311218262, "elapsed_time": 87.87713027000427, "prnt": false}
{"event": "training_step", "timestamp": 1769649636.4564848, "step": 928, "max_steps": 931, "loss": 5.280979633331299, "elapsed_time": 87.96312427520752, "prnt": false}
{"event": "training_step", "timestamp": 1769649636.5424297, "step": 929, "max_steps": 931, "loss": 5.243030548095703, "elapsed_time": 88.04938268661499, "prnt": false}
{"event": "training_step", "timestamp": 1769649636.6284075, "step": 930, "max_steps": 931, "loss": 5.222542762756348, "elapsed_time": 88.13518071174622, "prnt": false}
{"event": "training_step", "timestamp": 1769649636.7144802, "step": 931, "max_steps": 931, "loss": 5.197595119476318, "elapsed_time": 88.22122311592102, "prnt": false}
{"event": "validation_step", "timestamp": 1769649637.1046817, "step": 931, "max_steps": 931, "loss": 1.2788056477634495, "elapsed_time": 88.22122311592102}
