{"event": "hyperparameters_configured", "timestamp": 1769667912.0043242, "block_size": 256, "vocab_size": 24000, "n_layer": 8, "n_head": 9, "d_model": 576, "dropout": 0.0, "mlp_ratio": 5.0, "activation": "gelu", "residual_scaling": true, "batch_size": 32, "lr": 0.0003, "weight_decay": 0.1, "evals_per_epoch": 3, "batch_mode": "random", "optimizer": "adamw", "scheduler": "warmup_cosine", "warmup_fraction": 0.05, "attention_type": "causal", "attn_intermediate_dim": 0, "local_attn_ctx": 16, "normalizer": "lowercase", "pre_tokenizer": "whitespace", "eos_handling": "tokenize_append", "min_frequency": 2, "domain_tokens": true, "epochs": 7, "seed": 1337, "num_titles": 100000, "val_frac": 0.1, "log_file": "./logs/exp-causal-b256.log"}
{"event": "device_info", "timestamp": 1769667912.022522, "device": "cuda"}
{"event": "dataset_info", "timestamp": 1769667922.3738852, "titles_count": 90000, "epochs": 7, "batches_per_epoch": 117, "tokens_per_epoch": 965379, "vocab_size": 24000}
{"event": "model_info", "timestamp": 1769667922.862307, "parameters_count": 51196032}
{"event": "training_step", "timestamp": 1769667923.534357, "step": 1, "max_steps": 819, "loss": 10.186312675476074, "elapsed_time": 0.24585604667663574, "prnt": false}
{"event": "validation_step", "timestamp": 1769667923.9609053, "step": 1, "max_steps": 819, "loss": 1.8782147689157165, "elapsed_time": 0.24585604667663574}
{"event": "training_step", "timestamp": 1769667924.0672653, "step": 2, "max_steps": 819, "loss": 10.190187454223633, "elapsed_time": 0.680039644241333, "prnt": false}
{"event": "training_step", "timestamp": 1769667924.1735442, "step": 3, "max_steps": 819, "loss": 9.969498634338379, "elapsed_time": 0.7856349945068359, "prnt": false}
{"event": "training_step", "timestamp": 1769667924.2797086, "step": 4, "max_steps": 819, "loss": 9.675813674926758, "elapsed_time": 0.892143726348877, "prnt": false}
{"event": "training_step", "timestamp": 1769667924.3857865, "step": 5, "max_steps": 819, "loss": 9.422622680664062, "elapsed_time": 0.9979269504547119, "prnt": false}
{"event": "training_step", "timestamp": 1769667924.491867, "step": 6, "max_steps": 819, "loss": 9.281460762023926, "elapsed_time": 1.1041591167449951, "prnt": false}
{"event": "training_step", "timestamp": 1769667924.5979116, "step": 7, "max_steps": 819, "loss": 9.161198616027832, "elapsed_time": 1.2101480960845947, "prnt": false}
{"event": "training_step", "timestamp": 1769667924.7039711, "step": 8, "max_steps": 819, "loss": 9.072661399841309, "elapsed_time": 1.3164620399475098, "prnt": false}
{"event": "training_step", "timestamp": 1769667924.8100238, "step": 9, "max_steps": 819, "loss": 9.029151916503906, "elapsed_time": 1.4221012592315674, "prnt": false}
{"event": "training_step", "timestamp": 1769667924.9160204, "step": 10, "max_steps": 819, "loss": 8.980612754821777, "elapsed_time": 1.528217077255249, "prnt": false}
{"event": "training_step", "timestamp": 1769667925.022005, "step": 11, "max_steps": 819, "loss": 8.918164253234863, "elapsed_time": 1.634094476699829, "prnt": false}
{"event": "training_step", "timestamp": 1769667925.1279695, "step": 12, "max_steps": 819, "loss": 8.897409439086914, "elapsed_time": 1.740363597869873, "prnt": false}
{"event": "training_step", "timestamp": 1769667925.2339354, "step": 13, "max_steps": 819, "loss": 8.830236434936523, "elapsed_time": 1.8461062908172607, "prnt": false}
{"event": "training_step", "timestamp": 1769667925.3398707, "step": 14, "max_steps": 819, "loss": 8.816696166992188, "elapsed_time": 1.952134370803833, "prnt": false}
{"event": "training_step", "timestamp": 1769667925.4458632, "step": 15, "max_steps": 819, "loss": 8.710836410522461, "elapsed_time": 2.058098316192627, "prnt": false}
{"event": "training_step", "timestamp": 1769667925.551924, "step": 16, "max_steps": 819, "loss": 8.646125793457031, "elapsed_time": 2.1640427112579346, "prnt": false}
{"event": "training_step", "timestamp": 1769667925.658003, "step": 17, "max_steps": 819, "loss": 8.545205116271973, "elapsed_time": 2.27022647857666, "prnt": false}
{"event": "training_step", "timestamp": 1769667925.7640114, "step": 18, "max_steps": 819, "loss": 8.516457557678223, "elapsed_time": 2.3763272762298584, "prnt": false}
{"event": "training_step", "timestamp": 1769667925.8700917, "step": 19, "max_steps": 819, "loss": 8.445240020751953, "elapsed_time": 2.482048749923706, "prnt": false}
{"event": "training_step", "timestamp": 1769667925.976116, "step": 20, "max_steps": 819, "loss": 8.363364219665527, "elapsed_time": 2.5881874561309814, "prnt": false}
{"event": "training_step", "timestamp": 1769667926.082263, "step": 21, "max_steps": 819, "loss": 8.34402847290039, "elapsed_time": 2.6948306560516357, "prnt": false}
{"event": "training_step", "timestamp": 1769667926.18846, "step": 22, "max_steps": 819, "loss": 8.237052917480469, "elapsed_time": 2.8004848957061768, "prnt": false}
{"event": "training_step", "timestamp": 1769667926.2945998, "step": 23, "max_steps": 819, "loss": 8.167730331420898, "elapsed_time": 2.906707286834717, "prnt": false}
{"event": "training_step", "timestamp": 1769667926.4006739, "step": 24, "max_steps": 819, "loss": 8.111030578613281, "elapsed_time": 3.0128228664398193, "prnt": false}
{"event": "training_step", "timestamp": 1769667926.5067163, "step": 25, "max_steps": 819, "loss": 7.9904046058654785, "elapsed_time": 3.1188948154449463, "prnt": false}
{"event": "training_step", "timestamp": 1769667926.612787, "step": 26, "max_steps": 819, "loss": 7.911062717437744, "elapsed_time": 3.224839448928833, "prnt": false}
{"event": "training_step", "timestamp": 1769667926.7188969, "step": 27, "max_steps": 819, "loss": 7.866488456726074, "elapsed_time": 3.3313708305358887, "prnt": false}
{"event": "training_step", "timestamp": 1769667926.8249996, "step": 28, "max_steps": 819, "loss": 7.764591217041016, "elapsed_time": 3.437405586242676, "prnt": false}
{"event": "training_step", "timestamp": 1769667926.931038, "step": 29, "max_steps": 819, "loss": 7.693020343780518, "elapsed_time": 3.5436899662017822, "prnt": false}
{"event": "training_step", "timestamp": 1769667927.036978, "step": 30, "max_steps": 819, "loss": 7.605053424835205, "elapsed_time": 3.649088144302368, "prnt": false}
{"event": "training_step", "timestamp": 1769667927.1429648, "step": 31, "max_steps": 819, "loss": 7.535024166107178, "elapsed_time": 3.75521183013916, "prnt": false}
{"event": "training_step", "timestamp": 1769667927.249128, "step": 32, "max_steps": 819, "loss": 7.473540306091309, "elapsed_time": 3.861034631729126, "prnt": false}
{"event": "training_step", "timestamp": 1769667927.3551552, "step": 33, "max_steps": 819, "loss": 7.405050754547119, "elapsed_time": 3.9673779010772705, "prnt": false}
{"event": "training_step", "timestamp": 1769667927.4612222, "step": 34, "max_steps": 819, "loss": 7.358683109283447, "elapsed_time": 4.073240280151367, "prnt": false}
{"event": "training_step", "timestamp": 1769667927.567374, "step": 35, "max_steps": 819, "loss": 7.30491304397583, "elapsed_time": 4.179497957229614, "prnt": false}
{"event": "training_step", "timestamp": 1769667927.6737862, "step": 36, "max_steps": 819, "loss": 7.243135452270508, "elapsed_time": 4.2856762409210205, "prnt": false}
{"event": "training_step", "timestamp": 1769667927.7800112, "step": 37, "max_steps": 819, "loss": 7.229610443115234, "elapsed_time": 4.392247676849365, "prnt": false}
{"event": "training_step", "timestamp": 1769667927.8862205, "step": 38, "max_steps": 819, "loss": 7.182977676391602, "elapsed_time": 4.498454809188843, "prnt": false}
{"event": "training_step", "timestamp": 1769667927.9923682, "step": 39, "max_steps": 819, "loss": 7.055715560913086, "elapsed_time": 4.604388236999512, "prnt": false}
{"event": "validation_step", "timestamp": 1769667928.4206614, "step": 39, "max_steps": 819, "loss": 1.3146280971931095, "elapsed_time": 4.604388236999512}
{"event": "training_step", "timestamp": 1769667928.5271032, "step": 40, "max_steps": 819, "loss": 7.07627534866333, "elapsed_time": 5.139369964599609, "prnt": false}
{"event": "training_step", "timestamp": 1769667928.633277, "step": 41, "max_steps": 819, "loss": 7.063346862792969, "elapsed_time": 5.245391845703125, "prnt": false}
{"event": "training_step", "timestamp": 1769667928.7394893, "step": 42, "max_steps": 819, "loss": 7.018301963806152, "elapsed_time": 5.3515753746032715, "prnt": false}
{"event": "training_step", "timestamp": 1769667928.8457468, "step": 43, "max_steps": 819, "loss": 7.025014400482178, "elapsed_time": 5.457715749740601, "prnt": false}
{"event": "training_step", "timestamp": 1769667928.9519172, "step": 44, "max_steps": 819, "loss": 7.069816589355469, "elapsed_time": 5.564004421234131, "prnt": false}
{"event": "training_step", "timestamp": 1769667929.0581005, "step": 45, "max_steps": 819, "loss": 6.986160755157471, "elapsed_time": 5.670004367828369, "prnt": false}
{"event": "training_step", "timestamp": 1769667929.164378, "step": 46, "max_steps": 819, "loss": 6.984506607055664, "elapsed_time": 5.7764623165130615, "prnt": false}
{"event": "training_step", "timestamp": 1769667929.2706199, "step": 47, "max_steps": 819, "loss": 7.0583672523498535, "elapsed_time": 5.882500410079956, "prnt": false}
{"event": "training_step", "timestamp": 1769667929.3769424, "step": 48, "max_steps": 819, "loss": 6.9638991355896, "elapsed_time": 5.988712549209595, "prnt": false}
{"event": "training_step", "timestamp": 1769667929.483172, "step": 49, "max_steps": 819, "loss": 7.014276504516602, "elapsed_time": 6.095006704330444, "prnt": false}
{"event": "training_step", "timestamp": 1769667929.58941, "step": 50, "max_steps": 819, "loss": 6.94651985168457, "elapsed_time": 6.201352119445801, "prnt": false}
{"event": "training_step", "timestamp": 1769667929.6957126, "step": 51, "max_steps": 819, "loss": 6.953279495239258, "elapsed_time": 6.307665109634399, "prnt": false}
{"event": "training_step", "timestamp": 1769667929.801993, "step": 52, "max_steps": 819, "loss": 6.939271926879883, "elapsed_time": 6.413956642150879, "prnt": false}
{"event": "training_step", "timestamp": 1769667929.9082882, "step": 53, "max_steps": 819, "loss": 6.954468250274658, "elapsed_time": 6.52013373374939, "prnt": false}
{"event": "training_step", "timestamp": 1769667930.0145848, "step": 54, "max_steps": 819, "loss": 6.875519275665283, "elapsed_time": 6.626454830169678, "prnt": false}
{"event": "training_step", "timestamp": 1769667930.1210327, "step": 55, "max_steps": 819, "loss": 6.907224178314209, "elapsed_time": 6.73328709602356, "prnt": false}
{"event": "training_step", "timestamp": 1769667930.2275295, "step": 56, "max_steps": 819, "loss": 6.88412618637085, "elapsed_time": 6.83929181098938, "prnt": false}
{"event": "training_step", "timestamp": 1769667930.3339176, "step": 57, "max_steps": 819, "loss": 6.879141330718994, "elapsed_time": 6.945725679397583, "prnt": false}
{"event": "training_step", "timestamp": 1769667930.440207, "step": 58, "max_steps": 819, "loss": 6.881998538970947, "elapsed_time": 7.052119255065918, "prnt": false}
{"event": "training_step", "timestamp": 1769667930.5466974, "step": 59, "max_steps": 819, "loss": 6.81716775894165, "elapsed_time": 7.158322334289551, "prnt": false}
{"event": "training_step", "timestamp": 1769667930.6531422, "step": 60, "max_steps": 819, "loss": 6.9816107749938965, "elapsed_time": 7.264998435974121, "prnt": false}
{"event": "training_step", "timestamp": 1769667930.7595644, "step": 61, "max_steps": 819, "loss": 6.9068522453308105, "elapsed_time": 7.371669292449951, "prnt": false}
{"event": "training_step", "timestamp": 1769667930.8659487, "step": 62, "max_steps": 819, "loss": 6.845070838928223, "elapsed_time": 7.477847576141357, "prnt": false}
{"event": "training_step", "timestamp": 1769667930.972378, "step": 63, "max_steps": 819, "loss": 6.8790974617004395, "elapsed_time": 7.584513902664185, "prnt": false}
{"event": "training_step", "timestamp": 1769667931.078729, "step": 64, "max_steps": 819, "loss": 6.815554618835449, "elapsed_time": 7.690597295761108, "prnt": false}
{"event": "training_step", "timestamp": 1769667931.1851158, "step": 65, "max_steps": 819, "loss": 6.788373947143555, "elapsed_time": 7.7968809604644775, "prnt": false}
{"event": "training_step", "timestamp": 1769667931.2916808, "step": 66, "max_steps": 819, "loss": 6.833576202392578, "elapsed_time": 7.904303550720215, "prnt": false}
{"event": "training_step", "timestamp": 1769667931.3980675, "step": 67, "max_steps": 819, "loss": 6.797492980957031, "elapsed_time": 8.010013580322266, "prnt": false}
{"event": "training_step", "timestamp": 1769667931.5044847, "step": 68, "max_steps": 819, "loss": 6.841122150421143, "elapsed_time": 8.116185188293457, "prnt": false}
{"event": "training_step", "timestamp": 1769667931.6108634, "step": 69, "max_steps": 819, "loss": 6.77385950088501, "elapsed_time": 8.222764730453491, "prnt": false}
{"event": "training_step", "timestamp": 1769667931.7172835, "step": 70, "max_steps": 819, "loss": 6.715976715087891, "elapsed_time": 8.329031705856323, "prnt": false}
{"event": "training_step", "timestamp": 1769667931.82365, "step": 71, "max_steps": 819, "loss": 6.766424179077148, "elapsed_time": 8.435688734054565, "prnt": false}
{"event": "training_step", "timestamp": 1769667931.9300442, "step": 72, "max_steps": 819, "loss": 6.729022979736328, "elapsed_time": 8.541962385177612, "prnt": false}
{"event": "training_step", "timestamp": 1769667932.0364866, "step": 73, "max_steps": 819, "loss": 6.698295593261719, "elapsed_time": 8.648310661315918, "prnt": false}
{"event": "training_step", "timestamp": 1769667932.1430013, "step": 74, "max_steps": 819, "loss": 6.726130485534668, "elapsed_time": 8.755173683166504, "prnt": false}
{"event": "training_step", "timestamp": 1769667932.2494612, "step": 75, "max_steps": 819, "loss": 6.728973865509033, "elapsed_time": 8.861274003982544, "prnt": false}
{"event": "training_step", "timestamp": 1769667932.3558896, "step": 76, "max_steps": 819, "loss": 6.757072448730469, "elapsed_time": 8.967615365982056, "prnt": false}
{"event": "training_step", "timestamp": 1769667932.4623106, "step": 77, "max_steps": 819, "loss": 6.706724643707275, "elapsed_time": 9.074033498764038, "prnt": false}
{"event": "training_step", "timestamp": 1769667932.56871, "step": 78, "max_steps": 819, "loss": 6.747903823852539, "elapsed_time": 9.180497169494629, "prnt": false}
{"event": "validation_step", "timestamp": 1769667932.998124, "step": 78, "max_steps": 819, "loss": 1.249534047094303, "elapsed_time": 9.180497169494629}
{"event": "training_step", "timestamp": 1769667933.1047466, "step": 79, "max_steps": 819, "loss": 6.730386734008789, "elapsed_time": 9.716661214828491, "prnt": false}
{"event": "training_step", "timestamp": 1769667933.2112644, "step": 80, "max_steps": 819, "loss": 6.688523769378662, "elapsed_time": 9.822929620742798, "prnt": false}
{"event": "training_step", "timestamp": 1769667933.317727, "step": 81, "max_steps": 819, "loss": 6.658079624176025, "elapsed_time": 9.929592609405518, "prnt": false}
{"event": "training_step", "timestamp": 1769667933.4241889, "step": 82, "max_steps": 819, "loss": 6.6719746589660645, "elapsed_time": 10.035988330841064, "prnt": false}
{"event": "training_step", "timestamp": 1769667933.5305798, "step": 83, "max_steps": 819, "loss": 6.680273056030273, "elapsed_time": 10.14244031906128, "prnt": false}
{"event": "training_step", "timestamp": 1769667933.6369855, "step": 84, "max_steps": 819, "loss": 6.71068811416626, "elapsed_time": 10.248734712600708, "prnt": false}
{"event": "training_step", "timestamp": 1769667933.743477, "step": 85, "max_steps": 819, "loss": 6.7139387130737305, "elapsed_time": 10.355287313461304, "prnt": false}
{"event": "training_step", "timestamp": 1769667933.8499475, "step": 86, "max_steps": 819, "loss": 6.723165988922119, "elapsed_time": 10.461782693862915, "prnt": false}
{"event": "training_step", "timestamp": 1769667933.9564588, "step": 87, "max_steps": 819, "loss": 6.6326069831848145, "elapsed_time": 10.56817078590393, "prnt": false}
{"event": "training_step", "timestamp": 1769667934.0628433, "step": 88, "max_steps": 819, "loss": 6.669171333312988, "elapsed_time": 10.674583196640015, "prnt": false}
{"event": "training_step", "timestamp": 1769667934.169502, "step": 89, "max_steps": 819, "loss": 6.6208038330078125, "elapsed_time": 10.781718015670776, "prnt": false}
{"event": "training_step", "timestamp": 1769667934.2760053, "step": 90, "max_steps": 819, "loss": 6.661501884460449, "elapsed_time": 10.88764762878418, "prnt": false}
{"event": "training_step", "timestamp": 1769667934.3825727, "step": 91, "max_steps": 819, "loss": 6.635957717895508, "elapsed_time": 10.994081020355225, "prnt": false}
{"event": "training_step", "timestamp": 1769667934.4890258, "step": 92, "max_steps": 819, "loss": 6.649425506591797, "elapsed_time": 11.100658178329468, "prnt": false}
{"event": "training_step", "timestamp": 1769667934.5956101, "step": 93, "max_steps": 819, "loss": 6.584317207336426, "elapsed_time": 11.207168817520142, "prnt": false}
{"event": "training_step", "timestamp": 1769667934.702216, "step": 94, "max_steps": 819, "loss": 6.620049476623535, "elapsed_time": 11.313777923583984, "prnt": false}
{"event": "training_step", "timestamp": 1769667934.808683, "step": 95, "max_steps": 819, "loss": 6.646722793579102, "elapsed_time": 11.420507192611694, "prnt": false}
{"event": "training_step", "timestamp": 1769667934.915414, "step": 96, "max_steps": 819, "loss": 6.610529899597168, "elapsed_time": 11.526896953582764, "prnt": false}
{"event": "training_step", "timestamp": 1769667935.0219812, "step": 97, "max_steps": 819, "loss": 6.559799671173096, "elapsed_time": 11.633768081665039, "prnt": false}
{"event": "training_step", "timestamp": 1769667935.1284823, "step": 98, "max_steps": 819, "loss": 6.652322292327881, "elapsed_time": 11.740126609802246, "prnt": false}
{"event": "training_step", "timestamp": 1769667935.2350683, "step": 99, "max_steps": 819, "loss": 6.610280990600586, "elapsed_time": 11.846677780151367, "prnt": false}
{"event": "training_step", "timestamp": 1769667935.341541, "step": 100, "max_steps": 819, "loss": 6.652150630950928, "elapsed_time": 11.953369140625, "prnt": false}
{"event": "training_step", "timestamp": 1769667935.44801, "step": 101, "max_steps": 819, "loss": 6.660798072814941, "elapsed_time": 12.05967903137207, "prnt": false}
{"event": "training_step", "timestamp": 1769667935.554586, "step": 102, "max_steps": 819, "loss": 6.639832973480225, "elapsed_time": 12.166065692901611, "prnt": false}
{"event": "training_step", "timestamp": 1769667935.661091, "step": 103, "max_steps": 819, "loss": 6.602943420410156, "elapsed_time": 12.272881507873535, "prnt": false}
{"event": "training_step", "timestamp": 1769667935.7676086, "step": 104, "max_steps": 819, "loss": 6.576848030090332, "elapsed_time": 12.379347801208496, "prnt": false}
{"event": "training_step", "timestamp": 1769667935.8742473, "step": 105, "max_steps": 819, "loss": 6.602007865905762, "elapsed_time": 12.485815525054932, "prnt": false}
{"event": "training_step", "timestamp": 1769667935.9807124, "step": 106, "max_steps": 819, "loss": 6.561062335968018, "elapsed_time": 12.592530727386475, "prnt": false}
{"event": "training_step", "timestamp": 1769667936.0874093, "step": 107, "max_steps": 819, "loss": 6.596928596496582, "elapsed_time": 12.698903799057007, "prnt": false}
{"event": "training_step", "timestamp": 1769667936.1941383, "step": 108, "max_steps": 819, "loss": 6.6202592849731445, "elapsed_time": 12.806227922439575, "prnt": false}
{"event": "training_step", "timestamp": 1769667936.300711, "step": 109, "max_steps": 819, "loss": 6.60913610458374, "elapsed_time": 12.912264585494995, "prnt": false}
{"event": "training_step", "timestamp": 1769667936.4073548, "step": 110, "max_steps": 819, "loss": 6.571934700012207, "elapsed_time": 13.018865823745728, "prnt": false}
{"event": "training_step", "timestamp": 1769667936.5138865, "step": 111, "max_steps": 819, "loss": 6.524118900299072, "elapsed_time": 13.125468015670776, "prnt": false}
{"event": "training_step", "timestamp": 1769667936.6204026, "step": 112, "max_steps": 819, "loss": 6.587594985961914, "elapsed_time": 13.23202109336853, "prnt": false}
{"event": "training_step", "timestamp": 1769667936.7270732, "step": 113, "max_steps": 819, "loss": 6.548000335693359, "elapsed_time": 13.338594198226929, "prnt": false}
{"event": "training_step", "timestamp": 1769667936.8336968, "step": 114, "max_steps": 819, "loss": 6.555971622467041, "elapsed_time": 13.445474863052368, "prnt": false}
{"event": "training_step", "timestamp": 1769667936.9401886, "step": 115, "max_steps": 819, "loss": 6.527836322784424, "elapsed_time": 13.551910877227783, "prnt": false}
{"event": "training_step", "timestamp": 1769667937.0470054, "step": 116, "max_steps": 819, "loss": 6.475645542144775, "elapsed_time": 13.658411264419556, "prnt": false}
{"event": "training_step", "timestamp": 1769667937.153708, "step": 117, "max_steps": 819, "loss": 6.542326927185059, "elapsed_time": 13.765190362930298, "prnt": false}
{"event": "validation_step", "timestamp": 1769667937.583905, "step": 117, "max_steps": 819, "loss": 1.2214771522978594, "elapsed_time": 13.765190362930298}
{"event": "training_step", "timestamp": 1769667937.690941, "step": 118, "max_steps": 819, "loss": 6.462886333465576, "elapsed_time": 14.302582502365112, "prnt": false}
{"event": "training_step", "timestamp": 1769667937.797619, "step": 119, "max_steps": 819, "loss": 6.461833477020264, "elapsed_time": 14.409421443939209, "prnt": false}
{"event": "training_step", "timestamp": 1769667937.9044495, "step": 120, "max_steps": 819, "loss": 6.520604133605957, "elapsed_time": 14.515979051589966, "prnt": false}
{"event": "training_step", "timestamp": 1769667938.011086, "step": 121, "max_steps": 819, "loss": 6.522555828094482, "elapsed_time": 14.62258243560791, "prnt": false}
{"event": "training_step", "timestamp": 1769667938.1176746, "step": 122, "max_steps": 819, "loss": 6.554806709289551, "elapsed_time": 14.729215621948242, "prnt": false}
{"event": "training_step", "timestamp": 1769667938.2247243, "step": 123, "max_steps": 819, "loss": 6.442136287689209, "elapsed_time": 14.836455821990967, "prnt": false}
{"event": "training_step", "timestamp": 1769667938.3313963, "step": 124, "max_steps": 819, "loss": 6.503324508666992, "elapsed_time": 14.942963361740112, "prnt": false}
{"event": "training_step", "timestamp": 1769667938.4379692, "step": 125, "max_steps": 819, "loss": 6.5738372802734375, "elapsed_time": 15.049536228179932, "prnt": false}
{"event": "training_step", "timestamp": 1769667938.5447793, "step": 126, "max_steps": 819, "loss": 6.475081443786621, "elapsed_time": 15.156465530395508, "prnt": false}
{"event": "training_step", "timestamp": 1769667938.6516883, "step": 127, "max_steps": 819, "loss": 6.470148086547852, "elapsed_time": 15.263131856918335, "prnt": false}
{"event": "training_step", "timestamp": 1769667938.7585335, "step": 128, "max_steps": 819, "loss": 6.46845006942749, "elapsed_time": 15.370167016983032, "prnt": false}
{"event": "training_step", "timestamp": 1769667938.8652618, "step": 129, "max_steps": 819, "loss": 6.475255489349365, "elapsed_time": 15.476749897003174, "prnt": false}
{"event": "training_step", "timestamp": 1769667938.9718652, "step": 130, "max_steps": 819, "loss": 6.555480480194092, "elapsed_time": 15.583545923233032, "prnt": false}
{"event": "training_step", "timestamp": 1769667939.0784774, "step": 131, "max_steps": 819, "loss": 6.476745128631592, "elapsed_time": 15.69004201889038, "prnt": false}
{"event": "training_step", "timestamp": 1769667939.1853015, "step": 132, "max_steps": 819, "loss": 6.4718732833862305, "elapsed_time": 15.796553134918213, "prnt": false}
{"event": "training_step", "timestamp": 1769667939.2919154, "step": 133, "max_steps": 819, "loss": 6.460984706878662, "elapsed_time": 15.903431415557861, "prnt": false}
{"event": "training_step", "timestamp": 1769667939.3984911, "step": 134, "max_steps": 819, "loss": 6.514548301696777, "elapsed_time": 16.010050773620605, "prnt": false}
{"event": "training_step", "timestamp": 1769667939.5053468, "step": 135, "max_steps": 819, "loss": 6.4512939453125, "elapsed_time": 16.11661696434021, "prnt": false}
{"event": "training_step", "timestamp": 1769667939.6119099, "step": 136, "max_steps": 819, "loss": 6.452667236328125, "elapsed_time": 16.223538875579834, "prnt": false}
{"event": "training_step", "timestamp": 1769667939.7185895, "step": 137, "max_steps": 819, "loss": 6.477407932281494, "elapsed_time": 16.330238819122314, "prnt": false}
{"event": "training_step", "timestamp": 1769667939.8254046, "step": 138, "max_steps": 819, "loss": 6.445683002471924, "elapsed_time": 16.4367995262146, "prnt": false}
{"event": "training_step", "timestamp": 1769667939.9321234, "step": 139, "max_steps": 819, "loss": 6.457027435302734, "elapsed_time": 16.54383683204651, "prnt": false}
{"event": "training_step", "timestamp": 1769667940.0387025, "step": 140, "max_steps": 819, "loss": 6.544083595275879, "elapsed_time": 16.650333166122437, "prnt": false}
{"event": "training_step", "timestamp": 1769667940.1454778, "step": 141, "max_steps": 819, "loss": 6.491672039031982, "elapsed_time": 16.756958484649658, "prnt": false}
{"event": "training_step", "timestamp": 1769667940.252179, "step": 142, "max_steps": 819, "loss": 6.475395679473877, "elapsed_time": 16.864097595214844, "prnt": false}
{"event": "training_step", "timestamp": 1769667940.358849, "step": 143, "max_steps": 819, "loss": 6.421717643737793, "elapsed_time": 16.970470428466797, "prnt": false}
{"event": "training_step", "timestamp": 1769667940.465576, "step": 144, "max_steps": 819, "loss": 6.443670272827148, "elapsed_time": 17.077021598815918, "prnt": false}
{"event": "training_step", "timestamp": 1769667940.5723002, "step": 145, "max_steps": 819, "loss": 6.446697235107422, "elapsed_time": 17.183762073516846, "prnt": false}
{"event": "training_step", "timestamp": 1769667940.6789074, "step": 146, "max_steps": 819, "loss": 6.472789764404297, "elapsed_time": 17.290510416030884, "prnt": false}
{"event": "training_step", "timestamp": 1769667940.785692, "step": 147, "max_steps": 819, "loss": 6.410323143005371, "elapsed_time": 17.397371292114258, "prnt": false}
{"event": "training_step", "timestamp": 1769667940.8923419, "step": 148, "max_steps": 819, "loss": 6.399116039276123, "elapsed_time": 17.50397276878357, "prnt": false}
{"event": "training_step", "timestamp": 1769667940.998978, "step": 149, "max_steps": 819, "loss": 6.412924289703369, "elapsed_time": 17.61044716835022, "prnt": false}
{"event": "training_step", "timestamp": 1769667941.1057413, "step": 150, "max_steps": 819, "loss": 6.363644123077393, "elapsed_time": 17.717199087142944, "prnt": false}
{"event": "training_step", "timestamp": 1769667941.2124355, "step": 151, "max_steps": 819, "loss": 6.436670303344727, "elapsed_time": 17.823959350585938, "prnt": false}
{"event": "training_step", "timestamp": 1769667941.3190963, "step": 152, "max_steps": 819, "loss": 6.447443962097168, "elapsed_time": 17.930644273757935, "prnt": false}
{"event": "training_step", "timestamp": 1769667941.4257636, "step": 153, "max_steps": 819, "loss": 6.410664081573486, "elapsed_time": 18.037291526794434, "prnt": false}
{"event": "training_step", "timestamp": 1769667941.5324357, "step": 154, "max_steps": 819, "loss": 6.411433219909668, "elapsed_time": 18.144575357437134, "prnt": false}
{"event": "training_step", "timestamp": 1769667941.6390994, "step": 155, "max_steps": 819, "loss": 6.358861923217773, "elapsed_time": 18.250774145126343, "prnt": false}
{"event": "training_step", "timestamp": 1769667941.745837, "step": 156, "max_steps": 819, "loss": 6.372280120849609, "elapsed_time": 18.35760188102722, "prnt": false}
{"event": "validation_step", "timestamp": 1769667942.1762755, "step": 156, "max_steps": 819, "loss": 1.2042098261325245, "elapsed_time": 18.35760188102722}
{"event": "training_step", "timestamp": 1769667942.2834353, "step": 157, "max_steps": 819, "loss": 6.45314359664917, "elapsed_time": 18.89505910873413, "prnt": false}
{"event": "training_step", "timestamp": 1769667942.3902323, "step": 158, "max_steps": 819, "loss": 6.446070671081543, "elapsed_time": 19.001745462417603, "prnt": false}
{"event": "training_step", "timestamp": 1769667942.496911, "step": 159, "max_steps": 819, "loss": 6.313009738922119, "elapsed_time": 19.108336448669434, "prnt": false}
{"event": "training_step", "timestamp": 1769667942.6038246, "step": 160, "max_steps": 819, "loss": 6.377391338348389, "elapsed_time": 19.21511936187744, "prnt": false}
{"event": "training_step", "timestamp": 1769667942.710583, "step": 161, "max_steps": 819, "loss": 6.329906940460205, "elapsed_time": 19.32230544090271, "prnt": false}
{"event": "training_step", "timestamp": 1769667942.8172622, "step": 162, "max_steps": 819, "loss": 6.322511196136475, "elapsed_time": 19.428764581680298, "prnt": false}
{"event": "training_step", "timestamp": 1769667942.9241247, "step": 163, "max_steps": 819, "loss": 6.3594512939453125, "elapsed_time": 19.535664558410645, "prnt": false}
{"event": "training_step", "timestamp": 1769667943.0308452, "step": 164, "max_steps": 819, "loss": 6.31699800491333, "elapsed_time": 19.642313241958618, "prnt": false}
{"event": "training_step", "timestamp": 1769667943.1375642, "step": 165, "max_steps": 819, "loss": 6.327478408813477, "elapsed_time": 19.74897027015686, "prnt": false}
{"event": "training_step", "timestamp": 1769667943.2443292, "step": 166, "max_steps": 819, "loss": 6.338356018066406, "elapsed_time": 19.85561513900757, "prnt": false}
{"event": "training_step", "timestamp": 1769667943.350973, "step": 167, "max_steps": 819, "loss": 6.380338191986084, "elapsed_time": 19.962526082992554, "prnt": false}
{"event": "training_step", "timestamp": 1769667943.457512, "step": 168, "max_steps": 819, "loss": 6.336987495422363, "elapsed_time": 20.069144248962402, "prnt": false}
{"event": "training_step", "timestamp": 1769667943.5642512, "step": 169, "max_steps": 819, "loss": 6.394514083862305, "elapsed_time": 20.17573571205139, "prnt": false}
{"event": "training_step", "timestamp": 1769667943.6708617, "step": 170, "max_steps": 819, "loss": 6.275503158569336, "elapsed_time": 20.282766103744507, "prnt": false}
{"event": "training_step", "timestamp": 1769667943.7774923, "step": 171, "max_steps": 819, "loss": 6.305329322814941, "elapsed_time": 20.389045000076294, "prnt": false}
{"event": "training_step", "timestamp": 1769667943.8842335, "step": 172, "max_steps": 819, "loss": 6.341118335723877, "elapsed_time": 20.495540142059326, "prnt": false}
{"event": "training_step", "timestamp": 1769667943.9908395, "step": 173, "max_steps": 819, "loss": 6.360957622528076, "elapsed_time": 20.60232973098755, "prnt": false}
{"event": "training_step", "timestamp": 1769667944.097415, "step": 174, "max_steps": 819, "loss": 6.348237037658691, "elapsed_time": 20.70896577835083, "prnt": false}
{"event": "training_step", "timestamp": 1769667944.2043092, "step": 175, "max_steps": 819, "loss": 6.410262107849121, "elapsed_time": 20.81649160385132, "prnt": false}
{"event": "training_step", "timestamp": 1769667944.310929, "step": 176, "max_steps": 819, "loss": 6.392680644989014, "elapsed_time": 20.9225070476532, "prnt": false}
{"event": "training_step", "timestamp": 1769667944.4176385, "step": 177, "max_steps": 819, "loss": 6.3137946128845215, "elapsed_time": 21.029162406921387, "prnt": false}
{"event": "training_step", "timestamp": 1769667944.5243537, "step": 178, "max_steps": 819, "loss": 6.367502212524414, "elapsed_time": 21.135708570480347, "prnt": false}
{"event": "training_step", "timestamp": 1769667944.6310132, "step": 179, "max_steps": 819, "loss": 6.2910847663879395, "elapsed_time": 21.242499589920044, "prnt": false}
{"event": "training_step", "timestamp": 1769667944.7376971, "step": 180, "max_steps": 819, "loss": 6.295414447784424, "elapsed_time": 21.349353075027466, "prnt": false}
{"event": "training_step", "timestamp": 1769667944.8444433, "step": 181, "max_steps": 819, "loss": 6.379204750061035, "elapsed_time": 21.455941200256348, "prnt": false}
{"event": "training_step", "timestamp": 1769667944.9511418, "step": 182, "max_steps": 819, "loss": 6.362407207489014, "elapsed_time": 21.562577962875366, "prnt": false}
{"event": "training_step", "timestamp": 1769667945.057782, "step": 183, "max_steps": 819, "loss": 6.348505973815918, "elapsed_time": 21.669239044189453, "prnt": false}
{"event": "training_step", "timestamp": 1769667945.1645641, "step": 184, "max_steps": 819, "loss": 6.294495582580566, "elapsed_time": 21.77595615386963, "prnt": false}
{"event": "training_step", "timestamp": 1769667945.271199, "step": 185, "max_steps": 819, "loss": 6.342268943786621, "elapsed_time": 21.882653951644897, "prnt": false}
{"event": "training_step", "timestamp": 1769667945.377803, "step": 186, "max_steps": 819, "loss": 6.2914628982543945, "elapsed_time": 21.989479541778564, "prnt": false}
{"event": "training_step", "timestamp": 1769667945.4845495, "step": 187, "max_steps": 819, "loss": 6.30713415145874, "elapsed_time": 22.095914840698242, "prnt": false}
{"event": "training_step", "timestamp": 1769667945.5912528, "step": 188, "max_steps": 819, "loss": 6.346405029296875, "elapsed_time": 22.202756643295288, "prnt": false}
{"event": "training_step", "timestamp": 1769667945.6979623, "step": 189, "max_steps": 819, "loss": 6.374828815460205, "elapsed_time": 22.309502601623535, "prnt": false}
{"event": "training_step", "timestamp": 1769667945.804668, "step": 190, "max_steps": 819, "loss": 6.327330112457275, "elapsed_time": 22.41619110107422, "prnt": false}
{"event": "training_step", "timestamp": 1769667945.9113815, "step": 191, "max_steps": 819, "loss": 6.218991279602051, "elapsed_time": 22.52280020713806, "prnt": false}
{"event": "training_step", "timestamp": 1769667946.0180097, "step": 192, "max_steps": 819, "loss": 6.302567481994629, "elapsed_time": 22.62949252128601, "prnt": false}
{"event": "training_step", "timestamp": 1769667946.1248112, "step": 193, "max_steps": 819, "loss": 6.404578685760498, "elapsed_time": 22.736406564712524, "prnt": false}
{"event": "training_step", "timestamp": 1769667946.2317202, "step": 194, "max_steps": 819, "loss": 6.339203357696533, "elapsed_time": 22.843759059906006, "prnt": false}
{"event": "training_step", "timestamp": 1769667946.3384657, "step": 195, "max_steps": 819, "loss": 6.282108783721924, "elapsed_time": 22.950021266937256, "prnt": false}
{"event": "validation_step", "timestamp": 1769667946.7693768, "step": 195, "max_steps": 819, "loss": 1.1933429038408898, "elapsed_time": 22.950021266937256}
{"event": "training_step", "timestamp": 1769667946.8762267, "step": 196, "max_steps": 819, "loss": 6.360283374786377, "elapsed_time": 23.487897157669067, "prnt": false}
{"event": "training_step", "timestamp": 1769667946.983285, "step": 197, "max_steps": 819, "loss": 6.340055465698242, "elapsed_time": 23.594481229782104, "prnt": false}
{"event": "training_step", "timestamp": 1769667947.0900745, "step": 198, "max_steps": 819, "loss": 6.211487770080566, "elapsed_time": 23.701616764068604, "prnt": false}
{"event": "training_step", "timestamp": 1769667947.1967661, "step": 199, "max_steps": 819, "loss": 6.3073248863220215, "elapsed_time": 23.80814290046692, "prnt": false}
{"event": "training_step", "timestamp": 1769667947.3034995, "step": 200, "max_steps": 819, "loss": 6.242249011993408, "elapsed_time": 23.91496181488037, "prnt": false}
{"event": "training_step", "timestamp": 1769667947.4101894, "step": 201, "max_steps": 819, "loss": 6.255728244781494, "elapsed_time": 24.021652221679688, "prnt": false}
{"event": "training_step", "timestamp": 1769667947.5168738, "step": 202, "max_steps": 819, "loss": 6.288510799407959, "elapsed_time": 24.128550052642822, "prnt": false}
{"event": "training_step", "timestamp": 1769667947.6236327, "step": 203, "max_steps": 819, "loss": 6.166502475738525, "elapsed_time": 24.234987497329712, "prnt": false}
{"event": "training_step", "timestamp": 1769667947.7303867, "step": 204, "max_steps": 819, "loss": 6.2523908615112305, "elapsed_time": 24.341893196105957, "prnt": false}
{"event": "training_step", "timestamp": 1769667947.8370585, "step": 205, "max_steps": 819, "loss": 6.307790756225586, "elapsed_time": 24.448698043823242, "prnt": false}
{"event": "training_step", "timestamp": 1769667947.9437654, "step": 206, "max_steps": 819, "loss": 6.3364105224609375, "elapsed_time": 24.555278301239014, "prnt": false}
{"event": "training_step", "timestamp": 1769667948.050462, "step": 207, "max_steps": 819, "loss": 6.313582897186279, "elapsed_time": 24.66191291809082, "prnt": false}
{"event": "training_step", "timestamp": 1769667948.157094, "step": 208, "max_steps": 819, "loss": 6.248111724853516, "elapsed_time": 24.768680334091187, "prnt": false}
{"event": "training_step", "timestamp": 1769667948.2640066, "step": 209, "max_steps": 819, "loss": 6.265343189239502, "elapsed_time": 24.875962257385254, "prnt": false}
{"event": "training_step", "timestamp": 1769667948.3708105, "step": 210, "max_steps": 819, "loss": 6.129973888397217, "elapsed_time": 24.98249053955078, "prnt": false}
{"event": "training_step", "timestamp": 1769667948.477546, "step": 211, "max_steps": 819, "loss": 6.273446559906006, "elapsed_time": 25.089027881622314, "prnt": false}
{"event": "training_step", "timestamp": 1769667948.5843961, "step": 212, "max_steps": 819, "loss": 6.2246832847595215, "elapsed_time": 25.19576907157898, "prnt": false}
{"event": "training_step", "timestamp": 1769667948.6911275, "step": 213, "max_steps": 819, "loss": 6.247280597686768, "elapsed_time": 25.302568197250366, "prnt": false}
{"event": "training_step", "timestamp": 1769667948.797899, "step": 214, "max_steps": 819, "loss": 6.204555034637451, "elapsed_time": 25.40942621231079, "prnt": false}
{"event": "training_step", "timestamp": 1769667948.9046178, "step": 215, "max_steps": 819, "loss": 6.230366230010986, "elapsed_time": 25.516089916229248, "prnt": false}
{"event": "training_step", "timestamp": 1769667949.0114417, "step": 216, "max_steps": 819, "loss": 6.3270769119262695, "elapsed_time": 25.622629404067993, "prnt": false}
{"event": "training_step", "timestamp": 1769667949.1182203, "step": 217, "max_steps": 819, "loss": 6.258841514587402, "elapsed_time": 25.729429721832275, "prnt": false}
{"event": "training_step", "timestamp": 1769667949.2250867, "step": 218, "max_steps": 819, "loss": 6.135296821594238, "elapsed_time": 25.8361234664917, "prnt": false}
{"event": "training_step", "timestamp": 1769667949.3317535, "step": 219, "max_steps": 819, "loss": 6.268019676208496, "elapsed_time": 25.943056106567383, "prnt": false}
{"event": "training_step", "timestamp": 1769667949.438469, "step": 220, "max_steps": 819, "loss": 6.224926948547363, "elapsed_time": 26.04965853691101, "prnt": false}
{"event": "training_step", "timestamp": 1769667949.5451987, "step": 221, "max_steps": 819, "loss": 6.205537796020508, "elapsed_time": 26.15636396408081, "prnt": false}
{"event": "training_step", "timestamp": 1769667949.6519883, "step": 222, "max_steps": 819, "loss": 6.239421367645264, "elapsed_time": 26.263189792633057, "prnt": false}
{"event": "training_step", "timestamp": 1769667949.7587235, "step": 223, "max_steps": 819, "loss": 6.188473224639893, "elapsed_time": 26.370011568069458, "prnt": false}
{"event": "training_step", "timestamp": 1769667949.8654828, "step": 224, "max_steps": 819, "loss": 6.169905185699463, "elapsed_time": 26.476594924926758, "prnt": false}
{"event": "training_step", "timestamp": 1769667949.9722068, "step": 225, "max_steps": 819, "loss": 6.15852165222168, "elapsed_time": 26.58344531059265, "prnt": false}
{"event": "training_step", "timestamp": 1769667950.0790281, "step": 226, "max_steps": 819, "loss": 6.161402225494385, "elapsed_time": 26.69011354446411, "prnt": false}
{"event": "training_step", "timestamp": 1769667950.1858325, "step": 227, "max_steps": 819, "loss": 6.247414588928223, "elapsed_time": 26.79692816734314, "prnt": false}
{"event": "training_step", "timestamp": 1769667950.2927485, "step": 228, "max_steps": 819, "loss": 6.174341678619385, "elapsed_time": 26.904529571533203, "prnt": false}
{"event": "training_step", "timestamp": 1769667950.3996377, "step": 229, "max_steps": 819, "loss": 6.2137322425842285, "elapsed_time": 27.01087236404419, "prnt": false}
{"event": "training_step", "timestamp": 1769667950.5064204, "step": 230, "max_steps": 819, "loss": 6.245802879333496, "elapsed_time": 27.117528915405273, "prnt": false}
{"event": "training_step", "timestamp": 1769667950.6131678, "step": 231, "max_steps": 819, "loss": 6.221537113189697, "elapsed_time": 27.224348783493042, "prnt": false}
{"event": "training_step", "timestamp": 1769667950.7199807, "step": 232, "max_steps": 819, "loss": 6.11522102355957, "elapsed_time": 27.331193208694458, "prnt": false}
{"event": "training_step", "timestamp": 1769667950.82681, "step": 233, "max_steps": 819, "loss": 6.242208957672119, "elapsed_time": 27.43833827972412, "prnt": false}
{"event": "training_step", "timestamp": 1769667950.9336715, "step": 234, "max_steps": 819, "loss": 6.2800703048706055, "elapsed_time": 27.54481339454651, "prnt": false}
{"event": "validation_step", "timestamp": 1769667951.3643737, "step": 234, "max_steps": 819, "loss": 1.1834191952617903, "elapsed_time": 27.54481339454651}
{"event": "training_step", "timestamp": 1769667951.4715395, "step": 235, "max_steps": 819, "loss": 6.200644016265869, "elapsed_time": 28.082996129989624, "prnt": false}
{"event": "training_step", "timestamp": 1769667951.5783489, "step": 236, "max_steps": 819, "loss": 6.1470627784729, "elapsed_time": 28.18962287902832, "prnt": false}
{"event": "training_step", "timestamp": 1769667951.6852045, "step": 237, "max_steps": 819, "loss": 6.1166300773620605, "elapsed_time": 28.296636819839478, "prnt": false}
{"event": "training_step", "timestamp": 1769667951.7920067, "step": 238, "max_steps": 819, "loss": 6.197338581085205, "elapsed_time": 28.403517961502075, "prnt": false}
{"event": "training_step", "timestamp": 1769667951.8987803, "step": 239, "max_steps": 819, "loss": 6.227564334869385, "elapsed_time": 28.510351181030273, "prnt": false}
{"event": "training_step", "timestamp": 1769667952.0055857, "step": 240, "max_steps": 819, "loss": 6.2427825927734375, "elapsed_time": 28.61695432662964, "prnt": false}
{"event": "training_step", "timestamp": 1769667952.1123502, "step": 241, "max_steps": 819, "loss": 6.254042148590088, "elapsed_time": 28.72377586364746, "prnt": false}
{"event": "training_step", "timestamp": 1769667952.2191515, "step": 242, "max_steps": 819, "loss": 6.219655513763428, "elapsed_time": 28.830357551574707, "prnt": false}
{"event": "training_step", "timestamp": 1769667952.3262022, "step": 243, "max_steps": 819, "loss": 6.226761341094971, "elapsed_time": 28.937997341156006, "prnt": false}
{"event": "training_step", "timestamp": 1769667952.4329803, "step": 244, "max_steps": 819, "loss": 6.157073497772217, "elapsed_time": 29.044429540634155, "prnt": false}
{"event": "training_step", "timestamp": 1769667952.5398886, "step": 245, "max_steps": 819, "loss": 6.207555770874023, "elapsed_time": 29.15121293067932, "prnt": false}
{"event": "training_step", "timestamp": 1769667952.646803, "step": 246, "max_steps": 819, "loss": 6.116764545440674, "elapsed_time": 29.25808572769165, "prnt": false}
{"event": "training_step", "timestamp": 1769667952.7536778, "step": 247, "max_steps": 819, "loss": 6.147112846374512, "elapsed_time": 29.36493992805481, "prnt": false}
{"event": "training_step", "timestamp": 1769667952.860677, "step": 248, "max_steps": 819, "loss": 6.1621246337890625, "elapsed_time": 29.47171115875244, "prnt": false}
{"event": "training_step", "timestamp": 1769667952.9674854, "step": 249, "max_steps": 819, "loss": 6.229839324951172, "elapsed_time": 29.578859090805054, "prnt": false}
{"event": "training_step", "timestamp": 1769667953.0742724, "step": 250, "max_steps": 819, "loss": 6.146730899810791, "elapsed_time": 29.68558382987976, "prnt": false}
{"event": "training_step", "timestamp": 1769667953.1811981, "step": 251, "max_steps": 819, "loss": 6.221640586853027, "elapsed_time": 29.79246950149536, "prnt": false}
{"event": "training_step", "timestamp": 1769667953.2879975, "step": 252, "max_steps": 819, "loss": 6.198334217071533, "elapsed_time": 29.899298429489136, "prnt": false}
{"event": "training_step", "timestamp": 1769667953.3950124, "step": 253, "max_steps": 819, "loss": 6.058677673339844, "elapsed_time": 30.00634765625, "prnt": false}
{"event": "training_step", "timestamp": 1769667953.5018725, "step": 254, "max_steps": 819, "loss": 6.165467739105225, "elapsed_time": 30.113073587417603, "prnt": false}
{"event": "training_step", "timestamp": 1769667953.6087286, "step": 255, "max_steps": 819, "loss": 6.115860939025879, "elapsed_time": 30.220144748687744, "prnt": false}
{"event": "training_step", "timestamp": 1769667953.7155077, "step": 256, "max_steps": 819, "loss": 6.059904098510742, "elapsed_time": 30.327232122421265, "prnt": false}
{"event": "training_step", "timestamp": 1769667953.8224168, "step": 257, "max_steps": 819, "loss": 6.191029071807861, "elapsed_time": 30.433772325515747, "prnt": false}
{"event": "training_step", "timestamp": 1769667953.929289, "step": 258, "max_steps": 819, "loss": 6.206340789794922, "elapsed_time": 30.5408353805542, "prnt": false}
{"event": "training_step", "timestamp": 1769667954.0360558, "step": 259, "max_steps": 819, "loss": 6.137451171875, "elapsed_time": 30.64743685722351, "prnt": false}
{"event": "training_step", "timestamp": 1769667954.14293, "step": 260, "max_steps": 819, "loss": 6.181456565856934, "elapsed_time": 30.7542884349823, "prnt": false}
{"event": "training_step", "timestamp": 1769667954.2498076, "step": 261, "max_steps": 819, "loss": 6.197495937347412, "elapsed_time": 30.86100459098816, "prnt": false}
{"event": "training_step", "timestamp": 1769667954.3567853, "step": 262, "max_steps": 819, "loss": 6.205117702484131, "elapsed_time": 30.9686119556427, "prnt": false}
{"event": "training_step", "timestamp": 1769667954.4636347, "step": 263, "max_steps": 819, "loss": 6.12417459487915, "elapsed_time": 31.07495141029358, "prnt": false}
{"event": "training_step", "timestamp": 1769667954.5705183, "step": 264, "max_steps": 819, "loss": 6.197996139526367, "elapsed_time": 31.181817054748535, "prnt": false}
{"event": "training_step", "timestamp": 1769667954.6773837, "step": 265, "max_steps": 819, "loss": 6.083759784698486, "elapsed_time": 31.288742303848267, "prnt": false}
{"event": "training_step", "timestamp": 1769667954.7843091, "step": 266, "max_steps": 819, "loss": 6.1209001541137695, "elapsed_time": 31.395544290542603, "prnt": false}
{"event": "training_step", "timestamp": 1769667954.8912497, "step": 267, "max_steps": 819, "loss": 6.117781639099121, "elapsed_time": 31.502512216567993, "prnt": false}
{"event": "training_step", "timestamp": 1769667954.998149, "step": 268, "max_steps": 819, "loss": 6.045590400695801, "elapsed_time": 31.60940408706665, "prnt": false}
{"event": "training_step", "timestamp": 1769667955.105037, "step": 269, "max_steps": 819, "loss": 6.146205902099609, "elapsed_time": 31.716253519058228, "prnt": false}
{"event": "training_step", "timestamp": 1769667955.2118726, "step": 270, "max_steps": 819, "loss": 6.0929951667785645, "elapsed_time": 31.823211669921875, "prnt": false}
{"event": "training_step", "timestamp": 1769667955.3188844, "step": 271, "max_steps": 819, "loss": 6.170213222503662, "elapsed_time": 31.93000841140747, "prnt": false}
{"event": "training_step", "timestamp": 1769667955.4257367, "step": 272, "max_steps": 819, "loss": 6.105445861816406, "elapsed_time": 32.03694224357605, "prnt": false}
{"event": "training_step", "timestamp": 1769667955.5326385, "step": 273, "max_steps": 819, "loss": 6.185629844665527, "elapsed_time": 32.1438410282135, "prnt": false}
{"event": "validation_step", "timestamp": 1769667955.9640496, "step": 273, "max_steps": 819, "loss": 1.1745600699144678, "elapsed_time": 32.1438410282135}
{"event": "training_step", "timestamp": 1769667956.071184, "step": 274, "max_steps": 819, "loss": 6.131873607635498, "elapsed_time": 32.682607889175415, "prnt": false}
{"event": "training_step", "timestamp": 1769667956.1781652, "step": 275, "max_steps": 819, "loss": 6.16750955581665, "elapsed_time": 32.789464235305786, "prnt": false}
{"event": "training_step", "timestamp": 1769667956.2851408, "step": 276, "max_steps": 819, "loss": 5.999143600463867, "elapsed_time": 32.89633893966675, "prnt": false}
{"event": "training_step", "timestamp": 1769667956.3924713, "step": 277, "max_steps": 819, "loss": 6.110286235809326, "elapsed_time": 33.004061460494995, "prnt": false}
{"event": "training_step", "timestamp": 1769667956.4997098, "step": 278, "max_steps": 819, "loss": 6.1649017333984375, "elapsed_time": 33.11080455780029, "prnt": false}
{"event": "training_step", "timestamp": 1769667956.6067731, "step": 279, "max_steps": 819, "loss": 6.11250114440918, "elapsed_time": 33.21785855293274, "prnt": false}
{"event": "training_step", "timestamp": 1769667956.7139926, "step": 280, "max_steps": 819, "loss": 6.0857744216918945, "elapsed_time": 33.32602000236511, "prnt": false}
{"event": "training_step", "timestamp": 1769667956.8210757, "step": 281, "max_steps": 819, "loss": 6.087057113647461, "elapsed_time": 33.43244028091431, "prnt": false}
{"event": "training_step", "timestamp": 1769667956.9280715, "step": 282, "max_steps": 819, "loss": 6.197617053985596, "elapsed_time": 33.53948140144348, "prnt": false}
{"event": "training_step", "timestamp": 1769667957.0351024, "step": 283, "max_steps": 819, "loss": 6.095363616943359, "elapsed_time": 33.64626598358154, "prnt": false}
{"event": "training_step", "timestamp": 1769667957.142086, "step": 284, "max_steps": 819, "loss": 6.184311389923096, "elapsed_time": 33.7534122467041, "prnt": false}
{"event": "training_step", "timestamp": 1769667957.2491143, "step": 285, "max_steps": 819, "loss": 6.074632167816162, "elapsed_time": 33.86052393913269, "prnt": false}
{"event": "training_step", "timestamp": 1769667957.3560293, "step": 286, "max_steps": 819, "loss": 6.033987045288086, "elapsed_time": 33.967477560043335, "prnt": false}
{"event": "training_step", "timestamp": 1769667957.4629376, "step": 287, "max_steps": 819, "loss": 6.0292134284973145, "elapsed_time": 34.07425808906555, "prnt": false}
{"event": "training_step", "timestamp": 1769667957.569875, "step": 288, "max_steps": 819, "loss": 6.047339916229248, "elapsed_time": 34.18115496635437, "prnt": false}
{"event": "training_step", "timestamp": 1769667957.676803, "step": 289, "max_steps": 819, "loss": 6.066910743713379, "elapsed_time": 34.28810429573059, "prnt": false}
{"event": "training_step", "timestamp": 1769667957.7838647, "step": 290, "max_steps": 819, "loss": 6.057655334472656, "elapsed_time": 34.3951313495636, "prnt": false}
{"event": "training_step", "timestamp": 1769667957.8908346, "step": 291, "max_steps": 819, "loss": 6.062458515167236, "elapsed_time": 34.502142906188965, "prnt": false}
{"event": "training_step", "timestamp": 1769667957.9978437, "step": 292, "max_steps": 819, "loss": 6.0910844802856445, "elapsed_time": 34.60898971557617, "prnt": false}
{"event": "training_step", "timestamp": 1769667958.1048505, "step": 293, "max_steps": 819, "loss": 6.031768798828125, "elapsed_time": 34.715986013412476, "prnt": false}
{"event": "training_step", "timestamp": 1769667958.2118213, "step": 294, "max_steps": 819, "loss": 6.092130661010742, "elapsed_time": 34.82311463356018, "prnt": false}
{"event": "training_step", "timestamp": 1769667958.3191867, "step": 295, "max_steps": 819, "loss": 6.157331943511963, "elapsed_time": 34.930424213409424, "prnt": false}
{"event": "training_step", "timestamp": 1769667958.426325, "step": 296, "max_steps": 819, "loss": 6.024921894073486, "elapsed_time": 35.03765916824341, "prnt": false}
{"event": "training_step", "timestamp": 1769667958.5332367, "step": 297, "max_steps": 819, "loss": 5.988447189331055, "elapsed_time": 35.14444303512573, "prnt": false}
{"event": "training_step", "timestamp": 1769667958.6402524, "step": 298, "max_steps": 819, "loss": 6.056679725646973, "elapsed_time": 35.25126886367798, "prnt": false}
{"event": "training_step", "timestamp": 1769667958.7472568, "step": 299, "max_steps": 819, "loss": 6.0806427001953125, "elapsed_time": 35.35845422744751, "prnt": false}
{"event": "training_step", "timestamp": 1769667958.8541336, "step": 300, "max_steps": 819, "loss": 6.026578426361084, "elapsed_time": 35.465370178222656, "prnt": false}
{"event": "training_step", "timestamp": 1769667958.9611032, "step": 301, "max_steps": 819, "loss": 6.117555141448975, "elapsed_time": 35.57226753234863, "prnt": false}
{"event": "training_step", "timestamp": 1769667959.0680866, "step": 302, "max_steps": 819, "loss": 6.135218143463135, "elapsed_time": 35.679136514663696, "prnt": false}
{"event": "training_step", "timestamp": 1769667959.1751022, "step": 303, "max_steps": 819, "loss": 6.016275405883789, "elapsed_time": 35.78622817993164, "prnt": false}
{"event": "training_step", "timestamp": 1769667959.2821312, "step": 304, "max_steps": 819, "loss": 6.081546783447266, "elapsed_time": 35.893343925476074, "prnt": false}
{"event": "training_step", "timestamp": 1769667959.389173, "step": 305, "max_steps": 819, "loss": 6.046143054962158, "elapsed_time": 36.00027275085449, "prnt": false}
{"event": "training_step", "timestamp": 1769667959.4960802, "step": 306, "max_steps": 819, "loss": 6.127253532409668, "elapsed_time": 36.10724759101868, "prnt": false}
{"event": "training_step", "timestamp": 1769667959.6030192, "step": 307, "max_steps": 819, "loss": 6.056005001068115, "elapsed_time": 36.21418786048889, "prnt": false}
{"event": "training_step", "timestamp": 1769667959.7099843, "step": 308, "max_steps": 819, "loss": 6.090121269226074, "elapsed_time": 36.321316719055176, "prnt": false}
{"event": "training_step", "timestamp": 1769667959.8170748, "step": 309, "max_steps": 819, "loss": 6.085737705230713, "elapsed_time": 36.4284029006958, "prnt": false}
{"event": "training_step", "timestamp": 1769667959.9239972, "step": 310, "max_steps": 819, "loss": 6.096090793609619, "elapsed_time": 36.535247802734375, "prnt": false}
{"event": "training_step", "timestamp": 1769667960.0312226, "step": 311, "max_steps": 819, "loss": 6.021807670593262, "elapsed_time": 36.64222311973572, "prnt": false}
{"event": "training_step", "timestamp": 1769667960.1387684, "step": 312, "max_steps": 819, "loss": 6.124101638793945, "elapsed_time": 36.75028586387634, "prnt": false}
{"event": "validation_step", "timestamp": 1769667960.570528, "step": 312, "max_steps": 819, "loss": 1.1675322020315317, "elapsed_time": 36.75028586387634}
{"event": "training_step", "timestamp": 1769667960.6779215, "step": 313, "max_steps": 819, "loss": 6.000133037567139, "elapsed_time": 37.28912663459778, "prnt": false}
{"event": "training_step", "timestamp": 1769667960.7850606, "step": 314, "max_steps": 819, "loss": 6.068658828735352, "elapsed_time": 37.39656066894531, "prnt": false}
{"event": "training_step", "timestamp": 1769667960.892021, "step": 315, "max_steps": 819, "loss": 6.051501274108887, "elapsed_time": 37.503334045410156, "prnt": false}
{"event": "training_step", "timestamp": 1769667960.9991224, "step": 316, "max_steps": 819, "loss": 5.992758274078369, "elapsed_time": 37.610307455062866, "prnt": false}
{"event": "training_step", "timestamp": 1769667961.1060803, "step": 317, "max_steps": 819, "loss": 5.931329727172852, "elapsed_time": 37.71729564666748, "prnt": false}
{"event": "training_step", "timestamp": 1769667961.2130356, "step": 318, "max_steps": 819, "loss": 6.045067310333252, "elapsed_time": 37.824440479278564, "prnt": false}
{"event": "training_step", "timestamp": 1769667961.3202572, "step": 319, "max_steps": 819, "loss": 6.109963417053223, "elapsed_time": 37.932010650634766, "prnt": false}
{"event": "training_step", "timestamp": 1769667961.4272628, "step": 320, "max_steps": 819, "loss": 6.00697660446167, "elapsed_time": 38.038755893707275, "prnt": false}
{"event": "training_step", "timestamp": 1769667961.5342581, "step": 321, "max_steps": 819, "loss": 6.020391464233398, "elapsed_time": 38.1455020904541, "prnt": false}
{"event": "training_step", "timestamp": 1769667961.6411247, "step": 322, "max_steps": 819, "loss": 6.0267558097839355, "elapsed_time": 38.25229072570801, "prnt": false}
{"event": "training_step", "timestamp": 1769667961.748277, "step": 323, "max_steps": 819, "loss": 5.98082160949707, "elapsed_time": 38.35956597328186, "prnt": false}
{"event": "training_step", "timestamp": 1769667961.8554301, "step": 324, "max_steps": 819, "loss": 5.9780426025390625, "elapsed_time": 38.46655607223511, "prnt": false}
{"event": "training_step", "timestamp": 1769667961.9625878, "step": 325, "max_steps": 819, "loss": 6.054055690765381, "elapsed_time": 38.57380175590515, "prnt": false}
{"event": "training_step", "timestamp": 1769667962.069449, "step": 326, "max_steps": 819, "loss": 5.939269542694092, "elapsed_time": 38.680743932724, "prnt": false}
{"event": "training_step", "timestamp": 1769667962.1764898, "step": 327, "max_steps": 819, "loss": 5.919254779815674, "elapsed_time": 38.787742614746094, "prnt": false}
{"event": "training_step", "timestamp": 1769667962.2835317, "step": 328, "max_steps": 819, "loss": 5.993119716644287, "elapsed_time": 38.894630670547485, "prnt": false}
{"event": "training_step", "timestamp": 1769667962.3907106, "step": 329, "max_steps": 819, "loss": 5.953982353210449, "elapsed_time": 39.002198934555054, "prnt": false}
{"event": "training_step", "timestamp": 1769667962.4978824, "step": 330, "max_steps": 819, "loss": 5.972336292266846, "elapsed_time": 39.10897183418274, "prnt": false}
{"event": "training_step", "timestamp": 1769667962.6052504, "step": 331, "max_steps": 819, "loss": 5.983155250549316, "elapsed_time": 39.21695613861084, "prnt": false}
{"event": "training_step", "timestamp": 1769667962.7125895, "step": 332, "max_steps": 819, "loss": 5.972573280334473, "elapsed_time": 39.32429361343384, "prnt": false}
{"event": "training_step", "timestamp": 1769667962.8198824, "step": 333, "max_steps": 819, "loss": 6.015852451324463, "elapsed_time": 39.4315824508667, "prnt": false}
{"event": "training_step", "timestamp": 1769667962.9271877, "step": 334, "max_steps": 819, "loss": 6.085569858551025, "elapsed_time": 39.538867473602295, "prnt": false}
{"event": "training_step", "timestamp": 1769667963.0344748, "step": 335, "max_steps": 819, "loss": 5.943126201629639, "elapsed_time": 39.64623546600342, "prnt": false}
{"event": "training_step", "timestamp": 1769667963.1416783, "step": 336, "max_steps": 819, "loss": 5.942235469818115, "elapsed_time": 39.75325846672058, "prnt": false}
{"event": "training_step", "timestamp": 1769667963.2492545, "step": 337, "max_steps": 819, "loss": 5.950381278991699, "elapsed_time": 39.86404037475586, "prnt": false}
{"event": "training_step", "timestamp": 1769667963.3567307, "step": 338, "max_steps": 819, "loss": 6.013969898223877, "elapsed_time": 39.96794009208679, "prnt": false}
{"event": "training_step", "timestamp": 1769667963.464129, "step": 339, "max_steps": 819, "loss": 5.982844829559326, "elapsed_time": 40.07542395591736, "prnt": false}
{"event": "training_step", "timestamp": 1769667963.5715075, "step": 340, "max_steps": 819, "loss": 5.93206787109375, "elapsed_time": 40.1825635433197, "prnt": false}
{"event": "training_step", "timestamp": 1769667963.678978, "step": 341, "max_steps": 819, "loss": 6.009931564331055, "elapsed_time": 40.29064154624939, "prnt": false}
{"event": "training_step", "timestamp": 1769667963.7862222, "step": 342, "max_steps": 819, "loss": 6.010214328765869, "elapsed_time": 40.3977472782135, "prnt": false}
{"event": "training_step", "timestamp": 1769667963.8935363, "step": 343, "max_steps": 819, "loss": 6.023556232452393, "elapsed_time": 40.50518465042114, "prnt": false}
{"event": "training_step", "timestamp": 1769667964.0007815, "step": 344, "max_steps": 819, "loss": 6.056620121002197, "elapsed_time": 40.61238193511963, "prnt": false}
{"event": "training_step", "timestamp": 1769667964.1079772, "step": 345, "max_steps": 819, "loss": 6.002039432525635, "elapsed_time": 40.719717502593994, "prnt": false}
{"event": "training_step", "timestamp": 1769667964.2152848, "step": 346, "max_steps": 819, "loss": 5.9057722091674805, "elapsed_time": 40.82702827453613, "prnt": false}
{"event": "training_step", "timestamp": 1769667964.322577, "step": 347, "max_steps": 819, "loss": 5.938620090484619, "elapsed_time": 40.934146881103516, "prnt": false}
{"event": "training_step", "timestamp": 1769667964.4298267, "step": 348, "max_steps": 819, "loss": 5.96586799621582, "elapsed_time": 41.04150056838989, "prnt": false}
{"event": "training_step", "timestamp": 1769667964.537263, "step": 349, "max_steps": 819, "loss": 5.991867542266846, "elapsed_time": 41.148924827575684, "prnt": false}
{"event": "training_step", "timestamp": 1769667964.644579, "step": 350, "max_steps": 819, "loss": 5.873684883117676, "elapsed_time": 41.25629258155823, "prnt": false}
{"event": "training_step", "timestamp": 1769667964.751754, "step": 351, "max_steps": 819, "loss": 5.907403945922852, "elapsed_time": 41.36362600326538, "prnt": false}
{"event": "validation_step", "timestamp": 1769667965.1844556, "step": 351, "max_steps": 819, "loss": 1.1598498014848153, "elapsed_time": 41.36362600326538}
{"event": "training_step", "timestamp": 1769667965.2919064, "step": 352, "max_steps": 819, "loss": 6.020932674407959, "elapsed_time": 41.90364909172058, "prnt": false}
{"event": "training_step", "timestamp": 1769667965.3991952, "step": 353, "max_steps": 819, "loss": 6.018660545349121, "elapsed_time": 42.01099348068237, "prnt": false}
{"event": "training_step", "timestamp": 1769667965.506714, "step": 354, "max_steps": 819, "loss": 5.872892379760742, "elapsed_time": 42.12202548980713, "prnt": false}
{"event": "training_step", "timestamp": 1769667965.6140676, "step": 355, "max_steps": 819, "loss": 5.946485996246338, "elapsed_time": 42.22583270072937, "prnt": false}
{"event": "training_step", "timestamp": 1769667965.7214053, "step": 356, "max_steps": 819, "loss": 5.948196887969971, "elapsed_time": 42.3331618309021, "prnt": false}
{"event": "training_step", "timestamp": 1769667965.8288267, "step": 357, "max_steps": 819, "loss": 5.954405784606934, "elapsed_time": 42.44050121307373, "prnt": false}
{"event": "training_step", "timestamp": 1769667965.9362118, "step": 358, "max_steps": 819, "loss": 5.941085338592529, "elapsed_time": 42.547855854034424, "prnt": false}
{"event": "training_step", "timestamp": 1769667966.0435731, "step": 359, "max_steps": 819, "loss": 5.916916370391846, "elapsed_time": 42.65563631057739, "prnt": false}
{"event": "training_step", "timestamp": 1769667966.150748, "step": 360, "max_steps": 819, "loss": 5.872206687927246, "elapsed_time": 42.76170802116394, "prnt": false}
{"event": "training_step", "timestamp": 1769667966.2579231, "step": 361, "max_steps": 819, "loss": 5.914535999298096, "elapsed_time": 42.86879301071167, "prnt": false}
{"event": "training_step", "timestamp": 1769667966.3654416, "step": 362, "max_steps": 819, "loss": 5.913083553314209, "elapsed_time": 42.97693419456482, "prnt": false}
{"event": "training_step", "timestamp": 1769667966.472899, "step": 363, "max_steps": 819, "loss": 5.911643981933594, "elapsed_time": 43.084428548812866, "prnt": false}
{"event": "training_step", "timestamp": 1769667966.5801945, "step": 364, "max_steps": 819, "loss": 5.963230609893799, "elapsed_time": 43.191911935806274, "prnt": false}
{"event": "training_step", "timestamp": 1769667966.6873336, "step": 365, "max_steps": 819, "loss": 5.893864631652832, "elapsed_time": 43.29854655265808, "prnt": false}
{"event": "training_step", "timestamp": 1769667966.7944036, "step": 366, "max_steps": 819, "loss": 5.936763286590576, "elapsed_time": 43.40540170669556, "prnt": false}
{"event": "training_step", "timestamp": 1769667966.901721, "step": 367, "max_steps": 819, "loss": 5.896926403045654, "elapsed_time": 43.512978315353394, "prnt": false}
{"event": "training_step", "timestamp": 1769667967.0092218, "step": 368, "max_steps": 819, "loss": 5.947195053100586, "elapsed_time": 43.62091636657715, "prnt": false}
{"event": "training_step", "timestamp": 1769667967.116796, "step": 369, "max_steps": 819, "loss": 5.928622245788574, "elapsed_time": 43.728304624557495, "prnt": false}
{"event": "training_step", "timestamp": 1769667967.2241502, "step": 370, "max_steps": 819, "loss": 5.943371295928955, "elapsed_time": 43.8359010219574, "prnt": false}
{"event": "training_step", "timestamp": 1769667967.3315232, "step": 371, "max_steps": 819, "loss": 5.83381986618042, "elapsed_time": 43.94316339492798, "prnt": false}
{"event": "training_step", "timestamp": 1769667967.438926, "step": 372, "max_steps": 819, "loss": 5.943660259246826, "elapsed_time": 44.05047965049744, "prnt": false}
{"event": "training_step", "timestamp": 1769667967.5462363, "step": 373, "max_steps": 819, "loss": 5.906497001647949, "elapsed_time": 44.15814542770386, "prnt": false}
{"event": "training_step", "timestamp": 1769667967.6533468, "step": 374, "max_steps": 819, "loss": 5.8422722816467285, "elapsed_time": 44.26472091674805, "prnt": false}
{"event": "training_step", "timestamp": 1769667967.7604654, "step": 375, "max_steps": 819, "loss": 5.892408847808838, "elapsed_time": 44.3714873790741, "prnt": false}
{"event": "training_step", "timestamp": 1769667967.867601, "step": 376, "max_steps": 819, "loss": 5.894905090332031, "elapsed_time": 44.47860264778137, "prnt": false}
{"event": "training_step", "timestamp": 1769667967.9748082, "step": 377, "max_steps": 819, "loss": 5.901501178741455, "elapsed_time": 44.58558654785156, "prnt": false}
{"event": "training_step", "timestamp": 1769667968.081781, "step": 378, "max_steps": 819, "loss": 5.842782974243164, "elapsed_time": 44.69275498390198, "prnt": false}
{"event": "training_step", "timestamp": 1769667968.189011, "step": 379, "max_steps": 819, "loss": 5.8982768058776855, "elapsed_time": 44.79987335205078, "prnt": false}
{"event": "training_step", "timestamp": 1769667968.296223, "step": 380, "max_steps": 819, "loss": 5.9612884521484375, "elapsed_time": 44.90697503089905, "prnt": false}
{"event": "training_step", "timestamp": 1769667968.4032938, "step": 381, "max_steps": 819, "loss": 6.004715442657471, "elapsed_time": 45.01438117027283, "prnt": false}
{"event": "training_step", "timestamp": 1769667968.5104492, "step": 382, "max_steps": 819, "loss": 5.901082992553711, "elapsed_time": 45.12163829803467, "prnt": false}
{"event": "training_step", "timestamp": 1769667968.6176407, "step": 383, "max_steps": 819, "loss": 5.821557998657227, "elapsed_time": 45.22857666015625, "prnt": false}
{"event": "training_step", "timestamp": 1769667968.724872, "step": 384, "max_steps": 819, "loss": 5.961379051208496, "elapsed_time": 45.33573365211487, "prnt": false}
{"event": "training_step", "timestamp": 1769667968.8321538, "step": 385, "max_steps": 819, "loss": 5.887215614318848, "elapsed_time": 45.442944049835205, "prnt": false}
{"event": "training_step", "timestamp": 1769667968.9392521, "step": 386, "max_steps": 819, "loss": 5.928545951843262, "elapsed_time": 45.550278663635254, "prnt": false}
{"event": "training_step", "timestamp": 1769667969.0464206, "step": 387, "max_steps": 819, "loss": 5.902430057525635, "elapsed_time": 45.6572482585907, "prnt": false}
{"event": "training_step", "timestamp": 1769667969.1535232, "step": 388, "max_steps": 819, "loss": 5.881397247314453, "elapsed_time": 45.76450514793396, "prnt": false}
{"event": "training_step", "timestamp": 1769667969.2607558, "step": 389, "max_steps": 819, "loss": 5.871825218200684, "elapsed_time": 45.87155485153198, "prnt": false}
{"event": "training_step", "timestamp": 1769667969.367904, "step": 390, "max_steps": 819, "loss": 5.800577640533447, "elapsed_time": 45.97875380516052, "prnt": false}
{"event": "validation_step", "timestamp": 1769667969.799947, "step": 390, "max_steps": 819, "loss": 1.154269667193822, "elapsed_time": 45.97875380516052}
{"event": "training_step", "timestamp": 1769667969.9073486, "step": 391, "max_steps": 819, "loss": 5.835290908813477, "elapsed_time": 46.518179178237915, "prnt": false}
{"event": "training_step", "timestamp": 1769667970.0145733, "step": 392, "max_steps": 819, "loss": 5.821272373199463, "elapsed_time": 46.62541627883911, "prnt": false}
{"event": "training_step", "timestamp": 1769667970.1218426, "step": 393, "max_steps": 819, "loss": 5.936459541320801, "elapsed_time": 46.732603788375854, "prnt": false}
{"event": "training_step", "timestamp": 1769667970.2290335, "step": 394, "max_steps": 819, "loss": 5.858090877532959, "elapsed_time": 46.8400182723999, "prnt": false}
{"event": "training_step", "timestamp": 1769667970.336329, "step": 395, "max_steps": 819, "loss": 5.878878116607666, "elapsed_time": 46.947043657302856, "prnt": false}
{"event": "training_step", "timestamp": 1769667970.443557, "step": 396, "max_steps": 819, "loss": 5.902364730834961, "elapsed_time": 47.054853677749634, "prnt": false}
{"event": "training_step", "timestamp": 1769667970.5508177, "step": 397, "max_steps": 819, "loss": 5.840062141418457, "elapsed_time": 47.162041425704956, "prnt": false}
{"event": "training_step", "timestamp": 1769667970.6579046, "step": 398, "max_steps": 819, "loss": 5.804919242858887, "elapsed_time": 47.26891374588013, "prnt": false}
{"event": "training_step", "timestamp": 1769667970.7653294, "step": 399, "max_steps": 819, "loss": 5.772819519042969, "elapsed_time": 47.37594509124756, "prnt": false}
{"event": "training_step", "timestamp": 1769667970.8724473, "step": 400, "max_steps": 819, "loss": 5.84831428527832, "elapsed_time": 47.483320236206055, "prnt": false}
{"event": "training_step", "timestamp": 1769667970.9796174, "step": 401, "max_steps": 819, "loss": 5.762736797332764, "elapsed_time": 47.590409994125366, "prnt": false}
{"event": "training_step", "timestamp": 1769667971.0868137, "step": 402, "max_steps": 819, "loss": 5.833446025848389, "elapsed_time": 47.69757914543152, "prnt": false}
{"event": "training_step", "timestamp": 1769667971.1942954, "step": 403, "max_steps": 819, "loss": 5.816389560699463, "elapsed_time": 47.80490326881409, "prnt": false}
{"event": "training_step", "timestamp": 1769667971.3016005, "step": 404, "max_steps": 819, "loss": 5.836700439453125, "elapsed_time": 47.912261724472046, "prnt": false}
{"event": "training_step", "timestamp": 1769667971.4087193, "step": 405, "max_steps": 819, "loss": 5.863402366638184, "elapsed_time": 48.01959681510925, "prnt": false}
{"event": "training_step", "timestamp": 1769667971.5160997, "step": 406, "max_steps": 819, "loss": 5.849501609802246, "elapsed_time": 48.126657247543335, "prnt": false}
{"event": "training_step", "timestamp": 1769667971.623228, "step": 407, "max_steps": 819, "loss": 5.903954029083252, "elapsed_time": 48.23411226272583, "prnt": false}
{"event": "training_step", "timestamp": 1769667971.7304442, "step": 408, "max_steps": 819, "loss": 5.812172889709473, "elapsed_time": 48.34140682220459, "prnt": false}
{"event": "training_step", "timestamp": 1769667971.8376927, "step": 409, "max_steps": 819, "loss": 5.797236919403076, "elapsed_time": 48.44866633415222, "prnt": false}
{"event": "training_step", "timestamp": 1769667971.9448824, "step": 410, "max_steps": 819, "loss": 5.856683731079102, "elapsed_time": 48.55583715438843, "prnt": false}
{"event": "training_step", "timestamp": 1769667972.052006, "step": 411, "max_steps": 819, "loss": 5.86115837097168, "elapsed_time": 48.66288733482361, "prnt": false}
{"event": "training_step", "timestamp": 1769667972.1592212, "step": 412, "max_steps": 819, "loss": 5.88469934463501, "elapsed_time": 48.77020812034607, "prnt": false}
{"event": "training_step", "timestamp": 1769667972.2664871, "step": 413, "max_steps": 819, "loss": 5.872635841369629, "elapsed_time": 48.87727880477905, "prnt": false}
{"event": "training_step", "timestamp": 1769667972.3736744, "step": 414, "max_steps": 819, "loss": 5.821464538574219, "elapsed_time": 48.98454165458679, "prnt": false}
{"event": "training_step", "timestamp": 1769667972.4810395, "step": 415, "max_steps": 819, "loss": 5.829695701599121, "elapsed_time": 49.09223175048828, "prnt": false}
{"event": "training_step", "timestamp": 1769667972.5883138, "step": 416, "max_steps": 819, "loss": 5.879615306854248, "elapsed_time": 49.19910144805908, "prnt": false}
{"event": "training_step", "timestamp": 1769667972.695592, "step": 417, "max_steps": 819, "loss": 5.872797012329102, "elapsed_time": 49.30638408660889, "prnt": false}
{"event": "training_step", "timestamp": 1769667972.8029494, "step": 418, "max_steps": 819, "loss": 5.849315166473389, "elapsed_time": 49.41364765167236, "prnt": false}
{"event": "training_step", "timestamp": 1769667972.9103088, "step": 419, "max_steps": 819, "loss": 5.818856716156006, "elapsed_time": 49.52096343040466, "prnt": false}
{"event": "training_step", "timestamp": 1769667973.017477, "step": 420, "max_steps": 819, "loss": 5.837544918060303, "elapsed_time": 49.628323793411255, "prnt": false}
{"event": "training_step", "timestamp": 1769667973.1246324, "step": 421, "max_steps": 819, "loss": 5.872255325317383, "elapsed_time": 49.735434770584106, "prnt": false}
{"event": "training_step", "timestamp": 1769667973.231852, "step": 422, "max_steps": 819, "loss": 5.938140869140625, "elapsed_time": 49.842830657958984, "prnt": false}
{"event": "training_step", "timestamp": 1769667973.3390067, "step": 423, "max_steps": 819, "loss": 5.846986293792725, "elapsed_time": 49.94991970062256, "prnt": false}
{"event": "training_step", "timestamp": 1769667973.4461782, "step": 424, "max_steps": 819, "loss": 5.831645488739014, "elapsed_time": 50.05700898170471, "prnt": false}
{"event": "training_step", "timestamp": 1769667973.5534477, "step": 425, "max_steps": 819, "loss": 5.721719741821289, "elapsed_time": 50.16425156593323, "prnt": false}
{"event": "training_step", "timestamp": 1769667973.660686, "step": 426, "max_steps": 819, "loss": 5.768033504486084, "elapsed_time": 50.271679162979126, "prnt": false}
{"event": "training_step", "timestamp": 1769667973.7678661, "step": 427, "max_steps": 819, "loss": 5.828334808349609, "elapsed_time": 50.3787362575531, "prnt": false}
{"event": "training_step", "timestamp": 1769667973.875243, "step": 428, "max_steps": 819, "loss": 5.769140720367432, "elapsed_time": 50.48594641685486, "prnt": false}
{"event": "training_step", "timestamp": 1769667973.9823842, "step": 429, "max_steps": 819, "loss": 5.844298362731934, "elapsed_time": 50.59331440925598, "prnt": false}
{"event": "validation_step", "timestamp": 1769667974.4150171, "step": 429, "max_steps": 819, "loss": 1.1482320169803661, "elapsed_time": 50.59331440925598}
{"event": "training_step", "timestamp": 1769667974.5223286, "step": 430, "max_steps": 819, "loss": 5.84614896774292, "elapsed_time": 51.133511781692505, "prnt": false}
{"event": "training_step", "timestamp": 1769667974.6295853, "step": 431, "max_steps": 819, "loss": 5.776734352111816, "elapsed_time": 51.24044609069824, "prnt": false}
{"event": "training_step", "timestamp": 1769667974.7368, "step": 432, "max_steps": 819, "loss": 5.792337894439697, "elapsed_time": 51.347736120224, "prnt": false}
{"event": "training_step", "timestamp": 1769667974.84406, "step": 433, "max_steps": 819, "loss": 5.813979625701904, "elapsed_time": 51.45501780509949, "prnt": false}
{"event": "training_step", "timestamp": 1769667974.9512374, "step": 434, "max_steps": 819, "loss": 5.7854485511779785, "elapsed_time": 51.56202936172485, "prnt": false}
{"event": "training_step", "timestamp": 1769667975.0584576, "step": 435, "max_steps": 819, "loss": 5.855762958526611, "elapsed_time": 51.66936945915222, "prnt": false}
{"event": "training_step", "timestamp": 1769667975.1656642, "step": 436, "max_steps": 819, "loss": 5.838283061981201, "elapsed_time": 51.776620388031006, "prnt": false}
{"event": "training_step", "timestamp": 1769667975.2730834, "step": 437, "max_steps": 819, "loss": 5.846498489379883, "elapsed_time": 51.883928060531616, "prnt": false}
{"event": "training_step", "timestamp": 1769667975.3803988, "step": 438, "max_steps": 819, "loss": 5.829432487487793, "elapsed_time": 51.99114441871643, "prnt": false}
{"event": "training_step", "timestamp": 1769667975.4875817, "step": 439, "max_steps": 819, "loss": 5.790128231048584, "elapsed_time": 52.09835600852966, "prnt": false}
{"event": "training_step", "timestamp": 1769667975.5949106, "step": 440, "max_steps": 819, "loss": 5.861882209777832, "elapsed_time": 52.20554876327515, "prnt": false}
{"event": "training_step", "timestamp": 1769667975.702149, "step": 441, "max_steps": 819, "loss": 5.8633317947387695, "elapsed_time": 52.31309270858765, "prnt": false}
{"event": "training_step", "timestamp": 1769667975.8094337, "step": 442, "max_steps": 819, "loss": 5.852062225341797, "elapsed_time": 52.42023706436157, "prnt": false}
{"event": "training_step", "timestamp": 1769667975.9165888, "step": 443, "max_steps": 819, "loss": 5.738253593444824, "elapsed_time": 52.5273711681366, "prnt": false}
{"event": "training_step", "timestamp": 1769667976.023942, "step": 444, "max_steps": 819, "loss": 5.79098653793335, "elapsed_time": 52.63486838340759, "prnt": false}
{"event": "training_step", "timestamp": 1769667976.1312072, "step": 445, "max_steps": 819, "loss": 5.8265228271484375, "elapsed_time": 52.74206352233887, "prnt": false}
{"event": "training_step", "timestamp": 1769667976.2385201, "step": 446, "max_steps": 819, "loss": 5.780407905578613, "elapsed_time": 52.84958505630493, "prnt": false}
{"event": "training_step", "timestamp": 1769667976.34578, "step": 447, "max_steps": 819, "loss": 5.838943958282471, "elapsed_time": 52.9566285610199, "prnt": false}
{"event": "training_step", "timestamp": 1769667976.4531143, "step": 448, "max_steps": 819, "loss": 5.7866339683532715, "elapsed_time": 53.06439208984375, "prnt": false}
{"event": "training_step", "timestamp": 1769667976.5605254, "step": 449, "max_steps": 819, "loss": 5.846988201141357, "elapsed_time": 53.17182683944702, "prnt": false}
{"event": "training_step", "timestamp": 1769667976.6677284, "step": 450, "max_steps": 819, "loss": 5.801210403442383, "elapsed_time": 53.27878952026367, "prnt": false}
{"event": "training_step", "timestamp": 1769667976.7751172, "step": 451, "max_steps": 819, "loss": 5.810493469238281, "elapsed_time": 53.38604712486267, "prnt": false}
{"event": "training_step", "timestamp": 1769667976.8824425, "step": 452, "max_steps": 819, "loss": 5.764149188995361, "elapsed_time": 53.49352192878723, "prnt": false}
{"event": "training_step", "timestamp": 1769667976.9897661, "step": 453, "max_steps": 819, "loss": 5.8400373458862305, "elapsed_time": 53.60065817832947, "prnt": false}
{"event": "training_step", "timestamp": 1769667977.096886, "step": 454, "max_steps": 819, "loss": 5.806729316711426, "elapsed_time": 53.70786380767822, "prnt": false}
{"event": "training_step", "timestamp": 1769667977.2040322, "step": 455, "max_steps": 819, "loss": 5.8169074058532715, "elapsed_time": 53.81516242027283, "prnt": false}
{"event": "training_step", "timestamp": 1769667977.3113232, "step": 456, "max_steps": 819, "loss": 5.846531867980957, "elapsed_time": 53.922280073165894, "prnt": false}
{"event": "training_step", "timestamp": 1769667977.418577, "step": 457, "max_steps": 819, "loss": 5.775688171386719, "elapsed_time": 54.02954864501953, "prnt": false}
{"event": "training_step", "timestamp": 1769667977.5258503, "step": 458, "max_steps": 819, "loss": 5.809409141540527, "elapsed_time": 54.136680603027344, "prnt": false}
{"event": "training_step", "timestamp": 1769667977.6333039, "step": 459, "max_steps": 819, "loss": 5.702983856201172, "elapsed_time": 54.2440402507782, "prnt": false}
{"event": "training_step", "timestamp": 1769667977.7405014, "step": 460, "max_steps": 819, "loss": 5.8275065422058105, "elapsed_time": 54.351523637771606, "prnt": false}
{"event": "training_step", "timestamp": 1769667977.8480852, "step": 461, "max_steps": 819, "loss": 5.721980571746826, "elapsed_time": 54.45929288864136, "prnt": false}
{"event": "training_step", "timestamp": 1769667977.9553661, "step": 462, "max_steps": 819, "loss": 5.7815022468566895, "elapsed_time": 54.56627893447876, "prnt": false}
{"event": "training_step", "timestamp": 1769667978.0625882, "step": 463, "max_steps": 819, "loss": 5.802170276641846, "elapsed_time": 54.67359757423401, "prnt": false}
{"event": "training_step", "timestamp": 1769667978.1698215, "step": 464, "max_steps": 819, "loss": 5.715216159820557, "elapsed_time": 54.780834436416626, "prnt": false}
{"event": "training_step", "timestamp": 1769667978.2771387, "step": 465, "max_steps": 819, "loss": 5.770270347595215, "elapsed_time": 54.888193130493164, "prnt": false}
{"event": "training_step", "timestamp": 1769667978.3844304, "step": 466, "max_steps": 819, "loss": 5.691755771636963, "elapsed_time": 54.99534487724304, "prnt": false}
{"event": "training_step", "timestamp": 1769667978.4917243, "step": 467, "max_steps": 819, "loss": 5.696559429168701, "elapsed_time": 55.102580308914185, "prnt": false}
{"event": "training_step", "timestamp": 1769667978.5991275, "step": 468, "max_steps": 819, "loss": 5.754351615905762, "elapsed_time": 55.21059608459473, "prnt": false}
{"event": "validation_step", "timestamp": 1769667979.0320022, "step": 468, "max_steps": 819, "loss": 1.1438861942948182, "elapsed_time": 55.21059608459473}
{"event": "training_step", "timestamp": 1769667979.1396983, "step": 469, "max_steps": 819, "loss": 5.707520961761475, "elapsed_time": 55.750871896743774, "prnt": false}
{"event": "training_step", "timestamp": 1769667979.2469966, "step": 470, "max_steps": 819, "loss": 5.812076091766357, "elapsed_time": 55.858365535736084, "prnt": false}
{"event": "training_step", "timestamp": 1769667979.3544362, "step": 471, "max_steps": 819, "loss": 5.743839263916016, "elapsed_time": 55.96514892578125, "prnt": false}
{"event": "training_step", "timestamp": 1769667979.4617465, "step": 472, "max_steps": 819, "loss": 5.815667629241943, "elapsed_time": 56.07254934310913, "prnt": false}
{"event": "training_step", "timestamp": 1769667979.569107, "step": 473, "max_steps": 819, "loss": 5.758187294006348, "elapsed_time": 56.17983269691467, "prnt": false}
{"event": "training_step", "timestamp": 1769667979.676312, "step": 474, "max_steps": 819, "loss": 5.669780254364014, "elapsed_time": 56.28750824928284, "prnt": false}
{"event": "training_step", "timestamp": 1769667979.783534, "step": 475, "max_steps": 819, "loss": 5.740393161773682, "elapsed_time": 56.39456582069397, "prnt": false}
{"event": "training_step", "timestamp": 1769667979.890768, "step": 476, "max_steps": 819, "loss": 5.81672477722168, "elapsed_time": 56.501561641693115, "prnt": false}
{"event": "training_step", "timestamp": 1769667979.9981418, "step": 477, "max_steps": 819, "loss": 5.744889259338379, "elapsed_time": 56.6090190410614, "prnt": false}
{"event": "training_step", "timestamp": 1769667980.1053782, "step": 478, "max_steps": 819, "loss": 5.7855448722839355, "elapsed_time": 56.71625280380249, "prnt": false}
{"event": "training_step", "timestamp": 1769667980.2128274, "step": 479, "max_steps": 819, "loss": 5.728564739227295, "elapsed_time": 56.823628664016724, "prnt": false}
{"event": "training_step", "timestamp": 1769667980.320095, "step": 480, "max_steps": 819, "loss": 5.672399520874023, "elapsed_time": 56.93089842796326, "prnt": false}
{"event": "training_step", "timestamp": 1769667980.4273612, "step": 481, "max_steps": 819, "loss": 5.7635040283203125, "elapsed_time": 57.03833770751953, "prnt": false}
{"event": "training_step", "timestamp": 1769667980.5346634, "step": 482, "max_steps": 819, "loss": 5.768227577209473, "elapsed_time": 57.146310329437256, "prnt": false}
{"event": "training_step", "timestamp": 1769667980.6419291, "step": 483, "max_steps": 819, "loss": 5.713778972625732, "elapsed_time": 57.25283169746399, "prnt": false}
{"event": "training_step", "timestamp": 1769667980.74925, "step": 484, "max_steps": 819, "loss": 5.6638007164001465, "elapsed_time": 57.36020112037659, "prnt": false}
{"event": "training_step", "timestamp": 1769667980.8565254, "step": 485, "max_steps": 819, "loss": 5.715960502624512, "elapsed_time": 57.46755266189575, "prnt": false}
{"event": "training_step", "timestamp": 1769667980.963826, "step": 486, "max_steps": 819, "loss": 5.753943920135498, "elapsed_time": 57.57468366622925, "prnt": false}
{"event": "training_step", "timestamp": 1769667981.0713665, "step": 487, "max_steps": 819, "loss": 5.693427085876465, "elapsed_time": 57.682408809661865, "prnt": false}
{"event": "training_step", "timestamp": 1769667981.1786227, "step": 488, "max_steps": 819, "loss": 5.776573181152344, "elapsed_time": 57.78979277610779, "prnt": false}
{"event": "training_step", "timestamp": 1769667981.2859437, "step": 489, "max_steps": 819, "loss": 5.758397102355957, "elapsed_time": 57.89674472808838, "prnt": false}
{"event": "training_step", "timestamp": 1769667981.393218, "step": 490, "max_steps": 819, "loss": 5.694949150085449, "elapsed_time": 58.00413942337036, "prnt": false}
{"event": "training_step", "timestamp": 1769667981.5005093, "step": 491, "max_steps": 819, "loss": 5.692206859588623, "elapsed_time": 58.111318826675415, "prnt": false}
{"event": "training_step", "timestamp": 1769667981.607836, "step": 492, "max_steps": 819, "loss": 5.648597717285156, "elapsed_time": 58.21871018409729, "prnt": false}
{"event": "training_step", "timestamp": 1769667981.7151568, "step": 493, "max_steps": 819, "loss": 5.64185905456543, "elapsed_time": 58.325976848602295, "prnt": false}
{"event": "training_step", "timestamp": 1769667981.8224845, "step": 494, "max_steps": 819, "loss": 5.63880729675293, "elapsed_time": 58.433483600616455, "prnt": false}
{"event": "training_step", "timestamp": 1769667981.929786, "step": 495, "max_steps": 819, "loss": 5.704061508178711, "elapsed_time": 58.54082107543945, "prnt": false}
{"event": "training_step", "timestamp": 1769667982.0370798, "step": 496, "max_steps": 819, "loss": 5.658387660980225, "elapsed_time": 58.648102045059204, "prnt": false}
{"event": "training_step", "timestamp": 1769667982.1443536, "step": 497, "max_steps": 819, "loss": 5.695367336273193, "elapsed_time": 58.755242586135864, "prnt": false}
{"event": "training_step", "timestamp": 1769667982.2518134, "step": 498, "max_steps": 819, "loss": 5.6777873039245605, "elapsed_time": 58.86264371871948, "prnt": false}
{"event": "training_step", "timestamp": 1769667982.3590806, "step": 499, "max_steps": 819, "loss": 5.735045909881592, "elapsed_time": 58.969937562942505, "prnt": false}
{"event": "training_step", "timestamp": 1769667982.4664273, "step": 500, "max_steps": 819, "loss": 5.738041877746582, "elapsed_time": 59.07724571228027, "prnt": false}
{"event": "training_step", "timestamp": 1769667982.5739305, "step": 501, "max_steps": 819, "loss": 5.63761568069458, "elapsed_time": 59.18527698516846, "prnt": false}
{"event": "training_step", "timestamp": 1769667982.681296, "step": 502, "max_steps": 819, "loss": 5.676339626312256, "elapsed_time": 59.292359828948975, "prnt": false}
{"event": "training_step", "timestamp": 1769667982.788642, "step": 503, "max_steps": 819, "loss": 5.68458366394043, "elapsed_time": 59.39965605735779, "prnt": false}
{"event": "training_step", "timestamp": 1769667982.8959606, "step": 504, "max_steps": 819, "loss": 5.7186360359191895, "elapsed_time": 59.50697422027588, "prnt": false}
{"event": "training_step", "timestamp": 1769667983.0033567, "step": 505, "max_steps": 819, "loss": 5.737257957458496, "elapsed_time": 59.614386558532715, "prnt": false}
{"event": "training_step", "timestamp": 1769667983.1107695, "step": 506, "max_steps": 819, "loss": 5.689818382263184, "elapsed_time": 59.72153329849243, "prnt": false}
{"event": "training_step", "timestamp": 1769667983.2182024, "step": 507, "max_steps": 819, "loss": 5.6924848556518555, "elapsed_time": 59.8290114402771, "prnt": false}
{"event": "validation_step", "timestamp": 1769667983.6515503, "step": 507, "max_steps": 819, "loss": 1.1406126667710352, "elapsed_time": 59.8290114402771}
{"event": "training_step", "timestamp": 1769667983.7589824, "step": 508, "max_steps": 819, "loss": 5.651403903961182, "elapsed_time": 60.36997127532959, "prnt": false}
{"event": "training_step", "timestamp": 1769667983.8663719, "step": 509, "max_steps": 819, "loss": 5.696958541870117, "elapsed_time": 60.47714853286743, "prnt": false}
{"event": "training_step", "timestamp": 1769667983.9737382, "step": 510, "max_steps": 819, "loss": 5.709122657775879, "elapsed_time": 60.58449339866638, "prnt": false}
{"event": "training_step", "timestamp": 1769667984.0811005, "step": 511, "max_steps": 819, "loss": 5.682006359100342, "elapsed_time": 60.6918261051178, "prnt": false}
{"event": "training_step", "timestamp": 1769667984.188395, "step": 512, "max_steps": 819, "loss": 5.626638889312744, "elapsed_time": 60.79960584640503, "prnt": false}
{"event": "training_step", "timestamp": 1769667984.2956154, "step": 513, "max_steps": 819, "loss": 5.726957321166992, "elapsed_time": 60.90654706954956, "prnt": false}
{"event": "training_step", "timestamp": 1769667984.4029582, "step": 514, "max_steps": 819, "loss": 5.698806285858154, "elapsed_time": 61.01376414299011, "prnt": false}
{"event": "training_step", "timestamp": 1769667984.5103202, "step": 515, "max_steps": 819, "loss": 5.703497886657715, "elapsed_time": 61.121034145355225, "prnt": false}
{"event": "training_step", "timestamp": 1769667984.6178534, "step": 516, "max_steps": 819, "loss": 5.758086204528809, "elapsed_time": 61.22920370101929, "prnt": false}
{"event": "training_step", "timestamp": 1769667984.7251902, "step": 517, "max_steps": 819, "loss": 5.633937835693359, "elapsed_time": 61.336169958114624, "prnt": false}
{"event": "training_step", "timestamp": 1769667984.8325822, "step": 518, "max_steps": 819, "loss": 5.652622699737549, "elapsed_time": 61.44369053840637, "prnt": false}
{"event": "training_step", "timestamp": 1769667984.9398854, "step": 519, "max_steps": 819, "loss": 5.670138359069824, "elapsed_time": 61.55068755149841, "prnt": false}
{"event": "training_step", "timestamp": 1769667985.0474305, "step": 520, "max_steps": 819, "loss": 5.749684810638428, "elapsed_time": 61.65803575515747, "prnt": false}
{"event": "training_step", "timestamp": 1769667985.1546898, "step": 521, "max_steps": 819, "loss": 5.691856861114502, "elapsed_time": 61.765512466430664, "prnt": false}
{"event": "training_step", "timestamp": 1769667985.2621017, "step": 522, "max_steps": 819, "loss": 5.6572465896606445, "elapsed_time": 61.87302494049072, "prnt": false}
{"event": "training_step", "timestamp": 1769667985.3695836, "step": 523, "max_steps": 819, "loss": 5.703004360198975, "elapsed_time": 61.98031997680664, "prnt": false}
{"event": "training_step", "timestamp": 1769667985.4769018, "step": 524, "max_steps": 819, "loss": 5.665891170501709, "elapsed_time": 62.08774209022522, "prnt": false}
{"event": "training_step", "timestamp": 1769667985.5841813, "step": 525, "max_steps": 819, "loss": 5.63507604598999, "elapsed_time": 62.19500803947449, "prnt": false}
{"event": "training_step", "timestamp": 1769667985.6916628, "step": 526, "max_steps": 819, "loss": 5.679957866668701, "elapsed_time": 62.30241847038269, "prnt": false}
{"event": "training_step", "timestamp": 1769667985.7989311, "step": 527, "max_steps": 819, "loss": 5.690603256225586, "elapsed_time": 62.409826040267944, "prnt": false}
{"event": "training_step", "timestamp": 1769667985.906265, "step": 528, "max_steps": 819, "loss": 5.6856207847595215, "elapsed_time": 62.51712656021118, "prnt": false}
{"event": "training_step", "timestamp": 1769667986.013518, "step": 529, "max_steps": 819, "loss": 5.732213497161865, "elapsed_time": 62.62448453903198, "prnt": false}
{"event": "training_step", "timestamp": 1769667986.120879, "step": 530, "max_steps": 819, "loss": 5.733390808105469, "elapsed_time": 62.73160195350647, "prnt": false}
{"event": "training_step", "timestamp": 1769667986.22829, "step": 531, "max_steps": 819, "loss": 5.70371150970459, "elapsed_time": 62.839526414871216, "prnt": false}
{"event": "training_step", "timestamp": 1769667986.3356652, "step": 532, "max_steps": 819, "loss": 5.658406734466553, "elapsed_time": 62.94637727737427, "prnt": false}
{"event": "training_step", "timestamp": 1769667986.4430408, "step": 533, "max_steps": 819, "loss": 5.719419956207275, "elapsed_time": 63.05371594429016, "prnt": false}
{"event": "training_step", "timestamp": 1769667986.5505412, "step": 534, "max_steps": 819, "loss": 5.699306488037109, "elapsed_time": 63.161056995391846, "prnt": false}
{"event": "training_step", "timestamp": 1769667986.65808, "step": 535, "max_steps": 819, "loss": 5.594786643981934, "elapsed_time": 63.269651889801025, "prnt": false}
{"event": "training_step", "timestamp": 1769667986.765461, "step": 536, "max_steps": 819, "loss": 5.595328330993652, "elapsed_time": 63.37638711929321, "prnt": false}
{"event": "training_step", "timestamp": 1769667986.8728855, "step": 537, "max_steps": 819, "loss": 5.711241722106934, "elapsed_time": 63.4837691783905, "prnt": false}
{"event": "training_step", "timestamp": 1769667986.9802516, "step": 538, "max_steps": 819, "loss": 5.6616034507751465, "elapsed_time": 63.59104943275452, "prnt": false}
{"event": "training_step", "timestamp": 1769667987.0876198, "step": 539, "max_steps": 819, "loss": 5.630433559417725, "elapsed_time": 63.698357343673706, "prnt": false}
{"event": "training_step", "timestamp": 1769667987.195105, "step": 540, "max_steps": 819, "loss": 5.691669464111328, "elapsed_time": 63.80585861206055, "prnt": false}
{"event": "training_step", "timestamp": 1769667987.3025246, "step": 541, "max_steps": 819, "loss": 5.603123664855957, "elapsed_time": 63.913541078567505, "prnt": false}
{"event": "training_step", "timestamp": 1769667987.40996, "step": 542, "max_steps": 819, "loss": 5.675426483154297, "elapsed_time": 64.02071142196655, "prnt": false}
{"event": "training_step", "timestamp": 1769667987.517264, "step": 543, "max_steps": 819, "loss": 5.678351879119873, "elapsed_time": 64.1282913684845, "prnt": false}
{"event": "training_step", "timestamp": 1769667987.6246316, "step": 544, "max_steps": 819, "loss": 5.743525981903076, "elapsed_time": 64.23560857772827, "prnt": false}
{"event": "training_step", "timestamp": 1769667987.7320342, "step": 545, "max_steps": 819, "loss": 5.590076446533203, "elapsed_time": 64.34289693832397, "prnt": false}
{"event": "training_step", "timestamp": 1769667987.839448, "step": 546, "max_steps": 819, "loss": 5.696556091308594, "elapsed_time": 64.45065832138062, "prnt": false}
{"event": "validation_step", "timestamp": 1769667988.272665, "step": 546, "max_steps": 819, "loss": 1.1371569458167563, "elapsed_time": 64.45065832138062}
{"event": "training_step", "timestamp": 1769667988.3802838, "step": 547, "max_steps": 819, "loss": 5.644164085388184, "elapsed_time": 64.99112868309021, "prnt": false}
{"event": "training_step", "timestamp": 1769667988.4876914, "step": 548, "max_steps": 819, "loss": 5.69169282913208, "elapsed_time": 65.09847450256348, "prnt": false}
{"event": "training_step", "timestamp": 1769667988.595134, "step": 549, "max_steps": 819, "loss": 5.5761027336120605, "elapsed_time": 65.20588684082031, "prnt": false}
{"event": "training_step", "timestamp": 1769667988.7027128, "step": 550, "max_steps": 819, "loss": 5.655016899108887, "elapsed_time": 65.31425976753235, "prnt": false}
{"event": "training_step", "timestamp": 1769667988.8101947, "step": 551, "max_steps": 819, "loss": 5.65095329284668, "elapsed_time": 65.42131733894348, "prnt": false}
{"event": "training_step", "timestamp": 1769667988.9175577, "step": 552, "max_steps": 819, "loss": 5.66780424118042, "elapsed_time": 65.5284276008606, "prnt": false}
{"event": "training_step", "timestamp": 1769667989.0251157, "step": 553, "max_steps": 819, "loss": 5.547903537750244, "elapsed_time": 65.6358425617218, "prnt": false}
{"event": "training_step", "timestamp": 1769667989.1324968, "step": 554, "max_steps": 819, "loss": 5.7403435707092285, "elapsed_time": 65.74315738677979, "prnt": false}
{"event": "training_step", "timestamp": 1769667989.239915, "step": 555, "max_steps": 819, "loss": 5.636725902557373, "elapsed_time": 65.85078930854797, "prnt": false}
{"event": "training_step", "timestamp": 1769667989.3472059, "step": 556, "max_steps": 819, "loss": 5.564345359802246, "elapsed_time": 65.9580750465393, "prnt": false}
{"event": "training_step", "timestamp": 1769667989.454587, "step": 557, "max_steps": 819, "loss": 5.610513210296631, "elapsed_time": 66.06527090072632, "prnt": false}
{"event": "training_step", "timestamp": 1769667989.5619361, "step": 558, "max_steps": 819, "loss": 5.620607852935791, "elapsed_time": 66.1726062297821, "prnt": false}
{"event": "training_step", "timestamp": 1769667989.6695418, "step": 559, "max_steps": 819, "loss": 5.572165012359619, "elapsed_time": 66.28036904335022, "prnt": false}
{"event": "training_step", "timestamp": 1769667989.7768714, "step": 560, "max_steps": 819, "loss": 5.664273262023926, "elapsed_time": 66.38767433166504, "prnt": false}
{"event": "training_step", "timestamp": 1769667989.8841698, "step": 561, "max_steps": 819, "loss": 5.58886194229126, "elapsed_time": 66.49503183364868, "prnt": false}
{"event": "training_step", "timestamp": 1769667989.9915218, "step": 562, "max_steps": 819, "loss": 5.698813438415527, "elapsed_time": 66.60228109359741, "prnt": false}
{"event": "training_step", "timestamp": 1769667990.0988538, "step": 563, "max_steps": 819, "loss": 5.644008636474609, "elapsed_time": 66.709712266922, "prnt": false}
{"event": "training_step", "timestamp": 1769667990.2062519, "step": 564, "max_steps": 819, "loss": 5.63676118850708, "elapsed_time": 66.81711554527283, "prnt": false}
{"event": "training_step", "timestamp": 1769667990.3135824, "step": 565, "max_steps": 819, "loss": 5.609886169433594, "elapsed_time": 66.92456722259521, "prnt": false}
{"event": "training_step", "timestamp": 1769667990.4210036, "step": 566, "max_steps": 819, "loss": 5.633639335632324, "elapsed_time": 67.03189158439636, "prnt": false}
{"event": "training_step", "timestamp": 1769667990.5284421, "step": 567, "max_steps": 819, "loss": 5.635994911193848, "elapsed_time": 67.13907217979431, "prnt": false}
{"event": "training_step", "timestamp": 1769667990.6359613, "step": 568, "max_steps": 819, "loss": 5.572152614593506, "elapsed_time": 67.24728012084961, "prnt": false}
{"event": "training_step", "timestamp": 1769667990.7433982, "step": 569, "max_steps": 819, "loss": 5.5905303955078125, "elapsed_time": 67.35449290275574, "prnt": false}
{"event": "training_step", "timestamp": 1769667990.850831, "step": 570, "max_steps": 819, "loss": 5.5657639503479, "elapsed_time": 67.46158337593079, "prnt": false}
{"event": "training_step", "timestamp": 1769667990.9581325, "step": 571, "max_steps": 819, "loss": 5.793976306915283, "elapsed_time": 67.56889867782593, "prnt": false}
{"event": "training_step", "timestamp": 1769667991.0655122, "step": 572, "max_steps": 819, "loss": 5.6374192237854, "elapsed_time": 67.67632102966309, "prnt": false}
{"event": "training_step", "timestamp": 1769667991.1727302, "step": 573, "max_steps": 819, "loss": 5.574573040008545, "elapsed_time": 67.78367495536804, "prnt": false}
{"event": "training_step", "timestamp": 1769667991.2800794, "step": 574, "max_steps": 819, "loss": 5.6150736808776855, "elapsed_time": 67.89101719856262, "prnt": false}
{"event": "training_step", "timestamp": 1769667991.3878157, "step": 575, "max_steps": 819, "loss": 5.742822647094727, "elapsed_time": 67.99942827224731, "prnt": false}
{"event": "training_step", "timestamp": 1769667991.4953647, "step": 576, "max_steps": 819, "loss": 5.630374431610107, "elapsed_time": 68.10619354248047, "prnt": false}
{"event": "training_step", "timestamp": 1769667991.6027112, "step": 577, "max_steps": 819, "loss": 5.666474342346191, "elapsed_time": 68.21355056762695, "prnt": false}
{"event": "training_step", "timestamp": 1769667991.7101839, "step": 578, "max_steps": 819, "loss": 5.558272361755371, "elapsed_time": 68.32108855247498, "prnt": false}
{"event": "training_step", "timestamp": 1769667991.8175485, "step": 579, "max_steps": 819, "loss": 5.723634719848633, "elapsed_time": 68.42846822738647, "prnt": false}
{"event": "training_step", "timestamp": 1769667991.9249258, "step": 580, "max_steps": 819, "loss": 5.586590766906738, "elapsed_time": 68.53584384918213, "prnt": false}
{"event": "training_step", "timestamp": 1769667992.032288, "step": 581, "max_steps": 819, "loss": 5.594728469848633, "elapsed_time": 68.64334416389465, "prnt": false}
{"event": "training_step", "timestamp": 1769667992.1396663, "step": 582, "max_steps": 819, "loss": 5.6461405754089355, "elapsed_time": 68.75044369697571, "prnt": false}
{"event": "training_step", "timestamp": 1769667992.2472954, "step": 583, "max_steps": 819, "loss": 5.596114635467529, "elapsed_time": 68.85817527770996, "prnt": false}
{"event": "training_step", "timestamp": 1769667992.354745, "step": 584, "max_steps": 819, "loss": 5.663352966308594, "elapsed_time": 68.96542191505432, "prnt": false}
{"event": "training_step", "timestamp": 1769667992.4621644, "step": 585, "max_steps": 819, "loss": 5.5876946449279785, "elapsed_time": 69.07311367988586, "prnt": false}
{"event": "validation_step", "timestamp": 1769667992.8959255, "step": 585, "max_steps": 819, "loss": 1.1331069814747283, "elapsed_time": 69.07311367988586}
{"event": "training_step", "timestamp": 1769667993.0037072, "step": 586, "max_steps": 819, "loss": 5.550609588623047, "elapsed_time": 69.61490201950073, "prnt": false}
{"event": "training_step", "timestamp": 1769667993.1111188, "step": 587, "max_steps": 819, "loss": 5.6413702964782715, "elapsed_time": 69.72190737724304, "prnt": false}
{"event": "training_step", "timestamp": 1769667993.2185185, "step": 588, "max_steps": 819, "loss": 5.729511737823486, "elapsed_time": 69.82937932014465, "prnt": false}
{"event": "training_step", "timestamp": 1769667993.3259852, "step": 589, "max_steps": 819, "loss": 5.659985065460205, "elapsed_time": 69.93690085411072, "prnt": false}
{"event": "training_step", "timestamp": 1769667993.4333348, "step": 590, "max_steps": 819, "loss": 5.608550548553467, "elapsed_time": 70.04420804977417, "prnt": false}
{"event": "training_step", "timestamp": 1769667993.5408115, "step": 591, "max_steps": 819, "loss": 5.5951642990112305, "elapsed_time": 70.1515679359436, "prnt": false}
{"event": "training_step", "timestamp": 1769667993.648371, "step": 592, "max_steps": 819, "loss": 5.6325507164001465, "elapsed_time": 70.25937700271606, "prnt": false}
{"event": "training_step", "timestamp": 1769667993.7556927, "step": 593, "max_steps": 819, "loss": 5.560398101806641, "elapsed_time": 70.36660599708557, "prnt": false}
{"event": "training_step", "timestamp": 1769667993.863124, "step": 594, "max_steps": 819, "loss": 5.6315155029296875, "elapsed_time": 70.47389268875122, "prnt": false}
{"event": "training_step", "timestamp": 1769667993.9704945, "step": 595, "max_steps": 819, "loss": 5.745851516723633, "elapsed_time": 70.58125066757202, "prnt": false}
{"event": "training_step", "timestamp": 1769667994.0779452, "step": 596, "max_steps": 819, "loss": 5.629720211029053, "elapsed_time": 70.68878054618835, "prnt": false}
{"event": "training_step", "timestamp": 1769667994.185403, "step": 597, "max_steps": 819, "loss": 5.558708190917969, "elapsed_time": 70.79647660255432, "prnt": false}
{"event": "training_step", "timestamp": 1769667994.2928727, "step": 598, "max_steps": 819, "loss": 5.559678077697754, "elapsed_time": 70.90358877182007, "prnt": false}
{"event": "training_step", "timestamp": 1769667994.4002922, "step": 599, "max_steps": 819, "loss": 5.610288619995117, "elapsed_time": 71.01099729537964, "prnt": false}
{"event": "training_step", "timestamp": 1769667994.5077846, "step": 600, "max_steps": 819, "loss": 5.538626194000244, "elapsed_time": 71.11842083930969, "prnt": false}
{"event": "training_step", "timestamp": 1769667994.615238, "step": 601, "max_steps": 819, "loss": 5.4784016609191895, "elapsed_time": 71.22599720954895, "prnt": false}
{"event": "training_step", "timestamp": 1769667994.7228184, "step": 602, "max_steps": 819, "loss": 5.542215347290039, "elapsed_time": 71.3343915939331, "prnt": false}
{"event": "training_step", "timestamp": 1769667994.8302333, "step": 603, "max_steps": 819, "loss": 5.65253210067749, "elapsed_time": 71.4411735534668, "prnt": false}
{"event": "training_step", "timestamp": 1769667994.9376159, "step": 604, "max_steps": 819, "loss": 5.584055423736572, "elapsed_time": 71.54848027229309, "prnt": false}
{"event": "training_step", "timestamp": 1769667995.0451581, "step": 605, "max_steps": 819, "loss": 5.54472017288208, "elapsed_time": 71.65614604949951, "prnt": false}
{"event": "training_step", "timestamp": 1769667995.1525137, "step": 606, "max_steps": 819, "loss": 5.495107173919678, "elapsed_time": 71.76324343681335, "prnt": false}
{"event": "training_step", "timestamp": 1769667995.259892, "step": 607, "max_steps": 819, "loss": 5.5632758140563965, "elapsed_time": 71.87075781822205, "prnt": false}
{"event": "training_step", "timestamp": 1769667995.3673763, "step": 608, "max_steps": 819, "loss": 5.574270725250244, "elapsed_time": 71.9779896736145, "prnt": false}
{"event": "training_step", "timestamp": 1769667995.4747424, "step": 609, "max_steps": 819, "loss": 5.594147682189941, "elapsed_time": 72.08557319641113, "prnt": false}
{"event": "training_step", "timestamp": 1769667995.5821583, "step": 610, "max_steps": 819, "loss": 5.532885551452637, "elapsed_time": 72.19292402267456, "prnt": false}
{"event": "training_step", "timestamp": 1769667995.6896546, "step": 611, "max_steps": 819, "loss": 5.668362140655518, "elapsed_time": 72.30057883262634, "prnt": false}
{"event": "training_step", "timestamp": 1769667995.797093, "step": 612, "max_steps": 819, "loss": 5.543694019317627, "elapsed_time": 72.40778732299805, "prnt": false}
{"event": "training_step", "timestamp": 1769667995.9045098, "step": 613, "max_steps": 819, "loss": 5.623706817626953, "elapsed_time": 72.51533055305481, "prnt": false}
{"event": "training_step", "timestamp": 1769667996.0118823, "step": 614, "max_steps": 819, "loss": 5.542047023773193, "elapsed_time": 72.62289905548096, "prnt": false}
{"event": "training_step", "timestamp": 1769667996.1192899, "step": 615, "max_steps": 819, "loss": 5.513062953948975, "elapsed_time": 72.72997808456421, "prnt": false}
{"event": "training_step", "timestamp": 1769667996.2268395, "step": 616, "max_steps": 819, "loss": 5.534855842590332, "elapsed_time": 72.8377947807312, "prnt": false}
{"event": "training_step", "timestamp": 1769667996.334368, "step": 617, "max_steps": 819, "loss": 5.597560405731201, "elapsed_time": 72.94500374794006, "prnt": false}
{"event": "training_step", "timestamp": 1769667996.4418085, "step": 618, "max_steps": 819, "loss": 5.59581995010376, "elapsed_time": 73.0528039932251, "prnt": false}
{"event": "training_step", "timestamp": 1769667996.5493207, "step": 619, "max_steps": 819, "loss": 5.616271495819092, "elapsed_time": 73.16019558906555, "prnt": false}
{"event": "training_step", "timestamp": 1769667996.6568494, "step": 620, "max_steps": 819, "loss": 5.557060241699219, "elapsed_time": 73.26796317100525, "prnt": false}
{"event": "training_step", "timestamp": 1769667996.7644482, "step": 621, "max_steps": 819, "loss": 5.53492546081543, "elapsed_time": 73.37566375732422, "prnt": false}
{"event": "training_step", "timestamp": 1769667996.8719716, "step": 622, "max_steps": 819, "loss": 5.587961196899414, "elapsed_time": 73.48295474052429, "prnt": false}
{"event": "training_step", "timestamp": 1769667996.9794166, "step": 623, "max_steps": 819, "loss": 5.571102142333984, "elapsed_time": 73.5901951789856, "prnt": false}
{"event": "training_step", "timestamp": 1769667997.0869062, "step": 624, "max_steps": 819, "loss": 5.521629810333252, "elapsed_time": 73.69758653640747, "prnt": false}
{"event": "validation_step", "timestamp": 1769667997.5204608, "step": 624, "max_steps": 819, "loss": 1.1309478168485618, "elapsed_time": 73.69758653640747}
{"event": "training_step", "timestamp": 1769667997.6282125, "step": 625, "max_steps": 819, "loss": 5.558586597442627, "elapsed_time": 74.23890566825867, "prnt": false}
{"event": "training_step", "timestamp": 1769667997.7357311, "step": 626, "max_steps": 819, "loss": 5.542450904846191, "elapsed_time": 74.34644746780396, "prnt": false}
{"event": "training_step", "timestamp": 1769667997.8433459, "step": 627, "max_steps": 819, "loss": 5.605550289154053, "elapsed_time": 74.45450448989868, "prnt": false}
{"event": "training_step", "timestamp": 1769667997.9507477, "step": 628, "max_steps": 819, "loss": 5.652705669403076, "elapsed_time": 74.56161403656006, "prnt": false}
{"event": "training_step", "timestamp": 1769667998.0582185, "step": 629, "max_steps": 819, "loss": 5.6569600105285645, "elapsed_time": 74.66903805732727, "prnt": false}
{"event": "training_step", "timestamp": 1769667998.1656742, "step": 630, "max_steps": 819, "loss": 5.555798530578613, "elapsed_time": 74.77634310722351, "prnt": false}
{"event": "training_step", "timestamp": 1769667998.273224, "step": 631, "max_steps": 819, "loss": 5.4791083335876465, "elapsed_time": 74.88387537002563, "prnt": false}
{"event": "training_step", "timestamp": 1769667998.3805711, "step": 632, "max_steps": 819, "loss": 5.626865863800049, "elapsed_time": 74.99130702018738, "prnt": false}
{"event": "training_step", "timestamp": 1769667998.4880517, "step": 633, "max_steps": 819, "loss": 5.600079536437988, "elapsed_time": 75.098717212677, "prnt": false}
{"event": "training_step", "timestamp": 1769667998.5954528, "step": 634, "max_steps": 819, "loss": 5.559372901916504, "elapsed_time": 75.20615005493164, "prnt": false}
{"event": "training_step", "timestamp": 1769667998.7030869, "step": 635, "max_steps": 819, "loss": 5.572493553161621, "elapsed_time": 75.31424379348755, "prnt": false}
{"event": "training_step", "timestamp": 1769667998.8104684, "step": 636, "max_steps": 819, "loss": 5.5046491622924805, "elapsed_time": 75.42137241363525, "prnt": false}
{"event": "training_step", "timestamp": 1769667998.9178889, "step": 637, "max_steps": 819, "loss": 5.557456970214844, "elapsed_time": 75.52866077423096, "prnt": false}
{"event": "training_step", "timestamp": 1769667999.0252602, "step": 638, "max_steps": 819, "loss": 5.540637493133545, "elapsed_time": 75.63602614402771, "prnt": false}
{"event": "training_step", "timestamp": 1769667999.132866, "step": 639, "max_steps": 819, "loss": 5.627389430999756, "elapsed_time": 75.74350142478943, "prnt": false}
{"event": "training_step", "timestamp": 1769667999.2403865, "step": 640, "max_steps": 819, "loss": 5.6257734298706055, "elapsed_time": 75.85101437568665, "prnt": false}
{"event": "training_step", "timestamp": 1769667999.3480597, "step": 641, "max_steps": 819, "loss": 5.562464237213135, "elapsed_time": 75.95865607261658, "prnt": false}
{"event": "training_step", "timestamp": 1769667999.4555347, "step": 642, "max_steps": 819, "loss": 5.538074493408203, "elapsed_time": 76.06637978553772, "prnt": false}
{"event": "training_step", "timestamp": 1769667999.562975, "step": 643, "max_steps": 819, "loss": 5.602959156036377, "elapsed_time": 76.17375564575195, "prnt": false}
{"event": "training_step", "timestamp": 1769667999.6703265, "step": 644, "max_steps": 819, "loss": 5.5987725257873535, "elapsed_time": 76.28143548965454, "prnt": false}
{"event": "training_step", "timestamp": 1769667999.7778165, "step": 645, "max_steps": 819, "loss": 5.5522260665893555, "elapsed_time": 76.38862490653992, "prnt": false}
{"event": "training_step", "timestamp": 1769667999.8853588, "step": 646, "max_steps": 819, "loss": 5.538916110992432, "elapsed_time": 76.49611139297485, "prnt": false}
{"event": "training_step", "timestamp": 1769667999.992855, "step": 647, "max_steps": 819, "loss": 5.485695838928223, "elapsed_time": 76.60343194007874, "prnt": false}
{"event": "training_step", "timestamp": 1769668000.100271, "step": 648, "max_steps": 819, "loss": 5.627480506896973, "elapsed_time": 76.71105861663818, "prnt": false}
{"event": "training_step", "timestamp": 1769668000.2077785, "step": 649, "max_steps": 819, "loss": 5.490427494049072, "elapsed_time": 76.81863069534302, "prnt": false}
{"event": "training_step", "timestamp": 1769668000.3152268, "step": 650, "max_steps": 819, "loss": 5.595272541046143, "elapsed_time": 76.92620587348938, "prnt": false}
{"event": "training_step", "timestamp": 1769668000.422632, "step": 651, "max_steps": 819, "loss": 5.476226329803467, "elapsed_time": 77.0334165096283, "prnt": false}
{"event": "training_step", "timestamp": 1769668000.5300047, "step": 652, "max_steps": 819, "loss": 5.474250316619873, "elapsed_time": 77.14094614982605, "prnt": false}
{"event": "training_step", "timestamp": 1769668000.6375391, "step": 653, "max_steps": 819, "loss": 5.570337772369385, "elapsed_time": 77.2482168674469, "prnt": false}
{"event": "training_step", "timestamp": 1769668000.7452402, "step": 654, "max_steps": 819, "loss": 5.565291404724121, "elapsed_time": 77.35636711120605, "prnt": false}
{"event": "training_step", "timestamp": 1769668000.8528376, "step": 655, "max_steps": 819, "loss": 5.568831443786621, "elapsed_time": 77.46354174613953, "prnt": false}
{"event": "training_step", "timestamp": 1769668000.960251, "step": 656, "max_steps": 819, "loss": 5.5179219245910645, "elapsed_time": 77.57112789154053, "prnt": false}
{"event": "training_step", "timestamp": 1769668001.0678012, "step": 657, "max_steps": 819, "loss": 5.532766342163086, "elapsed_time": 77.67845439910889, "prnt": false}
{"event": "training_step", "timestamp": 1769668001.175286, "step": 658, "max_steps": 819, "loss": 5.530375957489014, "elapsed_time": 77.78599143028259, "prnt": false}
{"event": "training_step", "timestamp": 1769668001.28276, "step": 659, "max_steps": 819, "loss": 5.527276515960693, "elapsed_time": 77.89364290237427, "prnt": false}
{"event": "training_step", "timestamp": 1769668001.3901055, "step": 660, "max_steps": 819, "loss": 5.6913580894470215, "elapsed_time": 78.00085496902466, "prnt": false}
{"event": "training_step", "timestamp": 1769668001.497615, "step": 661, "max_steps": 819, "loss": 5.611403942108154, "elapsed_time": 78.10827660560608, "prnt": false}
{"event": "training_step", "timestamp": 1769668001.605182, "step": 662, "max_steps": 819, "loss": 5.462747573852539, "elapsed_time": 78.21569490432739, "prnt": false}
{"event": "training_step", "timestamp": 1769668001.712673, "step": 663, "max_steps": 819, "loss": 5.566429615020752, "elapsed_time": 78.32344126701355, "prnt": false}
{"event": "validation_step", "timestamp": 1769668002.146642, "step": 663, "max_steps": 819, "loss": 1.1292985038064856, "elapsed_time": 78.32344126701355}
{"event": "training_step", "timestamp": 1769668002.254355, "step": 664, "max_steps": 819, "loss": 5.543230056762695, "elapsed_time": 78.86536431312561, "prnt": false}
{"event": "training_step", "timestamp": 1769668002.3618932, "step": 665, "max_steps": 819, "loss": 5.5542168617248535, "elapsed_time": 78.97258067131042, "prnt": false}
{"event": "training_step", "timestamp": 1769668002.46928, "step": 666, "max_steps": 819, "loss": 5.562528610229492, "elapsed_time": 79.08027577400208, "prnt": false}
{"event": "training_step", "timestamp": 1769668002.5766628, "step": 667, "max_steps": 819, "loss": 5.527462005615234, "elapsed_time": 79.18746042251587, "prnt": false}
{"event": "training_step", "timestamp": 1769668002.6842299, "step": 668, "max_steps": 819, "loss": 5.483921527862549, "elapsed_time": 79.2951169013977, "prnt": false}
{"event": "training_step", "timestamp": 1769668002.791865, "step": 669, "max_steps": 819, "loss": 5.572636127471924, "elapsed_time": 79.40300369262695, "prnt": false}
{"event": "training_step", "timestamp": 1769668002.899488, "step": 670, "max_steps": 819, "loss": 5.683963298797607, "elapsed_time": 79.51063370704651, "prnt": false}
{"event": "training_step", "timestamp": 1769668003.0069902, "step": 671, "max_steps": 819, "loss": 5.578131198883057, "elapsed_time": 79.61761593818665, "prnt": false}
{"event": "training_step", "timestamp": 1769668003.1144397, "step": 672, "max_steps": 819, "loss": 5.562018871307373, "elapsed_time": 79.72519731521606, "prnt": false}
{"event": "training_step", "timestamp": 1769668003.221884, "step": 673, "max_steps": 819, "loss": 5.472305774688721, "elapsed_time": 79.83268570899963, "prnt": false}
{"event": "training_step", "timestamp": 1769668003.3292978, "step": 674, "max_steps": 819, "loss": 5.414483547210693, "elapsed_time": 79.94010615348816, "prnt": false}
{"event": "training_step", "timestamp": 1769668003.4368165, "step": 675, "max_steps": 819, "loss": 5.444214820861816, "elapsed_time": 80.04739594459534, "prnt": false}
{"event": "training_step", "timestamp": 1769668003.5442743, "step": 676, "max_steps": 819, "loss": 5.503682613372803, "elapsed_time": 80.15502405166626, "prnt": false}
{"event": "training_step", "timestamp": 1769668003.6518545, "step": 677, "max_steps": 819, "loss": 5.560794830322266, "elapsed_time": 80.26273703575134, "prnt": false}
{"event": "training_step", "timestamp": 1769668003.7592428, "step": 678, "max_steps": 819, "loss": 5.567798614501953, "elapsed_time": 80.37011051177979, "prnt": false}
{"event": "training_step", "timestamp": 1769668003.8668375, "step": 679, "max_steps": 819, "loss": 5.534852981567383, "elapsed_time": 80.47748374938965, "prnt": false}
{"event": "training_step", "timestamp": 1769668003.9742477, "step": 680, "max_steps": 819, "loss": 5.500955104827881, "elapsed_time": 80.58499670028687, "prnt": false}
{"event": "training_step", "timestamp": 1769668004.0816371, "step": 681, "max_steps": 819, "loss": 5.508140563964844, "elapsed_time": 80.69250559806824, "prnt": false}
{"event": "training_step", "timestamp": 1769668004.1890733, "step": 682, "max_steps": 819, "loss": 5.419281482696533, "elapsed_time": 80.79995727539062, "prnt": false}
{"event": "training_step", "timestamp": 1769668004.2965446, "step": 683, "max_steps": 819, "loss": 5.536571025848389, "elapsed_time": 80.90723490715027, "prnt": false}
{"event": "training_step", "timestamp": 1769668004.4041176, "step": 684, "max_steps": 819, "loss": 5.550252437591553, "elapsed_time": 81.01473450660706, "prnt": false}
{"event": "training_step", "timestamp": 1769668004.511619, "step": 685, "max_steps": 819, "loss": 5.543328285217285, "elapsed_time": 81.12217092514038, "prnt": false}
{"event": "training_step", "timestamp": 1769668004.61911, "step": 686, "max_steps": 819, "loss": 5.515448570251465, "elapsed_time": 81.22976422309875, "prnt": false}
{"event": "training_step", "timestamp": 1769668004.7266855, "step": 687, "max_steps": 819, "loss": 5.544798851013184, "elapsed_time": 81.33751106262207, "prnt": false}
{"event": "training_step", "timestamp": 1769668004.8343465, "step": 688, "max_steps": 819, "loss": 5.556481838226318, "elapsed_time": 81.44574880599976, "prnt": false}
{"event": "training_step", "timestamp": 1769668004.941744, "step": 689, "max_steps": 819, "loss": 5.529840469360352, "elapsed_time": 81.55255722999573, "prnt": false}
{"event": "training_step", "timestamp": 1769668005.049141, "step": 690, "max_steps": 819, "loss": 5.541446208953857, "elapsed_time": 81.6598744392395, "prnt": false}
{"event": "training_step", "timestamp": 1769668005.1566298, "step": 691, "max_steps": 819, "loss": 5.5833353996276855, "elapsed_time": 81.76723980903625, "prnt": false}
{"event": "training_step", "timestamp": 1769668005.264251, "step": 692, "max_steps": 819, "loss": 5.514837741851807, "elapsed_time": 81.87486481666565, "prnt": false}
{"event": "training_step", "timestamp": 1769668005.371718, "step": 693, "max_steps": 819, "loss": 5.5733537673950195, "elapsed_time": 81.9824149608612, "prnt": false}
{"event": "training_step", "timestamp": 1769668005.4791052, "step": 694, "max_steps": 819, "loss": 5.518616676330566, "elapsed_time": 82.08975601196289, "prnt": false}
{"event": "training_step", "timestamp": 1769668005.586642, "step": 695, "max_steps": 819, "loss": 5.546985149383545, "elapsed_time": 82.19724321365356, "prnt": false}
{"event": "training_step", "timestamp": 1769668005.694122, "step": 696, "max_steps": 819, "loss": 5.454342365264893, "elapsed_time": 82.30486488342285, "prnt": false}
{"event": "training_step", "timestamp": 1769668005.801613, "step": 697, "max_steps": 819, "loss": 5.486573696136475, "elapsed_time": 82.41229104995728, "prnt": false}
{"event": "training_step", "timestamp": 1769668005.9089825, "step": 698, "max_steps": 819, "loss": 5.544477462768555, "elapsed_time": 82.51971554756165, "prnt": false}
{"event": "training_step", "timestamp": 1769668006.0165858, "step": 699, "max_steps": 819, "loss": 5.5521955490112305, "elapsed_time": 82.62710237503052, "prnt": false}
{"event": "training_step", "timestamp": 1769668006.1241355, "step": 700, "max_steps": 819, "loss": 5.607706546783447, "elapsed_time": 82.73483633995056, "prnt": false}
{"event": "training_step", "timestamp": 1769668006.231557, "step": 701, "max_steps": 819, "loss": 5.578063488006592, "elapsed_time": 82.8423957824707, "prnt": false}
{"event": "training_step", "timestamp": 1769668006.339012, "step": 702, "max_steps": 819, "loss": 5.476612567901611, "elapsed_time": 82.94971179962158, "prnt": false}
{"event": "validation_step", "timestamp": 1769668006.7727985, "step": 702, "max_steps": 819, "loss": 1.1280337619359877, "elapsed_time": 82.94971179962158}
{"event": "training_step", "timestamp": 1769668006.8806071, "step": 703, "max_steps": 819, "loss": 5.4695234298706055, "elapsed_time": 83.49170589447021, "prnt": false}
{"event": "training_step", "timestamp": 1769668006.9880311, "step": 704, "max_steps": 819, "loss": 5.530449867248535, "elapsed_time": 83.598876953125, "prnt": false}
{"event": "training_step", "timestamp": 1769668007.0954287, "step": 705, "max_steps": 819, "loss": 5.567069053649902, "elapsed_time": 83.7061698436737, "prnt": false}
{"event": "training_step", "timestamp": 1769668007.2029657, "step": 706, "max_steps": 819, "loss": 5.588885307312012, "elapsed_time": 83.81378865242004, "prnt": false}
{"event": "training_step", "timestamp": 1769668007.3105178, "step": 707, "max_steps": 819, "loss": 5.476754188537598, "elapsed_time": 83.92121624946594, "prnt": false}
{"event": "training_step", "timestamp": 1769668007.417956, "step": 708, "max_steps": 819, "loss": 5.565763473510742, "elapsed_time": 84.02887773513794, "prnt": false}
{"event": "training_step", "timestamp": 1769668007.5254545, "step": 709, "max_steps": 819, "loss": 5.568593502044678, "elapsed_time": 84.13606286048889, "prnt": false}
{"event": "training_step", "timestamp": 1769668007.6328604, "step": 710, "max_steps": 819, "loss": 5.5808491706848145, "elapsed_time": 84.24355792999268, "prnt": false}
{"event": "training_step", "timestamp": 1769668007.740331, "step": 711, "max_steps": 819, "loss": 5.5831298828125, "elapsed_time": 84.35109257698059, "prnt": false}
{"event": "training_step", "timestamp": 1769668007.8477485, "step": 712, "max_steps": 819, "loss": 5.506263256072998, "elapsed_time": 84.4586570262909, "prnt": false}
{"event": "training_step", "timestamp": 1769668007.9552188, "step": 713, "max_steps": 819, "loss": 5.53021240234375, "elapsed_time": 84.56602358818054, "prnt": false}
{"event": "training_step", "timestamp": 1769668008.0628242, "step": 714, "max_steps": 819, "loss": 5.538258075714111, "elapsed_time": 84.67337608337402, "prnt": false}
{"event": "training_step", "timestamp": 1769668008.1702795, "step": 715, "max_steps": 819, "loss": 5.542182445526123, "elapsed_time": 84.78098249435425, "prnt": false}
{"event": "training_step", "timestamp": 1769668008.2777247, "step": 716, "max_steps": 819, "loss": 5.5267014503479, "elapsed_time": 84.88844633102417, "prnt": false}
{"event": "training_step", "timestamp": 1769668008.3851886, "step": 717, "max_steps": 819, "loss": 5.586447715759277, "elapsed_time": 84.9959044456482, "prnt": false}
{"event": "training_step", "timestamp": 1769668008.4926012, "step": 718, "max_steps": 819, "loss": 5.599154472351074, "elapsed_time": 85.10342144966125, "prnt": false}
{"event": "training_step", "timestamp": 1769668008.6001475, "step": 719, "max_steps": 819, "loss": 5.553328514099121, "elapsed_time": 85.21079611778259, "prnt": false}
{"event": "training_step", "timestamp": 1769668008.7075057, "step": 720, "max_steps": 819, "loss": 5.576584815979004, "elapsed_time": 85.31828260421753, "prnt": false}
{"event": "training_step", "timestamp": 1769668008.8150644, "step": 721, "max_steps": 819, "loss": 5.509085655212402, "elapsed_time": 85.42618560791016, "prnt": false}
{"event": "training_step", "timestamp": 1769668008.922591, "step": 722, "max_steps": 819, "loss": 5.586309909820557, "elapsed_time": 85.53321528434753, "prnt": false}
{"event": "training_step", "timestamp": 1769668009.0300992, "step": 723, "max_steps": 819, "loss": 5.446701526641846, "elapsed_time": 85.64059734344482, "prnt": false}
{"event": "training_step", "timestamp": 1769668009.1375504, "step": 724, "max_steps": 819, "loss": 5.459410667419434, "elapsed_time": 85.74822187423706, "prnt": false}
{"event": "training_step", "timestamp": 1769668009.2450848, "step": 725, "max_steps": 819, "loss": 5.548867225646973, "elapsed_time": 85.85577940940857, "prnt": false}
{"event": "training_step", "timestamp": 1769668009.3525012, "step": 726, "max_steps": 819, "loss": 5.539488315582275, "elapsed_time": 85.963223695755, "prnt": false}
{"event": "training_step", "timestamp": 1769668009.4599428, "step": 727, "max_steps": 819, "loss": 5.534540176391602, "elapsed_time": 86.0705795288086, "prnt": false}
{"event": "training_step", "timestamp": 1769668009.5673616, "step": 728, "max_steps": 819, "loss": 5.557342052459717, "elapsed_time": 86.17814660072327, "prnt": false}
{"event": "training_step", "timestamp": 1769668009.6748095, "step": 729, "max_steps": 819, "loss": 5.40316104888916, "elapsed_time": 86.28560447692871, "prnt": false}
{"event": "training_step", "timestamp": 1769668009.7822602, "step": 730, "max_steps": 819, "loss": 5.556187629699707, "elapsed_time": 86.39295506477356, "prnt": false}
{"event": "training_step", "timestamp": 1769668009.8898473, "step": 731, "max_steps": 819, "loss": 5.501557350158691, "elapsed_time": 86.50038242340088, "prnt": false}
{"event": "training_step", "timestamp": 1769668009.997353, "step": 732, "max_steps": 819, "loss": 5.526019096374512, "elapsed_time": 86.60797095298767, "prnt": false}
{"event": "training_step", "timestamp": 1769668010.1048198, "step": 733, "max_steps": 819, "loss": 5.419016361236572, "elapsed_time": 86.7154049873352, "prnt": false}
{"event": "training_step", "timestamp": 1769668010.2123704, "step": 734, "max_steps": 819, "loss": 5.535793781280518, "elapsed_time": 86.82307648658752, "prnt": false}
{"event": "training_step", "timestamp": 1769668010.3198533, "step": 735, "max_steps": 819, "loss": 5.446310043334961, "elapsed_time": 86.93045854568481, "prnt": false}
{"event": "training_step", "timestamp": 1769668010.4272115, "step": 736, "max_steps": 819, "loss": 5.4415106773376465, "elapsed_time": 87.03791213035583, "prnt": false}
{"event": "training_step", "timestamp": 1769668010.5346677, "step": 737, "max_steps": 819, "loss": 5.611270904541016, "elapsed_time": 87.14535880088806, "prnt": false}
{"event": "training_step", "timestamp": 1769668010.6422293, "step": 738, "max_steps": 819, "loss": 5.5437445640563965, "elapsed_time": 87.25285005569458, "prnt": false}
{"event": "training_step", "timestamp": 1769668010.7497594, "step": 739, "max_steps": 819, "loss": 5.510824680328369, "elapsed_time": 87.36041975021362, "prnt": false}
{"event": "training_step", "timestamp": 1769668010.8574355, "step": 740, "max_steps": 819, "loss": 5.466510772705078, "elapsed_time": 87.46859192848206, "prnt": false}
{"event": "training_step", "timestamp": 1769668010.9649403, "step": 741, "max_steps": 819, "loss": 5.453214168548584, "elapsed_time": 87.57573747634888, "prnt": false}
{"event": "validation_step", "timestamp": 1769668011.3988512, "step": 741, "max_steps": 819, "loss": 1.1270968686371086, "elapsed_time": 87.57573747634888}
{"event": "training_step", "timestamp": 1769668011.5065935, "step": 742, "max_steps": 819, "loss": 5.527241230010986, "elapsed_time": 88.11719942092896, "prnt": false}
{"event": "training_step", "timestamp": 1769668011.6141582, "step": 743, "max_steps": 819, "loss": 5.569900989532471, "elapsed_time": 88.22470569610596, "prnt": false}
{"event": "training_step", "timestamp": 1769668011.7217486, "step": 744, "max_steps": 819, "loss": 5.438948154449463, "elapsed_time": 88.33230972290039, "prnt": false}
{"event": "training_step", "timestamp": 1769668011.829257, "step": 745, "max_steps": 819, "loss": 5.503582954406738, "elapsed_time": 88.4399242401123, "prnt": false}
{"event": "training_step", "timestamp": 1769668011.9366844, "step": 746, "max_steps": 819, "loss": 5.50201940536499, "elapsed_time": 88.54755449295044, "prnt": false}
{"event": "training_step", "timestamp": 1769668012.0441616, "step": 747, "max_steps": 819, "loss": 5.51279354095459, "elapsed_time": 88.6549425125122, "prnt": false}
{"event": "training_step", "timestamp": 1769668012.151611, "step": 748, "max_steps": 819, "loss": 5.5324249267578125, "elapsed_time": 88.76231098175049, "prnt": false}
{"event": "training_step", "timestamp": 1769668012.2591536, "step": 749, "max_steps": 819, "loss": 5.569855213165283, "elapsed_time": 88.86968922615051, "prnt": false}
{"event": "training_step", "timestamp": 1769668012.3665388, "step": 750, "max_steps": 819, "loss": 5.541253089904785, "elapsed_time": 88.97727823257446, "prnt": false}
{"event": "training_step", "timestamp": 1769668012.4739609, "step": 751, "max_steps": 819, "loss": 5.488791465759277, "elapsed_time": 89.08464479446411, "prnt": false}
{"event": "training_step", "timestamp": 1769668012.5814743, "step": 752, "max_steps": 819, "loss": 5.6353912353515625, "elapsed_time": 89.19229078292847, "prnt": false}
{"event": "training_step", "timestamp": 1769668012.6889782, "step": 753, "max_steps": 819, "loss": 5.500275611877441, "elapsed_time": 89.2997510433197, "prnt": false}
{"event": "training_step", "timestamp": 1769668012.7963815, "step": 754, "max_steps": 819, "loss": 5.5836615562438965, "elapsed_time": 89.40723037719727, "prnt": false}
{"event": "training_step", "timestamp": 1769668012.9040968, "step": 755, "max_steps": 819, "loss": 5.617269992828369, "elapsed_time": 89.515065908432, "prnt": false}
{"event": "training_step", "timestamp": 1769668013.0115976, "step": 756, "max_steps": 819, "loss": 5.495204448699951, "elapsed_time": 89.62231779098511, "prnt": false}
{"event": "training_step", "timestamp": 1769668013.119102, "step": 757, "max_steps": 819, "loss": 5.571492671966553, "elapsed_time": 89.72966289520264, "prnt": false}
{"event": "training_step", "timestamp": 1769668013.226491, "step": 758, "max_steps": 819, "loss": 5.467642307281494, "elapsed_time": 89.83728075027466, "prnt": false}
{"event": "training_step", "timestamp": 1769668013.3339863, "step": 759, "max_steps": 819, "loss": 5.552454471588135, "elapsed_time": 89.9449532032013, "prnt": false}
{"event": "training_step", "timestamp": 1769668013.4416103, "step": 760, "max_steps": 819, "loss": 5.5493974685668945, "elapsed_time": 90.0521969795227, "prnt": false}
{"event": "training_step", "timestamp": 1769668013.5491595, "step": 761, "max_steps": 819, "loss": 5.530013084411621, "elapsed_time": 90.15985679626465, "prnt": false}
{"event": "training_step", "timestamp": 1769668013.6566005, "step": 762, "max_steps": 819, "loss": 5.5255446434021, "elapsed_time": 90.26736783981323, "prnt": false}
{"event": "training_step", "timestamp": 1769668013.7643943, "step": 763, "max_steps": 819, "loss": 5.547567367553711, "elapsed_time": 90.37488055229187, "prnt": false}
{"event": "training_step", "timestamp": 1769668013.8718944, "step": 764, "max_steps": 819, "loss": 5.514255046844482, "elapsed_time": 90.48256421089172, "prnt": false}
{"event": "training_step", "timestamp": 1769668013.9793918, "step": 765, "max_steps": 819, "loss": 5.4606475830078125, "elapsed_time": 90.59003567695618, "prnt": false}
{"event": "training_step", "timestamp": 1769668014.0868335, "step": 766, "max_steps": 819, "loss": 5.493185043334961, "elapsed_time": 90.69759011268616, "prnt": false}
{"event": "training_step", "timestamp": 1769668014.1943643, "step": 767, "max_steps": 819, "loss": 5.532370090484619, "elapsed_time": 90.80516982078552, "prnt": false}
{"event": "training_step", "timestamp": 1769668014.3019223, "step": 768, "max_steps": 819, "loss": 5.532832622528076, "elapsed_time": 90.91244864463806, "prnt": false}
{"event": "training_step", "timestamp": 1769668014.409415, "step": 769, "max_steps": 819, "loss": 5.51027774810791, "elapsed_time": 91.020099401474, "prnt": false}
{"event": "training_step", "timestamp": 1769668014.516895, "step": 770, "max_steps": 819, "loss": 5.5852155685424805, "elapsed_time": 91.1274471282959, "prnt": false}
{"event": "training_step", "timestamp": 1769668014.6243873, "step": 771, "max_steps": 819, "loss": 5.545845985412598, "elapsed_time": 91.23493957519531, "prnt": false}
{"event": "training_step", "timestamp": 1769668014.7318997, "step": 772, "max_steps": 819, "loss": 5.514963626861572, "elapsed_time": 91.34259390830994, "prnt": false}
{"event": "training_step", "timestamp": 1769668014.8394668, "step": 773, "max_steps": 819, "loss": 5.436494827270508, "elapsed_time": 91.45033502578735, "prnt": false}
{"event": "training_step", "timestamp": 1769668014.9471266, "step": 774, "max_steps": 819, "loss": 5.478709697723389, "elapsed_time": 91.55809450149536, "prnt": false}
{"event": "training_step", "timestamp": 1769668015.054639, "step": 775, "max_steps": 819, "loss": 5.432040214538574, "elapsed_time": 91.66529893875122, "prnt": false}
{"event": "training_step", "timestamp": 1769668015.1622486, "step": 776, "max_steps": 819, "loss": 5.554208278656006, "elapsed_time": 91.77289581298828, "prnt": false}
{"event": "training_step", "timestamp": 1769668015.269737, "step": 777, "max_steps": 819, "loss": 5.540449619293213, "elapsed_time": 91.88029623031616, "prnt": false}
{"event": "training_step", "timestamp": 1769668015.3772752, "step": 778, "max_steps": 819, "loss": 5.492773056030273, "elapsed_time": 91.98788046836853, "prnt": false}
{"event": "training_step", "timestamp": 1769668015.484728, "step": 779, "max_steps": 819, "loss": 5.478391647338867, "elapsed_time": 92.09513545036316, "prnt": false}
{"event": "training_step", "timestamp": 1769668015.5922148, "step": 780, "max_steps": 819, "loss": 5.434926509857178, "elapsed_time": 92.20275402069092, "prnt": false}
{"event": "validation_step", "timestamp": 1769668016.026186, "step": 780, "max_steps": 819, "loss": 1.1268697585241654, "elapsed_time": 92.20275402069092}
{"event": "training_step", "timestamp": 1769668016.1339757, "step": 781, "max_steps": 819, "loss": 5.5666117668151855, "elapsed_time": 92.74477529525757, "prnt": false}
{"event": "training_step", "timestamp": 1769668016.241628, "step": 782, "max_steps": 819, "loss": 5.492566108703613, "elapsed_time": 92.85213160514832, "prnt": false}
{"event": "training_step", "timestamp": 1769668016.3490982, "step": 783, "max_steps": 819, "loss": 5.498842716217041, "elapsed_time": 92.95961308479309, "prnt": false}
{"event": "training_step", "timestamp": 1769668016.45661, "step": 784, "max_steps": 819, "loss": 5.524035453796387, "elapsed_time": 93.06716561317444, "prnt": false}
{"event": "training_step", "timestamp": 1769668016.5641227, "step": 785, "max_steps": 819, "loss": 5.551030158996582, "elapsed_time": 93.17463183403015, "prnt": false}
{"event": "training_step", "timestamp": 1769668016.67176, "step": 786, "max_steps": 819, "loss": 5.5092973709106445, "elapsed_time": 93.2824079990387, "prnt": false}
{"event": "training_step", "timestamp": 1769668016.7793567, "step": 787, "max_steps": 819, "loss": 5.488699913024902, "elapsed_time": 93.39011430740356, "prnt": false}
{"event": "training_step", "timestamp": 1769668016.8871124, "step": 788, "max_steps": 819, "loss": 5.49471378326416, "elapsed_time": 93.49821138381958, "prnt": false}
{"event": "training_step", "timestamp": 1769668016.9946413, "step": 789, "max_steps": 819, "loss": 5.480930328369141, "elapsed_time": 93.60521101951599, "prnt": false}
{"event": "training_step", "timestamp": 1769668017.1021998, "step": 790, "max_steps": 819, "loss": 5.470827102661133, "elapsed_time": 93.71262526512146, "prnt": false}
{"event": "training_step", "timestamp": 1769668017.2097585, "step": 791, "max_steps": 819, "loss": 5.545969486236572, "elapsed_time": 93.82031178474426, "prnt": false}
{"event": "training_step", "timestamp": 1769668017.3173008, "step": 792, "max_steps": 819, "loss": 5.501063346862793, "elapsed_time": 93.92777109146118, "prnt": false}
{"event": "training_step", "timestamp": 1769668017.424716, "step": 793, "max_steps": 819, "loss": 5.422253608703613, "elapsed_time": 94.03527760505676, "prnt": false}
{"event": "training_step", "timestamp": 1769668017.5322897, "step": 794, "max_steps": 819, "loss": 5.351741313934326, "elapsed_time": 94.14268350601196, "prnt": false}
{"event": "training_step", "timestamp": 1769668017.6397865, "step": 795, "max_steps": 819, "loss": 5.521148681640625, "elapsed_time": 94.25025820732117, "prnt": false}
{"event": "training_step", "timestamp": 1769668017.747427, "step": 796, "max_steps": 819, "loss": 5.432976722717285, "elapsed_time": 94.35784530639648, "prnt": false}
{"event": "training_step", "timestamp": 1769668017.8550546, "step": 797, "max_steps": 819, "loss": 5.614234447479248, "elapsed_time": 94.46591854095459, "prnt": false}
{"event": "training_step", "timestamp": 1769668017.9625807, "step": 798, "max_steps": 819, "loss": 5.45213508605957, "elapsed_time": 94.57306742668152, "prnt": false}
{"event": "training_step", "timestamp": 1769668018.07012, "step": 799, "max_steps": 819, "loss": 5.47907829284668, "elapsed_time": 94.68069744110107, "prnt": false}
{"event": "training_step", "timestamp": 1769668018.1777396, "step": 800, "max_steps": 819, "loss": 5.5109429359436035, "elapsed_time": 94.78840184211731, "prnt": false}
{"event": "training_step", "timestamp": 1769668018.2852826, "step": 801, "max_steps": 819, "loss": 5.541407108306885, "elapsed_time": 94.89574408531189, "prnt": false}
{"event": "training_step", "timestamp": 1769668018.392782, "step": 802, "max_steps": 819, "loss": 5.423323631286621, "elapsed_time": 95.0033278465271, "prnt": false}
{"event": "training_step", "timestamp": 1769668018.5005283, "step": 803, "max_steps": 819, "loss": 5.5414910316467285, "elapsed_time": 95.11067605018616, "prnt": false}
{"event": "training_step", "timestamp": 1769668018.6080592, "step": 804, "max_steps": 819, "loss": 5.5284833908081055, "elapsed_time": 95.2184886932373, "prnt": false}
{"event": "training_step", "timestamp": 1769668018.7157052, "step": 805, "max_steps": 819, "loss": 5.450219631195068, "elapsed_time": 95.32613730430603, "prnt": false}
{"event": "training_step", "timestamp": 1769668018.8232412, "step": 806, "max_steps": 819, "loss": 5.4272260665893555, "elapsed_time": 95.43372559547424, "prnt": false}
{"event": "training_step", "timestamp": 1769668018.930917, "step": 807, "max_steps": 819, "loss": 5.519824028015137, "elapsed_time": 95.54169535636902, "prnt": false}
{"event": "training_step", "timestamp": 1769668019.0384095, "step": 808, "max_steps": 819, "loss": 5.4689130783081055, "elapsed_time": 95.64887976646423, "prnt": false}
{"event": "training_step", "timestamp": 1769668019.1459596, "step": 809, "max_steps": 819, "loss": 5.571737766265869, "elapsed_time": 95.75634098052979, "prnt": false}
{"event": "training_step", "timestamp": 1769668019.25353, "step": 810, "max_steps": 819, "loss": 5.574472904205322, "elapsed_time": 95.86408972740173, "prnt": false}
{"event": "training_step", "timestamp": 1769668019.3611922, "step": 811, "max_steps": 819, "loss": 5.539872169494629, "elapsed_time": 95.97149133682251, "prnt": false}
{"event": "training_step", "timestamp": 1769668019.4686782, "step": 812, "max_steps": 819, "loss": 5.557687282562256, "elapsed_time": 96.07919883728027, "prnt": false}
{"event": "training_step", "timestamp": 1769668019.5762012, "step": 813, "max_steps": 819, "loss": 5.509637832641602, "elapsed_time": 96.18676376342773, "prnt": false}
{"event": "training_step", "timestamp": 1769668019.6836927, "step": 814, "max_steps": 819, "loss": 5.603756904602051, "elapsed_time": 96.29434466362, "prnt": false}
{"event": "training_step", "timestamp": 1769668019.7912917, "step": 815, "max_steps": 819, "loss": 5.509557247161865, "elapsed_time": 96.40188312530518, "prnt": false}
{"event": "training_step", "timestamp": 1769668019.898903, "step": 816, "max_steps": 819, "loss": 5.503594875335693, "elapsed_time": 96.5092236995697, "prnt": false}
{"event": "training_step", "timestamp": 1769668020.0067325, "step": 817, "max_steps": 819, "loss": 5.510077953338623, "elapsed_time": 96.61692810058594, "prnt": false}
{"event": "training_step", "timestamp": 1769668020.1143966, "step": 818, "max_steps": 819, "loss": 5.597297668457031, "elapsed_time": 96.72475910186768, "prnt": false}
{"event": "training_step", "timestamp": 1769668020.2220662, "step": 819, "max_steps": 819, "loss": 5.541930198669434, "elapsed_time": 96.83262610435486, "prnt": false}
{"event": "validation_step", "timestamp": 1769668020.6564014, "step": 819, "max_steps": 819, "loss": 1.12680109085506, "elapsed_time": 96.83262610435486}
